ISO-10303-21;
HEADER;
/* Generated by software containing ST-Developer
 * from STEP Tools, Inc. (www.steptools.com) 
 */

FILE_DESCRIPTION(
/* description */ (''),
/* implementation_level */ '2;1');

FILE_NAME(
/* name */ 'feeder_changed.step',
/* time_stamp */ '2026-05-15T11:20:46+02:00',
/* author */ (''),
/* organization */ (''),
/* preprocessor_version */ 'ST-DEVELOPER v20.1',
/* originating_system */ 'Autodesk Translation Framework v15.8.0.0',
/* authorisation */ '');

FILE_SCHEMA (('AUTOMOTIVE_DESIGN { 1 0 10303 214 3 1 1 }'));
ENDSEC;

DATA;
#10=MECHANICAL_DESIGN_GEOMETRIC_PRESENTATION_REPRESENTATION('',(#13),#2822);
#11=SHAPE_REPRESENTATION_RELATIONSHIP('SRR','None',#2828,#12);
#12=ADVANCED_BREP_SHAPE_REPRESENTATION('',(#14),#2821);
#13=STYLED_ITEM('',(#2838),#14);
#14=MANIFOLD_SOLID_BREP('Corps2',#1770);
#15=CIRCLE('',#1787,0.0015);
#16=CIRCLE('',#1788,0.0015);
#17=CIRCLE('',#1790,0.0015);
#18=CIRCLE('',#1791,0.0015);
#19=CIRCLE('',#1801,0.00315);
#20=CIRCLE('',#1802,0.00315);
#21=CIRCLE('',#1830,0.00175);
#22=CIRCLE('',#1831,0.00175);
#23=CIRCLE('',#1836,0.00175);
#24=CIRCLE('',#1837,0.00175);
#25=CIRCLE('',#1839,0.00315);
#26=CIRCLE('',#1841,0.00175);
#27=CIRCLE('',#1843,0.00315);
#28=CIRCLE('',#1845,0.00175);
#29=CIRCLE('',#1847,0.00175);
#30=CIRCLE('',#1855,0.00175);
#31=CYLINDRICAL_SURFACE('',#1786,0.0015);
#32=CYLINDRICAL_SURFACE('',#1789,0.0015);
#33=CYLINDRICAL_SURFACE('',#1838,0.00315);
#34=CYLINDRICAL_SURFACE('',#1842,0.00315);
#35=CYLINDRICAL_SURFACE('',#1867,0.00175);
#36=CYLINDRICAL_SURFACE('',#1868,0.00175);
#37=CYLINDRICAL_SURFACE('',#1882,0.00175);
#38=CYLINDRICAL_SURFACE('',#1883,0.00175);
#39=FACE_BOUND('',#145,.T.);
#40=FACE_BOUND('',#153,.T.);
#41=FACE_BOUND('',#154,.T.);
#42=FACE_BOUND('',#157,.T.);
#43=FACE_BOUND('',#158,.T.);
#44=FACE_BOUND('',#160,.T.);
#45=FACE_BOUND('',#163,.T.);
#46=FACE_BOUND('',#164,.T.);
#47=FACE_BOUND('',#192,.T.);
#48=FACE_BOUND('',#193,.T.);
#49=FACE_BOUND('',#196,.T.);
#50=FACE_BOUND('',#197,.T.);
#51=FACE_BOUND('',#200,.T.);
#52=FACE_BOUND('',#201,.T.);
#53=FACE_BOUND('',#204,.T.);
#54=FACE_BOUND('',#207,.T.);
#55=FACE_BOUND('',#209,.T.);
#56=FACE_BOUND('',#217,.T.);
#57=FACE_OUTER_BOUND('',#144,.T.);
#58=FACE_OUTER_BOUND('',#146,.T.);
#59=FACE_OUTER_BOUND('',#147,.T.);
#60=FACE_OUTER_BOUND('',#148,.T.);
#61=FACE_OUTER_BOUND('',#149,.T.);
#62=FACE_OUTER_BOUND('',#150,.T.);
#63=FACE_OUTER_BOUND('',#151,.T.);
#64=FACE_OUTER_BOUND('',#152,.T.);
#65=FACE_OUTER_BOUND('',#155,.T.);
#66=FACE_OUTER_BOUND('',#156,.T.);
#67=FACE_OUTER_BOUND('',#159,.T.);
#68=FACE_OUTER_BOUND('',#161,.T.);
#69=FACE_OUTER_BOUND('',#162,.T.);
#70=FACE_OUTER_BOUND('',#165,.T.);
#71=FACE_OUTER_BOUND('',#166,.T.);
#72=FACE_OUTER_BOUND('',#167,.T.);
#73=FACE_OUTER_BOUND('',#168,.T.);
#74=FACE_OUTER_BOUND('',#169,.T.);
#75=FACE_OUTER_BOUND('',#170,.T.);
#76=FACE_OUTER_BOUND('',#171,.T.);
#77=FACE_OUTER_BOUND('',#172,.T.);
#78=FACE_OUTER_BOUND('',#173,.T.);
#79=FACE_OUTER_BOUND('',#174,.T.);
#80=FACE_OUTER_BOUND('',#175,.T.);
#81=FACE_OUTER_BOUND('',#176,.T.);
#82=FACE_OUTER_BOUND('',#177,.T.);
#83=FACE_OUTER_BOUND('',#178,.T.);
#84=FACE_OUTER_BOUND('',#179,.T.);
#85=FACE_OUTER_BOUND('',#180,.T.);
#86=FACE_OUTER_BOUND('',#181,.T.);
#87=FACE_OUTER_BOUND('',#182,.T.);
#88=FACE_OUTER_BOUND('',#183,.T.);
#89=FACE_OUTER_BOUND('',#184,.T.);
#90=FACE_OUTER_BOUND('',#185,.T.);
#91=FACE_OUTER_BOUND('',#186,.T.);
#92=FACE_OUTER_BOUND('',#187,.T.);
#93=FACE_OUTER_BOUND('',#188,.T.);
#94=FACE_OUTER_BOUND('',#189,.T.);
#95=FACE_OUTER_BOUND('',#190,.T.);
#96=FACE_OUTER_BOUND('',#191,.T.);
#97=FACE_OUTER_BOUND('',#194,.T.);
#98=FACE_OUTER_BOUND('',#195,.T.);
#99=FACE_OUTER_BOUND('',#198,.T.);
#100=FACE_OUTER_BOUND('',#199,.T.);
#101=FACE_OUTER_BOUND('',#202,.T.);
#102=FACE_OUTER_BOUND('',#203,.T.);
#103=FACE_OUTER_BOUND('',#205,.T.);
#104=FACE_OUTER_BOUND('',#206,.T.);
#105=FACE_OUTER_BOUND('',#208,.T.);
#106=FACE_OUTER_BOUND('',#210,.T.);
#107=FACE_OUTER_BOUND('',#211,.T.);
#108=FACE_OUTER_BOUND('',#212,.T.);
#109=FACE_OUTER_BOUND('',#213,.T.);
#110=FACE_OUTER_BOUND('',#214,.T.);
#111=FACE_OUTER_BOUND('',#215,.T.);
#112=FACE_OUTER_BOUND('',#216,.T.);
#113=FACE_OUTER_BOUND('',#218,.T.);
#114=FACE_OUTER_BOUND('',#219,.T.);
#115=FACE_OUTER_BOUND('',#220,.T.);
#116=FACE_OUTER_BOUND('',#221,.T.);
#117=FACE_OUTER_BOUND('',#222,.T.);
#118=FACE_OUTER_BOUND('',#223,.T.);
#119=FACE_OUTER_BOUND('',#224,.T.);
#120=FACE_OUTER_BOUND('',#225,.T.);
#121=FACE_OUTER_BOUND('',#226,.T.);
#122=FACE_OUTER_BOUND('',#227,.T.);
#123=FACE_OUTER_BOUND('',#228,.T.);
#124=FACE_OUTER_BOUND('',#229,.T.);
#125=FACE_OUTER_BOUND('',#230,.T.);
#126=FACE_OUTER_BOUND('',#231,.T.);
#127=FACE_OUTER_BOUND('',#232,.T.);
#128=FACE_OUTER_BOUND('',#233,.T.);
#129=FACE_OUTER_BOUND('',#234,.T.);
#130=FACE_OUTER_BOUND('',#235,.T.);
#131=FACE_OUTER_BOUND('',#236,.T.);
#132=FACE_OUTER_BOUND('',#237,.T.);
#133=FACE_OUTER_BOUND('',#238,.T.);
#134=FACE_OUTER_BOUND('',#239,.T.);
#135=FACE_OUTER_BOUND('',#240,.T.);
#136=FACE_OUTER_BOUND('',#241,.T.);
#137=FACE_OUTER_BOUND('',#242,.T.);
#138=FACE_OUTER_BOUND('',#243,.T.);
#139=FACE_OUTER_BOUND('',#244,.T.);
#140=FACE_OUTER_BOUND('',#245,.T.);
#141=FACE_OUTER_BOUND('',#246,.T.);
#142=FACE_OUTER_BOUND('',#247,.T.);
#143=FACE_OUTER_BOUND('',#248,.T.);
#144=EDGE_LOOP('',(#1114,#1115,#1116,#1117,#1118));
#145=EDGE_LOOP('',(#1119,#1120,#1121,#1122));
#146=EDGE_LOOP('',(#1123,#1124,#1125,#1126));
#147=EDGE_LOOP('',(#1127,#1128,#1129,#1130));
#148=EDGE_LOOP('',(#1131,#1132,#1133,#1134));
#149=EDGE_LOOP('',(#1135,#1136,#1137,#1138));
#150=EDGE_LOOP('',(#1139,#1140,#1141,#1142));
#151=EDGE_LOOP('',(#1143,#1144,#1145,#1146));
#152=EDGE_LOOP('',(#1147,#1148,#1149,#1150));
#153=EDGE_LOOP('',(#1151));
#154=EDGE_LOOP('',(#1152));
#155=EDGE_LOOP('',(#1153,#1154,#1155,#1156));
#156=EDGE_LOOP('',(#1157,#1158,#1159,#1160));
#157=EDGE_LOOP('',(#1161));
#158=EDGE_LOOP('',(#1162));
#159=EDGE_LOOP('',(#1163,#1164,#1165,#1166,#1167));
#160=EDGE_LOOP('',(#1168,#1169,#1170,#1171));
#161=EDGE_LOOP('',(#1172,#1173,#1174,#1175,#1176,#1177,#1178,#1179));
#162=EDGE_LOOP('',(#1180,#1181,#1182,#1183,#1184,#1185,#1186,#1187,#1188,
#1189,#1190,#1191,#1192));
#163=EDGE_LOOP('',(#1193));
#164=EDGE_LOOP('',(#1194));
#165=EDGE_LOOP('',(#1195,#1196,#1197,#1198,#1199,#1200));
#166=EDGE_LOOP('',(#1201,#1202,#1203,#1204,#1205,#1206));
#167=EDGE_LOOP('',(#1207,#1208,#1209,#1210));
#168=EDGE_LOOP('',(#1211,#1212,#1213,#1214,#1215,#1216,#1217,#1218,#1219));
#169=EDGE_LOOP('',(#1220,#1221,#1222,#1223));
#170=EDGE_LOOP('',(#1224,#1225,#1226,#1227));
#171=EDGE_LOOP('',(#1228,#1229,#1230,#1231));
#172=EDGE_LOOP('',(#1232,#1233,#1234,#1235));
#173=EDGE_LOOP('',(#1236,#1237,#1238,#1239));
#174=EDGE_LOOP('',(#1240,#1241,#1242,#1243));
#175=EDGE_LOOP('',(#1244,#1245,#1246,#1247,#1248,#1249));
#176=EDGE_LOOP('',(#1250,#1251,#1252,#1253));
#177=EDGE_LOOP('',(#1254,#1255,#1256,#1257));
#178=EDGE_LOOP('',(#1258,#1259,#1260,#1261,#1262,#1263,#1264,#1265));
#179=EDGE_LOOP('',(#1266,#1267,#1268,#1269,#1270,#1271,#1272,#1273));
#180=EDGE_LOOP('',(#1274,#1275,#1276,#1277,#1278,#1279));
#181=EDGE_LOOP('',(#1280,#1281,#1282,#1283,#1284,#1285));
#182=EDGE_LOOP('',(#1286,#1287,#1288,#1289,#1290,#1291,#1292,#1293,#1294,
#1295));
#183=EDGE_LOOP('',(#1296,#1297,#1298,#1299));
#184=EDGE_LOOP('',(#1300,#1301,#1302,#1303,#1304,#1305));
#185=EDGE_LOOP('',(#1306,#1307,#1308,#1309));
#186=EDGE_LOOP('',(#1310,#1311,#1312,#1313));
#187=EDGE_LOOP('',(#1314,#1315,#1316,#1317));
#188=EDGE_LOOP('',(#1318,#1319,#1320,#1321));
#189=EDGE_LOOP('',(#1322,#1323,#1324,#1325,#1326,#1327));
#190=EDGE_LOOP('',(#1328,#1329,#1330,#1331));
#191=EDGE_LOOP('',(#1332,#1333,#1334,#1335,#1336,#1337,#1338));
#192=EDGE_LOOP('',(#1339));
#193=EDGE_LOOP('',(#1340));
#194=EDGE_LOOP('',(#1341,#1342,#1343,#1344));
#195=EDGE_LOOP('',(#1345,#1346,#1347,#1348,#1349,#1350,#1351,#1352,#1353,
#1354,#1355,#1356,#1357,#1358,#1359,#1360,#1361));
#196=EDGE_LOOP('',(#1362,#1363,#1364,#1365,#1366,#1367));
#197=EDGE_LOOP('',(#1368,#1369,#1370,#1371,#1372,#1373));
#198=EDGE_LOOP('',(#1374,#1375,#1376,#1377,#1378,#1379));
#199=EDGE_LOOP('',(#1380,#1381,#1382,#1383,#1384,#1385,#1386,#1387,#1388));
#200=EDGE_LOOP('',(#1389));
#201=EDGE_LOOP('',(#1390));
#202=EDGE_LOOP('',(#1391,#1392,#1393,#1394));
#203=EDGE_LOOP('',(#1395));
#204=EDGE_LOOP('',(#1396));
#205=EDGE_LOOP('',(#1397,#1398,#1399,#1400));
#206=EDGE_LOOP('',(#1401));
#207=EDGE_LOOP('',(#1402));
#208=EDGE_LOOP('',(#1403,#1404,#1405,#1406,#1407,#1408));
#209=EDGE_LOOP('',(#1409));
#210=EDGE_LOOP('',(#1410,#1411,#1412,#1413));
#211=EDGE_LOOP('',(#1414,#1415,#1416,#1417));
#212=EDGE_LOOP('',(#1418,#1419,#1420,#1421));
#213=EDGE_LOOP('',(#1422,#1423,#1424,#1425));
#214=EDGE_LOOP('',(#1426,#1427,#1428,#1429));
#215=EDGE_LOOP('',(#1430,#1431,#1432,#1433));
#216=EDGE_LOOP('',(#1434,#1435,#1436,#1437,#1438,#1439));
#217=EDGE_LOOP('',(#1440));
#218=EDGE_LOOP('',(#1441,#1442,#1443,#1444));
#219=EDGE_LOOP('',(#1445,#1446,#1447,#1448));
#220=EDGE_LOOP('',(#1449,#1450,#1451,#1452));
#221=EDGE_LOOP('',(#1453,#1454,#1455,#1456));
#222=EDGE_LOOP('',(#1457,#1458,#1459,#1460));
#223=EDGE_LOOP('',(#1461,#1462,#1463,#1464));
#224=EDGE_LOOP('',(#1465,#1466,#1467,#1468,#1469,#1470));
#225=EDGE_LOOP('',(#1471,#1472,#1473,#1474));
#226=EDGE_LOOP('',(#1475,#1476,#1477,#1478));
#227=EDGE_LOOP('',(#1479,#1480,#1481,#1482));
#228=EDGE_LOOP('',(#1483,#1484,#1485,#1486));
#229=EDGE_LOOP('',(#1487,#1488,#1489,#1490));
#230=EDGE_LOOP('',(#1491,#1492,#1493,#1494));
#231=EDGE_LOOP('',(#1495,#1496,#1497,#1498));
#232=EDGE_LOOP('',(#1499,#1500,#1501,#1502));
#233=EDGE_LOOP('',(#1503,#1504,#1505,#1506));
#234=EDGE_LOOP('',(#1507,#1508,#1509,#1510));
#235=EDGE_LOOP('',(#1511,#1512,#1513,#1514,#1515,#1516,#1517,#1518,#1519,
#1520));
#236=EDGE_LOOP('',(#1521,#1522,#1523,#1524,#1525));
#237=EDGE_LOOP('',(#1526,#1527,#1528,#1529));
#238=EDGE_LOOP('',(#1530,#1531,#1532,#1533,#1534));
#239=EDGE_LOOP('',(#1535,#1536,#1537,#1538,#1539,#1540,#1541,#1542,#1543,
#1544,#1545));
#240=EDGE_LOOP('',(#1546,#1547,#1548,#1549));
#241=EDGE_LOOP('',(#1550,#1551,#1552,#1553,#1554,#1555,#1556,#1557,#1558));
#242=EDGE_LOOP('',(#1559,#1560,#1561,#1562));
#243=EDGE_LOOP('',(#1563,#1564,#1565,#1566,#1567,#1568,#1569,#1570));
#244=EDGE_LOOP('',(#1571,#1572,#1573,#1574));
#245=EDGE_LOOP('',(#1575,#1576,#1577,#1578));
#246=EDGE_LOOP('',(#1579,#1580,#1581,#1582,#1583,#1584,#1585,#1586,#1587,
#1588,#1589,#1590));
#247=EDGE_LOOP('',(#1591,#1592,#1593,#1594));
#248=EDGE_LOOP('',(#1595,#1596,#1597,#1598,#1599,#1600,#1601,#1602,#1603));
#249=LINE('',#2328,#478);
#250=LINE('',#2330,#479);
#251=LINE('',#2332,#480);
#252=LINE('',#2334,#481);
#253=LINE('',#2335,#482);
#254=LINE('',#2338,#483);
#255=LINE('',#2340,#484);
#256=LINE('',#2342,#485);
#257=LINE('',#2343,#486);
#258=LINE('',#2346,#487);
#259=LINE('',#2348,#488);
#260=LINE('',#2349,#489);
#261=LINE('',#2354,#490);
#262=LINE('',#2360,#491);
#263=LINE('',#2364,#492);
#264=LINE('',#2366,#493);
#265=LINE('',#2367,#494);
#266=LINE('',#2370,#495);
#267=LINE('',#2371,#496);
#268=LINE('',#2374,#497);
#269=LINE('',#2375,#498);
#270=LINE('',#2377,#499);
#271=LINE('',#2380,#500);
#272=LINE('',#2382,#501);
#273=LINE('',#2383,#502);
#274=LINE('',#2385,#503);
#275=LINE('',#2388,#504);
#276=LINE('',#2389,#505);
#277=LINE('',#2392,#506);
#278=LINE('',#2394,#507);
#279=LINE('',#2396,#508);
#280=LINE('',#2398,#509);
#281=LINE('',#2399,#510);
#282=LINE('',#2402,#511);
#283=LINE('',#2404,#512);
#284=LINE('',#2406,#513);
#285=LINE('',#2408,#514);
#286=LINE('',#2410,#515);
#287=LINE('',#2412,#516);
#288=LINE('',#2414,#517);
#289=LINE('',#2416,#518);
#290=LINE('',#2418,#519);
#291=LINE('',#2420,#520);
#292=LINE('',#2422,#521);
#293=LINE('',#2423,#522);
#294=LINE('',#2430,#523);
#295=LINE('',#2432,#524);
#296=LINE('',#2434,#525);
#297=LINE('',#2435,#526);
#298=LINE('',#2439,#527);
#299=LINE('',#2441,#528);
#300=LINE('',#2443,#529);
#301=LINE('',#2445,#530);
#302=LINE('',#2447,#531);
#303=LINE('',#2448,#532);
#304=LINE('',#2451,#533);
#305=LINE('',#2453,#534);
#306=LINE('',#2454,#535);
#307=LINE('',#2457,#536);
#308=LINE('',#2459,#537);
#309=LINE('',#2461,#538);
#310=LINE('',#2463,#539);
#311=LINE('',#2465,#540);
#312=LINE('',#2467,#541);
#313=LINE('',#2468,#542);
#314=LINE('',#2471,#543);
#315=LINE('',#2472,#544);
#316=LINE('',#2476,#545);
#317=LINE('',#2478,#546);
#318=LINE('',#2480,#547);
#319=LINE('',#2481,#548);
#320=LINE('',#2484,#549);
#321=LINE('',#2486,#550);
#322=LINE('',#2487,#551);
#323=LINE('',#2490,#552);
#324=LINE('',#2492,#553);
#325=LINE('',#2493,#554);
#326=LINE('',#2497,#555);
#327=LINE('',#2499,#556);
#328=LINE('',#2501,#557);
#329=LINE('',#2502,#558);
#330=LINE('',#2505,#559);
#331=LINE('',#2507,#560);
#332=LINE('',#2508,#561);
#333=LINE('',#2511,#562);
#334=LINE('',#2513,#563);
#335=LINE('',#2515,#564);
#336=LINE('',#2517,#565);
#337=LINE('',#2518,#566);
#338=LINE('',#2521,#567);
#339=LINE('',#2523,#568);
#340=LINE('',#2524,#569);
#341=LINE('',#2526,#570);
#342=LINE('',#2527,#571);
#343=LINE('',#2530,#572);
#344=LINE('',#2532,#573);
#345=LINE('',#2533,#574);
#346=LINE('',#2534,#575);
#347=LINE('',#2537,#576);
#348=LINE('',#2539,#577);
#349=LINE('',#2540,#578);
#350=LINE('',#2543,#579);
#351=LINE('',#2545,#580);
#352=LINE('',#2547,#581);
#353=LINE('',#2548,#582);
#354=LINE('',#2552,#583);
#355=LINE('',#2553,#584);
#356=LINE('',#2554,#585);
#357=LINE('',#2556,#586);
#358=LINE('',#2558,#587);
#359=LINE('',#2560,#588);
#360=LINE('',#2562,#589);
#361=LINE('',#2564,#590);
#362=LINE('',#2566,#591);
#363=LINE('',#2567,#592);
#364=LINE('',#2570,#593);
#365=LINE('',#2571,#594);
#366=LINE('',#2573,#595);
#367=LINE('',#2574,#596);
#368=LINE('',#2576,#597);
#369=LINE('',#2579,#598);
#370=LINE('',#2581,#599);
#371=LINE('',#2582,#600);
#372=LINE('',#2584,#601);
#373=LINE('',#2586,#602);
#374=LINE('',#2589,#603);
#375=LINE('',#2590,#604);
#376=LINE('',#2592,#605);
#377=LINE('',#2595,#606);
#378=LINE('',#2597,#607);
#379=LINE('',#2599,#608);
#380=LINE('',#2601,#609);
#381=LINE('',#2603,#610);
#382=LINE('',#2604,#611);
#383=LINE('',#2611,#612);
#384=LINE('',#2612,#613);
#385=LINE('',#2615,#614);
#386=LINE('',#2617,#615);
#387=LINE('',#2619,#616);
#388=LINE('',#2621,#617);
#389=LINE('',#2622,#618);
#390=LINE('',#2623,#619);
#391=LINE('',#2626,#620);
#392=LINE('',#2628,#621);
#393=LINE('',#2630,#622);
#394=LINE('',#2632,#623);
#395=LINE('',#2634,#624);
#396=LINE('',#2635,#625);
#397=LINE('',#2638,#626);
#398=LINE('',#2640,#627);
#399=LINE('',#2642,#628);
#400=LINE('',#2644,#629);
#401=LINE('',#2646,#630);
#402=LINE('',#2647,#631);
#403=LINE('',#2650,#632);
#404=LINE('',#2651,#633);
#405=LINE('',#2654,#634);
#406=LINE('',#2656,#635);
#407=LINE('',#2658,#636);
#408=LINE('',#2660,#637);
#409=LINE('',#2662,#638);
#410=LINE('',#2664,#639);
#411=LINE('',#2665,#640);
#412=LINE('',#2673,#641);
#413=LINE('',#2680,#642);
#414=LINE('',#2687,#643);
#415=LINE('',#2689,#644);
#416=LINE('',#2691,#645);
#417=LINE('',#2693,#646);
#418=LINE('',#2695,#647);
#419=LINE('',#2696,#648);
#420=LINE('',#2700,#649);
#421=LINE('',#2701,#650);
#422=LINE('',#2703,#651);
#423=LINE('',#2705,#652);
#424=LINE('',#2707,#653);
#425=LINE('',#2709,#654);
#426=LINE('',#2714,#655);
#427=LINE('',#2716,#656);
#428=LINE('',#2718,#657);
#429=LINE('',#2720,#658);
#430=LINE('',#2722,#659);
#431=LINE('',#2723,#660);
#432=LINE('',#2727,#661);
#433=LINE('',#2728,#662);
#434=LINE('',#2730,#663);
#435=LINE('',#2732,#664);
#436=LINE('',#2734,#665);
#437=LINE('',#2736,#666);
#438=LINE('',#2741,#667);
#439=LINE('',#2743,#668);
#440=LINE('',#2745,#669);
#441=LINE('',#2746,#670);
#442=LINE('',#2747,#671);
#443=LINE('',#2751,#672);
#444=LINE('',#2752,#673);
#445=LINE('',#2753,#674);
#446=LINE('',#2756,#675);
#447=LINE('',#2757,#676);
#448=LINE('',#2759,#677);
#449=LINE('',#2762,#678);
#450=LINE('',#2763,#679);
#451=LINE('',#2765,#680);
#452=LINE('',#2767,#681);
#453=LINE('',#2769,#682);
#454=LINE('',#2770,#683);
#455=LINE('',#2772,#684);
#456=LINE('',#2774,#685);
#457=LINE('',#2775,#686);
#458=LINE('',#2777,#687);
#459=LINE('',#2781,#688);
#460=LINE('',#2782,#689);
#461=LINE('',#2783,#690);
#462=LINE('',#2786,#691);
#463=LINE('',#2787,#692);
#464=LINE('',#2788,#693);
#465=LINE('',#2791,#694);
#466=LINE('',#2792,#695);
#467=LINE('',#2795,#696);
#468=LINE('',#2797,#697);
#469=LINE('',#2798,#698);
#470=LINE('',#2801,#699);
#471=LINE('',#2802,#700);
#472=LINE('',#2807,#701);
#473=LINE('',#2809,#702);
#474=LINE('',#2810,#703);
#475=LINE('',#2812,#704);
#476=LINE('',#2814,#705);
#477=LINE('',#2817,#706);
#478=VECTOR('',#1891,0.01);
#479=VECTOR('',#1892,0.01);
#480=VECTOR('',#1893,0.01);
#481=VECTOR('',#1894,0.01);
#482=VECTOR('',#1895,0.01);
#483=VECTOR('',#1896,0.01);
#484=VECTOR('',#1897,0.01);
#485=VECTOR('',#1898,0.01);
#486=VECTOR('',#1899,0.01);
#487=VECTOR('',#1902,0.01);
#488=VECTOR('',#1903,0.01);
#489=VECTOR('',#1904,0.01);
#490=VECTOR('',#1909,0.0015);
#491=VECTOR('',#1916,0.0015);
#492=VECTOR('',#1921,0.01);
#493=VECTOR('',#1922,0.01);
#494=VECTOR('',#1923,0.01);
#495=VECTOR('',#1926,0.01);
#496=VECTOR('',#1927,0.01);
#497=VECTOR('',#1930,0.01);
#498=VECTOR('',#1931,0.01);
#499=VECTOR('',#1934,0.01);
#500=VECTOR('',#1937,0.01);
#501=VECTOR('',#1938,0.01);
#502=VECTOR('',#1939,0.01);
#503=VECTOR('',#1942,0.01);
#504=VECTOR('',#1945,0.01);
#505=VECTOR('',#1946,0.01);
#506=VECTOR('',#1949,0.01);
#507=VECTOR('',#1950,0.01);
#508=VECTOR('',#1951,0.01);
#509=VECTOR('',#1952,0.01);
#510=VECTOR('',#1953,0.01);
#511=VECTOR('',#1956,1.);
#512=VECTOR('',#1957,1.);
#513=VECTOR('',#1958,1.);
#514=VECTOR('',#1959,1.);
#515=VECTOR('',#1960,1.);
#516=VECTOR('',#1961,1.);
#517=VECTOR('',#1962,1.);
#518=VECTOR('',#1963,1.);
#519=VECTOR('',#1964,1.);
#520=VECTOR('',#1965,1.);
#521=VECTOR('',#1966,1.);
#522=VECTOR('',#1967,1.);
#523=VECTOR('',#1974,1.);
#524=VECTOR('',#1975,1.);
#525=VECTOR('',#1976,1.);
#526=VECTOR('',#1977,1.);
#527=VECTOR('',#1980,0.01);
#528=VECTOR('',#1981,0.01);
#529=VECTOR('',#1982,0.01);
#530=VECTOR('',#1983,0.01);
#531=VECTOR('',#1984,0.01);
#532=VECTOR('',#1985,0.01);
#533=VECTOR('',#1988,1.);
#534=VECTOR('',#1989,1.);
#535=VECTOR('',#1990,1.);
#536=VECTOR('',#1993,1.);
#537=VECTOR('',#1994,1.);
#538=VECTOR('',#1995,1.);
#539=VECTOR('',#1996,1.);
#540=VECTOR('',#1997,1.);
#541=VECTOR('',#1998,1.);
#542=VECTOR('',#1999,1.);
#543=VECTOR('',#2002,1.);
#544=VECTOR('',#2003,1.);
#545=VECTOR('',#2006,1.);
#546=VECTOR('',#2007,1.);
#547=VECTOR('',#2008,1.);
#548=VECTOR('',#2009,1.);
#549=VECTOR('',#2012,1.);
#550=VECTOR('',#2013,1.);
#551=VECTOR('',#2014,1.);
#552=VECTOR('',#2017,1.);
#553=VECTOR('',#2018,1.);
#554=VECTOR('',#2019,1.);
#555=VECTOR('',#2022,1.);
#556=VECTOR('',#2023,1.);
#557=VECTOR('',#2024,1.);
#558=VECTOR('',#2025,1.);
#559=VECTOR('',#2028,1.);
#560=VECTOR('',#2029,1.);
#561=VECTOR('',#2030,1.);
#562=VECTOR('',#2033,1.);
#563=VECTOR('',#2034,1.);
#564=VECTOR('',#2035,1.);
#565=VECTOR('',#2036,0.999999999999999);
#566=VECTOR('',#2037,1.);
#567=VECTOR('',#2040,1.);
#568=VECTOR('',#2041,1.);
#569=VECTOR('',#2042,1.);
#570=VECTOR('',#2045,1.);
#571=VECTOR('',#2046,1.);
#572=VECTOR('',#2049,1.);
#573=VECTOR('',#2050,1.);
#574=VECTOR('',#2051,1.);
#575=VECTOR('',#2052,1.);
#576=VECTOR('',#2055,1.);
#577=VECTOR('',#2056,1.);
#578=VECTOR('',#2057,1.);
#579=VECTOR('',#2060,1.);
#580=VECTOR('',#2061,1.);
#581=VECTOR('',#2062,1.);
#582=VECTOR('',#2063,1.);
#583=VECTOR('',#2066,1.);
#584=VECTOR('',#2067,1.);
#585=VECTOR('',#2068,1.);
#586=VECTOR('',#2071,1.);
#587=VECTOR('',#2072,1.);
#588=VECTOR('',#2073,1.);
#589=VECTOR('',#2074,1.);
#590=VECTOR('',#2075,1.);
#591=VECTOR('',#2076,1.);
#592=VECTOR('',#2077,1.);
#593=VECTOR('',#2080,1.);
#594=VECTOR('',#2081,1.);
#595=VECTOR('',#2084,1.);
#596=VECTOR('',#2085,1.);
#597=VECTOR('',#2088,1.);
#598=VECTOR('',#2091,1.);
#599=VECTOR('',#2092,1.);
#600=VECTOR('',#2093,1.);
#601=VECTOR('',#2096,1.);
#602=VECTOR('',#2099,1.);
#603=VECTOR('',#2102,1.);
#604=VECTOR('',#2103,1.);
#605=VECTOR('',#2106,1.);
#606=VECTOR('',#2109,1.);
#607=VECTOR('',#2110,1.);
#608=VECTOR('',#2111,1.);
#609=VECTOR('',#2112,1.);
#610=VECTOR('',#2113,1.);
#611=VECTOR('',#2114,1.);
#612=VECTOR('',#2121,1.);
#613=VECTOR('',#2122,1.);
#614=VECTOR('',#2125,1.);
#615=VECTOR('',#2126,1.);
#616=VECTOR('',#2127,1.);
#617=VECTOR('',#2128,1.);
#618=VECTOR('',#2129,1.);
#619=VECTOR('',#2130,1.);
#620=VECTOR('',#2131,1.);
#621=VECTOR('',#2132,1.);
#622=VECTOR('',#2133,1.);
#623=VECTOR('',#2134,1.);
#624=VECTOR('',#2135,1.);
#625=VECTOR('',#2136,1.);
#626=VECTOR('',#2137,1.);
#627=VECTOR('',#2138,1.);
#628=VECTOR('',#2139,1.);
#629=VECTOR('',#2140,1.);
#630=VECTOR('',#2141,1.);
#631=VECTOR('',#2142,1.);
#632=VECTOR('',#2145,1.);
#633=VECTOR('',#2146,1.);
#634=VECTOR('',#2149,1.);
#635=VECTOR('',#2150,1.);
#636=VECTOR('',#2151,1.);
#637=VECTOR('',#2152,1.);
#638=VECTOR('',#2153,1.);
#639=VECTOR('',#2154,1.);
#640=VECTOR('',#2155,1.);
#641=VECTOR('',#2164,0.00315);
#642=VECTOR('',#2173,0.00315);
#643=VECTOR('',#2180,1.);
#644=VECTOR('',#2181,1.);
#645=VECTOR('',#2182,1.);
#646=VECTOR('',#2183,1.);
#647=VECTOR('',#2184,1.);
#648=VECTOR('',#2185,1.);
#649=VECTOR('',#2190,1.);
#650=VECTOR('',#2191,1.);
#651=VECTOR('',#2194,1.);
#652=VECTOR('',#2197,1.);
#653=VECTOR('',#2200,1.);
#654=VECTOR('',#2203,1.);
#655=VECTOR('',#2208,1.);
#656=VECTOR('',#2209,1.);
#657=VECTOR('',#2210,1.);
#658=VECTOR('',#2211,1.);
#659=VECTOR('',#2212,1.);
#660=VECTOR('',#2213,1.);
#661=VECTOR('',#2218,1.);
#662=VECTOR('',#2219,1.);
#663=VECTOR('',#2222,1.);
#664=VECTOR('',#2225,1.);
#665=VECTOR('',#2228,1.);
#666=VECTOR('',#2231,1.);
#667=VECTOR('',#2236,1.);
#668=VECTOR('',#2237,1.);
#669=VECTOR('',#2238,1.);
#670=VECTOR('',#2239,1.);
#671=VECTOR('',#2240,1.);
#672=VECTOR('',#2243,1.);
#673=VECTOR('',#2244,1.);
#674=VECTOR('',#2245,1.);
#675=VECTOR('',#2248,1.);
#676=VECTOR('',#2249,1.);
#677=VECTOR('',#2252,1.);
#678=VECTOR('',#2255,1.);
#679=VECTOR('',#2256,1.);
#680=VECTOR('',#2259,0.00175);
#681=VECTOR('',#2262,0.00175);
#682=VECTOR('',#2265,1.);
#683=VECTOR('',#2266,1.);
#684=VECTOR('',#2269,1.);
#685=VECTOR('',#2272,1.);
#686=VECTOR('',#2273,1.);
#687=VECTOR('',#2276,1.);
#688=VECTOR('',#2279,1.);
#689=VECTOR('',#2280,1.);
#690=VECTOR('',#2281,1.);
#691=VECTOR('',#2284,1.);
#692=VECTOR('',#2285,1.);
#693=VECTOR('',#2286,1.);
#694=VECTOR('',#2289,1.);
#695=VECTOR('',#2290,1.);
#696=VECTOR('',#2293,1.);
#697=VECTOR('',#2294,1.);
#698=VECTOR('',#2295,1.);
#699=VECTOR('',#2298,1.);
#700=VECTOR('',#2299,1.);
#701=VECTOR('',#2308,1.);
#702=VECTOR('',#2309,1.);
#703=VECTOR('',#2310,1.);
#704=VECTOR('',#2313,0.00175);
#705=VECTOR('',#2316,0.00175);
#706=VECTOR('',#2321,1.);
#707=VERTEX_POINT('',#2326);
#708=VERTEX_POINT('',#2327);
#709=VERTEX_POINT('',#2329);
#710=VERTEX_POINT('',#2331);
#711=VERTEX_POINT('',#2333);
#712=VERTEX_POINT('',#2336);
#713=VERTEX_POINT('',#2337);
#714=VERTEX_POINT('',#2339);
#715=VERTEX_POINT('',#2341);
#716=VERTEX_POINT('',#2345);
#717=VERTEX_POINT('',#2347);
#718=VERTEX_POINT('',#2351);
#719=VERTEX_POINT('',#2353);
#720=VERTEX_POINT('',#2357);
#721=VERTEX_POINT('',#2359);
#722=VERTEX_POINT('',#2363);
#723=VERTEX_POINT('',#2365);
#724=VERTEX_POINT('',#2369);
#725=VERTEX_POINT('',#2373);
#726=VERTEX_POINT('',#2379);
#727=VERTEX_POINT('',#2381);
#728=VERTEX_POINT('',#2387);
#729=VERTEX_POINT('',#2391);
#730=VERTEX_POINT('',#2393);
#731=VERTEX_POINT('',#2395);
#732=VERTEX_POINT('',#2397);
#733=VERTEX_POINT('',#2401);
#734=VERTEX_POINT('',#2403);
#735=VERTEX_POINT('',#2405);
#736=VERTEX_POINT('',#2407);
#737=VERTEX_POINT('',#2409);
#738=VERTEX_POINT('',#2411);
#739=VERTEX_POINT('',#2413);
#740=VERTEX_POINT('',#2415);
#741=VERTEX_POINT('',#2417);
#742=VERTEX_POINT('',#2419);
#743=VERTEX_POINT('',#2421);
#744=VERTEX_POINT('',#2424);
#745=VERTEX_POINT('',#2426);
#746=VERTEX_POINT('',#2429);
#747=VERTEX_POINT('',#2431);
#748=VERTEX_POINT('',#2433);
#749=VERTEX_POINT('',#2437);
#750=VERTEX_POINT('',#2438);
#751=VERTEX_POINT('',#2440);
#752=VERTEX_POINT('',#2442);
#753=VERTEX_POINT('',#2444);
#754=VERTEX_POINT('',#2446);
#755=VERTEX_POINT('',#2450);
#756=VERTEX_POINT('',#2452);
#757=VERTEX_POINT('',#2456);
#758=VERTEX_POINT('',#2458);
#759=VERTEX_POINT('',#2460);
#760=VERTEX_POINT('',#2462);
#761=VERTEX_POINT('',#2464);
#762=VERTEX_POINT('',#2466);
#763=VERTEX_POINT('',#2470);
#764=VERTEX_POINT('',#2474);
#765=VERTEX_POINT('',#2475);
#766=VERTEX_POINT('',#2477);
#767=VERTEX_POINT('',#2479);
#768=VERTEX_POINT('',#2483);
#769=VERTEX_POINT('',#2485);
#770=VERTEX_POINT('',#2489);
#771=VERTEX_POINT('',#2491);
#772=VERTEX_POINT('',#2495);
#773=VERTEX_POINT('',#2496);
#774=VERTEX_POINT('',#2498);
#775=VERTEX_POINT('',#2500);
#776=VERTEX_POINT('',#2504);
#777=VERTEX_POINT('',#2506);
#778=VERTEX_POINT('',#2510);
#779=VERTEX_POINT('',#2512);
#780=VERTEX_POINT('',#2514);
#781=VERTEX_POINT('',#2516);
#782=VERTEX_POINT('',#2520);
#783=VERTEX_POINT('',#2522);
#784=VERTEX_POINT('',#2529);
#785=VERTEX_POINT('',#2531);
#786=VERTEX_POINT('',#2536);
#787=VERTEX_POINT('',#2538);
#788=VERTEX_POINT('',#2542);
#789=VERTEX_POINT('',#2544);
#790=VERTEX_POINT('',#2546);
#791=VERTEX_POINT('',#2550);
#792=VERTEX_POINT('',#2551);
#793=VERTEX_POINT('',#2557);
#794=VERTEX_POINT('',#2559);
#795=VERTEX_POINT('',#2561);
#796=VERTEX_POINT('',#2563);
#797=VERTEX_POINT('',#2565);
#798=VERTEX_POINT('',#2569);
#799=VERTEX_POINT('',#2578);
#800=VERTEX_POINT('',#2580);
#801=VERTEX_POINT('',#2588);
#802=VERTEX_POINT('',#2594);
#803=VERTEX_POINT('',#2596);
#804=VERTEX_POINT('',#2598);
#805=VERTEX_POINT('',#2600);
#806=VERTEX_POINT('',#2602);
#807=VERTEX_POINT('',#2605);
#808=VERTEX_POINT('',#2607);
#809=VERTEX_POINT('',#2610);
#810=VERTEX_POINT('',#2614);
#811=VERTEX_POINT('',#2616);
#812=VERTEX_POINT('',#2618);
#813=VERTEX_POINT('',#2620);
#814=VERTEX_POINT('',#2624);
#815=VERTEX_POINT('',#2625);
#816=VERTEX_POINT('',#2627);
#817=VERTEX_POINT('',#2629);
#818=VERTEX_POINT('',#2631);
#819=VERTEX_POINT('',#2633);
#820=VERTEX_POINT('',#2636);
#821=VERTEX_POINT('',#2637);
#822=VERTEX_POINT('',#2639);
#823=VERTEX_POINT('',#2641);
#824=VERTEX_POINT('',#2643);
#825=VERTEX_POINT('',#2645);
#826=VERTEX_POINT('',#2649);
#827=VERTEX_POINT('',#2653);
#828=VERTEX_POINT('',#2655);
#829=VERTEX_POINT('',#2657);
#830=VERTEX_POINT('',#2659);
#831=VERTEX_POINT('',#2661);
#832=VERTEX_POINT('',#2663);
#833=VERTEX_POINT('',#2666);
#834=VERTEX_POINT('',#2668);
#835=VERTEX_POINT('',#2671);
#836=VERTEX_POINT('',#2675);
#837=VERTEX_POINT('',#2678);
#838=VERTEX_POINT('',#2682);
#839=VERTEX_POINT('',#2685);
#840=VERTEX_POINT('',#2686);
#841=VERTEX_POINT('',#2688);
#842=VERTEX_POINT('',#2690);
#843=VERTEX_POINT('',#2692);
#844=VERTEX_POINT('',#2694);
#845=VERTEX_POINT('',#2697);
#846=VERTEX_POINT('',#2712);
#847=VERTEX_POINT('',#2713);
#848=VERTEX_POINT('',#2715);
#849=VERTEX_POINT('',#2717);
#850=VERTEX_POINT('',#2719);
#851=VERTEX_POINT('',#2721);
#852=VERTEX_POINT('',#2724);
#853=VERTEX_POINT('',#2739);
#854=VERTEX_POINT('',#2740);
#855=VERTEX_POINT('',#2742);
#856=VERTEX_POINT('',#2744);
#857=VERTEX_POINT('',#2749);
#858=VERTEX_POINT('',#2750);
#859=VERTEX_POINT('',#2755);
#860=VERTEX_POINT('',#2761);
#861=VERTEX_POINT('',#2779);
#862=VERTEX_POINT('',#2780);
#863=VERTEX_POINT('',#2785);
#864=VERTEX_POINT('',#2790);
#865=VERTEX_POINT('',#2794);
#866=VERTEX_POINT('',#2796);
#867=VERTEX_POINT('',#2800);
#868=VERTEX_POINT('',#2808);
#869=EDGE_CURVE('',#707,#708,#249,.T.);
#870=EDGE_CURVE('',#709,#707,#250,.T.);
#871=EDGE_CURVE('',#709,#710,#251,.T.);
#872=EDGE_CURVE('',#710,#711,#252,.T.);
#873=EDGE_CURVE('',#711,#708,#253,.T.);
#874=EDGE_CURVE('',#712,#713,#254,.T.);
#875=EDGE_CURVE('',#714,#712,#255,.T.);
#876=EDGE_CURVE('',#715,#714,#256,.T.);
#877=EDGE_CURVE('',#713,#715,#257,.T.);
#878=EDGE_CURVE('',#716,#709,#258,.T.);
#879=EDGE_CURVE('',#717,#716,#259,.T.);
#880=EDGE_CURVE('',#710,#717,#260,.T.);
#881=EDGE_CURVE('',#718,#718,#15,.T.);
#882=EDGE_CURVE('',#718,#719,#261,.T.);
#883=EDGE_CURVE('',#719,#719,#16,.T.);
#884=EDGE_CURVE('',#720,#720,#17,.T.);
#885=EDGE_CURVE('',#720,#721,#262,.T.);
#886=EDGE_CURVE('',#721,#721,#18,.T.);
#887=EDGE_CURVE('',#712,#722,#263,.T.);
#888=EDGE_CURVE('',#723,#722,#264,.T.);
#889=EDGE_CURVE('',#714,#723,#265,.T.);
#890=EDGE_CURVE('',#724,#723,#266,.T.);
#891=EDGE_CURVE('',#715,#724,#267,.T.);
#892=EDGE_CURVE('',#725,#724,#268,.T.);
#893=EDGE_CURVE('',#713,#725,#269,.T.);
#894=EDGE_CURVE('',#722,#725,#270,.T.);
#895=EDGE_CURVE('',#708,#726,#271,.T.);
#896=EDGE_CURVE('',#711,#727,#272,.T.);
#897=EDGE_CURVE('',#726,#727,#273,.T.);
#898=EDGE_CURVE('',#727,#717,#274,.T.);
#899=EDGE_CURVE('',#726,#728,#275,.T.);
#900=EDGE_CURVE('',#728,#716,#276,.T.);
#901=EDGE_CURVE('',#729,#728,#277,.T.);
#902=EDGE_CURVE('',#730,#729,#278,.T.);
#903=EDGE_CURVE('',#731,#730,#279,.T.);
#904=EDGE_CURVE('',#732,#731,#280,.T.);
#905=EDGE_CURVE('',#707,#732,#281,.T.);
#906=EDGE_CURVE('',#731,#733,#282,.T.);
#907=EDGE_CURVE('',#733,#734,#283,.T.);
#908=EDGE_CURVE('',#734,#735,#284,.T.);
#909=EDGE_CURVE('',#735,#736,#285,.T.);
#910=EDGE_CURVE('',#736,#737,#286,.T.);
#911=EDGE_CURVE('',#737,#738,#287,.T.);
#912=EDGE_CURVE('',#738,#739,#288,.T.);
#913=EDGE_CURVE('',#740,#739,#289,.T.);
#914=EDGE_CURVE('',#740,#741,#290,.T.);
#915=EDGE_CURVE('',#741,#742,#291,.T.);
#916=EDGE_CURVE('',#742,#743,#292,.T.);
#917=EDGE_CURVE('',#743,#732,#293,.F.);
#918=EDGE_CURVE('',#744,#744,#19,.T.);
#919=EDGE_CURVE('',#745,#745,#20,.T.);
#920=EDGE_CURVE('',#746,#730,#294,.T.);
#921=EDGE_CURVE('',#746,#747,#295,.T.);
#922=EDGE_CURVE('',#747,#748,#296,.T.);
#923=EDGE_CURVE('',#748,#733,#297,.T.);
#924=EDGE_CURVE('',#749,#750,#298,.T.);
#925=EDGE_CURVE('',#751,#749,#299,.T.);
#926=EDGE_CURVE('',#752,#751,#300,.T.);
#927=EDGE_CURVE('',#753,#752,#301,.T.);
#928=EDGE_CURVE('',#754,#753,#302,.T.);
#929=EDGE_CURVE('',#750,#754,#303,.T.);
#930=EDGE_CURVE('',#755,#753,#304,.T.);
#931=EDGE_CURVE('',#755,#756,#305,.T.);
#932=EDGE_CURVE('',#756,#754,#306,.T.);
#933=EDGE_CURVE('',#757,#752,#307,.T.);
#934=EDGE_CURVE('',#757,#758,#308,.T.);
#935=EDGE_CURVE('',#759,#758,#309,.T.);
#936=EDGE_CURVE('',#760,#759,#310,.T.);
#937=EDGE_CURVE('',#761,#760,#311,.T.);
#938=EDGE_CURVE('',#762,#761,#312,.T.);
#939=EDGE_CURVE('',#762,#755,#313,.T.);
#940=EDGE_CURVE('',#763,#751,#314,.T.);
#941=EDGE_CURVE('',#757,#763,#315,.T.);
#942=EDGE_CURVE('',#764,#765,#316,.T.);
#943=EDGE_CURVE('',#766,#764,#317,.T.);
#944=EDGE_CURVE('',#766,#767,#318,.T.);
#945=EDGE_CURVE('',#767,#765,#319,.T.);
#946=EDGE_CURVE('',#735,#768,#320,.T.);
#947=EDGE_CURVE('',#769,#734,#321,.T.);
#948=EDGE_CURVE('',#769,#768,#322,.T.);
#949=EDGE_CURVE('',#770,#764,#323,.T.);
#950=EDGE_CURVE('',#770,#771,#324,.T.);
#951=EDGE_CURVE('',#771,#766,#325,.T.);
#952=EDGE_CURVE('',#772,#773,#326,.T.);
#953=EDGE_CURVE('',#774,#772,#327,.T.);
#954=EDGE_CURVE('',#775,#774,#328,.T.);
#955=EDGE_CURVE('',#775,#773,#329,.T.);
#956=EDGE_CURVE('',#776,#772,#330,.T.);
#957=EDGE_CURVE('',#776,#777,#331,.T.);
#958=EDGE_CURVE('',#774,#777,#332,.T.);
#959=EDGE_CURVE('',#778,#776,#333,.T.);
#960=EDGE_CURVE('',#778,#779,#334,.T.);
#961=EDGE_CURVE('',#779,#780,#335,.T.);
#962=EDGE_CURVE('',#780,#781,#336,.F.);
#963=EDGE_CURVE('',#777,#781,#337,.T.);
#964=EDGE_CURVE('',#779,#782,#338,.T.);
#965=EDGE_CURVE('',#782,#783,#339,.T.);
#966=EDGE_CURVE('',#783,#780,#340,.F.);
#967=EDGE_CURVE('',#760,#768,#341,.T.);
#968=EDGE_CURVE('',#761,#769,#342,.T.);
#969=EDGE_CURVE('',#781,#784,#343,.T.);
#970=EDGE_CURVE('',#785,#784,#344,.T.);
#971=EDGE_CURVE('',#785,#747,#345,.T.);
#972=EDGE_CURVE('',#746,#775,#346,.T.);
#973=EDGE_CURVE('',#786,#762,#347,.T.);
#974=EDGE_CURVE('',#748,#787,#348,.T.);
#975=EDGE_CURVE('',#786,#787,#349,.T.);
#976=EDGE_CURVE('',#788,#771,#350,.T.);
#977=EDGE_CURVE('',#788,#789,#351,.T.);
#978=EDGE_CURVE('',#789,#790,#352,.T.);
#979=EDGE_CURVE('',#790,#767,#353,.T.);
#980=EDGE_CURVE('',#791,#792,#354,.T.);
#981=EDGE_CURVE('',#791,#778,#355,.T.);
#982=EDGE_CURVE('',#792,#773,#356,.T.);
#983=EDGE_CURVE('',#738,#763,#357,.T.);
#984=EDGE_CURVE('',#737,#793,#358,.T.);
#985=EDGE_CURVE('',#793,#794,#359,.T.);
#986=EDGE_CURVE('',#795,#794,#360,.T.);
#987=EDGE_CURVE('',#796,#795,#361,.T.);
#988=EDGE_CURVE('',#796,#797,#362,.T.);
#989=EDGE_CURVE('',#758,#797,#363,.T.);
#990=EDGE_CURVE('',#736,#798,#364,.T.);
#991=EDGE_CURVE('',#793,#798,#365,.T.);
#992=EDGE_CURVE('',#768,#764,#366,.T.);
#993=EDGE_CURVE('',#798,#765,#367,.T.);
#994=EDGE_CURVE('',#782,#791,#368,.T.);
#995=EDGE_CURVE('',#789,#799,#369,.F.);
#996=EDGE_CURVE('',#800,#788,#370,.F.);
#997=EDGE_CURVE('',#799,#800,#371,.F.);
#998=EDGE_CURVE('',#756,#786,#372,.T.);
#999=EDGE_CURVE('',#784,#783,#373,.F.);
#1000=EDGE_CURVE('',#759,#801,#374,.T.);
#1001=EDGE_CURVE('',#770,#801,#375,.T.);
#1002=EDGE_CURVE('',#801,#797,#376,.T.);
#1003=EDGE_CURVE('',#795,#802,#377,.T.);
#1004=EDGE_CURVE('',#803,#802,#378,.T.);
#1005=EDGE_CURVE('',#803,#804,#379,.T.);
#1006=EDGE_CURVE('',#804,#805,#380,.T.);
#1007=EDGE_CURVE('',#805,#806,#381,.T.);
#1008=EDGE_CURVE('',#806,#796,#382,.T.);
#1009=EDGE_CURVE('',#807,#807,#21,.T.);
#1010=EDGE_CURVE('',#808,#808,#22,.T.);
#1011=EDGE_CURVE('',#794,#809,#383,.T.);
#1012=EDGE_CURVE('',#809,#802,#384,.T.);
#1013=EDGE_CURVE('',#729,#810,#385,.F.);
#1014=EDGE_CURVE('',#810,#811,#386,.T.);
#1015=EDGE_CURVE('',#811,#812,#387,.T.);
#1016=EDGE_CURVE('',#812,#813,#388,.T.);
#1017=EDGE_CURVE('',#813,#809,#389,.T.);
#1018=EDGE_CURVE('',#790,#792,#390,.T.);
#1019=EDGE_CURVE('',#814,#815,#391,.T.);
#1020=EDGE_CURVE('',#816,#814,#392,.T.);
#1021=EDGE_CURVE('',#817,#816,#393,.T.);
#1022=EDGE_CURVE('',#818,#817,#394,.T.);
#1023=EDGE_CURVE('',#819,#818,#395,.T.);
#1024=EDGE_CURVE('',#815,#819,#396,.T.);
#1025=EDGE_CURVE('',#820,#821,#397,.T.);
#1026=EDGE_CURVE('',#822,#820,#398,.T.);
#1027=EDGE_CURVE('',#823,#822,#399,.T.);
#1028=EDGE_CURVE('',#824,#823,#400,.T.);
#1029=EDGE_CURVE('',#825,#824,#401,.T.);
#1030=EDGE_CURVE('',#821,#825,#402,.T.);
#1031=EDGE_CURVE('',#826,#749,#403,.T.);
#1032=EDGE_CURVE('',#826,#739,#404,.T.);
#1033=EDGE_CURVE('',#827,#750,#405,.T.);
#1034=EDGE_CURVE('',#828,#827,#406,.T.);
#1035=EDGE_CURVE('',#828,#829,#407,.T.);
#1036=EDGE_CURVE('',#830,#829,#408,.T.);
#1037=EDGE_CURVE('',#831,#830,#409,.T.);
#1038=EDGE_CURVE('',#832,#831,#410,.T.);
#1039=EDGE_CURVE('',#832,#826,#411,.T.);
#1040=EDGE_CURVE('',#833,#833,#23,.T.);
#1041=EDGE_CURVE('',#834,#834,#24,.T.);
#1042=EDGE_CURVE('',#835,#835,#25,.F.);
#1043=EDGE_CURVE('',#835,#745,#412,.T.);
#1044=EDGE_CURVE('',#836,#836,#26,.F.);
#1045=EDGE_CURVE('',#837,#837,#27,.F.);
#1046=EDGE_CURVE('',#837,#744,#413,.T.);
#1047=EDGE_CURVE('',#838,#838,#28,.F.);
#1048=EDGE_CURVE('',#839,#840,#414,.T.);
#1049=EDGE_CURVE('',#840,#841,#415,.T.);
#1050=EDGE_CURVE('',#841,#842,#416,.T.);
#1051=EDGE_CURVE('',#842,#843,#417,.T.);
#1052=EDGE_CURVE('',#843,#844,#418,.T.);
#1053=EDGE_CURVE('',#844,#839,#419,.T.);
#1054=EDGE_CURVE('',#845,#845,#29,.F.);
#1055=EDGE_CURVE('',#844,#824,#420,.T.);
#1056=EDGE_CURVE('',#839,#823,#421,.T.);
#1057=EDGE_CURVE('',#843,#825,#422,.T.);
#1058=EDGE_CURVE('',#840,#822,#423,.T.);
#1059=EDGE_CURVE('',#842,#821,#424,.T.);
#1060=EDGE_CURVE('',#841,#820,#425,.T.);
#1061=EDGE_CURVE('',#846,#847,#426,.T.);
#1062=EDGE_CURVE('',#847,#848,#427,.T.);
#1063=EDGE_CURVE('',#848,#849,#428,.T.);
#1064=EDGE_CURVE('',#849,#850,#429,.T.);
#1065=EDGE_CURVE('',#850,#851,#430,.T.);
#1066=EDGE_CURVE('',#851,#846,#431,.T.);
#1067=EDGE_CURVE('',#852,#852,#30,.F.);
#1068=EDGE_CURVE('',#851,#818,#432,.T.);
#1069=EDGE_CURVE('',#846,#817,#433,.T.);
#1070=EDGE_CURVE('',#850,#819,#434,.T.);
#1071=EDGE_CURVE('',#847,#816,#435,.T.);
#1072=EDGE_CURVE('',#849,#815,#436,.T.);
#1073=EDGE_CURVE('',#848,#814,#437,.T.);
#1074=EDGE_CURVE('',#853,#854,#438,.T.);
#1075=EDGE_CURVE('',#854,#855,#439,.T.);
#1076=EDGE_CURVE('',#855,#856,#440,.T.);
#1077=EDGE_CURVE('',#856,#828,#441,.T.);
#1078=EDGE_CURVE('',#827,#853,#442,.T.);
#1079=EDGE_CURVE('',#857,#858,#443,.T.);
#1080=EDGE_CURVE('',#855,#858,#444,.T.);
#1081=EDGE_CURVE('',#854,#857,#445,.T.);
#1082=EDGE_CURVE('',#858,#859,#446,.T.);
#1083=EDGE_CURVE('',#856,#859,#447,.T.);
#1084=EDGE_CURVE('',#859,#829,#448,.T.);
#1085=EDGE_CURVE('',#860,#857,#449,.T.);
#1086=EDGE_CURVE('',#853,#860,#450,.T.);
#1087=EDGE_CURVE('',#852,#807,#451,.T.);
#1088=EDGE_CURVE('',#845,#808,#452,.T.);
#1089=EDGE_CURVE('',#813,#803,#453,.T.);
#1090=EDGE_CURVE('',#812,#804,#454,.T.);
#1091=EDGE_CURVE('',#811,#805,#455,.T.);
#1092=EDGE_CURVE('',#832,#740,#456,.T.);
#1093=EDGE_CURVE('',#831,#741,#457,.T.);
#1094=EDGE_CURVE('',#830,#742,#458,.T.);
#1095=EDGE_CURVE('',#861,#862,#459,.T.);
#1096=EDGE_CURVE('',#861,#743,#460,.T.);
#1097=EDGE_CURVE('',#860,#862,#461,.T.);
#1098=EDGE_CURVE('',#863,#748,#462,.T.);
#1099=EDGE_CURVE('',#863,#861,#463,.F.);
#1100=EDGE_CURVE('',#862,#787,#464,.T.);
#1101=EDGE_CURVE('',#864,#747,#465,.T.);
#1102=EDGE_CURVE('',#864,#863,#466,.F.);
#1103=EDGE_CURVE('',#865,#785,#467,.T.);
#1104=EDGE_CURVE('',#865,#866,#468,.T.);
#1105=EDGE_CURVE('',#866,#864,#469,.F.);
#1106=EDGE_CURVE('',#867,#799,#470,.T.);
#1107=EDGE_CURVE('',#865,#867,#471,.T.);
#1108=EDGE_CURVE('',#810,#866,#472,.T.);
#1109=EDGE_CURVE('',#868,#867,#473,.T.);
#1110=EDGE_CURVE('',#806,#868,#474,.T.);
#1111=EDGE_CURVE('',#834,#838,#475,.T.);
#1112=EDGE_CURVE('',#833,#836,#476,.T.);
#1113=EDGE_CURVE('',#868,#800,#477,.T.);
#1114=ORIENTED_EDGE('',*,*,#869,.F.);
#1115=ORIENTED_EDGE('',*,*,#870,.F.);
#1116=ORIENTED_EDGE('',*,*,#871,.T.);
#1117=ORIENTED_EDGE('',*,*,#872,.T.);
#1118=ORIENTED_EDGE('',*,*,#873,.T.);
#1119=ORIENTED_EDGE('',*,*,#874,.F.);
#1120=ORIENTED_EDGE('',*,*,#875,.F.);
#1121=ORIENTED_EDGE('',*,*,#876,.F.);
#1122=ORIENTED_EDGE('',*,*,#877,.F.);
#1123=ORIENTED_EDGE('',*,*,#878,.F.);
#1124=ORIENTED_EDGE('',*,*,#879,.F.);
#1125=ORIENTED_EDGE('',*,*,#880,.F.);
#1126=ORIENTED_EDGE('',*,*,#871,.F.);
#1127=ORIENTED_EDGE('',*,*,#881,.F.);
#1128=ORIENTED_EDGE('',*,*,#882,.T.);
#1129=ORIENTED_EDGE('',*,*,#883,.F.);
#1130=ORIENTED_EDGE('',*,*,#882,.F.);
#1131=ORIENTED_EDGE('',*,*,#884,.F.);
#1132=ORIENTED_EDGE('',*,*,#885,.T.);
#1133=ORIENTED_EDGE('',*,*,#886,.F.);
#1134=ORIENTED_EDGE('',*,*,#885,.F.);
#1135=ORIENTED_EDGE('',*,*,#875,.T.);
#1136=ORIENTED_EDGE('',*,*,#887,.T.);
#1137=ORIENTED_EDGE('',*,*,#888,.F.);
#1138=ORIENTED_EDGE('',*,*,#889,.F.);
#1139=ORIENTED_EDGE('',*,*,#876,.T.);
#1140=ORIENTED_EDGE('',*,*,#889,.T.);
#1141=ORIENTED_EDGE('',*,*,#890,.F.);
#1142=ORIENTED_EDGE('',*,*,#891,.F.);
#1143=ORIENTED_EDGE('',*,*,#877,.T.);
#1144=ORIENTED_EDGE('',*,*,#891,.T.);
#1145=ORIENTED_EDGE('',*,*,#892,.F.);
#1146=ORIENTED_EDGE('',*,*,#893,.F.);
#1147=ORIENTED_EDGE('',*,*,#874,.T.);
#1148=ORIENTED_EDGE('',*,*,#893,.T.);
#1149=ORIENTED_EDGE('',*,*,#894,.F.);
#1150=ORIENTED_EDGE('',*,*,#887,.F.);
#1151=ORIENTED_EDGE('',*,*,#883,.T.);
#1152=ORIENTED_EDGE('',*,*,#886,.T.);
#1153=ORIENTED_EDGE('',*,*,#895,.F.);
#1154=ORIENTED_EDGE('',*,*,#873,.F.);
#1155=ORIENTED_EDGE('',*,*,#896,.T.);
#1156=ORIENTED_EDGE('',*,*,#897,.F.);
#1157=ORIENTED_EDGE('',*,*,#872,.F.);
#1158=ORIENTED_EDGE('',*,*,#880,.T.);
#1159=ORIENTED_EDGE('',*,*,#898,.F.);
#1160=ORIENTED_EDGE('',*,*,#896,.F.);
#1161=ORIENTED_EDGE('',*,*,#881,.T.);
#1162=ORIENTED_EDGE('',*,*,#884,.T.);
#1163=ORIENTED_EDGE('',*,*,#899,.F.);
#1164=ORIENTED_EDGE('',*,*,#897,.T.);
#1165=ORIENTED_EDGE('',*,*,#898,.T.);
#1166=ORIENTED_EDGE('',*,*,#879,.T.);
#1167=ORIENTED_EDGE('',*,*,#900,.F.);
#1168=ORIENTED_EDGE('',*,*,#894,.T.);
#1169=ORIENTED_EDGE('',*,*,#892,.T.);
#1170=ORIENTED_EDGE('',*,*,#890,.T.);
#1171=ORIENTED_EDGE('',*,*,#888,.T.);
#1172=ORIENTED_EDGE('',*,*,#869,.T.);
#1173=ORIENTED_EDGE('',*,*,#895,.T.);
#1174=ORIENTED_EDGE('',*,*,#899,.T.);
#1175=ORIENTED_EDGE('',*,*,#901,.F.);
#1176=ORIENTED_EDGE('',*,*,#902,.F.);
#1177=ORIENTED_EDGE('',*,*,#903,.F.);
#1178=ORIENTED_EDGE('',*,*,#904,.F.);
#1179=ORIENTED_EDGE('',*,*,#905,.F.);
#1180=ORIENTED_EDGE('',*,*,#904,.T.);
#1181=ORIENTED_EDGE('',*,*,#906,.T.);
#1182=ORIENTED_EDGE('',*,*,#907,.T.);
#1183=ORIENTED_EDGE('',*,*,#908,.T.);
#1184=ORIENTED_EDGE('',*,*,#909,.T.);
#1185=ORIENTED_EDGE('',*,*,#910,.T.);
#1186=ORIENTED_EDGE('',*,*,#911,.T.);
#1187=ORIENTED_EDGE('',*,*,#912,.T.);
#1188=ORIENTED_EDGE('',*,*,#913,.F.);
#1189=ORIENTED_EDGE('',*,*,#914,.T.);
#1190=ORIENTED_EDGE('',*,*,#915,.T.);
#1191=ORIENTED_EDGE('',*,*,#916,.T.);
#1192=ORIENTED_EDGE('',*,*,#917,.T.);
#1193=ORIENTED_EDGE('',*,*,#918,.F.);
#1194=ORIENTED_EDGE('',*,*,#919,.F.);
#1195=ORIENTED_EDGE('',*,*,#903,.T.);
#1196=ORIENTED_EDGE('',*,*,#920,.F.);
#1197=ORIENTED_EDGE('',*,*,#921,.T.);
#1198=ORIENTED_EDGE('',*,*,#922,.T.);
#1199=ORIENTED_EDGE('',*,*,#923,.T.);
#1200=ORIENTED_EDGE('',*,*,#906,.F.);
#1201=ORIENTED_EDGE('',*,*,#924,.F.);
#1202=ORIENTED_EDGE('',*,*,#925,.F.);
#1203=ORIENTED_EDGE('',*,*,#926,.F.);
#1204=ORIENTED_EDGE('',*,*,#927,.F.);
#1205=ORIENTED_EDGE('',*,*,#928,.F.);
#1206=ORIENTED_EDGE('',*,*,#929,.F.);
#1207=ORIENTED_EDGE('',*,*,#928,.T.);
#1208=ORIENTED_EDGE('',*,*,#930,.F.);
#1209=ORIENTED_EDGE('',*,*,#931,.T.);
#1210=ORIENTED_EDGE('',*,*,#932,.T.);
#1211=ORIENTED_EDGE('',*,*,#927,.T.);
#1212=ORIENTED_EDGE('',*,*,#933,.F.);
#1213=ORIENTED_EDGE('',*,*,#934,.T.);
#1214=ORIENTED_EDGE('',*,*,#935,.F.);
#1215=ORIENTED_EDGE('',*,*,#936,.F.);
#1216=ORIENTED_EDGE('',*,*,#937,.F.);
#1217=ORIENTED_EDGE('',*,*,#938,.F.);
#1218=ORIENTED_EDGE('',*,*,#939,.T.);
#1219=ORIENTED_EDGE('',*,*,#930,.T.);
#1220=ORIENTED_EDGE('',*,*,#926,.T.);
#1221=ORIENTED_EDGE('',*,*,#940,.F.);
#1222=ORIENTED_EDGE('',*,*,#941,.F.);
#1223=ORIENTED_EDGE('',*,*,#933,.T.);
#1224=ORIENTED_EDGE('',*,*,#942,.F.);
#1225=ORIENTED_EDGE('',*,*,#943,.F.);
#1226=ORIENTED_EDGE('',*,*,#944,.T.);
#1227=ORIENTED_EDGE('',*,*,#945,.T.);
#1228=ORIENTED_EDGE('',*,*,#946,.F.);
#1229=ORIENTED_EDGE('',*,*,#908,.F.);
#1230=ORIENTED_EDGE('',*,*,#947,.F.);
#1231=ORIENTED_EDGE('',*,*,#948,.T.);
#1232=ORIENTED_EDGE('',*,*,#949,.F.);
#1233=ORIENTED_EDGE('',*,*,#950,.T.);
#1234=ORIENTED_EDGE('',*,*,#951,.T.);
#1235=ORIENTED_EDGE('',*,*,#943,.T.);
#1236=ORIENTED_EDGE('',*,*,#952,.F.);
#1237=ORIENTED_EDGE('',*,*,#953,.F.);
#1238=ORIENTED_EDGE('',*,*,#954,.F.);
#1239=ORIENTED_EDGE('',*,*,#955,.T.);
#1240=ORIENTED_EDGE('',*,*,#956,.F.);
#1241=ORIENTED_EDGE('',*,*,#957,.T.);
#1242=ORIENTED_EDGE('',*,*,#958,.F.);
#1243=ORIENTED_EDGE('',*,*,#953,.T.);
#1244=ORIENTED_EDGE('',*,*,#959,.F.);
#1245=ORIENTED_EDGE('',*,*,#960,.T.);
#1246=ORIENTED_EDGE('',*,*,#961,.T.);
#1247=ORIENTED_EDGE('',*,*,#962,.T.);
#1248=ORIENTED_EDGE('',*,*,#963,.F.);
#1249=ORIENTED_EDGE('',*,*,#957,.F.);
#1250=ORIENTED_EDGE('',*,*,#961,.F.);
#1251=ORIENTED_EDGE('',*,*,#964,.T.);
#1252=ORIENTED_EDGE('',*,*,#965,.T.);
#1253=ORIENTED_EDGE('',*,*,#966,.T.);
#1254=ORIENTED_EDGE('',*,*,#937,.T.);
#1255=ORIENTED_EDGE('',*,*,#967,.T.);
#1256=ORIENTED_EDGE('',*,*,#948,.F.);
#1257=ORIENTED_EDGE('',*,*,#968,.F.);
#1258=ORIENTED_EDGE('',*,*,#969,.T.);
#1259=ORIENTED_EDGE('',*,*,#970,.F.);
#1260=ORIENTED_EDGE('',*,*,#971,.T.);
#1261=ORIENTED_EDGE('',*,*,#921,.F.);
#1262=ORIENTED_EDGE('',*,*,#972,.T.);
#1263=ORIENTED_EDGE('',*,*,#954,.T.);
#1264=ORIENTED_EDGE('',*,*,#958,.T.);
#1265=ORIENTED_EDGE('',*,*,#963,.T.);
#1266=ORIENTED_EDGE('',*,*,#973,.T.);
#1267=ORIENTED_EDGE('',*,*,#938,.T.);
#1268=ORIENTED_EDGE('',*,*,#968,.T.);
#1269=ORIENTED_EDGE('',*,*,#947,.T.);
#1270=ORIENTED_EDGE('',*,*,#907,.F.);
#1271=ORIENTED_EDGE('',*,*,#923,.F.);
#1272=ORIENTED_EDGE('',*,*,#974,.T.);
#1273=ORIENTED_EDGE('',*,*,#975,.F.);
#1274=ORIENTED_EDGE('',*,*,#976,.F.);
#1275=ORIENTED_EDGE('',*,*,#977,.T.);
#1276=ORIENTED_EDGE('',*,*,#978,.T.);
#1277=ORIENTED_EDGE('',*,*,#979,.T.);
#1278=ORIENTED_EDGE('',*,*,#944,.F.);
#1279=ORIENTED_EDGE('',*,*,#951,.F.);
#1280=ORIENTED_EDGE('',*,*,#980,.F.);
#1281=ORIENTED_EDGE('',*,*,#981,.T.);
#1282=ORIENTED_EDGE('',*,*,#959,.T.);
#1283=ORIENTED_EDGE('',*,*,#956,.T.);
#1284=ORIENTED_EDGE('',*,*,#952,.T.);
#1285=ORIENTED_EDGE('',*,*,#982,.F.);
#1286=ORIENTED_EDGE('',*,*,#983,.F.);
#1287=ORIENTED_EDGE('',*,*,#911,.F.);
#1288=ORIENTED_EDGE('',*,*,#984,.T.);
#1289=ORIENTED_EDGE('',*,*,#985,.T.);
#1290=ORIENTED_EDGE('',*,*,#986,.F.);
#1291=ORIENTED_EDGE('',*,*,#987,.F.);
#1292=ORIENTED_EDGE('',*,*,#988,.T.);
#1293=ORIENTED_EDGE('',*,*,#989,.F.);
#1294=ORIENTED_EDGE('',*,*,#934,.F.);
#1295=ORIENTED_EDGE('',*,*,#941,.T.);
#1296=ORIENTED_EDGE('',*,*,#910,.F.);
#1297=ORIENTED_EDGE('',*,*,#990,.T.);
#1298=ORIENTED_EDGE('',*,*,#991,.F.);
#1299=ORIENTED_EDGE('',*,*,#984,.F.);
#1300=ORIENTED_EDGE('',*,*,#992,.T.);
#1301=ORIENTED_EDGE('',*,*,#942,.T.);
#1302=ORIENTED_EDGE('',*,*,#993,.F.);
#1303=ORIENTED_EDGE('',*,*,#990,.F.);
#1304=ORIENTED_EDGE('',*,*,#909,.F.);
#1305=ORIENTED_EDGE('',*,*,#946,.T.);
#1306=ORIENTED_EDGE('',*,*,#994,.F.);
#1307=ORIENTED_EDGE('',*,*,#964,.F.);
#1308=ORIENTED_EDGE('',*,*,#960,.F.);
#1309=ORIENTED_EDGE('',*,*,#981,.F.);
#1310=ORIENTED_EDGE('',*,*,#995,.F.);
#1311=ORIENTED_EDGE('',*,*,#977,.F.);
#1312=ORIENTED_EDGE('',*,*,#996,.F.);
#1313=ORIENTED_EDGE('',*,*,#997,.F.);
#1314=ORIENTED_EDGE('',*,*,#998,.F.);
#1315=ORIENTED_EDGE('',*,*,#931,.F.);
#1316=ORIENTED_EDGE('',*,*,#939,.F.);
#1317=ORIENTED_EDGE('',*,*,#973,.F.);
#1318=ORIENTED_EDGE('',*,*,#962,.F.);
#1319=ORIENTED_EDGE('',*,*,#966,.F.);
#1320=ORIENTED_EDGE('',*,*,#999,.F.);
#1321=ORIENTED_EDGE('',*,*,#969,.F.);
#1322=ORIENTED_EDGE('',*,*,#992,.F.);
#1323=ORIENTED_EDGE('',*,*,#967,.F.);
#1324=ORIENTED_EDGE('',*,*,#936,.T.);
#1325=ORIENTED_EDGE('',*,*,#1000,.T.);
#1326=ORIENTED_EDGE('',*,*,#1001,.F.);
#1327=ORIENTED_EDGE('',*,*,#949,.T.);
#1328=ORIENTED_EDGE('',*,*,#1000,.F.);
#1329=ORIENTED_EDGE('',*,*,#935,.T.);
#1330=ORIENTED_EDGE('',*,*,#989,.T.);
#1331=ORIENTED_EDGE('',*,*,#1002,.F.);
#1332=ORIENTED_EDGE('',*,*,#1003,.T.);
#1333=ORIENTED_EDGE('',*,*,#1004,.F.);
#1334=ORIENTED_EDGE('',*,*,#1005,.T.);
#1335=ORIENTED_EDGE('',*,*,#1006,.T.);
#1336=ORIENTED_EDGE('',*,*,#1007,.T.);
#1337=ORIENTED_EDGE('',*,*,#1008,.T.);
#1338=ORIENTED_EDGE('',*,*,#987,.T.);
#1339=ORIENTED_EDGE('',*,*,#1009,.F.);
#1340=ORIENTED_EDGE('',*,*,#1010,.F.);
#1341=ORIENTED_EDGE('',*,*,#1011,.T.);
#1342=ORIENTED_EDGE('',*,*,#1012,.T.);
#1343=ORIENTED_EDGE('',*,*,#1003,.F.);
#1344=ORIENTED_EDGE('',*,*,#986,.T.);
#1345=ORIENTED_EDGE('',*,*,#902,.T.);
#1346=ORIENTED_EDGE('',*,*,#1013,.T.);
#1347=ORIENTED_EDGE('',*,*,#1014,.T.);
#1348=ORIENTED_EDGE('',*,*,#1015,.T.);
#1349=ORIENTED_EDGE('',*,*,#1016,.T.);
#1350=ORIENTED_EDGE('',*,*,#1017,.T.);
#1351=ORIENTED_EDGE('',*,*,#1011,.F.);
#1352=ORIENTED_EDGE('',*,*,#985,.F.);
#1353=ORIENTED_EDGE('',*,*,#991,.T.);
#1354=ORIENTED_EDGE('',*,*,#993,.T.);
#1355=ORIENTED_EDGE('',*,*,#945,.F.);
#1356=ORIENTED_EDGE('',*,*,#979,.F.);
#1357=ORIENTED_EDGE('',*,*,#1018,.T.);
#1358=ORIENTED_EDGE('',*,*,#982,.T.);
#1359=ORIENTED_EDGE('',*,*,#955,.F.);
#1360=ORIENTED_EDGE('',*,*,#972,.F.);
#1361=ORIENTED_EDGE('',*,*,#920,.T.);
#1362=ORIENTED_EDGE('',*,*,#1019,.F.);
#1363=ORIENTED_EDGE('',*,*,#1020,.F.);
#1364=ORIENTED_EDGE('',*,*,#1021,.F.);
#1365=ORIENTED_EDGE('',*,*,#1022,.F.);
#1366=ORIENTED_EDGE('',*,*,#1023,.F.);
#1367=ORIENTED_EDGE('',*,*,#1024,.F.);
#1368=ORIENTED_EDGE('',*,*,#1025,.F.);
#1369=ORIENTED_EDGE('',*,*,#1026,.F.);
#1370=ORIENTED_EDGE('',*,*,#1027,.F.);
#1371=ORIENTED_EDGE('',*,*,#1028,.F.);
#1372=ORIENTED_EDGE('',*,*,#1029,.F.);
#1373=ORIENTED_EDGE('',*,*,#1030,.F.);
#1374=ORIENTED_EDGE('',*,*,#1031,.F.);
#1375=ORIENTED_EDGE('',*,*,#1032,.T.);
#1376=ORIENTED_EDGE('',*,*,#912,.F.);
#1377=ORIENTED_EDGE('',*,*,#983,.T.);
#1378=ORIENTED_EDGE('',*,*,#940,.T.);
#1379=ORIENTED_EDGE('',*,*,#925,.T.);
#1380=ORIENTED_EDGE('',*,*,#924,.T.);
#1381=ORIENTED_EDGE('',*,*,#1033,.F.);
#1382=ORIENTED_EDGE('',*,*,#1034,.F.);
#1383=ORIENTED_EDGE('',*,*,#1035,.T.);
#1384=ORIENTED_EDGE('',*,*,#1036,.F.);
#1385=ORIENTED_EDGE('',*,*,#1037,.F.);
#1386=ORIENTED_EDGE('',*,*,#1038,.F.);
#1387=ORIENTED_EDGE('',*,*,#1039,.T.);
#1388=ORIENTED_EDGE('',*,*,#1031,.T.);
#1389=ORIENTED_EDGE('',*,*,#1040,.T.);
#1390=ORIENTED_EDGE('',*,*,#1041,.T.);
#1391=ORIENTED_EDGE('',*,*,#1042,.T.);
#1392=ORIENTED_EDGE('',*,*,#1043,.T.);
#1393=ORIENTED_EDGE('',*,*,#919,.T.);
#1394=ORIENTED_EDGE('',*,*,#1043,.F.);
#1395=ORIENTED_EDGE('',*,*,#1042,.F.);
#1396=ORIENTED_EDGE('',*,*,#1044,.T.);
#1397=ORIENTED_EDGE('',*,*,#1045,.T.);
#1398=ORIENTED_EDGE('',*,*,#1046,.T.);
#1399=ORIENTED_EDGE('',*,*,#918,.T.);
#1400=ORIENTED_EDGE('',*,*,#1046,.F.);
#1401=ORIENTED_EDGE('',*,*,#1045,.F.);
#1402=ORIENTED_EDGE('',*,*,#1047,.T.);
#1403=ORIENTED_EDGE('',*,*,#1048,.T.);
#1404=ORIENTED_EDGE('',*,*,#1049,.T.);
#1405=ORIENTED_EDGE('',*,*,#1050,.T.);
#1406=ORIENTED_EDGE('',*,*,#1051,.T.);
#1407=ORIENTED_EDGE('',*,*,#1052,.T.);
#1408=ORIENTED_EDGE('',*,*,#1053,.T.);
#1409=ORIENTED_EDGE('',*,*,#1054,.F.);
#1410=ORIENTED_EDGE('',*,*,#1055,.T.);
#1411=ORIENTED_EDGE('',*,*,#1028,.T.);
#1412=ORIENTED_EDGE('',*,*,#1056,.F.);
#1413=ORIENTED_EDGE('',*,*,#1053,.F.);
#1414=ORIENTED_EDGE('',*,*,#1057,.T.);
#1415=ORIENTED_EDGE('',*,*,#1029,.T.);
#1416=ORIENTED_EDGE('',*,*,#1055,.F.);
#1417=ORIENTED_EDGE('',*,*,#1052,.F.);
#1418=ORIENTED_EDGE('',*,*,#1056,.T.);
#1419=ORIENTED_EDGE('',*,*,#1027,.T.);
#1420=ORIENTED_EDGE('',*,*,#1058,.F.);
#1421=ORIENTED_EDGE('',*,*,#1048,.F.);
#1422=ORIENTED_EDGE('',*,*,#1059,.T.);
#1423=ORIENTED_EDGE('',*,*,#1030,.T.);
#1424=ORIENTED_EDGE('',*,*,#1057,.F.);
#1425=ORIENTED_EDGE('',*,*,#1051,.F.);
#1426=ORIENTED_EDGE('',*,*,#1060,.T.);
#1427=ORIENTED_EDGE('',*,*,#1025,.T.);
#1428=ORIENTED_EDGE('',*,*,#1059,.F.);
#1429=ORIENTED_EDGE('',*,*,#1050,.F.);
#1430=ORIENTED_EDGE('',*,*,#1058,.T.);
#1431=ORIENTED_EDGE('',*,*,#1026,.T.);
#1432=ORIENTED_EDGE('',*,*,#1060,.F.);
#1433=ORIENTED_EDGE('',*,*,#1049,.F.);
#1434=ORIENTED_EDGE('',*,*,#1061,.T.);
#1435=ORIENTED_EDGE('',*,*,#1062,.T.);
#1436=ORIENTED_EDGE('',*,*,#1063,.T.);
#1437=ORIENTED_EDGE('',*,*,#1064,.T.);
#1438=ORIENTED_EDGE('',*,*,#1065,.T.);
#1439=ORIENTED_EDGE('',*,*,#1066,.T.);
#1440=ORIENTED_EDGE('',*,*,#1067,.F.);
#1441=ORIENTED_EDGE('',*,*,#1068,.T.);
#1442=ORIENTED_EDGE('',*,*,#1022,.T.);
#1443=ORIENTED_EDGE('',*,*,#1069,.F.);
#1444=ORIENTED_EDGE('',*,*,#1066,.F.);
#1445=ORIENTED_EDGE('',*,*,#1070,.T.);
#1446=ORIENTED_EDGE('',*,*,#1023,.T.);
#1447=ORIENTED_EDGE('',*,*,#1068,.F.);
#1448=ORIENTED_EDGE('',*,*,#1065,.F.);
#1449=ORIENTED_EDGE('',*,*,#1069,.T.);
#1450=ORIENTED_EDGE('',*,*,#1021,.T.);
#1451=ORIENTED_EDGE('',*,*,#1071,.F.);
#1452=ORIENTED_EDGE('',*,*,#1061,.F.);
#1453=ORIENTED_EDGE('',*,*,#1072,.T.);
#1454=ORIENTED_EDGE('',*,*,#1024,.T.);
#1455=ORIENTED_EDGE('',*,*,#1070,.F.);
#1456=ORIENTED_EDGE('',*,*,#1064,.F.);
#1457=ORIENTED_EDGE('',*,*,#1073,.T.);
#1458=ORIENTED_EDGE('',*,*,#1019,.T.);
#1459=ORIENTED_EDGE('',*,*,#1072,.F.);
#1460=ORIENTED_EDGE('',*,*,#1063,.F.);
#1461=ORIENTED_EDGE('',*,*,#1071,.T.);
#1462=ORIENTED_EDGE('',*,*,#1020,.T.);
#1463=ORIENTED_EDGE('',*,*,#1073,.F.);
#1464=ORIENTED_EDGE('',*,*,#1062,.F.);
#1465=ORIENTED_EDGE('',*,*,#1074,.T.);
#1466=ORIENTED_EDGE('',*,*,#1075,.T.);
#1467=ORIENTED_EDGE('',*,*,#1076,.T.);
#1468=ORIENTED_EDGE('',*,*,#1077,.T.);
#1469=ORIENTED_EDGE('',*,*,#1034,.T.);
#1470=ORIENTED_EDGE('',*,*,#1078,.T.);
#1471=ORIENTED_EDGE('',*,*,#1079,.T.);
#1472=ORIENTED_EDGE('',*,*,#1080,.F.);
#1473=ORIENTED_EDGE('',*,*,#1075,.F.);
#1474=ORIENTED_EDGE('',*,*,#1081,.T.);
#1475=ORIENTED_EDGE('',*,*,#1082,.T.);
#1476=ORIENTED_EDGE('',*,*,#1083,.F.);
#1477=ORIENTED_EDGE('',*,*,#1076,.F.);
#1478=ORIENTED_EDGE('',*,*,#1080,.T.);
#1479=ORIENTED_EDGE('',*,*,#1084,.T.);
#1480=ORIENTED_EDGE('',*,*,#1035,.F.);
#1481=ORIENTED_EDGE('',*,*,#1077,.F.);
#1482=ORIENTED_EDGE('',*,*,#1083,.T.);
#1483=ORIENTED_EDGE('',*,*,#1085,.T.);
#1484=ORIENTED_EDGE('',*,*,#1081,.F.);
#1485=ORIENTED_EDGE('',*,*,#1074,.F.);
#1486=ORIENTED_EDGE('',*,*,#1086,.T.);
#1487=ORIENTED_EDGE('',*,*,#1067,.T.);
#1488=ORIENTED_EDGE('',*,*,#1087,.T.);
#1489=ORIENTED_EDGE('',*,*,#1009,.T.);
#1490=ORIENTED_EDGE('',*,*,#1087,.F.);
#1491=ORIENTED_EDGE('',*,*,#1054,.T.);
#1492=ORIENTED_EDGE('',*,*,#1088,.T.);
#1493=ORIENTED_EDGE('',*,*,#1010,.T.);
#1494=ORIENTED_EDGE('',*,*,#1088,.F.);
#1495=ORIENTED_EDGE('',*,*,#1005,.F.);
#1496=ORIENTED_EDGE('',*,*,#1089,.F.);
#1497=ORIENTED_EDGE('',*,*,#1016,.F.);
#1498=ORIENTED_EDGE('',*,*,#1090,.T.);
#1499=ORIENTED_EDGE('',*,*,#1006,.F.);
#1500=ORIENTED_EDGE('',*,*,#1090,.F.);
#1501=ORIENTED_EDGE('',*,*,#1015,.F.);
#1502=ORIENTED_EDGE('',*,*,#1091,.T.);
#1503=ORIENTED_EDGE('',*,*,#1092,.F.);
#1504=ORIENTED_EDGE('',*,*,#1038,.T.);
#1505=ORIENTED_EDGE('',*,*,#1093,.T.);
#1506=ORIENTED_EDGE('',*,*,#914,.F.);
#1507=ORIENTED_EDGE('',*,*,#1093,.F.);
#1508=ORIENTED_EDGE('',*,*,#1037,.T.);
#1509=ORIENTED_EDGE('',*,*,#1094,.T.);
#1510=ORIENTED_EDGE('',*,*,#915,.F.);
#1511=ORIENTED_EDGE('',*,*,#1095,.F.);
#1512=ORIENTED_EDGE('',*,*,#1096,.T.);
#1513=ORIENTED_EDGE('',*,*,#916,.F.);
#1514=ORIENTED_EDGE('',*,*,#1094,.F.);
#1515=ORIENTED_EDGE('',*,*,#1036,.T.);
#1516=ORIENTED_EDGE('',*,*,#1084,.F.);
#1517=ORIENTED_EDGE('',*,*,#1082,.F.);
#1518=ORIENTED_EDGE('',*,*,#1079,.F.);
#1519=ORIENTED_EDGE('',*,*,#1085,.F.);
#1520=ORIENTED_EDGE('',*,*,#1097,.T.);
#1521=ORIENTED_EDGE('',*,*,#1098,.F.);
#1522=ORIENTED_EDGE('',*,*,#1099,.T.);
#1523=ORIENTED_EDGE('',*,*,#1095,.T.);
#1524=ORIENTED_EDGE('',*,*,#1100,.T.);
#1525=ORIENTED_EDGE('',*,*,#974,.F.);
#1526=ORIENTED_EDGE('',*,*,#1101,.F.);
#1527=ORIENTED_EDGE('',*,*,#1102,.T.);
#1528=ORIENTED_EDGE('',*,*,#1098,.T.);
#1529=ORIENTED_EDGE('',*,*,#922,.F.);
#1530=ORIENTED_EDGE('',*,*,#1103,.F.);
#1531=ORIENTED_EDGE('',*,*,#1104,.T.);
#1532=ORIENTED_EDGE('',*,*,#1105,.T.);
#1533=ORIENTED_EDGE('',*,*,#1101,.T.);
#1534=ORIENTED_EDGE('',*,*,#971,.F.);
#1535=ORIENTED_EDGE('',*,*,#1106,.F.);
#1536=ORIENTED_EDGE('',*,*,#1107,.F.);
#1537=ORIENTED_EDGE('',*,*,#1103,.T.);
#1538=ORIENTED_EDGE('',*,*,#970,.T.);
#1539=ORIENTED_EDGE('',*,*,#999,.T.);
#1540=ORIENTED_EDGE('',*,*,#965,.F.);
#1541=ORIENTED_EDGE('',*,*,#994,.T.);
#1542=ORIENTED_EDGE('',*,*,#980,.T.);
#1543=ORIENTED_EDGE('',*,*,#1018,.F.);
#1544=ORIENTED_EDGE('',*,*,#978,.F.);
#1545=ORIENTED_EDGE('',*,*,#995,.T.);
#1546=ORIENTED_EDGE('',*,*,#1012,.F.);
#1547=ORIENTED_EDGE('',*,*,#1017,.F.);
#1548=ORIENTED_EDGE('',*,*,#1089,.T.);
#1549=ORIENTED_EDGE('',*,*,#1004,.T.);
#1550=ORIENTED_EDGE('',*,*,#1100,.F.);
#1551=ORIENTED_EDGE('',*,*,#1097,.F.);
#1552=ORIENTED_EDGE('',*,*,#1086,.F.);
#1553=ORIENTED_EDGE('',*,*,#1078,.F.);
#1554=ORIENTED_EDGE('',*,*,#1033,.T.);
#1555=ORIENTED_EDGE('',*,*,#929,.T.);
#1556=ORIENTED_EDGE('',*,*,#932,.F.);
#1557=ORIENTED_EDGE('',*,*,#998,.T.);
#1558=ORIENTED_EDGE('',*,*,#975,.T.);
#1559=ORIENTED_EDGE('',*,*,#1032,.F.);
#1560=ORIENTED_EDGE('',*,*,#1039,.F.);
#1561=ORIENTED_EDGE('',*,*,#1092,.T.);
#1562=ORIENTED_EDGE('',*,*,#913,.T.);
#1563=ORIENTED_EDGE('',*,*,#1014,.F.);
#1564=ORIENTED_EDGE('',*,*,#1108,.T.);
#1565=ORIENTED_EDGE('',*,*,#1104,.F.);
#1566=ORIENTED_EDGE('',*,*,#1107,.T.);
#1567=ORIENTED_EDGE('',*,*,#1109,.F.);
#1568=ORIENTED_EDGE('',*,*,#1110,.F.);
#1569=ORIENTED_EDGE('',*,*,#1007,.F.);
#1570=ORIENTED_EDGE('',*,*,#1091,.F.);
#1571=ORIENTED_EDGE('',*,*,#1041,.F.);
#1572=ORIENTED_EDGE('',*,*,#1111,.T.);
#1573=ORIENTED_EDGE('',*,*,#1047,.F.);
#1574=ORIENTED_EDGE('',*,*,#1111,.F.);
#1575=ORIENTED_EDGE('',*,*,#1040,.F.);
#1576=ORIENTED_EDGE('',*,*,#1112,.T.);
#1577=ORIENTED_EDGE('',*,*,#1044,.F.);
#1578=ORIENTED_EDGE('',*,*,#1112,.F.);
#1579=ORIENTED_EDGE('',*,*,#870,.T.);
#1580=ORIENTED_EDGE('',*,*,#905,.T.);
#1581=ORIENTED_EDGE('',*,*,#917,.F.);
#1582=ORIENTED_EDGE('',*,*,#1096,.F.);
#1583=ORIENTED_EDGE('',*,*,#1099,.F.);
#1584=ORIENTED_EDGE('',*,*,#1102,.F.);
#1585=ORIENTED_EDGE('',*,*,#1105,.F.);
#1586=ORIENTED_EDGE('',*,*,#1108,.F.);
#1587=ORIENTED_EDGE('',*,*,#1013,.F.);
#1588=ORIENTED_EDGE('',*,*,#901,.T.);
#1589=ORIENTED_EDGE('',*,*,#900,.T.);
#1590=ORIENTED_EDGE('',*,*,#878,.T.);
#1591=ORIENTED_EDGE('',*,*,#1113,.F.);
#1592=ORIENTED_EDGE('',*,*,#1109,.T.);
#1593=ORIENTED_EDGE('',*,*,#1106,.T.);
#1594=ORIENTED_EDGE('',*,*,#997,.T.);
#1595=ORIENTED_EDGE('',*,*,#1008,.F.);
#1596=ORIENTED_EDGE('',*,*,#1110,.T.);
#1597=ORIENTED_EDGE('',*,*,#1113,.T.);
#1598=ORIENTED_EDGE('',*,*,#996,.T.);
#1599=ORIENTED_EDGE('',*,*,#976,.T.);
#1600=ORIENTED_EDGE('',*,*,#950,.F.);
#1601=ORIENTED_EDGE('',*,*,#1001,.T.);
#1602=ORIENTED_EDGE('',*,*,#1002,.T.);
#1603=ORIENTED_EDGE('',*,*,#988,.F.);
#1604=PLANE('',#1784);
#1605=PLANE('',#1785);
#1606=PLANE('',#1792);
#1607=PLANE('',#1793);
#1608=PLANE('',#1794);
#1609=PLANE('',#1795);
#1610=PLANE('',#1796);
#1611=PLANE('',#1797);
#1612=PLANE('',#1798);
#1613=PLANE('',#1799);
#1614=PLANE('',#1800);
#1615=PLANE('',#1803);
#1616=PLANE('',#1804);
#1617=PLANE('',#1805);
#1618=PLANE('',#1806);
#1619=PLANE('',#1807);
#1620=PLANE('',#1808);
#1621=PLANE('',#1809);
#1622=PLANE('',#1810);
#1623=PLANE('',#1811);
#1624=PLANE('',#1812);
#1625=PLANE('',#1813);
#1626=PLANE('',#1814);
#1627=PLANE('',#1815);
#1628=PLANE('',#1816);
#1629=PLANE('',#1817);
#1630=PLANE('',#1818);
#1631=PLANE('',#1819);
#1632=PLANE('',#1820);
#1633=PLANE('',#1821);
#1634=PLANE('',#1822);
#1635=PLANE('',#1823);
#1636=PLANE('',#1824);
#1637=PLANE('',#1825);
#1638=PLANE('',#1826);
#1639=PLANE('',#1827);
#1640=PLANE('',#1828);
#1641=PLANE('',#1829);
#1642=PLANE('',#1832);
#1643=PLANE('',#1833);
#1644=PLANE('',#1834);
#1645=PLANE('',#1835);
#1646=PLANE('',#1840);
#1647=PLANE('',#1844);
#1648=PLANE('',#1846);
#1649=PLANE('',#1848);
#1650=PLANE('',#1849);
#1651=PLANE('',#1850);
#1652=PLANE('',#1851);
#1653=PLANE('',#1852);
#1654=PLANE('',#1853);
#1655=PLANE('',#1854);
#1656=PLANE('',#1856);
#1657=PLANE('',#1857);
#1658=PLANE('',#1858);
#1659=PLANE('',#1859);
#1660=PLANE('',#1860);
#1661=PLANE('',#1861);
#1662=PLANE('',#1862);
#1663=PLANE('',#1863);
#1664=PLANE('',#1864);
#1665=PLANE('',#1865);
#1666=PLANE('',#1866);
#1667=PLANE('',#1869);
#1668=PLANE('',#1870);
#1669=PLANE('',#1871);
#1670=PLANE('',#1872);
#1671=PLANE('',#1873);
#1672=PLANE('',#1874);
#1673=PLANE('',#1875);
#1674=PLANE('',#1876);
#1675=PLANE('',#1877);
#1676=PLANE('',#1878);
#1677=PLANE('',#1879);
#1678=PLANE('',#1880);
#1679=PLANE('',#1881);
#1680=PLANE('',#1884);
#1681=PLANE('',#1885);
#1682=PLANE('',#1886);
#1683=ADVANCED_FACE('',(#57,#39),#1604,.F.);
#1684=ADVANCED_FACE('',(#58),#1605,.T.);
#1685=ADVANCED_FACE('',(#59),#31,.F.);
#1686=ADVANCED_FACE('',(#60),#32,.F.);
#1687=ADVANCED_FACE('',(#61),#1606,.T.);
#1688=ADVANCED_FACE('',(#62),#1607,.T.);
#1689=ADVANCED_FACE('',(#63),#1608,.T.);
#1690=ADVANCED_FACE('',(#64,#40,#41),#1609,.T.);
#1691=ADVANCED_FACE('',(#65),#1610,.T.);
#1692=ADVANCED_FACE('',(#66,#42,#43),#1611,.T.);
#1693=ADVANCED_FACE('',(#67,#44),#1612,.T.);
#1694=ADVANCED_FACE('',(#68),#1613,.F.);
#1695=ADVANCED_FACE('',(#69,#45,#46),#1614,.T.);
#1696=ADVANCED_FACE('',(#70),#1615,.T.);
#1697=ADVANCED_FACE('',(#71),#1616,.F.);
#1698=ADVANCED_FACE('',(#72),#1617,.F.);
#1699=ADVANCED_FACE('',(#73),#1618,.F.);
#1700=ADVANCED_FACE('',(#74),#1619,.F.);
#1701=ADVANCED_FACE('',(#75),#1620,.F.);
#1702=ADVANCED_FACE('',(#76),#1621,.F.);
#1703=ADVANCED_FACE('',(#77),#1622,.T.);
#1704=ADVANCED_FACE('',(#78),#1623,.F.);
#1705=ADVANCED_FACE('',(#79),#1624,.T.);
#1706=ADVANCED_FACE('',(#80),#1625,.T.);
#1707=ADVANCED_FACE('',(#81),#1626,.T.);
#1708=ADVANCED_FACE('',(#82),#1627,.F.);
#1709=ADVANCED_FACE('',(#83),#1628,.T.);
#1710=ADVANCED_FACE('',(#84),#1629,.T.);
#1711=ADVANCED_FACE('',(#85),#1630,.T.);
#1712=ADVANCED_FACE('',(#86),#1631,.F.);
#1713=ADVANCED_FACE('',(#87),#1632,.T.);
#1714=ADVANCED_FACE('',(#88),#1633,.T.);
#1715=ADVANCED_FACE('',(#89),#1634,.T.);
#1716=ADVANCED_FACE('',(#90),#1635,.T.);
#1717=ADVANCED_FACE('',(#91),#1636,.F.);
#1718=ADVANCED_FACE('',(#92),#1637,.T.);
#1719=ADVANCED_FACE('',(#93),#1638,.F.);
#1720=ADVANCED_FACE('',(#94),#1639,.T.);
#1721=ADVANCED_FACE('',(#95),#1640,.F.);
#1722=ADVANCED_FACE('',(#96,#47,#48),#1641,.T.);
#1723=ADVANCED_FACE('',(#97),#1642,.F.);
#1724=ADVANCED_FACE('',(#98,#49,#50),#1643,.F.);
#1725=ADVANCED_FACE('',(#99),#1644,.F.);
#1726=ADVANCED_FACE('',(#100,#51,#52),#1645,.F.);
#1727=ADVANCED_FACE('',(#101),#33,.F.);
#1728=ADVANCED_FACE('',(#102,#53),#1646,.T.);
#1729=ADVANCED_FACE('',(#103),#34,.F.);
#1730=ADVANCED_FACE('',(#104,#54),#1647,.T.);
#1731=ADVANCED_FACE('',(#105,#55),#1648,.F.);
#1732=ADVANCED_FACE('',(#106),#1649,.F.);
#1733=ADVANCED_FACE('',(#107),#1650,.F.);
#1734=ADVANCED_FACE('',(#108),#1651,.F.);
#1735=ADVANCED_FACE('',(#109),#1652,.F.);
#1736=ADVANCED_FACE('',(#110),#1653,.F.);
#1737=ADVANCED_FACE('',(#111),#1654,.F.);
#1738=ADVANCED_FACE('',(#112,#56),#1655,.F.);
#1739=ADVANCED_FACE('',(#113),#1656,.F.);
#1740=ADVANCED_FACE('',(#114),#1657,.F.);
#1741=ADVANCED_FACE('',(#115),#1658,.F.);
#1742=ADVANCED_FACE('',(#116),#1659,.F.);
#1743=ADVANCED_FACE('',(#117),#1660,.F.);
#1744=ADVANCED_FACE('',(#118),#1661,.F.);
#1745=ADVANCED_FACE('',(#119),#1662,.F.);
#1746=ADVANCED_FACE('',(#120),#1663,.F.);
#1747=ADVANCED_FACE('',(#121),#1664,.F.);
#1748=ADVANCED_FACE('',(#122),#1665,.F.);
#1749=ADVANCED_FACE('',(#123),#1666,.F.);
#1750=ADVANCED_FACE('',(#124),#35,.F.);
#1751=ADVANCED_FACE('',(#125),#36,.F.);
#1752=ADVANCED_FACE('',(#126),#1667,.T.);
#1753=ADVANCED_FACE('',(#127),#1668,.T.);
#1754=ADVANCED_FACE('',(#128),#1669,.T.);
#1755=ADVANCED_FACE('',(#129),#1670,.T.);
#1756=ADVANCED_FACE('',(#130),#1671,.T.);
#1757=ADVANCED_FACE('',(#131),#1672,.T.);
#1758=ADVANCED_FACE('',(#132),#1673,.T.);
#1759=ADVANCED_FACE('',(#133),#1674,.T.);
#1760=ADVANCED_FACE('',(#134),#1675,.F.);
#1761=ADVANCED_FACE('',(#135),#1676,.T.);
#1762=ADVANCED_FACE('',(#136),#1677,.F.);
#1763=ADVANCED_FACE('',(#137),#1678,.T.);
#1764=ADVANCED_FACE('',(#138),#1679,.T.);
#1765=ADVANCED_FACE('',(#139),#37,.F.);
#1766=ADVANCED_FACE('',(#140),#38,.F.);
#1767=ADVANCED_FACE('',(#141),#1680,.F.);
#1768=ADVANCED_FACE('',(#142),#1681,.T.);
#1769=ADVANCED_FACE('',(#143),#1682,.T.);
#1770=CLOSED_SHELL('',(#1683,#1684,#1685,#1686,#1687,#1688,#1689,#1690,
#1691,#1692,#1693,#1694,#1695,#1696,#1697,#1698,#1699,#1700,#1701,#1702,
#1703,#1704,#1705,#1706,#1707,#1708,#1709,#1710,#1711,#1712,#1713,#1714,
#1715,#1716,#1717,#1718,#1719,#1720,#1721,#1722,#1723,#1724,#1725,#1726,
#1727,#1728,#1729,#1730,#1731,#1732,#1733,#1734,#1735,#1736,#1737,#1738,
#1739,#1740,#1741,#1742,#1743,#1744,#1745,#1746,#1747,#1748,#1749,#1750,
#1751,#1752,#1753,#1754,#1755,#1756,#1757,#1758,#1759,#1760,#1761,#1762,
#1763,#1764,#1765,#1766,#1767,#1768,#1769));
#1771=DERIVED_UNIT_ELEMENT(#1773,1.);
#1772=DERIVED_UNIT_ELEMENT(#2823,-3.);
#1773=(
MASS_UNIT()
NAMED_UNIT(*)
SI_UNIT(.KILO.,.GRAM.)
);
#1774=DERIVED_UNIT((#1771,#1772));
#1775=MEASURE_REPRESENTATION_ITEM('density measure',
POSITIVE_RATIO_MEASURE(7850.),#1774);
#1776=PROPERTY_DEFINITION_REPRESENTATION(#1781,#1778);
#1777=PROPERTY_DEFINITION_REPRESENTATION(#1782,#1779);
#1778=REPRESENTATION('material name',(#1780),#2821);
#1779=REPRESENTATION('density',(#1775),#2821);
#1780=DESCRIPTIVE_REPRESENTATION_ITEM('Acier','Acier');
#1781=PROPERTY_DEFINITION('material property','material name',#2830);
#1782=PROPERTY_DEFINITION('material property','density of part',#2830);
#1783=AXIS2_PLACEMENT_3D('',#2324,#1887,#1888);
#1784=AXIS2_PLACEMENT_3D('',#2325,#1889,#1890);
#1785=AXIS2_PLACEMENT_3D('',#2344,#1900,#1901);
#1786=AXIS2_PLACEMENT_3D('',#2350,#1905,#1906);
#1787=AXIS2_PLACEMENT_3D('',#2352,#1907,#1908);
#1788=AXIS2_PLACEMENT_3D('',#2355,#1910,#1911);
#1789=AXIS2_PLACEMENT_3D('',#2356,#1912,#1913);
#1790=AXIS2_PLACEMENT_3D('',#2358,#1914,#1915);
#1791=AXIS2_PLACEMENT_3D('',#2361,#1917,#1918);
#1792=AXIS2_PLACEMENT_3D('',#2362,#1919,#1920);
#1793=AXIS2_PLACEMENT_3D('',#2368,#1924,#1925);
#1794=AXIS2_PLACEMENT_3D('',#2372,#1928,#1929);
#1795=AXIS2_PLACEMENT_3D('',#2376,#1932,#1933);
#1796=AXIS2_PLACEMENT_3D('',#2378,#1935,#1936);
#1797=AXIS2_PLACEMENT_3D('',#2384,#1940,#1941);
#1798=AXIS2_PLACEMENT_3D('',#2386,#1943,#1944);
#1799=AXIS2_PLACEMENT_3D('',#2390,#1947,#1948);
#1800=AXIS2_PLACEMENT_3D('',#2400,#1954,#1955);
#1801=AXIS2_PLACEMENT_3D('',#2425,#1968,#1969);
#1802=AXIS2_PLACEMENT_3D('',#2427,#1970,#1971);
#1803=AXIS2_PLACEMENT_3D('',#2428,#1972,#1973);
#1804=AXIS2_PLACEMENT_3D('',#2436,#1978,#1979);
#1805=AXIS2_PLACEMENT_3D('',#2449,#1986,#1987);
#1806=AXIS2_PLACEMENT_3D('',#2455,#1991,#1992);
#1807=AXIS2_PLACEMENT_3D('',#2469,#2000,#2001);
#1808=AXIS2_PLACEMENT_3D('',#2473,#2004,#2005);
#1809=AXIS2_PLACEMENT_3D('',#2482,#2010,#2011);
#1810=AXIS2_PLACEMENT_3D('',#2488,#2015,#2016);
#1811=AXIS2_PLACEMENT_3D('',#2494,#2020,#2021);
#1812=AXIS2_PLACEMENT_3D('',#2503,#2026,#2027);
#1813=AXIS2_PLACEMENT_3D('',#2509,#2031,#2032);
#1814=AXIS2_PLACEMENT_3D('',#2519,#2038,#2039);
#1815=AXIS2_PLACEMENT_3D('',#2525,#2043,#2044);
#1816=AXIS2_PLACEMENT_3D('',#2528,#2047,#2048);
#1817=AXIS2_PLACEMENT_3D('',#2535,#2053,#2054);
#1818=AXIS2_PLACEMENT_3D('',#2541,#2058,#2059);
#1819=AXIS2_PLACEMENT_3D('',#2549,#2064,#2065);
#1820=AXIS2_PLACEMENT_3D('',#2555,#2069,#2070);
#1821=AXIS2_PLACEMENT_3D('',#2568,#2078,#2079);
#1822=AXIS2_PLACEMENT_3D('',#2572,#2082,#2083);
#1823=AXIS2_PLACEMENT_3D('',#2575,#2086,#2087);
#1824=AXIS2_PLACEMENT_3D('',#2577,#2089,#2090);
#1825=AXIS2_PLACEMENT_3D('',#2583,#2094,#2095);
#1826=AXIS2_PLACEMENT_3D('',#2585,#2097,#2098);
#1827=AXIS2_PLACEMENT_3D('',#2587,#2100,#2101);
#1828=AXIS2_PLACEMENT_3D('',#2591,#2104,#2105);
#1829=AXIS2_PLACEMENT_3D('',#2593,#2107,#2108);
#1830=AXIS2_PLACEMENT_3D('',#2606,#2115,#2116);
#1831=AXIS2_PLACEMENT_3D('',#2608,#2117,#2118);
#1832=AXIS2_PLACEMENT_3D('',#2609,#2119,#2120);
#1833=AXIS2_PLACEMENT_3D('',#2613,#2123,#2124);
#1834=AXIS2_PLACEMENT_3D('',#2648,#2143,#2144);
#1835=AXIS2_PLACEMENT_3D('',#2652,#2147,#2148);
#1836=AXIS2_PLACEMENT_3D('',#2667,#2156,#2157);
#1837=AXIS2_PLACEMENT_3D('',#2669,#2158,#2159);
#1838=AXIS2_PLACEMENT_3D('',#2670,#2160,#2161);
#1839=AXIS2_PLACEMENT_3D('',#2672,#2162,#2163);
#1840=AXIS2_PLACEMENT_3D('',#2674,#2165,#2166);
#1841=AXIS2_PLACEMENT_3D('',#2676,#2167,#2168);
#1842=AXIS2_PLACEMENT_3D('',#2677,#2169,#2170);
#1843=AXIS2_PLACEMENT_3D('',#2679,#2171,#2172);
#1844=AXIS2_PLACEMENT_3D('',#2681,#2174,#2175);
#1845=AXIS2_PLACEMENT_3D('',#2683,#2176,#2177);
#1846=AXIS2_PLACEMENT_3D('',#2684,#2178,#2179);
#1847=AXIS2_PLACEMENT_3D('',#2698,#2186,#2187);
#1848=AXIS2_PLACEMENT_3D('',#2699,#2188,#2189);
#1849=AXIS2_PLACEMENT_3D('',#2702,#2192,#2193);
#1850=AXIS2_PLACEMENT_3D('',#2704,#2195,#2196);
#1851=AXIS2_PLACEMENT_3D('',#2706,#2198,#2199);
#1852=AXIS2_PLACEMENT_3D('',#2708,#2201,#2202);
#1853=AXIS2_PLACEMENT_3D('',#2710,#2204,#2205);
#1854=AXIS2_PLACEMENT_3D('',#2711,#2206,#2207);
#1855=AXIS2_PLACEMENT_3D('',#2725,#2214,#2215);
#1856=AXIS2_PLACEMENT_3D('',#2726,#2216,#2217);
#1857=AXIS2_PLACEMENT_3D('',#2729,#2220,#2221);
#1858=AXIS2_PLACEMENT_3D('',#2731,#2223,#2224);
#1859=AXIS2_PLACEMENT_3D('',#2733,#2226,#2227);
#1860=AXIS2_PLACEMENT_3D('',#2735,#2229,#2230);
#1861=AXIS2_PLACEMENT_3D('',#2737,#2232,#2233);
#1862=AXIS2_PLACEMENT_3D('',#2738,#2234,#2235);
#1863=AXIS2_PLACEMENT_3D('',#2748,#2241,#2242);
#1864=AXIS2_PLACEMENT_3D('',#2754,#2246,#2247);
#1865=AXIS2_PLACEMENT_3D('',#2758,#2250,#2251);
#1866=AXIS2_PLACEMENT_3D('',#2760,#2253,#2254);
#1867=AXIS2_PLACEMENT_3D('',#2764,#2257,#2258);
#1868=AXIS2_PLACEMENT_3D('',#2766,#2260,#2261);
#1869=AXIS2_PLACEMENT_3D('',#2768,#2263,#2264);
#1870=AXIS2_PLACEMENT_3D('',#2771,#2267,#2268);
#1871=AXIS2_PLACEMENT_3D('',#2773,#2270,#2271);
#1872=AXIS2_PLACEMENT_3D('',#2776,#2274,#2275);
#1873=AXIS2_PLACEMENT_3D('',#2778,#2277,#2278);
#1874=AXIS2_PLACEMENT_3D('',#2784,#2282,#2283);
#1875=AXIS2_PLACEMENT_3D('',#2789,#2287,#2288);
#1876=AXIS2_PLACEMENT_3D('',#2793,#2291,#2292);
#1877=AXIS2_PLACEMENT_3D('',#2799,#2296,#2297);
#1878=AXIS2_PLACEMENT_3D('',#2803,#2300,#2301);
#1879=AXIS2_PLACEMENT_3D('',#2804,#2302,#2303);
#1880=AXIS2_PLACEMENT_3D('',#2805,#2304,#2305);
#1881=AXIS2_PLACEMENT_3D('',#2806,#2306,#2307);
#1882=AXIS2_PLACEMENT_3D('',#2811,#2311,#2312);
#1883=AXIS2_PLACEMENT_3D('',#2813,#2314,#2315);
#1884=AXIS2_PLACEMENT_3D('',#2815,#2317,#2318);
#1885=AXIS2_PLACEMENT_3D('',#2816,#2319,#2320);
#1886=AXIS2_PLACEMENT_3D('',#2818,#2322,#2323);
#1887=DIRECTION('axis',(0.,0.,1.));
#1888=DIRECTION('refdir',(1.,0.,0.));
#1889=DIRECTION('center_axis',(1.,3.74700270810993E-16,-1.13450915328883E-15));
#1890=DIRECTION('ref_axis',(-3.74700270810999E-16,1.,-5.00988139862101E-15));
#1891=DIRECTION('',(3.74700270810993E-16,-1.,-6.93889390390721E-17));
#1892=DIRECTION('',(-5.37266013205852E-16,-0.707106781186548,-0.707106781186547));
#1893=DIRECTION('',(-1.13450915328883E-15,-5.00988139862101E-15,-1.));
#1894=DIRECTION('',(3.74700270810999E-16,-1.,5.00988139862101E-15));
#1895=DIRECTION('',(1.13450915328883E-15,5.00988139862101E-15,1.));
#1896=DIRECTION('',(3.74700270810999E-16,-1.,5.00988139862101E-15));
#1897=DIRECTION('',(-1.13450915328883E-15,-5.00988139862101E-15,-1.));
#1898=DIRECTION('',(-3.74700270810999E-16,1.,-5.00988139862101E-15));
#1899=DIRECTION('',(1.13450915328883E-15,5.00988139862101E-15,1.));
#1900=DIRECTION('center_axis',(-3.74700270810999E-16,1.,-5.00988139862101E-15));
#1901=DIRECTION('ref_axis',(1.13450915328883E-15,5.00988139862101E-15,1.));
#1902=DIRECTION('',(-1.,-3.74700270811003E-16,-7.21644966006363E-16));
#1903=DIRECTION('',(1.13450915328883E-15,5.00988139862101E-15,1.));
#1904=DIRECTION('',(1.,3.74700270810993E-16,-1.13450915328883E-15));
#1905=DIRECTION('center_axis',(-1.08593689596148E-15,2.04928666628726E-15,
1.));
#1906=DIRECTION('ref_axis',(1.,1.24900090270337E-16,1.08593689596148E-15));
#1907=DIRECTION('center_axis',(1.13450915328883E-15,5.00988139862101E-15,
1.));
#1908=DIRECTION('ref_axis',(1.,1.24900090270337E-16,1.08593689596148E-15));
#1909=DIRECTION('',(-1.08593689596148E-15,2.04928666628726E-15,1.));
#1910=DIRECTION('center_axis',(-1.13450915328883E-15,-5.00988139862101E-15,
-1.));
#1911=DIRECTION('ref_axis',(1.,1.24900090270337E-16,1.08593689596148E-15));
#1912=DIRECTION('center_axis',(-1.08593689596148E-15,2.04928666628726E-15,
1.));
#1913=DIRECTION('ref_axis',(1.,1.24900090270337E-16,1.08593689596148E-15));
#1914=DIRECTION('center_axis',(1.13450915328883E-15,5.00988139862101E-15,
1.));
#1915=DIRECTION('ref_axis',(1.,1.24900090270337E-16,1.08593689596148E-15));
#1916=DIRECTION('',(-1.08593689596148E-15,2.04928666628726E-15,1.));
#1917=DIRECTION('center_axis',(-1.13450915328883E-15,-5.00988139862101E-15,
-1.));
#1918=DIRECTION('ref_axis',(1.,1.24900090270337E-16,1.08593689596148E-15));
#1919=DIRECTION('center_axis',(3.74700270810999E-16,-1.,5.00988139862101E-15));
#1920=DIRECTION('ref_axis',(-1.13450915328883E-15,-5.00988139862101E-15,
-1.));
#1921=DIRECTION('',(1.,3.74700270810993E-16,-1.13450915328883E-15));
#1922=DIRECTION('',(-1.13450915328883E-15,-5.00988139862101E-15,-1.));
#1923=DIRECTION('',(1.,3.74700270810993E-16,-1.13450915328883E-15));
#1924=DIRECTION('center_axis',(-1.13450915328883E-15,-5.00988139862101E-15,
-1.));
#1925=DIRECTION('ref_axis',(-3.74700270810999E-16,1.,-5.00988139862101E-15));
#1926=DIRECTION('',(-3.74700270810999E-16,1.,-5.00988139862101E-15));
#1927=DIRECTION('',(1.,3.74700270810993E-16,-1.13450915328883E-15));
#1928=DIRECTION('center_axis',(-3.74700270810999E-16,1.,-5.00988139862101E-15));
#1929=DIRECTION('ref_axis',(1.13450915328883E-15,5.00988139862101E-15,1.));
#1930=DIRECTION('',(1.13450915328883E-15,5.00988139862101E-15,1.));
#1931=DIRECTION('',(1.,3.74700270810993E-16,-1.13450915328883E-15));
#1932=DIRECTION('center_axis',(1.13450915328883E-15,5.00988139862101E-15,
1.));
#1933=DIRECTION('ref_axis',(3.74700270810999E-16,-1.,5.00988139862101E-15));
#1934=DIRECTION('',(3.74700270810999E-16,-1.,5.00988139862101E-15));
#1935=DIRECTION('center_axis',(3.74700270810999E-16,-1.,5.00988139862101E-15));
#1936=DIRECTION('ref_axis',(-1.13450915328883E-15,-5.00988139862101E-15,
-1.));
#1937=DIRECTION('',(1.,3.74700270810999E-16,-6.93889390390723E-17));
#1938=DIRECTION('',(1.,3.74700270810993E-16,-1.13450915328883E-15));
#1939=DIRECTION('',(-1.13450915328883E-15,-5.00988139862101E-15,-1.));
#1940=DIRECTION('center_axis',(-1.13450915328883E-15,-5.00988139862101E-15,
-1.));
#1941=DIRECTION('ref_axis',(-3.74700270810999E-16,1.,-5.00988139862101E-15));
#1942=DIRECTION('',(-3.74700270810999E-16,1.,-5.00988139862101E-15));
#1943=DIRECTION('center_axis',(1.,3.74700270810993E-16,-1.13450915328883E-15));
#1944=DIRECTION('ref_axis',(-1.13450915328883E-15,-5.00988139862101E-15,
-1.));
#1945=DIRECTION('',(-3.74700270810993E-16,1.,6.93889390390721E-17));
#1946=DIRECTION('',(5.37266013205852E-16,0.707106781186548,0.707106781186547));
#1947=DIRECTION('center_axis',(6.93889390390723E-17,-6.9388939039072E-17,
1.));
#1948=DIRECTION('ref_axis',(-1.97215226305253E-31,1.,6.9388939039072E-17));
#1949=DIRECTION('',(-1.,4.16333634234434E-16,6.93889390390723E-17));
#1950=DIRECTION('',(0.,1.,6.9388939039072E-17));
#1951=DIRECTION('',(1.,-7.44899637468095E-16,-6.93889390390723E-17));
#1952=DIRECTION('',(-3.46944695195362E-16,-1.,-6.9388939039072E-17));
#1953=DIRECTION('',(-1.,4.16333634234434E-16,6.93889390390723E-17));
#1954=DIRECTION('center_axis',(-1.,3.46944695195362E-16,0.));
#1955=DIRECTION('ref_axis',(-3.46944695195362E-16,-1.,0.));
#1956=DIRECTION('',(-5.33008185294251E-17,-0.219721323997859,0.975562678550501));
#1957=DIRECTION('',(1.11022302462516E-16,8.60422844084494E-16,1.));
#1958=DIRECTION('',(3.88578058618805E-16,1.,-8.60422844084494E-16));
#1959=DIRECTION('',(5.98597749873189E-16,0.707106781186548,0.707106781186547));
#1960=DIRECTION('',(3.88578058618805E-16,1.,-8.60422844084494E-16));
#1961=DIRECTION('',(-1.11022302462516E-16,-8.60422844084494E-16,-1.));
#1962=DIRECTION('',(0.,1.,0.));
#1963=DIRECTION('',(0.,0.,-1.));
#1964=DIRECTION('',(2.4532694666934E-16,0.707106781186547,0.707106781186549));
#1965=DIRECTION('',(3.46944695195362E-16,1.,0.));
#1966=DIRECTION('',(0.,0.,-1.));
#1967=DIRECTION('',(2.4532694666934E-16,0.707106781186548,0.707106781186547));
#1968=DIRECTION('center_axis',(-1.,3.46944695195362E-16,0.));
#1969=DIRECTION('ref_axis',(-3.46944695195362E-16,-1.,0.));
#1970=DIRECTION('center_axis',(-1.,3.46944695195362E-16,0.));
#1971=DIRECTION('ref_axis',(-3.46944695195362E-16,-1.,0.));
#1972=DIRECTION('center_axis',(-7.41942515136144E-16,-0.975562678550501,
-0.219721323997859));
#1973=DIRECTION('ref_axis',(-2.29303292529337E-17,0.219721323997859,-0.975562678550501));
#1974=DIRECTION('',(-2.29303292529339E-17,0.219721323997859,-0.975562678550501));
#1975=DIRECTION('',(-1.,7.35522753814167E-16,1.11022302462515E-16));
#1976=DIRECTION('',(-1.,7.35522753814167E-16,1.11022302462515E-16));
#1977=DIRECTION('',(-1.,7.35522753814167E-16,1.11022302462515E-16));
#1978=DIRECTION('center_axis',(-3.7470027081099E-16,-1.,9.71867009777019E-16));
#1979=DIRECTION('ref_axis',(1.11022302462516E-16,9.71867009777019E-16,1.));
#1980=DIRECTION('',(0.,-9.71867009777019E-16,-1.));
#1981=DIRECTION('',(-1.,3.7470027081099E-16,1.11022302462515E-16));
#1982=DIRECTION('',(1.11022302462516E-16,9.71867009777019E-16,1.));
#1983=DIRECTION('',(0.707106781186548,4.22260650621935E-16,0.707106781186547));
#1984=DIRECTION('',(1.11022302462516E-16,9.71867009777019E-16,1.));
#1985=DIRECTION('',(1.,-3.7470027081099E-16,0.));
#1986=DIRECTION('center_axis',(-1.,3.88578058618805E-16,1.11022302462515E-16));
#1987=DIRECTION('ref_axis',(1.11022302462516E-16,8.60422844084494E-16,1.));
#1988=DIRECTION('',(3.88578058618805E-16,1.,-8.60422844084494E-16));
#1989=DIRECTION('',(-1.11022302462516E-16,-8.60422844084494E-16,-1.));
#1990=DIRECTION('',(3.88578058618805E-16,1.,-8.60422844084494E-16));
#1991=DIRECTION('center_axis',(-0.707106781186547,8.83177008009622E-16,
0.707106781186548));
#1992=DIRECTION('ref_axis',(0.707106781186548,3.336446474703E-16,0.707106781186547));
#1993=DIRECTION('',(3.88578058618805E-16,1.,-8.60422844084494E-16));
#1994=DIRECTION('',(-0.707106781186548,-3.336446474703E-16,-0.707106781186547));
#1995=DIRECTION('',(3.88578058618805E-16,1.,-8.60422844084494E-16));
#1996=DIRECTION('',(-0.707106781186548,-3.336446474703E-16,-0.707106781186547));
#1997=DIRECTION('',(3.88578058618805E-16,1.,-8.60422844084494E-16));
#1998=DIRECTION('',(0.707106781186548,8.83177008009601E-17,0.707106781186547));
#1999=DIRECTION('',(0.577350269189626,0.577350269189625,0.577350269189625));
#2000=DIRECTION('center_axis',(-1.,3.88578058618805E-16,1.11022302462515E-16));
#2001=DIRECTION('ref_axis',(1.11022302462516E-16,8.60422844084494E-16,1.));
#2002=DIRECTION('',(3.88578058618805E-16,1.,-8.60422844084494E-16));
#2003=DIRECTION('',(1.11022302462516E-16,8.60422844084494E-16,1.));
#2004=DIRECTION('center_axis',(-1.11022302462516E-16,-8.60422844084494E-16,
-1.));
#2005=DIRECTION('ref_axis',(-1.,3.88578058618805E-16,1.11022302462515E-16));
#2006=DIRECTION('',(1.,-3.88578058618805E-16,-1.11022302462515E-16));
#2007=DIRECTION('',(3.88578058618805E-16,1.,-8.60422844084494E-16));
#2008=DIRECTION('',(1.,-3.88578058618805E-16,-1.11022302462515E-16));
#2009=DIRECTION('',(3.88578058618805E-16,1.,-8.60422844084494E-16));
#2010=DIRECTION('center_axis',(-1.11022302462516E-16,-8.60422844084494E-16,
-1.));
#2011=DIRECTION('ref_axis',(-1.,3.88578058618805E-16,1.11022302462515E-16));
#2012=DIRECTION('',(1.,-3.88578058618805E-16,-1.11022302462515E-16));
#2013=DIRECTION('',(-1.,7.35522753814167E-16,1.11022302462515E-16));
#2014=DIRECTION('',(3.88578058618805E-16,1.,-8.60422844084494E-16));
#2015=DIRECTION('center_axis',(-1.,3.88578058618805E-16,1.11022302462515E-16));
#2016=DIRECTION('ref_axis',(1.11022302462516E-16,8.60422844084494E-16,1.));
#2017=DIRECTION('',(1.11022302462516E-16,8.60422844084494E-16,1.));
#2018=DIRECTION('',(-3.88578058618805E-16,-1.,8.60422844084494E-16));
#2019=DIRECTION('',(1.11022302462516E-16,8.60422844084494E-16,1.));
#2020=DIRECTION('center_axis',(-1.11022302462516E-16,-8.60422844084494E-16,
-1.));
#2021=DIRECTION('ref_axis',(-1.,3.88578058618805E-16,1.11022302462515E-16));
#2022=DIRECTION('',(1.,-3.88578058618805E-16,-1.11022302462515E-16));
#2023=DIRECTION('',(3.88578058618805E-16,1.,-8.60422844084494E-16));
#2024=DIRECTION('',(-1.,7.35522753814167E-16,1.11022302462515E-16));
#2025=DIRECTION('',(3.88578058618805E-16,1.,-8.60422844084494E-16));
#2026=DIRECTION('center_axis',(-1.,3.88578058618805E-16,1.11022302462515E-16));
#2027=DIRECTION('ref_axis',(1.11022302462516E-16,8.60422844084494E-16,1.));
#2028=DIRECTION('',(1.11022302462516E-16,8.60422844084494E-16,1.));
#2029=DIRECTION('',(-3.88578058618805E-16,-1.,8.60422844084494E-16));
#2030=DIRECTION('',(-1.11022302462516E-16,-8.60422844084494E-16,-1.));
#2031=DIRECTION('center_axis',(-0.707106781186548,-3.33644647470301E-16,
-0.707106781186547));
#2032=DIRECTION('ref_axis',(-0.707106781186547,8.83177008009622E-16,0.707106781186548));
#2033=DIRECTION('',(-0.707106781186547,8.83177008009622E-16,0.707106781186548));
#2034=DIRECTION('',(-0.577350269189623,-0.57735026918963,0.577350269189624));
#2035=DIRECTION('',(-3.88578058618805E-16,-1.,8.60422844084494E-16));
#2036=DIRECTION('',(-0.577350269189628,0.577350269189621,0.577350269189628));
#2037=DIRECTION('',(0.707106781186547,-1.12850395467896E-15,-0.707106781186548));
#2038=DIRECTION('center_axis',(-1.,3.88578058618805E-16,1.11022302462515E-16));
#2039=DIRECTION('ref_axis',(1.11022302462516E-16,8.60422844084494E-16,1.));
#2040=DIRECTION('',(-1.11022302462516E-16,-8.60422844084494E-16,-1.));
#2041=DIRECTION('',(-3.88578058618805E-16,-1.,8.60422844084494E-16));
#2042=DIRECTION('',(-1.11022302462516E-16,-8.60422844084494E-16,-1.));
#2043=DIRECTION('center_axis',(-1.,3.88578058618805E-16,1.11022302462515E-16));
#2044=DIRECTION('ref_axis',(1.11022302462516E-16,8.60422844084494E-16,1.));
#2045=DIRECTION('',(1.11022302462516E-16,8.60422844084494E-16,1.));
#2046=DIRECTION('',(1.11022302462516E-16,8.60422844084494E-16,1.));
#2047=DIRECTION('center_axis',(-7.35522753814167E-16,-1.,8.60422844084494E-16));
#2048=DIRECTION('ref_axis',(1.,-7.35522753814167E-16,-1.11022302462515E-16));
#2049=DIRECTION('',(-1.11022302462516E-16,-8.60422844084494E-16,-1.));
#2050=DIRECTION('',(1.,-7.35522753814167E-16,-1.11022302462515E-16));
#2051=DIRECTION('',(-1.11022302462516E-16,-8.60422844084494E-16,-1.));
#2052=DIRECTION('',(-2.66541638848503E-17,8.60422844084494E-16,1.));
#2053=DIRECTION('center_axis',(-7.35522753814167E-16,-1.,8.60422844084494E-16));
#2054=DIRECTION('ref_axis',(1.,-7.35522753814167E-16,-1.11022302462515E-16));
#2055=DIRECTION('',(1.11022302462516E-16,8.60422844084494E-16,1.));
#2056=DIRECTION('',(1.11022302462516E-16,8.60422844084494E-16,1.));
#2057=DIRECTION('',(1.,-7.35522753814167E-16,-1.11022302462515E-16));
#2058=DIRECTION('center_axis',(-3.88578058618805E-16,-1.,8.60422844084494E-16));
#2059=DIRECTION('ref_axis',(-1.11022302462516E-16,-8.60422844084494E-16,
-1.));
#2060=DIRECTION('',(-0.707106781186547,8.83177008009622E-16,0.707106781186548));
#2061=DIRECTION('',(-1.11022302462516E-16,-8.60422844084494E-16,-1.));
#2062=DIRECTION('',(1.,-3.88578058618805E-16,-1.11022302462515E-16));
#2063=DIRECTION('',(1.11022302462516E-16,8.60422844084494E-16,1.));
#2064=DIRECTION('center_axis',(-3.88578058618805E-16,-1.,8.60422844084494E-16));
#2065=DIRECTION('ref_axis',(-1.11022302462516E-16,-8.60422844084494E-16,
-1.));
#2066=DIRECTION('',(1.,-3.88578058618805E-16,-1.11022302462515E-16));
#2067=DIRECTION('',(1.11022302462516E-16,8.60422844084494E-16,1.));
#2068=DIRECTION('',(1.11022302462516E-16,8.60422844084494E-16,1.));
#2069=DIRECTION('center_axis',(3.88578058618805E-16,1.,-8.60422844084494E-16));
#2070=DIRECTION('ref_axis',(1.11022302462516E-16,8.60422844084494E-16,1.));
#2071=DIRECTION('',(1.,-3.88578058618805E-16,-1.11022302462515E-16));
#2072=DIRECTION('',(1.,-3.88578058618805E-16,-1.11022302462515E-16));
#2073=DIRECTION('',(-1.11022302462516E-16,-8.60422844084494E-16,-1.));
#2074=DIRECTION('',(1.,-3.88578058618805E-16,-1.11022302462515E-16));
#2075=DIRECTION('',(1.11022302462516E-16,8.60422844084494E-16,1.));
#2076=DIRECTION('',(0.707106781186547,-8.83177008009622E-16,-0.707106781186548));
#2077=DIRECTION('',(1.,-3.88578058618805E-16,-1.11022302462515E-16));
#2078=DIRECTION('center_axis',(1.11022302462516E-16,8.60422844084494E-16,
1.));
#2079=DIRECTION('ref_axis',(1.,-3.88578058618805E-16,-1.11022302462515E-16));
#2080=DIRECTION('',(1.,-3.88578058618805E-16,-1.11022302462515E-16));
#2081=DIRECTION('',(-3.88578058618805E-16,-1.,8.60422844084494E-16));
#2082=DIRECTION('center_axis',(-1.96261557335472E-16,-0.707106781186547,
0.707106781186548));
#2083=DIRECTION('ref_axis',(-1.,3.88578058618805E-16,1.11022302462515E-16));
#2084=DIRECTION('',(1.,-3.88578058618805E-16,-1.11022302462515E-16));
#2085=DIRECTION('',(-3.53270803203849E-16,-0.707106781186548,-0.707106781186547));
#2086=DIRECTION('center_axis',(-0.707106781186552,0.707106781186543,-5.29906204805769E-16));
#2087=DIRECTION('ref_axis',(-1.11022302462516E-16,-8.60422844084494E-16,
-1.));
#2088=DIRECTION('',(0.707106781186543,0.707106781186552,-6.86915450674154E-16));
#2089=DIRECTION('center_axis',(0.707106781186552,0.707106781186543,-6.86915450674147E-16));
#2090=DIRECTION('ref_axis',(1.11022302462516E-16,8.60422844084494E-16,1.));
#2091=DIRECTION('',(0.707106781186542,-0.707106781186553,5.29906204805778E-16));
#2092=DIRECTION('',(-0.577350269189623,0.577350269189632,0.577350269189623));
#2093=DIRECTION('',(-1.11022302462516E-16,-8.60422844084494E-16,-1.));
#2094=DIRECTION('center_axis',(0.707106781186547,-0.707106781186548,5.29906204805773E-16));
#2095=DIRECTION('ref_axis',(-1.11022302462516E-16,-8.60422844084494E-16,
-1.));
#2096=DIRECTION('',(-0.707106781186548,-0.707106781186547,6.8691545067415E-16));
#2097=DIRECTION('center_axis',(0.707106781186543,0.707106781186552,-6.86915450674153E-16));
#2098=DIRECTION('ref_axis',(-1.11022302462516E-16,-8.60422844084494E-16,
-1.));
#2099=DIRECTION('',(0.707106781186552,-0.707106781186543,5.29906204805768E-16));
#2100=DIRECTION('center_axis',(-3.88578058618805E-16,-1.,8.60422844084494E-16));
#2101=DIRECTION('ref_axis',(-1.11022302462516E-16,-8.60422844084494E-16,
-1.));
#2102=DIRECTION('',(1.,-3.88578058618805E-16,-1.11022302462515E-16));
#2103=DIRECTION('',(0.707106781186547,-8.83177008009622E-16,-0.707106781186548));
#2104=DIRECTION('center_axis',(1.11022302462516E-16,8.60422844084494E-16,
1.));
#2105=DIRECTION('ref_axis',(1.,-3.88578058618805E-16,-1.11022302462515E-16));
#2106=DIRECTION('',(3.88578058618805E-16,1.,-8.60422844084494E-16));
#2107=DIRECTION('center_axis',(-1.,0.,0.));
#2108=DIRECTION('ref_axis',(0.,0.,1.));
#2109=DIRECTION('',(0.,1.,0.));
#2110=DIRECTION('',(0.,0.,-1.));
#2111=DIRECTION('',(0.,0.707106781186547,0.707106781186549));
#2112=DIRECTION('',(0.,1.,0.));
#2113=DIRECTION('',(0.,0.,-1.));
#2114=DIRECTION('',(-3.88578058618805E-16,-1.,8.60422844084494E-16));
#2115=DIRECTION('center_axis',(-1.,0.,0.));
#2116=DIRECTION('ref_axis',(0.,0.,1.));
#2117=DIRECTION('center_axis',(-1.,0.,0.));
#2118=DIRECTION('ref_axis',(0.,0.,1.));
#2119=DIRECTION('center_axis',(0.,0.,-1.));
#2120=DIRECTION('ref_axis',(-1.,0.,0.));
#2121=DIRECTION('',(0.,1.,0.));
#2122=DIRECTION('',(-1.,0.,0.));
#2123=DIRECTION('center_axis',(-1.,0.,0.));
#2124=DIRECTION('ref_axis',(0.,0.,1.));
#2125=DIRECTION('',(0.,-0.707106781186548,-0.707106781186547));
#2126=DIRECTION('',(0.,0.,1.));
#2127=DIRECTION('',(0.,-1.,0.));
#2128=DIRECTION('',(0.,-0.707106781186547,-0.707106781186549));
#2129=DIRECTION('',(0.,0.,-1.));
#2130=DIRECTION('',(-3.3436794999453E-16,-1.,8.60422844084494E-16));
#2131=DIRECTION('',(0.,0.,1.));
#2132=DIRECTION('',(0.,0.866025403784439,0.5));
#2133=DIRECTION('',(0.,0.866025403784439,-0.5));
#2134=DIRECTION('',(0.,0.,-1.));
#2135=DIRECTION('',(0.,-0.866025403784439,-0.5));
#2136=DIRECTION('',(0.,-0.866025403784439,0.5));
#2137=DIRECTION('',(0.,0.,1.));
#2138=DIRECTION('',(0.,0.866025403784439,0.499999999999999));
#2139=DIRECTION('',(0.,0.866025403784438,-0.5));
#2140=DIRECTION('',(0.,-4.0740734881008E-15,-1.));
#2141=DIRECTION('',(0.,-0.866025403784439,-0.5));
#2142=DIRECTION('',(0.,-0.866025403784438,0.5));
#2143=DIRECTION('center_axis',(0.,0.,-1.));
#2144=DIRECTION('ref_axis',(-1.,0.,0.));
#2145=DIRECTION('',(2.89120579329468E-16,-1.,0.));
#2146=DIRECTION('',(-1.,0.,0.));
#2147=DIRECTION('center_axis',(-1.,0.,0.));
#2148=DIRECTION('ref_axis',(0.,-1.,0.));
#2149=DIRECTION('',(0.,-1.,0.));
#2150=DIRECTION('',(0.,0.,-1.));
#2151=DIRECTION('',(3.46944695195362E-16,1.,0.));
#2152=DIRECTION('',(0.,0.,-1.));
#2153=DIRECTION('',(0.,1.,0.));
#2154=DIRECTION('',(0.,0.707106781186547,0.707106781186549));
#2155=DIRECTION('',(0.,0.,-1.));
#2156=DIRECTION('center_axis',(-1.,0.,0.));
#2157=DIRECTION('ref_axis',(0.,0.,1.));
#2158=DIRECTION('center_axis',(-1.,0.,0.));
#2159=DIRECTION('ref_axis',(0.,0.,1.));
#2160=DIRECTION('center_axis',(-1.,3.46944695195362E-16,0.));
#2161=DIRECTION('ref_axis',(-3.46944695195362E-16,-1.,0.));
#2162=DIRECTION('center_axis',(-1.,0.,0.));
#2163=DIRECTION('ref_axis',(0.,0.,1.));
#2164=DIRECTION('',(-1.,3.46944695195362E-16,0.));
#2165=DIRECTION('center_axis',(-1.,0.,0.));
#2166=DIRECTION('ref_axis',(0.,-1.,0.));
#2167=DIRECTION('center_axis',(-1.,0.,0.));
#2168=DIRECTION('ref_axis',(0.,0.,1.));
#2169=DIRECTION('center_axis',(-1.,3.46944695195362E-16,0.));
#2170=DIRECTION('ref_axis',(-3.46944695195362E-16,-1.,0.));
#2171=DIRECTION('center_axis',(-1.,0.,0.));
#2172=DIRECTION('ref_axis',(0.,0.,1.));
#2173=DIRECTION('',(-1.,3.46944695195362E-16,0.));
#2174=DIRECTION('center_axis',(-1.,0.,0.));
#2175=DIRECTION('ref_axis',(0.,-1.,0.));
#2176=DIRECTION('center_axis',(-1.,0.,0.));
#2177=DIRECTION('ref_axis',(0.,0.,1.));
#2178=DIRECTION('center_axis',(-1.,0.,0.));
#2179=DIRECTION('ref_axis',(0.,0.,1.));
#2180=DIRECTION('',(0.,0.866025403784438,-0.5));
#2181=DIRECTION('',(0.,0.866025403784439,0.499999999999999));
#2182=DIRECTION('',(0.,0.,1.));
#2183=DIRECTION('',(0.,-0.866025403784438,0.5));
#2184=DIRECTION('',(0.,-0.866025403784439,-0.5));
#2185=DIRECTION('',(0.,-4.0740734881008E-15,-1.));
#2186=DIRECTION('center_axis',(-1.,0.,0.));
#2187=DIRECTION('ref_axis',(0.,0.,1.));
#2188=DIRECTION('center_axis',(0.,-1.,4.0740734881008E-15));
#2189=DIRECTION('ref_axis',(0.,-4.0740734881008E-15,-1.));
#2190=DIRECTION('',(1.,0.,0.));
#2191=DIRECTION('',(1.,0.,0.));
#2192=DIRECTION('center_axis',(0.,-0.5,0.866025403784439));
#2193=DIRECTION('ref_axis',(0.,-0.866025403784439,-0.5));
#2194=DIRECTION('',(1.,0.,0.));
#2195=DIRECTION('center_axis',(0.,-0.5,-0.866025403784438));
#2196=DIRECTION('ref_axis',(0.,0.866025403784438,-0.5));
#2197=DIRECTION('',(1.,0.,0.));
#2198=DIRECTION('center_axis',(0.,0.5,0.866025403784438));
#2199=DIRECTION('ref_axis',(0.,-0.866025403784438,0.5));
#2200=DIRECTION('',(1.,0.,0.));
#2201=DIRECTION('center_axis',(0.,1.,0.));
#2202=DIRECTION('ref_axis',(0.,0.,1.));
#2203=DIRECTION('',(1.,0.,0.));
#2204=DIRECTION('center_axis',(0.,0.499999999999999,-0.866025403784439));
#2205=DIRECTION('ref_axis',(0.,0.866025403784439,0.499999999999999));
#2206=DIRECTION('center_axis',(-1.,0.,0.));
#2207=DIRECTION('ref_axis',(0.,0.,1.));
#2208=DIRECTION('',(0.,0.866025403784439,-0.5));
#2209=DIRECTION('',(0.,0.866025403784439,0.5));
#2210=DIRECTION('',(0.,0.,1.));
#2211=DIRECTION('',(0.,-0.866025403784439,0.5));
#2212=DIRECTION('',(0.,-0.866025403784439,-0.5));
#2213=DIRECTION('',(0.,0.,-1.));
#2214=DIRECTION('center_axis',(-1.,0.,0.));
#2215=DIRECTION('ref_axis',(0.,0.,1.));
#2216=DIRECTION('center_axis',(0.,-1.,0.));
#2217=DIRECTION('ref_axis',(0.,0.,-1.));
#2218=DIRECTION('',(1.,0.,0.));
#2219=DIRECTION('',(1.,0.,0.));
#2220=DIRECTION('center_axis',(0.,-0.5,0.866025403784439));
#2221=DIRECTION('ref_axis',(0.,-0.866025403784439,-0.5));
#2222=DIRECTION('',(1.,0.,0.));
#2223=DIRECTION('center_axis',(0.,-0.5,-0.866025403784439));
#2224=DIRECTION('ref_axis',(0.,0.866025403784439,-0.5));
#2225=DIRECTION('',(1.,0.,0.));
#2226=DIRECTION('center_axis',(0.,0.5,0.866025403784439));
#2227=DIRECTION('ref_axis',(0.,-0.866025403784439,0.5));
#2228=DIRECTION('',(1.,0.,0.));
#2229=DIRECTION('center_axis',(0.,1.,0.));
#2230=DIRECTION('ref_axis',(0.,0.,1.));
#2231=DIRECTION('',(1.,0.,0.));
#2232=DIRECTION('center_axis',(0.,0.5,-0.866025403784439));
#2233=DIRECTION('ref_axis',(0.,0.866025403784439,0.5));
#2234=DIRECTION('center_axis',(3.46944695195362E-16,1.,0.));
#2235=DIRECTION('ref_axis',(-1.,3.46944695195362E-16,0.));
#2236=DIRECTION('',(0.,0.,1.));
#2237=DIRECTION('',(0.707106781186548,-2.4532694666934E-16,0.707106781186548));
#2238=DIRECTION('',(0.,0.,1.));
#2239=DIRECTION('',(-1.,3.46944695195362E-16,0.));
#2240=DIRECTION('',(1.,-3.46944695195362E-16,0.));
#2241=DIRECTION('center_axis',(-0.707106781186548,2.4532694666934E-16,0.707106781186548));
#2242=DIRECTION('ref_axis',(0.707106781186548,0.,0.707106781186548));
#2243=DIRECTION('',(0.707106781186548,-2.4532694666934E-16,0.707106781186548));
#2244=DIRECTION('',(3.46944695195362E-16,1.,0.));
#2245=DIRECTION('',(3.46944695195362E-16,1.,0.));
#2246=DIRECTION('center_axis',(-1.,3.46944695195362E-16,0.));
#2247=DIRECTION('ref_axis',(-3.46944695195362E-16,-1.,0.));
#2248=DIRECTION('',(0.,0.,1.));
#2249=DIRECTION('',(3.46944695195362E-16,1.,0.));
#2250=DIRECTION('center_axis',(0.,0.,-1.));
#2251=DIRECTION('ref_axis',(-1.,0.,0.));
#2252=DIRECTION('',(-1.,3.46944695195362E-16,0.));
#2253=DIRECTION('center_axis',(-1.,3.46944695195362E-16,0.));
#2254=DIRECTION('ref_axis',(-3.46944695195362E-16,-1.,0.));
#2255=DIRECTION('',(0.,0.,1.));
#2256=DIRECTION('',(3.46944695195362E-16,1.,0.));
#2257=DIRECTION('center_axis',(-1.,3.46944695195362E-16,0.));
#2258=DIRECTION('ref_axis',(-3.46944695195362E-16,-1.,0.));
#2259=DIRECTION('',(-1.,3.46944695195362E-16,0.));
#2260=DIRECTION('center_axis',(-1.,3.46944695195362E-16,0.));
#2261=DIRECTION('ref_axis',(-3.46944695195362E-16,-1.,0.));
#2262=DIRECTION('',(-1.,3.46944695195362E-16,0.));
#2263=DIRECTION('center_axis',(-2.4532694666934E-16,-0.707106781186549,
0.707106781186547));
#2264=DIRECTION('ref_axis',(0.,-0.707106781186547,-0.707106781186549));
#2265=DIRECTION('',(-1.,0.,-3.46944695195363E-16));
#2266=DIRECTION('',(-1.,3.46944695195362E-16,0.));
#2267=DIRECTION('center_axis',(0.,0.,1.));
#2268=DIRECTION('ref_axis',(1.,0.,0.));
#2269=DIRECTION('',(-1.,3.46944695195362E-16,0.));
#2270=DIRECTION('center_axis',(-2.4532694666934E-16,-0.707106781186549,
0.707106781186547));
#2271=DIRECTION('ref_axis',(0.,-0.707106781186547,-0.707106781186549));
#2272=DIRECTION('',(-1.,0.,-3.46944695195363E-16));
#2273=DIRECTION('',(-1.,3.46944695195362E-16,0.));
#2274=DIRECTION('center_axis',(0.,0.,1.));
#2275=DIRECTION('ref_axis',(1.,0.,0.));
#2276=DIRECTION('',(-1.,3.46944695195362E-16,0.));
#2277=DIRECTION('center_axis',(3.46944695195362E-16,1.,0.));
#2278=DIRECTION('ref_axis',(-1.,3.46944695195362E-16,0.));
#2279=DIRECTION('',(0.,0.,1.));
#2280=DIRECTION('',(-1.,3.46944695195362E-16,-4.37905770101506E-47));
#2281=DIRECTION('',(1.,-3.46944695195362E-16,0.));
#2282=DIRECTION('center_axis',(1.,0.,0.));
#2283=DIRECTION('ref_axis',(0.,0.,-1.));
#2284=DIRECTION('',(0.,-1.,0.));
#2285=DIRECTION('',(0.,-0.707106781186548,-0.707106781186547));
#2286=DIRECTION('',(0.,-1.,0.));
#2287=DIRECTION('center_axis',(0.,0.,1.));
#2288=DIRECTION('ref_axis',(1.,0.,0.));
#2289=DIRECTION('',(0.,-1.,0.));
#2290=DIRECTION('',(1.,-3.46944695195362E-16,0.));
#2291=DIRECTION('center_axis',(-1.,0.,0.));
#2292=DIRECTION('ref_axis',(0.,0.,1.));
#2293=DIRECTION('',(0.,-1.,0.));
#2294=DIRECTION('',(0.,0.,-1.));
#2295=DIRECTION('',(0.,0.707106781186548,0.707106781186547));
#2296=DIRECTION('center_axis',(0.,0.,-1.));
#2297=DIRECTION('ref_axis',(-1.,0.,0.));
#2298=DIRECTION('',(0.,-1.,0.));
#2299=DIRECTION('',(1.,-3.46944695195362E-16,0.));
#2300=DIRECTION('center_axis',(0.,-1.,0.));
#2301=DIRECTION('ref_axis',(1.,0.,0.));
#2302=DIRECTION('center_axis',(0.,0.,-1.));
#2303=DIRECTION('ref_axis',(-1.,0.,0.));
#2304=DIRECTION('center_axis',(0.,-1.,0.));
#2305=DIRECTION('ref_axis',(1.,0.,0.));
#2306=DIRECTION('center_axis',(3.46944695195362E-16,1.,0.));
#2307=DIRECTION('ref_axis',(-1.,3.46944695195362E-16,0.));
#2308=DIRECTION('',(-1.,3.46944695195362E-16,-4.37905770101506E-47));
#2309=DIRECTION('',(0.,0.,-1.));
#2310=DIRECTION('',(0.707106781186548,-2.4532694666934E-16,-0.707106781186548));
#2311=DIRECTION('center_axis',(-1.,3.46944695195362E-16,0.));
#2312=DIRECTION('ref_axis',(-3.46944695195362E-16,-1.,0.));
#2313=DIRECTION('',(-1.,3.46944695195362E-16,0.));
#2314=DIRECTION('center_axis',(-1.,3.46944695195362E-16,0.));
#2315=DIRECTION('ref_axis',(-3.46944695195362E-16,-1.,0.));
#2316=DIRECTION('',(-1.,3.46944695195362E-16,0.));
#2317=DIRECTION('center_axis',(-2.4532694666934E-16,-0.707106781186547,
0.707106781186548));
#2318=DIRECTION('ref_axis',(-1.,3.46944695195362E-16,7.39557098644699E-32));
#2319=DIRECTION('center_axis',(-1.,0.,0.));
#2320=DIRECTION('ref_axis',(0.,0.,1.));
#2321=DIRECTION('',(-3.88578058618805E-16,-1.,8.60422844084494E-16));
#2322=DIRECTION('center_axis',(-0.707106781186548,0.,-0.707106781186548));
#2323=DIRECTION('ref_axis',(-0.707106781186548,0.,0.707106781186548));
#2324=CARTESIAN_POINT('',(0.,0.,0.));
#2325=CARTESIAN_POINT('Origin',(-0.00650207919132719,0.0378794544544484,
-0.0058741436788447));
#2326=CARTESIAN_POINT('',(-0.0065020791913272,0.0730521571798289,-0.00116140533298123));
#2327=CARTESIAN_POINT('',(-0.00650207919132717,0.00262945445444842,-0.00116140533298123));
#2328=CARTESIAN_POINT('',(-0.00650207919132718,0.0202085608696302,-0.00116140533298123));
#2329=CARTESIAN_POINT('',(-0.00650207919132719,0.0731294544544484,-0.00108410805836168));
#2330=CARTESIAN_POINT('',(-0.0065020791913272,0.0671614995785085,-0.00705206293430159));
#2331=CARTESIAN_POINT('',(-0.00650207919132721,0.0731294544544484,-0.0108741436788449));
#2332=CARTESIAN_POINT('',(-0.00650207919132719,0.0731294544544484,-0.000874143678844881));
#2333=CARTESIAN_POINT('',(-0.00650207919132718,0.00262945445444837,-0.0108741436788445));
#2334=CARTESIAN_POINT('',(-0.00650207919132721,0.0731294544544484,-0.0108741436788449));
#2335=CARTESIAN_POINT('',(-0.00650207919132718,0.00262945445444837,-0.0108741436788445));
#2336=CARTESIAN_POINT('',(-0.0065020791913272,0.0706086285887123,-0.00904075096236166));
#2337=CARTESIAN_POINT('',(-0.00650207919132718,0.00460862858871227,-0.00904075096236133));
#2338=CARTESIAN_POINT('',(-0.0065020791913272,0.0706086285887123,-0.00904075096236166));
#2339=CARTESIAN_POINT('',(-0.0065020791913272,0.0706086285887123,-0.0030407508729547));
#2340=CARTESIAN_POINT('',(-0.0065020791913272,0.0706086285887123,-0.0030407508729547));
#2341=CARTESIAN_POINT('',(-0.00650207919132717,0.0046086285887123,-0.00304075087295436));
#2342=CARTESIAN_POINT('',(-0.00650207919132717,0.0046086285887123,-0.00304075087295436));
#2343=CARTESIAN_POINT('',(-0.00650207919132718,0.00460862858871227,-0.00904075096236133));
#2344=CARTESIAN_POINT('Origin',(-0.00650207919132721,0.0731294544544484,
-0.0108741436788449));
#2345=CARTESIAN_POINT('',(0.00649792080867281,0.0731294544544484,-0.00108410805836167));
#2346=CARTESIAN_POINT('',(3.74604043363983E-5,0.0731294544544484,-0.00108410805836168));
#2347=CARTESIAN_POINT('',(0.00649792080867279,0.0731294544544484,-0.0108741436788449));
#2348=CARTESIAN_POINT('',(0.00649792080867281,0.0731294544544484,-0.000874143678844899));
#2349=CARTESIAN_POINT('',(-0.00650207919132721,0.0731294544544484,-0.0108741436788449));
#2350=CARTESIAN_POINT('Origin',(0.000116837083843959,0.0244756022909301,
-0.0108741436788447));
#2351=CARTESIAN_POINT('',(-0.00138316291615604,0.0244756022909301,-0.0108741436788447));
#2352=CARTESIAN_POINT('Origin',(0.000116837083843959,0.0244756022909301,
-0.0108741436788446));
#2353=CARTESIAN_POINT('',(-0.00138316291615604,0.0244756022909301,-0.00904075096236156));
#2354=CARTESIAN_POINT('',(-0.00138316291615604,0.0244756022909301,-0.0108741436788447));
#2355=CARTESIAN_POINT('Origin',(0.000116837083843957,0.0244756022909301,
-0.00904075096236156));
#2356=CARTESIAN_POINT('Origin',(0.000109267795697201,0.0551014225794768,
-0.0108741436788448));
#2357=CARTESIAN_POINT('',(-0.0013907322043028,0.0551014225794768,-0.0108741436788448));
#2358=CARTESIAN_POINT('Origin',(0.000109267795697201,0.0551014225794768,
-0.0108741436788446));
#2359=CARTESIAN_POINT('',(-0.0013907322043028,0.0551014225794768,-0.00904075096236162));
#2360=CARTESIAN_POINT('',(-0.0013907322043028,0.0551014225794768,-0.0108741436788448));
#2361=CARTESIAN_POINT('Origin',(0.000109267795697199,0.0551014225794768,
-0.00904075096236163));
#2362=CARTESIAN_POINT('Origin',(-0.0065020791913272,0.0706086285887123,
-0.0030407508729547));
#2363=CARTESIAN_POINT('',(0.0064979208086728,0.0706086285887123,-0.00904075096236167));
#2364=CARTESIAN_POINT('',(-0.0065020791913272,0.0706086285887123,-0.00904075096236166));
#2365=CARTESIAN_POINT('',(0.0064979208086728,0.0706086285887123,-0.00304075087295471));
#2366=CARTESIAN_POINT('',(0.0064979208086728,0.0706086285887123,-0.00304075087295471));
#2367=CARTESIAN_POINT('',(-0.0065020791913272,0.0706086285887123,-0.0030407508729547));
#2368=CARTESIAN_POINT('Origin',(-0.00650207919132717,0.0046086285887123,
-0.00304075087295436));
#2369=CARTESIAN_POINT('',(0.00649792080867283,0.00460862858871231,-0.00304075087295438));
#2370=CARTESIAN_POINT('',(0.00649792080867283,0.00460862858871231,-0.00304075087295438));
#2371=CARTESIAN_POINT('',(-0.00650207919132717,0.0046086285887123,-0.00304075087295436));
#2372=CARTESIAN_POINT('Origin',(-0.00650207919132718,0.00460862858871227,
-0.00904075096236133));
#2373=CARTESIAN_POINT('',(0.00649792080867282,0.00460862858871228,-0.00904075096236134));
#2374=CARTESIAN_POINT('',(0.00649792080867282,0.00460862858871228,-0.00904075096236134));
#2375=CARTESIAN_POINT('',(-0.00650207919132718,0.00460862858871227,-0.00904075096236133));
#2376=CARTESIAN_POINT('Origin',(-0.0065020791913272,0.0706086285887123,
-0.00904075096236166));
#2377=CARTESIAN_POINT('',(0.0064979208086728,0.0706086285887123,-0.00904075096236167));
#2378=CARTESIAN_POINT('Origin',(-0.00650207919132717,0.00262945445444842,
-0.000874143678844526));
#2379=CARTESIAN_POINT('',(0.00649792080867283,0.00262945445444843,-0.00116140533298123));
#2380=CARTESIAN_POINT('',(3.64604043364325E-5,0.00262945445444843,-0.00116140533298123));
#2381=CARTESIAN_POINT('',(0.00649792080867282,0.00262945445444838,-0.0108741436788445));
#2382=CARTESIAN_POINT('',(-0.00650207919132718,0.00262945445444837,-0.0108741436788445));
#2383=CARTESIAN_POINT('',(0.00649792080867282,0.00262945445444838,-0.0108741436788445));
#2384=CARTESIAN_POINT('Origin',(-0.00650207919132718,0.00262945445444838,
-0.0108741436788445));
#2385=CARTESIAN_POINT('',(0.00649792080867279,0.0731294544544484,-0.0108741436788449));
#2386=CARTESIAN_POINT('Origin',(0.00649792080867281,0.0378794544544484,
-0.00587414367884472));
#2387=CARTESIAN_POINT('',(0.00649792080867281,0.0730521571798289,-0.00116140533298123));
#2388=CARTESIAN_POINT('',(0.00649792080867283,0.0202085608696302,-0.00116140533298123));
#2389=CARTESIAN_POINT('',(0.0064979208086728,0.0671614995785085,-0.0070520629343016));
#2390=CARTESIAN_POINT('Origin',(0.00657500000000003,0.00253766728481199,
-0.00116140533298123));
#2391=CARTESIAN_POINT('',(0.00657500000000003,0.0730521571798287,-0.00116140533298123));
#2392=CARTESIAN_POINT('',(0.00657600000000003,0.0730521571798289,-0.00116140533298123));
#2393=CARTESIAN_POINT('',(0.00657500000000003,0.00253766728481198,-0.00116140533298123));
#2394=CARTESIAN_POINT('',(0.006575,0.031268833642406,-0.00116140533298123));
#2395=CARTESIAN_POINT('',(-0.00657500000000002,0.00253766728481198,-0.00116140533298123));
#2396=CARTESIAN_POINT('',(0.00657600000000001,0.00253766728481183,-0.00116140533298123));
#2397=CARTESIAN_POINT('',(-0.006575,0.0730521571798287,-0.00116140533298123));
#2398=CARTESIAN_POINT('',(-0.00657500000000001,0.031268833642406,-0.00116140533298123));
#2399=CARTESIAN_POINT('',(0.00657600000000003,0.0730521571798289,-0.00116140533298123));
#2400=CARTESIAN_POINT('Origin',(-0.006575,0.06,0.011402));
#2401=CARTESIAN_POINT('',(-0.00657500000000001,0.00112744085846477,0.0051));
#2402=CARTESIAN_POINT('',(-0.00657500000000001,0.00599230572332956,-0.0165));
#2403=CARTESIAN_POINT('',(-0.00657500000000001,0.00112744085846478,0.0114));
#2404=CARTESIAN_POINT('',(-0.00657500000000001,0.00112744085846478,0.00825));
#2405=CARTESIAN_POINT('',(-0.006575,0.0301274408584648,0.0114));
#2406=CARTESIAN_POINT('',(-0.00657500000000002,-0.00529147806045412,0.0114));
#2407=CARTESIAN_POINT('',(-0.006575,0.0331274408584648,0.0144));
#2408=CARTESIAN_POINT('',(-0.00657499999999998,0.0649189813990054,0.0461915405405404));
#2409=CARTESIAN_POINT('',(-0.006575,0.0381274408584648,0.0144));
#2410=CARTESIAN_POINT('',(-0.00657500000000002,-0.00529147806045412,0.0144));
#2411=CARTESIAN_POINT('',(-0.006575,0.0381274408584648,0.0114));
#2412=CARTESIAN_POINT('',(-0.006575,0.0381274408584648,0.0144));
#2413=CARTESIAN_POINT('',(-0.006575,0.054,0.0114));
#2414=CARTESIAN_POINT('',(-0.006575,-0.045,0.0114));
#2415=CARTESIAN_POINT('',(-0.006575,0.054,0.0295572496727493));
#2416=CARTESIAN_POINT('',(-0.006575,0.054,0.0057));
#2417=CARTESIAN_POINT('',(-0.006575,0.0712135625128101,0.0467708121855594));
#2418=CARTESIAN_POINT('',(-0.006575,0.063106781256405,0.0386640309291544));
#2419=CARTESIAN_POINT('',(-0.006575,0.0812135625128101,0.0467708121855594));
#2420=CARTESIAN_POINT('',(-0.006575,0.0762135625128101,0.0467708121855594));
#2421=CARTESIAN_POINT('',(-0.006575,0.0812135625128101,0.007));
#2422=CARTESIAN_POINT('',(-0.006575,0.0812135625128101,0.0233854060927797));
#2423=CARTESIAN_POINT('',(-0.006575,0.072807781256405,-0.00140578125640504));
#2424=CARTESIAN_POINT('',(-0.00657499999999999,0.0793635625128101,0.0417708121855594));
#2425=CARTESIAN_POINT('Origin',(-0.006575,0.0762135625128101,0.0417708121855594));
#2426=CARTESIAN_POINT('',(-0.00657499999999999,0.0631500000000001,0.025557249672749));
#2427=CARTESIAN_POINT('Origin',(-0.006575,0.06,0.025557249672749));
#2428=CARTESIAN_POINT('Origin',(0.00657699999999999,0.00599230572332955,
-0.0165));
#2429=CARTESIAN_POINT('',(0.00657499999999999,0.00112744085846476,0.0051));
#2430=CARTESIAN_POINT('',(0.00657499999999999,0.00599230572332955,-0.0165));
#2431=CARTESIAN_POINT('',(0.00327499999999999,0.00112744085846477,0.0051));
#2432=CARTESIAN_POINT('',(0.00657699999999999,0.00112744085846476,0.0051));
#2433=CARTESIAN_POINT('',(-0.00327500000000001,0.00112744085846477,0.0051));
#2434=CARTESIAN_POINT('',(0.00657699999999999,0.00112744085846476,0.0051));
#2435=CARTESIAN_POINT('',(0.00657699999999999,0.00112744085846476,0.0051));
#2436=CARTESIAN_POINT('Origin',(0.00657499999999999,0.0418073938898326,
-0.00932281066596211));
#2437=CARTESIAN_POINT('',(-0.004575,0.0418073938898326,0.0114));
#2438=CARTESIAN_POINT('',(-0.004575,0.0418073938898326,0.0091));
#2439=CARTESIAN_POINT('',(-0.004575,0.0418073938898326,0.00811721950339346));
#2440=CARTESIAN_POINT('',(-0.003275,0.0418073938898326,0.0113999999999999));
#2441=CARTESIAN_POINT('',(0.0012,0.0418073938898326,0.0114));
#2442=CARTESIAN_POINT('',(-0.003275,0.0418073938898326,0.0109414213562373));
#2443=CARTESIAN_POINT('',(-0.003275,0.0418073938898326,0.000888594667018929));
#2444=CARTESIAN_POINT('',(-0.004175,0.0418073938898326,0.0100414213562373));
#2445=CARTESIAN_POINT('',(-0.00611391334460919,0.0418073938898326,0.00810250801162814));
#2446=CARTESIAN_POINT('',(-0.004175,0.0418073938898326,0.00909999999999997));
#2447=CARTESIAN_POINT('',(-0.004175,0.0418073938898326,0.000113594667018928));
#2448=CARTESIAN_POINT('',(0.00074899999999999,0.0418073938898326,0.0091));
#2449=CARTESIAN_POINT('Origin',(-0.00417500000000002,-0.00529147806045412,
0.00955000000000001));
#2450=CARTESIAN_POINT('',(-0.00417500000000001,0.00152744085846478,0.0100414213562373));
#2451=CARTESIAN_POINT('',(-0.00417500000000002,-0.00529147806045412,0.0100414213562373));
#2452=CARTESIAN_POINT('',(-0.00417500000000001,0.00152744085846478,0.0091));
#2453=CARTESIAN_POINT('',(-0.00417500000000001,0.00152744085846478,0.00825));
#2454=CARTESIAN_POINT('',(-0.00417499999999997,0.104710521939546,0.00909999999999991));
#2455=CARTESIAN_POINT('Origin',(-0.00374571067811868,-0.00529147806045412,
0.0104707106781187));
#2456=CARTESIAN_POINT('',(-0.003275,0.0381274408584648,0.0109414213562373));
#2457=CARTESIAN_POINT('',(-0.00327500000000002,-0.00529147806045412,0.0109414213562373));
#2458=CARTESIAN_POINT('',(-0.00341642135623732,0.0381274408584648,0.0108));
#2459=CARTESIAN_POINT('',(-0.00374571067811866,0.0381274408584648,0.0104707106781187));
#2460=CARTESIAN_POINT('',(-0.00341642135623732,0.0301274408584648,0.0108));
#2461=CARTESIAN_POINT('',(-0.00341642135623734,-0.00529147806045412,0.0108));
#2462=CARTESIAN_POINT('',(-0.003375,0.0301274408584648,0.0108414213562373));
#2463=CARTESIAN_POINT('',(-0.00170821067811866,0.0301274408584648,0.0125082106781187));
#2464=CARTESIAN_POINT('',(-0.00337500000000001,0.00112744085846477,0.0108414213562373));
#2465=CARTESIAN_POINT('',(-0.00337500000000002,-0.00529147806045412,0.0108414213562373));
#2466=CARTESIAN_POINT('',(-0.00457500000000001,0.00112744085846477,0.00964142135623731));
#2467=CARTESIAN_POINT('',(-0.00374571067811867,0.00112744085846477,0.0104707106781187));
#2468=CARTESIAN_POINT('',(-0.00616178009171876,-0.000459339233253924,0.00805464126451857));
#2469=CARTESIAN_POINT('Origin',(-0.00327500000000002,-0.00529147806045412,
0.0111));
#2470=CARTESIAN_POINT('',(-0.003275,0.0381274408584648,0.0114));
#2471=CARTESIAN_POINT('',(-0.00327500000000002,-0.00529147806045412,0.0114));
#2472=CARTESIAN_POINT('',(-0.003275,0.0381274408584648,0.0108));
#2473=CARTESIAN_POINT('Origin',(0.00417499999999998,-0.00529147806045412,
0.0114));
#2474=CARTESIAN_POINT('',(0.003375,0.0301274408584648,0.0114));
#2475=CARTESIAN_POINT('',(0.006575,0.0301274408584648,0.0114));
#2476=CARTESIAN_POINT('',(2.60804891196911E-18,0.0301274408584648,0.0114));
#2477=CARTESIAN_POINT('',(0.003375,0.0261274408584648,0.0114));
#2478=CARTESIAN_POINT('',(0.00337499999999998,-0.00529147806045412,0.0114));
#2479=CARTESIAN_POINT('',(0.006575,0.0261274408584648,0.0114));
#2480=CARTESIAN_POINT('',(0.004925,0.0261274408584648,0.0114));
#2481=CARTESIAN_POINT('',(0.00657499999999998,-0.00529147806045412,0.0114));
#2482=CARTESIAN_POINT('Origin',(-0.00417500000000002,-0.00529147806045412,
0.0114));
#2483=CARTESIAN_POINT('',(-0.003375,0.0301274408584648,0.0114));
#2484=CARTESIAN_POINT('',(2.60804891196911E-18,0.0301274408584648,0.0114));
#2485=CARTESIAN_POINT('',(-0.00337500000000001,0.00112744085846477,0.0114));
#2486=CARTESIAN_POINT('',(0.00657699999999999,0.00112744085846477,0.0114));
#2487=CARTESIAN_POINT('',(-0.00337500000000002,-0.00529147806045412,0.0114));
#2488=CARTESIAN_POINT('Origin',(0.00337500000000003,0.104710521939546,0.0110999999999999));
#2489=CARTESIAN_POINT('',(0.003375,0.0301274408584648,0.0108414213562373));
#2490=CARTESIAN_POINT('',(0.003375,0.0301274408584648,0.0111));
#2491=CARTESIAN_POINT('',(0.003375,0.0261274408584648,0.0108414213562373));
#2492=CARTESIAN_POINT('',(0.00337500000000003,0.104710521939546,0.0108414213562372));
#2493=CARTESIAN_POINT('',(0.003375,0.0261274408584648,0.0111));
#2494=CARTESIAN_POINT('Origin',(0.00417499999999998,-0.00529147806045412,
0.0114));
#2495=CARTESIAN_POINT('',(0.00347499999999999,0.0101274408584648,0.0114));
#2496=CARTESIAN_POINT('',(0.00657499999999999,0.0101274408584648,0.0114));
#2497=CARTESIAN_POINT('',(0.00492499999999999,0.0101274408584648,0.0114));
#2498=CARTESIAN_POINT('',(0.00347499999999999,0.00112744085846477,0.0114));
#2499=CARTESIAN_POINT('',(0.00347499999999998,-0.00529147806045412,0.0114));
#2500=CARTESIAN_POINT('',(0.00657499999999999,0.00112744085846477,0.0114));
#2501=CARTESIAN_POINT('',(0.00657699999999999,0.00112744085846477,0.0114));
#2502=CARTESIAN_POINT('',(0.00657499999999998,-0.00529147806045412,0.0114));
#2503=CARTESIAN_POINT('Origin',(0.00347500000000003,0.104710521939546,0.0110999999999999));
#2504=CARTESIAN_POINT('',(0.00347499999999999,0.0101274408584648,0.0108828427124746));
#2505=CARTESIAN_POINT('',(0.00347499999999999,0.0101274408584648,0.0111));
#2506=CARTESIAN_POINT('',(0.00347499999999999,0.00112744085846477,0.0108828427124746));
#2507=CARTESIAN_POINT('',(0.00347500000000003,0.104710521939546,0.0108828427124745));
#2508=CARTESIAN_POINT('',(0.00347499999999999,0.00112744085846477,0.00825));
#2509=CARTESIAN_POINT('Origin',(0.00381642135623733,0.104710521939546,0.0105414213562372));
#2510=CARTESIAN_POINT('',(0.00457499999999999,0.0101274408584648,0.00978284271247461));
#2511=CARTESIAN_POINT('',(0.00381642135623729,0.0101274408584648,0.0105414213562373));
#2512=CARTESIAN_POINT('',(0.00427499999999999,0.00982744085846478,0.0100828427124746));
#2513=CARTESIAN_POINT('',(0.00480328090415819,0.010355721762623,0.0095545618083164));
#2514=CARTESIAN_POINT('',(0.00427499999999999,0.00142744085846477,0.0100828427124746));
#2515=CARTESIAN_POINT('',(0.00427500000000003,0.104710521939546,0.0100828427124745));
#2516=CARTESIAN_POINT('',(0.00457499999999999,0.00112744085846477,0.00978284271247462));
#2517=CARTESIAN_POINT('',(0.00508594757082486,0.000616493287639877,0.00927189514164974));
#2518=CARTESIAN_POINT('',(0.00634242135623729,0.00112744085846477,0.00801542135623731));
#2519=CARTESIAN_POINT('Origin',(0.00427500000000003,0.104710521939546,0.00954999999999991));
#2520=CARTESIAN_POINT('',(0.00427499999999999,0.00982744085846478,0.0091));
#2521=CARTESIAN_POINT('',(0.00427499999999999,0.00982744085846478,0.00954999999999999));
#2522=CARTESIAN_POINT('',(0.00427499999999999,0.00142744085846477,0.0091));
#2523=CARTESIAN_POINT('',(0.00427500000000003,0.104710521939546,0.00909999999999991));
#2524=CARTESIAN_POINT('',(0.00427499999999999,0.00142744085846468,0.00955));
#2525=CARTESIAN_POINT('Origin',(-0.00337500000000002,-0.00529147806045412,
0.0111));
#2526=CARTESIAN_POINT('',(-0.003375,0.0301274408584648,0.0111));
#2527=CARTESIAN_POINT('',(-0.00337500000000001,0.00112744085846477,0.0111));
#2528=CARTESIAN_POINT('Origin',(0.00657699999999999,0.00112744085846477,
0.00825));
#2529=CARTESIAN_POINT('',(0.00457499999999999,0.00112744085846477,0.0091));
#2530=CARTESIAN_POINT('',(0.00457499999999999,0.00112744085846477,0.00825));
#2531=CARTESIAN_POINT('',(0.00327499999999999,0.00112744085846477,0.0091));
#2532=CARTESIAN_POINT('',(-0.00507700000000001,0.00112744085846477,0.0091));
#2533=CARTESIAN_POINT('',(0.00327499999999999,0.00112744085846477,0.0071));
#2534=CARTESIAN_POINT('',(0.00657499999999999,0.00112744085846477,0.00825));
#2535=CARTESIAN_POINT('Origin',(0.00657699999999999,0.00112744085846477,
0.00825));
#2536=CARTESIAN_POINT('',(-0.00457500000000001,0.00112744085846477,0.0091));
#2537=CARTESIAN_POINT('',(-0.00457500000000001,0.00112744085846477,0.01));
#2538=CARTESIAN_POINT('',(-0.00327500000000001,0.00112744085846477,0.0091));
#2539=CARTESIAN_POINT('',(-0.00327500000000001,0.00112744085846477,0.0071));
#2540=CARTESIAN_POINT('',(-0.00507700000000001,0.00112744085846477,0.0091));
#2541=CARTESIAN_POINT('Origin',(0.004925,0.0261274408584648,0.00909799999999998));
#2542=CARTESIAN_POINT('',(0.004575,0.0261274408584648,0.00964142135623729));
#2543=CARTESIAN_POINT('',(0.00374571067811865,0.0261274408584648,0.0104707106781186));
#2544=CARTESIAN_POINT('',(0.004575,0.0261274408584648,0.00909999999999998));
#2545=CARTESIAN_POINT('',(0.004575,0.0261274408584648,0.00909799999999998));
#2546=CARTESIAN_POINT('',(0.006575,0.0261274408584648,0.00909999999999998));
#2547=CARTESIAN_POINT('',(0.004925,0.0261274408584648,0.00909999999999998));
#2548=CARTESIAN_POINT('',(0.006575,0.0261274408584648,0.00909799999999998));
#2549=CARTESIAN_POINT('Origin',(0.00492499999999999,0.0101274408584648,
0.00909799999999999));
#2550=CARTESIAN_POINT('',(0.00457499999999999,0.0101274408584648,0.00909999999999999));
#2551=CARTESIAN_POINT('',(0.00657499999999999,0.0101274408584648,0.00909999999999999));
#2552=CARTESIAN_POINT('',(0.00492499999999999,0.0101274408584648,0.00909999999999999));
#2553=CARTESIAN_POINT('',(0.00457499999999999,0.0101274408584648,0.00999999999999999));
#2554=CARTESIAN_POINT('',(0.00657499999999999,0.0101274408584648,0.00909799999999999));
#2555=CARTESIAN_POINT('Origin',(6.04974028830709E-18,0.0381274408584648,
0.0144));
#2556=CARTESIAN_POINT('',(5.71667338091954E-18,0.0381274408584648,0.0114));
#2557=CARTESIAN_POINT('',(0.006575,0.0381274408584648,0.0144));
#2558=CARTESIAN_POINT('',(6.04974028830709E-18,0.0381274408584648,0.0144));
#2559=CARTESIAN_POINT('',(0.006575,0.0381274408584648,0.0114));
#2560=CARTESIAN_POINT('',(0.006575,0.0381274408584648,0.0144));
#2561=CARTESIAN_POINT('',(0.003375,0.0381274408584648,0.0114));
#2562=CARTESIAN_POINT('',(5.71667338091954E-18,0.0381274408584648,0.0114));
#2563=CARTESIAN_POINT('',(0.003375,0.0381274408584648,0.0108414213562373));
#2564=CARTESIAN_POINT('',(0.003375,0.0381274408584648,0.0144));
#2565=CARTESIAN_POINT('',(0.00341642135623731,0.0381274408584648,0.0108));
#2566=CARTESIAN_POINT('',(0.00374571067811865,0.0381274408584648,0.0104707106781186));
#2567=CARTESIAN_POINT('',(5.65005999944203E-18,0.0381274408584648,0.0108));
#2568=CARTESIAN_POINT('Origin',(1.58144988777226E-17,0.0610247626554104,
0.0144));
#2569=CARTESIAN_POINT('',(0.006575,0.0331274408584648,0.0144));
#2570=CARTESIAN_POINT('',(0.006575,0.0331274408584648,0.0144));
#2571=CARTESIAN_POINT('',(0.006575,0.0341274408584648,0.0144));
#2572=CARTESIAN_POINT('Origin',(4.97421173320147E-18,0.0331274408584648,
0.0144));
#2573=CARTESIAN_POINT('',(2.60804891196911E-18,0.0301274408584648,0.0114));
#2574=CARTESIAN_POINT('',(0.006575,0.0331274408584648,0.0144));
#2575=CARTESIAN_POINT('Origin',(0.00457499999999999,0.0101274408584648,
0.00909799999999999));
#2576=CARTESIAN_POINT('',(0.0470405405405406,0.052592981399006,0.00909999999999995));
#2577=CARTESIAN_POINT('Origin',(0.004075,0.0266274408584648,0.00954999999999998));
#2578=CARTESIAN_POINT('',(0.004175,0.0265274408584648,0.00909999999999998));
#2579=CARTESIAN_POINT('',(-0.0395425405405405,0.0702449813990059,0.00909999999999995));
#2580=CARTESIAN_POINT('',(0.004175,0.0265274408584648,0.0100414213562373));
#2581=CARTESIAN_POINT('',(0.0042721404520791,0.0264303004063857,0.00994428090415819));
#2582=CARTESIAN_POINT('',(0.004175,0.0265274408584648,0.00954999999999998));
#2583=CARTESIAN_POINT('Origin',(-0.00457500000000001,0.00112744085846477,
0.00825));
#2584=CARTESIAN_POINT('',(0.0469655405405405,0.0526679813990052,0.00909999999999995));
#2585=CARTESIAN_POINT('Origin',(0.00457499999999999,0.00112744085846477,
0.00825));
#2586=CARTESIAN_POINT('',(-0.0520425405405406,0.0577449813990047,0.00909999999999996));
#2587=CARTESIAN_POINT('Origin',(2.5414355304916E-18,0.0301274408584648,
0.0108));
#2588=CARTESIAN_POINT('',(0.00341642135623731,0.0301274408584648,0.0108));
#2589=CARTESIAN_POINT('',(2.5414355304916E-18,0.0301274408584648,0.0108));
#2590=CARTESIAN_POINT('',(0.00170821067811866,0.0301274408584648,0.0125082106781186));
#2591=CARTESIAN_POINT('Origin',(0.00165,0.0341274408584648,0.0108));
#2592=CARTESIAN_POINT('',(0.00341642135623734,0.104710521939546,0.0107999999999999));
#2593=CARTESIAN_POINT('Origin',(0.003375,0.065002,0.0111));
#2594=CARTESIAN_POINT('',(0.003375,0.054,0.0114));
#2595=CARTESIAN_POINT('',(0.003375,-0.045,0.0114));
#2596=CARTESIAN_POINT('',(0.003375,0.054,0.0295572496727493));
#2597=CARTESIAN_POINT('',(0.003375,0.054,0.0057));
#2598=CARTESIAN_POINT('',(0.003375,0.0712135625128101,0.0467708121855594));
#2599=CARTESIAN_POINT('',(0.003375,0.0502723751636253,0.0258296248363746));
#2600=CARTESIAN_POINT('',(0.003375,0.0812135625128101,0.0467708121855594));
#2601=CARTESIAN_POINT('',(0.003375,0.065002,0.0467708121855594));
#2602=CARTESIAN_POINT('',(0.003375,0.0812135625128101,0.0108414213562373));
#2603=CARTESIAN_POINT('',(0.003375,0.0812135625128101,0.0111));
#2604=CARTESIAN_POINT('',(0.00337500000000003,0.104710521939546,0.0108414213562372));
#2605=CARTESIAN_POINT('',(0.003375,0.0779635625128101,0.0417708121855594));
#2606=CARTESIAN_POINT('Origin',(0.003375,0.0762135625128101,0.0417708121855594));
#2607=CARTESIAN_POINT('',(0.003375,0.06175,0.025557249672749));
#2608=CARTESIAN_POINT('Origin',(0.003375,0.06,0.025557249672749));
#2609=CARTESIAN_POINT('Origin',(0.004175,-0.045,0.0114));
#2610=CARTESIAN_POINT('',(0.006575,0.054,0.0114));
#2611=CARTESIAN_POINT('',(0.006575,-0.045,0.0114));
#2612=CARTESIAN_POINT('',(0.004175,0.054,0.0114));
#2613=CARTESIAN_POINT('Origin',(0.006575,0.06,0.011402));
#2614=CARTESIAN_POINT('',(0.006575,0.0812135625128101,0.007));
#2615=CARTESIAN_POINT('',(0.006575,0.0812135625128101,0.007));
#2616=CARTESIAN_POINT('',(0.006575,0.0812135625128101,0.0467708121855594));
#2617=CARTESIAN_POINT('',(0.006575,0.0812135625128101,0.0233854060927797));
#2618=CARTESIAN_POINT('',(0.006575,0.0712135625128101,0.0467708121855594));
#2619=CARTESIAN_POINT('',(0.006575,0.0762135625128101,0.0467708121855594));
#2620=CARTESIAN_POINT('',(0.006575,0.054,0.0295572496727493));
#2621=CARTESIAN_POINT('',(0.006575,0.063106781256405,0.0386640309291544));
#2622=CARTESIAN_POINT('',(0.006575,0.054,0.0057));
#2623=CARTESIAN_POINT('',(0.00657499999999999,0.0181274408584648,0.00909999999999999));
#2624=CARTESIAN_POINT('',(0.006575,0.0791635625128101,0.04006762889145));
#2625=CARTESIAN_POINT('',(0.006575,0.0791635625128101,0.0434739954796688));
#2626=CARTESIAN_POINT('',(0.006575,0.0791635625128101,0.0417708121855594));
#2627=CARTESIAN_POINT('',(0.006575,0.0762135625128101,0.0383644455973406));
#2628=CARTESIAN_POINT('',(0.006575,0.0776885625128101,0.0392160372443953));
#2629=CARTESIAN_POINT('',(0.006575,0.0732635625128101,0.04006762889145));
#2630=CARTESIAN_POINT('',(0.006575,0.0747385625128101,0.0392160372443953));
#2631=CARTESIAN_POINT('',(0.006575,0.0732635625128101,0.0434739954796688));
#2632=CARTESIAN_POINT('',(0.006575,0.0732635625128101,0.0417708121855594));
#2633=CARTESIAN_POINT('',(0.006575,0.0762135625128101,0.0451771787737782));
#2634=CARTESIAN_POINT('',(0.006575,0.0747385625128101,0.0443255871267235));
#2635=CARTESIAN_POINT('',(0.006575,0.0776885625128101,0.0443255871267235));
#2636=CARTESIAN_POINT('',(0.006575,0.06295,0.0238540663786396));
#2637=CARTESIAN_POINT('',(0.006575,0.06295,0.0272604329668583));
#2638=CARTESIAN_POINT('',(0.006575,0.06295,0.025557249672749));
#2639=CARTESIAN_POINT('',(0.006575,0.06,0.0221508830845301));
#2640=CARTESIAN_POINT('',(0.006575,0.061475,0.0230024747315849));
#2641=CARTESIAN_POINT('',(0.006575,0.05705,0.0238540663786396));
#2642=CARTESIAN_POINT('',(0.006575,0.058525,0.0230024747315849));
#2643=CARTESIAN_POINT('',(0.006575,0.05705,0.0272604329668583));
#2644=CARTESIAN_POINT('',(0.006575,0.05705,0.0255572496727489));
#2645=CARTESIAN_POINT('',(0.006575,0.06,0.0289636162609678));
#2646=CARTESIAN_POINT('',(0.006575,0.058525,0.0281120246139131));
#2647=CARTESIAN_POINT('',(0.006575,0.061475,0.0281120246139131));
#2648=CARTESIAN_POINT('Origin',(-0.004175,-0.045,0.0114));
#2649=CARTESIAN_POINT('',(-0.004575,0.054,0.0114));
#2650=CARTESIAN_POINT('',(-0.004575,0.0465,0.0114));
#2651=CARTESIAN_POINT('',(-0.004175,0.054,0.0114));
#2652=CARTESIAN_POINT('Origin',(-0.004575,0.06,0.025557249672749));
#2653=CARTESIAN_POINT('',(-0.004575,0.0712135625128101,0.0091));
#2654=CARTESIAN_POINT('',(-0.004575,0.06,0.0091));
#2655=CARTESIAN_POINT('',(-0.004575,0.0712135625128101,0.0114));
#2656=CARTESIAN_POINT('',(-0.004575,0.0712135625128101,0.025557249672749));
#2657=CARTESIAN_POINT('',(-0.004575,0.0812135625128101,0.0114));
#2658=CARTESIAN_POINT('',(-0.004575,0.0712135625128101,0.0114));
#2659=CARTESIAN_POINT('',(-0.004575,0.0812135625128101,0.0467708121855594));
#2660=CARTESIAN_POINT('',(-0.004575,0.0812135625128101,0.025557249672749));
#2661=CARTESIAN_POINT('',(-0.004575,0.0712135625128101,0.0467708121855594));
#2662=CARTESIAN_POINT('',(-0.004575,0.06,0.0467708121855594));
#2663=CARTESIAN_POINT('',(-0.004575,0.054,0.0295572496727493));
#2664=CARTESIAN_POINT('',(-0.004575,0.055,0.0305572496727491));
#2665=CARTESIAN_POINT('',(-0.004575,0.054,0.0057));
#2666=CARTESIAN_POINT('',(-0.004575,0.06175,0.025557249672749));
#2667=CARTESIAN_POINT('Origin',(-0.004575,0.06,0.025557249672749));
#2668=CARTESIAN_POINT('',(-0.004575,0.0779635625128101,0.0417708121855594));
#2669=CARTESIAN_POINT('Origin',(-0.004575,0.0762135625128101,0.0417708121855594));
#2670=CARTESIAN_POINT('Origin',(0.339746099736245,0.06,0.025557249672749));
#2671=CARTESIAN_POINT('',(-0.00557499999999997,0.0631500000000001,0.025557249672749));
#2672=CARTESIAN_POINT('Origin',(-0.005575,0.06,0.025557249672749));
#2673=CARTESIAN_POINT('',(0.339746099736245,0.06315,0.025557249672749));
#2674=CARTESIAN_POINT('Origin',(-0.005575,0.06,0.025557249672749));
#2675=CARTESIAN_POINT('',(-0.005575,0.06175,0.025557249672749));
#2676=CARTESIAN_POINT('Origin',(-0.005575,0.06,0.025557249672749));
#2677=CARTESIAN_POINT('Origin',(0.339746099736245,0.07621356251281,0.0417708121855594));
#2678=CARTESIAN_POINT('',(-0.00557499999999997,0.0793635625128101,0.0417708121855594));
#2679=CARTESIAN_POINT('Origin',(-0.005575,0.0762135625128101,0.0417708121855594));
#2680=CARTESIAN_POINT('',(0.339746099736245,0.07936356251281,0.0417708121855594));
#2681=CARTESIAN_POINT('Origin',(-0.005575,0.06,0.025557249672749));
#2682=CARTESIAN_POINT('',(-0.005575,0.0779635625128101,0.0417708121855594));
#2683=CARTESIAN_POINT('Origin',(-0.005575,0.0762135625128101,0.0417708121855594));
#2684=CARTESIAN_POINT('Origin',(0.004375,0.065002,0.0111));
#2685=CARTESIAN_POINT('',(0.004375,0.05705,0.0238540663786396));
#2686=CARTESIAN_POINT('',(0.004375,0.06,0.0221508830845301));
#2687=CARTESIAN_POINT('',(0.004375,0.058525,0.0230024747315849));
#2688=CARTESIAN_POINT('',(0.004375,0.06295,0.0238540663786396));
#2689=CARTESIAN_POINT('',(0.004375,0.061475,0.0230024747315849));
#2690=CARTESIAN_POINT('',(0.004375,0.06295,0.0272604329668583));
#2691=CARTESIAN_POINT('',(0.004375,0.06295,0.025557249672749));
#2692=CARTESIAN_POINT('',(0.004375,0.06,0.0289636162609678));
#2693=CARTESIAN_POINT('',(0.004375,0.061475,0.0281120246139131));
#2694=CARTESIAN_POINT('',(0.004375,0.05705,0.0272604329668583));
#2695=CARTESIAN_POINT('',(0.004375,0.058525,0.0281120246139131));
#2696=CARTESIAN_POINT('',(0.004375,0.05705,0.0255572496727489));
#2697=CARTESIAN_POINT('',(0.004375,0.06175,0.025557249672749));
#2698=CARTESIAN_POINT('Origin',(0.004375,0.06,0.025557249672749));
#2699=CARTESIAN_POINT('Origin',(-0.339746099736245,0.05705,0.0255572496727489));
#2700=CARTESIAN_POINT('',(-0.339746099736245,0.05705,0.0272604329668583));
#2701=CARTESIAN_POINT('',(-0.339746099736245,0.05705,0.0238540663786396));
#2702=CARTESIAN_POINT('Origin',(-0.339746099736245,0.058525,0.0281120246139131));
#2703=CARTESIAN_POINT('',(-0.339746099736245,0.06,0.0289636162609678));
#2704=CARTESIAN_POINT('Origin',(-0.339746099736245,0.058525,0.0230024747315849));
#2705=CARTESIAN_POINT('',(-0.339746099736245,0.06,0.0221508830845301));
#2706=CARTESIAN_POINT('Origin',(-0.339746099736245,0.061475,0.0281120246139131));
#2707=CARTESIAN_POINT('',(-0.339746099736245,0.06295,0.0272604329668583));
#2708=CARTESIAN_POINT('Origin',(-0.339746099736245,0.06295,0.025557249672749));
#2709=CARTESIAN_POINT('',(-0.339746099736245,0.06295,0.0238540663786396));
#2710=CARTESIAN_POINT('Origin',(-0.339746099736245,0.061475,0.0230024747315849));
#2711=CARTESIAN_POINT('Origin',(0.004375,0.065002,0.0111));
#2712=CARTESIAN_POINT('',(0.004375,0.0732635625128101,0.04006762889145));
#2713=CARTESIAN_POINT('',(0.004375,0.0762135625128101,0.0383644455973406));
#2714=CARTESIAN_POINT('',(0.004375,0.0747385625128101,0.0392160372443953));
#2715=CARTESIAN_POINT('',(0.004375,0.0791635625128101,0.04006762889145));
#2716=CARTESIAN_POINT('',(0.004375,0.0776885625128101,0.0392160372443953));
#2717=CARTESIAN_POINT('',(0.004375,0.0791635625128101,0.0434739954796688));
#2718=CARTESIAN_POINT('',(0.004375,0.0791635625128101,0.0417708121855594));
#2719=CARTESIAN_POINT('',(0.004375,0.0762135625128101,0.0451771787737782));
#2720=CARTESIAN_POINT('',(0.004375,0.0776885625128101,0.0443255871267235));
#2721=CARTESIAN_POINT('',(0.004375,0.0732635625128101,0.0434739954796688));
#2722=CARTESIAN_POINT('',(0.004375,0.0747385625128101,0.0443255871267235));
#2723=CARTESIAN_POINT('',(0.004375,0.0732635625128101,0.0417708121855594));
#2724=CARTESIAN_POINT('',(0.004375,0.0779635625128101,0.0417708121855594));
#2725=CARTESIAN_POINT('Origin',(0.004375,0.0762135625128101,0.0417708121855594));
#2726=CARTESIAN_POINT('Origin',(-0.339746099736245,0.0732635625128101,0.0417708121855594));
#2727=CARTESIAN_POINT('',(-0.339746099736245,0.0732635625128101,0.0434739954796688));
#2728=CARTESIAN_POINT('',(-0.339746099736245,0.0732635625128101,0.04006762889145));
#2729=CARTESIAN_POINT('Origin',(-0.339746099736245,0.0747385625128101,0.0443255871267235));
#2730=CARTESIAN_POINT('',(-0.339746099736245,0.0762135625128101,0.0451771787737782));
#2731=CARTESIAN_POINT('Origin',(-0.339746099736245,0.0747385625128101,0.0392160372443953));
#2732=CARTESIAN_POINT('',(-0.339746099736245,0.0762135625128101,0.0383644455973406));
#2733=CARTESIAN_POINT('Origin',(-0.339746099736245,0.0776885625128101,0.0443255871267235));
#2734=CARTESIAN_POINT('',(-0.339746099736245,0.0791635625128101,0.0434739954796688));
#2735=CARTESIAN_POINT('Origin',(-0.339746099736245,0.0791635625128101,0.0417708121855594));
#2736=CARTESIAN_POINT('',(-0.339746099736245,0.0791635625128101,0.04006762889145));
#2737=CARTESIAN_POINT('Origin',(-0.339746099736245,0.0776885625128101,0.0392160372443953));
#2738=CARTESIAN_POINT('Origin',(-1.31368439986941E-18,0.0712135625128101,
0.0233854060927797));
#2739=CARTESIAN_POINT('',(-0.004175,0.0712135625128101,0.0091));
#2740=CARTESIAN_POINT('',(-0.004175,0.0712135625128101,0.0100414213562373));
#2741=CARTESIAN_POINT('',(-0.004175,0.0712135625128101,0.0233854060927797));
#2742=CARTESIAN_POINT('',(-0.003375,0.0712135625128101,0.0108414213562373));
#2743=CARTESIAN_POINT('',(0.0045844923682712,0.0712135625128101,0.0188009137245085));
#2744=CARTESIAN_POINT('',(-0.003375,0.0712135625128101,0.0114));
#2745=CARTESIAN_POINT('',(-0.003375,0.0712135625128101,0.0233854060927797));
#2746=CARTESIAN_POINT('',(-0.004175,0.0712135625128101,0.0114));
#2747=CARTESIAN_POINT('',(-0.005077,0.0712135625128101,0.0091));
#2748=CARTESIAN_POINT('Origin',(-0.00374571067811866,0.0712135625128101,
0.0104707106781187));
#2749=CARTESIAN_POINT('',(-0.004175,0.0812135625128101,0.0100414213562373));
#2750=CARTESIAN_POINT('',(-0.003375,0.0812135625128101,0.0108414213562373));
#2751=CARTESIAN_POINT('',(0.00787299236827121,0.0812135625128101,0.0220894137245085));
#2752=CARTESIAN_POINT('',(-0.003375,0.0712135625128101,0.0108414213562373));
#2753=CARTESIAN_POINT('',(-0.004175,0.0712135625128101,0.0100414213562373));
#2754=CARTESIAN_POINT('Origin',(-0.003375,0.0712135625128101,0.0111));
#2755=CARTESIAN_POINT('',(-0.003375,0.0812135625128101,0.0114));
#2756=CARTESIAN_POINT('',(-0.003375,0.0812135625128101,0.0233854060927797));
#2757=CARTESIAN_POINT('',(-0.003375,0.0712135625128101,0.0114));
#2758=CARTESIAN_POINT('Origin',(-0.004175,0.0712135625128101,0.0114));
#2759=CARTESIAN_POINT('',(-0.004175,0.0812135625128101,0.0114));
#2760=CARTESIAN_POINT('Origin',(-0.004175,0.0712135625128101,0.00955));
#2761=CARTESIAN_POINT('',(-0.004175,0.0812135625128101,0.0091));
#2762=CARTESIAN_POINT('',(-0.004175,0.0812135625128101,0.0233854060927797));
#2763=CARTESIAN_POINT('',(-0.004175,0.065002,0.0091));
#2764=CARTESIAN_POINT('Origin',(0.006577,0.0762135625128101,0.0417708121855594));
#2765=CARTESIAN_POINT('',(0.006577,0.0779635625128101,0.0417708121855594));
#2766=CARTESIAN_POINT('Origin',(0.006577,0.06,0.025557249672749));
#2767=CARTESIAN_POINT('',(0.006577,0.06175,0.025557249672749));
#2768=CARTESIAN_POINT('Origin',(0.006577,0.063106781256405,0.0386640309291544));
#2769=CARTESIAN_POINT('',(-1.00118696918885E-17,0.054,0.0295572496727493));
#2770=CARTESIAN_POINT('',(0.006577,0.0712135625128101,0.0467708121855594));
#2771=CARTESIAN_POINT('Origin',(0.006577,0.0762135625128101,0.0467708121855594));
#2772=CARTESIAN_POINT('',(0.006577,0.0812135625128101,0.0467708121855594));
#2773=CARTESIAN_POINT('Origin',(0.006577,0.063106781256405,0.0386640309291544));
#2774=CARTESIAN_POINT('',(-1.00118696918885E-17,0.054,0.0295572496727493));
#2775=CARTESIAN_POINT('',(0.006577,0.0712135625128101,0.0467708121855594));
#2776=CARTESIAN_POINT('Origin',(0.006577,0.0762135625128101,0.0467708121855594));
#2777=CARTESIAN_POINT('',(0.006577,0.0812135625128101,0.0467708121855594));
#2778=CARTESIAN_POINT('Origin',(0.006577,0.0812135625128101,0.0233854060927797));
#2779=CARTESIAN_POINT('',(-0.003275,0.0812135625128101,0.007));
#2780=CARTESIAN_POINT('',(-0.003275,0.0812135625128101,0.0091));
#2781=CARTESIAN_POINT('',(-0.003275,0.0812135625128101,0.0071));
#2782=CARTESIAN_POINT('',(0.006577,0.0812135625128101,0.007));
#2783=CARTESIAN_POINT('',(-0.005077,0.0812135625128101,0.0091));
#2784=CARTESIAN_POINT('Origin',(-0.003275,0.065002,0.0071));
#2785=CARTESIAN_POINT('',(-0.003275,0.0793135625128101,0.0051));
#2786=CARTESIAN_POINT('',(-0.003275,0.065002,0.0051));
#2787=CARTESIAN_POINT('',(-0.003275,0.073157781256405,-0.00105578125640503));
#2788=CARTESIAN_POINT('',(-0.003275,0.065002,0.0091));
#2789=CARTESIAN_POINT('Origin',(-2.60208521396521E-18,0.065002,0.0051));
#2790=CARTESIAN_POINT('',(0.003275,0.0793135625128101,0.0051));
#2791=CARTESIAN_POINT('',(0.003275,0.065002,0.0051));
#2792=CARTESIAN_POINT('',(2.36323547981104E-18,0.0793135625128101,0.0051));
#2793=CARTESIAN_POINT('Origin',(0.003275,0.065002,0.0071));
#2794=CARTESIAN_POINT('',(0.003275,0.0812135625128101,0.0091));
#2795=CARTESIAN_POINT('',(0.003275,0.065002,0.0091));
#2796=CARTESIAN_POINT('',(0.003275,0.0812135625128101,0.007));
#2797=CARTESIAN_POINT('',(0.003275,0.0812135625128101,0.0071));
#2798=CARTESIAN_POINT('',(0.003275,0.073157781256405,-0.00105578125640503));
#2799=CARTESIAN_POINT('Origin',(-0.005077,0.065002,0.0091));
#2800=CARTESIAN_POINT('',(0.004175,0.0812135625128101,0.0091));
#2801=CARTESIAN_POINT('',(0.004175,0.065002,0.0091));
#2802=CARTESIAN_POINT('',(-0.005077,0.0812135625128101,0.0091));
#2803=CARTESIAN_POINT('Origin',(-1.7347234759768E-18,0.054,0.0057));
#2804=CARTESIAN_POINT('Origin',(-0.005077,0.065002,0.0091));
#2805=CARTESIAN_POINT('Origin',(-1.7347234759768E-18,0.054,0.0057));
#2806=CARTESIAN_POINT('Origin',(0.006577,0.0812135625128101,0.0233854060927797));
#2807=CARTESIAN_POINT('',(0.006577,0.0812135625128101,0.007));
#2808=CARTESIAN_POINT('',(0.004175,0.0812135625128101,0.0100414213562373));
#2809=CARTESIAN_POINT('',(0.004175,0.0812135625128101,0.00955));
#2810=CARTESIAN_POINT('',(0.00374571067811866,0.0812135625128101,0.0104707106781186));
#2811=CARTESIAN_POINT('Origin',(0.006577,0.0762135625128101,0.0417708121855594));
#2812=CARTESIAN_POINT('',(0.006577,0.0779635625128101,0.0417708121855594));
#2813=CARTESIAN_POINT('Origin',(0.006577,0.06,0.025557249672749));
#2814=CARTESIAN_POINT('',(0.006577,0.06175,0.025557249672749));
#2815=CARTESIAN_POINT('Origin',(0.006577,0.0812135625128101,0.007));
#2816=CARTESIAN_POINT('Origin',(0.004175,0.065002,0.00955));
#2817=CARTESIAN_POINT('',(0.00417500000000003,0.104710521939546,0.0100414213562372));
#2818=CARTESIAN_POINT('Origin',(0.00374571067811865,0.065002,0.0104707106781186));
#2819=UNCERTAINTY_MEASURE_WITH_UNIT(LENGTH_MEASURE(1.E-5),#2823,
'DISTANCE_ACCURACY_VALUE',
'Maximum model space distance between geometric entities at asserted c
onnectivities');
#2820=UNCERTAINTY_MEASURE_WITH_UNIT(LENGTH_MEASURE(1.E-5),#2823,
'DISTANCE_ACCURACY_VALUE',
'Maximum model space distance between geometric entities at asserted c
onnectivities');
#2821=(
GEOMETRIC_REPRESENTATION_CONTEXT(3)
GLOBAL_UNCERTAINTY_ASSIGNED_CONTEXT((#2819))
GLOBAL_UNIT_ASSIGNED_CONTEXT((#2823,#2824,#2825))
REPRESENTATION_CONTEXT('','3D')
);
#2822=(
GEOMETRIC_REPRESENTATION_CONTEXT(3)
GLOBAL_UNCERTAINTY_ASSIGNED_CONTEXT((#2820))
GLOBAL_UNIT_ASSIGNED_CONTEXT((#2823,#2824,#2825))
REPRESENTATION_CONTEXT('','3D')
);
#2823=(
LENGTH_UNIT()
NAMED_UNIT(*)
SI_UNIT($,.METRE.)
);
#2824=(
NAMED_UNIT(*)
PLANE_ANGLE_UNIT()
SI_UNIT($,.RADIAN.)
);
#2825=(
NAMED_UNIT(*)
SI_UNIT($,.STERADIAN.)
SOLID_ANGLE_UNIT()
);
#2826=SHAPE_DEFINITION_REPRESENTATION(#2827,#2828);
#2827=PRODUCT_DEFINITION_SHAPE('',$,#2830);
#2828=SHAPE_REPRESENTATION('',(#1783),#2821);
#2829=PRODUCT_DEFINITION_CONTEXT('part definition',#2834,'design');
#2830=PRODUCT_DEFINITION('2026-05-15-11-20-46-048','FusionComponent',#2831,
#2829);
#2831=PRODUCT_DEFINITION_FORMATION('',$,#2836);
#2832=PRODUCT_RELATED_PRODUCT_CATEGORY('FusionComponent',
'FusionComponent',(#2836));
#2833=APPLICATION_PROTOCOL_DEFINITION('international standard',
'automotive_design',2009,#2834);
#2834=APPLICATION_CONTEXT(
'Core Data for Automotive Mechanical Design Process');
#2835=PRODUCT_CONTEXT('part definition',#2834,'mechanical');
#2836=PRODUCT('2026-05-15-11-20-46-048','FusionComponent',$,(#2835));
#2837=PRESENTATION_STYLE_ASSIGNMENT((#2839));
#2838=PRESENTATION_STYLE_ASSIGNMENT((#2840));
#2839=SURFACE_STYLE_USAGE(.BOTH.,#2841);
#2840=SURFACE_STYLE_USAGE(.BOTH.,#2842);
#2841=SURFACE_SIDE_STYLE('',(#2843));
#2842=SURFACE_SIDE_STYLE('',(#2844));
#2843=SURFACE_STYLE_FILL_AREA(#2845);
#2844=SURFACE_STYLE_FILL_AREA(#2846);
#2845=FILL_AREA_STYLE('Acier - Satin\X\E9',(#2847));
#2846=FILL_AREA_STYLE('Opaque(157,207,237)',(#2848));
#2847=FILL_AREA_STYLE_COLOUR('Acier - Satin\X\E9',#2849);
#2848=FILL_AREA_STYLE_COLOUR('Opaque(157,207,237)',#2850);
#2849=COLOUR_RGB('Acier - Satin\X\E9',0.627450980392157,0.627450980392157,
0.627450980392157);
#2850=COLOUR_RGB('Opaque(157,207,237)',0.615686274509804,0.811764705882353,
0.929411764705882);
ENDSEC;
END-ISO-10303-21;
