ISO-10303-21;
HEADER;
/* Generated by software containing ST-Developer
 * from STEP Tools, Inc. (www.steptools.com) 
 */

FILE_DESCRIPTION(
/* description */ (''),
/* implementation_level */ '2;1');

FILE_NAME(
/* name */ 'new_nozzle_1L.step',
/* time_stamp */ '2026-05-07T19:20:22+02:00',
/* author */ (''),
/* organization */ (''),
/* preprocessor_version */ 'ST-DEVELOPER v20.1',
/* originating_system */ 'Autodesk Translation Framework v15.8.0.0',
/* authorisation */ '');

FILE_SCHEMA (('AUTOMOTIVE_DESIGN { 1 0 10303 214 3 1 1 }'));
ENDSEC;

DATA;
#10=MECHANICAL_DESIGN_GEOMETRIC_PRESENTATION_REPRESENTATION('',(#13),#19490);
#11=SHAPE_REPRESENTATION_RELATIONSHIP('SRR','None',#19497,#12);
#12=ADVANCED_BREP_SHAPE_REPRESENTATION('',(#14),#19489);
#13=STYLED_ITEM('',(#19506),#14);
#14=MANIFOLD_SOLID_BREP('Corps1',#12306);
#15=FACE_BOUND('',#696,.T.);
#16=FACE_BOUND('',#1276,.T.);
#17=FACE_BOUND('',#1278,.T.);
#18=CYLINDRICAL_SURFACE('',#12324,3.99999999999977);
#19=CYLINDRICAL_SURFACE('',#12336,3.00000000000011);
#20=CYLINDRICAL_SURFACE('',#12338,5.);
#21=CYLINDRICAL_SURFACE('',#12357,20.2741972511473);
#22=CYLINDRICAL_SURFACE('',#12375,20.2741972511473);
#23=CYLINDRICAL_SURFACE('',#12393,20.2741972511473);
#24=CYLINDRICAL_SURFACE('',#12411,20.2741972511473);
#25=CYLINDRICAL_SURFACE('',#12429,20.2741972511473);
#26=CYLINDRICAL_SURFACE('',#12447,20.2741972511473);
#27=CYLINDRICAL_SURFACE('',#12465,20.2741972511473);
#28=CYLINDRICAL_SURFACE('',#12483,20.2741972511473);
#29=CYLINDRICAL_SURFACE('',#12501,20.2741972511473);
#30=CYLINDRICAL_SURFACE('',#12519,20.2741972511473);
#31=CYLINDRICAL_SURFACE('',#12698,20.2741972511473);
#32=CYLINDRICAL_SURFACE('',#12781,20.2741972511473);
#33=CYLINDRICAL_SURFACE('',#12799,20.2741972511473);
#34=CYLINDRICAL_SURFACE('',#12817,20.2741972511473);
#35=CYLINDRICAL_SURFACE('',#12835,20.2741972511473);
#36=CYLINDRICAL_SURFACE('',#12853,20.2741972511473);
#37=CYLINDRICAL_SURFACE('',#12871,20.2741972511473);
#38=CYLINDRICAL_SURFACE('',#12905,20.2741972511473);
#39=CYLINDRICAL_SURFACE('',#12923,20.2741972511473);
#40=CYLINDRICAL_SURFACE('',#12941,20.2741972511473);
#41=CYLINDRICAL_SURFACE('',#12959,20.2741972511473);
#42=CIRCLE('',#12322,3.99999999999977);
#43=CIRCLE('',#12323,3.00000000000011);
#44=CIRCLE('',#12325,3.99999999999977);
#45=CIRCLE('',#12326,3.99999999999977);
#46=CIRCLE('',#12327,3.99999999999977);
#47=CIRCLE('',#12328,3.99999999999977);
#48=CIRCLE('',#12332,3.00000000000011);
#49=CIRCLE('',#12334,3.00000000000011);
#50=CIRCLE('',#12335,3.00000000000011);
#51=CIRCLE('',#12337,3.00000000000011);
#52=CIRCLE('',#12339,5.);
#53=CIRCLE('',#12340,5.);
#54=CIRCLE('',#12358,20.2741972511473);
#55=CIRCLE('',#12359,20.2741972511473);
#56=CIRCLE('',#12376,20.2741972511473);
#57=CIRCLE('',#12377,20.2741972511473);
#58=CIRCLE('',#12394,20.2741972511473);
#59=CIRCLE('',#12395,20.2741972511473);
#60=CIRCLE('',#12412,20.2741972511473);
#61=CIRCLE('',#12413,20.2741972511473);
#62=CIRCLE('',#12430,20.2741972511473);
#63=CIRCLE('',#12431,20.2741972511473);
#64=CIRCLE('',#12448,20.2741972511473);
#65=CIRCLE('',#12449,20.2741972511473);
#66=CIRCLE('',#12466,20.2741972511473);
#67=CIRCLE('',#12467,20.2741972511473);
#68=CIRCLE('',#12484,20.2741972511473);
#69=CIRCLE('',#12485,20.2741972511473);
#70=CIRCLE('',#12502,20.2741972511473);
#71=CIRCLE('',#12503,20.2741972511473);
#72=CIRCLE('',#12520,20.2741972511473);
#73=CIRCLE('',#12521,20.2741972511473);
#74=CIRCLE('',#12699,20.2741972511473);
#75=CIRCLE('',#12700,20.2741972511473);
#76=CIRCLE('',#12782,20.2741972511473);
#77=CIRCLE('',#12783,20.2741972511473);
#78=CIRCLE('',#12800,20.2741972511473);
#79=CIRCLE('',#12801,20.2741972511473);
#80=CIRCLE('',#12818,20.2741972511473);
#81=CIRCLE('',#12819,20.2741972511473);
#82=CIRCLE('',#12836,20.2741972511473);
#83=CIRCLE('',#12837,20.2741972511473);
#84=CIRCLE('',#12854,20.2741972511473);
#85=CIRCLE('',#12855,20.2741972511473);
#86=CIRCLE('',#12872,20.2741972511473);
#87=CIRCLE('',#12873,20.2741972511473);
#88=CIRCLE('',#12906,20.2741972511473);
#89=CIRCLE('',#12907,20.2741972511473);
#90=CIRCLE('',#12924,20.2741972511473);
#91=CIRCLE('',#12925,20.2741972511473);
#92=CIRCLE('',#12942,20.2741972511473);
#93=CIRCLE('',#12943,20.2741972511473);
#94=CIRCLE('',#12960,20.2741972511473);
#95=CIRCLE('',#12961,20.2741972511473);
#96=FACE_OUTER_BOUND('',#686,.T.);
#97=FACE_OUTER_BOUND('',#687,.T.);
#98=FACE_OUTER_BOUND('',#688,.T.);
#99=FACE_OUTER_BOUND('',#689,.T.);
#100=FACE_OUTER_BOUND('',#690,.T.);
#101=FACE_OUTER_BOUND('',#691,.T.);
#102=FACE_OUTER_BOUND('',#692,.T.);
#103=FACE_OUTER_BOUND('',#693,.T.);
#104=FACE_OUTER_BOUND('',#694,.T.);
#105=FACE_OUTER_BOUND('',#695,.T.);
#106=FACE_OUTER_BOUND('',#697,.T.);
#107=FACE_OUTER_BOUND('',#698,.T.);
#108=FACE_OUTER_BOUND('',#699,.T.);
#109=FACE_OUTER_BOUND('',#700,.T.);
#110=FACE_OUTER_BOUND('',#701,.T.);
#111=FACE_OUTER_BOUND('',#702,.T.);
#112=FACE_OUTER_BOUND('',#703,.T.);
#113=FACE_OUTER_BOUND('',#704,.T.);
#114=FACE_OUTER_BOUND('',#705,.T.);
#115=FACE_OUTER_BOUND('',#706,.T.);
#116=FACE_OUTER_BOUND('',#707,.T.);
#117=FACE_OUTER_BOUND('',#708,.T.);
#118=FACE_OUTER_BOUND('',#709,.T.);
#119=FACE_OUTER_BOUND('',#710,.T.);
#120=FACE_OUTER_BOUND('',#711,.T.);
#121=FACE_OUTER_BOUND('',#712,.T.);
#122=FACE_OUTER_BOUND('',#713,.T.);
#123=FACE_OUTER_BOUND('',#714,.T.);
#124=FACE_OUTER_BOUND('',#715,.T.);
#125=FACE_OUTER_BOUND('',#716,.T.);
#126=FACE_OUTER_BOUND('',#717,.T.);
#127=FACE_OUTER_BOUND('',#718,.T.);
#128=FACE_OUTER_BOUND('',#719,.T.);
#129=FACE_OUTER_BOUND('',#720,.T.);
#130=FACE_OUTER_BOUND('',#721,.T.);
#131=FACE_OUTER_BOUND('',#722,.T.);
#132=FACE_OUTER_BOUND('',#723,.T.);
#133=FACE_OUTER_BOUND('',#724,.T.);
#134=FACE_OUTER_BOUND('',#725,.T.);
#135=FACE_OUTER_BOUND('',#726,.T.);
#136=FACE_OUTER_BOUND('',#727,.T.);
#137=FACE_OUTER_BOUND('',#728,.T.);
#138=FACE_OUTER_BOUND('',#729,.T.);
#139=FACE_OUTER_BOUND('',#730,.T.);
#140=FACE_OUTER_BOUND('',#731,.T.);
#141=FACE_OUTER_BOUND('',#732,.T.);
#142=FACE_OUTER_BOUND('',#733,.T.);
#143=FACE_OUTER_BOUND('',#734,.T.);
#144=FACE_OUTER_BOUND('',#735,.T.);
#145=FACE_OUTER_BOUND('',#736,.T.);
#146=FACE_OUTER_BOUND('',#737,.T.);
#147=FACE_OUTER_BOUND('',#738,.T.);
#148=FACE_OUTER_BOUND('',#739,.T.);
#149=FACE_OUTER_BOUND('',#740,.T.);
#150=FACE_OUTER_BOUND('',#741,.T.);
#151=FACE_OUTER_BOUND('',#742,.T.);
#152=FACE_OUTER_BOUND('',#743,.T.);
#153=FACE_OUTER_BOUND('',#744,.T.);
#154=FACE_OUTER_BOUND('',#745,.T.);
#155=FACE_OUTER_BOUND('',#746,.T.);
#156=FACE_OUTER_BOUND('',#747,.T.);
#157=FACE_OUTER_BOUND('',#748,.T.);
#158=FACE_OUTER_BOUND('',#749,.T.);
#159=FACE_OUTER_BOUND('',#750,.T.);
#160=FACE_OUTER_BOUND('',#751,.T.);
#161=FACE_OUTER_BOUND('',#752,.T.);
#162=FACE_OUTER_BOUND('',#753,.T.);
#163=FACE_OUTER_BOUND('',#754,.T.);
#164=FACE_OUTER_BOUND('',#755,.T.);
#165=FACE_OUTER_BOUND('',#756,.T.);
#166=FACE_OUTER_BOUND('',#757,.T.);
#167=FACE_OUTER_BOUND('',#758,.T.);
#168=FACE_OUTER_BOUND('',#759,.T.);
#169=FACE_OUTER_BOUND('',#760,.T.);
#170=FACE_OUTER_BOUND('',#761,.T.);
#171=FACE_OUTER_BOUND('',#762,.T.);
#172=FACE_OUTER_BOUND('',#763,.T.);
#173=FACE_OUTER_BOUND('',#764,.T.);
#174=FACE_OUTER_BOUND('',#765,.T.);
#175=FACE_OUTER_BOUND('',#766,.T.);
#176=FACE_OUTER_BOUND('',#767,.T.);
#177=FACE_OUTER_BOUND('',#768,.T.);
#178=FACE_OUTER_BOUND('',#769,.T.);
#179=FACE_OUTER_BOUND('',#770,.T.);
#180=FACE_OUTER_BOUND('',#771,.T.);
#181=FACE_OUTER_BOUND('',#772,.T.);
#182=FACE_OUTER_BOUND('',#773,.T.);
#183=FACE_OUTER_BOUND('',#774,.T.);
#184=FACE_OUTER_BOUND('',#775,.T.);
#185=FACE_OUTER_BOUND('',#776,.T.);
#186=FACE_OUTER_BOUND('',#777,.T.);
#187=FACE_OUTER_BOUND('',#778,.T.);
#188=FACE_OUTER_BOUND('',#779,.T.);
#189=FACE_OUTER_BOUND('',#780,.T.);
#190=FACE_OUTER_BOUND('',#781,.T.);
#191=FACE_OUTER_BOUND('',#782,.T.);
#192=FACE_OUTER_BOUND('',#783,.T.);
#193=FACE_OUTER_BOUND('',#784,.T.);
#194=FACE_OUTER_BOUND('',#785,.T.);
#195=FACE_OUTER_BOUND('',#786,.T.);
#196=FACE_OUTER_BOUND('',#787,.T.);
#197=FACE_OUTER_BOUND('',#788,.T.);
#198=FACE_OUTER_BOUND('',#789,.T.);
#199=FACE_OUTER_BOUND('',#790,.T.);
#200=FACE_OUTER_BOUND('',#791,.T.);
#201=FACE_OUTER_BOUND('',#792,.T.);
#202=FACE_OUTER_BOUND('',#793,.T.);
#203=FACE_OUTER_BOUND('',#794,.T.);
#204=FACE_OUTER_BOUND('',#795,.T.);
#205=FACE_OUTER_BOUND('',#796,.T.);
#206=FACE_OUTER_BOUND('',#797,.T.);
#207=FACE_OUTER_BOUND('',#798,.T.);
#208=FACE_OUTER_BOUND('',#799,.T.);
#209=FACE_OUTER_BOUND('',#800,.T.);
#210=FACE_OUTER_BOUND('',#801,.T.);
#211=FACE_OUTER_BOUND('',#802,.T.);
#212=FACE_OUTER_BOUND('',#803,.T.);
#213=FACE_OUTER_BOUND('',#804,.T.);
#214=FACE_OUTER_BOUND('',#805,.T.);
#215=FACE_OUTER_BOUND('',#806,.T.);
#216=FACE_OUTER_BOUND('',#807,.T.);
#217=FACE_OUTER_BOUND('',#808,.T.);
#218=FACE_OUTER_BOUND('',#809,.T.);
#219=FACE_OUTER_BOUND('',#810,.T.);
#220=FACE_OUTER_BOUND('',#811,.T.);
#221=FACE_OUTER_BOUND('',#812,.T.);
#222=FACE_OUTER_BOUND('',#813,.T.);
#223=FACE_OUTER_BOUND('',#814,.T.);
#224=FACE_OUTER_BOUND('',#815,.T.);
#225=FACE_OUTER_BOUND('',#816,.T.);
#226=FACE_OUTER_BOUND('',#817,.T.);
#227=FACE_OUTER_BOUND('',#818,.T.);
#228=FACE_OUTER_BOUND('',#819,.T.);
#229=FACE_OUTER_BOUND('',#820,.T.);
#230=FACE_OUTER_BOUND('',#821,.T.);
#231=FACE_OUTER_BOUND('',#822,.T.);
#232=FACE_OUTER_BOUND('',#823,.T.);
#233=FACE_OUTER_BOUND('',#824,.T.);
#234=FACE_OUTER_BOUND('',#825,.T.);
#235=FACE_OUTER_BOUND('',#826,.T.);
#236=FACE_OUTER_BOUND('',#827,.T.);
#237=FACE_OUTER_BOUND('',#828,.T.);
#238=FACE_OUTER_BOUND('',#829,.T.);
#239=FACE_OUTER_BOUND('',#830,.T.);
#240=FACE_OUTER_BOUND('',#831,.T.);
#241=FACE_OUTER_BOUND('',#832,.T.);
#242=FACE_OUTER_BOUND('',#833,.T.);
#243=FACE_OUTER_BOUND('',#834,.T.);
#244=FACE_OUTER_BOUND('',#835,.T.);
#245=FACE_OUTER_BOUND('',#836,.T.);
#246=FACE_OUTER_BOUND('',#837,.T.);
#247=FACE_OUTER_BOUND('',#838,.T.);
#248=FACE_OUTER_BOUND('',#839,.T.);
#249=FACE_OUTER_BOUND('',#840,.T.);
#250=FACE_OUTER_BOUND('',#841,.T.);
#251=FACE_OUTER_BOUND('',#842,.T.);
#252=FACE_OUTER_BOUND('',#843,.T.);
#253=FACE_OUTER_BOUND('',#844,.T.);
#254=FACE_OUTER_BOUND('',#845,.T.);
#255=FACE_OUTER_BOUND('',#846,.T.);
#256=FACE_OUTER_BOUND('',#847,.T.);
#257=FACE_OUTER_BOUND('',#848,.T.);
#258=FACE_OUTER_BOUND('',#849,.T.);
#259=FACE_OUTER_BOUND('',#850,.T.);
#260=FACE_OUTER_BOUND('',#851,.T.);
#261=FACE_OUTER_BOUND('',#852,.T.);
#262=FACE_OUTER_BOUND('',#853,.T.);
#263=FACE_OUTER_BOUND('',#854,.T.);
#264=FACE_OUTER_BOUND('',#855,.T.);
#265=FACE_OUTER_BOUND('',#856,.T.);
#266=FACE_OUTER_BOUND('',#857,.T.);
#267=FACE_OUTER_BOUND('',#858,.T.);
#268=FACE_OUTER_BOUND('',#859,.T.);
#269=FACE_OUTER_BOUND('',#860,.T.);
#270=FACE_OUTER_BOUND('',#861,.T.);
#271=FACE_OUTER_BOUND('',#862,.T.);
#272=FACE_OUTER_BOUND('',#863,.T.);
#273=FACE_OUTER_BOUND('',#864,.T.);
#274=FACE_OUTER_BOUND('',#865,.T.);
#275=FACE_OUTER_BOUND('',#866,.T.);
#276=FACE_OUTER_BOUND('',#867,.T.);
#277=FACE_OUTER_BOUND('',#868,.T.);
#278=FACE_OUTER_BOUND('',#869,.T.);
#279=FACE_OUTER_BOUND('',#870,.T.);
#280=FACE_OUTER_BOUND('',#871,.T.);
#281=FACE_OUTER_BOUND('',#872,.T.);
#282=FACE_OUTER_BOUND('',#873,.T.);
#283=FACE_OUTER_BOUND('',#874,.T.);
#284=FACE_OUTER_BOUND('',#875,.T.);
#285=FACE_OUTER_BOUND('',#876,.T.);
#286=FACE_OUTER_BOUND('',#877,.T.);
#287=FACE_OUTER_BOUND('',#878,.T.);
#288=FACE_OUTER_BOUND('',#879,.T.);
#289=FACE_OUTER_BOUND('',#880,.T.);
#290=FACE_OUTER_BOUND('',#881,.T.);
#291=FACE_OUTER_BOUND('',#882,.T.);
#292=FACE_OUTER_BOUND('',#883,.T.);
#293=FACE_OUTER_BOUND('',#884,.T.);
#294=FACE_OUTER_BOUND('',#885,.T.);
#295=FACE_OUTER_BOUND('',#886,.T.);
#296=FACE_OUTER_BOUND('',#887,.T.);
#297=FACE_OUTER_BOUND('',#888,.T.);
#298=FACE_OUTER_BOUND('',#889,.T.);
#299=FACE_OUTER_BOUND('',#890,.T.);
#300=FACE_OUTER_BOUND('',#891,.T.);
#301=FACE_OUTER_BOUND('',#892,.T.);
#302=FACE_OUTER_BOUND('',#893,.T.);
#303=FACE_OUTER_BOUND('',#894,.T.);
#304=FACE_OUTER_BOUND('',#895,.T.);
#305=FACE_OUTER_BOUND('',#896,.T.);
#306=FACE_OUTER_BOUND('',#897,.T.);
#307=FACE_OUTER_BOUND('',#898,.T.);
#308=FACE_OUTER_BOUND('',#899,.T.);
#309=FACE_OUTER_BOUND('',#900,.T.);
#310=FACE_OUTER_BOUND('',#901,.T.);
#311=FACE_OUTER_BOUND('',#902,.T.);
#312=FACE_OUTER_BOUND('',#903,.T.);
#313=FACE_OUTER_BOUND('',#904,.T.);
#314=FACE_OUTER_BOUND('',#905,.T.);
#315=FACE_OUTER_BOUND('',#906,.T.);
#316=FACE_OUTER_BOUND('',#907,.T.);
#317=FACE_OUTER_BOUND('',#908,.T.);
#318=FACE_OUTER_BOUND('',#909,.T.);
#319=FACE_OUTER_BOUND('',#910,.T.);
#320=FACE_OUTER_BOUND('',#911,.T.);
#321=FACE_OUTER_BOUND('',#912,.T.);
#322=FACE_OUTER_BOUND('',#913,.T.);
#323=FACE_OUTER_BOUND('',#914,.T.);
#324=FACE_OUTER_BOUND('',#915,.T.);
#325=FACE_OUTER_BOUND('',#916,.T.);
#326=FACE_OUTER_BOUND('',#917,.T.);
#327=FACE_OUTER_BOUND('',#918,.T.);
#328=FACE_OUTER_BOUND('',#919,.T.);
#329=FACE_OUTER_BOUND('',#920,.T.);
#330=FACE_OUTER_BOUND('',#921,.T.);
#331=FACE_OUTER_BOUND('',#922,.T.);
#332=FACE_OUTER_BOUND('',#923,.T.);
#333=FACE_OUTER_BOUND('',#924,.T.);
#334=FACE_OUTER_BOUND('',#925,.T.);
#335=FACE_OUTER_BOUND('',#926,.T.);
#336=FACE_OUTER_BOUND('',#927,.T.);
#337=FACE_OUTER_BOUND('',#928,.T.);
#338=FACE_OUTER_BOUND('',#929,.T.);
#339=FACE_OUTER_BOUND('',#930,.T.);
#340=FACE_OUTER_BOUND('',#931,.T.);
#341=FACE_OUTER_BOUND('',#932,.T.);
#342=FACE_OUTER_BOUND('',#933,.T.);
#343=FACE_OUTER_BOUND('',#934,.T.);
#344=FACE_OUTER_BOUND('',#935,.T.);
#345=FACE_OUTER_BOUND('',#936,.T.);
#346=FACE_OUTER_BOUND('',#937,.T.);
#347=FACE_OUTER_BOUND('',#938,.T.);
#348=FACE_OUTER_BOUND('',#939,.T.);
#349=FACE_OUTER_BOUND('',#940,.T.);
#350=FACE_OUTER_BOUND('',#941,.T.);
#351=FACE_OUTER_BOUND('',#942,.T.);
#352=FACE_OUTER_BOUND('',#943,.T.);
#353=FACE_OUTER_BOUND('',#944,.T.);
#354=FACE_OUTER_BOUND('',#945,.T.);
#355=FACE_OUTER_BOUND('',#946,.T.);
#356=FACE_OUTER_BOUND('',#947,.T.);
#357=FACE_OUTER_BOUND('',#948,.T.);
#358=FACE_OUTER_BOUND('',#949,.T.);
#359=FACE_OUTER_BOUND('',#950,.T.);
#360=FACE_OUTER_BOUND('',#951,.T.);
#361=FACE_OUTER_BOUND('',#952,.T.);
#362=FACE_OUTER_BOUND('',#953,.T.);
#363=FACE_OUTER_BOUND('',#954,.T.);
#364=FACE_OUTER_BOUND('',#955,.T.);
#365=FACE_OUTER_BOUND('',#956,.T.);
#366=FACE_OUTER_BOUND('',#957,.T.);
#367=FACE_OUTER_BOUND('',#958,.T.);
#368=FACE_OUTER_BOUND('',#959,.T.);
#369=FACE_OUTER_BOUND('',#960,.T.);
#370=FACE_OUTER_BOUND('',#961,.T.);
#371=FACE_OUTER_BOUND('',#962,.T.);
#372=FACE_OUTER_BOUND('',#963,.T.);
#373=FACE_OUTER_BOUND('',#964,.T.);
#374=FACE_OUTER_BOUND('',#965,.T.);
#375=FACE_OUTER_BOUND('',#966,.T.);
#376=FACE_OUTER_BOUND('',#967,.T.);
#377=FACE_OUTER_BOUND('',#968,.T.);
#378=FACE_OUTER_BOUND('',#969,.T.);
#379=FACE_OUTER_BOUND('',#970,.T.);
#380=FACE_OUTER_BOUND('',#971,.T.);
#381=FACE_OUTER_BOUND('',#972,.T.);
#382=FACE_OUTER_BOUND('',#973,.T.);
#383=FACE_OUTER_BOUND('',#974,.T.);
#384=FACE_OUTER_BOUND('',#975,.T.);
#385=FACE_OUTER_BOUND('',#976,.T.);
#386=FACE_OUTER_BOUND('',#977,.T.);
#387=FACE_OUTER_BOUND('',#978,.T.);
#388=FACE_OUTER_BOUND('',#979,.T.);
#389=FACE_OUTER_BOUND('',#980,.T.);
#390=FACE_OUTER_BOUND('',#981,.T.);
#391=FACE_OUTER_BOUND('',#982,.T.);
#392=FACE_OUTER_BOUND('',#983,.T.);
#393=FACE_OUTER_BOUND('',#984,.T.);
#394=FACE_OUTER_BOUND('',#985,.T.);
#395=FACE_OUTER_BOUND('',#986,.T.);
#396=FACE_OUTER_BOUND('',#987,.T.);
#397=FACE_OUTER_BOUND('',#988,.T.);
#398=FACE_OUTER_BOUND('',#989,.T.);
#399=FACE_OUTER_BOUND('',#990,.T.);
#400=FACE_OUTER_BOUND('',#991,.T.);
#401=FACE_OUTER_BOUND('',#992,.T.);
#402=FACE_OUTER_BOUND('',#993,.T.);
#403=FACE_OUTER_BOUND('',#994,.T.);
#404=FACE_OUTER_BOUND('',#995,.T.);
#405=FACE_OUTER_BOUND('',#996,.T.);
#406=FACE_OUTER_BOUND('',#997,.T.);
#407=FACE_OUTER_BOUND('',#998,.T.);
#408=FACE_OUTER_BOUND('',#999,.T.);
#409=FACE_OUTER_BOUND('',#1000,.T.);
#410=FACE_OUTER_BOUND('',#1001,.T.);
#411=FACE_OUTER_BOUND('',#1002,.T.);
#412=FACE_OUTER_BOUND('',#1003,.T.);
#413=FACE_OUTER_BOUND('',#1004,.T.);
#414=FACE_OUTER_BOUND('',#1005,.T.);
#415=FACE_OUTER_BOUND('',#1006,.T.);
#416=FACE_OUTER_BOUND('',#1007,.T.);
#417=FACE_OUTER_BOUND('',#1008,.T.);
#418=FACE_OUTER_BOUND('',#1009,.T.);
#419=FACE_OUTER_BOUND('',#1010,.T.);
#420=FACE_OUTER_BOUND('',#1011,.T.);
#421=FACE_OUTER_BOUND('',#1012,.T.);
#422=FACE_OUTER_BOUND('',#1013,.T.);
#423=FACE_OUTER_BOUND('',#1014,.T.);
#424=FACE_OUTER_BOUND('',#1015,.T.);
#425=FACE_OUTER_BOUND('',#1016,.T.);
#426=FACE_OUTER_BOUND('',#1017,.T.);
#427=FACE_OUTER_BOUND('',#1018,.T.);
#428=FACE_OUTER_BOUND('',#1019,.T.);
#429=FACE_OUTER_BOUND('',#1020,.T.);
#430=FACE_OUTER_BOUND('',#1021,.T.);
#431=FACE_OUTER_BOUND('',#1022,.T.);
#432=FACE_OUTER_BOUND('',#1023,.T.);
#433=FACE_OUTER_BOUND('',#1024,.T.);
#434=FACE_OUTER_BOUND('',#1025,.T.);
#435=FACE_OUTER_BOUND('',#1026,.T.);
#436=FACE_OUTER_BOUND('',#1027,.T.);
#437=FACE_OUTER_BOUND('',#1028,.T.);
#438=FACE_OUTER_BOUND('',#1029,.T.);
#439=FACE_OUTER_BOUND('',#1030,.T.);
#440=FACE_OUTER_BOUND('',#1031,.T.);
#441=FACE_OUTER_BOUND('',#1032,.T.);
#442=FACE_OUTER_BOUND('',#1033,.T.);
#443=FACE_OUTER_BOUND('',#1034,.T.);
#444=FACE_OUTER_BOUND('',#1035,.T.);
#445=FACE_OUTER_BOUND('',#1036,.T.);
#446=FACE_OUTER_BOUND('',#1037,.T.);
#447=FACE_OUTER_BOUND('',#1038,.T.);
#448=FACE_OUTER_BOUND('',#1039,.T.);
#449=FACE_OUTER_BOUND('',#1040,.T.);
#450=FACE_OUTER_BOUND('',#1041,.T.);
#451=FACE_OUTER_BOUND('',#1042,.T.);
#452=FACE_OUTER_BOUND('',#1043,.T.);
#453=FACE_OUTER_BOUND('',#1044,.T.);
#454=FACE_OUTER_BOUND('',#1045,.T.);
#455=FACE_OUTER_BOUND('',#1046,.T.);
#456=FACE_OUTER_BOUND('',#1047,.T.);
#457=FACE_OUTER_BOUND('',#1048,.T.);
#458=FACE_OUTER_BOUND('',#1049,.T.);
#459=FACE_OUTER_BOUND('',#1050,.T.);
#460=FACE_OUTER_BOUND('',#1051,.T.);
#461=FACE_OUTER_BOUND('',#1052,.T.);
#462=FACE_OUTER_BOUND('',#1053,.T.);
#463=FACE_OUTER_BOUND('',#1054,.T.);
#464=FACE_OUTER_BOUND('',#1055,.T.);
#465=FACE_OUTER_BOUND('',#1056,.T.);
#466=FACE_OUTER_BOUND('',#1057,.T.);
#467=FACE_OUTER_BOUND('',#1058,.T.);
#468=FACE_OUTER_BOUND('',#1059,.T.);
#469=FACE_OUTER_BOUND('',#1060,.T.);
#470=FACE_OUTER_BOUND('',#1061,.T.);
#471=FACE_OUTER_BOUND('',#1062,.T.);
#472=FACE_OUTER_BOUND('',#1063,.T.);
#473=FACE_OUTER_BOUND('',#1064,.T.);
#474=FACE_OUTER_BOUND('',#1065,.T.);
#475=FACE_OUTER_BOUND('',#1066,.T.);
#476=FACE_OUTER_BOUND('',#1067,.T.);
#477=FACE_OUTER_BOUND('',#1068,.T.);
#478=FACE_OUTER_BOUND('',#1069,.T.);
#479=FACE_OUTER_BOUND('',#1070,.T.);
#480=FACE_OUTER_BOUND('',#1071,.T.);
#481=FACE_OUTER_BOUND('',#1072,.T.);
#482=FACE_OUTER_BOUND('',#1073,.T.);
#483=FACE_OUTER_BOUND('',#1074,.T.);
#484=FACE_OUTER_BOUND('',#1075,.T.);
#485=FACE_OUTER_BOUND('',#1076,.T.);
#486=FACE_OUTER_BOUND('',#1077,.T.);
#487=FACE_OUTER_BOUND('',#1078,.T.);
#488=FACE_OUTER_BOUND('',#1079,.T.);
#489=FACE_OUTER_BOUND('',#1080,.T.);
#490=FACE_OUTER_BOUND('',#1081,.T.);
#491=FACE_OUTER_BOUND('',#1082,.T.);
#492=FACE_OUTER_BOUND('',#1083,.T.);
#493=FACE_OUTER_BOUND('',#1084,.T.);
#494=FACE_OUTER_BOUND('',#1085,.T.);
#495=FACE_OUTER_BOUND('',#1086,.T.);
#496=FACE_OUTER_BOUND('',#1087,.T.);
#497=FACE_OUTER_BOUND('',#1088,.T.);
#498=FACE_OUTER_BOUND('',#1089,.T.);
#499=FACE_OUTER_BOUND('',#1090,.T.);
#500=FACE_OUTER_BOUND('',#1091,.T.);
#501=FACE_OUTER_BOUND('',#1092,.T.);
#502=FACE_OUTER_BOUND('',#1093,.T.);
#503=FACE_OUTER_BOUND('',#1094,.T.);
#504=FACE_OUTER_BOUND('',#1095,.T.);
#505=FACE_OUTER_BOUND('',#1096,.T.);
#506=FACE_OUTER_BOUND('',#1097,.T.);
#507=FACE_OUTER_BOUND('',#1098,.T.);
#508=FACE_OUTER_BOUND('',#1099,.T.);
#509=FACE_OUTER_BOUND('',#1100,.T.);
#510=FACE_OUTER_BOUND('',#1101,.T.);
#511=FACE_OUTER_BOUND('',#1102,.T.);
#512=FACE_OUTER_BOUND('',#1103,.T.);
#513=FACE_OUTER_BOUND('',#1104,.T.);
#514=FACE_OUTER_BOUND('',#1105,.T.);
#515=FACE_OUTER_BOUND('',#1106,.T.);
#516=FACE_OUTER_BOUND('',#1107,.T.);
#517=FACE_OUTER_BOUND('',#1108,.T.);
#518=FACE_OUTER_BOUND('',#1109,.T.);
#519=FACE_OUTER_BOUND('',#1110,.T.);
#520=FACE_OUTER_BOUND('',#1111,.T.);
#521=FACE_OUTER_BOUND('',#1112,.T.);
#522=FACE_OUTER_BOUND('',#1113,.T.);
#523=FACE_OUTER_BOUND('',#1114,.T.);
#524=FACE_OUTER_BOUND('',#1115,.T.);
#525=FACE_OUTER_BOUND('',#1116,.T.);
#526=FACE_OUTER_BOUND('',#1117,.T.);
#527=FACE_OUTER_BOUND('',#1118,.T.);
#528=FACE_OUTER_BOUND('',#1119,.T.);
#529=FACE_OUTER_BOUND('',#1120,.T.);
#530=FACE_OUTER_BOUND('',#1121,.T.);
#531=FACE_OUTER_BOUND('',#1122,.T.);
#532=FACE_OUTER_BOUND('',#1123,.T.);
#533=FACE_OUTER_BOUND('',#1124,.T.);
#534=FACE_OUTER_BOUND('',#1125,.T.);
#535=FACE_OUTER_BOUND('',#1126,.T.);
#536=FACE_OUTER_BOUND('',#1127,.T.);
#537=FACE_OUTER_BOUND('',#1128,.T.);
#538=FACE_OUTER_BOUND('',#1129,.T.);
#539=FACE_OUTER_BOUND('',#1130,.T.);
#540=FACE_OUTER_BOUND('',#1131,.T.);
#541=FACE_OUTER_BOUND('',#1132,.T.);
#542=FACE_OUTER_BOUND('',#1133,.T.);
#543=FACE_OUTER_BOUND('',#1134,.T.);
#544=FACE_OUTER_BOUND('',#1135,.T.);
#545=FACE_OUTER_BOUND('',#1136,.T.);
#546=FACE_OUTER_BOUND('',#1137,.T.);
#547=FACE_OUTER_BOUND('',#1138,.T.);
#548=FACE_OUTER_BOUND('',#1139,.T.);
#549=FACE_OUTER_BOUND('',#1140,.T.);
#550=FACE_OUTER_BOUND('',#1141,.T.);
#551=FACE_OUTER_BOUND('',#1142,.T.);
#552=FACE_OUTER_BOUND('',#1143,.T.);
#553=FACE_OUTER_BOUND('',#1144,.T.);
#554=FACE_OUTER_BOUND('',#1145,.T.);
#555=FACE_OUTER_BOUND('',#1146,.T.);
#556=FACE_OUTER_BOUND('',#1147,.T.);
#557=FACE_OUTER_BOUND('',#1148,.T.);
#558=FACE_OUTER_BOUND('',#1149,.T.);
#559=FACE_OUTER_BOUND('',#1150,.T.);
#560=FACE_OUTER_BOUND('',#1151,.T.);
#561=FACE_OUTER_BOUND('',#1152,.T.);
#562=FACE_OUTER_BOUND('',#1153,.T.);
#563=FACE_OUTER_BOUND('',#1154,.T.);
#564=FACE_OUTER_BOUND('',#1155,.T.);
#565=FACE_OUTER_BOUND('',#1156,.T.);
#566=FACE_OUTER_BOUND('',#1157,.T.);
#567=FACE_OUTER_BOUND('',#1158,.T.);
#568=FACE_OUTER_BOUND('',#1159,.T.);
#569=FACE_OUTER_BOUND('',#1160,.T.);
#570=FACE_OUTER_BOUND('',#1161,.T.);
#571=FACE_OUTER_BOUND('',#1162,.T.);
#572=FACE_OUTER_BOUND('',#1163,.T.);
#573=FACE_OUTER_BOUND('',#1164,.T.);
#574=FACE_OUTER_BOUND('',#1165,.T.);
#575=FACE_OUTER_BOUND('',#1166,.T.);
#576=FACE_OUTER_BOUND('',#1167,.T.);
#577=FACE_OUTER_BOUND('',#1168,.T.);
#578=FACE_OUTER_BOUND('',#1169,.T.);
#579=FACE_OUTER_BOUND('',#1170,.T.);
#580=FACE_OUTER_BOUND('',#1171,.T.);
#581=FACE_OUTER_BOUND('',#1172,.T.);
#582=FACE_OUTER_BOUND('',#1173,.T.);
#583=FACE_OUTER_BOUND('',#1174,.T.);
#584=FACE_OUTER_BOUND('',#1175,.T.);
#585=FACE_OUTER_BOUND('',#1176,.T.);
#586=FACE_OUTER_BOUND('',#1177,.T.);
#587=FACE_OUTER_BOUND('',#1178,.T.);
#588=FACE_OUTER_BOUND('',#1179,.T.);
#589=FACE_OUTER_BOUND('',#1180,.T.);
#590=FACE_OUTER_BOUND('',#1181,.T.);
#591=FACE_OUTER_BOUND('',#1182,.T.);
#592=FACE_OUTER_BOUND('',#1183,.T.);
#593=FACE_OUTER_BOUND('',#1184,.T.);
#594=FACE_OUTER_BOUND('',#1185,.T.);
#595=FACE_OUTER_BOUND('',#1186,.T.);
#596=FACE_OUTER_BOUND('',#1187,.T.);
#597=FACE_OUTER_BOUND('',#1188,.T.);
#598=FACE_OUTER_BOUND('',#1189,.T.);
#599=FACE_OUTER_BOUND('',#1190,.T.);
#600=FACE_OUTER_BOUND('',#1191,.T.);
#601=FACE_OUTER_BOUND('',#1192,.T.);
#602=FACE_OUTER_BOUND('',#1193,.T.);
#603=FACE_OUTER_BOUND('',#1194,.T.);
#604=FACE_OUTER_BOUND('',#1195,.T.);
#605=FACE_OUTER_BOUND('',#1196,.T.);
#606=FACE_OUTER_BOUND('',#1197,.T.);
#607=FACE_OUTER_BOUND('',#1198,.T.);
#608=FACE_OUTER_BOUND('',#1199,.T.);
#609=FACE_OUTER_BOUND('',#1200,.T.);
#610=FACE_OUTER_BOUND('',#1201,.T.);
#611=FACE_OUTER_BOUND('',#1202,.T.);
#612=FACE_OUTER_BOUND('',#1203,.T.);
#613=FACE_OUTER_BOUND('',#1204,.T.);
#614=FACE_OUTER_BOUND('',#1205,.T.);
#615=FACE_OUTER_BOUND('',#1206,.T.);
#616=FACE_OUTER_BOUND('',#1207,.T.);
#617=FACE_OUTER_BOUND('',#1208,.T.);
#618=FACE_OUTER_BOUND('',#1209,.T.);
#619=FACE_OUTER_BOUND('',#1210,.T.);
#620=FACE_OUTER_BOUND('',#1211,.T.);
#621=FACE_OUTER_BOUND('',#1212,.T.);
#622=FACE_OUTER_BOUND('',#1213,.T.);
#623=FACE_OUTER_BOUND('',#1214,.T.);
#624=FACE_OUTER_BOUND('',#1215,.T.);
#625=FACE_OUTER_BOUND('',#1216,.T.);
#626=FACE_OUTER_BOUND('',#1217,.T.);
#627=FACE_OUTER_BOUND('',#1218,.T.);
#628=FACE_OUTER_BOUND('',#1219,.T.);
#629=FACE_OUTER_BOUND('',#1220,.T.);
#630=FACE_OUTER_BOUND('',#1221,.T.);
#631=FACE_OUTER_BOUND('',#1222,.T.);
#632=FACE_OUTER_BOUND('',#1223,.T.);
#633=FACE_OUTER_BOUND('',#1224,.T.);
#634=FACE_OUTER_BOUND('',#1225,.T.);
#635=FACE_OUTER_BOUND('',#1226,.T.);
#636=FACE_OUTER_BOUND('',#1227,.T.);
#637=FACE_OUTER_BOUND('',#1228,.T.);
#638=FACE_OUTER_BOUND('',#1229,.T.);
#639=FACE_OUTER_BOUND('',#1230,.T.);
#640=FACE_OUTER_BOUND('',#1231,.T.);
#641=FACE_OUTER_BOUND('',#1232,.T.);
#642=FACE_OUTER_BOUND('',#1233,.T.);
#643=FACE_OUTER_BOUND('',#1234,.T.);
#644=FACE_OUTER_BOUND('',#1235,.T.);
#645=FACE_OUTER_BOUND('',#1236,.T.);
#646=FACE_OUTER_BOUND('',#1237,.T.);
#647=FACE_OUTER_BOUND('',#1238,.T.);
#648=FACE_OUTER_BOUND('',#1239,.T.);
#649=FACE_OUTER_BOUND('',#1240,.T.);
#650=FACE_OUTER_BOUND('',#1241,.T.);
#651=FACE_OUTER_BOUND('',#1242,.T.);
#652=FACE_OUTER_BOUND('',#1243,.T.);
#653=FACE_OUTER_BOUND('',#1244,.T.);
#654=FACE_OUTER_BOUND('',#1245,.T.);
#655=FACE_OUTER_BOUND('',#1246,.T.);
#656=FACE_OUTER_BOUND('',#1247,.T.);
#657=FACE_OUTER_BOUND('',#1248,.T.);
#658=FACE_OUTER_BOUND('',#1249,.T.);
#659=FACE_OUTER_BOUND('',#1250,.T.);
#660=FACE_OUTER_BOUND('',#1251,.T.);
#661=FACE_OUTER_BOUND('',#1252,.T.);
#662=FACE_OUTER_BOUND('',#1253,.T.);
#663=FACE_OUTER_BOUND('',#1254,.T.);
#664=FACE_OUTER_BOUND('',#1255,.T.);
#665=FACE_OUTER_BOUND('',#1256,.T.);
#666=FACE_OUTER_BOUND('',#1257,.T.);
#667=FACE_OUTER_BOUND('',#1258,.T.);
#668=FACE_OUTER_BOUND('',#1259,.T.);
#669=FACE_OUTER_BOUND('',#1260,.T.);
#670=FACE_OUTER_BOUND('',#1261,.T.);
#671=FACE_OUTER_BOUND('',#1262,.T.);
#672=FACE_OUTER_BOUND('',#1263,.T.);
#673=FACE_OUTER_BOUND('',#1264,.T.);
#674=FACE_OUTER_BOUND('',#1265,.T.);
#675=FACE_OUTER_BOUND('',#1266,.T.);
#676=FACE_OUTER_BOUND('',#1267,.T.);
#677=FACE_OUTER_BOUND('',#1268,.T.);
#678=FACE_OUTER_BOUND('',#1269,.T.);
#679=FACE_OUTER_BOUND('',#1270,.T.);
#680=FACE_OUTER_BOUND('',#1271,.T.);
#681=FACE_OUTER_BOUND('',#1272,.T.);
#682=FACE_OUTER_BOUND('',#1273,.T.);
#683=FACE_OUTER_BOUND('',#1274,.T.);
#684=FACE_OUTER_BOUND('',#1275,.T.);
#685=FACE_OUTER_BOUND('',#1277,.T.);
#686=EDGE_LOOP('',(#7628,#7629,#7630,#7631));
#687=EDGE_LOOP('',(#7632,#7633,#7634,#7635));
#688=EDGE_LOOP('',(#7636,#7637,#7638,#7639,#7640,#7641,#7642,#7643,#7644,
#7645));
#689=EDGE_LOOP('',(#7646,#7647,#7648,#7649));
#690=EDGE_LOOP('',(#7650,#7651,#7652,#7653));
#691=EDGE_LOOP('',(#7654,#7655,#7656,#7657));
#692=EDGE_LOOP('',(#7658,#7659,#7660,#7661,#7662,#7663));
#693=EDGE_LOOP('',(#7664,#7665,#7666,#7667,#7668,#7669,#7670,#7671,#7672,
#7673));
#694=EDGE_LOOP('',(#7674,#7675,#7676,#7677));
#695=EDGE_LOOP('',(#7678));
#696=EDGE_LOOP('',(#7679));
#697=EDGE_LOOP('',(#7680,#7681,#7682,#7683));
#698=EDGE_LOOP('',(#7684,#7685,#7686,#7687));
#699=EDGE_LOOP('',(#7688,#7689,#7690,#7691));
#700=EDGE_LOOP('',(#7692,#7693,#7694,#7695));
#701=EDGE_LOOP('',(#7696,#7697,#7698,#7699));
#702=EDGE_LOOP('',(#7700,#7701,#7702,#7703));
#703=EDGE_LOOP('',(#7704,#7705,#7706,#7707));
#704=EDGE_LOOP('',(#7708,#7709,#7710,#7711));
#705=EDGE_LOOP('',(#7712,#7713,#7714,#7715));
#706=EDGE_LOOP('',(#7716,#7717,#7718,#7719));
#707=EDGE_LOOP('',(#7720,#7721,#7722,#7723));
#708=EDGE_LOOP('',(#7724,#7725,#7726,#7727));
#709=EDGE_LOOP('',(#7728,#7729,#7730,#7731));
#710=EDGE_LOOP('',(#7732,#7733,#7734,#7735));
#711=EDGE_LOOP('',(#7736,#7737,#7738,#7739));
#712=EDGE_LOOP('',(#7740,#7741,#7742,#7743));
#713=EDGE_LOOP('',(#7744,#7745,#7746,#7747));
#714=EDGE_LOOP('',(#7748,#7749,#7750,#7751));
#715=EDGE_LOOP('',(#7752,#7753,#7754,#7755));
#716=EDGE_LOOP('',(#7756,#7757,#7758,#7759));
#717=EDGE_LOOP('',(#7760,#7761,#7762,#7763));
#718=EDGE_LOOP('',(#7764,#7765,#7766,#7767));
#719=EDGE_LOOP('',(#7768,#7769,#7770,#7771));
#720=EDGE_LOOP('',(#7772,#7773,#7774,#7775));
#721=EDGE_LOOP('',(#7776,#7777,#7778,#7779));
#722=EDGE_LOOP('',(#7780,#7781,#7782,#7783));
#723=EDGE_LOOP('',(#7784,#7785,#7786,#7787));
#724=EDGE_LOOP('',(#7788,#7789,#7790,#7791));
#725=EDGE_LOOP('',(#7792,#7793,#7794,#7795));
#726=EDGE_LOOP('',(#7796,#7797,#7798,#7799));
#727=EDGE_LOOP('',(#7800,#7801,#7802,#7803));
#728=EDGE_LOOP('',(#7804,#7805,#7806,#7807));
#729=EDGE_LOOP('',(#7808,#7809,#7810,#7811));
#730=EDGE_LOOP('',(#7812,#7813,#7814,#7815));
#731=EDGE_LOOP('',(#7816,#7817,#7818,#7819));
#732=EDGE_LOOP('',(#7820,#7821,#7822,#7823));
#733=EDGE_LOOP('',(#7824,#7825,#7826,#7827));
#734=EDGE_LOOP('',(#7828,#7829,#7830,#7831));
#735=EDGE_LOOP('',(#7832,#7833,#7834,#7835));
#736=EDGE_LOOP('',(#7836,#7837,#7838,#7839));
#737=EDGE_LOOP('',(#7840,#7841,#7842,#7843));
#738=EDGE_LOOP('',(#7844,#7845,#7846,#7847));
#739=EDGE_LOOP('',(#7848,#7849,#7850,#7851));
#740=EDGE_LOOP('',(#7852,#7853,#7854,#7855));
#741=EDGE_LOOP('',(#7856,#7857,#7858,#7859));
#742=EDGE_LOOP('',(#7860,#7861,#7862,#7863));
#743=EDGE_LOOP('',(#7864,#7865,#7866,#7867));
#744=EDGE_LOOP('',(#7868,#7869,#7870,#7871));
#745=EDGE_LOOP('',(#7872,#7873,#7874,#7875));
#746=EDGE_LOOP('',(#7876,#7877,#7878,#7879));
#747=EDGE_LOOP('',(#7880,#7881,#7882,#7883));
#748=EDGE_LOOP('',(#7884,#7885,#7886,#7887));
#749=EDGE_LOOP('',(#7888,#7889,#7890,#7891));
#750=EDGE_LOOP('',(#7892,#7893,#7894,#7895));
#751=EDGE_LOOP('',(#7896,#7897,#7898,#7899));
#752=EDGE_LOOP('',(#7900,#7901,#7902,#7903));
#753=EDGE_LOOP('',(#7904,#7905,#7906,#7907));
#754=EDGE_LOOP('',(#7908,#7909,#7910,#7911));
#755=EDGE_LOOP('',(#7912,#7913,#7914,#7915));
#756=EDGE_LOOP('',(#7916,#7917,#7918,#7919));
#757=EDGE_LOOP('',(#7920,#7921,#7922,#7923));
#758=EDGE_LOOP('',(#7924,#7925,#7926,#7927));
#759=EDGE_LOOP('',(#7928,#7929,#7930,#7931));
#760=EDGE_LOOP('',(#7932,#7933,#7934,#7935));
#761=EDGE_LOOP('',(#7936,#7937,#7938,#7939));
#762=EDGE_LOOP('',(#7940,#7941,#7942,#7943));
#763=EDGE_LOOP('',(#7944,#7945,#7946,#7947));
#764=EDGE_LOOP('',(#7948,#7949,#7950,#7951));
#765=EDGE_LOOP('',(#7952,#7953,#7954,#7955));
#766=EDGE_LOOP('',(#7956,#7957,#7958,#7959));
#767=EDGE_LOOP('',(#7960,#7961,#7962,#7963));
#768=EDGE_LOOP('',(#7964,#7965,#7966,#7967));
#769=EDGE_LOOP('',(#7968,#7969,#7970,#7971));
#770=EDGE_LOOP('',(#7972,#7973,#7974,#7975));
#771=EDGE_LOOP('',(#7976,#7977,#7978,#7979));
#772=EDGE_LOOP('',(#7980,#7981,#7982,#7983));
#773=EDGE_LOOP('',(#7984,#7985,#7986,#7987));
#774=EDGE_LOOP('',(#7988,#7989,#7990,#7991));
#775=EDGE_LOOP('',(#7992,#7993,#7994,#7995));
#776=EDGE_LOOP('',(#7996,#7997,#7998,#7999));
#777=EDGE_LOOP('',(#8000,#8001,#8002,#8003));
#778=EDGE_LOOP('',(#8004,#8005,#8006,#8007));
#779=EDGE_LOOP('',(#8008,#8009,#8010,#8011));
#780=EDGE_LOOP('',(#8012,#8013,#8014,#8015));
#781=EDGE_LOOP('',(#8016,#8017,#8018,#8019));
#782=EDGE_LOOP('',(#8020,#8021,#8022,#8023));
#783=EDGE_LOOP('',(#8024,#8025,#8026,#8027));
#784=EDGE_LOOP('',(#8028,#8029,#8030,#8031));
#785=EDGE_LOOP('',(#8032,#8033,#8034,#8035));
#786=EDGE_LOOP('',(#8036,#8037,#8038,#8039));
#787=EDGE_LOOP('',(#8040,#8041,#8042,#8043));
#788=EDGE_LOOP('',(#8044,#8045,#8046,#8047));
#789=EDGE_LOOP('',(#8048,#8049,#8050,#8051));
#790=EDGE_LOOP('',(#8052,#8053,#8054,#8055));
#791=EDGE_LOOP('',(#8056,#8057,#8058,#8059));
#792=EDGE_LOOP('',(#8060,#8061,#8062,#8063));
#793=EDGE_LOOP('',(#8064,#8065,#8066,#8067));
#794=EDGE_LOOP('',(#8068,#8069,#8070,#8071));
#795=EDGE_LOOP('',(#8072,#8073,#8074,#8075));
#796=EDGE_LOOP('',(#8076,#8077,#8078,#8079));
#797=EDGE_LOOP('',(#8080,#8081,#8082,#8083));
#798=EDGE_LOOP('',(#8084,#8085,#8086,#8087));
#799=EDGE_LOOP('',(#8088,#8089,#8090,#8091));
#800=EDGE_LOOP('',(#8092,#8093,#8094,#8095));
#801=EDGE_LOOP('',(#8096,#8097,#8098,#8099));
#802=EDGE_LOOP('',(#8100,#8101,#8102,#8103));
#803=EDGE_LOOP('',(#8104,#8105,#8106,#8107));
#804=EDGE_LOOP('',(#8108,#8109,#8110,#8111));
#805=EDGE_LOOP('',(#8112,#8113,#8114,#8115));
#806=EDGE_LOOP('',(#8116,#8117,#8118,#8119));
#807=EDGE_LOOP('',(#8120,#8121,#8122,#8123));
#808=EDGE_LOOP('',(#8124,#8125,#8126,#8127));
#809=EDGE_LOOP('',(#8128,#8129,#8130,#8131));
#810=EDGE_LOOP('',(#8132,#8133,#8134,#8135));
#811=EDGE_LOOP('',(#8136,#8137,#8138,#8139));
#812=EDGE_LOOP('',(#8140,#8141,#8142,#8143));
#813=EDGE_LOOP('',(#8144,#8145,#8146,#8147));
#814=EDGE_LOOP('',(#8148,#8149,#8150,#8151));
#815=EDGE_LOOP('',(#8152,#8153,#8154,#8155));
#816=EDGE_LOOP('',(#8156,#8157,#8158,#8159));
#817=EDGE_LOOP('',(#8160,#8161,#8162,#8163));
#818=EDGE_LOOP('',(#8164,#8165,#8166,#8167));
#819=EDGE_LOOP('',(#8168,#8169,#8170,#8171));
#820=EDGE_LOOP('',(#8172,#8173,#8174,#8175));
#821=EDGE_LOOP('',(#8176,#8177,#8178,#8179));
#822=EDGE_LOOP('',(#8180,#8181,#8182,#8183));
#823=EDGE_LOOP('',(#8184,#8185,#8186,#8187));
#824=EDGE_LOOP('',(#8188,#8189,#8190,#8191));
#825=EDGE_LOOP('',(#8192,#8193,#8194,#8195));
#826=EDGE_LOOP('',(#8196,#8197,#8198,#8199));
#827=EDGE_LOOP('',(#8200,#8201,#8202,#8203));
#828=EDGE_LOOP('',(#8204,#8205,#8206,#8207));
#829=EDGE_LOOP('',(#8208,#8209,#8210,#8211));
#830=EDGE_LOOP('',(#8212,#8213,#8214,#8215));
#831=EDGE_LOOP('',(#8216,#8217,#8218,#8219));
#832=EDGE_LOOP('',(#8220,#8221,#8222,#8223));
#833=EDGE_LOOP('',(#8224,#8225,#8226,#8227));
#834=EDGE_LOOP('',(#8228,#8229,#8230,#8231));
#835=EDGE_LOOP('',(#8232,#8233,#8234,#8235));
#836=EDGE_LOOP('',(#8236,#8237,#8238,#8239));
#837=EDGE_LOOP('',(#8240,#8241,#8242,#8243));
#838=EDGE_LOOP('',(#8244,#8245,#8246,#8247));
#839=EDGE_LOOP('',(#8248,#8249,#8250,#8251));
#840=EDGE_LOOP('',(#8252,#8253,#8254,#8255));
#841=EDGE_LOOP('',(#8256,#8257,#8258,#8259));
#842=EDGE_LOOP('',(#8260,#8261,#8262,#8263));
#843=EDGE_LOOP('',(#8264,#8265,#8266,#8267));
#844=EDGE_LOOP('',(#8268,#8269,#8270,#8271));
#845=EDGE_LOOP('',(#8272,#8273,#8274,#8275));
#846=EDGE_LOOP('',(#8276,#8277,#8278,#8279));
#847=EDGE_LOOP('',(#8280,#8281,#8282,#8283));
#848=EDGE_LOOP('',(#8284,#8285,#8286,#8287));
#849=EDGE_LOOP('',(#8288,#8289,#8290,#8291));
#850=EDGE_LOOP('',(#8292,#8293,#8294,#8295));
#851=EDGE_LOOP('',(#8296,#8297,#8298,#8299));
#852=EDGE_LOOP('',(#8300,#8301,#8302,#8303));
#853=EDGE_LOOP('',(#8304,#8305,#8306,#8307));
#854=EDGE_LOOP('',(#8308,#8309,#8310,#8311));
#855=EDGE_LOOP('',(#8312,#8313,#8314,#8315));
#856=EDGE_LOOP('',(#8316,#8317,#8318,#8319));
#857=EDGE_LOOP('',(#8320,#8321,#8322,#8323));
#858=EDGE_LOOP('',(#8324,#8325,#8326,#8327));
#859=EDGE_LOOP('',(#8328,#8329,#8330,#8331));
#860=EDGE_LOOP('',(#8332,#8333,#8334,#8335));
#861=EDGE_LOOP('',(#8336,#8337,#8338,#8339));
#862=EDGE_LOOP('',(#8340,#8341,#8342,#8343));
#863=EDGE_LOOP('',(#8344,#8345,#8346,#8347));
#864=EDGE_LOOP('',(#8348,#8349,#8350,#8351));
#865=EDGE_LOOP('',(#8352,#8353,#8354,#8355));
#866=EDGE_LOOP('',(#8356,#8357,#8358,#8359));
#867=EDGE_LOOP('',(#8360,#8361,#8362,#8363));
#868=EDGE_LOOP('',(#8364,#8365,#8366,#8367));
#869=EDGE_LOOP('',(#8368,#8369,#8370,#8371));
#870=EDGE_LOOP('',(#8372,#8373,#8374,#8375));
#871=EDGE_LOOP('',(#8376,#8377,#8378,#8379));
#872=EDGE_LOOP('',(#8380,#8381,#8382,#8383));
#873=EDGE_LOOP('',(#8384,#8385,#8386,#8387));
#874=EDGE_LOOP('',(#8388,#8389,#8390,#8391));
#875=EDGE_LOOP('',(#8392,#8393,#8394,#8395));
#876=EDGE_LOOP('',(#8396,#8397,#8398,#8399));
#877=EDGE_LOOP('',(#8400,#8401,#8402,#8403));
#878=EDGE_LOOP('',(#8404,#8405,#8406,#8407));
#879=EDGE_LOOP('',(#8408,#8409,#8410,#8411));
#880=EDGE_LOOP('',(#8412,#8413,#8414,#8415));
#881=EDGE_LOOP('',(#8416,#8417,#8418,#8419));
#882=EDGE_LOOP('',(#8420,#8421,#8422,#8423));
#883=EDGE_LOOP('',(#8424,#8425,#8426,#8427));
#884=EDGE_LOOP('',(#8428,#8429,#8430,#8431));
#885=EDGE_LOOP('',(#8432,#8433,#8434,#8435));
#886=EDGE_LOOP('',(#8436,#8437,#8438,#8439));
#887=EDGE_LOOP('',(#8440,#8441,#8442,#8443));
#888=EDGE_LOOP('',(#8444,#8445,#8446,#8447));
#889=EDGE_LOOP('',(#8448,#8449,#8450,#8451));
#890=EDGE_LOOP('',(#8452,#8453,#8454,#8455));
#891=EDGE_LOOP('',(#8456,#8457,#8458,#8459));
#892=EDGE_LOOP('',(#8460,#8461,#8462,#8463));
#893=EDGE_LOOP('',(#8464,#8465,#8466,#8467));
#894=EDGE_LOOP('',(#8468,#8469,#8470,#8471));
#895=EDGE_LOOP('',(#8472,#8473,#8474,#8475));
#896=EDGE_LOOP('',(#8476,#8477,#8478,#8479));
#897=EDGE_LOOP('',(#8480,#8481,#8482,#8483));
#898=EDGE_LOOP('',(#8484,#8485,#8486,#8487));
#899=EDGE_LOOP('',(#8488,#8489,#8490,#8491));
#900=EDGE_LOOP('',(#8492,#8493,#8494,#8495));
#901=EDGE_LOOP('',(#8496,#8497,#8498,#8499));
#902=EDGE_LOOP('',(#8500,#8501,#8502,#8503));
#903=EDGE_LOOP('',(#8504,#8505,#8506,#8507));
#904=EDGE_LOOP('',(#8508,#8509,#8510,#8511));
#905=EDGE_LOOP('',(#8512,#8513,#8514,#8515));
#906=EDGE_LOOP('',(#8516,#8517,#8518,#8519));
#907=EDGE_LOOP('',(#8520,#8521,#8522,#8523));
#908=EDGE_LOOP('',(#8524,#8525,#8526,#8527));
#909=EDGE_LOOP('',(#8528,#8529,#8530,#8531));
#910=EDGE_LOOP('',(#8532,#8533,#8534,#8535));
#911=EDGE_LOOP('',(#8536,#8537,#8538,#8539));
#912=EDGE_LOOP('',(#8540,#8541,#8542,#8543));
#913=EDGE_LOOP('',(#8544,#8545,#8546,#8547));
#914=EDGE_LOOP('',(#8548,#8549,#8550,#8551));
#915=EDGE_LOOP('',(#8552,#8553,#8554,#8555));
#916=EDGE_LOOP('',(#8556,#8557,#8558,#8559));
#917=EDGE_LOOP('',(#8560,#8561,#8562,#8563));
#918=EDGE_LOOP('',(#8564,#8565,#8566,#8567));
#919=EDGE_LOOP('',(#8568,#8569,#8570,#8571));
#920=EDGE_LOOP('',(#8572,#8573,#8574,#8575));
#921=EDGE_LOOP('',(#8576,#8577,#8578,#8579));
#922=EDGE_LOOP('',(#8580,#8581,#8582,#8583));
#923=EDGE_LOOP('',(#8584,#8585,#8586,#8587));
#924=EDGE_LOOP('',(#8588,#8589,#8590,#8591));
#925=EDGE_LOOP('',(#8592,#8593,#8594,#8595));
#926=EDGE_LOOP('',(#8596,#8597,#8598,#8599));
#927=EDGE_LOOP('',(#8600,#8601,#8602,#8603));
#928=EDGE_LOOP('',(#8604,#8605,#8606,#8607));
#929=EDGE_LOOP('',(#8608,#8609,#8610,#8611));
#930=EDGE_LOOP('',(#8612,#8613,#8614,#8615));
#931=EDGE_LOOP('',(#8616,#8617,#8618,#8619));
#932=EDGE_LOOP('',(#8620,#8621,#8622,#8623));
#933=EDGE_LOOP('',(#8624,#8625,#8626,#8627));
#934=EDGE_LOOP('',(#8628,#8629,#8630,#8631));
#935=EDGE_LOOP('',(#8632,#8633,#8634,#8635));
#936=EDGE_LOOP('',(#8636,#8637,#8638,#8639));
#937=EDGE_LOOP('',(#8640,#8641,#8642,#8643));
#938=EDGE_LOOP('',(#8644,#8645,#8646,#8647));
#939=EDGE_LOOP('',(#8648,#8649,#8650,#8651));
#940=EDGE_LOOP('',(#8652,#8653,#8654,#8655));
#941=EDGE_LOOP('',(#8656,#8657,#8658,#8659));
#942=EDGE_LOOP('',(#8660,#8661,#8662,#8663));
#943=EDGE_LOOP('',(#8664,#8665,#8666,#8667));
#944=EDGE_LOOP('',(#8668,#8669,#8670,#8671));
#945=EDGE_LOOP('',(#8672,#8673,#8674,#8675));
#946=EDGE_LOOP('',(#8676,#8677,#8678,#8679));
#947=EDGE_LOOP('',(#8680,#8681,#8682,#8683));
#948=EDGE_LOOP('',(#8684,#8685,#8686,#8687));
#949=EDGE_LOOP('',(#8688,#8689,#8690,#8691));
#950=EDGE_LOOP('',(#8692,#8693,#8694,#8695));
#951=EDGE_LOOP('',(#8696,#8697,#8698,#8699));
#952=EDGE_LOOP('',(#8700,#8701,#8702,#8703));
#953=EDGE_LOOP('',(#8704,#8705,#8706,#8707));
#954=EDGE_LOOP('',(#8708,#8709,#8710,#8711));
#955=EDGE_LOOP('',(#8712,#8713,#8714,#8715));
#956=EDGE_LOOP('',(#8716,#8717,#8718,#8719));
#957=EDGE_LOOP('',(#8720,#8721,#8722,#8723));
#958=EDGE_LOOP('',(#8724,#8725,#8726,#8727));
#959=EDGE_LOOP('',(#8728,#8729,#8730,#8731));
#960=EDGE_LOOP('',(#8732,#8733,#8734,#8735));
#961=EDGE_LOOP('',(#8736,#8737,#8738,#8739));
#962=EDGE_LOOP('',(#8740,#8741,#8742,#8743));
#963=EDGE_LOOP('',(#8744,#8745,#8746,#8747));
#964=EDGE_LOOP('',(#8748,#8749,#8750,#8751));
#965=EDGE_LOOP('',(#8752,#8753,#8754,#8755));
#966=EDGE_LOOP('',(#8756,#8757,#8758,#8759));
#967=EDGE_LOOP('',(#8760,#8761,#8762,#8763));
#968=EDGE_LOOP('',(#8764,#8765,#8766,#8767));
#969=EDGE_LOOP('',(#8768,#8769,#8770,#8771));
#970=EDGE_LOOP('',(#8772,#8773,#8774,#8775));
#971=EDGE_LOOP('',(#8776,#8777,#8778,#8779));
#972=EDGE_LOOP('',(#8780,#8781,#8782,#8783));
#973=EDGE_LOOP('',(#8784,#8785,#8786,#8787));
#974=EDGE_LOOP('',(#8788,#8789,#8790,#8791));
#975=EDGE_LOOP('',(#8792,#8793,#8794,#8795));
#976=EDGE_LOOP('',(#8796,#8797,#8798,#8799));
#977=EDGE_LOOP('',(#8800,#8801,#8802,#8803));
#978=EDGE_LOOP('',(#8804,#8805,#8806,#8807));
#979=EDGE_LOOP('',(#8808,#8809,#8810,#8811));
#980=EDGE_LOOP('',(#8812,#8813,#8814,#8815));
#981=EDGE_LOOP('',(#8816,#8817,#8818,#8819));
#982=EDGE_LOOP('',(#8820,#8821,#8822,#8823));
#983=EDGE_LOOP('',(#8824,#8825,#8826,#8827));
#984=EDGE_LOOP('',(#8828,#8829,#8830,#8831));
#985=EDGE_LOOP('',(#8832,#8833,#8834,#8835));
#986=EDGE_LOOP('',(#8836,#8837,#8838,#8839));
#987=EDGE_LOOP('',(#8840,#8841,#8842,#8843));
#988=EDGE_LOOP('',(#8844,#8845,#8846,#8847));
#989=EDGE_LOOP('',(#8848,#8849,#8850,#8851));
#990=EDGE_LOOP('',(#8852,#8853,#8854,#8855));
#991=EDGE_LOOP('',(#8856,#8857,#8858,#8859));
#992=EDGE_LOOP('',(#8860,#8861,#8862,#8863));
#993=EDGE_LOOP('',(#8864,#8865,#8866,#8867));
#994=EDGE_LOOP('',(#8868,#8869,#8870,#8871));
#995=EDGE_LOOP('',(#8872,#8873,#8874,#8875));
#996=EDGE_LOOP('',(#8876,#8877,#8878,#8879));
#997=EDGE_LOOP('',(#8880,#8881,#8882,#8883));
#998=EDGE_LOOP('',(#8884,#8885,#8886,#8887));
#999=EDGE_LOOP('',(#8888,#8889,#8890,#8891));
#1000=EDGE_LOOP('',(#8892,#8893,#8894,#8895));
#1001=EDGE_LOOP('',(#8896,#8897,#8898,#8899));
#1002=EDGE_LOOP('',(#8900,#8901,#8902,#8903));
#1003=EDGE_LOOP('',(#8904,#8905,#8906,#8907));
#1004=EDGE_LOOP('',(#8908,#8909,#8910,#8911));
#1005=EDGE_LOOP('',(#8912,#8913,#8914,#8915));
#1006=EDGE_LOOP('',(#8916,#8917,#8918,#8919));
#1007=EDGE_LOOP('',(#8920,#8921,#8922,#8923));
#1008=EDGE_LOOP('',(#8924,#8925,#8926,#8927));
#1009=EDGE_LOOP('',(#8928,#8929,#8930,#8931));
#1010=EDGE_LOOP('',(#8932,#8933,#8934,#8935));
#1011=EDGE_LOOP('',(#8936,#8937,#8938,#8939));
#1012=EDGE_LOOP('',(#8940,#8941,#8942,#8943));
#1013=EDGE_LOOP('',(#8944,#8945,#8946,#8947));
#1014=EDGE_LOOP('',(#8948,#8949,#8950,#8951));
#1015=EDGE_LOOP('',(#8952,#8953,#8954,#8955));
#1016=EDGE_LOOP('',(#8956,#8957,#8958,#8959));
#1017=EDGE_LOOP('',(#8960,#8961,#8962,#8963));
#1018=EDGE_LOOP('',(#8964,#8965,#8966,#8967));
#1019=EDGE_LOOP('',(#8968,#8969,#8970,#8971));
#1020=EDGE_LOOP('',(#8972,#8973,#8974,#8975));
#1021=EDGE_LOOP('',(#8976,#8977,#8978,#8979));
#1022=EDGE_LOOP('',(#8980,#8981,#8982,#8983));
#1023=EDGE_LOOP('',(#8984,#8985,#8986,#8987));
#1024=EDGE_LOOP('',(#8988,#8989,#8990,#8991));
#1025=EDGE_LOOP('',(#8992,#8993,#8994,#8995));
#1026=EDGE_LOOP('',(#8996,#8997,#8998,#8999));
#1027=EDGE_LOOP('',(#9000,#9001,#9002,#9003));
#1028=EDGE_LOOP('',(#9004,#9005,#9006,#9007));
#1029=EDGE_LOOP('',(#9008,#9009,#9010,#9011));
#1030=EDGE_LOOP('',(#9012,#9013,#9014,#9015));
#1031=EDGE_LOOP('',(#9016,#9017,#9018,#9019));
#1032=EDGE_LOOP('',(#9020,#9021,#9022,#9023));
#1033=EDGE_LOOP('',(#9024,#9025,#9026,#9027));
#1034=EDGE_LOOP('',(#9028,#9029,#9030,#9031));
#1035=EDGE_LOOP('',(#9032,#9033,#9034,#9035));
#1036=EDGE_LOOP('',(#9036,#9037,#9038,#9039));
#1037=EDGE_LOOP('',(#9040,#9041,#9042,#9043));
#1038=EDGE_LOOP('',(#9044,#9045,#9046,#9047));
#1039=EDGE_LOOP('',(#9048,#9049,#9050,#9051));
#1040=EDGE_LOOP('',(#9052,#9053,#9054,#9055));
#1041=EDGE_LOOP('',(#9056,#9057,#9058,#9059));
#1042=EDGE_LOOP('',(#9060,#9061,#9062,#9063));
#1043=EDGE_LOOP('',(#9064,#9065,#9066,#9067));
#1044=EDGE_LOOP('',(#9068,#9069,#9070,#9071));
#1045=EDGE_LOOP('',(#9072,#9073,#9074,#9075));
#1046=EDGE_LOOP('',(#9076,#9077,#9078,#9079));
#1047=EDGE_LOOP('',(#9080,#9081,#9082,#9083));
#1048=EDGE_LOOP('',(#9084,#9085,#9086,#9087));
#1049=EDGE_LOOP('',(#9088,#9089,#9090,#9091));
#1050=EDGE_LOOP('',(#9092,#9093,#9094,#9095));
#1051=EDGE_LOOP('',(#9096,#9097,#9098,#9099));
#1052=EDGE_LOOP('',(#9100,#9101,#9102,#9103));
#1053=EDGE_LOOP('',(#9104,#9105,#9106,#9107));
#1054=EDGE_LOOP('',(#9108,#9109,#9110,#9111));
#1055=EDGE_LOOP('',(#9112,#9113,#9114,#9115));
#1056=EDGE_LOOP('',(#9116,#9117,#9118,#9119));
#1057=EDGE_LOOP('',(#9120,#9121,#9122,#9123));
#1058=EDGE_LOOP('',(#9124,#9125,#9126,#9127));
#1059=EDGE_LOOP('',(#9128,#9129,#9130,#9131));
#1060=EDGE_LOOP('',(#9132,#9133,#9134,#9135));
#1061=EDGE_LOOP('',(#9136,#9137,#9138,#9139));
#1062=EDGE_LOOP('',(#9140,#9141,#9142,#9143));
#1063=EDGE_LOOP('',(#9144,#9145,#9146,#9147));
#1064=EDGE_LOOP('',(#9148,#9149,#9150,#9151));
#1065=EDGE_LOOP('',(#9152,#9153,#9154,#9155));
#1066=EDGE_LOOP('',(#9156,#9157,#9158,#9159));
#1067=EDGE_LOOP('',(#9160,#9161,#9162,#9163));
#1068=EDGE_LOOP('',(#9164,#9165,#9166,#9167));
#1069=EDGE_LOOP('',(#9168,#9169,#9170,#9171));
#1070=EDGE_LOOP('',(#9172,#9173,#9174,#9175));
#1071=EDGE_LOOP('',(#9176,#9177,#9178,#9179));
#1072=EDGE_LOOP('',(#9180,#9181,#9182,#9183));
#1073=EDGE_LOOP('',(#9184,#9185,#9186,#9187));
#1074=EDGE_LOOP('',(#9188,#9189,#9190,#9191));
#1075=EDGE_LOOP('',(#9192,#9193,#9194,#9195));
#1076=EDGE_LOOP('',(#9196,#9197,#9198,#9199));
#1077=EDGE_LOOP('',(#9200,#9201,#9202,#9203));
#1078=EDGE_LOOP('',(#9204,#9205,#9206,#9207));
#1079=EDGE_LOOP('',(#9208,#9209,#9210,#9211));
#1080=EDGE_LOOP('',(#9212,#9213,#9214,#9215));
#1081=EDGE_LOOP('',(#9216,#9217,#9218,#9219));
#1082=EDGE_LOOP('',(#9220,#9221,#9222,#9223));
#1083=EDGE_LOOP('',(#9224,#9225,#9226,#9227));
#1084=EDGE_LOOP('',(#9228,#9229,#9230,#9231));
#1085=EDGE_LOOP('',(#9232,#9233,#9234,#9235));
#1086=EDGE_LOOP('',(#9236,#9237,#9238,#9239));
#1087=EDGE_LOOP('',(#9240,#9241,#9242,#9243));
#1088=EDGE_LOOP('',(#9244,#9245,#9246,#9247));
#1089=EDGE_LOOP('',(#9248,#9249,#9250,#9251));
#1090=EDGE_LOOP('',(#9252,#9253,#9254,#9255));
#1091=EDGE_LOOP('',(#9256,#9257,#9258,#9259));
#1092=EDGE_LOOP('',(#9260,#9261,#9262,#9263));
#1093=EDGE_LOOP('',(#9264,#9265,#9266,#9267));
#1094=EDGE_LOOP('',(#9268,#9269,#9270,#9271));
#1095=EDGE_LOOP('',(#9272,#9273,#9274,#9275));
#1096=EDGE_LOOP('',(#9276,#9277,#9278,#9279));
#1097=EDGE_LOOP('',(#9280,#9281,#9282,#9283));
#1098=EDGE_LOOP('',(#9284,#9285,#9286,#9287));
#1099=EDGE_LOOP('',(#9288,#9289,#9290,#9291));
#1100=EDGE_LOOP('',(#9292,#9293,#9294,#9295));
#1101=EDGE_LOOP('',(#9296,#9297,#9298,#9299));
#1102=EDGE_LOOP('',(#9300,#9301,#9302,#9303));
#1103=EDGE_LOOP('',(#9304,#9305,#9306,#9307));
#1104=EDGE_LOOP('',(#9308,#9309,#9310,#9311));
#1105=EDGE_LOOP('',(#9312,#9313,#9314,#9315));
#1106=EDGE_LOOP('',(#9316,#9317,#9318,#9319));
#1107=EDGE_LOOP('',(#9320,#9321,#9322,#9323));
#1108=EDGE_LOOP('',(#9324,#9325,#9326,#9327));
#1109=EDGE_LOOP('',(#9328,#9329,#9330,#9331));
#1110=EDGE_LOOP('',(#9332,#9333,#9334,#9335));
#1111=EDGE_LOOP('',(#9336,#9337,#9338,#9339));
#1112=EDGE_LOOP('',(#9340,#9341,#9342,#9343));
#1113=EDGE_LOOP('',(#9344,#9345,#9346,#9347));
#1114=EDGE_LOOP('',(#9348,#9349,#9350,#9351));
#1115=EDGE_LOOP('',(#9352,#9353,#9354,#9355));
#1116=EDGE_LOOP('',(#9356,#9357,#9358,#9359));
#1117=EDGE_LOOP('',(#9360,#9361,#9362,#9363));
#1118=EDGE_LOOP('',(#9364,#9365,#9366,#9367));
#1119=EDGE_LOOP('',(#9368,#9369,#9370,#9371));
#1120=EDGE_LOOP('',(#9372,#9373,#9374,#9375));
#1121=EDGE_LOOP('',(#9376,#9377,#9378,#9379));
#1122=EDGE_LOOP('',(#9380,#9381,#9382,#9383));
#1123=EDGE_LOOP('',(#9384,#9385,#9386,#9387));
#1124=EDGE_LOOP('',(#9388,#9389,#9390,#9391));
#1125=EDGE_LOOP('',(#9392,#9393,#9394,#9395));
#1126=EDGE_LOOP('',(#9396,#9397,#9398,#9399));
#1127=EDGE_LOOP('',(#9400,#9401,#9402,#9403));
#1128=EDGE_LOOP('',(#9404,#9405,#9406,#9407));
#1129=EDGE_LOOP('',(#9408,#9409,#9410,#9411));
#1130=EDGE_LOOP('',(#9412,#9413,#9414,#9415));
#1131=EDGE_LOOP('',(#9416,#9417,#9418,#9419));
#1132=EDGE_LOOP('',(#9420,#9421,#9422,#9423));
#1133=EDGE_LOOP('',(#9424,#9425,#9426,#9427));
#1134=EDGE_LOOP('',(#9428,#9429,#9430,#9431));
#1135=EDGE_LOOP('',(#9432,#9433,#9434,#9435));
#1136=EDGE_LOOP('',(#9436,#9437,#9438,#9439));
#1137=EDGE_LOOP('',(#9440,#9441,#9442,#9443));
#1138=EDGE_LOOP('',(#9444,#9445,#9446,#9447));
#1139=EDGE_LOOP('',(#9448,#9449,#9450,#9451));
#1140=EDGE_LOOP('',(#9452,#9453,#9454,#9455));
#1141=EDGE_LOOP('',(#9456,#9457,#9458,#9459));
#1142=EDGE_LOOP('',(#9460,#9461,#9462,#9463));
#1143=EDGE_LOOP('',(#9464,#9465,#9466,#9467));
#1144=EDGE_LOOP('',(#9468,#9469,#9470,#9471));
#1145=EDGE_LOOP('',(#9472,#9473,#9474,#9475));
#1146=EDGE_LOOP('',(#9476,#9477,#9478,#9479));
#1147=EDGE_LOOP('',(#9480,#9481,#9482,#9483));
#1148=EDGE_LOOP('',(#9484,#9485,#9486,#9487));
#1149=EDGE_LOOP('',(#9488,#9489,#9490,#9491));
#1150=EDGE_LOOP('',(#9492,#9493,#9494,#9495));
#1151=EDGE_LOOP('',(#9496,#9497,#9498,#9499));
#1152=EDGE_LOOP('',(#9500,#9501,#9502,#9503));
#1153=EDGE_LOOP('',(#9504,#9505,#9506,#9507));
#1154=EDGE_LOOP('',(#9508,#9509,#9510,#9511));
#1155=EDGE_LOOP('',(#9512,#9513,#9514,#9515));
#1156=EDGE_LOOP('',(#9516,#9517,#9518,#9519));
#1157=EDGE_LOOP('',(#9520,#9521,#9522,#9523));
#1158=EDGE_LOOP('',(#9524,#9525,#9526,#9527));
#1159=EDGE_LOOP('',(#9528,#9529,#9530,#9531));
#1160=EDGE_LOOP('',(#9532,#9533,#9534,#9535));
#1161=EDGE_LOOP('',(#9536,#9537,#9538,#9539));
#1162=EDGE_LOOP('',(#9540,#9541,#9542,#9543));
#1163=EDGE_LOOP('',(#9544,#9545,#9546,#9547));
#1164=EDGE_LOOP('',(#9548,#9549,#9550,#9551));
#1165=EDGE_LOOP('',(#9552,#9553,#9554,#9555));
#1166=EDGE_LOOP('',(#9556,#9557,#9558,#9559));
#1167=EDGE_LOOP('',(#9560,#9561,#9562,#9563));
#1168=EDGE_LOOP('',(#9564,#9565,#9566,#9567));
#1169=EDGE_LOOP('',(#9568,#9569,#9570,#9571));
#1170=EDGE_LOOP('',(#9572,#9573,#9574,#9575));
#1171=EDGE_LOOP('',(#9576,#9577,#9578,#9579));
#1172=EDGE_LOOP('',(#9580,#9581,#9582,#9583));
#1173=EDGE_LOOP('',(#9584,#9585,#9586,#9587));
#1174=EDGE_LOOP('',(#9588,#9589,#9590,#9591));
#1175=EDGE_LOOP('',(#9592,#9593,#9594,#9595));
#1176=EDGE_LOOP('',(#9596,#9597,#9598,#9599));
#1177=EDGE_LOOP('',(#9600,#9601,#9602,#9603));
#1178=EDGE_LOOP('',(#9604,#9605,#9606,#9607));
#1179=EDGE_LOOP('',(#9608,#9609,#9610,#9611));
#1180=EDGE_LOOP('',(#9612,#9613,#9614,#9615));
#1181=EDGE_LOOP('',(#9616,#9617,#9618,#9619));
#1182=EDGE_LOOP('',(#9620,#9621,#9622,#9623));
#1183=EDGE_LOOP('',(#9624,#9625,#9626,#9627));
#1184=EDGE_LOOP('',(#9628,#9629,#9630,#9631));
#1185=EDGE_LOOP('',(#9632,#9633,#9634,#9635));
#1186=EDGE_LOOP('',(#9636,#9637,#9638,#9639));
#1187=EDGE_LOOP('',(#9640,#9641,#9642,#9643));
#1188=EDGE_LOOP('',(#9644,#9645,#9646,#9647));
#1189=EDGE_LOOP('',(#9648,#9649,#9650,#9651));
#1190=EDGE_LOOP('',(#9652,#9653,#9654,#9655));
#1191=EDGE_LOOP('',(#9656,#9657,#9658,#9659));
#1192=EDGE_LOOP('',(#9660,#9661,#9662,#9663));
#1193=EDGE_LOOP('',(#9664,#9665,#9666,#9667));
#1194=EDGE_LOOP('',(#9668,#9669,#9670,#9671));
#1195=EDGE_LOOP('',(#9672,#9673,#9674,#9675));
#1196=EDGE_LOOP('',(#9676,#9677,#9678,#9679));
#1197=EDGE_LOOP('',(#9680,#9681,#9682,#9683));
#1198=EDGE_LOOP('',(#9684,#9685,#9686,#9687));
#1199=EDGE_LOOP('',(#9688,#9689,#9690,#9691));
#1200=EDGE_LOOP('',(#9692,#9693,#9694,#9695));
#1201=EDGE_LOOP('',(#9696,#9697,#9698,#9699));
#1202=EDGE_LOOP('',(#9700,#9701,#9702,#9703));
#1203=EDGE_LOOP('',(#9704,#9705,#9706,#9707));
#1204=EDGE_LOOP('',(#9708,#9709,#9710,#9711));
#1205=EDGE_LOOP('',(#9712,#9713,#9714,#9715));
#1206=EDGE_LOOP('',(#9716,#9717,#9718,#9719));
#1207=EDGE_LOOP('',(#9720,#9721,#9722,#9723));
#1208=EDGE_LOOP('',(#9724,#9725,#9726,#9727));
#1209=EDGE_LOOP('',(#9728,#9729,#9730,#9731));
#1210=EDGE_LOOP('',(#9732,#9733,#9734,#9735));
#1211=EDGE_LOOP('',(#9736,#9737,#9738,#9739));
#1212=EDGE_LOOP('',(#9740,#9741,#9742,#9743));
#1213=EDGE_LOOP('',(#9744,#9745,#9746,#9747));
#1214=EDGE_LOOP('',(#9748,#9749,#9750,#9751));
#1215=EDGE_LOOP('',(#9752,#9753,#9754,#9755));
#1216=EDGE_LOOP('',(#9756,#9757,#9758,#9759));
#1217=EDGE_LOOP('',(#9760,#9761,#9762,#9763));
#1218=EDGE_LOOP('',(#9764,#9765,#9766,#9767));
#1219=EDGE_LOOP('',(#9768,#9769,#9770,#9771));
#1220=EDGE_LOOP('',(#9772,#9773,#9774,#9775));
#1221=EDGE_LOOP('',(#9776,#9777,#9778,#9779));
#1222=EDGE_LOOP('',(#9780,#9781,#9782,#9783));
#1223=EDGE_LOOP('',(#9784,#9785,#9786,#9787));
#1224=EDGE_LOOP('',(#9788,#9789,#9790,#9791));
#1225=EDGE_LOOP('',(#9792,#9793,#9794,#9795));
#1226=EDGE_LOOP('',(#9796,#9797,#9798,#9799));
#1227=EDGE_LOOP('',(#9800,#9801,#9802,#9803));
#1228=EDGE_LOOP('',(#9804,#9805,#9806,#9807));
#1229=EDGE_LOOP('',(#9808,#9809,#9810,#9811));
#1230=EDGE_LOOP('',(#9812,#9813,#9814,#9815));
#1231=EDGE_LOOP('',(#9816,#9817,#9818,#9819));
#1232=EDGE_LOOP('',(#9820,#9821,#9822,#9823));
#1233=EDGE_LOOP('',(#9824,#9825,#9826,#9827));
#1234=EDGE_LOOP('',(#9828,#9829,#9830,#9831));
#1235=EDGE_LOOP('',(#9832,#9833,#9834,#9835));
#1236=EDGE_LOOP('',(#9836,#9837,#9838,#9839));
#1237=EDGE_LOOP('',(#9840,#9841,#9842,#9843));
#1238=EDGE_LOOP('',(#9844,#9845,#9846,#9847));
#1239=EDGE_LOOP('',(#9848,#9849,#9850,#9851));
#1240=EDGE_LOOP('',(#9852,#9853,#9854,#9855));
#1241=EDGE_LOOP('',(#9856,#9857,#9858,#9859));
#1242=EDGE_LOOP('',(#9860,#9861,#9862,#9863));
#1243=EDGE_LOOP('',(#9864,#9865,#9866,#9867));
#1244=EDGE_LOOP('',(#9868,#9869,#9870,#9871));
#1245=EDGE_LOOP('',(#9872,#9873,#9874,#9875));
#1246=EDGE_LOOP('',(#9876,#9877,#9878,#9879));
#1247=EDGE_LOOP('',(#9880,#9881,#9882,#9883));
#1248=EDGE_LOOP('',(#9884,#9885,#9886,#9887));
#1249=EDGE_LOOP('',(#9888,#9889,#9890,#9891));
#1250=EDGE_LOOP('',(#9892,#9893,#9894,#9895));
#1251=EDGE_LOOP('',(#9896,#9897,#9898,#9899));
#1252=EDGE_LOOP('',(#9900,#9901,#9902,#9903));
#1253=EDGE_LOOP('',(#9904,#9905,#9906,#9907));
#1254=EDGE_LOOP('',(#9908,#9909,#9910,#9911));
#1255=EDGE_LOOP('',(#9912,#9913,#9914,#9915));
#1256=EDGE_LOOP('',(#9916,#9917,#9918,#9919));
#1257=EDGE_LOOP('',(#9920,#9921,#9922,#9923));
#1258=EDGE_LOOP('',(#9924,#9925,#9926,#9927));
#1259=EDGE_LOOP('',(#9928,#9929,#9930,#9931));
#1260=EDGE_LOOP('',(#9932,#9933,#9934,#9935));
#1261=EDGE_LOOP('',(#9936,#9937,#9938,#9939));
#1262=EDGE_LOOP('',(#9940,#9941,#9942,#9943));
#1263=EDGE_LOOP('',(#9944,#9945,#9946,#9947));
#1264=EDGE_LOOP('',(#9948,#9949,#9950,#9951));
#1265=EDGE_LOOP('',(#9952,#9953,#9954,#9955));
#1266=EDGE_LOOP('',(#9956,#9957,#9958,#9959));
#1267=EDGE_LOOP('',(#9960,#9961,#9962,#9963));
#1268=EDGE_LOOP('',(#9964,#9965,#9966,#9967));
#1269=EDGE_LOOP('',(#9968,#9969,#9970,#9971));
#1270=EDGE_LOOP('',(#9972,#9973,#9974,#9975));
#1271=EDGE_LOOP('',(#9976,#9977,#9978,#9979));
#1272=EDGE_LOOP('',(#9980,#9981,#9982,#9983));
#1273=EDGE_LOOP('',(#9984,#9985,#9986,#9987));
#1274=EDGE_LOOP('',(#9988,#9989,#9990,#9991));
#1275=EDGE_LOOP('',(#9992,#9993,#9994,#9995,#9996,#9997,#9998,#9999,#10000,
#10001,#10002,#10003,#10004,#10005,#10006,#10007,#10008,#10009,#10010,#10011,
#10012,#10013,#10014,#10015,#10016,#10017,#10018,#10019,#10020,#10021,#10022,
#10023,#10024,#10025,#10026,#10027,#10028,#10029,#10030,#10031,#10032,#10033,
#10034,#10035,#10036,#10037,#10038,#10039,#10040,#10041,#10042,#10043,#10044,
#10045,#10046,#10047,#10048,#10049,#10050,#10051,#10052,#10053,#10054,#10055,
#10056,#10057,#10058,#10059,#10060,#10061,#10062,#10063,#10064,#10065,#10066,
#10067,#10068,#10069,#10070,#10071,#10072,#10073,#10074,#10075,#10076,#10077,
#10078,#10079,#10080,#10081,#10082,#10083,#10084,#10085,#10086,#10087,#10088,
#10089,#10090,#10091,#10092,#10093,#10094,#10095,#10096,#10097,#10098,#10099,
#10100,#10101,#10102,#10103,#10104,#10105,#10106,#10107,#10108,#10109,#10110,
#10111,#10112,#10113,#10114,#10115,#10116,#10117,#10118,#10119,#10120,#10121,
#10122,#10123,#10124,#10125,#10126,#10127,#10128,#10129,#10130,#10131,#10132,
#10133,#10134,#10135,#10136,#10137,#10138,#10139,#10140,#10141,#10142,#10143,
#10144,#10145,#10146,#10147,#10148,#10149,#10150,#10151,#10152,#10153,#10154,
#10155,#10156,#10157,#10158,#10159,#10160,#10161,#10162,#10163,#10164,#10165,
#10166,#10167,#10168,#10169,#10170,#10171,#10172,#10173,#10174,#10175,#10176,
#10177,#10178,#10179,#10180,#10181,#10182,#10183,#10184,#10185,#10186,#10187,
#10188,#10189,#10190,#10191,#10192,#10193,#10194,#10195,#10196,#10197,#10198,
#10199,#10200,#10201,#10202,#10203,#10204,#10205,#10206,#10207,#10208,#10209,
#10210,#10211,#10212,#10213,#10214,#10215,#10216,#10217,#10218,#10219,#10220,
#10221,#10222,#10223,#10224,#10225,#10226,#10227,#10228,#10229,#10230,#10231,
#10232,#10233,#10234,#10235,#10236,#10237,#10238,#10239,#10240,#10241,#10242,
#10243,#10244,#10245,#10246,#10247,#10248,#10249,#10250,#10251,#10252,#10253,
#10254,#10255,#10256,#10257,#10258,#10259,#10260,#10261,#10262,#10263,#10264,
#10265,#10266,#10267,#10268,#10269,#10270,#10271,#10272,#10273,#10274,#10275,
#10276,#10277,#10278,#10279,#10280,#10281,#10282,#10283,#10284,#10285,#10286,
#10287,#10288,#10289,#10290,#10291,#10292,#10293,#10294,#10295,#10296,#10297,
#10298,#10299,#10300,#10301,#10302,#10303,#10304,#10305,#10306,#10307,#10308,
#10309,#10310,#10311,#10312,#10313,#10314,#10315,#10316,#10317,#10318,#10319,
#10320,#10321,#10322,#10323,#10324,#10325,#10326,#10327,#10328,#10329,#10330,
#10331,#10332,#10333,#10334,#10335,#10336,#10337,#10338,#10339,#10340,#10341,
#10342,#10343,#10344,#10345,#10346,#10347,#10348,#10349,#10350,#10351,#10352,
#10353,#10354,#10355,#10356,#10357,#10358,#10359,#10360,#10361,#10362,#10363,
#10364,#10365,#10366,#10367,#10368,#10369,#10370,#10371,#10372,#10373,#10374,
#10375,#10376,#10377,#10378,#10379,#10380,#10381,#10382,#10383,#10384,#10385,
#10386,#10387,#10388,#10389,#10390,#10391,#10392,#10393,#10394,#10395,#10396,
#10397,#10398,#10399,#10400,#10401,#10402,#10403,#10404,#10405,#10406,#10407,
#10408,#10409,#10410,#10411,#10412,#10413,#10414,#10415,#10416,#10417,#10418,
#10419,#10420,#10421,#10422,#10423,#10424,#10425,#10426,#10427,#10428,#10429,
#10430,#10431,#10432,#10433,#10434,#10435,#10436,#10437,#10438,#10439,#10440,
#10441,#10442,#10443,#10444,#10445,#10446,#10447,#10448,#10449,#10450,#10451,
#10452,#10453,#10454,#10455,#10456,#10457,#10458,#10459,#10460,#10461,#10462,
#10463,#10464,#10465,#10466,#10467,#10468,#10469,#10470,#10471,#10472,#10473,
#10474,#10475,#10476,#10477,#10478,#10479,#10480,#10481,#10482,#10483,#10484,
#10485,#10486,#10487,#10488,#10489,#10490,#10491,#10492,#10493,#10494,#10495,
#10496,#10497,#10498,#10499,#10500,#10501,#10502,#10503,#10504,#10505,#10506,
#10507,#10508,#10509,#10510,#10511,#10512,#10513,#10514,#10515,#10516,#10517,
#10518,#10519,#10520,#10521,#10522,#10523,#10524,#10525,#10526,#10527,#10528,
#10529,#10530,#10531,#10532,#10533,#10534,#10535,#10536,#10537,#10538,#10539,
#10540,#10541,#10542,#10543,#10544,#10545,#10546,#10547,#10548,#10549,#10550,
#10551,#10552,#10553,#10554,#10555,#10556,#10557,#10558,#10559,#10560,#10561,
#10562,#10563,#10564,#10565,#10566,#10567,#10568,#10569));
#1276=EDGE_LOOP('',(#10570));
#1277=EDGE_LOOP('',(#10571,#10572,#10573,#10574,#10575,#10576,#10577,#10578,
#10579,#10580,#10581,#10582,#10583,#10584,#10585,#10586,#10587,#10588,#10589,
#10590,#10591,#10592,#10593,#10594,#10595,#10596,#10597,#10598,#10599,#10600,
#10601,#10602,#10603,#10604,#10605,#10606,#10607,#10608,#10609,#10610,#10611,
#10612,#10613,#10614,#10615,#10616,#10617,#10618,#10619,#10620,#10621,#10622,
#10623,#10624,#10625,#10626,#10627,#10628,#10629,#10630,#10631,#10632,#10633,
#10634,#10635,#10636,#10637,#10638,#10639,#10640,#10641,#10642,#10643,#10644,
#10645,#10646,#10647,#10648,#10649,#10650,#10651,#10652,#10653,#10654,#10655,
#10656,#10657,#10658,#10659,#10660,#10661,#10662,#10663,#10664,#10665,#10666,
#10667,#10668,#10669,#10670,#10671,#10672,#10673,#10674,#10675,#10676,#10677,
#10678,#10679,#10680,#10681,#10682,#10683,#10684,#10685,#10686,#10687,#10688,
#10689,#10690,#10691,#10692,#10693,#10694,#10695,#10696,#10697,#10698,#10699,
#10700,#10701,#10702,#10703,#10704,#10705,#10706,#10707,#10708,#10709,#10710,
#10711,#10712,#10713,#10714,#10715,#10716,#10717,#10718,#10719,#10720,#10721,
#10722,#10723,#10724,#10725,#10726,#10727,#10728,#10729,#10730,#10731,#10732,
#10733,#10734,#10735,#10736,#10737,#10738,#10739,#10740,#10741,#10742,#10743,
#10744,#10745,#10746,#10747,#10748,#10749,#10750,#10751,#10752,#10753,#10754,
#10755,#10756,#10757,#10758,#10759,#10760,#10761,#10762,#10763,#10764,#10765,
#10766,#10767,#10768,#10769,#10770,#10771,#10772,#10773,#10774,#10775,#10776,
#10777,#10778,#10779,#10780,#10781,#10782,#10783,#10784,#10785,#10786,#10787,
#10788,#10789,#10790,#10791,#10792,#10793,#10794,#10795,#10796,#10797,#10798,
#10799,#10800,#10801,#10802,#10803,#10804,#10805,#10806,#10807,#10808,#10809,
#10810,#10811,#10812,#10813,#10814,#10815,#10816,#10817,#10818,#10819,#10820,
#10821,#10822,#10823,#10824,#10825,#10826,#10827,#10828,#10829,#10830,#10831,
#10832,#10833,#10834,#10835,#10836,#10837,#10838,#10839,#10840,#10841,#10842,
#10843,#10844,#10845,#10846,#10847,#10848,#10849,#10850,#10851,#10852,#10853,
#10854,#10855,#10856,#10857,#10858,#10859,#10860,#10861,#10862,#10863,#10864,
#10865,#10866,#10867,#10868,#10869,#10870,#10871,#10872,#10873,#10874,#10875,
#10876,#10877,#10878,#10879,#10880,#10881,#10882,#10883,#10884,#10885,#10886,
#10887,#10888,#10889,#10890,#10891,#10892,#10893,#10894,#10895,#10896,#10897,
#10898,#10899,#10900,#10901,#10902,#10903,#10904,#10905,#10906,#10907,#10908,
#10909,#10910,#10911,#10912,#10913,#10914,#10915,#10916,#10917,#10918,#10919,
#10920,#10921,#10922,#10923,#10924,#10925,#10926,#10927,#10928,#10929,#10930,
#10931,#10932,#10933,#10934,#10935,#10936,#10937,#10938,#10939,#10940,#10941,
#10942,#10943,#10944,#10945,#10946,#10947,#10948,#10949,#10950,#10951,#10952,
#10953,#10954,#10955,#10956,#10957,#10958,#10959,#10960,#10961,#10962,#10963,
#10964,#10965,#10966,#10967,#10968,#10969,#10970,#10971,#10972,#10973,#10974,
#10975,#10976,#10977,#10978,#10979,#10980,#10981,#10982,#10983,#10984,#10985,
#10986,#10987,#10988,#10989,#10990,#10991,#10992,#10993,#10994,#10995,#10996,
#10997,#10998,#10999,#11000,#11001,#11002,#11003,#11004,#11005,#11006,#11007,
#11008,#11009,#11010,#11011,#11012,#11013,#11014,#11015,#11016,#11017,#11018,
#11019,#11020,#11021,#11022,#11023,#11024,#11025,#11026,#11027,#11028,#11029,
#11030,#11031,#11032,#11033,#11034,#11035,#11036,#11037,#11038,#11039,#11040,
#11041,#11042,#11043,#11044,#11045,#11046,#11047,#11048,#11049,#11050,#11051,
#11052,#11053,#11054,#11055,#11056,#11057,#11058,#11059,#11060,#11061,#11062,
#11063,#11064,#11065,#11066,#11067,#11068,#11069,#11070,#11071,#11072,#11073,
#11074,#11075,#11076,#11077,#11078,#11079,#11080,#11081,#11082,#11083,#11084,
#11085,#11086,#11087,#11088,#11089,#11090,#11091,#11092,#11093,#11094,#11095,
#11096,#11097,#11098,#11099,#11100,#11101,#11102,#11103,#11104,#11105,#11106,
#11107,#11108,#11109,#11110,#11111,#11112,#11113,#11114,#11115,#11116,#11117,
#11118,#11119,#11120,#11121,#11122,#11123,#11124,#11125,#11126,#11127,#11128,
#11129,#11130,#11131,#11132,#11133,#11134,#11135,#11136,#11137,#11138,#11139,
#11140,#11141,#11142,#11143,#11144,#11145,#11146,#11147,#11148));
#1278=EDGE_LOOP('',(#11149));
#1279=LINE('',#15965,#2986);
#1280=LINE('',#15967,#2987);
#1281=LINE('',#15969,#2988);
#1282=LINE('',#15970,#2989);
#1283=LINE('',#15975,#2990);
#1284=LINE('',#15981,#2991);
#1285=LINE('',#15985,#2992);
#1286=LINE('',#15989,#2993);
#1287=LINE('',#15992,#2994);
#1288=LINE('',#15993,#2995);
#1289=LINE('',#15996,#2996);
#1290=LINE('',#15998,#2997);
#1291=LINE('',#15999,#2998);
#1292=LINE('',#16008,#2999);
#1293=LINE('',#16014,#3000);
#1294=LINE('',#16020,#3001);
#1295=LINE('',#16022,#3002);
#1296=LINE('',#16024,#3003);
#1297=LINE('',#16025,#3004);
#1298=LINE('',#16028,#3005);
#1299=LINE('',#16030,#3006);
#1300=LINE('',#16031,#3007);
#1301=LINE('',#16034,#3008);
#1302=LINE('',#16036,#3009);
#1303=LINE('',#16037,#3010);
#1304=LINE('',#16040,#3011);
#1305=LINE('',#16042,#3012);
#1306=LINE('',#16043,#3013);
#1307=LINE('',#16046,#3014);
#1308=LINE('',#16048,#3015);
#1309=LINE('',#16049,#3016);
#1310=LINE('',#16052,#3017);
#1311=LINE('',#16054,#3018);
#1312=LINE('',#16055,#3019);
#1313=LINE('',#16058,#3020);
#1314=LINE('',#16060,#3021);
#1315=LINE('',#16061,#3022);
#1316=LINE('',#16064,#3023);
#1317=LINE('',#16066,#3024);
#1318=LINE('',#16067,#3025);
#1319=LINE('',#16070,#3026);
#1320=LINE('',#16072,#3027);
#1321=LINE('',#16073,#3028);
#1322=LINE('',#16076,#3029);
#1323=LINE('',#16078,#3030);
#1324=LINE('',#16079,#3031);
#1325=LINE('',#16082,#3032);
#1326=LINE('',#16084,#3033);
#1327=LINE('',#16085,#3034);
#1328=LINE('',#16088,#3035);
#1329=LINE('',#16090,#3036);
#1330=LINE('',#16091,#3037);
#1331=LINE('',#16094,#3038);
#1332=LINE('',#16096,#3039);
#1333=LINE('',#16097,#3040);
#1334=LINE('',#16100,#3041);
#1335=LINE('',#16102,#3042);
#1336=LINE('',#16103,#3043);
#1337=LINE('',#16106,#3044);
#1338=LINE('',#16108,#3045);
#1339=LINE('',#16109,#3046);
#1340=LINE('',#16115,#3047);
#1341=LINE('',#16118,#3048);
#1342=LINE('',#16120,#3049);
#1343=LINE('',#16121,#3050);
#1344=LINE('',#16124,#3051);
#1345=LINE('',#16126,#3052);
#1346=LINE('',#16127,#3053);
#1347=LINE('',#16130,#3054);
#1348=LINE('',#16132,#3055);
#1349=LINE('',#16133,#3056);
#1350=LINE('',#16136,#3057);
#1351=LINE('',#16138,#3058);
#1352=LINE('',#16139,#3059);
#1353=LINE('',#16142,#3060);
#1354=LINE('',#16144,#3061);
#1355=LINE('',#16145,#3062);
#1356=LINE('',#16148,#3063);
#1357=LINE('',#16150,#3064);
#1358=LINE('',#16151,#3065);
#1359=LINE('',#16154,#3066);
#1360=LINE('',#16156,#3067);
#1361=LINE('',#16157,#3068);
#1362=LINE('',#16160,#3069);
#1363=LINE('',#16162,#3070);
#1364=LINE('',#16163,#3071);
#1365=LINE('',#16166,#3072);
#1366=LINE('',#16168,#3073);
#1367=LINE('',#16169,#3074);
#1368=LINE('',#16172,#3075);
#1369=LINE('',#16174,#3076);
#1370=LINE('',#16175,#3077);
#1371=LINE('',#16178,#3078);
#1372=LINE('',#16180,#3079);
#1373=LINE('',#16181,#3080);
#1374=LINE('',#16184,#3081);
#1375=LINE('',#16186,#3082);
#1376=LINE('',#16187,#3083);
#1377=LINE('',#16190,#3084);
#1378=LINE('',#16192,#3085);
#1379=LINE('',#16193,#3086);
#1380=LINE('',#16196,#3087);
#1381=LINE('',#16198,#3088);
#1382=LINE('',#16199,#3089);
#1383=LINE('',#16202,#3090);
#1384=LINE('',#16204,#3091);
#1385=LINE('',#16205,#3092);
#1386=LINE('',#16211,#3093);
#1387=LINE('',#16214,#3094);
#1388=LINE('',#16216,#3095);
#1389=LINE('',#16217,#3096);
#1390=LINE('',#16220,#3097);
#1391=LINE('',#16222,#3098);
#1392=LINE('',#16223,#3099);
#1393=LINE('',#16226,#3100);
#1394=LINE('',#16228,#3101);
#1395=LINE('',#16229,#3102);
#1396=LINE('',#16232,#3103);
#1397=LINE('',#16234,#3104);
#1398=LINE('',#16235,#3105);
#1399=LINE('',#16238,#3106);
#1400=LINE('',#16240,#3107);
#1401=LINE('',#16241,#3108);
#1402=LINE('',#16244,#3109);
#1403=LINE('',#16246,#3110);
#1404=LINE('',#16247,#3111);
#1405=LINE('',#16250,#3112);
#1406=LINE('',#16252,#3113);
#1407=LINE('',#16253,#3114);
#1408=LINE('',#16256,#3115);
#1409=LINE('',#16258,#3116);
#1410=LINE('',#16259,#3117);
#1411=LINE('',#16262,#3118);
#1412=LINE('',#16264,#3119);
#1413=LINE('',#16265,#3120);
#1414=LINE('',#16268,#3121);
#1415=LINE('',#16270,#3122);
#1416=LINE('',#16271,#3123);
#1417=LINE('',#16274,#3124);
#1418=LINE('',#16276,#3125);
#1419=LINE('',#16277,#3126);
#1420=LINE('',#16280,#3127);
#1421=LINE('',#16282,#3128);
#1422=LINE('',#16283,#3129);
#1423=LINE('',#16286,#3130);
#1424=LINE('',#16288,#3131);
#1425=LINE('',#16289,#3132);
#1426=LINE('',#16292,#3133);
#1427=LINE('',#16294,#3134);
#1428=LINE('',#16295,#3135);
#1429=LINE('',#16298,#3136);
#1430=LINE('',#16300,#3137);
#1431=LINE('',#16301,#3138);
#1432=LINE('',#16307,#3139);
#1433=LINE('',#16310,#3140);
#1434=LINE('',#16312,#3141);
#1435=LINE('',#16313,#3142);
#1436=LINE('',#16316,#3143);
#1437=LINE('',#16318,#3144);
#1438=LINE('',#16319,#3145);
#1439=LINE('',#16322,#3146);
#1440=LINE('',#16324,#3147);
#1441=LINE('',#16325,#3148);
#1442=LINE('',#16328,#3149);
#1443=LINE('',#16330,#3150);
#1444=LINE('',#16331,#3151);
#1445=LINE('',#16334,#3152);
#1446=LINE('',#16336,#3153);
#1447=LINE('',#16337,#3154);
#1448=LINE('',#16340,#3155);
#1449=LINE('',#16342,#3156);
#1450=LINE('',#16343,#3157);
#1451=LINE('',#16346,#3158);
#1452=LINE('',#16348,#3159);
#1453=LINE('',#16349,#3160);
#1454=LINE('',#16352,#3161);
#1455=LINE('',#16354,#3162);
#1456=LINE('',#16355,#3163);
#1457=LINE('',#16358,#3164);
#1458=LINE('',#16360,#3165);
#1459=LINE('',#16361,#3166);
#1460=LINE('',#16364,#3167);
#1461=LINE('',#16366,#3168);
#1462=LINE('',#16367,#3169);
#1463=LINE('',#16370,#3170);
#1464=LINE('',#16372,#3171);
#1465=LINE('',#16373,#3172);
#1466=LINE('',#16376,#3173);
#1467=LINE('',#16378,#3174);
#1468=LINE('',#16379,#3175);
#1469=LINE('',#16382,#3176);
#1470=LINE('',#16384,#3177);
#1471=LINE('',#16385,#3178);
#1472=LINE('',#16388,#3179);
#1473=LINE('',#16390,#3180);
#1474=LINE('',#16391,#3181);
#1475=LINE('',#16394,#3182);
#1476=LINE('',#16396,#3183);
#1477=LINE('',#16397,#3184);
#1478=LINE('',#16403,#3185);
#1479=LINE('',#16406,#3186);
#1480=LINE('',#16408,#3187);
#1481=LINE('',#16409,#3188);
#1482=LINE('',#16412,#3189);
#1483=LINE('',#16414,#3190);
#1484=LINE('',#16415,#3191);
#1485=LINE('',#16418,#3192);
#1486=LINE('',#16420,#3193);
#1487=LINE('',#16421,#3194);
#1488=LINE('',#16424,#3195);
#1489=LINE('',#16426,#3196);
#1490=LINE('',#16427,#3197);
#1491=LINE('',#16430,#3198);
#1492=LINE('',#16432,#3199);
#1493=LINE('',#16433,#3200);
#1494=LINE('',#16436,#3201);
#1495=LINE('',#16438,#3202);
#1496=LINE('',#16439,#3203);
#1497=LINE('',#16442,#3204);
#1498=LINE('',#16444,#3205);
#1499=LINE('',#16445,#3206);
#1500=LINE('',#16448,#3207);
#1501=LINE('',#16450,#3208);
#1502=LINE('',#16451,#3209);
#1503=LINE('',#16454,#3210);
#1504=LINE('',#16456,#3211);
#1505=LINE('',#16457,#3212);
#1506=LINE('',#16460,#3213);
#1507=LINE('',#16462,#3214);
#1508=LINE('',#16463,#3215);
#1509=LINE('',#16466,#3216);
#1510=LINE('',#16468,#3217);
#1511=LINE('',#16469,#3218);
#1512=LINE('',#16472,#3219);
#1513=LINE('',#16474,#3220);
#1514=LINE('',#16475,#3221);
#1515=LINE('',#16478,#3222);
#1516=LINE('',#16480,#3223);
#1517=LINE('',#16481,#3224);
#1518=LINE('',#16484,#3225);
#1519=LINE('',#16486,#3226);
#1520=LINE('',#16487,#3227);
#1521=LINE('',#16490,#3228);
#1522=LINE('',#16492,#3229);
#1523=LINE('',#16493,#3230);
#1524=LINE('',#16499,#3231);
#1525=LINE('',#16502,#3232);
#1526=LINE('',#16504,#3233);
#1527=LINE('',#16505,#3234);
#1528=LINE('',#16508,#3235);
#1529=LINE('',#16510,#3236);
#1530=LINE('',#16511,#3237);
#1531=LINE('',#16514,#3238);
#1532=LINE('',#16516,#3239);
#1533=LINE('',#16517,#3240);
#1534=LINE('',#16520,#3241);
#1535=LINE('',#16522,#3242);
#1536=LINE('',#16523,#3243);
#1537=LINE('',#16526,#3244);
#1538=LINE('',#16528,#3245);
#1539=LINE('',#16529,#3246);
#1540=LINE('',#16532,#3247);
#1541=LINE('',#16534,#3248);
#1542=LINE('',#16535,#3249);
#1543=LINE('',#16538,#3250);
#1544=LINE('',#16540,#3251);
#1545=LINE('',#16541,#3252);
#1546=LINE('',#16544,#3253);
#1547=LINE('',#16546,#3254);
#1548=LINE('',#16547,#3255);
#1549=LINE('',#16550,#3256);
#1550=LINE('',#16552,#3257);
#1551=LINE('',#16553,#3258);
#1552=LINE('',#16556,#3259);
#1553=LINE('',#16558,#3260);
#1554=LINE('',#16559,#3261);
#1555=LINE('',#16562,#3262);
#1556=LINE('',#16564,#3263);
#1557=LINE('',#16565,#3264);
#1558=LINE('',#16568,#3265);
#1559=LINE('',#16570,#3266);
#1560=LINE('',#16571,#3267);
#1561=LINE('',#16574,#3268);
#1562=LINE('',#16576,#3269);
#1563=LINE('',#16577,#3270);
#1564=LINE('',#16580,#3271);
#1565=LINE('',#16582,#3272);
#1566=LINE('',#16583,#3273);
#1567=LINE('',#16586,#3274);
#1568=LINE('',#16588,#3275);
#1569=LINE('',#16589,#3276);
#1570=LINE('',#16595,#3277);
#1571=LINE('',#16598,#3278);
#1572=LINE('',#16600,#3279);
#1573=LINE('',#16601,#3280);
#1574=LINE('',#16604,#3281);
#1575=LINE('',#16606,#3282);
#1576=LINE('',#16607,#3283);
#1577=LINE('',#16610,#3284);
#1578=LINE('',#16612,#3285);
#1579=LINE('',#16613,#3286);
#1580=LINE('',#16616,#3287);
#1581=LINE('',#16618,#3288);
#1582=LINE('',#16619,#3289);
#1583=LINE('',#16622,#3290);
#1584=LINE('',#16624,#3291);
#1585=LINE('',#16625,#3292);
#1586=LINE('',#16628,#3293);
#1587=LINE('',#16630,#3294);
#1588=LINE('',#16631,#3295);
#1589=LINE('',#16634,#3296);
#1590=LINE('',#16636,#3297);
#1591=LINE('',#16637,#3298);
#1592=LINE('',#16640,#3299);
#1593=LINE('',#16642,#3300);
#1594=LINE('',#16643,#3301);
#1595=LINE('',#16646,#3302);
#1596=LINE('',#16648,#3303);
#1597=LINE('',#16649,#3304);
#1598=LINE('',#16652,#3305);
#1599=LINE('',#16654,#3306);
#1600=LINE('',#16655,#3307);
#1601=LINE('',#16658,#3308);
#1602=LINE('',#16660,#3309);
#1603=LINE('',#16661,#3310);
#1604=LINE('',#16664,#3311);
#1605=LINE('',#16666,#3312);
#1606=LINE('',#16667,#3313);
#1607=LINE('',#16670,#3314);
#1608=LINE('',#16672,#3315);
#1609=LINE('',#16673,#3316);
#1610=LINE('',#16676,#3317);
#1611=LINE('',#16678,#3318);
#1612=LINE('',#16679,#3319);
#1613=LINE('',#16682,#3320);
#1614=LINE('',#16684,#3321);
#1615=LINE('',#16685,#3322);
#1616=LINE('',#16691,#3323);
#1617=LINE('',#16694,#3324);
#1618=LINE('',#16696,#3325);
#1619=LINE('',#16697,#3326);
#1620=LINE('',#16700,#3327);
#1621=LINE('',#16702,#3328);
#1622=LINE('',#16703,#3329);
#1623=LINE('',#16706,#3330);
#1624=LINE('',#16708,#3331);
#1625=LINE('',#16709,#3332);
#1626=LINE('',#16712,#3333);
#1627=LINE('',#16714,#3334);
#1628=LINE('',#16715,#3335);
#1629=LINE('',#16718,#3336);
#1630=LINE('',#16720,#3337);
#1631=LINE('',#16721,#3338);
#1632=LINE('',#16724,#3339);
#1633=LINE('',#16726,#3340);
#1634=LINE('',#16727,#3341);
#1635=LINE('',#16730,#3342);
#1636=LINE('',#16732,#3343);
#1637=LINE('',#16733,#3344);
#1638=LINE('',#16736,#3345);
#1639=LINE('',#16738,#3346);
#1640=LINE('',#16739,#3347);
#1641=LINE('',#16742,#3348);
#1642=LINE('',#16744,#3349);
#1643=LINE('',#16745,#3350);
#1644=LINE('',#16748,#3351);
#1645=LINE('',#16750,#3352);
#1646=LINE('',#16751,#3353);
#1647=LINE('',#16754,#3354);
#1648=LINE('',#16756,#3355);
#1649=LINE('',#16757,#3356);
#1650=LINE('',#16760,#3357);
#1651=LINE('',#16762,#3358);
#1652=LINE('',#16763,#3359);
#1653=LINE('',#16766,#3360);
#1654=LINE('',#16768,#3361);
#1655=LINE('',#16769,#3362);
#1656=LINE('',#16772,#3363);
#1657=LINE('',#16774,#3364);
#1658=LINE('',#16775,#3365);
#1659=LINE('',#16778,#3366);
#1660=LINE('',#16780,#3367);
#1661=LINE('',#16781,#3368);
#1662=LINE('',#16787,#3369);
#1663=LINE('',#16790,#3370);
#1664=LINE('',#16792,#3371);
#1665=LINE('',#16793,#3372);
#1666=LINE('',#16796,#3373);
#1667=LINE('',#16798,#3374);
#1668=LINE('',#16799,#3375);
#1669=LINE('',#16802,#3376);
#1670=LINE('',#16804,#3377);
#1671=LINE('',#16805,#3378);
#1672=LINE('',#16808,#3379);
#1673=LINE('',#16810,#3380);
#1674=LINE('',#16811,#3381);
#1675=LINE('',#16814,#3382);
#1676=LINE('',#16816,#3383);
#1677=LINE('',#16817,#3384);
#1678=LINE('',#16820,#3385);
#1679=LINE('',#16822,#3386);
#1680=LINE('',#16823,#3387);
#1681=LINE('',#16826,#3388);
#1682=LINE('',#16828,#3389);
#1683=LINE('',#16829,#3390);
#1684=LINE('',#16832,#3391);
#1685=LINE('',#16834,#3392);
#1686=LINE('',#16835,#3393);
#1687=LINE('',#16838,#3394);
#1688=LINE('',#16840,#3395);
#1689=LINE('',#16841,#3396);
#1690=LINE('',#16844,#3397);
#1691=LINE('',#16846,#3398);
#1692=LINE('',#16847,#3399);
#1693=LINE('',#16850,#3400);
#1694=LINE('',#16852,#3401);
#1695=LINE('',#16853,#3402);
#1696=LINE('',#16856,#3403);
#1697=LINE('',#16858,#3404);
#1698=LINE('',#16859,#3405);
#1699=LINE('',#16862,#3406);
#1700=LINE('',#16864,#3407);
#1701=LINE('',#16865,#3408);
#1702=LINE('',#16868,#3409);
#1703=LINE('',#16870,#3410);
#1704=LINE('',#16871,#3411);
#1705=LINE('',#16874,#3412);
#1706=LINE('',#16876,#3413);
#1707=LINE('',#16877,#3414);
#1708=LINE('',#16883,#3415);
#1709=LINE('',#16886,#3416);
#1710=LINE('',#16888,#3417);
#1711=LINE('',#16889,#3418);
#1712=LINE('',#16892,#3419);
#1713=LINE('',#16894,#3420);
#1714=LINE('',#16895,#3421);
#1715=LINE('',#16898,#3422);
#1716=LINE('',#16900,#3423);
#1717=LINE('',#16901,#3424);
#1718=LINE('',#16904,#3425);
#1719=LINE('',#16906,#3426);
#1720=LINE('',#16907,#3427);
#1721=LINE('',#16910,#3428);
#1722=LINE('',#16912,#3429);
#1723=LINE('',#16913,#3430);
#1724=LINE('',#16916,#3431);
#1725=LINE('',#16918,#3432);
#1726=LINE('',#16919,#3433);
#1727=LINE('',#16922,#3434);
#1728=LINE('',#16924,#3435);
#1729=LINE('',#16925,#3436);
#1730=LINE('',#16928,#3437);
#1731=LINE('',#16930,#3438);
#1732=LINE('',#16931,#3439);
#1733=LINE('',#16934,#3440);
#1734=LINE('',#16936,#3441);
#1735=LINE('',#16937,#3442);
#1736=LINE('',#16940,#3443);
#1737=LINE('',#16942,#3444);
#1738=LINE('',#16943,#3445);
#1739=LINE('',#16946,#3446);
#1740=LINE('',#16948,#3447);
#1741=LINE('',#16949,#3448);
#1742=LINE('',#16952,#3449);
#1743=LINE('',#16954,#3450);
#1744=LINE('',#16955,#3451);
#1745=LINE('',#16958,#3452);
#1746=LINE('',#16960,#3453);
#1747=LINE('',#16961,#3454);
#1748=LINE('',#16964,#3455);
#1749=LINE('',#16966,#3456);
#1750=LINE('',#16967,#3457);
#1751=LINE('',#16970,#3458);
#1752=LINE('',#16972,#3459);
#1753=LINE('',#16973,#3460);
#1754=LINE('',#16979,#3461);
#1755=LINE('',#16982,#3462);
#1756=LINE('',#16984,#3463);
#1757=LINE('',#16985,#3464);
#1758=LINE('',#16988,#3465);
#1759=LINE('',#16990,#3466);
#1760=LINE('',#16991,#3467);
#1761=LINE('',#16994,#3468);
#1762=LINE('',#16996,#3469);
#1763=LINE('',#16997,#3470);
#1764=LINE('',#17000,#3471);
#1765=LINE('',#17002,#3472);
#1766=LINE('',#17003,#3473);
#1767=LINE('',#17006,#3474);
#1768=LINE('',#17008,#3475);
#1769=LINE('',#17009,#3476);
#1770=LINE('',#17012,#3477);
#1771=LINE('',#17014,#3478);
#1772=LINE('',#17015,#3479);
#1773=LINE('',#17018,#3480);
#1774=LINE('',#17020,#3481);
#1775=LINE('',#17021,#3482);
#1776=LINE('',#17024,#3483);
#1777=LINE('',#17026,#3484);
#1778=LINE('',#17027,#3485);
#1779=LINE('',#17030,#3486);
#1780=LINE('',#17032,#3487);
#1781=LINE('',#17033,#3488);
#1782=LINE('',#17036,#3489);
#1783=LINE('',#17038,#3490);
#1784=LINE('',#17039,#3491);
#1785=LINE('',#17042,#3492);
#1786=LINE('',#17044,#3493);
#1787=LINE('',#17045,#3494);
#1788=LINE('',#17048,#3495);
#1789=LINE('',#17050,#3496);
#1790=LINE('',#17051,#3497);
#1791=LINE('',#17054,#3498);
#1792=LINE('',#17056,#3499);
#1793=LINE('',#17057,#3500);
#1794=LINE('',#17060,#3501);
#1795=LINE('',#17062,#3502);
#1796=LINE('',#17063,#3503);
#1797=LINE('',#17066,#3504);
#1798=LINE('',#17068,#3505);
#1799=LINE('',#17069,#3506);
#1800=LINE('',#17072,#3507);
#1801=LINE('',#17074,#3508);
#1802=LINE('',#17075,#3509);
#1803=LINE('',#17078,#3510);
#1804=LINE('',#17080,#3511);
#1805=LINE('',#17081,#3512);
#1806=LINE('',#17084,#3513);
#1807=LINE('',#17086,#3514);
#1808=LINE('',#17087,#3515);
#1809=LINE('',#17090,#3516);
#1810=LINE('',#17092,#3517);
#1811=LINE('',#17093,#3518);
#1812=LINE('',#17096,#3519);
#1813=LINE('',#17098,#3520);
#1814=LINE('',#17099,#3521);
#1815=LINE('',#17102,#3522);
#1816=LINE('',#17104,#3523);
#1817=LINE('',#17105,#3524);
#1818=LINE('',#17108,#3525);
#1819=LINE('',#17110,#3526);
#1820=LINE('',#17111,#3527);
#1821=LINE('',#17114,#3528);
#1822=LINE('',#17116,#3529);
#1823=LINE('',#17117,#3530);
#1824=LINE('',#17120,#3531);
#1825=LINE('',#17122,#3532);
#1826=LINE('',#17123,#3533);
#1827=LINE('',#17126,#3534);
#1828=LINE('',#17128,#3535);
#1829=LINE('',#17129,#3536);
#1830=LINE('',#17132,#3537);
#1831=LINE('',#17134,#3538);
#1832=LINE('',#17135,#3539);
#1833=LINE('',#17138,#3540);
#1834=LINE('',#17140,#3541);
#1835=LINE('',#17141,#3542);
#1836=LINE('',#17144,#3543);
#1837=LINE('',#17146,#3544);
#1838=LINE('',#17147,#3545);
#1839=LINE('',#17150,#3546);
#1840=LINE('',#17152,#3547);
#1841=LINE('',#17153,#3548);
#1842=LINE('',#17156,#3549);
#1843=LINE('',#17158,#3550);
#1844=LINE('',#17159,#3551);
#1845=LINE('',#17162,#3552);
#1846=LINE('',#17164,#3553);
#1847=LINE('',#17165,#3554);
#1848=LINE('',#17168,#3555);
#1849=LINE('',#17170,#3556);
#1850=LINE('',#17171,#3557);
#1851=LINE('',#17174,#3558);
#1852=LINE('',#17176,#3559);
#1853=LINE('',#17177,#3560);
#1854=LINE('',#17180,#3561);
#1855=LINE('',#17182,#3562);
#1856=LINE('',#17183,#3563);
#1857=LINE('',#17186,#3564);
#1858=LINE('',#17188,#3565);
#1859=LINE('',#17189,#3566);
#1860=LINE('',#17192,#3567);
#1861=LINE('',#17194,#3568);
#1862=LINE('',#17195,#3569);
#1863=LINE('',#17198,#3570);
#1864=LINE('',#17200,#3571);
#1865=LINE('',#17201,#3572);
#1866=LINE('',#17204,#3573);
#1867=LINE('',#17206,#3574);
#1868=LINE('',#17207,#3575);
#1869=LINE('',#17210,#3576);
#1870=LINE('',#17212,#3577);
#1871=LINE('',#17213,#3578);
#1872=LINE('',#17216,#3579);
#1873=LINE('',#17218,#3580);
#1874=LINE('',#17219,#3581);
#1875=LINE('',#17222,#3582);
#1876=LINE('',#17224,#3583);
#1877=LINE('',#17225,#3584);
#1878=LINE('',#17228,#3585);
#1879=LINE('',#17230,#3586);
#1880=LINE('',#17231,#3587);
#1881=LINE('',#17234,#3588);
#1882=LINE('',#17236,#3589);
#1883=LINE('',#17237,#3590);
#1884=LINE('',#17240,#3591);
#1885=LINE('',#17242,#3592);
#1886=LINE('',#17243,#3593);
#1887=LINE('',#17246,#3594);
#1888=LINE('',#17248,#3595);
#1889=LINE('',#17249,#3596);
#1890=LINE('',#17252,#3597);
#1891=LINE('',#17254,#3598);
#1892=LINE('',#17255,#3599);
#1893=LINE('',#17258,#3600);
#1894=LINE('',#17260,#3601);
#1895=LINE('',#17261,#3602);
#1896=LINE('',#17264,#3603);
#1897=LINE('',#17266,#3604);
#1898=LINE('',#17267,#3605);
#1899=LINE('',#17270,#3606);
#1900=LINE('',#17272,#3607);
#1901=LINE('',#17273,#3608);
#1902=LINE('',#17276,#3609);
#1903=LINE('',#17278,#3610);
#1904=LINE('',#17279,#3611);
#1905=LINE('',#17282,#3612);
#1906=LINE('',#17284,#3613);
#1907=LINE('',#17285,#3614);
#1908=LINE('',#17288,#3615);
#1909=LINE('',#17290,#3616);
#1910=LINE('',#17291,#3617);
#1911=LINE('',#17294,#3618);
#1912=LINE('',#17296,#3619);
#1913=LINE('',#17297,#3620);
#1914=LINE('',#17300,#3621);
#1915=LINE('',#17302,#3622);
#1916=LINE('',#17303,#3623);
#1917=LINE('',#17306,#3624);
#1918=LINE('',#17308,#3625);
#1919=LINE('',#17309,#3626);
#1920=LINE('',#17312,#3627);
#1921=LINE('',#17314,#3628);
#1922=LINE('',#17315,#3629);
#1923=LINE('',#17318,#3630);
#1924=LINE('',#17320,#3631);
#1925=LINE('',#17321,#3632);
#1926=LINE('',#17324,#3633);
#1927=LINE('',#17326,#3634);
#1928=LINE('',#17327,#3635);
#1929=LINE('',#17330,#3636);
#1930=LINE('',#17332,#3637);
#1931=LINE('',#17333,#3638);
#1932=LINE('',#17336,#3639);
#1933=LINE('',#17338,#3640);
#1934=LINE('',#17339,#3641);
#1935=LINE('',#17342,#3642);
#1936=LINE('',#17344,#3643);
#1937=LINE('',#17345,#3644);
#1938=LINE('',#17348,#3645);
#1939=LINE('',#17350,#3646);
#1940=LINE('',#17351,#3647);
#1941=LINE('',#17354,#3648);
#1942=LINE('',#17356,#3649);
#1943=LINE('',#17357,#3650);
#1944=LINE('',#17360,#3651);
#1945=LINE('',#17362,#3652);
#1946=LINE('',#17363,#3653);
#1947=LINE('',#17366,#3654);
#1948=LINE('',#17368,#3655);
#1949=LINE('',#17369,#3656);
#1950=LINE('',#17372,#3657);
#1951=LINE('',#17374,#3658);
#1952=LINE('',#17375,#3659);
#1953=LINE('',#17378,#3660);
#1954=LINE('',#17380,#3661);
#1955=LINE('',#17381,#3662);
#1956=LINE('',#17384,#3663);
#1957=LINE('',#17386,#3664);
#1958=LINE('',#17387,#3665);
#1959=LINE('',#17390,#3666);
#1960=LINE('',#17392,#3667);
#1961=LINE('',#17393,#3668);
#1962=LINE('',#17396,#3669);
#1963=LINE('',#17398,#3670);
#1964=LINE('',#17399,#3671);
#1965=LINE('',#17402,#3672);
#1966=LINE('',#17404,#3673);
#1967=LINE('',#17405,#3674);
#1968=LINE('',#17408,#3675);
#1969=LINE('',#17410,#3676);
#1970=LINE('',#17411,#3677);
#1971=LINE('',#17414,#3678);
#1972=LINE('',#17416,#3679);
#1973=LINE('',#17417,#3680);
#1974=LINE('',#17420,#3681);
#1975=LINE('',#17422,#3682);
#1976=LINE('',#17423,#3683);
#1977=LINE('',#17426,#3684);
#1978=LINE('',#17428,#3685);
#1979=LINE('',#17429,#3686);
#1980=LINE('',#17432,#3687);
#1981=LINE('',#17434,#3688);
#1982=LINE('',#17435,#3689);
#1983=LINE('',#17438,#3690);
#1984=LINE('',#17440,#3691);
#1985=LINE('',#17441,#3692);
#1986=LINE('',#17444,#3693);
#1987=LINE('',#17446,#3694);
#1988=LINE('',#17447,#3695);
#1989=LINE('',#17450,#3696);
#1990=LINE('',#17452,#3697);
#1991=LINE('',#17453,#3698);
#1992=LINE('',#17456,#3699);
#1993=LINE('',#17458,#3700);
#1994=LINE('',#17459,#3701);
#1995=LINE('',#17462,#3702);
#1996=LINE('',#17464,#3703);
#1997=LINE('',#17465,#3704);
#1998=LINE('',#17468,#3705);
#1999=LINE('',#17470,#3706);
#2000=LINE('',#17471,#3707);
#2001=LINE('',#17474,#3708);
#2002=LINE('',#17476,#3709);
#2003=LINE('',#17477,#3710);
#2004=LINE('',#17480,#3711);
#2005=LINE('',#17482,#3712);
#2006=LINE('',#17483,#3713);
#2007=LINE('',#17486,#3714);
#2008=LINE('',#17488,#3715);
#2009=LINE('',#17489,#3716);
#2010=LINE('',#17492,#3717);
#2011=LINE('',#17494,#3718);
#2012=LINE('',#17495,#3719);
#2013=LINE('',#17498,#3720);
#2014=LINE('',#17500,#3721);
#2015=LINE('',#17501,#3722);
#2016=LINE('',#17504,#3723);
#2017=LINE('',#17506,#3724);
#2018=LINE('',#17507,#3725);
#2019=LINE('',#17510,#3726);
#2020=LINE('',#17512,#3727);
#2021=LINE('',#17513,#3728);
#2022=LINE('',#17516,#3729);
#2023=LINE('',#17518,#3730);
#2024=LINE('',#17519,#3731);
#2025=LINE('',#17522,#3732);
#2026=LINE('',#17524,#3733);
#2027=LINE('',#17525,#3734);
#2028=LINE('',#17528,#3735);
#2029=LINE('',#17530,#3736);
#2030=LINE('',#17531,#3737);
#2031=LINE('',#17534,#3738);
#2032=LINE('',#17536,#3739);
#2033=LINE('',#17537,#3740);
#2034=LINE('',#17540,#3741);
#2035=LINE('',#17542,#3742);
#2036=LINE('',#17543,#3743);
#2037=LINE('',#17546,#3744);
#2038=LINE('',#17548,#3745);
#2039=LINE('',#17549,#3746);
#2040=LINE('',#17552,#3747);
#2041=LINE('',#17554,#3748);
#2042=LINE('',#17555,#3749);
#2043=LINE('',#17558,#3750);
#2044=LINE('',#17560,#3751);
#2045=LINE('',#17561,#3752);
#2046=LINE('',#17564,#3753);
#2047=LINE('',#17566,#3754);
#2048=LINE('',#17567,#3755);
#2049=LINE('',#17570,#3756);
#2050=LINE('',#17572,#3757);
#2051=LINE('',#17573,#3758);
#2052=LINE('',#17576,#3759);
#2053=LINE('',#17578,#3760);
#2054=LINE('',#17579,#3761);
#2055=LINE('',#17582,#3762);
#2056=LINE('',#17584,#3763);
#2057=LINE('',#17585,#3764);
#2058=LINE('',#17588,#3765);
#2059=LINE('',#17590,#3766);
#2060=LINE('',#17591,#3767);
#2061=LINE('',#17594,#3768);
#2062=LINE('',#17596,#3769);
#2063=LINE('',#17597,#3770);
#2064=LINE('',#17600,#3771);
#2065=LINE('',#17602,#3772);
#2066=LINE('',#17603,#3773);
#2067=LINE('',#17606,#3774);
#2068=LINE('',#17608,#3775);
#2069=LINE('',#17609,#3776);
#2070=LINE('',#17612,#3777);
#2071=LINE('',#17614,#3778);
#2072=LINE('',#17615,#3779);
#2073=LINE('',#17618,#3780);
#2074=LINE('',#17620,#3781);
#2075=LINE('',#17621,#3782);
#2076=LINE('',#17624,#3783);
#2077=LINE('',#17626,#3784);
#2078=LINE('',#17627,#3785);
#2079=LINE('',#17630,#3786);
#2080=LINE('',#17632,#3787);
#2081=LINE('',#17633,#3788);
#2082=LINE('',#17636,#3789);
#2083=LINE('',#17638,#3790);
#2084=LINE('',#17639,#3791);
#2085=LINE('',#17642,#3792);
#2086=LINE('',#17644,#3793);
#2087=LINE('',#17645,#3794);
#2088=LINE('',#17648,#3795);
#2089=LINE('',#17650,#3796);
#2090=LINE('',#17651,#3797);
#2091=LINE('',#17654,#3798);
#2092=LINE('',#17656,#3799);
#2093=LINE('',#17657,#3800);
#2094=LINE('',#17660,#3801);
#2095=LINE('',#17662,#3802);
#2096=LINE('',#17663,#3803);
#2097=LINE('',#17666,#3804);
#2098=LINE('',#17668,#3805);
#2099=LINE('',#17669,#3806);
#2100=LINE('',#17672,#3807);
#2101=LINE('',#17674,#3808);
#2102=LINE('',#17675,#3809);
#2103=LINE('',#17678,#3810);
#2104=LINE('',#17680,#3811);
#2105=LINE('',#17681,#3812);
#2106=LINE('',#17684,#3813);
#2107=LINE('',#17686,#3814);
#2108=LINE('',#17687,#3815);
#2109=LINE('',#17690,#3816);
#2110=LINE('',#17692,#3817);
#2111=LINE('',#17693,#3818);
#2112=LINE('',#17696,#3819);
#2113=LINE('',#17698,#3820);
#2114=LINE('',#17699,#3821);
#2115=LINE('',#17702,#3822);
#2116=LINE('',#17704,#3823);
#2117=LINE('',#17705,#3824);
#2118=LINE('',#17708,#3825);
#2119=LINE('',#17710,#3826);
#2120=LINE('',#17711,#3827);
#2121=LINE('',#17714,#3828);
#2122=LINE('',#17716,#3829);
#2123=LINE('',#17717,#3830);
#2124=LINE('',#17720,#3831);
#2125=LINE('',#17722,#3832);
#2126=LINE('',#17723,#3833);
#2127=LINE('',#17726,#3834);
#2128=LINE('',#17728,#3835);
#2129=LINE('',#17729,#3836);
#2130=LINE('',#17732,#3837);
#2131=LINE('',#17734,#3838);
#2132=LINE('',#17735,#3839);
#2133=LINE('',#17738,#3840);
#2134=LINE('',#17740,#3841);
#2135=LINE('',#17741,#3842);
#2136=LINE('',#17744,#3843);
#2137=LINE('',#17746,#3844);
#2138=LINE('',#17747,#3845);
#2139=LINE('',#17750,#3846);
#2140=LINE('',#17752,#3847);
#2141=LINE('',#17753,#3848);
#2142=LINE('',#17756,#3849);
#2143=LINE('',#17758,#3850);
#2144=LINE('',#17759,#3851);
#2145=LINE('',#17762,#3852);
#2146=LINE('',#17764,#3853);
#2147=LINE('',#17765,#3854);
#2148=LINE('',#17768,#3855);
#2149=LINE('',#17770,#3856);
#2150=LINE('',#17771,#3857);
#2151=LINE('',#17774,#3858);
#2152=LINE('',#17776,#3859);
#2153=LINE('',#17777,#3860);
#2154=LINE('',#17780,#3861);
#2155=LINE('',#17782,#3862);
#2156=LINE('',#17783,#3863);
#2157=LINE('',#17786,#3864);
#2158=LINE('',#17788,#3865);
#2159=LINE('',#17789,#3866);
#2160=LINE('',#17792,#3867);
#2161=LINE('',#17794,#3868);
#2162=LINE('',#17795,#3869);
#2163=LINE('',#17798,#3870);
#2164=LINE('',#17800,#3871);
#2165=LINE('',#17801,#3872);
#2166=LINE('',#17804,#3873);
#2167=LINE('',#17806,#3874);
#2168=LINE('',#17807,#3875);
#2169=LINE('',#17810,#3876);
#2170=LINE('',#17812,#3877);
#2171=LINE('',#17813,#3878);
#2172=LINE('',#17816,#3879);
#2173=LINE('',#17818,#3880);
#2174=LINE('',#17819,#3881);
#2175=LINE('',#17822,#3882);
#2176=LINE('',#17824,#3883);
#2177=LINE('',#17825,#3884);
#2178=LINE('',#17828,#3885);
#2179=LINE('',#17830,#3886);
#2180=LINE('',#17831,#3887);
#2181=LINE('',#17834,#3888);
#2182=LINE('',#17836,#3889);
#2183=LINE('',#17837,#3890);
#2184=LINE('',#17840,#3891);
#2185=LINE('',#17842,#3892);
#2186=LINE('',#17843,#3893);
#2187=LINE('',#17846,#3894);
#2188=LINE('',#17848,#3895);
#2189=LINE('',#17849,#3896);
#2190=LINE('',#17852,#3897);
#2191=LINE('',#17854,#3898);
#2192=LINE('',#17855,#3899);
#2193=LINE('',#17858,#3900);
#2194=LINE('',#17860,#3901);
#2195=LINE('',#17861,#3902);
#2196=LINE('',#17864,#3903);
#2197=LINE('',#17866,#3904);
#2198=LINE('',#17867,#3905);
#2199=LINE('',#17870,#3906);
#2200=LINE('',#17872,#3907);
#2201=LINE('',#17873,#3908);
#2202=LINE('',#17876,#3909);
#2203=LINE('',#17878,#3910);
#2204=LINE('',#17879,#3911);
#2205=LINE('',#17882,#3912);
#2206=LINE('',#17884,#3913);
#2207=LINE('',#17885,#3914);
#2208=LINE('',#17888,#3915);
#2209=LINE('',#17890,#3916);
#2210=LINE('',#17891,#3917);
#2211=LINE('',#17894,#3918);
#2212=LINE('',#17896,#3919);
#2213=LINE('',#17897,#3920);
#2214=LINE('',#17900,#3921);
#2215=LINE('',#17902,#3922);
#2216=LINE('',#17903,#3923);
#2217=LINE('',#17906,#3924);
#2218=LINE('',#17908,#3925);
#2219=LINE('',#17909,#3926);
#2220=LINE('',#17912,#3927);
#2221=LINE('',#17914,#3928);
#2222=LINE('',#17915,#3929);
#2223=LINE('',#17918,#3930);
#2224=LINE('',#17920,#3931);
#2225=LINE('',#17921,#3932);
#2226=LINE('',#17924,#3933);
#2227=LINE('',#17926,#3934);
#2228=LINE('',#17927,#3935);
#2229=LINE('',#17930,#3936);
#2230=LINE('',#17932,#3937);
#2231=LINE('',#17933,#3938);
#2232=LINE('',#17936,#3939);
#2233=LINE('',#17938,#3940);
#2234=LINE('',#17939,#3941);
#2235=LINE('',#17942,#3942);
#2236=LINE('',#17944,#3943);
#2237=LINE('',#17945,#3944);
#2238=LINE('',#17948,#3945);
#2239=LINE('',#17950,#3946);
#2240=LINE('',#17951,#3947);
#2241=LINE('',#17954,#3948);
#2242=LINE('',#17956,#3949);
#2243=LINE('',#17957,#3950);
#2244=LINE('',#17960,#3951);
#2245=LINE('',#17962,#3952);
#2246=LINE('',#17963,#3953);
#2247=LINE('',#17966,#3954);
#2248=LINE('',#17968,#3955);
#2249=LINE('',#17969,#3956);
#2250=LINE('',#17972,#3957);
#2251=LINE('',#17974,#3958);
#2252=LINE('',#17975,#3959);
#2253=LINE('',#17978,#3960);
#2254=LINE('',#17980,#3961);
#2255=LINE('',#17981,#3962);
#2256=LINE('',#17984,#3963);
#2257=LINE('',#17986,#3964);
#2258=LINE('',#17987,#3965);
#2259=LINE('',#17990,#3966);
#2260=LINE('',#17992,#3967);
#2261=LINE('',#17993,#3968);
#2262=LINE('',#17996,#3969);
#2263=LINE('',#17998,#3970);
#2264=LINE('',#17999,#3971);
#2265=LINE('',#18002,#3972);
#2266=LINE('',#18004,#3973);
#2267=LINE('',#18005,#3974);
#2268=LINE('',#18008,#3975);
#2269=LINE('',#18010,#3976);
#2270=LINE('',#18011,#3977);
#2271=LINE('',#18014,#3978);
#2272=LINE('',#18016,#3979);
#2273=LINE('',#18017,#3980);
#2274=LINE('',#18020,#3981);
#2275=LINE('',#18022,#3982);
#2276=LINE('',#18023,#3983);
#2277=LINE('',#18026,#3984);
#2278=LINE('',#18028,#3985);
#2279=LINE('',#18029,#3986);
#2280=LINE('',#18032,#3987);
#2281=LINE('',#18034,#3988);
#2282=LINE('',#18035,#3989);
#2283=LINE('',#18041,#3990);
#2284=LINE('',#18044,#3991);
#2285=LINE('',#18046,#3992);
#2286=LINE('',#18047,#3993);
#2287=LINE('',#18050,#3994);
#2288=LINE('',#18052,#3995);
#2289=LINE('',#18053,#3996);
#2290=LINE('',#18056,#3997);
#2291=LINE('',#18058,#3998);
#2292=LINE('',#18059,#3999);
#2293=LINE('',#18062,#4000);
#2294=LINE('',#18064,#4001);
#2295=LINE('',#18065,#4002);
#2296=LINE('',#18068,#4003);
#2297=LINE('',#18070,#4004);
#2298=LINE('',#18071,#4005);
#2299=LINE('',#18074,#4006);
#2300=LINE('',#18076,#4007);
#2301=LINE('',#18077,#4008);
#2302=LINE('',#18080,#4009);
#2303=LINE('',#18082,#4010);
#2304=LINE('',#18083,#4011);
#2305=LINE('',#18086,#4012);
#2306=LINE('',#18088,#4013);
#2307=LINE('',#18089,#4014);
#2308=LINE('',#18092,#4015);
#2309=LINE('',#18094,#4016);
#2310=LINE('',#18095,#4017);
#2311=LINE('',#18098,#4018);
#2312=LINE('',#18100,#4019);
#2313=LINE('',#18101,#4020);
#2314=LINE('',#18104,#4021);
#2315=LINE('',#18106,#4022);
#2316=LINE('',#18107,#4023);
#2317=LINE('',#18110,#4024);
#2318=LINE('',#18112,#4025);
#2319=LINE('',#18113,#4026);
#2320=LINE('',#18116,#4027);
#2321=LINE('',#18118,#4028);
#2322=LINE('',#18119,#4029);
#2323=LINE('',#18122,#4030);
#2324=LINE('',#18124,#4031);
#2325=LINE('',#18125,#4032);
#2326=LINE('',#18128,#4033);
#2327=LINE('',#18130,#4034);
#2328=LINE('',#18131,#4035);
#2329=LINE('',#18134,#4036);
#2330=LINE('',#18136,#4037);
#2331=LINE('',#18137,#4038);
#2332=LINE('',#18140,#4039);
#2333=LINE('',#18142,#4040);
#2334=LINE('',#18143,#4041);
#2335=LINE('',#18146,#4042);
#2336=LINE('',#18148,#4043);
#2337=LINE('',#18149,#4044);
#2338=LINE('',#18152,#4045);
#2339=LINE('',#18154,#4046);
#2340=LINE('',#18155,#4047);
#2341=LINE('',#18158,#4048);
#2342=LINE('',#18160,#4049);
#2343=LINE('',#18161,#4050);
#2344=LINE('',#18164,#4051);
#2345=LINE('',#18166,#4052);
#2346=LINE('',#18167,#4053);
#2347=LINE('',#18170,#4054);
#2348=LINE('',#18172,#4055);
#2349=LINE('',#18173,#4056);
#2350=LINE('',#18176,#4057);
#2351=LINE('',#18178,#4058);
#2352=LINE('',#18179,#4059);
#2353=LINE('',#18182,#4060);
#2354=LINE('',#18184,#4061);
#2355=LINE('',#18185,#4062);
#2356=LINE('',#18188,#4063);
#2357=LINE('',#18190,#4064);
#2358=LINE('',#18191,#4065);
#2359=LINE('',#18194,#4066);
#2360=LINE('',#18196,#4067);
#2361=LINE('',#18197,#4068);
#2362=LINE('',#18200,#4069);
#2363=LINE('',#18202,#4070);
#2364=LINE('',#18203,#4071);
#2365=LINE('',#18206,#4072);
#2366=LINE('',#18208,#4073);
#2367=LINE('',#18209,#4074);
#2368=LINE('',#18212,#4075);
#2369=LINE('',#18214,#4076);
#2370=LINE('',#18215,#4077);
#2371=LINE('',#18218,#4078);
#2372=LINE('',#18220,#4079);
#2373=LINE('',#18221,#4080);
#2374=LINE('',#18224,#4081);
#2375=LINE('',#18226,#4082);
#2376=LINE('',#18227,#4083);
#2377=LINE('',#18230,#4084);
#2378=LINE('',#18232,#4085);
#2379=LINE('',#18233,#4086);
#2380=LINE('',#18236,#4087);
#2381=LINE('',#18238,#4088);
#2382=LINE('',#18239,#4089);
#2383=LINE('',#18242,#4090);
#2384=LINE('',#18244,#4091);
#2385=LINE('',#18245,#4092);
#2386=LINE('',#18248,#4093);
#2387=LINE('',#18250,#4094);
#2388=LINE('',#18251,#4095);
#2389=LINE('',#18254,#4096);
#2390=LINE('',#18256,#4097);
#2391=LINE('',#18257,#4098);
#2392=LINE('',#18260,#4099);
#2393=LINE('',#18262,#4100);
#2394=LINE('',#18263,#4101);
#2395=LINE('',#18266,#4102);
#2396=LINE('',#18268,#4103);
#2397=LINE('',#18269,#4104);
#2398=LINE('',#18272,#4105);
#2399=LINE('',#18274,#4106);
#2400=LINE('',#18275,#4107);
#2401=LINE('',#18278,#4108);
#2402=LINE('',#18280,#4109);
#2403=LINE('',#18281,#4110);
#2404=LINE('',#18284,#4111);
#2405=LINE('',#18286,#4112);
#2406=LINE('',#18287,#4113);
#2407=LINE('',#18290,#4114);
#2408=LINE('',#18292,#4115);
#2409=LINE('',#18293,#4116);
#2410=LINE('',#18296,#4117);
#2411=LINE('',#18298,#4118);
#2412=LINE('',#18299,#4119);
#2413=LINE('',#18302,#4120);
#2414=LINE('',#18304,#4121);
#2415=LINE('',#18305,#4122);
#2416=LINE('',#18308,#4123);
#2417=LINE('',#18310,#4124);
#2418=LINE('',#18311,#4125);
#2419=LINE('',#18314,#4126);
#2420=LINE('',#18316,#4127);
#2421=LINE('',#18317,#4128);
#2422=LINE('',#18320,#4129);
#2423=LINE('',#18322,#4130);
#2424=LINE('',#18323,#4131);
#2425=LINE('',#18326,#4132);
#2426=LINE('',#18328,#4133);
#2427=LINE('',#18329,#4134);
#2428=LINE('',#18332,#4135);
#2429=LINE('',#18334,#4136);
#2430=LINE('',#18335,#4137);
#2431=LINE('',#18338,#4138);
#2432=LINE('',#18340,#4139);
#2433=LINE('',#18341,#4140);
#2434=LINE('',#18344,#4141);
#2435=LINE('',#18346,#4142);
#2436=LINE('',#18347,#4143);
#2437=LINE('',#18350,#4144);
#2438=LINE('',#18352,#4145);
#2439=LINE('',#18353,#4146);
#2440=LINE('',#18356,#4147);
#2441=LINE('',#18358,#4148);
#2442=LINE('',#18359,#4149);
#2443=LINE('',#18362,#4150);
#2444=LINE('',#18364,#4151);
#2445=LINE('',#18365,#4152);
#2446=LINE('',#18368,#4153);
#2447=LINE('',#18370,#4154);
#2448=LINE('',#18371,#4155);
#2449=LINE('',#18374,#4156);
#2450=LINE('',#18376,#4157);
#2451=LINE('',#18377,#4158);
#2452=LINE('',#18380,#4159);
#2453=LINE('',#18382,#4160);
#2454=LINE('',#18383,#4161);
#2455=LINE('',#18386,#4162);
#2456=LINE('',#18388,#4163);
#2457=LINE('',#18389,#4164);
#2458=LINE('',#18392,#4165);
#2459=LINE('',#18394,#4166);
#2460=LINE('',#18395,#4167);
#2461=LINE('',#18398,#4168);
#2462=LINE('',#18400,#4169);
#2463=LINE('',#18401,#4170);
#2464=LINE('',#18404,#4171);
#2465=LINE('',#18406,#4172);
#2466=LINE('',#18407,#4173);
#2467=LINE('',#18410,#4174);
#2468=LINE('',#18412,#4175);
#2469=LINE('',#18413,#4176);
#2470=LINE('',#18416,#4177);
#2471=LINE('',#18418,#4178);
#2472=LINE('',#18419,#4179);
#2473=LINE('',#18422,#4180);
#2474=LINE('',#18424,#4181);
#2475=LINE('',#18425,#4182);
#2476=LINE('',#18428,#4183);
#2477=LINE('',#18430,#4184);
#2478=LINE('',#18431,#4185);
#2479=LINE('',#18434,#4186);
#2480=LINE('',#18436,#4187);
#2481=LINE('',#18437,#4188);
#2482=LINE('',#18440,#4189);
#2483=LINE('',#18442,#4190);
#2484=LINE('',#18443,#4191);
#2485=LINE('',#18446,#4192);
#2486=LINE('',#18448,#4193);
#2487=LINE('',#18449,#4194);
#2488=LINE('',#18452,#4195);
#2489=LINE('',#18454,#4196);
#2490=LINE('',#18455,#4197);
#2491=LINE('',#18458,#4198);
#2492=LINE('',#18460,#4199);
#2493=LINE('',#18461,#4200);
#2494=LINE('',#18464,#4201);
#2495=LINE('',#18466,#4202);
#2496=LINE('',#18467,#4203);
#2497=LINE('',#18470,#4204);
#2498=LINE('',#18472,#4205);
#2499=LINE('',#18473,#4206);
#2500=LINE('',#18476,#4207);
#2501=LINE('',#18478,#4208);
#2502=LINE('',#18479,#4209);
#2503=LINE('',#18482,#4210);
#2504=LINE('',#18484,#4211);
#2505=LINE('',#18485,#4212);
#2506=LINE('',#18488,#4213);
#2507=LINE('',#18490,#4214);
#2508=LINE('',#18491,#4215);
#2509=LINE('',#18494,#4216);
#2510=LINE('',#18496,#4217);
#2511=LINE('',#18497,#4218);
#2512=LINE('',#18500,#4219);
#2513=LINE('',#18502,#4220);
#2514=LINE('',#18503,#4221);
#2515=LINE('',#18506,#4222);
#2516=LINE('',#18508,#4223);
#2517=LINE('',#18509,#4224);
#2518=LINE('',#18512,#4225);
#2519=LINE('',#18514,#4226);
#2520=LINE('',#18515,#4227);
#2521=LINE('',#18518,#4228);
#2522=LINE('',#18520,#4229);
#2523=LINE('',#18521,#4230);
#2524=LINE('',#18527,#4231);
#2525=LINE('',#18530,#4232);
#2526=LINE('',#18532,#4233);
#2527=LINE('',#18533,#4234);
#2528=LINE('',#18536,#4235);
#2529=LINE('',#18538,#4236);
#2530=LINE('',#18539,#4237);
#2531=LINE('',#18542,#4238);
#2532=LINE('',#18544,#4239);
#2533=LINE('',#18545,#4240);
#2534=LINE('',#18548,#4241);
#2535=LINE('',#18550,#4242);
#2536=LINE('',#18551,#4243);
#2537=LINE('',#18554,#4244);
#2538=LINE('',#18556,#4245);
#2539=LINE('',#18557,#4246);
#2540=LINE('',#18560,#4247);
#2541=LINE('',#18562,#4248);
#2542=LINE('',#18563,#4249);
#2543=LINE('',#18566,#4250);
#2544=LINE('',#18568,#4251);
#2545=LINE('',#18569,#4252);
#2546=LINE('',#18572,#4253);
#2547=LINE('',#18574,#4254);
#2548=LINE('',#18575,#4255);
#2549=LINE('',#18578,#4256);
#2550=LINE('',#18580,#4257);
#2551=LINE('',#18581,#4258);
#2552=LINE('',#18584,#4259);
#2553=LINE('',#18586,#4260);
#2554=LINE('',#18587,#4261);
#2555=LINE('',#18590,#4262);
#2556=LINE('',#18592,#4263);
#2557=LINE('',#18593,#4264);
#2558=LINE('',#18596,#4265);
#2559=LINE('',#18598,#4266);
#2560=LINE('',#18599,#4267);
#2561=LINE('',#18602,#4268);
#2562=LINE('',#18604,#4269);
#2563=LINE('',#18605,#4270);
#2564=LINE('',#18608,#4271);
#2565=LINE('',#18610,#4272);
#2566=LINE('',#18611,#4273);
#2567=LINE('',#18614,#4274);
#2568=LINE('',#18616,#4275);
#2569=LINE('',#18617,#4276);
#2570=LINE('',#18623,#4277);
#2571=LINE('',#18626,#4278);
#2572=LINE('',#18628,#4279);
#2573=LINE('',#18629,#4280);
#2574=LINE('',#18632,#4281);
#2575=LINE('',#18634,#4282);
#2576=LINE('',#18635,#4283);
#2577=LINE('',#18638,#4284);
#2578=LINE('',#18640,#4285);
#2579=LINE('',#18641,#4286);
#2580=LINE('',#18644,#4287);
#2581=LINE('',#18646,#4288);
#2582=LINE('',#18647,#4289);
#2583=LINE('',#18650,#4290);
#2584=LINE('',#18652,#4291);
#2585=LINE('',#18653,#4292);
#2586=LINE('',#18656,#4293);
#2587=LINE('',#18658,#4294);
#2588=LINE('',#18659,#4295);
#2589=LINE('',#18662,#4296);
#2590=LINE('',#18664,#4297);
#2591=LINE('',#18665,#4298);
#2592=LINE('',#18668,#4299);
#2593=LINE('',#18670,#4300);
#2594=LINE('',#18671,#4301);
#2595=LINE('',#18674,#4302);
#2596=LINE('',#18676,#4303);
#2597=LINE('',#18677,#4304);
#2598=LINE('',#18680,#4305);
#2599=LINE('',#18682,#4306);
#2600=LINE('',#18683,#4307);
#2601=LINE('',#18686,#4308);
#2602=LINE('',#18688,#4309);
#2603=LINE('',#18689,#4310);
#2604=LINE('',#18692,#4311);
#2605=LINE('',#18694,#4312);
#2606=LINE('',#18695,#4313);
#2607=LINE('',#18698,#4314);
#2608=LINE('',#18700,#4315);
#2609=LINE('',#18701,#4316);
#2610=LINE('',#18704,#4317);
#2611=LINE('',#18706,#4318);
#2612=LINE('',#18707,#4319);
#2613=LINE('',#18710,#4320);
#2614=LINE('',#18712,#4321);
#2615=LINE('',#18713,#4322);
#2616=LINE('',#18719,#4323);
#2617=LINE('',#18722,#4324);
#2618=LINE('',#18724,#4325);
#2619=LINE('',#18725,#4326);
#2620=LINE('',#18728,#4327);
#2621=LINE('',#18730,#4328);
#2622=LINE('',#18731,#4329);
#2623=LINE('',#18734,#4330);
#2624=LINE('',#18736,#4331);
#2625=LINE('',#18737,#4332);
#2626=LINE('',#18740,#4333);
#2627=LINE('',#18742,#4334);
#2628=LINE('',#18743,#4335);
#2629=LINE('',#18746,#4336);
#2630=LINE('',#18748,#4337);
#2631=LINE('',#18749,#4338);
#2632=LINE('',#18752,#4339);
#2633=LINE('',#18754,#4340);
#2634=LINE('',#18755,#4341);
#2635=LINE('',#18758,#4342);
#2636=LINE('',#18760,#4343);
#2637=LINE('',#18761,#4344);
#2638=LINE('',#18764,#4345);
#2639=LINE('',#18766,#4346);
#2640=LINE('',#18767,#4347);
#2641=LINE('',#18770,#4348);
#2642=LINE('',#18772,#4349);
#2643=LINE('',#18773,#4350);
#2644=LINE('',#18776,#4351);
#2645=LINE('',#18778,#4352);
#2646=LINE('',#18779,#4353);
#2647=LINE('',#18782,#4354);
#2648=LINE('',#18784,#4355);
#2649=LINE('',#18785,#4356);
#2650=LINE('',#18788,#4357);
#2651=LINE('',#18790,#4358);
#2652=LINE('',#18791,#4359);
#2653=LINE('',#18794,#4360);
#2654=LINE('',#18796,#4361);
#2655=LINE('',#18797,#4362);
#2656=LINE('',#18800,#4363);
#2657=LINE('',#18802,#4364);
#2658=LINE('',#18803,#4365);
#2659=LINE('',#18806,#4366);
#2660=LINE('',#18808,#4367);
#2661=LINE('',#18809,#4368);
#2662=LINE('',#18815,#4369);
#2663=LINE('',#18818,#4370);
#2664=LINE('',#18820,#4371);
#2665=LINE('',#18821,#4372);
#2666=LINE('',#18824,#4373);
#2667=LINE('',#18826,#4374);
#2668=LINE('',#18827,#4375);
#2669=LINE('',#18830,#4376);
#2670=LINE('',#18832,#4377);
#2671=LINE('',#18833,#4378);
#2672=LINE('',#18836,#4379);
#2673=LINE('',#18838,#4380);
#2674=LINE('',#18839,#4381);
#2675=LINE('',#18842,#4382);
#2676=LINE('',#18844,#4383);
#2677=LINE('',#18845,#4384);
#2678=LINE('',#18848,#4385);
#2679=LINE('',#18850,#4386);
#2680=LINE('',#18851,#4387);
#2681=LINE('',#18854,#4388);
#2682=LINE('',#18856,#4389);
#2683=LINE('',#18857,#4390);
#2684=LINE('',#18860,#4391);
#2685=LINE('',#18862,#4392);
#2686=LINE('',#18863,#4393);
#2687=LINE('',#18866,#4394);
#2688=LINE('',#18868,#4395);
#2689=LINE('',#18869,#4396);
#2690=LINE('',#18872,#4397);
#2691=LINE('',#18874,#4398);
#2692=LINE('',#18875,#4399);
#2693=LINE('',#18878,#4400);
#2694=LINE('',#18880,#4401);
#2695=LINE('',#18881,#4402);
#2696=LINE('',#18884,#4403);
#2697=LINE('',#18886,#4404);
#2698=LINE('',#18887,#4405);
#2699=LINE('',#18890,#4406);
#2700=LINE('',#18892,#4407);
#2701=LINE('',#18893,#4408);
#2702=LINE('',#18896,#4409);
#2703=LINE('',#18898,#4410);
#2704=LINE('',#18899,#4411);
#2705=LINE('',#18902,#4412);
#2706=LINE('',#18904,#4413);
#2707=LINE('',#18905,#4414);
#2708=LINE('',#18911,#4415);
#2709=LINE('',#18914,#4416);
#2710=LINE('',#18916,#4417);
#2711=LINE('',#18917,#4418);
#2712=LINE('',#18920,#4419);
#2713=LINE('',#18922,#4420);
#2714=LINE('',#18923,#4421);
#2715=LINE('',#18926,#4422);
#2716=LINE('',#18928,#4423);
#2717=LINE('',#18929,#4424);
#2718=LINE('',#18932,#4425);
#2719=LINE('',#18934,#4426);
#2720=LINE('',#18935,#4427);
#2721=LINE('',#18938,#4428);
#2722=LINE('',#18940,#4429);
#2723=LINE('',#18941,#4430);
#2724=LINE('',#18944,#4431);
#2725=LINE('',#18946,#4432);
#2726=LINE('',#18947,#4433);
#2727=LINE('',#18950,#4434);
#2728=LINE('',#18952,#4435);
#2729=LINE('',#18953,#4436);
#2730=LINE('',#18956,#4437);
#2731=LINE('',#18958,#4438);
#2732=LINE('',#18959,#4439);
#2733=LINE('',#18962,#4440);
#2734=LINE('',#18964,#4441);
#2735=LINE('',#18965,#4442);
#2736=LINE('',#18968,#4443);
#2737=LINE('',#18970,#4444);
#2738=LINE('',#18971,#4445);
#2739=LINE('',#18974,#4446);
#2740=LINE('',#18976,#4447);
#2741=LINE('',#18977,#4448);
#2742=LINE('',#18980,#4449);
#2743=LINE('',#18982,#4450);
#2744=LINE('',#18983,#4451);
#2745=LINE('',#18986,#4452);
#2746=LINE('',#18988,#4453);
#2747=LINE('',#18989,#4454);
#2748=LINE('',#18992,#4455);
#2749=LINE('',#18994,#4456);
#2750=LINE('',#18995,#4457);
#2751=LINE('',#18998,#4458);
#2752=LINE('',#19000,#4459);
#2753=LINE('',#19001,#4460);
#2754=LINE('',#19007,#4461);
#2755=LINE('',#19010,#4462);
#2756=LINE('',#19012,#4463);
#2757=LINE('',#19013,#4464);
#2758=LINE('',#19016,#4465);
#2759=LINE('',#19018,#4466);
#2760=LINE('',#19019,#4467);
#2761=LINE('',#19022,#4468);
#2762=LINE('',#19024,#4469);
#2763=LINE('',#19025,#4470);
#2764=LINE('',#19028,#4471);
#2765=LINE('',#19030,#4472);
#2766=LINE('',#19031,#4473);
#2767=LINE('',#19034,#4474);
#2768=LINE('',#19036,#4475);
#2769=LINE('',#19037,#4476);
#2770=LINE('',#19040,#4477);
#2771=LINE('',#19042,#4478);
#2772=LINE('',#19043,#4479);
#2773=LINE('',#19046,#4480);
#2774=LINE('',#19048,#4481);
#2775=LINE('',#19049,#4482);
#2776=LINE('',#19052,#4483);
#2777=LINE('',#19054,#4484);
#2778=LINE('',#19055,#4485);
#2779=LINE('',#19058,#4486);
#2780=LINE('',#19060,#4487);
#2781=LINE('',#19061,#4488);
#2782=LINE('',#19064,#4489);
#2783=LINE('',#19066,#4490);
#2784=LINE('',#19067,#4491);
#2785=LINE('',#19070,#4492);
#2786=LINE('',#19072,#4493);
#2787=LINE('',#19073,#4494);
#2788=LINE('',#19076,#4495);
#2789=LINE('',#19078,#4496);
#2790=LINE('',#19079,#4497);
#2791=LINE('',#19082,#4498);
#2792=LINE('',#19084,#4499);
#2793=LINE('',#19085,#4500);
#2794=LINE('',#19088,#4501);
#2795=LINE('',#19090,#4502);
#2796=LINE('',#19091,#4503);
#2797=LINE('',#19094,#4504);
#2798=LINE('',#19096,#4505);
#2799=LINE('',#19097,#4506);
#2800=LINE('',#19100,#4507);
#2801=LINE('',#19102,#4508);
#2802=LINE('',#19103,#4509);
#2803=LINE('',#19106,#4510);
#2804=LINE('',#19108,#4511);
#2805=LINE('',#19109,#4512);
#2806=LINE('',#19112,#4513);
#2807=LINE('',#19114,#4514);
#2808=LINE('',#19115,#4515);
#2809=LINE('',#19118,#4516);
#2810=LINE('',#19120,#4517);
#2811=LINE('',#19121,#4518);
#2812=LINE('',#19124,#4519);
#2813=LINE('',#19126,#4520);
#2814=LINE('',#19127,#4521);
#2815=LINE('',#19130,#4522);
#2816=LINE('',#19132,#4523);
#2817=LINE('',#19133,#4524);
#2818=LINE('',#19136,#4525);
#2819=LINE('',#19138,#4526);
#2820=LINE('',#19139,#4527);
#2821=LINE('',#19142,#4528);
#2822=LINE('',#19144,#4529);
#2823=LINE('',#19145,#4530);
#2824=LINE('',#19148,#4531);
#2825=LINE('',#19150,#4532);
#2826=LINE('',#19151,#4533);
#2827=LINE('',#19154,#4534);
#2828=LINE('',#19156,#4535);
#2829=LINE('',#19157,#4536);
#2830=LINE('',#19160,#4537);
#2831=LINE('',#19162,#4538);
#2832=LINE('',#19163,#4539);
#2833=LINE('',#19166,#4540);
#2834=LINE('',#19168,#4541);
#2835=LINE('',#19169,#4542);
#2836=LINE('',#19172,#4543);
#2837=LINE('',#19174,#4544);
#2838=LINE('',#19175,#4545);
#2839=LINE('',#19178,#4546);
#2840=LINE('',#19180,#4547);
#2841=LINE('',#19181,#4548);
#2842=LINE('',#19184,#4549);
#2843=LINE('',#19186,#4550);
#2844=LINE('',#19187,#4551);
#2845=LINE('',#19190,#4552);
#2846=LINE('',#19192,#4553);
#2847=LINE('',#19193,#4554);
#2848=LINE('',#19199,#4555);
#2849=LINE('',#19202,#4556);
#2850=LINE('',#19204,#4557);
#2851=LINE('',#19205,#4558);
#2852=LINE('',#19208,#4559);
#2853=LINE('',#19210,#4560);
#2854=LINE('',#19211,#4561);
#2855=LINE('',#19214,#4562);
#2856=LINE('',#19216,#4563);
#2857=LINE('',#19217,#4564);
#2858=LINE('',#19220,#4565);
#2859=LINE('',#19222,#4566);
#2860=LINE('',#19223,#4567);
#2861=LINE('',#19226,#4568);
#2862=LINE('',#19228,#4569);
#2863=LINE('',#19229,#4570);
#2864=LINE('',#19232,#4571);
#2865=LINE('',#19234,#4572);
#2866=LINE('',#19235,#4573);
#2867=LINE('',#19238,#4574);
#2868=LINE('',#19240,#4575);
#2869=LINE('',#19241,#4576);
#2870=LINE('',#19244,#4577);
#2871=LINE('',#19246,#4578);
#2872=LINE('',#19247,#4579);
#2873=LINE('',#19250,#4580);
#2874=LINE('',#19252,#4581);
#2875=LINE('',#19253,#4582);
#2876=LINE('',#19256,#4583);
#2877=LINE('',#19258,#4584);
#2878=LINE('',#19259,#4585);
#2879=LINE('',#19262,#4586);
#2880=LINE('',#19264,#4587);
#2881=LINE('',#19265,#4588);
#2882=LINE('',#19268,#4589);
#2883=LINE('',#19270,#4590);
#2884=LINE('',#19271,#4591);
#2885=LINE('',#19274,#4592);
#2886=LINE('',#19276,#4593);
#2887=LINE('',#19277,#4594);
#2888=LINE('',#19280,#4595);
#2889=LINE('',#19282,#4596);
#2890=LINE('',#19283,#4597);
#2891=LINE('',#19286,#4598);
#2892=LINE('',#19288,#4599);
#2893=LINE('',#19289,#4600);
#2894=LINE('',#19295,#4601);
#2895=LINE('',#19298,#4602);
#2896=LINE('',#19300,#4603);
#2897=LINE('',#19301,#4604);
#2898=LINE('',#19304,#4605);
#2899=LINE('',#19306,#4606);
#2900=LINE('',#19307,#4607);
#2901=LINE('',#19310,#4608);
#2902=LINE('',#19312,#4609);
#2903=LINE('',#19313,#4610);
#2904=LINE('',#19316,#4611);
#2905=LINE('',#19318,#4612);
#2906=LINE('',#19319,#4613);
#2907=LINE('',#19322,#4614);
#2908=LINE('',#19324,#4615);
#2909=LINE('',#19325,#4616);
#2910=LINE('',#19328,#4617);
#2911=LINE('',#19330,#4618);
#2912=LINE('',#19331,#4619);
#2913=LINE('',#19334,#4620);
#2914=LINE('',#19336,#4621);
#2915=LINE('',#19337,#4622);
#2916=LINE('',#19340,#4623);
#2917=LINE('',#19342,#4624);
#2918=LINE('',#19343,#4625);
#2919=LINE('',#19346,#4626);
#2920=LINE('',#19348,#4627);
#2921=LINE('',#19349,#4628);
#2922=LINE('',#19352,#4629);
#2923=LINE('',#19354,#4630);
#2924=LINE('',#19355,#4631);
#2925=LINE('',#19358,#4632);
#2926=LINE('',#19360,#4633);
#2927=LINE('',#19361,#4634);
#2928=LINE('',#19364,#4635);
#2929=LINE('',#19366,#4636);
#2930=LINE('',#19367,#4637);
#2931=LINE('',#19370,#4638);
#2932=LINE('',#19372,#4639);
#2933=LINE('',#19373,#4640);
#2934=LINE('',#19376,#4641);
#2935=LINE('',#19378,#4642);
#2936=LINE('',#19379,#4643);
#2937=LINE('',#19382,#4644);
#2938=LINE('',#19384,#4645);
#2939=LINE('',#19385,#4646);
#2940=LINE('',#19391,#4647);
#2941=LINE('',#19394,#4648);
#2942=LINE('',#19396,#4649);
#2943=LINE('',#19397,#4650);
#2944=LINE('',#19400,#4651);
#2945=LINE('',#19402,#4652);
#2946=LINE('',#19403,#4653);
#2947=LINE('',#19406,#4654);
#2948=LINE('',#19408,#4655);
#2949=LINE('',#19409,#4656);
#2950=LINE('',#19412,#4657);
#2951=LINE('',#19414,#4658);
#2952=LINE('',#19415,#4659);
#2953=LINE('',#19418,#4660);
#2954=LINE('',#19420,#4661);
#2955=LINE('',#19421,#4662);
#2956=LINE('',#19424,#4663);
#2957=LINE('',#19426,#4664);
#2958=LINE('',#19427,#4665);
#2959=LINE('',#19430,#4666);
#2960=LINE('',#19432,#4667);
#2961=LINE('',#19433,#4668);
#2962=LINE('',#19436,#4669);
#2963=LINE('',#19438,#4670);
#2964=LINE('',#19439,#4671);
#2965=LINE('',#19442,#4672);
#2966=LINE('',#19444,#4673);
#2967=LINE('',#19445,#4674);
#2968=LINE('',#19448,#4675);
#2969=LINE('',#19450,#4676);
#2970=LINE('',#19451,#4677);
#2971=LINE('',#19454,#4678);
#2972=LINE('',#19456,#4679);
#2973=LINE('',#19457,#4680);
#2974=LINE('',#19460,#4681);
#2975=LINE('',#19462,#4682);
#2976=LINE('',#19463,#4683);
#2977=LINE('',#19466,#4684);
#2978=LINE('',#19468,#4685);
#2979=LINE('',#19469,#4686);
#2980=LINE('',#19472,#4687);
#2981=LINE('',#19474,#4688);
#2982=LINE('',#19475,#4689);
#2983=LINE('',#19478,#4690);
#2984=LINE('',#19480,#4691);
#2985=LINE('',#19481,#4692);
#2986=VECTOR('',#12968,10.);
#2987=VECTOR('',#12969,10.);
#2988=VECTOR('',#12970,10.);
#2989=VECTOR('',#12971,10.);
#2990=VECTOR('',#12976,10.);
#2991=VECTOR('',#12983,10.);
#2992=VECTOR('',#12986,3.99999999999977);
#2993=VECTOR('',#12991,10.);
#2994=VECTOR('',#12994,10.);
#2995=VECTOR('',#12995,10.);
#2996=VECTOR('',#12998,10.);
#2997=VECTOR('',#12999,10.);
#2998=VECTOR('',#13000,10.);
#2999=VECTOR('',#13013,3.00000000000011);
#3000=VECTOR('',#13020,5.);
#3001=VECTOR('',#13027,10.);
#3002=VECTOR('',#13028,10.);
#3003=VECTOR('',#13029,10.);
#3004=VECTOR('',#13030,10.);
#3005=VECTOR('',#13033,10.);
#3006=VECTOR('',#13034,10.);
#3007=VECTOR('',#13035,10.);
#3008=VECTOR('',#13038,10.);
#3009=VECTOR('',#13039,10.);
#3010=VECTOR('',#13040,10.);
#3011=VECTOR('',#13043,10.);
#3012=VECTOR('',#13044,10.);
#3013=VECTOR('',#13045,10.);
#3014=VECTOR('',#13048,10.);
#3015=VECTOR('',#13049,10.);
#3016=VECTOR('',#13050,10.);
#3017=VECTOR('',#13053,10.);
#3018=VECTOR('',#13054,10.);
#3019=VECTOR('',#13055,10.);
#3020=VECTOR('',#13058,10.);
#3021=VECTOR('',#13059,10.);
#3022=VECTOR('',#13060,10.);
#3023=VECTOR('',#13063,10.);
#3024=VECTOR('',#13064,10.);
#3025=VECTOR('',#13065,10.);
#3026=VECTOR('',#13068,10.);
#3027=VECTOR('',#13069,10.);
#3028=VECTOR('',#13070,10.);
#3029=VECTOR('',#13073,10.);
#3030=VECTOR('',#13074,10.);
#3031=VECTOR('',#13075,10.);
#3032=VECTOR('',#13078,10.);
#3033=VECTOR('',#13079,10.);
#3034=VECTOR('',#13080,10.);
#3035=VECTOR('',#13083,10.);
#3036=VECTOR('',#13084,10.);
#3037=VECTOR('',#13085,10.);
#3038=VECTOR('',#13088,10.);
#3039=VECTOR('',#13089,10.);
#3040=VECTOR('',#13090,10.);
#3041=VECTOR('',#13093,10.);
#3042=VECTOR('',#13094,10.);
#3043=VECTOR('',#13095,10.);
#3044=VECTOR('',#13098,10.);
#3045=VECTOR('',#13099,10.);
#3046=VECTOR('',#13100,10.);
#3047=VECTOR('',#13107,10.);
#3048=VECTOR('',#13110,10.);
#3049=VECTOR('',#13111,10.);
#3050=VECTOR('',#13112,10.);
#3051=VECTOR('',#13115,10.);
#3052=VECTOR('',#13116,10.);
#3053=VECTOR('',#13117,10.);
#3054=VECTOR('',#13120,10.);
#3055=VECTOR('',#13121,10.);
#3056=VECTOR('',#13122,10.);
#3057=VECTOR('',#13125,10.);
#3058=VECTOR('',#13126,10.);
#3059=VECTOR('',#13127,10.);
#3060=VECTOR('',#13130,10.);
#3061=VECTOR('',#13131,10.);
#3062=VECTOR('',#13132,10.);
#3063=VECTOR('',#13135,10.);
#3064=VECTOR('',#13136,10.);
#3065=VECTOR('',#13137,10.);
#3066=VECTOR('',#13140,10.);
#3067=VECTOR('',#13141,10.);
#3068=VECTOR('',#13142,10.);
#3069=VECTOR('',#13145,10.);
#3070=VECTOR('',#13146,10.);
#3071=VECTOR('',#13147,10.);
#3072=VECTOR('',#13150,10.);
#3073=VECTOR('',#13151,10.);
#3074=VECTOR('',#13152,10.);
#3075=VECTOR('',#13155,10.);
#3076=VECTOR('',#13156,10.);
#3077=VECTOR('',#13157,10.);
#3078=VECTOR('',#13160,10.);
#3079=VECTOR('',#13161,10.);
#3080=VECTOR('',#13162,10.);
#3081=VECTOR('',#13165,10.);
#3082=VECTOR('',#13166,10.);
#3083=VECTOR('',#13167,10.);
#3084=VECTOR('',#13170,10.);
#3085=VECTOR('',#13171,10.);
#3086=VECTOR('',#13172,10.);
#3087=VECTOR('',#13175,10.);
#3088=VECTOR('',#13176,10.);
#3089=VECTOR('',#13177,10.);
#3090=VECTOR('',#13180,10.);
#3091=VECTOR('',#13181,10.);
#3092=VECTOR('',#13182,10.);
#3093=VECTOR('',#13189,10.);
#3094=VECTOR('',#13192,10.);
#3095=VECTOR('',#13193,10.);
#3096=VECTOR('',#13194,10.);
#3097=VECTOR('',#13197,10.);
#3098=VECTOR('',#13198,10.);
#3099=VECTOR('',#13199,10.);
#3100=VECTOR('',#13202,10.);
#3101=VECTOR('',#13203,10.);
#3102=VECTOR('',#13204,10.);
#3103=VECTOR('',#13207,10.);
#3104=VECTOR('',#13208,10.);
#3105=VECTOR('',#13209,10.);
#3106=VECTOR('',#13212,10.);
#3107=VECTOR('',#13213,10.);
#3108=VECTOR('',#13214,10.);
#3109=VECTOR('',#13217,10.);
#3110=VECTOR('',#13218,10.);
#3111=VECTOR('',#13219,10.);
#3112=VECTOR('',#13222,10.);
#3113=VECTOR('',#13223,10.);
#3114=VECTOR('',#13224,10.);
#3115=VECTOR('',#13227,10.);
#3116=VECTOR('',#13228,10.);
#3117=VECTOR('',#13229,10.);
#3118=VECTOR('',#13232,10.);
#3119=VECTOR('',#13233,10.);
#3120=VECTOR('',#13234,10.);
#3121=VECTOR('',#13237,10.);
#3122=VECTOR('',#13238,10.);
#3123=VECTOR('',#13239,10.);
#3124=VECTOR('',#13242,10.);
#3125=VECTOR('',#13243,10.);
#3126=VECTOR('',#13244,10.);
#3127=VECTOR('',#13247,10.);
#3128=VECTOR('',#13248,10.);
#3129=VECTOR('',#13249,10.);
#3130=VECTOR('',#13252,10.);
#3131=VECTOR('',#13253,10.);
#3132=VECTOR('',#13254,10.);
#3133=VECTOR('',#13257,10.);
#3134=VECTOR('',#13258,10.);
#3135=VECTOR('',#13259,10.);
#3136=VECTOR('',#13262,10.);
#3137=VECTOR('',#13263,10.);
#3138=VECTOR('',#13264,10.);
#3139=VECTOR('',#13271,10.);
#3140=VECTOR('',#13274,10.);
#3141=VECTOR('',#13275,10.);
#3142=VECTOR('',#13276,10.);
#3143=VECTOR('',#13279,10.);
#3144=VECTOR('',#13280,10.);
#3145=VECTOR('',#13281,10.);
#3146=VECTOR('',#13284,10.);
#3147=VECTOR('',#13285,10.);
#3148=VECTOR('',#13286,10.);
#3149=VECTOR('',#13289,10.);
#3150=VECTOR('',#13290,10.);
#3151=VECTOR('',#13291,10.);
#3152=VECTOR('',#13294,10.);
#3153=VECTOR('',#13295,10.);
#3154=VECTOR('',#13296,10.);
#3155=VECTOR('',#13299,10.);
#3156=VECTOR('',#13300,10.);
#3157=VECTOR('',#13301,10.);
#3158=VECTOR('',#13304,10.);
#3159=VECTOR('',#13305,10.);
#3160=VECTOR('',#13306,10.);
#3161=VECTOR('',#13309,10.);
#3162=VECTOR('',#13310,10.);
#3163=VECTOR('',#13311,10.);
#3164=VECTOR('',#13314,10.);
#3165=VECTOR('',#13315,10.);
#3166=VECTOR('',#13316,10.);
#3167=VECTOR('',#13319,10.);
#3168=VECTOR('',#13320,10.);
#3169=VECTOR('',#13321,10.);
#3170=VECTOR('',#13324,10.);
#3171=VECTOR('',#13325,10.);
#3172=VECTOR('',#13326,10.);
#3173=VECTOR('',#13329,10.);
#3174=VECTOR('',#13330,10.);
#3175=VECTOR('',#13331,10.);
#3176=VECTOR('',#13334,10.);
#3177=VECTOR('',#13335,10.);
#3178=VECTOR('',#13336,10.);
#3179=VECTOR('',#13339,10.);
#3180=VECTOR('',#13340,10.);
#3181=VECTOR('',#13341,10.);
#3182=VECTOR('',#13344,10.);
#3183=VECTOR('',#13345,10.);
#3184=VECTOR('',#13346,10.);
#3185=VECTOR('',#13353,10.);
#3186=VECTOR('',#13356,10.);
#3187=VECTOR('',#13357,10.);
#3188=VECTOR('',#13358,10.);
#3189=VECTOR('',#13361,10.);
#3190=VECTOR('',#13362,10.);
#3191=VECTOR('',#13363,10.);
#3192=VECTOR('',#13366,10.);
#3193=VECTOR('',#13367,10.);
#3194=VECTOR('',#13368,10.);
#3195=VECTOR('',#13371,10.);
#3196=VECTOR('',#13372,10.);
#3197=VECTOR('',#13373,10.);
#3198=VECTOR('',#13376,10.);
#3199=VECTOR('',#13377,10.);
#3200=VECTOR('',#13378,10.);
#3201=VECTOR('',#13381,10.);
#3202=VECTOR('',#13382,10.);
#3203=VECTOR('',#13383,10.);
#3204=VECTOR('',#13386,10.);
#3205=VECTOR('',#13387,10.);
#3206=VECTOR('',#13388,10.);
#3207=VECTOR('',#13391,10.);
#3208=VECTOR('',#13392,10.);
#3209=VECTOR('',#13393,10.);
#3210=VECTOR('',#13396,10.);
#3211=VECTOR('',#13397,10.);
#3212=VECTOR('',#13398,10.);
#3213=VECTOR('',#13401,10.);
#3214=VECTOR('',#13402,10.);
#3215=VECTOR('',#13403,10.);
#3216=VECTOR('',#13406,10.);
#3217=VECTOR('',#13407,10.);
#3218=VECTOR('',#13408,10.);
#3219=VECTOR('',#13411,10.);
#3220=VECTOR('',#13412,10.);
#3221=VECTOR('',#13413,10.);
#3222=VECTOR('',#13416,10.);
#3223=VECTOR('',#13417,10.);
#3224=VECTOR('',#13418,10.);
#3225=VECTOR('',#13421,10.);
#3226=VECTOR('',#13422,10.);
#3227=VECTOR('',#13423,10.);
#3228=VECTOR('',#13426,10.);
#3229=VECTOR('',#13427,10.);
#3230=VECTOR('',#13428,10.);
#3231=VECTOR('',#13435,10.);
#3232=VECTOR('',#13438,10.);
#3233=VECTOR('',#13439,10.);
#3234=VECTOR('',#13440,10.);
#3235=VECTOR('',#13443,10.);
#3236=VECTOR('',#13444,10.);
#3237=VECTOR('',#13445,10.);
#3238=VECTOR('',#13448,10.);
#3239=VECTOR('',#13449,10.);
#3240=VECTOR('',#13450,10.);
#3241=VECTOR('',#13453,10.);
#3242=VECTOR('',#13454,10.);
#3243=VECTOR('',#13455,10.);
#3244=VECTOR('',#13458,10.);
#3245=VECTOR('',#13459,10.);
#3246=VECTOR('',#13460,10.);
#3247=VECTOR('',#13463,10.);
#3248=VECTOR('',#13464,10.);
#3249=VECTOR('',#13465,10.);
#3250=VECTOR('',#13468,10.);
#3251=VECTOR('',#13469,10.);
#3252=VECTOR('',#13470,10.);
#3253=VECTOR('',#13473,10.);
#3254=VECTOR('',#13474,10.);
#3255=VECTOR('',#13475,10.);
#3256=VECTOR('',#13478,10.);
#3257=VECTOR('',#13479,10.);
#3258=VECTOR('',#13480,10.);
#3259=VECTOR('',#13483,10.);
#3260=VECTOR('',#13484,10.);
#3261=VECTOR('',#13485,10.);
#3262=VECTOR('',#13488,10.);
#3263=VECTOR('',#13489,10.);
#3264=VECTOR('',#13490,10.);
#3265=VECTOR('',#13493,10.);
#3266=VECTOR('',#13494,10.);
#3267=VECTOR('',#13495,10.);
#3268=VECTOR('',#13498,10.);
#3269=VECTOR('',#13499,10.);
#3270=VECTOR('',#13500,10.);
#3271=VECTOR('',#13503,10.);
#3272=VECTOR('',#13504,10.);
#3273=VECTOR('',#13505,10.);
#3274=VECTOR('',#13508,10.);
#3275=VECTOR('',#13509,10.);
#3276=VECTOR('',#13510,10.);
#3277=VECTOR('',#13517,10.);
#3278=VECTOR('',#13520,10.);
#3279=VECTOR('',#13521,10.);
#3280=VECTOR('',#13522,10.);
#3281=VECTOR('',#13525,10.);
#3282=VECTOR('',#13526,10.);
#3283=VECTOR('',#13527,10.);
#3284=VECTOR('',#13530,10.);
#3285=VECTOR('',#13531,10.);
#3286=VECTOR('',#13532,10.);
#3287=VECTOR('',#13535,10.);
#3288=VECTOR('',#13536,10.);
#3289=VECTOR('',#13537,10.);
#3290=VECTOR('',#13540,10.);
#3291=VECTOR('',#13541,10.);
#3292=VECTOR('',#13542,10.);
#3293=VECTOR('',#13545,10.);
#3294=VECTOR('',#13546,10.);
#3295=VECTOR('',#13547,10.);
#3296=VECTOR('',#13550,10.);
#3297=VECTOR('',#13551,10.);
#3298=VECTOR('',#13552,10.);
#3299=VECTOR('',#13555,10.);
#3300=VECTOR('',#13556,10.);
#3301=VECTOR('',#13557,10.);
#3302=VECTOR('',#13560,10.);
#3303=VECTOR('',#13561,10.);
#3304=VECTOR('',#13562,10.);
#3305=VECTOR('',#13565,10.);
#3306=VECTOR('',#13566,10.);
#3307=VECTOR('',#13567,10.);
#3308=VECTOR('',#13570,10.);
#3309=VECTOR('',#13571,10.);
#3310=VECTOR('',#13572,10.);
#3311=VECTOR('',#13575,10.);
#3312=VECTOR('',#13576,10.);
#3313=VECTOR('',#13577,10.);
#3314=VECTOR('',#13580,10.);
#3315=VECTOR('',#13581,10.);
#3316=VECTOR('',#13582,10.);
#3317=VECTOR('',#13585,10.);
#3318=VECTOR('',#13586,10.);
#3319=VECTOR('',#13587,10.);
#3320=VECTOR('',#13590,10.);
#3321=VECTOR('',#13591,10.);
#3322=VECTOR('',#13592,10.);
#3323=VECTOR('',#13599,10.);
#3324=VECTOR('',#13602,10.);
#3325=VECTOR('',#13603,10.);
#3326=VECTOR('',#13604,10.);
#3327=VECTOR('',#13607,10.);
#3328=VECTOR('',#13608,10.);
#3329=VECTOR('',#13609,10.);
#3330=VECTOR('',#13612,10.);
#3331=VECTOR('',#13613,10.);
#3332=VECTOR('',#13614,10.);
#3333=VECTOR('',#13617,10.);
#3334=VECTOR('',#13618,10.);
#3335=VECTOR('',#13619,10.);
#3336=VECTOR('',#13622,10.);
#3337=VECTOR('',#13623,10.);
#3338=VECTOR('',#13624,10.);
#3339=VECTOR('',#13627,10.);
#3340=VECTOR('',#13628,10.);
#3341=VECTOR('',#13629,10.);
#3342=VECTOR('',#13632,10.);
#3343=VECTOR('',#13633,10.);
#3344=VECTOR('',#13634,10.);
#3345=VECTOR('',#13637,10.);
#3346=VECTOR('',#13638,10.);
#3347=VECTOR('',#13639,10.);
#3348=VECTOR('',#13642,10.);
#3349=VECTOR('',#13643,10.);
#3350=VECTOR('',#13644,10.);
#3351=VECTOR('',#13647,10.);
#3352=VECTOR('',#13648,10.);
#3353=VECTOR('',#13649,10.);
#3354=VECTOR('',#13652,10.);
#3355=VECTOR('',#13653,10.);
#3356=VECTOR('',#13654,10.);
#3357=VECTOR('',#13657,10.);
#3358=VECTOR('',#13658,10.);
#3359=VECTOR('',#13659,10.);
#3360=VECTOR('',#13662,10.);
#3361=VECTOR('',#13663,10.);
#3362=VECTOR('',#13664,10.);
#3363=VECTOR('',#13667,10.);
#3364=VECTOR('',#13668,10.);
#3365=VECTOR('',#13669,10.);
#3366=VECTOR('',#13672,10.);
#3367=VECTOR('',#13673,10.);
#3368=VECTOR('',#13674,10.);
#3369=VECTOR('',#13681,10.);
#3370=VECTOR('',#13684,10.);
#3371=VECTOR('',#13685,10.);
#3372=VECTOR('',#13686,10.);
#3373=VECTOR('',#13689,10.);
#3374=VECTOR('',#13690,10.);
#3375=VECTOR('',#13691,10.);
#3376=VECTOR('',#13694,10.);
#3377=VECTOR('',#13695,10.);
#3378=VECTOR('',#13696,10.);
#3379=VECTOR('',#13699,10.);
#3380=VECTOR('',#13700,10.);
#3381=VECTOR('',#13701,10.);
#3382=VECTOR('',#13704,10.);
#3383=VECTOR('',#13705,10.);
#3384=VECTOR('',#13706,10.);
#3385=VECTOR('',#13709,10.);
#3386=VECTOR('',#13710,10.);
#3387=VECTOR('',#13711,10.);
#3388=VECTOR('',#13714,10.);
#3389=VECTOR('',#13715,10.);
#3390=VECTOR('',#13716,10.);
#3391=VECTOR('',#13719,10.);
#3392=VECTOR('',#13720,10.);
#3393=VECTOR('',#13721,10.);
#3394=VECTOR('',#13724,10.);
#3395=VECTOR('',#13725,10.);
#3396=VECTOR('',#13726,10.);
#3397=VECTOR('',#13729,10.);
#3398=VECTOR('',#13730,10.);
#3399=VECTOR('',#13731,10.);
#3400=VECTOR('',#13734,10.);
#3401=VECTOR('',#13735,10.);
#3402=VECTOR('',#13736,10.);
#3403=VECTOR('',#13739,10.);
#3404=VECTOR('',#13740,10.);
#3405=VECTOR('',#13741,10.);
#3406=VECTOR('',#13744,10.);
#3407=VECTOR('',#13745,10.);
#3408=VECTOR('',#13746,10.);
#3409=VECTOR('',#13749,10.);
#3410=VECTOR('',#13750,10.);
#3411=VECTOR('',#13751,10.);
#3412=VECTOR('',#13754,10.);
#3413=VECTOR('',#13755,10.);
#3414=VECTOR('',#13756,10.);
#3415=VECTOR('',#13763,10.);
#3416=VECTOR('',#13766,10.);
#3417=VECTOR('',#13767,10.);
#3418=VECTOR('',#13768,10.);
#3419=VECTOR('',#13771,10.);
#3420=VECTOR('',#13772,10.);
#3421=VECTOR('',#13773,10.);
#3422=VECTOR('',#13776,10.);
#3423=VECTOR('',#13777,10.);
#3424=VECTOR('',#13778,10.);
#3425=VECTOR('',#13781,10.);
#3426=VECTOR('',#13782,10.);
#3427=VECTOR('',#13783,10.);
#3428=VECTOR('',#13786,10.);
#3429=VECTOR('',#13787,10.);
#3430=VECTOR('',#13788,10.);
#3431=VECTOR('',#13791,10.);
#3432=VECTOR('',#13792,10.);
#3433=VECTOR('',#13793,10.);
#3434=VECTOR('',#13796,10.);
#3435=VECTOR('',#13797,10.);
#3436=VECTOR('',#13798,10.);
#3437=VECTOR('',#13801,10.);
#3438=VECTOR('',#13802,10.);
#3439=VECTOR('',#13803,10.);
#3440=VECTOR('',#13806,10.);
#3441=VECTOR('',#13807,10.);
#3442=VECTOR('',#13808,10.);
#3443=VECTOR('',#13811,10.);
#3444=VECTOR('',#13812,10.);
#3445=VECTOR('',#13813,10.);
#3446=VECTOR('',#13816,10.);
#3447=VECTOR('',#13817,10.);
#3448=VECTOR('',#13818,10.);
#3449=VECTOR('',#13821,10.);
#3450=VECTOR('',#13822,10.);
#3451=VECTOR('',#13823,10.);
#3452=VECTOR('',#13826,10.);
#3453=VECTOR('',#13827,10.);
#3454=VECTOR('',#13828,10.);
#3455=VECTOR('',#13831,10.);
#3456=VECTOR('',#13832,10.);
#3457=VECTOR('',#13833,10.);
#3458=VECTOR('',#13836,10.);
#3459=VECTOR('',#13837,10.);
#3460=VECTOR('',#13838,10.);
#3461=VECTOR('',#13845,10.);
#3462=VECTOR('',#13848,10.);
#3463=VECTOR('',#13849,10.);
#3464=VECTOR('',#13850,10.);
#3465=VECTOR('',#13853,10.);
#3466=VECTOR('',#13854,10.);
#3467=VECTOR('',#13855,10.);
#3468=VECTOR('',#13858,10.);
#3469=VECTOR('',#13859,10.);
#3470=VECTOR('',#13860,10.);
#3471=VECTOR('',#13863,10.);
#3472=VECTOR('',#13864,10.);
#3473=VECTOR('',#13865,10.);
#3474=VECTOR('',#13868,10.);
#3475=VECTOR('',#13869,10.);
#3476=VECTOR('',#13870,10.);
#3477=VECTOR('',#13873,10.);
#3478=VECTOR('',#13874,10.);
#3479=VECTOR('',#13875,10.);
#3480=VECTOR('',#13878,10.);
#3481=VECTOR('',#13879,10.);
#3482=VECTOR('',#13880,10.);
#3483=VECTOR('',#13883,10.);
#3484=VECTOR('',#13884,10.);
#3485=VECTOR('',#13885,10.);
#3486=VECTOR('',#13888,10.);
#3487=VECTOR('',#13889,10.);
#3488=VECTOR('',#13890,10.);
#3489=VECTOR('',#13893,10.);
#3490=VECTOR('',#13894,10.);
#3491=VECTOR('',#13895,10.);
#3492=VECTOR('',#13898,10.);
#3493=VECTOR('',#13899,10.);
#3494=VECTOR('',#13900,10.);
#3495=VECTOR('',#13903,10.);
#3496=VECTOR('',#13904,10.);
#3497=VECTOR('',#13905,10.);
#3498=VECTOR('',#13908,10.);
#3499=VECTOR('',#13909,10.);
#3500=VECTOR('',#13910,10.);
#3501=VECTOR('',#13913,10.);
#3502=VECTOR('',#13914,10.);
#3503=VECTOR('',#13915,10.);
#3504=VECTOR('',#13918,10.);
#3505=VECTOR('',#13919,10.);
#3506=VECTOR('',#13920,10.);
#3507=VECTOR('',#13923,10.);
#3508=VECTOR('',#13924,10.);
#3509=VECTOR('',#13925,10.);
#3510=VECTOR('',#13928,10.);
#3511=VECTOR('',#13929,10.);
#3512=VECTOR('',#13930,10.);
#3513=VECTOR('',#13933,10.);
#3514=VECTOR('',#13934,10.);
#3515=VECTOR('',#13935,10.);
#3516=VECTOR('',#13938,10.);
#3517=VECTOR('',#13939,10.);
#3518=VECTOR('',#13940,10.);
#3519=VECTOR('',#13943,10.);
#3520=VECTOR('',#13944,10.);
#3521=VECTOR('',#13945,10.);
#3522=VECTOR('',#13948,10.);
#3523=VECTOR('',#13949,10.);
#3524=VECTOR('',#13950,10.);
#3525=VECTOR('',#13953,10.);
#3526=VECTOR('',#13954,10.);
#3527=VECTOR('',#13955,10.);
#3528=VECTOR('',#13958,10.);
#3529=VECTOR('',#13959,10.);
#3530=VECTOR('',#13960,10.);
#3531=VECTOR('',#13963,10.);
#3532=VECTOR('',#13964,10.);
#3533=VECTOR('',#13965,10.);
#3534=VECTOR('',#13968,10.);
#3535=VECTOR('',#13969,10.);
#3536=VECTOR('',#13970,10.);
#3537=VECTOR('',#13973,10.);
#3538=VECTOR('',#13974,10.);
#3539=VECTOR('',#13975,10.);
#3540=VECTOR('',#13978,10.);
#3541=VECTOR('',#13979,10.);
#3542=VECTOR('',#13980,10.);
#3543=VECTOR('',#13983,10.);
#3544=VECTOR('',#13984,10.);
#3545=VECTOR('',#13985,10.);
#3546=VECTOR('',#13988,10.);
#3547=VECTOR('',#13989,10.);
#3548=VECTOR('',#13990,10.);
#3549=VECTOR('',#13993,10.);
#3550=VECTOR('',#13994,10.);
#3551=VECTOR('',#13995,10.);
#3552=VECTOR('',#13998,10.);
#3553=VECTOR('',#13999,10.);
#3554=VECTOR('',#14000,10.);
#3555=VECTOR('',#14003,10.);
#3556=VECTOR('',#14004,10.);
#3557=VECTOR('',#14005,10.);
#3558=VECTOR('',#14008,10.);
#3559=VECTOR('',#14009,10.);
#3560=VECTOR('',#14010,10.);
#3561=VECTOR('',#14013,10.);
#3562=VECTOR('',#14014,10.);
#3563=VECTOR('',#14015,10.);
#3564=VECTOR('',#14018,10.);
#3565=VECTOR('',#14019,10.);
#3566=VECTOR('',#14020,10.);
#3567=VECTOR('',#14023,10.);
#3568=VECTOR('',#14024,10.);
#3569=VECTOR('',#14025,10.);
#3570=VECTOR('',#14028,10.);
#3571=VECTOR('',#14029,10.);
#3572=VECTOR('',#14030,10.);
#3573=VECTOR('',#14033,10.);
#3574=VECTOR('',#14034,10.);
#3575=VECTOR('',#14035,10.);
#3576=VECTOR('',#14038,10.);
#3577=VECTOR('',#14039,10.);
#3578=VECTOR('',#14040,10.);
#3579=VECTOR('',#14043,10.);
#3580=VECTOR('',#14044,10.);
#3581=VECTOR('',#14045,10.);
#3582=VECTOR('',#14048,10.);
#3583=VECTOR('',#14049,10.);
#3584=VECTOR('',#14050,10.);
#3585=VECTOR('',#14053,10.);
#3586=VECTOR('',#14054,10.);
#3587=VECTOR('',#14055,10.);
#3588=VECTOR('',#14058,10.);
#3589=VECTOR('',#14059,10.);
#3590=VECTOR('',#14060,10.);
#3591=VECTOR('',#14063,10.);
#3592=VECTOR('',#14064,10.);
#3593=VECTOR('',#14065,10.);
#3594=VECTOR('',#14068,10.);
#3595=VECTOR('',#14069,10.);
#3596=VECTOR('',#14070,10.);
#3597=VECTOR('',#14073,10.);
#3598=VECTOR('',#14074,10.);
#3599=VECTOR('',#14075,10.);
#3600=VECTOR('',#14078,10.);
#3601=VECTOR('',#14079,10.);
#3602=VECTOR('',#14080,10.);
#3603=VECTOR('',#14083,10.);
#3604=VECTOR('',#14084,10.);
#3605=VECTOR('',#14085,10.);
#3606=VECTOR('',#14088,10.);
#3607=VECTOR('',#14089,10.);
#3608=VECTOR('',#14090,10.);
#3609=VECTOR('',#14093,10.);
#3610=VECTOR('',#14094,10.);
#3611=VECTOR('',#14095,10.);
#3612=VECTOR('',#14098,10.);
#3613=VECTOR('',#14099,10.);
#3614=VECTOR('',#14100,10.);
#3615=VECTOR('',#14103,10.);
#3616=VECTOR('',#14104,10.);
#3617=VECTOR('',#14105,10.);
#3618=VECTOR('',#14108,10.);
#3619=VECTOR('',#14109,10.);
#3620=VECTOR('',#14110,10.);
#3621=VECTOR('',#14113,10.);
#3622=VECTOR('',#14114,10.);
#3623=VECTOR('',#14115,10.);
#3624=VECTOR('',#14118,10.);
#3625=VECTOR('',#14119,10.);
#3626=VECTOR('',#14120,10.);
#3627=VECTOR('',#14123,10.);
#3628=VECTOR('',#14124,10.);
#3629=VECTOR('',#14125,10.);
#3630=VECTOR('',#14128,10.);
#3631=VECTOR('',#14129,10.);
#3632=VECTOR('',#14130,10.);
#3633=VECTOR('',#14133,10.);
#3634=VECTOR('',#14134,10.);
#3635=VECTOR('',#14135,10.);
#3636=VECTOR('',#14138,10.);
#3637=VECTOR('',#14139,10.);
#3638=VECTOR('',#14140,10.);
#3639=VECTOR('',#14143,10.);
#3640=VECTOR('',#14144,10.);
#3641=VECTOR('',#14145,10.);
#3642=VECTOR('',#14148,10.);
#3643=VECTOR('',#14149,10.);
#3644=VECTOR('',#14150,10.);
#3645=VECTOR('',#14153,10.);
#3646=VECTOR('',#14154,10.);
#3647=VECTOR('',#14155,10.);
#3648=VECTOR('',#14158,10.);
#3649=VECTOR('',#14159,10.);
#3650=VECTOR('',#14160,10.);
#3651=VECTOR('',#14163,10.);
#3652=VECTOR('',#14164,10.);
#3653=VECTOR('',#14165,10.);
#3654=VECTOR('',#14168,10.);
#3655=VECTOR('',#14169,10.);
#3656=VECTOR('',#14170,10.);
#3657=VECTOR('',#14173,10.);
#3658=VECTOR('',#14174,10.);
#3659=VECTOR('',#14175,10.);
#3660=VECTOR('',#14178,10.);
#3661=VECTOR('',#14179,10.);
#3662=VECTOR('',#14180,10.);
#3663=VECTOR('',#14183,10.);
#3664=VECTOR('',#14184,10.);
#3665=VECTOR('',#14185,10.);
#3666=VECTOR('',#14188,10.);
#3667=VECTOR('',#14189,10.);
#3668=VECTOR('',#14190,10.);
#3669=VECTOR('',#14193,10.);
#3670=VECTOR('',#14194,10.);
#3671=VECTOR('',#14195,10.);
#3672=VECTOR('',#14198,10.);
#3673=VECTOR('',#14199,10.);
#3674=VECTOR('',#14200,10.);
#3675=VECTOR('',#14203,10.);
#3676=VECTOR('',#14204,10.);
#3677=VECTOR('',#14205,10.);
#3678=VECTOR('',#14208,10.);
#3679=VECTOR('',#14209,10.);
#3680=VECTOR('',#14210,10.);
#3681=VECTOR('',#14213,10.);
#3682=VECTOR('',#14214,10.);
#3683=VECTOR('',#14215,10.);
#3684=VECTOR('',#14218,10.);
#3685=VECTOR('',#14219,10.);
#3686=VECTOR('',#14220,10.);
#3687=VECTOR('',#14223,10.);
#3688=VECTOR('',#14224,10.);
#3689=VECTOR('',#14225,10.);
#3690=VECTOR('',#14228,10.);
#3691=VECTOR('',#14229,10.);
#3692=VECTOR('',#14230,10.);
#3693=VECTOR('',#14233,10.);
#3694=VECTOR('',#14234,10.);
#3695=VECTOR('',#14235,10.);
#3696=VECTOR('',#14238,10.);
#3697=VECTOR('',#14239,10.);
#3698=VECTOR('',#14240,10.);
#3699=VECTOR('',#14243,10.);
#3700=VECTOR('',#14244,10.);
#3701=VECTOR('',#14245,10.);
#3702=VECTOR('',#14248,10.);
#3703=VECTOR('',#14249,10.);
#3704=VECTOR('',#14250,10.);
#3705=VECTOR('',#14253,10.);
#3706=VECTOR('',#14254,10.);
#3707=VECTOR('',#14255,10.);
#3708=VECTOR('',#14258,10.);
#3709=VECTOR('',#14259,10.);
#3710=VECTOR('',#14260,10.);
#3711=VECTOR('',#14263,10.);
#3712=VECTOR('',#14264,10.);
#3713=VECTOR('',#14265,10.);
#3714=VECTOR('',#14268,10.);
#3715=VECTOR('',#14269,10.);
#3716=VECTOR('',#14270,10.);
#3717=VECTOR('',#14273,10.);
#3718=VECTOR('',#14274,10.);
#3719=VECTOR('',#14275,10.);
#3720=VECTOR('',#14278,10.);
#3721=VECTOR('',#14279,10.);
#3722=VECTOR('',#14280,10.);
#3723=VECTOR('',#14283,10.);
#3724=VECTOR('',#14284,10.);
#3725=VECTOR('',#14285,10.);
#3726=VECTOR('',#14288,10.);
#3727=VECTOR('',#14289,10.);
#3728=VECTOR('',#14290,10.);
#3729=VECTOR('',#14293,10.);
#3730=VECTOR('',#14294,10.);
#3731=VECTOR('',#14295,10.);
#3732=VECTOR('',#14298,10.);
#3733=VECTOR('',#14299,10.);
#3734=VECTOR('',#14300,10.);
#3735=VECTOR('',#14303,10.);
#3736=VECTOR('',#14304,10.);
#3737=VECTOR('',#14305,10.);
#3738=VECTOR('',#14308,10.);
#3739=VECTOR('',#14309,10.);
#3740=VECTOR('',#14310,10.);
#3741=VECTOR('',#14313,10.);
#3742=VECTOR('',#14314,10.);
#3743=VECTOR('',#14315,10.);
#3744=VECTOR('',#14318,10.);
#3745=VECTOR('',#14319,10.);
#3746=VECTOR('',#14320,10.);
#3747=VECTOR('',#14323,10.);
#3748=VECTOR('',#14324,10.);
#3749=VECTOR('',#14325,10.);
#3750=VECTOR('',#14328,10.);
#3751=VECTOR('',#14329,10.);
#3752=VECTOR('',#14330,10.);
#3753=VECTOR('',#14333,10.);
#3754=VECTOR('',#14334,10.);
#3755=VECTOR('',#14335,10.);
#3756=VECTOR('',#14338,10.);
#3757=VECTOR('',#14339,10.);
#3758=VECTOR('',#14340,10.);
#3759=VECTOR('',#14343,10.);
#3760=VECTOR('',#14344,10.);
#3761=VECTOR('',#14345,10.);
#3762=VECTOR('',#14348,10.);
#3763=VECTOR('',#14349,10.);
#3764=VECTOR('',#14350,10.);
#3765=VECTOR('',#14353,10.);
#3766=VECTOR('',#14354,10.);
#3767=VECTOR('',#14355,10.);
#3768=VECTOR('',#14358,10.);
#3769=VECTOR('',#14359,10.);
#3770=VECTOR('',#14360,10.);
#3771=VECTOR('',#14363,10.);
#3772=VECTOR('',#14364,10.);
#3773=VECTOR('',#14365,10.);
#3774=VECTOR('',#14368,10.);
#3775=VECTOR('',#14369,10.);
#3776=VECTOR('',#14370,10.);
#3777=VECTOR('',#14373,10.);
#3778=VECTOR('',#14374,10.);
#3779=VECTOR('',#14375,10.);
#3780=VECTOR('',#14378,10.);
#3781=VECTOR('',#14379,10.);
#3782=VECTOR('',#14380,10.);
#3783=VECTOR('',#14383,10.);
#3784=VECTOR('',#14384,10.);
#3785=VECTOR('',#14385,10.);
#3786=VECTOR('',#14388,10.);
#3787=VECTOR('',#14389,10.);
#3788=VECTOR('',#14390,10.);
#3789=VECTOR('',#14393,10.);
#3790=VECTOR('',#14394,10.);
#3791=VECTOR('',#14395,10.);
#3792=VECTOR('',#14398,10.);
#3793=VECTOR('',#14399,10.);
#3794=VECTOR('',#14400,10.);
#3795=VECTOR('',#14403,10.);
#3796=VECTOR('',#14404,10.);
#3797=VECTOR('',#14405,10.);
#3798=VECTOR('',#14408,10.);
#3799=VECTOR('',#14409,10.);
#3800=VECTOR('',#14410,10.);
#3801=VECTOR('',#14413,10.);
#3802=VECTOR('',#14414,10.);
#3803=VECTOR('',#14415,10.);
#3804=VECTOR('',#14418,10.);
#3805=VECTOR('',#14419,10.);
#3806=VECTOR('',#14420,10.);
#3807=VECTOR('',#14423,10.);
#3808=VECTOR('',#14424,10.);
#3809=VECTOR('',#14425,10.);
#3810=VECTOR('',#14428,10.);
#3811=VECTOR('',#14429,10.);
#3812=VECTOR('',#14430,10.);
#3813=VECTOR('',#14433,10.);
#3814=VECTOR('',#14434,10.);
#3815=VECTOR('',#14435,10.);
#3816=VECTOR('',#14438,10.);
#3817=VECTOR('',#14439,10.);
#3818=VECTOR('',#14440,10.);
#3819=VECTOR('',#14443,10.);
#3820=VECTOR('',#14444,10.);
#3821=VECTOR('',#14445,10.);
#3822=VECTOR('',#14448,10.);
#3823=VECTOR('',#14449,10.);
#3824=VECTOR('',#14450,10.);
#3825=VECTOR('',#14453,10.);
#3826=VECTOR('',#14454,10.);
#3827=VECTOR('',#14455,10.);
#3828=VECTOR('',#14458,10.);
#3829=VECTOR('',#14459,10.);
#3830=VECTOR('',#14460,10.);
#3831=VECTOR('',#14463,10.);
#3832=VECTOR('',#14464,10.);
#3833=VECTOR('',#14465,10.);
#3834=VECTOR('',#14468,10.);
#3835=VECTOR('',#14469,10.);
#3836=VECTOR('',#14470,10.);
#3837=VECTOR('',#14473,10.);
#3838=VECTOR('',#14474,10.);
#3839=VECTOR('',#14475,10.);
#3840=VECTOR('',#14478,10.);
#3841=VECTOR('',#14479,10.);
#3842=VECTOR('',#14480,10.);
#3843=VECTOR('',#14483,10.);
#3844=VECTOR('',#14484,10.);
#3845=VECTOR('',#14485,10.);
#3846=VECTOR('',#14488,10.);
#3847=VECTOR('',#14489,10.);
#3848=VECTOR('',#14490,10.);
#3849=VECTOR('',#14493,10.);
#3850=VECTOR('',#14494,10.);
#3851=VECTOR('',#14495,10.);
#3852=VECTOR('',#14498,10.);
#3853=VECTOR('',#14499,10.);
#3854=VECTOR('',#14500,10.);
#3855=VECTOR('',#14503,10.);
#3856=VECTOR('',#14504,10.);
#3857=VECTOR('',#14505,10.);
#3858=VECTOR('',#14508,10.);
#3859=VECTOR('',#14509,10.);
#3860=VECTOR('',#14510,10.);
#3861=VECTOR('',#14513,10.);
#3862=VECTOR('',#14514,10.);
#3863=VECTOR('',#14515,10.);
#3864=VECTOR('',#14518,10.);
#3865=VECTOR('',#14519,10.);
#3866=VECTOR('',#14520,10.);
#3867=VECTOR('',#14523,10.);
#3868=VECTOR('',#14524,10.);
#3869=VECTOR('',#14525,10.);
#3870=VECTOR('',#14528,10.);
#3871=VECTOR('',#14529,10.);
#3872=VECTOR('',#14530,10.);
#3873=VECTOR('',#14533,10.);
#3874=VECTOR('',#14534,10.);
#3875=VECTOR('',#14535,10.);
#3876=VECTOR('',#14538,10.);
#3877=VECTOR('',#14539,10.);
#3878=VECTOR('',#14540,10.);
#3879=VECTOR('',#14543,10.);
#3880=VECTOR('',#14544,10.);
#3881=VECTOR('',#14545,10.);
#3882=VECTOR('',#14548,10.);
#3883=VECTOR('',#14549,10.);
#3884=VECTOR('',#14550,10.);
#3885=VECTOR('',#14553,10.);
#3886=VECTOR('',#14554,10.);
#3887=VECTOR('',#14555,10.);
#3888=VECTOR('',#14558,10.);
#3889=VECTOR('',#14559,10.);
#3890=VECTOR('',#14560,10.);
#3891=VECTOR('',#14563,10.);
#3892=VECTOR('',#14564,10.);
#3893=VECTOR('',#14565,10.);
#3894=VECTOR('',#14568,10.);
#3895=VECTOR('',#14569,10.);
#3896=VECTOR('',#14570,10.);
#3897=VECTOR('',#14573,10.);
#3898=VECTOR('',#14574,10.);
#3899=VECTOR('',#14575,10.);
#3900=VECTOR('',#14578,10.);
#3901=VECTOR('',#14579,10.);
#3902=VECTOR('',#14580,10.);
#3903=VECTOR('',#14583,10.);
#3904=VECTOR('',#14584,10.);
#3905=VECTOR('',#14585,10.);
#3906=VECTOR('',#14588,10.);
#3907=VECTOR('',#14589,10.);
#3908=VECTOR('',#14590,10.);
#3909=VECTOR('',#14593,10.);
#3910=VECTOR('',#14594,10.);
#3911=VECTOR('',#14595,10.);
#3912=VECTOR('',#14598,10.);
#3913=VECTOR('',#14599,10.);
#3914=VECTOR('',#14600,10.);
#3915=VECTOR('',#14603,10.);
#3916=VECTOR('',#14604,10.);
#3917=VECTOR('',#14605,10.);
#3918=VECTOR('',#14608,10.);
#3919=VECTOR('',#14609,10.);
#3920=VECTOR('',#14610,10.);
#3921=VECTOR('',#14613,10.);
#3922=VECTOR('',#14614,10.);
#3923=VECTOR('',#14615,10.);
#3924=VECTOR('',#14618,10.);
#3925=VECTOR('',#14619,10.);
#3926=VECTOR('',#14620,10.);
#3927=VECTOR('',#14623,10.);
#3928=VECTOR('',#14624,10.);
#3929=VECTOR('',#14625,10.);
#3930=VECTOR('',#14628,10.);
#3931=VECTOR('',#14629,10.);
#3932=VECTOR('',#14630,10.);
#3933=VECTOR('',#14633,10.);
#3934=VECTOR('',#14634,10.);
#3935=VECTOR('',#14635,10.);
#3936=VECTOR('',#14638,10.);
#3937=VECTOR('',#14639,10.);
#3938=VECTOR('',#14640,10.);
#3939=VECTOR('',#14643,10.);
#3940=VECTOR('',#14644,10.);
#3941=VECTOR('',#14645,10.);
#3942=VECTOR('',#14648,10.);
#3943=VECTOR('',#14649,10.);
#3944=VECTOR('',#14650,10.);
#3945=VECTOR('',#14653,10.);
#3946=VECTOR('',#14654,10.);
#3947=VECTOR('',#14655,10.);
#3948=VECTOR('',#14658,10.);
#3949=VECTOR('',#14659,10.);
#3950=VECTOR('',#14660,10.);
#3951=VECTOR('',#14663,10.);
#3952=VECTOR('',#14664,10.);
#3953=VECTOR('',#14665,10.);
#3954=VECTOR('',#14668,10.);
#3955=VECTOR('',#14669,10.);
#3956=VECTOR('',#14670,10.);
#3957=VECTOR('',#14673,10.);
#3958=VECTOR('',#14674,10.);
#3959=VECTOR('',#14675,10.);
#3960=VECTOR('',#14678,10.);
#3961=VECTOR('',#14679,10.);
#3962=VECTOR('',#14680,10.);
#3963=VECTOR('',#14683,10.);
#3964=VECTOR('',#14684,10.);
#3965=VECTOR('',#14685,10.);
#3966=VECTOR('',#14688,10.);
#3967=VECTOR('',#14689,10.);
#3968=VECTOR('',#14690,10.);
#3969=VECTOR('',#14693,10.);
#3970=VECTOR('',#14694,10.);
#3971=VECTOR('',#14695,10.);
#3972=VECTOR('',#14698,10.);
#3973=VECTOR('',#14699,10.);
#3974=VECTOR('',#14700,10.);
#3975=VECTOR('',#14703,10.);
#3976=VECTOR('',#14704,10.);
#3977=VECTOR('',#14705,10.);
#3978=VECTOR('',#14708,10.);
#3979=VECTOR('',#14709,10.);
#3980=VECTOR('',#14710,10.);
#3981=VECTOR('',#14713,10.);
#3982=VECTOR('',#14714,10.);
#3983=VECTOR('',#14715,10.);
#3984=VECTOR('',#14718,10.);
#3985=VECTOR('',#14719,10.);
#3986=VECTOR('',#14720,10.);
#3987=VECTOR('',#14723,10.);
#3988=VECTOR('',#14724,10.);
#3989=VECTOR('',#14725,10.);
#3990=VECTOR('',#14732,10.);
#3991=VECTOR('',#14735,10.);
#3992=VECTOR('',#14736,10.);
#3993=VECTOR('',#14737,10.);
#3994=VECTOR('',#14740,10.);
#3995=VECTOR('',#14741,10.);
#3996=VECTOR('',#14742,10.);
#3997=VECTOR('',#14745,10.);
#3998=VECTOR('',#14746,10.);
#3999=VECTOR('',#14747,10.);
#4000=VECTOR('',#14750,10.);
#4001=VECTOR('',#14751,10.);
#4002=VECTOR('',#14752,10.);
#4003=VECTOR('',#14755,10.);
#4004=VECTOR('',#14756,10.);
#4005=VECTOR('',#14757,10.);
#4006=VECTOR('',#14760,10.);
#4007=VECTOR('',#14761,10.);
#4008=VECTOR('',#14762,10.);
#4009=VECTOR('',#14765,10.);
#4010=VECTOR('',#14766,10.);
#4011=VECTOR('',#14767,10.);
#4012=VECTOR('',#14770,10.);
#4013=VECTOR('',#14771,10.);
#4014=VECTOR('',#14772,10.);
#4015=VECTOR('',#14775,10.);
#4016=VECTOR('',#14776,10.);
#4017=VECTOR('',#14777,10.);
#4018=VECTOR('',#14780,10.);
#4019=VECTOR('',#14781,10.);
#4020=VECTOR('',#14782,10.);
#4021=VECTOR('',#14785,10.);
#4022=VECTOR('',#14786,10.);
#4023=VECTOR('',#14787,10.);
#4024=VECTOR('',#14790,10.);
#4025=VECTOR('',#14791,10.);
#4026=VECTOR('',#14792,10.);
#4027=VECTOR('',#14795,10.);
#4028=VECTOR('',#14796,10.);
#4029=VECTOR('',#14797,10.);
#4030=VECTOR('',#14800,10.);
#4031=VECTOR('',#14801,10.);
#4032=VECTOR('',#14802,10.);
#4033=VECTOR('',#14805,10.);
#4034=VECTOR('',#14806,10.);
#4035=VECTOR('',#14807,10.);
#4036=VECTOR('',#14810,10.);
#4037=VECTOR('',#14811,10.);
#4038=VECTOR('',#14812,10.);
#4039=VECTOR('',#14815,10.);
#4040=VECTOR('',#14816,10.);
#4041=VECTOR('',#14817,10.);
#4042=VECTOR('',#14820,10.);
#4043=VECTOR('',#14821,10.);
#4044=VECTOR('',#14822,10.);
#4045=VECTOR('',#14825,10.);
#4046=VECTOR('',#14826,10.);
#4047=VECTOR('',#14827,10.);
#4048=VECTOR('',#14830,10.);
#4049=VECTOR('',#14831,10.);
#4050=VECTOR('',#14832,10.);
#4051=VECTOR('',#14835,10.);
#4052=VECTOR('',#14836,10.);
#4053=VECTOR('',#14837,10.);
#4054=VECTOR('',#14840,10.);
#4055=VECTOR('',#14841,10.);
#4056=VECTOR('',#14842,10.);
#4057=VECTOR('',#14845,10.);
#4058=VECTOR('',#14846,10.);
#4059=VECTOR('',#14847,10.);
#4060=VECTOR('',#14850,10.);
#4061=VECTOR('',#14851,10.);
#4062=VECTOR('',#14852,10.);
#4063=VECTOR('',#14855,10.);
#4064=VECTOR('',#14856,10.);
#4065=VECTOR('',#14857,10.);
#4066=VECTOR('',#14860,10.);
#4067=VECTOR('',#14861,10.);
#4068=VECTOR('',#14862,10.);
#4069=VECTOR('',#14865,10.);
#4070=VECTOR('',#14866,10.);
#4071=VECTOR('',#14867,10.);
#4072=VECTOR('',#14870,10.);
#4073=VECTOR('',#14871,10.);
#4074=VECTOR('',#14872,10.);
#4075=VECTOR('',#14875,10.);
#4076=VECTOR('',#14876,10.);
#4077=VECTOR('',#14877,10.);
#4078=VECTOR('',#14880,10.);
#4079=VECTOR('',#14881,10.);
#4080=VECTOR('',#14882,10.);
#4081=VECTOR('',#14885,10.);
#4082=VECTOR('',#14886,10.);
#4083=VECTOR('',#14887,10.);
#4084=VECTOR('',#14890,10.);
#4085=VECTOR('',#14891,10.);
#4086=VECTOR('',#14892,10.);
#4087=VECTOR('',#14895,10.);
#4088=VECTOR('',#14896,10.);
#4089=VECTOR('',#14897,10.);
#4090=VECTOR('',#14900,10.);
#4091=VECTOR('',#14901,10.);
#4092=VECTOR('',#14902,10.);
#4093=VECTOR('',#14905,10.);
#4094=VECTOR('',#14906,10.);
#4095=VECTOR('',#14907,10.);
#4096=VECTOR('',#14910,10.);
#4097=VECTOR('',#14911,10.);
#4098=VECTOR('',#14912,10.);
#4099=VECTOR('',#14915,10.);
#4100=VECTOR('',#14916,10.);
#4101=VECTOR('',#14917,10.);
#4102=VECTOR('',#14920,10.);
#4103=VECTOR('',#14921,10.);
#4104=VECTOR('',#14922,10.);
#4105=VECTOR('',#14925,10.);
#4106=VECTOR('',#14926,10.);
#4107=VECTOR('',#14927,10.);
#4108=VECTOR('',#14930,10.);
#4109=VECTOR('',#14931,10.);
#4110=VECTOR('',#14932,10.);
#4111=VECTOR('',#14935,10.);
#4112=VECTOR('',#14936,10.);
#4113=VECTOR('',#14937,10.);
#4114=VECTOR('',#14940,10.);
#4115=VECTOR('',#14941,10.);
#4116=VECTOR('',#14942,10.);
#4117=VECTOR('',#14945,10.);
#4118=VECTOR('',#14946,10.);
#4119=VECTOR('',#14947,10.);
#4120=VECTOR('',#14950,10.);
#4121=VECTOR('',#14951,10.);
#4122=VECTOR('',#14952,10.);
#4123=VECTOR('',#14955,10.);
#4124=VECTOR('',#14956,10.);
#4125=VECTOR('',#14957,10.);
#4126=VECTOR('',#14960,10.);
#4127=VECTOR('',#14961,10.);
#4128=VECTOR('',#14962,10.);
#4129=VECTOR('',#14965,10.);
#4130=VECTOR('',#14966,10.);
#4131=VECTOR('',#14967,10.);
#4132=VECTOR('',#14970,10.);
#4133=VECTOR('',#14971,10.);
#4134=VECTOR('',#14972,10.);
#4135=VECTOR('',#14975,10.);
#4136=VECTOR('',#14976,10.);
#4137=VECTOR('',#14977,10.);
#4138=VECTOR('',#14980,10.);
#4139=VECTOR('',#14981,10.);
#4140=VECTOR('',#14982,10.);
#4141=VECTOR('',#14985,10.);
#4142=VECTOR('',#14986,10.);
#4143=VECTOR('',#14987,10.);
#4144=VECTOR('',#14990,10.);
#4145=VECTOR('',#14991,10.);
#4146=VECTOR('',#14992,10.);
#4147=VECTOR('',#14995,10.);
#4148=VECTOR('',#14996,10.);
#4149=VECTOR('',#14997,10.);
#4150=VECTOR('',#15000,10.);
#4151=VECTOR('',#15001,10.);
#4152=VECTOR('',#15002,10.);
#4153=VECTOR('',#15005,10.);
#4154=VECTOR('',#15006,10.);
#4155=VECTOR('',#15007,10.);
#4156=VECTOR('',#15010,10.);
#4157=VECTOR('',#15011,10.);
#4158=VECTOR('',#15012,10.);
#4159=VECTOR('',#15015,10.);
#4160=VECTOR('',#15016,10.);
#4161=VECTOR('',#15017,10.);
#4162=VECTOR('',#15020,10.);
#4163=VECTOR('',#15021,10.);
#4164=VECTOR('',#15022,10.);
#4165=VECTOR('',#15025,10.);
#4166=VECTOR('',#15026,10.);
#4167=VECTOR('',#15027,10.);
#4168=VECTOR('',#15030,10.);
#4169=VECTOR('',#15031,10.);
#4170=VECTOR('',#15032,10.);
#4171=VECTOR('',#15035,10.);
#4172=VECTOR('',#15036,10.);
#4173=VECTOR('',#15037,10.);
#4174=VECTOR('',#15040,10.);
#4175=VECTOR('',#15041,10.);
#4176=VECTOR('',#15042,10.);
#4177=VECTOR('',#15045,10.);
#4178=VECTOR('',#15046,10.);
#4179=VECTOR('',#15047,10.);
#4180=VECTOR('',#15050,10.);
#4181=VECTOR('',#15051,10.);
#4182=VECTOR('',#15052,10.);
#4183=VECTOR('',#15055,10.);
#4184=VECTOR('',#15056,10.);
#4185=VECTOR('',#15057,10.);
#4186=VECTOR('',#15060,10.);
#4187=VECTOR('',#15061,10.);
#4188=VECTOR('',#15062,10.);
#4189=VECTOR('',#15065,10.);
#4190=VECTOR('',#15066,10.);
#4191=VECTOR('',#15067,10.);
#4192=VECTOR('',#15070,10.);
#4193=VECTOR('',#15071,10.);
#4194=VECTOR('',#15072,10.);
#4195=VECTOR('',#15075,10.);
#4196=VECTOR('',#15076,10.);
#4197=VECTOR('',#15077,10.);
#4198=VECTOR('',#15080,10.);
#4199=VECTOR('',#15081,10.);
#4200=VECTOR('',#15082,10.);
#4201=VECTOR('',#15085,10.);
#4202=VECTOR('',#15086,10.);
#4203=VECTOR('',#15087,10.);
#4204=VECTOR('',#15090,10.);
#4205=VECTOR('',#15091,10.);
#4206=VECTOR('',#15092,10.);
#4207=VECTOR('',#15095,10.);
#4208=VECTOR('',#15096,10.);
#4209=VECTOR('',#15097,10.);
#4210=VECTOR('',#15100,10.);
#4211=VECTOR('',#15101,10.);
#4212=VECTOR('',#15102,10.);
#4213=VECTOR('',#15105,10.);
#4214=VECTOR('',#15106,10.);
#4215=VECTOR('',#15107,10.);
#4216=VECTOR('',#15110,10.);
#4217=VECTOR('',#15111,10.);
#4218=VECTOR('',#15112,10.);
#4219=VECTOR('',#15115,10.);
#4220=VECTOR('',#15116,10.);
#4221=VECTOR('',#15117,10.);
#4222=VECTOR('',#15120,10.);
#4223=VECTOR('',#15121,10.);
#4224=VECTOR('',#15122,10.);
#4225=VECTOR('',#15125,10.);
#4226=VECTOR('',#15126,10.);
#4227=VECTOR('',#15127,10.);
#4228=VECTOR('',#15130,10.);
#4229=VECTOR('',#15131,10.);
#4230=VECTOR('',#15132,10.);
#4231=VECTOR('',#15139,10.);
#4232=VECTOR('',#15142,10.);
#4233=VECTOR('',#15143,10.);
#4234=VECTOR('',#15144,10.);
#4235=VECTOR('',#15147,10.);
#4236=VECTOR('',#15148,10.);
#4237=VECTOR('',#15149,10.);
#4238=VECTOR('',#15152,10.);
#4239=VECTOR('',#15153,10.);
#4240=VECTOR('',#15154,10.);
#4241=VECTOR('',#15157,10.);
#4242=VECTOR('',#15158,10.);
#4243=VECTOR('',#15159,10.);
#4244=VECTOR('',#15162,10.);
#4245=VECTOR('',#15163,10.);
#4246=VECTOR('',#15164,10.);
#4247=VECTOR('',#15167,10.);
#4248=VECTOR('',#15168,10.);
#4249=VECTOR('',#15169,10.);
#4250=VECTOR('',#15172,10.);
#4251=VECTOR('',#15173,10.);
#4252=VECTOR('',#15174,10.);
#4253=VECTOR('',#15177,10.);
#4254=VECTOR('',#15178,10.);
#4255=VECTOR('',#15179,10.);
#4256=VECTOR('',#15182,10.);
#4257=VECTOR('',#15183,10.);
#4258=VECTOR('',#15184,10.);
#4259=VECTOR('',#15187,10.);
#4260=VECTOR('',#15188,10.);
#4261=VECTOR('',#15189,10.);
#4262=VECTOR('',#15192,10.);
#4263=VECTOR('',#15193,10.);
#4264=VECTOR('',#15194,10.);
#4265=VECTOR('',#15197,10.);
#4266=VECTOR('',#15198,10.);
#4267=VECTOR('',#15199,10.);
#4268=VECTOR('',#15202,10.);
#4269=VECTOR('',#15203,10.);
#4270=VECTOR('',#15204,10.);
#4271=VECTOR('',#15207,10.);
#4272=VECTOR('',#15208,10.);
#4273=VECTOR('',#15209,10.);
#4274=VECTOR('',#15212,10.);
#4275=VECTOR('',#15213,10.);
#4276=VECTOR('',#15214,10.);
#4277=VECTOR('',#15221,10.);
#4278=VECTOR('',#15224,10.);
#4279=VECTOR('',#15225,10.);
#4280=VECTOR('',#15226,10.);
#4281=VECTOR('',#15229,10.);
#4282=VECTOR('',#15230,10.);
#4283=VECTOR('',#15231,10.);
#4284=VECTOR('',#15234,10.);
#4285=VECTOR('',#15235,10.);
#4286=VECTOR('',#15236,10.);
#4287=VECTOR('',#15239,10.);
#4288=VECTOR('',#15240,10.);
#4289=VECTOR('',#15241,10.);
#4290=VECTOR('',#15244,10.);
#4291=VECTOR('',#15245,10.);
#4292=VECTOR('',#15246,10.);
#4293=VECTOR('',#15249,10.);
#4294=VECTOR('',#15250,10.);
#4295=VECTOR('',#15251,10.);
#4296=VECTOR('',#15254,10.);
#4297=VECTOR('',#15255,10.);
#4298=VECTOR('',#15256,10.);
#4299=VECTOR('',#15259,10.);
#4300=VECTOR('',#15260,10.);
#4301=VECTOR('',#15261,10.);
#4302=VECTOR('',#15264,10.);
#4303=VECTOR('',#15265,10.);
#4304=VECTOR('',#15266,10.);
#4305=VECTOR('',#15269,10.);
#4306=VECTOR('',#15270,10.);
#4307=VECTOR('',#15271,10.);
#4308=VECTOR('',#15274,10.);
#4309=VECTOR('',#15275,10.);
#4310=VECTOR('',#15276,10.);
#4311=VECTOR('',#15279,10.);
#4312=VECTOR('',#15280,10.);
#4313=VECTOR('',#15281,10.);
#4314=VECTOR('',#15284,10.);
#4315=VECTOR('',#15285,10.);
#4316=VECTOR('',#15286,10.);
#4317=VECTOR('',#15289,10.);
#4318=VECTOR('',#15290,10.);
#4319=VECTOR('',#15291,10.);
#4320=VECTOR('',#15294,10.);
#4321=VECTOR('',#15295,10.);
#4322=VECTOR('',#15296,10.);
#4323=VECTOR('',#15303,10.);
#4324=VECTOR('',#15306,10.);
#4325=VECTOR('',#15307,10.);
#4326=VECTOR('',#15308,10.);
#4327=VECTOR('',#15311,10.);
#4328=VECTOR('',#15312,10.);
#4329=VECTOR('',#15313,10.);
#4330=VECTOR('',#15316,10.);
#4331=VECTOR('',#15317,10.);
#4332=VECTOR('',#15318,10.);
#4333=VECTOR('',#15321,10.);
#4334=VECTOR('',#15322,10.);
#4335=VECTOR('',#15323,10.);
#4336=VECTOR('',#15326,10.);
#4337=VECTOR('',#15327,10.);
#4338=VECTOR('',#15328,10.);
#4339=VECTOR('',#15331,10.);
#4340=VECTOR('',#15332,10.);
#4341=VECTOR('',#15333,10.);
#4342=VECTOR('',#15336,10.);
#4343=VECTOR('',#15337,10.);
#4344=VECTOR('',#15338,10.);
#4345=VECTOR('',#15341,10.);
#4346=VECTOR('',#15342,10.);
#4347=VECTOR('',#15343,10.);
#4348=VECTOR('',#15346,10.);
#4349=VECTOR('',#15347,10.);
#4350=VECTOR('',#15348,10.);
#4351=VECTOR('',#15351,10.);
#4352=VECTOR('',#15352,10.);
#4353=VECTOR('',#15353,10.);
#4354=VECTOR('',#15356,10.);
#4355=VECTOR('',#15357,10.);
#4356=VECTOR('',#15358,10.);
#4357=VECTOR('',#15361,10.);
#4358=VECTOR('',#15362,10.);
#4359=VECTOR('',#15363,10.);
#4360=VECTOR('',#15366,10.);
#4361=VECTOR('',#15367,10.);
#4362=VECTOR('',#15368,10.);
#4363=VECTOR('',#15371,10.);
#4364=VECTOR('',#15372,10.);
#4365=VECTOR('',#15373,10.);
#4366=VECTOR('',#15376,10.);
#4367=VECTOR('',#15377,10.);
#4368=VECTOR('',#15378,10.);
#4369=VECTOR('',#15385,10.);
#4370=VECTOR('',#15388,10.);
#4371=VECTOR('',#15389,10.);
#4372=VECTOR('',#15390,10.);
#4373=VECTOR('',#15393,10.);
#4374=VECTOR('',#15394,10.);
#4375=VECTOR('',#15395,10.);
#4376=VECTOR('',#15398,10.);
#4377=VECTOR('',#15399,10.);
#4378=VECTOR('',#15400,10.);
#4379=VECTOR('',#15403,10.);
#4380=VECTOR('',#15404,10.);
#4381=VECTOR('',#15405,10.);
#4382=VECTOR('',#15408,10.);
#4383=VECTOR('',#15409,10.);
#4384=VECTOR('',#15410,10.);
#4385=VECTOR('',#15413,10.);
#4386=VECTOR('',#15414,10.);
#4387=VECTOR('',#15415,10.);
#4388=VECTOR('',#15418,10.);
#4389=VECTOR('',#15419,10.);
#4390=VECTOR('',#15420,10.);
#4391=VECTOR('',#15423,10.);
#4392=VECTOR('',#15424,10.);
#4393=VECTOR('',#15425,10.);
#4394=VECTOR('',#15428,10.);
#4395=VECTOR('',#15429,10.);
#4396=VECTOR('',#15430,10.);
#4397=VECTOR('',#15433,10.);
#4398=VECTOR('',#15434,10.);
#4399=VECTOR('',#15435,10.);
#4400=VECTOR('',#15438,10.);
#4401=VECTOR('',#15439,10.);
#4402=VECTOR('',#15440,10.);
#4403=VECTOR('',#15443,10.);
#4404=VECTOR('',#15444,10.);
#4405=VECTOR('',#15445,10.);
#4406=VECTOR('',#15448,10.);
#4407=VECTOR('',#15449,10.);
#4408=VECTOR('',#15450,10.);
#4409=VECTOR('',#15453,10.);
#4410=VECTOR('',#15454,10.);
#4411=VECTOR('',#15455,10.);
#4412=VECTOR('',#15458,10.);
#4413=VECTOR('',#15459,10.);
#4414=VECTOR('',#15460,10.);
#4415=VECTOR('',#15467,10.);
#4416=VECTOR('',#15470,10.);
#4417=VECTOR('',#15471,10.);
#4418=VECTOR('',#15472,10.);
#4419=VECTOR('',#15475,10.);
#4420=VECTOR('',#15476,10.);
#4421=VECTOR('',#15477,10.);
#4422=VECTOR('',#15480,10.);
#4423=VECTOR('',#15481,10.);
#4424=VECTOR('',#15482,10.);
#4425=VECTOR('',#15485,10.);
#4426=VECTOR('',#15486,10.);
#4427=VECTOR('',#15487,10.);
#4428=VECTOR('',#15490,10.);
#4429=VECTOR('',#15491,10.);
#4430=VECTOR('',#15492,10.);
#4431=VECTOR('',#15495,10.);
#4432=VECTOR('',#15496,10.);
#4433=VECTOR('',#15497,10.);
#4434=VECTOR('',#15500,10.);
#4435=VECTOR('',#15501,10.);
#4436=VECTOR('',#15502,10.);
#4437=VECTOR('',#15505,10.);
#4438=VECTOR('',#15506,10.);
#4439=VECTOR('',#15507,10.);
#4440=VECTOR('',#15510,10.);
#4441=VECTOR('',#15511,10.);
#4442=VECTOR('',#15512,10.);
#4443=VECTOR('',#15515,10.);
#4444=VECTOR('',#15516,10.);
#4445=VECTOR('',#15517,10.);
#4446=VECTOR('',#15520,10.);
#4447=VECTOR('',#15521,10.);
#4448=VECTOR('',#15522,10.);
#4449=VECTOR('',#15525,10.);
#4450=VECTOR('',#15526,10.);
#4451=VECTOR('',#15527,10.);
#4452=VECTOR('',#15530,10.);
#4453=VECTOR('',#15531,10.);
#4454=VECTOR('',#15532,10.);
#4455=VECTOR('',#15535,10.);
#4456=VECTOR('',#15536,10.);
#4457=VECTOR('',#15537,10.);
#4458=VECTOR('',#15540,10.);
#4459=VECTOR('',#15541,10.);
#4460=VECTOR('',#15542,10.);
#4461=VECTOR('',#15549,10.);
#4462=VECTOR('',#15552,10.);
#4463=VECTOR('',#15553,10.);
#4464=VECTOR('',#15554,10.);
#4465=VECTOR('',#15557,10.);
#4466=VECTOR('',#15558,10.);
#4467=VECTOR('',#15559,10.);
#4468=VECTOR('',#15562,10.);
#4469=VECTOR('',#15563,10.);
#4470=VECTOR('',#15564,10.);
#4471=VECTOR('',#15567,10.);
#4472=VECTOR('',#15568,10.);
#4473=VECTOR('',#15569,10.);
#4474=VECTOR('',#15572,10.);
#4475=VECTOR('',#15573,10.);
#4476=VECTOR('',#15574,10.);
#4477=VECTOR('',#15577,10.);
#4478=VECTOR('',#15578,10.);
#4479=VECTOR('',#15579,10.);
#4480=VECTOR('',#15582,10.);
#4481=VECTOR('',#15583,10.);
#4482=VECTOR('',#15584,10.);
#4483=VECTOR('',#15587,10.);
#4484=VECTOR('',#15588,10.);
#4485=VECTOR('',#15589,10.);
#4486=VECTOR('',#15592,10.);
#4487=VECTOR('',#15593,10.);
#4488=VECTOR('',#15594,10.);
#4489=VECTOR('',#15597,10.);
#4490=VECTOR('',#15598,10.);
#4491=VECTOR('',#15599,10.);
#4492=VECTOR('',#15602,10.);
#4493=VECTOR('',#15603,10.);
#4494=VECTOR('',#15604,10.);
#4495=VECTOR('',#15607,10.);
#4496=VECTOR('',#15608,10.);
#4497=VECTOR('',#15609,10.);
#4498=VECTOR('',#15612,10.);
#4499=VECTOR('',#15613,10.);
#4500=VECTOR('',#15614,10.);
#4501=VECTOR('',#15617,10.);
#4502=VECTOR('',#15618,10.);
#4503=VECTOR('',#15619,10.);
#4504=VECTOR('',#15622,10.);
#4505=VECTOR('',#15623,10.);
#4506=VECTOR('',#15624,10.);
#4507=VECTOR('',#15627,10.);
#4508=VECTOR('',#15628,10.);
#4509=VECTOR('',#15629,10.);
#4510=VECTOR('',#15632,10.);
#4511=VECTOR('',#15633,10.);
#4512=VECTOR('',#15634,10.);
#4513=VECTOR('',#15637,10.);
#4514=VECTOR('',#15638,10.);
#4515=VECTOR('',#15639,10.);
#4516=VECTOR('',#15642,10.);
#4517=VECTOR('',#15643,10.);
#4518=VECTOR('',#15644,10.);
#4519=VECTOR('',#15647,10.);
#4520=VECTOR('',#15648,10.);
#4521=VECTOR('',#15649,10.);
#4522=VECTOR('',#15652,10.);
#4523=VECTOR('',#15653,10.);
#4524=VECTOR('',#15654,10.);
#4525=VECTOR('',#15657,10.);
#4526=VECTOR('',#15658,10.);
#4527=VECTOR('',#15659,10.);
#4528=VECTOR('',#15662,10.);
#4529=VECTOR('',#15663,10.);
#4530=VECTOR('',#15664,10.);
#4531=VECTOR('',#15667,10.);
#4532=VECTOR('',#15668,10.);
#4533=VECTOR('',#15669,10.);
#4534=VECTOR('',#15672,10.);
#4535=VECTOR('',#15673,10.);
#4536=VECTOR('',#15674,10.);
#4537=VECTOR('',#15677,10.);
#4538=VECTOR('',#15678,10.);
#4539=VECTOR('',#15679,10.);
#4540=VECTOR('',#15682,10.);
#4541=VECTOR('',#15683,10.);
#4542=VECTOR('',#15684,10.);
#4543=VECTOR('',#15687,10.);
#4544=VECTOR('',#15688,10.);
#4545=VECTOR('',#15689,10.);
#4546=VECTOR('',#15692,10.);
#4547=VECTOR('',#15693,10.);
#4548=VECTOR('',#15694,10.);
#4549=VECTOR('',#15697,10.);
#4550=VECTOR('',#15698,10.);
#4551=VECTOR('',#15699,10.);
#4552=VECTOR('',#15702,10.);
#4553=VECTOR('',#15703,10.);
#4554=VECTOR('',#15704,10.);
#4555=VECTOR('',#15711,10.);
#4556=VECTOR('',#15714,10.);
#4557=VECTOR('',#15715,10.);
#4558=VECTOR('',#15716,10.);
#4559=VECTOR('',#15719,10.);
#4560=VECTOR('',#15720,10.);
#4561=VECTOR('',#15721,10.);
#4562=VECTOR('',#15724,10.);
#4563=VECTOR('',#15725,10.);
#4564=VECTOR('',#15726,10.);
#4565=VECTOR('',#15729,10.);
#4566=VECTOR('',#15730,10.);
#4567=VECTOR('',#15731,10.);
#4568=VECTOR('',#15734,10.);
#4569=VECTOR('',#15735,10.);
#4570=VECTOR('',#15736,10.);
#4571=VECTOR('',#15739,10.);
#4572=VECTOR('',#15740,10.);
#4573=VECTOR('',#15741,10.);
#4574=VECTOR('',#15744,10.);
#4575=VECTOR('',#15745,10.);
#4576=VECTOR('',#15746,10.);
#4577=VECTOR('',#15749,10.);
#4578=VECTOR('',#15750,10.);
#4579=VECTOR('',#15751,10.);
#4580=VECTOR('',#15754,10.);
#4581=VECTOR('',#15755,10.);
#4582=VECTOR('',#15756,10.);
#4583=VECTOR('',#15759,10.);
#4584=VECTOR('',#15760,10.);
#4585=VECTOR('',#15761,10.);
#4586=VECTOR('',#15764,10.);
#4587=VECTOR('',#15765,10.);
#4588=VECTOR('',#15766,10.);
#4589=VECTOR('',#15769,10.);
#4590=VECTOR('',#15770,10.);
#4591=VECTOR('',#15771,10.);
#4592=VECTOR('',#15774,10.);
#4593=VECTOR('',#15775,10.);
#4594=VECTOR('',#15776,10.);
#4595=VECTOR('',#15779,10.);
#4596=VECTOR('',#15780,10.);
#4597=VECTOR('',#15781,10.);
#4598=VECTOR('',#15784,10.);
#4599=VECTOR('',#15785,10.);
#4600=VECTOR('',#15786,10.);
#4601=VECTOR('',#15793,10.);
#4602=VECTOR('',#15796,10.);
#4603=VECTOR('',#15797,10.);
#4604=VECTOR('',#15798,10.);
#4605=VECTOR('',#15801,10.);
#4606=VECTOR('',#15802,10.);
#4607=VECTOR('',#15803,10.);
#4608=VECTOR('',#15806,10.);
#4609=VECTOR('',#15807,10.);
#4610=VECTOR('',#15808,10.);
#4611=VECTOR('',#15811,10.);
#4612=VECTOR('',#15812,10.);
#4613=VECTOR('',#15813,10.);
#4614=VECTOR('',#15816,10.);
#4615=VECTOR('',#15817,10.);
#4616=VECTOR('',#15818,10.);
#4617=VECTOR('',#15821,10.);
#4618=VECTOR('',#15822,10.);
#4619=VECTOR('',#15823,10.);
#4620=VECTOR('',#15826,10.);
#4621=VECTOR('',#15827,10.);
#4622=VECTOR('',#15828,10.);
#4623=VECTOR('',#15831,10.);
#4624=VECTOR('',#15832,10.);
#4625=VECTOR('',#15833,10.);
#4626=VECTOR('',#15836,10.);
#4627=VECTOR('',#15837,10.);
#4628=VECTOR('',#15838,10.);
#4629=VECTOR('',#15841,10.);
#4630=VECTOR('',#15842,10.);
#4631=VECTOR('',#15843,10.);
#4632=VECTOR('',#15846,10.);
#4633=VECTOR('',#15847,10.);
#4634=VECTOR('',#15848,10.);
#4635=VECTOR('',#15851,10.);
#4636=VECTOR('',#15852,10.);
#4637=VECTOR('',#15853,10.);
#4638=VECTOR('',#15856,10.);
#4639=VECTOR('',#15857,10.);
#4640=VECTOR('',#15858,10.);
#4641=VECTOR('',#15861,10.);
#4642=VECTOR('',#15862,10.);
#4643=VECTOR('',#15863,10.);
#4644=VECTOR('',#15866,10.);
#4645=VECTOR('',#15867,10.);
#4646=VECTOR('',#15868,10.);
#4647=VECTOR('',#15875,10.);
#4648=VECTOR('',#15878,10.);
#4649=VECTOR('',#15879,10.);
#4650=VECTOR('',#15880,10.);
#4651=VECTOR('',#15883,10.);
#4652=VECTOR('',#15884,10.);
#4653=VECTOR('',#15885,10.);
#4654=VECTOR('',#15888,10.);
#4655=VECTOR('',#15889,10.);
#4656=VECTOR('',#15890,10.);
#4657=VECTOR('',#15893,10.);
#4658=VECTOR('',#15894,10.);
#4659=VECTOR('',#15895,10.);
#4660=VECTOR('',#15898,10.);
#4661=VECTOR('',#15899,10.);
#4662=VECTOR('',#15900,10.);
#4663=VECTOR('',#15903,10.);
#4664=VECTOR('',#15904,10.);
#4665=VECTOR('',#15905,10.);
#4666=VECTOR('',#15908,10.);
#4667=VECTOR('',#15909,10.);
#4668=VECTOR('',#15910,10.);
#4669=VECTOR('',#15913,10.);
#4670=VECTOR('',#15914,10.);
#4671=VECTOR('',#15915,10.);
#4672=VECTOR('',#15918,10.);
#4673=VECTOR('',#15919,10.);
#4674=VECTOR('',#15920,10.);
#4675=VECTOR('',#15923,10.);
#4676=VECTOR('',#15924,10.);
#4677=VECTOR('',#15925,10.);
#4678=VECTOR('',#15928,10.);
#4679=VECTOR('',#15929,10.);
#4680=VECTOR('',#15930,10.);
#4681=VECTOR('',#15933,10.);
#4682=VECTOR('',#15934,10.);
#4683=VECTOR('',#15935,10.);
#4684=VECTOR('',#15938,10.);
#4685=VECTOR('',#15939,10.);
#4686=VECTOR('',#15940,10.);
#4687=VECTOR('',#15943,10.);
#4688=VECTOR('',#15944,10.);
#4689=VECTOR('',#15945,10.);
#4690=VECTOR('',#15948,10.);
#4691=VECTOR('',#15949,10.);
#4692=VECTOR('',#15950,10.);
#4693=VERTEX_POINT('',#15963);
#4694=VERTEX_POINT('',#15964);
#4695=VERTEX_POINT('',#15966);
#4696=VERTEX_POINT('',#15968);
#4697=VERTEX_POINT('',#15972);
#4698=VERTEX_POINT('',#15974);
#4699=VERTEX_POINT('',#15978);
#4700=VERTEX_POINT('',#15980);
#4701=VERTEX_POINT('',#15982);
#4702=VERTEX_POINT('',#15984);
#4703=VERTEX_POINT('',#15987);
#4704=VERTEX_POINT('',#15991);
#4705=VERTEX_POINT('',#15995);
#4706=VERTEX_POINT('',#15997);
#4707=VERTEX_POINT('',#16003);
#4708=VERTEX_POINT('',#16007);
#4709=VERTEX_POINT('',#16011);
#4710=VERTEX_POINT('',#16013);
#4711=VERTEX_POINT('',#16018);
#4712=VERTEX_POINT('',#16019);
#4713=VERTEX_POINT('',#16021);
#4714=VERTEX_POINT('',#16023);
#4715=VERTEX_POINT('',#16027);
#4716=VERTEX_POINT('',#16029);
#4717=VERTEX_POINT('',#16033);
#4718=VERTEX_POINT('',#16035);
#4719=VERTEX_POINT('',#16039);
#4720=VERTEX_POINT('',#16041);
#4721=VERTEX_POINT('',#16045);
#4722=VERTEX_POINT('',#16047);
#4723=VERTEX_POINT('',#16051);
#4724=VERTEX_POINT('',#16053);
#4725=VERTEX_POINT('',#16057);
#4726=VERTEX_POINT('',#16059);
#4727=VERTEX_POINT('',#16063);
#4728=VERTEX_POINT('',#16065);
#4729=VERTEX_POINT('',#16069);
#4730=VERTEX_POINT('',#16071);
#4731=VERTEX_POINT('',#16075);
#4732=VERTEX_POINT('',#16077);
#4733=VERTEX_POINT('',#16081);
#4734=VERTEX_POINT('',#16083);
#4735=VERTEX_POINT('',#16087);
#4736=VERTEX_POINT('',#16089);
#4737=VERTEX_POINT('',#16093);
#4738=VERTEX_POINT('',#16095);
#4739=VERTEX_POINT('',#16099);
#4740=VERTEX_POINT('',#16101);
#4741=VERTEX_POINT('',#16105);
#4742=VERTEX_POINT('',#16107);
#4743=VERTEX_POINT('',#16111);
#4744=VERTEX_POINT('',#16113);
#4745=VERTEX_POINT('',#16117);
#4746=VERTEX_POINT('',#16119);
#4747=VERTEX_POINT('',#16123);
#4748=VERTEX_POINT('',#16125);
#4749=VERTEX_POINT('',#16129);
#4750=VERTEX_POINT('',#16131);
#4751=VERTEX_POINT('',#16135);
#4752=VERTEX_POINT('',#16137);
#4753=VERTEX_POINT('',#16141);
#4754=VERTEX_POINT('',#16143);
#4755=VERTEX_POINT('',#16147);
#4756=VERTEX_POINT('',#16149);
#4757=VERTEX_POINT('',#16153);
#4758=VERTEX_POINT('',#16155);
#4759=VERTEX_POINT('',#16159);
#4760=VERTEX_POINT('',#16161);
#4761=VERTEX_POINT('',#16165);
#4762=VERTEX_POINT('',#16167);
#4763=VERTEX_POINT('',#16171);
#4764=VERTEX_POINT('',#16173);
#4765=VERTEX_POINT('',#16177);
#4766=VERTEX_POINT('',#16179);
#4767=VERTEX_POINT('',#16183);
#4768=VERTEX_POINT('',#16185);
#4769=VERTEX_POINT('',#16189);
#4770=VERTEX_POINT('',#16191);
#4771=VERTEX_POINT('',#16195);
#4772=VERTEX_POINT('',#16197);
#4773=VERTEX_POINT('',#16201);
#4774=VERTEX_POINT('',#16203);
#4775=VERTEX_POINT('',#16207);
#4776=VERTEX_POINT('',#16209);
#4777=VERTEX_POINT('',#16213);
#4778=VERTEX_POINT('',#16215);
#4779=VERTEX_POINT('',#16219);
#4780=VERTEX_POINT('',#16221);
#4781=VERTEX_POINT('',#16225);
#4782=VERTEX_POINT('',#16227);
#4783=VERTEX_POINT('',#16231);
#4784=VERTEX_POINT('',#16233);
#4785=VERTEX_POINT('',#16237);
#4786=VERTEX_POINT('',#16239);
#4787=VERTEX_POINT('',#16243);
#4788=VERTEX_POINT('',#16245);
#4789=VERTEX_POINT('',#16249);
#4790=VERTEX_POINT('',#16251);
#4791=VERTEX_POINT('',#16255);
#4792=VERTEX_POINT('',#16257);
#4793=VERTEX_POINT('',#16261);
#4794=VERTEX_POINT('',#16263);
#4795=VERTEX_POINT('',#16267);
#4796=VERTEX_POINT('',#16269);
#4797=VERTEX_POINT('',#16273);
#4798=VERTEX_POINT('',#16275);
#4799=VERTEX_POINT('',#16279);
#4800=VERTEX_POINT('',#16281);
#4801=VERTEX_POINT('',#16285);
#4802=VERTEX_POINT('',#16287);
#4803=VERTEX_POINT('',#16291);
#4804=VERTEX_POINT('',#16293);
#4805=VERTEX_POINT('',#16297);
#4806=VERTEX_POINT('',#16299);
#4807=VERTEX_POINT('',#16303);
#4808=VERTEX_POINT('',#16305);
#4809=VERTEX_POINT('',#16309);
#4810=VERTEX_POINT('',#16311);
#4811=VERTEX_POINT('',#16315);
#4812=VERTEX_POINT('',#16317);
#4813=VERTEX_POINT('',#16321);
#4814=VERTEX_POINT('',#16323);
#4815=VERTEX_POINT('',#16327);
#4816=VERTEX_POINT('',#16329);
#4817=VERTEX_POINT('',#16333);
#4818=VERTEX_POINT('',#16335);
#4819=VERTEX_POINT('',#16339);
#4820=VERTEX_POINT('',#16341);
#4821=VERTEX_POINT('',#16345);
#4822=VERTEX_POINT('',#16347);
#4823=VERTEX_POINT('',#16351);
#4824=VERTEX_POINT('',#16353);
#4825=VERTEX_POINT('',#16357);
#4826=VERTEX_POINT('',#16359);
#4827=VERTEX_POINT('',#16363);
#4828=VERTEX_POINT('',#16365);
#4829=VERTEX_POINT('',#16369);
#4830=VERTEX_POINT('',#16371);
#4831=VERTEX_POINT('',#16375);
#4832=VERTEX_POINT('',#16377);
#4833=VERTEX_POINT('',#16381);
#4834=VERTEX_POINT('',#16383);
#4835=VERTEX_POINT('',#16387);
#4836=VERTEX_POINT('',#16389);
#4837=VERTEX_POINT('',#16393);
#4838=VERTEX_POINT('',#16395);
#4839=VERTEX_POINT('',#16399);
#4840=VERTEX_POINT('',#16401);
#4841=VERTEX_POINT('',#16405);
#4842=VERTEX_POINT('',#16407);
#4843=VERTEX_POINT('',#16411);
#4844=VERTEX_POINT('',#16413);
#4845=VERTEX_POINT('',#16417);
#4846=VERTEX_POINT('',#16419);
#4847=VERTEX_POINT('',#16423);
#4848=VERTEX_POINT('',#16425);
#4849=VERTEX_POINT('',#16429);
#4850=VERTEX_POINT('',#16431);
#4851=VERTEX_POINT('',#16435);
#4852=VERTEX_POINT('',#16437);
#4853=VERTEX_POINT('',#16441);
#4854=VERTEX_POINT('',#16443);
#4855=VERTEX_POINT('',#16447);
#4856=VERTEX_POINT('',#16449);
#4857=VERTEX_POINT('',#16453);
#4858=VERTEX_POINT('',#16455);
#4859=VERTEX_POINT('',#16459);
#4860=VERTEX_POINT('',#16461);
#4861=VERTEX_POINT('',#16465);
#4862=VERTEX_POINT('',#16467);
#4863=VERTEX_POINT('',#16471);
#4864=VERTEX_POINT('',#16473);
#4865=VERTEX_POINT('',#16477);
#4866=VERTEX_POINT('',#16479);
#4867=VERTEX_POINT('',#16483);
#4868=VERTEX_POINT('',#16485);
#4869=VERTEX_POINT('',#16489);
#4870=VERTEX_POINT('',#16491);
#4871=VERTEX_POINT('',#16495);
#4872=VERTEX_POINT('',#16497);
#4873=VERTEX_POINT('',#16501);
#4874=VERTEX_POINT('',#16503);
#4875=VERTEX_POINT('',#16507);
#4876=VERTEX_POINT('',#16509);
#4877=VERTEX_POINT('',#16513);
#4878=VERTEX_POINT('',#16515);
#4879=VERTEX_POINT('',#16519);
#4880=VERTEX_POINT('',#16521);
#4881=VERTEX_POINT('',#16525);
#4882=VERTEX_POINT('',#16527);
#4883=VERTEX_POINT('',#16531);
#4884=VERTEX_POINT('',#16533);
#4885=VERTEX_POINT('',#16537);
#4886=VERTEX_POINT('',#16539);
#4887=VERTEX_POINT('',#16543);
#4888=VERTEX_POINT('',#16545);
#4889=VERTEX_POINT('',#16549);
#4890=VERTEX_POINT('',#16551);
#4891=VERTEX_POINT('',#16555);
#4892=VERTEX_POINT('',#16557);
#4893=VERTEX_POINT('',#16561);
#4894=VERTEX_POINT('',#16563);
#4895=VERTEX_POINT('',#16567);
#4896=VERTEX_POINT('',#16569);
#4897=VERTEX_POINT('',#16573);
#4898=VERTEX_POINT('',#16575);
#4899=VERTEX_POINT('',#16579);
#4900=VERTEX_POINT('',#16581);
#4901=VERTEX_POINT('',#16585);
#4902=VERTEX_POINT('',#16587);
#4903=VERTEX_POINT('',#16591);
#4904=VERTEX_POINT('',#16593);
#4905=VERTEX_POINT('',#16597);
#4906=VERTEX_POINT('',#16599);
#4907=VERTEX_POINT('',#16603);
#4908=VERTEX_POINT('',#16605);
#4909=VERTEX_POINT('',#16609);
#4910=VERTEX_POINT('',#16611);
#4911=VERTEX_POINT('',#16615);
#4912=VERTEX_POINT('',#16617);
#4913=VERTEX_POINT('',#16621);
#4914=VERTEX_POINT('',#16623);
#4915=VERTEX_POINT('',#16627);
#4916=VERTEX_POINT('',#16629);
#4917=VERTEX_POINT('',#16633);
#4918=VERTEX_POINT('',#16635);
#4919=VERTEX_POINT('',#16639);
#4920=VERTEX_POINT('',#16641);
#4921=VERTEX_POINT('',#16645);
#4922=VERTEX_POINT('',#16647);
#4923=VERTEX_POINT('',#16651);
#4924=VERTEX_POINT('',#16653);
#4925=VERTEX_POINT('',#16657);
#4926=VERTEX_POINT('',#16659);
#4927=VERTEX_POINT('',#16663);
#4928=VERTEX_POINT('',#16665);
#4929=VERTEX_POINT('',#16669);
#4930=VERTEX_POINT('',#16671);
#4931=VERTEX_POINT('',#16675);
#4932=VERTEX_POINT('',#16677);
#4933=VERTEX_POINT('',#16681);
#4934=VERTEX_POINT('',#16683);
#4935=VERTEX_POINT('',#16687);
#4936=VERTEX_POINT('',#16689);
#4937=VERTEX_POINT('',#16693);
#4938=VERTEX_POINT('',#16695);
#4939=VERTEX_POINT('',#16699);
#4940=VERTEX_POINT('',#16701);
#4941=VERTEX_POINT('',#16705);
#4942=VERTEX_POINT('',#16707);
#4943=VERTEX_POINT('',#16711);
#4944=VERTEX_POINT('',#16713);
#4945=VERTEX_POINT('',#16717);
#4946=VERTEX_POINT('',#16719);
#4947=VERTEX_POINT('',#16723);
#4948=VERTEX_POINT('',#16725);
#4949=VERTEX_POINT('',#16729);
#4950=VERTEX_POINT('',#16731);
#4951=VERTEX_POINT('',#16735);
#4952=VERTEX_POINT('',#16737);
#4953=VERTEX_POINT('',#16741);
#4954=VERTEX_POINT('',#16743);
#4955=VERTEX_POINT('',#16747);
#4956=VERTEX_POINT('',#16749);
#4957=VERTEX_POINT('',#16753);
#4958=VERTEX_POINT('',#16755);
#4959=VERTEX_POINT('',#16759);
#4960=VERTEX_POINT('',#16761);
#4961=VERTEX_POINT('',#16765);
#4962=VERTEX_POINT('',#16767);
#4963=VERTEX_POINT('',#16771);
#4964=VERTEX_POINT('',#16773);
#4965=VERTEX_POINT('',#16777);
#4966=VERTEX_POINT('',#16779);
#4967=VERTEX_POINT('',#16783);
#4968=VERTEX_POINT('',#16785);
#4969=VERTEX_POINT('',#16789);
#4970=VERTEX_POINT('',#16791);
#4971=VERTEX_POINT('',#16795);
#4972=VERTEX_POINT('',#16797);
#4973=VERTEX_POINT('',#16801);
#4974=VERTEX_POINT('',#16803);
#4975=VERTEX_POINT('',#16807);
#4976=VERTEX_POINT('',#16809);
#4977=VERTEX_POINT('',#16813);
#4978=VERTEX_POINT('',#16815);
#4979=VERTEX_POINT('',#16819);
#4980=VERTEX_POINT('',#16821);
#4981=VERTEX_POINT('',#16825);
#4982=VERTEX_POINT('',#16827);
#4983=VERTEX_POINT('',#16831);
#4984=VERTEX_POINT('',#16833);
#4985=VERTEX_POINT('',#16837);
#4986=VERTEX_POINT('',#16839);
#4987=VERTEX_POINT('',#16843);
#4988=VERTEX_POINT('',#16845);
#4989=VERTEX_POINT('',#16849);
#4990=VERTEX_POINT('',#16851);
#4991=VERTEX_POINT('',#16855);
#4992=VERTEX_POINT('',#16857);
#4993=VERTEX_POINT('',#16861);
#4994=VERTEX_POINT('',#16863);
#4995=VERTEX_POINT('',#16867);
#4996=VERTEX_POINT('',#16869);
#4997=VERTEX_POINT('',#16873);
#4998=VERTEX_POINT('',#16875);
#4999=VERTEX_POINT('',#16879);
#5000=VERTEX_POINT('',#16881);
#5001=VERTEX_POINT('',#16885);
#5002=VERTEX_POINT('',#16887);
#5003=VERTEX_POINT('',#16891);
#5004=VERTEX_POINT('',#16893);
#5005=VERTEX_POINT('',#16897);
#5006=VERTEX_POINT('',#16899);
#5007=VERTEX_POINT('',#16903);
#5008=VERTEX_POINT('',#16905);
#5009=VERTEX_POINT('',#16909);
#5010=VERTEX_POINT('',#16911);
#5011=VERTEX_POINT('',#16915);
#5012=VERTEX_POINT('',#16917);
#5013=VERTEX_POINT('',#16921);
#5014=VERTEX_POINT('',#16923);
#5015=VERTEX_POINT('',#16927);
#5016=VERTEX_POINT('',#16929);
#5017=VERTEX_POINT('',#16933);
#5018=VERTEX_POINT('',#16935);
#5019=VERTEX_POINT('',#16939);
#5020=VERTEX_POINT('',#16941);
#5021=VERTEX_POINT('',#16945);
#5022=VERTEX_POINT('',#16947);
#5023=VERTEX_POINT('',#16951);
#5024=VERTEX_POINT('',#16953);
#5025=VERTEX_POINT('',#16957);
#5026=VERTEX_POINT('',#16959);
#5027=VERTEX_POINT('',#16963);
#5028=VERTEX_POINT('',#16965);
#5029=VERTEX_POINT('',#16969);
#5030=VERTEX_POINT('',#16971);
#5031=VERTEX_POINT('',#16975);
#5032=VERTEX_POINT('',#16977);
#5033=VERTEX_POINT('',#16981);
#5034=VERTEX_POINT('',#16983);
#5035=VERTEX_POINT('',#16987);
#5036=VERTEX_POINT('',#16989);
#5037=VERTEX_POINT('',#16993);
#5038=VERTEX_POINT('',#16995);
#5039=VERTEX_POINT('',#16999);
#5040=VERTEX_POINT('',#17001);
#5041=VERTEX_POINT('',#17005);
#5042=VERTEX_POINT('',#17007);
#5043=VERTEX_POINT('',#17011);
#5044=VERTEX_POINT('',#17013);
#5045=VERTEX_POINT('',#17017);
#5046=VERTEX_POINT('',#17019);
#5047=VERTEX_POINT('',#17023);
#5048=VERTEX_POINT('',#17025);
#5049=VERTEX_POINT('',#17029);
#5050=VERTEX_POINT('',#17031);
#5051=VERTEX_POINT('',#17035);
#5052=VERTEX_POINT('',#17037);
#5053=VERTEX_POINT('',#17041);
#5054=VERTEX_POINT('',#17043);
#5055=VERTEX_POINT('',#17047);
#5056=VERTEX_POINT('',#17049);
#5057=VERTEX_POINT('',#17053);
#5058=VERTEX_POINT('',#17055);
#5059=VERTEX_POINT('',#17059);
#5060=VERTEX_POINT('',#17061);
#5061=VERTEX_POINT('',#17065);
#5062=VERTEX_POINT('',#17067);
#5063=VERTEX_POINT('',#17071);
#5064=VERTEX_POINT('',#17073);
#5065=VERTEX_POINT('',#17077);
#5066=VERTEX_POINT('',#17079);
#5067=VERTEX_POINT('',#17083);
#5068=VERTEX_POINT('',#17085);
#5069=VERTEX_POINT('',#17089);
#5070=VERTEX_POINT('',#17091);
#5071=VERTEX_POINT('',#17095);
#5072=VERTEX_POINT('',#17097);
#5073=VERTEX_POINT('',#17101);
#5074=VERTEX_POINT('',#17103);
#5075=VERTEX_POINT('',#17107);
#5076=VERTEX_POINT('',#17109);
#5077=VERTEX_POINT('',#17113);
#5078=VERTEX_POINT('',#17115);
#5079=VERTEX_POINT('',#17119);
#5080=VERTEX_POINT('',#17121);
#5081=VERTEX_POINT('',#17125);
#5082=VERTEX_POINT('',#17127);
#5083=VERTEX_POINT('',#17131);
#5084=VERTEX_POINT('',#17133);
#5085=VERTEX_POINT('',#17137);
#5086=VERTEX_POINT('',#17139);
#5087=VERTEX_POINT('',#17143);
#5088=VERTEX_POINT('',#17145);
#5089=VERTEX_POINT('',#17149);
#5090=VERTEX_POINT('',#17151);
#5091=VERTEX_POINT('',#17155);
#5092=VERTEX_POINT('',#17157);
#5093=VERTEX_POINT('',#17161);
#5094=VERTEX_POINT('',#17163);
#5095=VERTEX_POINT('',#17167);
#5096=VERTEX_POINT('',#17169);
#5097=VERTEX_POINT('',#17173);
#5098=VERTEX_POINT('',#17175);
#5099=VERTEX_POINT('',#17179);
#5100=VERTEX_POINT('',#17181);
#5101=VERTEX_POINT('',#17185);
#5102=VERTEX_POINT('',#17187);
#5103=VERTEX_POINT('',#17191);
#5104=VERTEX_POINT('',#17193);
#5105=VERTEX_POINT('',#17197);
#5106=VERTEX_POINT('',#17199);
#5107=VERTEX_POINT('',#17203);
#5108=VERTEX_POINT('',#17205);
#5109=VERTEX_POINT('',#17209);
#5110=VERTEX_POINT('',#17211);
#5111=VERTEX_POINT('',#17215);
#5112=VERTEX_POINT('',#17217);
#5113=VERTEX_POINT('',#17221);
#5114=VERTEX_POINT('',#17223);
#5115=VERTEX_POINT('',#17227);
#5116=VERTEX_POINT('',#17229);
#5117=VERTEX_POINT('',#17233);
#5118=VERTEX_POINT('',#17235);
#5119=VERTEX_POINT('',#17239);
#5120=VERTEX_POINT('',#17241);
#5121=VERTEX_POINT('',#17245);
#5122=VERTEX_POINT('',#17247);
#5123=VERTEX_POINT('',#17251);
#5124=VERTEX_POINT('',#17253);
#5125=VERTEX_POINT('',#17257);
#5126=VERTEX_POINT('',#17259);
#5127=VERTEX_POINT('',#17263);
#5128=VERTEX_POINT('',#17265);
#5129=VERTEX_POINT('',#17269);
#5130=VERTEX_POINT('',#17271);
#5131=VERTEX_POINT('',#17275);
#5132=VERTEX_POINT('',#17277);
#5133=VERTEX_POINT('',#17281);
#5134=VERTEX_POINT('',#17283);
#5135=VERTEX_POINT('',#17287);
#5136=VERTEX_POINT('',#17289);
#5137=VERTEX_POINT('',#17293);
#5138=VERTEX_POINT('',#17295);
#5139=VERTEX_POINT('',#17299);
#5140=VERTEX_POINT('',#17301);
#5141=VERTEX_POINT('',#17305);
#5142=VERTEX_POINT('',#17307);
#5143=VERTEX_POINT('',#17311);
#5144=VERTEX_POINT('',#17313);
#5145=VERTEX_POINT('',#17317);
#5146=VERTEX_POINT('',#17319);
#5147=VERTEX_POINT('',#17323);
#5148=VERTEX_POINT('',#17325);
#5149=VERTEX_POINT('',#17329);
#5150=VERTEX_POINT('',#17331);
#5151=VERTEX_POINT('',#17335);
#5152=VERTEX_POINT('',#17337);
#5153=VERTEX_POINT('',#17341);
#5154=VERTEX_POINT('',#17343);
#5155=VERTEX_POINT('',#17347);
#5156=VERTEX_POINT('',#17349);
#5157=VERTEX_POINT('',#17353);
#5158=VERTEX_POINT('',#17355);
#5159=VERTEX_POINT('',#17359);
#5160=VERTEX_POINT('',#17361);
#5161=VERTEX_POINT('',#17365);
#5162=VERTEX_POINT('',#17367);
#5163=VERTEX_POINT('',#17371);
#5164=VERTEX_POINT('',#17373);
#5165=VERTEX_POINT('',#17377);
#5166=VERTEX_POINT('',#17379);
#5167=VERTEX_POINT('',#17383);
#5168=VERTEX_POINT('',#17385);
#5169=VERTEX_POINT('',#17389);
#5170=VERTEX_POINT('',#17391);
#5171=VERTEX_POINT('',#17395);
#5172=VERTEX_POINT('',#17397);
#5173=VERTEX_POINT('',#17401);
#5174=VERTEX_POINT('',#17403);
#5175=VERTEX_POINT('',#17407);
#5176=VERTEX_POINT('',#17409);
#5177=VERTEX_POINT('',#17413);
#5178=VERTEX_POINT('',#17415);
#5179=VERTEX_POINT('',#17419);
#5180=VERTEX_POINT('',#17421);
#5181=VERTEX_POINT('',#17425);
#5182=VERTEX_POINT('',#17427);
#5183=VERTEX_POINT('',#17431);
#5184=VERTEX_POINT('',#17433);
#5185=VERTEX_POINT('',#17437);
#5186=VERTEX_POINT('',#17439);
#5187=VERTEX_POINT('',#17443);
#5188=VERTEX_POINT('',#17445);
#5189=VERTEX_POINT('',#17449);
#5190=VERTEX_POINT('',#17451);
#5191=VERTEX_POINT('',#17455);
#5192=VERTEX_POINT('',#17457);
#5193=VERTEX_POINT('',#17461);
#5194=VERTEX_POINT('',#17463);
#5195=VERTEX_POINT('',#17467);
#5196=VERTEX_POINT('',#17469);
#5197=VERTEX_POINT('',#17473);
#5198=VERTEX_POINT('',#17475);
#5199=VERTEX_POINT('',#17479);
#5200=VERTEX_POINT('',#17481);
#5201=VERTEX_POINT('',#17485);
#5202=VERTEX_POINT('',#17487);
#5203=VERTEX_POINT('',#17491);
#5204=VERTEX_POINT('',#17493);
#5205=VERTEX_POINT('',#17497);
#5206=VERTEX_POINT('',#17499);
#5207=VERTEX_POINT('',#17503);
#5208=VERTEX_POINT('',#17505);
#5209=VERTEX_POINT('',#17509);
#5210=VERTEX_POINT('',#17511);
#5211=VERTEX_POINT('',#17515);
#5212=VERTEX_POINT('',#17517);
#5213=VERTEX_POINT('',#17521);
#5214=VERTEX_POINT('',#17523);
#5215=VERTEX_POINT('',#17527);
#5216=VERTEX_POINT('',#17529);
#5217=VERTEX_POINT('',#17533);
#5218=VERTEX_POINT('',#17535);
#5219=VERTEX_POINT('',#17539);
#5220=VERTEX_POINT('',#17541);
#5221=VERTEX_POINT('',#17545);
#5222=VERTEX_POINT('',#17547);
#5223=VERTEX_POINT('',#17551);
#5224=VERTEX_POINT('',#17553);
#5225=VERTEX_POINT('',#17557);
#5226=VERTEX_POINT('',#17559);
#5227=VERTEX_POINT('',#17563);
#5228=VERTEX_POINT('',#17565);
#5229=VERTEX_POINT('',#17569);
#5230=VERTEX_POINT('',#17571);
#5231=VERTEX_POINT('',#17575);
#5232=VERTEX_POINT('',#17577);
#5233=VERTEX_POINT('',#17581);
#5234=VERTEX_POINT('',#17583);
#5235=VERTEX_POINT('',#17587);
#5236=VERTEX_POINT('',#17589);
#5237=VERTEX_POINT('',#17593);
#5238=VERTEX_POINT('',#17595);
#5239=VERTEX_POINT('',#17599);
#5240=VERTEX_POINT('',#17601);
#5241=VERTEX_POINT('',#17605);
#5242=VERTEX_POINT('',#17607);
#5243=VERTEX_POINT('',#17611);
#5244=VERTEX_POINT('',#17613);
#5245=VERTEX_POINT('',#17617);
#5246=VERTEX_POINT('',#17619);
#5247=VERTEX_POINT('',#17623);
#5248=VERTEX_POINT('',#17625);
#5249=VERTEX_POINT('',#17629);
#5250=VERTEX_POINT('',#17631);
#5251=VERTEX_POINT('',#17635);
#5252=VERTEX_POINT('',#17637);
#5253=VERTEX_POINT('',#17641);
#5254=VERTEX_POINT('',#17643);
#5255=VERTEX_POINT('',#17647);
#5256=VERTEX_POINT('',#17649);
#5257=VERTEX_POINT('',#17653);
#5258=VERTEX_POINT('',#17655);
#5259=VERTEX_POINT('',#17659);
#5260=VERTEX_POINT('',#17661);
#5261=VERTEX_POINT('',#17665);
#5262=VERTEX_POINT('',#17667);
#5263=VERTEX_POINT('',#17671);
#5264=VERTEX_POINT('',#17673);
#5265=VERTEX_POINT('',#17677);
#5266=VERTEX_POINT('',#17679);
#5267=VERTEX_POINT('',#17683);
#5268=VERTEX_POINT('',#17685);
#5269=VERTEX_POINT('',#17689);
#5270=VERTEX_POINT('',#17691);
#5271=VERTEX_POINT('',#17695);
#5272=VERTEX_POINT('',#17697);
#5273=VERTEX_POINT('',#17701);
#5274=VERTEX_POINT('',#17703);
#5275=VERTEX_POINT('',#17707);
#5276=VERTEX_POINT('',#17709);
#5277=VERTEX_POINT('',#17713);
#5278=VERTEX_POINT('',#17715);
#5279=VERTEX_POINT('',#17719);
#5280=VERTEX_POINT('',#17721);
#5281=VERTEX_POINT('',#17725);
#5282=VERTEX_POINT('',#17727);
#5283=VERTEX_POINT('',#17731);
#5284=VERTEX_POINT('',#17733);
#5285=VERTEX_POINT('',#17737);
#5286=VERTEX_POINT('',#17739);
#5287=VERTEX_POINT('',#17743);
#5288=VERTEX_POINT('',#17745);
#5289=VERTEX_POINT('',#17749);
#5290=VERTEX_POINT('',#17751);
#5291=VERTEX_POINT('',#17755);
#5292=VERTEX_POINT('',#17757);
#5293=VERTEX_POINT('',#17761);
#5294=VERTEX_POINT('',#17763);
#5295=VERTEX_POINT('',#17767);
#5296=VERTEX_POINT('',#17769);
#5297=VERTEX_POINT('',#17773);
#5298=VERTEX_POINT('',#17775);
#5299=VERTEX_POINT('',#17779);
#5300=VERTEX_POINT('',#17781);
#5301=VERTEX_POINT('',#17785);
#5302=VERTEX_POINT('',#17787);
#5303=VERTEX_POINT('',#17791);
#5304=VERTEX_POINT('',#17793);
#5305=VERTEX_POINT('',#17797);
#5306=VERTEX_POINT('',#17799);
#5307=VERTEX_POINT('',#17803);
#5308=VERTEX_POINT('',#17805);
#5309=VERTEX_POINT('',#17809);
#5310=VERTEX_POINT('',#17811);
#5311=VERTEX_POINT('',#17815);
#5312=VERTEX_POINT('',#17817);
#5313=VERTEX_POINT('',#17821);
#5314=VERTEX_POINT('',#17823);
#5315=VERTEX_POINT('',#17827);
#5316=VERTEX_POINT('',#17829);
#5317=VERTEX_POINT('',#17833);
#5318=VERTEX_POINT('',#17835);
#5319=VERTEX_POINT('',#17839);
#5320=VERTEX_POINT('',#17841);
#5321=VERTEX_POINT('',#17845);
#5322=VERTEX_POINT('',#17847);
#5323=VERTEX_POINT('',#17851);
#5324=VERTEX_POINT('',#17853);
#5325=VERTEX_POINT('',#17857);
#5326=VERTEX_POINT('',#17859);
#5327=VERTEX_POINT('',#17863);
#5328=VERTEX_POINT('',#17865);
#5329=VERTEX_POINT('',#17869);
#5330=VERTEX_POINT('',#17871);
#5331=VERTEX_POINT('',#17875);
#5332=VERTEX_POINT('',#17877);
#5333=VERTEX_POINT('',#17881);
#5334=VERTEX_POINT('',#17883);
#5335=VERTEX_POINT('',#17887);
#5336=VERTEX_POINT('',#17889);
#5337=VERTEX_POINT('',#17893);
#5338=VERTEX_POINT('',#17895);
#5339=VERTEX_POINT('',#17899);
#5340=VERTEX_POINT('',#17901);
#5341=VERTEX_POINT('',#17905);
#5342=VERTEX_POINT('',#17907);
#5343=VERTEX_POINT('',#17911);
#5344=VERTEX_POINT('',#17913);
#5345=VERTEX_POINT('',#17917);
#5346=VERTEX_POINT('',#17919);
#5347=VERTEX_POINT('',#17923);
#5348=VERTEX_POINT('',#17925);
#5349=VERTEX_POINT('',#17929);
#5350=VERTEX_POINT('',#17931);
#5351=VERTEX_POINT('',#17935);
#5352=VERTEX_POINT('',#17937);
#5353=VERTEX_POINT('',#17941);
#5354=VERTEX_POINT('',#17943);
#5355=VERTEX_POINT('',#17947);
#5356=VERTEX_POINT('',#17949);
#5357=VERTEX_POINT('',#17953);
#5358=VERTEX_POINT('',#17955);
#5359=VERTEX_POINT('',#17959);
#5360=VERTEX_POINT('',#17961);
#5361=VERTEX_POINT('',#17965);
#5362=VERTEX_POINT('',#17967);
#5363=VERTEX_POINT('',#17971);
#5364=VERTEX_POINT('',#17973);
#5365=VERTEX_POINT('',#17977);
#5366=VERTEX_POINT('',#17979);
#5367=VERTEX_POINT('',#17983);
#5368=VERTEX_POINT('',#17985);
#5369=VERTEX_POINT('',#17989);
#5370=VERTEX_POINT('',#17991);
#5371=VERTEX_POINT('',#17995);
#5372=VERTEX_POINT('',#17997);
#5373=VERTEX_POINT('',#18001);
#5374=VERTEX_POINT('',#18003);
#5375=VERTEX_POINT('',#18007);
#5376=VERTEX_POINT('',#18009);
#5377=VERTEX_POINT('',#18013);
#5378=VERTEX_POINT('',#18015);
#5379=VERTEX_POINT('',#18019);
#5380=VERTEX_POINT('',#18021);
#5381=VERTEX_POINT('',#18025);
#5382=VERTEX_POINT('',#18027);
#5383=VERTEX_POINT('',#18031);
#5384=VERTEX_POINT('',#18033);
#5385=VERTEX_POINT('',#18037);
#5386=VERTEX_POINT('',#18039);
#5387=VERTEX_POINT('',#18043);
#5388=VERTEX_POINT('',#18045);
#5389=VERTEX_POINT('',#18049);
#5390=VERTEX_POINT('',#18051);
#5391=VERTEX_POINT('',#18055);
#5392=VERTEX_POINT('',#18057);
#5393=VERTEX_POINT('',#18061);
#5394=VERTEX_POINT('',#18063);
#5395=VERTEX_POINT('',#18067);
#5396=VERTEX_POINT('',#18069);
#5397=VERTEX_POINT('',#18073);
#5398=VERTEX_POINT('',#18075);
#5399=VERTEX_POINT('',#18079);
#5400=VERTEX_POINT('',#18081);
#5401=VERTEX_POINT('',#18085);
#5402=VERTEX_POINT('',#18087);
#5403=VERTEX_POINT('',#18091);
#5404=VERTEX_POINT('',#18093);
#5405=VERTEX_POINT('',#18097);
#5406=VERTEX_POINT('',#18099);
#5407=VERTEX_POINT('',#18103);
#5408=VERTEX_POINT('',#18105);
#5409=VERTEX_POINT('',#18109);
#5410=VERTEX_POINT('',#18111);
#5411=VERTEX_POINT('',#18115);
#5412=VERTEX_POINT('',#18117);
#5413=VERTEX_POINT('',#18121);
#5414=VERTEX_POINT('',#18123);
#5415=VERTEX_POINT('',#18127);
#5416=VERTEX_POINT('',#18129);
#5417=VERTEX_POINT('',#18133);
#5418=VERTEX_POINT('',#18135);
#5419=VERTEX_POINT('',#18139);
#5420=VERTEX_POINT('',#18141);
#5421=VERTEX_POINT('',#18145);
#5422=VERTEX_POINT('',#18147);
#5423=VERTEX_POINT('',#18151);
#5424=VERTEX_POINT('',#18153);
#5425=VERTEX_POINT('',#18157);
#5426=VERTEX_POINT('',#18159);
#5427=VERTEX_POINT('',#18163);
#5428=VERTEX_POINT('',#18165);
#5429=VERTEX_POINT('',#18169);
#5430=VERTEX_POINT('',#18171);
#5431=VERTEX_POINT('',#18175);
#5432=VERTEX_POINT('',#18177);
#5433=VERTEX_POINT('',#18181);
#5434=VERTEX_POINT('',#18183);
#5435=VERTEX_POINT('',#18187);
#5436=VERTEX_POINT('',#18189);
#5437=VERTEX_POINT('',#18193);
#5438=VERTEX_POINT('',#18195);
#5439=VERTEX_POINT('',#18199);
#5440=VERTEX_POINT('',#18201);
#5441=VERTEX_POINT('',#18205);
#5442=VERTEX_POINT('',#18207);
#5443=VERTEX_POINT('',#18211);
#5444=VERTEX_POINT('',#18213);
#5445=VERTEX_POINT('',#18217);
#5446=VERTEX_POINT('',#18219);
#5447=VERTEX_POINT('',#18223);
#5448=VERTEX_POINT('',#18225);
#5449=VERTEX_POINT('',#18229);
#5450=VERTEX_POINT('',#18231);
#5451=VERTEX_POINT('',#18235);
#5452=VERTEX_POINT('',#18237);
#5453=VERTEX_POINT('',#18241);
#5454=VERTEX_POINT('',#18243);
#5455=VERTEX_POINT('',#18247);
#5456=VERTEX_POINT('',#18249);
#5457=VERTEX_POINT('',#18253);
#5458=VERTEX_POINT('',#18255);
#5459=VERTEX_POINT('',#18259);
#5460=VERTEX_POINT('',#18261);
#5461=VERTEX_POINT('',#18265);
#5462=VERTEX_POINT('',#18267);
#5463=VERTEX_POINT('',#18271);
#5464=VERTEX_POINT('',#18273);
#5465=VERTEX_POINT('',#18277);
#5466=VERTEX_POINT('',#18279);
#5467=VERTEX_POINT('',#18283);
#5468=VERTEX_POINT('',#18285);
#5469=VERTEX_POINT('',#18289);
#5470=VERTEX_POINT('',#18291);
#5471=VERTEX_POINT('',#18295);
#5472=VERTEX_POINT('',#18297);
#5473=VERTEX_POINT('',#18301);
#5474=VERTEX_POINT('',#18303);
#5475=VERTEX_POINT('',#18307);
#5476=VERTEX_POINT('',#18309);
#5477=VERTEX_POINT('',#18313);
#5478=VERTEX_POINT('',#18315);
#5479=VERTEX_POINT('',#18319);
#5480=VERTEX_POINT('',#18321);
#5481=VERTEX_POINT('',#18325);
#5482=VERTEX_POINT('',#18327);
#5483=VERTEX_POINT('',#18331);
#5484=VERTEX_POINT('',#18333);
#5485=VERTEX_POINT('',#18337);
#5486=VERTEX_POINT('',#18339);
#5487=VERTEX_POINT('',#18343);
#5488=VERTEX_POINT('',#18345);
#5489=VERTEX_POINT('',#18349);
#5490=VERTEX_POINT('',#18351);
#5491=VERTEX_POINT('',#18355);
#5492=VERTEX_POINT('',#18357);
#5493=VERTEX_POINT('',#18361);
#5494=VERTEX_POINT('',#18363);
#5495=VERTEX_POINT('',#18367);
#5496=VERTEX_POINT('',#18369);
#5497=VERTEX_POINT('',#18373);
#5498=VERTEX_POINT('',#18375);
#5499=VERTEX_POINT('',#18379);
#5500=VERTEX_POINT('',#18381);
#5501=VERTEX_POINT('',#18385);
#5502=VERTEX_POINT('',#18387);
#5503=VERTEX_POINT('',#18391);
#5504=VERTEX_POINT('',#18393);
#5505=VERTEX_POINT('',#18397);
#5506=VERTEX_POINT('',#18399);
#5507=VERTEX_POINT('',#18403);
#5508=VERTEX_POINT('',#18405);
#5509=VERTEX_POINT('',#18409);
#5510=VERTEX_POINT('',#18411);
#5511=VERTEX_POINT('',#18415);
#5512=VERTEX_POINT('',#18417);
#5513=VERTEX_POINT('',#18421);
#5514=VERTEX_POINT('',#18423);
#5515=VERTEX_POINT('',#18427);
#5516=VERTEX_POINT('',#18429);
#5517=VERTEX_POINT('',#18433);
#5518=VERTEX_POINT('',#18435);
#5519=VERTEX_POINT('',#18439);
#5520=VERTEX_POINT('',#18441);
#5521=VERTEX_POINT('',#18445);
#5522=VERTEX_POINT('',#18447);
#5523=VERTEX_POINT('',#18451);
#5524=VERTEX_POINT('',#18453);
#5525=VERTEX_POINT('',#18457);
#5526=VERTEX_POINT('',#18459);
#5527=VERTEX_POINT('',#18463);
#5528=VERTEX_POINT('',#18465);
#5529=VERTEX_POINT('',#18469);
#5530=VERTEX_POINT('',#18471);
#5531=VERTEX_POINT('',#18475);
#5532=VERTEX_POINT('',#18477);
#5533=VERTEX_POINT('',#18481);
#5534=VERTEX_POINT('',#18483);
#5535=VERTEX_POINT('',#18487);
#5536=VERTEX_POINT('',#18489);
#5537=VERTEX_POINT('',#18493);
#5538=VERTEX_POINT('',#18495);
#5539=VERTEX_POINT('',#18499);
#5540=VERTEX_POINT('',#18501);
#5541=VERTEX_POINT('',#18505);
#5542=VERTEX_POINT('',#18507);
#5543=VERTEX_POINT('',#18511);
#5544=VERTEX_POINT('',#18513);
#5545=VERTEX_POINT('',#18517);
#5546=VERTEX_POINT('',#18519);
#5547=VERTEX_POINT('',#18523);
#5548=VERTEX_POINT('',#18525);
#5549=VERTEX_POINT('',#18529);
#5550=VERTEX_POINT('',#18531);
#5551=VERTEX_POINT('',#18535);
#5552=VERTEX_POINT('',#18537);
#5553=VERTEX_POINT('',#18541);
#5554=VERTEX_POINT('',#18543);
#5555=VERTEX_POINT('',#18547);
#5556=VERTEX_POINT('',#18549);
#5557=VERTEX_POINT('',#18553);
#5558=VERTEX_POINT('',#18555);
#5559=VERTEX_POINT('',#18559);
#5560=VERTEX_POINT('',#18561);
#5561=VERTEX_POINT('',#18565);
#5562=VERTEX_POINT('',#18567);
#5563=VERTEX_POINT('',#18571);
#5564=VERTEX_POINT('',#18573);
#5565=VERTEX_POINT('',#18577);
#5566=VERTEX_POINT('',#18579);
#5567=VERTEX_POINT('',#18583);
#5568=VERTEX_POINT('',#18585);
#5569=VERTEX_POINT('',#18589);
#5570=VERTEX_POINT('',#18591);
#5571=VERTEX_POINT('',#18595);
#5572=VERTEX_POINT('',#18597);
#5573=VERTEX_POINT('',#18601);
#5574=VERTEX_POINT('',#18603);
#5575=VERTEX_POINT('',#18607);
#5576=VERTEX_POINT('',#18609);
#5577=VERTEX_POINT('',#18613);
#5578=VERTEX_POINT('',#18615);
#5579=VERTEX_POINT('',#18619);
#5580=VERTEX_POINT('',#18621);
#5581=VERTEX_POINT('',#18625);
#5582=VERTEX_POINT('',#18627);
#5583=VERTEX_POINT('',#18631);
#5584=VERTEX_POINT('',#18633);
#5585=VERTEX_POINT('',#18637);
#5586=VERTEX_POINT('',#18639);
#5587=VERTEX_POINT('',#18643);
#5588=VERTEX_POINT('',#18645);
#5589=VERTEX_POINT('',#18649);
#5590=VERTEX_POINT('',#18651);
#5591=VERTEX_POINT('',#18655);
#5592=VERTEX_POINT('',#18657);
#5593=VERTEX_POINT('',#18661);
#5594=VERTEX_POINT('',#18663);
#5595=VERTEX_POINT('',#18667);
#5596=VERTEX_POINT('',#18669);
#5597=VERTEX_POINT('',#18673);
#5598=VERTEX_POINT('',#18675);
#5599=VERTEX_POINT('',#18679);
#5600=VERTEX_POINT('',#18681);
#5601=VERTEX_POINT('',#18685);
#5602=VERTEX_POINT('',#18687);
#5603=VERTEX_POINT('',#18691);
#5604=VERTEX_POINT('',#18693);
#5605=VERTEX_POINT('',#18697);
#5606=VERTEX_POINT('',#18699);
#5607=VERTEX_POINT('',#18703);
#5608=VERTEX_POINT('',#18705);
#5609=VERTEX_POINT('',#18709);
#5610=VERTEX_POINT('',#18711);
#5611=VERTEX_POINT('',#18715);
#5612=VERTEX_POINT('',#18717);
#5613=VERTEX_POINT('',#18721);
#5614=VERTEX_POINT('',#18723);
#5615=VERTEX_POINT('',#18727);
#5616=VERTEX_POINT('',#18729);
#5617=VERTEX_POINT('',#18733);
#5618=VERTEX_POINT('',#18735);
#5619=VERTEX_POINT('',#18739);
#5620=VERTEX_POINT('',#18741);
#5621=VERTEX_POINT('',#18745);
#5622=VERTEX_POINT('',#18747);
#5623=VERTEX_POINT('',#18751);
#5624=VERTEX_POINT('',#18753);
#5625=VERTEX_POINT('',#18757);
#5626=VERTEX_POINT('',#18759);
#5627=VERTEX_POINT('',#18763);
#5628=VERTEX_POINT('',#18765);
#5629=VERTEX_POINT('',#18769);
#5630=VERTEX_POINT('',#18771);
#5631=VERTEX_POINT('',#18775);
#5632=VERTEX_POINT('',#18777);
#5633=VERTEX_POINT('',#18781);
#5634=VERTEX_POINT('',#18783);
#5635=VERTEX_POINT('',#18787);
#5636=VERTEX_POINT('',#18789);
#5637=VERTEX_POINT('',#18793);
#5638=VERTEX_POINT('',#18795);
#5639=VERTEX_POINT('',#18799);
#5640=VERTEX_POINT('',#18801);
#5641=VERTEX_POINT('',#18805);
#5642=VERTEX_POINT('',#18807);
#5643=VERTEX_POINT('',#18811);
#5644=VERTEX_POINT('',#18813);
#5645=VERTEX_POINT('',#18817);
#5646=VERTEX_POINT('',#18819);
#5647=VERTEX_POINT('',#18823);
#5648=VERTEX_POINT('',#18825);
#5649=VERTEX_POINT('',#18829);
#5650=VERTEX_POINT('',#18831);
#5651=VERTEX_POINT('',#18835);
#5652=VERTEX_POINT('',#18837);
#5653=VERTEX_POINT('',#18841);
#5654=VERTEX_POINT('',#18843);
#5655=VERTEX_POINT('',#18847);
#5656=VERTEX_POINT('',#18849);
#5657=VERTEX_POINT('',#18853);
#5658=VERTEX_POINT('',#18855);
#5659=VERTEX_POINT('',#18859);
#5660=VERTEX_POINT('',#18861);
#5661=VERTEX_POINT('',#18865);
#5662=VERTEX_POINT('',#18867);
#5663=VERTEX_POINT('',#18871);
#5664=VERTEX_POINT('',#18873);
#5665=VERTEX_POINT('',#18877);
#5666=VERTEX_POINT('',#18879);
#5667=VERTEX_POINT('',#18883);
#5668=VERTEX_POINT('',#18885);
#5669=VERTEX_POINT('',#18889);
#5670=VERTEX_POINT('',#18891);
#5671=VERTEX_POINT('',#18895);
#5672=VERTEX_POINT('',#18897);
#5673=VERTEX_POINT('',#18901);
#5674=VERTEX_POINT('',#18903);
#5675=VERTEX_POINT('',#18907);
#5676=VERTEX_POINT('',#18909);
#5677=VERTEX_POINT('',#18913);
#5678=VERTEX_POINT('',#18915);
#5679=VERTEX_POINT('',#18919);
#5680=VERTEX_POINT('',#18921);
#5681=VERTEX_POINT('',#18925);
#5682=VERTEX_POINT('',#18927);
#5683=VERTEX_POINT('',#18931);
#5684=VERTEX_POINT('',#18933);
#5685=VERTEX_POINT('',#18937);
#5686=VERTEX_POINT('',#18939);
#5687=VERTEX_POINT('',#18943);
#5688=VERTEX_POINT('',#18945);
#5689=VERTEX_POINT('',#18949);
#5690=VERTEX_POINT('',#18951);
#5691=VERTEX_POINT('',#18955);
#5692=VERTEX_POINT('',#18957);
#5693=VERTEX_POINT('',#18961);
#5694=VERTEX_POINT('',#18963);
#5695=VERTEX_POINT('',#18967);
#5696=VERTEX_POINT('',#18969);
#5697=VERTEX_POINT('',#18973);
#5698=VERTEX_POINT('',#18975);
#5699=VERTEX_POINT('',#18979);
#5700=VERTEX_POINT('',#18981);
#5701=VERTEX_POINT('',#18985);
#5702=VERTEX_POINT('',#18987);
#5703=VERTEX_POINT('',#18991);
#5704=VERTEX_POINT('',#18993);
#5705=VERTEX_POINT('',#18997);
#5706=VERTEX_POINT('',#18999);
#5707=VERTEX_POINT('',#19003);
#5708=VERTEX_POINT('',#19005);
#5709=VERTEX_POINT('',#19009);
#5710=VERTEX_POINT('',#19011);
#5711=VERTEX_POINT('',#19015);
#5712=VERTEX_POINT('',#19017);
#5713=VERTEX_POINT('',#19021);
#5714=VERTEX_POINT('',#19023);
#5715=VERTEX_POINT('',#19027);
#5716=VERTEX_POINT('',#19029);
#5717=VERTEX_POINT('',#19033);
#5718=VERTEX_POINT('',#19035);
#5719=VERTEX_POINT('',#19039);
#5720=VERTEX_POINT('',#19041);
#5721=VERTEX_POINT('',#19045);
#5722=VERTEX_POINT('',#19047);
#5723=VERTEX_POINT('',#19051);
#5724=VERTEX_POINT('',#19053);
#5725=VERTEX_POINT('',#19057);
#5726=VERTEX_POINT('',#19059);
#5727=VERTEX_POINT('',#19063);
#5728=VERTEX_POINT('',#19065);
#5729=VERTEX_POINT('',#19069);
#5730=VERTEX_POINT('',#19071);
#5731=VERTEX_POINT('',#19075);
#5732=VERTEX_POINT('',#19077);
#5733=VERTEX_POINT('',#19081);
#5734=VERTEX_POINT('',#19083);
#5735=VERTEX_POINT('',#19087);
#5736=VERTEX_POINT('',#19089);
#5737=VERTEX_POINT('',#19093);
#5738=VERTEX_POINT('',#19095);
#5739=VERTEX_POINT('',#19099);
#5740=VERTEX_POINT('',#19101);
#5741=VERTEX_POINT('',#19105);
#5742=VERTEX_POINT('',#19107);
#5743=VERTEX_POINT('',#19111);
#5744=VERTEX_POINT('',#19113);
#5745=VERTEX_POINT('',#19117);
#5746=VERTEX_POINT('',#19119);
#5747=VERTEX_POINT('',#19123);
#5748=VERTEX_POINT('',#19125);
#5749=VERTEX_POINT('',#19129);
#5750=VERTEX_POINT('',#19131);
#5751=VERTEX_POINT('',#19135);
#5752=VERTEX_POINT('',#19137);
#5753=VERTEX_POINT('',#19141);
#5754=VERTEX_POINT('',#19143);
#5755=VERTEX_POINT('',#19147);
#5756=VERTEX_POINT('',#19149);
#5757=VERTEX_POINT('',#19153);
#5758=VERTEX_POINT('',#19155);
#5759=VERTEX_POINT('',#19159);
#5760=VERTEX_POINT('',#19161);
#5761=VERTEX_POINT('',#19165);
#5762=VERTEX_POINT('',#19167);
#5763=VERTEX_POINT('',#19171);
#5764=VERTEX_POINT('',#19173);
#5765=VERTEX_POINT('',#19177);
#5766=VERTEX_POINT('',#19179);
#5767=VERTEX_POINT('',#19183);
#5768=VERTEX_POINT('',#19185);
#5769=VERTEX_POINT('',#19189);
#5770=VERTEX_POINT('',#19191);
#5771=VERTEX_POINT('',#19195);
#5772=VERTEX_POINT('',#19197);
#5773=VERTEX_POINT('',#19201);
#5774=VERTEX_POINT('',#19203);
#5775=VERTEX_POINT('',#19207);
#5776=VERTEX_POINT('',#19209);
#5777=VERTEX_POINT('',#19213);
#5778=VERTEX_POINT('',#19215);
#5779=VERTEX_POINT('',#19219);
#5780=VERTEX_POINT('',#19221);
#5781=VERTEX_POINT('',#19225);
#5782=VERTEX_POINT('',#19227);
#5783=VERTEX_POINT('',#19231);
#5784=VERTEX_POINT('',#19233);
#5785=VERTEX_POINT('',#19237);
#5786=VERTEX_POINT('',#19239);
#5787=VERTEX_POINT('',#19243);
#5788=VERTEX_POINT('',#19245);
#5789=VERTEX_POINT('',#19249);
#5790=VERTEX_POINT('',#19251);
#5791=VERTEX_POINT('',#19255);
#5792=VERTEX_POINT('',#19257);
#5793=VERTEX_POINT('',#19261);
#5794=VERTEX_POINT('',#19263);
#5795=VERTEX_POINT('',#19267);
#5796=VERTEX_POINT('',#19269);
#5797=VERTEX_POINT('',#19273);
#5798=VERTEX_POINT('',#19275);
#5799=VERTEX_POINT('',#19279);
#5800=VERTEX_POINT('',#19281);
#5801=VERTEX_POINT('',#19285);
#5802=VERTEX_POINT('',#19287);
#5803=VERTEX_POINT('',#19291);
#5804=VERTEX_POINT('',#19293);
#5805=VERTEX_POINT('',#19297);
#5806=VERTEX_POINT('',#19299);
#5807=VERTEX_POINT('',#19303);
#5808=VERTEX_POINT('',#19305);
#5809=VERTEX_POINT('',#19309);
#5810=VERTEX_POINT('',#19311);
#5811=VERTEX_POINT('',#19315);
#5812=VERTEX_POINT('',#19317);
#5813=VERTEX_POINT('',#19321);
#5814=VERTEX_POINT('',#19323);
#5815=VERTEX_POINT('',#19327);
#5816=VERTEX_POINT('',#19329);
#5817=VERTEX_POINT('',#19333);
#5818=VERTEX_POINT('',#19335);
#5819=VERTEX_POINT('',#19339);
#5820=VERTEX_POINT('',#19341);
#5821=VERTEX_POINT('',#19345);
#5822=VERTEX_POINT('',#19347);
#5823=VERTEX_POINT('',#19351);
#5824=VERTEX_POINT('',#19353);
#5825=VERTEX_POINT('',#19357);
#5826=VERTEX_POINT('',#19359);
#5827=VERTEX_POINT('',#19363);
#5828=VERTEX_POINT('',#19365);
#5829=VERTEX_POINT('',#19369);
#5830=VERTEX_POINT('',#19371);
#5831=VERTEX_POINT('',#19375);
#5832=VERTEX_POINT('',#19377);
#5833=VERTEX_POINT('',#19381);
#5834=VERTEX_POINT('',#19383);
#5835=VERTEX_POINT('',#19387);
#5836=VERTEX_POINT('',#19389);
#5837=VERTEX_POINT('',#19393);
#5838=VERTEX_POINT('',#19395);
#5839=VERTEX_POINT('',#19399);
#5840=VERTEX_POINT('',#19401);
#5841=VERTEX_POINT('',#19405);
#5842=VERTEX_POINT('',#19407);
#5843=VERTEX_POINT('',#19411);
#5844=VERTEX_POINT('',#19413);
#5845=VERTEX_POINT('',#19417);
#5846=VERTEX_POINT('',#19419);
#5847=VERTEX_POINT('',#19423);
#5848=VERTEX_POINT('',#19425);
#5849=VERTEX_POINT('',#19429);
#5850=VERTEX_POINT('',#19431);
#5851=VERTEX_POINT('',#19435);
#5852=VERTEX_POINT('',#19437);
#5853=VERTEX_POINT('',#19441);
#5854=VERTEX_POINT('',#19443);
#5855=VERTEX_POINT('',#19447);
#5856=VERTEX_POINT('',#19449);
#5857=VERTEX_POINT('',#19453);
#5858=VERTEX_POINT('',#19455);
#5859=VERTEX_POINT('',#19459);
#5860=VERTEX_POINT('',#19461);
#5861=VERTEX_POINT('',#19465);
#5862=VERTEX_POINT('',#19467);
#5863=VERTEX_POINT('',#19471);
#5864=VERTEX_POINT('',#19473);
#5865=VERTEX_POINT('',#19477);
#5866=VERTEX_POINT('',#19479);
#5867=EDGE_CURVE('',#4693,#4694,#1279,.T.);
#5868=EDGE_CURVE('',#4695,#4693,#1280,.T.);
#5869=EDGE_CURVE('',#4696,#4695,#1281,.T.);
#5870=EDGE_CURVE('',#4696,#4694,#1282,.T.);
#5871=EDGE_CURVE('',#4697,#4693,#42,.T.);
#5872=EDGE_CURVE('',#4698,#4697,#1283,.T.);
#5873=EDGE_CURVE('',#4695,#4698,#43,.T.);
#5874=EDGE_CURVE('',#4694,#4699,#44,.T.);
#5875=EDGE_CURVE('',#4699,#4700,#1284,.T.);
#5876=EDGE_CURVE('',#4701,#4700,#45,.T.);
#5877=EDGE_CURVE('',#4701,#4702,#1285,.T.);
#5878=EDGE_CURVE('',#4702,#4702,#46,.T.);
#5879=EDGE_CURVE('',#4703,#4701,#47,.T.);
#5880=EDGE_CURVE('',#4703,#4697,#1286,.T.);
#5881=EDGE_CURVE('',#4704,#4703,#1287,.T.);
#5882=EDGE_CURVE('',#4698,#4704,#1288,.T.);
#5883=EDGE_CURVE('',#4700,#4705,#1289,.T.);
#5884=EDGE_CURVE('',#4699,#4706,#1290,.T.);
#5885=EDGE_CURVE('',#4705,#4706,#1291,.T.);
#5886=EDGE_CURVE('',#4706,#4696,#48,.T.);
#5887=EDGE_CURVE('',#4705,#4707,#49,.T.);
#5888=EDGE_CURVE('',#4707,#4704,#50,.T.);
#5889=EDGE_CURVE('',#4707,#4708,#1292,.T.);
#5890=EDGE_CURVE('',#4708,#4708,#51,.T.);
#5891=EDGE_CURVE('',#4709,#4709,#52,.T.);
#5892=EDGE_CURVE('',#4709,#4710,#1293,.T.);
#5893=EDGE_CURVE('',#4710,#4710,#53,.T.);
#5894=EDGE_CURVE('',#4711,#4712,#1294,.T.);
#5895=EDGE_CURVE('',#4712,#4713,#1295,.T.);
#5896=EDGE_CURVE('',#4714,#4713,#1296,.T.);
#5897=EDGE_CURVE('',#4711,#4714,#1297,.T.);
#5898=EDGE_CURVE('',#4715,#4711,#1298,.T.);
#5899=EDGE_CURVE('',#4716,#4714,#1299,.T.);
#5900=EDGE_CURVE('',#4715,#4716,#1300,.T.);
#5901=EDGE_CURVE('',#4717,#4715,#1301,.T.);
#5902=EDGE_CURVE('',#4718,#4716,#1302,.T.);
#5903=EDGE_CURVE('',#4717,#4718,#1303,.T.);
#5904=EDGE_CURVE('',#4719,#4717,#1304,.T.);
#5905=EDGE_CURVE('',#4720,#4718,#1305,.T.);
#5906=EDGE_CURVE('',#4719,#4720,#1306,.T.);
#5907=EDGE_CURVE('',#4721,#4719,#1307,.T.);
#5908=EDGE_CURVE('',#4722,#4720,#1308,.T.);
#5909=EDGE_CURVE('',#4721,#4722,#1309,.T.);
#5910=EDGE_CURVE('',#4723,#4721,#1310,.T.);
#5911=EDGE_CURVE('',#4724,#4722,#1311,.T.);
#5912=EDGE_CURVE('',#4723,#4724,#1312,.T.);
#5913=EDGE_CURVE('',#4725,#4723,#1313,.T.);
#5914=EDGE_CURVE('',#4726,#4724,#1314,.T.);
#5915=EDGE_CURVE('',#4725,#4726,#1315,.T.);
#5916=EDGE_CURVE('',#4727,#4725,#1316,.T.);
#5917=EDGE_CURVE('',#4728,#4726,#1317,.T.);
#5918=EDGE_CURVE('',#4727,#4728,#1318,.T.);
#5919=EDGE_CURVE('',#4729,#4727,#1319,.T.);
#5920=EDGE_CURVE('',#4730,#4728,#1320,.T.);
#5921=EDGE_CURVE('',#4729,#4730,#1321,.T.);
#5922=EDGE_CURVE('',#4731,#4729,#1322,.T.);
#5923=EDGE_CURVE('',#4732,#4730,#1323,.T.);
#5924=EDGE_CURVE('',#4731,#4732,#1324,.T.);
#5925=EDGE_CURVE('',#4733,#4731,#1325,.T.);
#5926=EDGE_CURVE('',#4734,#4732,#1326,.T.);
#5927=EDGE_CURVE('',#4733,#4734,#1327,.T.);
#5928=EDGE_CURVE('',#4735,#4733,#1328,.T.);
#5929=EDGE_CURVE('',#4736,#4734,#1329,.T.);
#5930=EDGE_CURVE('',#4735,#4736,#1330,.T.);
#5931=EDGE_CURVE('',#4737,#4735,#1331,.T.);
#5932=EDGE_CURVE('',#4738,#4736,#1332,.T.);
#5933=EDGE_CURVE('',#4737,#4738,#1333,.T.);
#5934=EDGE_CURVE('',#4739,#4737,#1334,.T.);
#5935=EDGE_CURVE('',#4740,#4738,#1335,.T.);
#5936=EDGE_CURVE('',#4739,#4740,#1336,.T.);
#5937=EDGE_CURVE('',#4741,#4739,#1337,.T.);
#5938=EDGE_CURVE('',#4742,#4740,#1338,.T.);
#5939=EDGE_CURVE('',#4741,#4742,#1339,.T.);
#5940=EDGE_CURVE('',#4743,#4741,#54,.T.);
#5941=EDGE_CURVE('',#4744,#4742,#55,.T.);
#5942=EDGE_CURVE('',#4743,#4744,#1340,.T.);
#5943=EDGE_CURVE('',#4745,#4743,#1341,.T.);
#5944=EDGE_CURVE('',#4746,#4744,#1342,.T.);
#5945=EDGE_CURVE('',#4745,#4746,#1343,.T.);
#5946=EDGE_CURVE('',#4747,#4745,#1344,.T.);
#5947=EDGE_CURVE('',#4748,#4746,#1345,.T.);
#5948=EDGE_CURVE('',#4747,#4748,#1346,.T.);
#5949=EDGE_CURVE('',#4749,#4747,#1347,.T.);
#5950=EDGE_CURVE('',#4750,#4748,#1348,.T.);
#5951=EDGE_CURVE('',#4749,#4750,#1349,.T.);
#5952=EDGE_CURVE('',#4751,#4749,#1350,.T.);
#5953=EDGE_CURVE('',#4752,#4750,#1351,.T.);
#5954=EDGE_CURVE('',#4751,#4752,#1352,.T.);
#5955=EDGE_CURVE('',#4753,#4751,#1353,.T.);
#5956=EDGE_CURVE('',#4754,#4752,#1354,.T.);
#5957=EDGE_CURVE('',#4753,#4754,#1355,.T.);
#5958=EDGE_CURVE('',#4755,#4753,#1356,.T.);
#5959=EDGE_CURVE('',#4756,#4754,#1357,.T.);
#5960=EDGE_CURVE('',#4755,#4756,#1358,.T.);
#5961=EDGE_CURVE('',#4757,#4755,#1359,.T.);
#5962=EDGE_CURVE('',#4758,#4756,#1360,.T.);
#5963=EDGE_CURVE('',#4757,#4758,#1361,.T.);
#5964=EDGE_CURVE('',#4759,#4757,#1362,.T.);
#5965=EDGE_CURVE('',#4760,#4758,#1363,.T.);
#5966=EDGE_CURVE('',#4759,#4760,#1364,.T.);
#5967=EDGE_CURVE('',#4761,#4759,#1365,.T.);
#5968=EDGE_CURVE('',#4762,#4760,#1366,.T.);
#5969=EDGE_CURVE('',#4761,#4762,#1367,.T.);
#5970=EDGE_CURVE('',#4763,#4761,#1368,.T.);
#5971=EDGE_CURVE('',#4764,#4762,#1369,.T.);
#5972=EDGE_CURVE('',#4763,#4764,#1370,.T.);
#5973=EDGE_CURVE('',#4765,#4763,#1371,.T.);
#5974=EDGE_CURVE('',#4766,#4764,#1372,.T.);
#5975=EDGE_CURVE('',#4765,#4766,#1373,.T.);
#5976=EDGE_CURVE('',#4767,#4765,#1374,.T.);
#5977=EDGE_CURVE('',#4768,#4766,#1375,.T.);
#5978=EDGE_CURVE('',#4767,#4768,#1376,.T.);
#5979=EDGE_CURVE('',#4769,#4767,#1377,.T.);
#5980=EDGE_CURVE('',#4770,#4768,#1378,.T.);
#5981=EDGE_CURVE('',#4769,#4770,#1379,.T.);
#5982=EDGE_CURVE('',#4771,#4769,#1380,.T.);
#5983=EDGE_CURVE('',#4772,#4770,#1381,.T.);
#5984=EDGE_CURVE('',#4771,#4772,#1382,.T.);
#5985=EDGE_CURVE('',#4773,#4771,#1383,.T.);
#5986=EDGE_CURVE('',#4774,#4772,#1384,.T.);
#5987=EDGE_CURVE('',#4773,#4774,#1385,.T.);
#5988=EDGE_CURVE('',#4775,#4773,#56,.T.);
#5989=EDGE_CURVE('',#4776,#4774,#57,.T.);
#5990=EDGE_CURVE('',#4775,#4776,#1386,.T.);
#5991=EDGE_CURVE('',#4777,#4775,#1387,.T.);
#5992=EDGE_CURVE('',#4778,#4776,#1388,.T.);
#5993=EDGE_CURVE('',#4777,#4778,#1389,.T.);
#5994=EDGE_CURVE('',#4779,#4777,#1390,.T.);
#5995=EDGE_CURVE('',#4780,#4778,#1391,.T.);
#5996=EDGE_CURVE('',#4779,#4780,#1392,.T.);
#5997=EDGE_CURVE('',#4781,#4779,#1393,.T.);
#5998=EDGE_CURVE('',#4782,#4780,#1394,.T.);
#5999=EDGE_CURVE('',#4781,#4782,#1395,.T.);
#6000=EDGE_CURVE('',#4783,#4781,#1396,.T.);
#6001=EDGE_CURVE('',#4784,#4782,#1397,.T.);
#6002=EDGE_CURVE('',#4783,#4784,#1398,.T.);
#6003=EDGE_CURVE('',#4785,#4783,#1399,.T.);
#6004=EDGE_CURVE('',#4786,#4784,#1400,.T.);
#6005=EDGE_CURVE('',#4785,#4786,#1401,.T.);
#6006=EDGE_CURVE('',#4787,#4785,#1402,.T.);
#6007=EDGE_CURVE('',#4788,#4786,#1403,.T.);
#6008=EDGE_CURVE('',#4787,#4788,#1404,.T.);
#6009=EDGE_CURVE('',#4789,#4787,#1405,.T.);
#6010=EDGE_CURVE('',#4790,#4788,#1406,.T.);
#6011=EDGE_CURVE('',#4789,#4790,#1407,.T.);
#6012=EDGE_CURVE('',#4791,#4789,#1408,.T.);
#6013=EDGE_CURVE('',#4792,#4790,#1409,.T.);
#6014=EDGE_CURVE('',#4791,#4792,#1410,.T.);
#6015=EDGE_CURVE('',#4793,#4791,#1411,.T.);
#6016=EDGE_CURVE('',#4794,#4792,#1412,.T.);
#6017=EDGE_CURVE('',#4793,#4794,#1413,.T.);
#6018=EDGE_CURVE('',#4795,#4793,#1414,.T.);
#6019=EDGE_CURVE('',#4796,#4794,#1415,.T.);
#6020=EDGE_CURVE('',#4795,#4796,#1416,.T.);
#6021=EDGE_CURVE('',#4797,#4795,#1417,.T.);
#6022=EDGE_CURVE('',#4798,#4796,#1418,.T.);
#6023=EDGE_CURVE('',#4797,#4798,#1419,.T.);
#6024=EDGE_CURVE('',#4799,#4797,#1420,.T.);
#6025=EDGE_CURVE('',#4800,#4798,#1421,.T.);
#6026=EDGE_CURVE('',#4799,#4800,#1422,.T.);
#6027=EDGE_CURVE('',#4801,#4799,#1423,.T.);
#6028=EDGE_CURVE('',#4802,#4800,#1424,.T.);
#6029=EDGE_CURVE('',#4801,#4802,#1425,.T.);
#6030=EDGE_CURVE('',#4803,#4801,#1426,.T.);
#6031=EDGE_CURVE('',#4804,#4802,#1427,.T.);
#6032=EDGE_CURVE('',#4803,#4804,#1428,.T.);
#6033=EDGE_CURVE('',#4805,#4803,#1429,.T.);
#6034=EDGE_CURVE('',#4806,#4804,#1430,.T.);
#6035=EDGE_CURVE('',#4805,#4806,#1431,.T.);
#6036=EDGE_CURVE('',#4807,#4805,#58,.T.);
#6037=EDGE_CURVE('',#4808,#4806,#59,.T.);
#6038=EDGE_CURVE('',#4807,#4808,#1432,.T.);
#6039=EDGE_CURVE('',#4809,#4807,#1433,.T.);
#6040=EDGE_CURVE('',#4810,#4808,#1434,.T.);
#6041=EDGE_CURVE('',#4809,#4810,#1435,.T.);
#6042=EDGE_CURVE('',#4811,#4809,#1436,.T.);
#6043=EDGE_CURVE('',#4812,#4810,#1437,.T.);
#6044=EDGE_CURVE('',#4811,#4812,#1438,.T.);
#6045=EDGE_CURVE('',#4813,#4811,#1439,.T.);
#6046=EDGE_CURVE('',#4814,#4812,#1440,.T.);
#6047=EDGE_CURVE('',#4813,#4814,#1441,.T.);
#6048=EDGE_CURVE('',#4815,#4813,#1442,.T.);
#6049=EDGE_CURVE('',#4816,#4814,#1443,.T.);
#6050=EDGE_CURVE('',#4815,#4816,#1444,.T.);
#6051=EDGE_CURVE('',#4817,#4815,#1445,.T.);
#6052=EDGE_CURVE('',#4818,#4816,#1446,.T.);
#6053=EDGE_CURVE('',#4817,#4818,#1447,.T.);
#6054=EDGE_CURVE('',#4819,#4817,#1448,.T.);
#6055=EDGE_CURVE('',#4820,#4818,#1449,.T.);
#6056=EDGE_CURVE('',#4819,#4820,#1450,.T.);
#6057=EDGE_CURVE('',#4821,#4819,#1451,.T.);
#6058=EDGE_CURVE('',#4822,#4820,#1452,.T.);
#6059=EDGE_CURVE('',#4821,#4822,#1453,.T.);
#6060=EDGE_CURVE('',#4823,#4821,#1454,.T.);
#6061=EDGE_CURVE('',#4824,#4822,#1455,.T.);
#6062=EDGE_CURVE('',#4823,#4824,#1456,.T.);
#6063=EDGE_CURVE('',#4825,#4823,#1457,.T.);
#6064=EDGE_CURVE('',#4826,#4824,#1458,.T.);
#6065=EDGE_CURVE('',#4825,#4826,#1459,.T.);
#6066=EDGE_CURVE('',#4827,#4825,#1460,.T.);
#6067=EDGE_CURVE('',#4828,#4826,#1461,.T.);
#6068=EDGE_CURVE('',#4827,#4828,#1462,.T.);
#6069=EDGE_CURVE('',#4829,#4827,#1463,.T.);
#6070=EDGE_CURVE('',#4830,#4828,#1464,.T.);
#6071=EDGE_CURVE('',#4829,#4830,#1465,.T.);
#6072=EDGE_CURVE('',#4831,#4829,#1466,.T.);
#6073=EDGE_CURVE('',#4832,#4830,#1467,.T.);
#6074=EDGE_CURVE('',#4831,#4832,#1468,.T.);
#6075=EDGE_CURVE('',#4833,#4831,#1469,.T.);
#6076=EDGE_CURVE('',#4834,#4832,#1470,.T.);
#6077=EDGE_CURVE('',#4833,#4834,#1471,.T.);
#6078=EDGE_CURVE('',#4835,#4833,#1472,.T.);
#6079=EDGE_CURVE('',#4836,#4834,#1473,.T.);
#6080=EDGE_CURVE('',#4835,#4836,#1474,.T.);
#6081=EDGE_CURVE('',#4837,#4835,#1475,.T.);
#6082=EDGE_CURVE('',#4838,#4836,#1476,.T.);
#6083=EDGE_CURVE('',#4837,#4838,#1477,.T.);
#6084=EDGE_CURVE('',#4839,#4837,#60,.T.);
#6085=EDGE_CURVE('',#4840,#4838,#61,.T.);
#6086=EDGE_CURVE('',#4839,#4840,#1478,.T.);
#6087=EDGE_CURVE('',#4841,#4839,#1479,.T.);
#6088=EDGE_CURVE('',#4842,#4840,#1480,.T.);
#6089=EDGE_CURVE('',#4841,#4842,#1481,.T.);
#6090=EDGE_CURVE('',#4843,#4841,#1482,.T.);
#6091=EDGE_CURVE('',#4844,#4842,#1483,.T.);
#6092=EDGE_CURVE('',#4843,#4844,#1484,.T.);
#6093=EDGE_CURVE('',#4845,#4843,#1485,.T.);
#6094=EDGE_CURVE('',#4846,#4844,#1486,.T.);
#6095=EDGE_CURVE('',#4845,#4846,#1487,.T.);
#6096=EDGE_CURVE('',#4847,#4845,#1488,.T.);
#6097=EDGE_CURVE('',#4848,#4846,#1489,.T.);
#6098=EDGE_CURVE('',#4847,#4848,#1490,.T.);
#6099=EDGE_CURVE('',#4849,#4847,#1491,.T.);
#6100=EDGE_CURVE('',#4850,#4848,#1492,.T.);
#6101=EDGE_CURVE('',#4849,#4850,#1493,.T.);
#6102=EDGE_CURVE('',#4851,#4849,#1494,.T.);
#6103=EDGE_CURVE('',#4852,#4850,#1495,.T.);
#6104=EDGE_CURVE('',#4851,#4852,#1496,.T.);
#6105=EDGE_CURVE('',#4853,#4851,#1497,.T.);
#6106=EDGE_CURVE('',#4854,#4852,#1498,.T.);
#6107=EDGE_CURVE('',#4853,#4854,#1499,.T.);
#6108=EDGE_CURVE('',#4855,#4853,#1500,.T.);
#6109=EDGE_CURVE('',#4856,#4854,#1501,.T.);
#6110=EDGE_CURVE('',#4855,#4856,#1502,.T.);
#6111=EDGE_CURVE('',#4857,#4855,#1503,.T.);
#6112=EDGE_CURVE('',#4858,#4856,#1504,.T.);
#6113=EDGE_CURVE('',#4857,#4858,#1505,.T.);
#6114=EDGE_CURVE('',#4859,#4857,#1506,.T.);
#6115=EDGE_CURVE('',#4860,#4858,#1507,.T.);
#6116=EDGE_CURVE('',#4859,#4860,#1508,.T.);
#6117=EDGE_CURVE('',#4861,#4859,#1509,.T.);
#6118=EDGE_CURVE('',#4862,#4860,#1510,.T.);
#6119=EDGE_CURVE('',#4861,#4862,#1511,.T.);
#6120=EDGE_CURVE('',#4863,#4861,#1512,.T.);
#6121=EDGE_CURVE('',#4864,#4862,#1513,.T.);
#6122=EDGE_CURVE('',#4863,#4864,#1514,.T.);
#6123=EDGE_CURVE('',#4865,#4863,#1515,.T.);
#6124=EDGE_CURVE('',#4866,#4864,#1516,.T.);
#6125=EDGE_CURVE('',#4865,#4866,#1517,.T.);
#6126=EDGE_CURVE('',#4867,#4865,#1518,.T.);
#6127=EDGE_CURVE('',#4868,#4866,#1519,.T.);
#6128=EDGE_CURVE('',#4867,#4868,#1520,.T.);
#6129=EDGE_CURVE('',#4869,#4867,#1521,.T.);
#6130=EDGE_CURVE('',#4870,#4868,#1522,.T.);
#6131=EDGE_CURVE('',#4869,#4870,#1523,.T.);
#6132=EDGE_CURVE('',#4871,#4869,#62,.T.);
#6133=EDGE_CURVE('',#4872,#4870,#63,.T.);
#6134=EDGE_CURVE('',#4871,#4872,#1524,.T.);
#6135=EDGE_CURVE('',#4873,#4871,#1525,.T.);
#6136=EDGE_CURVE('',#4874,#4872,#1526,.T.);
#6137=EDGE_CURVE('',#4873,#4874,#1527,.T.);
#6138=EDGE_CURVE('',#4875,#4873,#1528,.T.);
#6139=EDGE_CURVE('',#4876,#4874,#1529,.T.);
#6140=EDGE_CURVE('',#4875,#4876,#1530,.T.);
#6141=EDGE_CURVE('',#4877,#4875,#1531,.T.);
#6142=EDGE_CURVE('',#4878,#4876,#1532,.T.);
#6143=EDGE_CURVE('',#4877,#4878,#1533,.T.);
#6144=EDGE_CURVE('',#4879,#4877,#1534,.T.);
#6145=EDGE_CURVE('',#4880,#4878,#1535,.T.);
#6146=EDGE_CURVE('',#4879,#4880,#1536,.T.);
#6147=EDGE_CURVE('',#4881,#4879,#1537,.T.);
#6148=EDGE_CURVE('',#4882,#4880,#1538,.T.);
#6149=EDGE_CURVE('',#4881,#4882,#1539,.T.);
#6150=EDGE_CURVE('',#4883,#4881,#1540,.T.);
#6151=EDGE_CURVE('',#4884,#4882,#1541,.T.);
#6152=EDGE_CURVE('',#4883,#4884,#1542,.T.);
#6153=EDGE_CURVE('',#4885,#4883,#1543,.T.);
#6154=EDGE_CURVE('',#4886,#4884,#1544,.T.);
#6155=EDGE_CURVE('',#4885,#4886,#1545,.T.);
#6156=EDGE_CURVE('',#4887,#4885,#1546,.T.);
#6157=EDGE_CURVE('',#4888,#4886,#1547,.T.);
#6158=EDGE_CURVE('',#4887,#4888,#1548,.T.);
#6159=EDGE_CURVE('',#4889,#4887,#1549,.T.);
#6160=EDGE_CURVE('',#4890,#4888,#1550,.T.);
#6161=EDGE_CURVE('',#4889,#4890,#1551,.T.);
#6162=EDGE_CURVE('',#4891,#4889,#1552,.T.);
#6163=EDGE_CURVE('',#4892,#4890,#1553,.T.);
#6164=EDGE_CURVE('',#4891,#4892,#1554,.T.);
#6165=EDGE_CURVE('',#4893,#4891,#1555,.T.);
#6166=EDGE_CURVE('',#4894,#4892,#1556,.T.);
#6167=EDGE_CURVE('',#4893,#4894,#1557,.T.);
#6168=EDGE_CURVE('',#4895,#4893,#1558,.T.);
#6169=EDGE_CURVE('',#4896,#4894,#1559,.T.);
#6170=EDGE_CURVE('',#4895,#4896,#1560,.T.);
#6171=EDGE_CURVE('',#4897,#4895,#1561,.T.);
#6172=EDGE_CURVE('',#4898,#4896,#1562,.T.);
#6173=EDGE_CURVE('',#4897,#4898,#1563,.T.);
#6174=EDGE_CURVE('',#4899,#4897,#1564,.T.);
#6175=EDGE_CURVE('',#4900,#4898,#1565,.T.);
#6176=EDGE_CURVE('',#4899,#4900,#1566,.T.);
#6177=EDGE_CURVE('',#4901,#4899,#1567,.T.);
#6178=EDGE_CURVE('',#4902,#4900,#1568,.T.);
#6179=EDGE_CURVE('',#4901,#4902,#1569,.T.);
#6180=EDGE_CURVE('',#4903,#4901,#64,.T.);
#6181=EDGE_CURVE('',#4904,#4902,#65,.T.);
#6182=EDGE_CURVE('',#4903,#4904,#1570,.T.);
#6183=EDGE_CURVE('',#4905,#4903,#1571,.T.);
#6184=EDGE_CURVE('',#4906,#4904,#1572,.T.);
#6185=EDGE_CURVE('',#4905,#4906,#1573,.T.);
#6186=EDGE_CURVE('',#4907,#4905,#1574,.T.);
#6187=EDGE_CURVE('',#4908,#4906,#1575,.T.);
#6188=EDGE_CURVE('',#4907,#4908,#1576,.T.);
#6189=EDGE_CURVE('',#4909,#4907,#1577,.T.);
#6190=EDGE_CURVE('',#4910,#4908,#1578,.T.);
#6191=EDGE_CURVE('',#4909,#4910,#1579,.T.);
#6192=EDGE_CURVE('',#4911,#4909,#1580,.T.);
#6193=EDGE_CURVE('',#4912,#4910,#1581,.T.);
#6194=EDGE_CURVE('',#4911,#4912,#1582,.T.);
#6195=EDGE_CURVE('',#4913,#4911,#1583,.T.);
#6196=EDGE_CURVE('',#4914,#4912,#1584,.T.);
#6197=EDGE_CURVE('',#4913,#4914,#1585,.T.);
#6198=EDGE_CURVE('',#4915,#4913,#1586,.T.);
#6199=EDGE_CURVE('',#4916,#4914,#1587,.T.);
#6200=EDGE_CURVE('',#4915,#4916,#1588,.T.);
#6201=EDGE_CURVE('',#4917,#4915,#1589,.T.);
#6202=EDGE_CURVE('',#4918,#4916,#1590,.T.);
#6203=EDGE_CURVE('',#4917,#4918,#1591,.T.);
#6204=EDGE_CURVE('',#4919,#4917,#1592,.T.);
#6205=EDGE_CURVE('',#4920,#4918,#1593,.T.);
#6206=EDGE_CURVE('',#4919,#4920,#1594,.T.);
#6207=EDGE_CURVE('',#4921,#4919,#1595,.T.);
#6208=EDGE_CURVE('',#4922,#4920,#1596,.T.);
#6209=EDGE_CURVE('',#4921,#4922,#1597,.T.);
#6210=EDGE_CURVE('',#4923,#4921,#1598,.T.);
#6211=EDGE_CURVE('',#4924,#4922,#1599,.T.);
#6212=EDGE_CURVE('',#4923,#4924,#1600,.T.);
#6213=EDGE_CURVE('',#4925,#4923,#1601,.T.);
#6214=EDGE_CURVE('',#4926,#4924,#1602,.T.);
#6215=EDGE_CURVE('',#4925,#4926,#1603,.T.);
#6216=EDGE_CURVE('',#4927,#4925,#1604,.T.);
#6217=EDGE_CURVE('',#4928,#4926,#1605,.T.);
#6218=EDGE_CURVE('',#4927,#4928,#1606,.T.);
#6219=EDGE_CURVE('',#4929,#4927,#1607,.T.);
#6220=EDGE_CURVE('',#4930,#4928,#1608,.T.);
#6221=EDGE_CURVE('',#4929,#4930,#1609,.T.);
#6222=EDGE_CURVE('',#4931,#4929,#1610,.T.);
#6223=EDGE_CURVE('',#4932,#4930,#1611,.T.);
#6224=EDGE_CURVE('',#4931,#4932,#1612,.T.);
#6225=EDGE_CURVE('',#4933,#4931,#1613,.T.);
#6226=EDGE_CURVE('',#4934,#4932,#1614,.T.);
#6227=EDGE_CURVE('',#4933,#4934,#1615,.T.);
#6228=EDGE_CURVE('',#4935,#4933,#66,.T.);
#6229=EDGE_CURVE('',#4936,#4934,#67,.T.);
#6230=EDGE_CURVE('',#4935,#4936,#1616,.T.);
#6231=EDGE_CURVE('',#4937,#4935,#1617,.T.);
#6232=EDGE_CURVE('',#4938,#4936,#1618,.T.);
#6233=EDGE_CURVE('',#4937,#4938,#1619,.T.);
#6234=EDGE_CURVE('',#4939,#4937,#1620,.T.);
#6235=EDGE_CURVE('',#4940,#4938,#1621,.T.);
#6236=EDGE_CURVE('',#4939,#4940,#1622,.T.);
#6237=EDGE_CURVE('',#4941,#4939,#1623,.T.);
#6238=EDGE_CURVE('',#4942,#4940,#1624,.T.);
#6239=EDGE_CURVE('',#4941,#4942,#1625,.T.);
#6240=EDGE_CURVE('',#4943,#4941,#1626,.T.);
#6241=EDGE_CURVE('',#4944,#4942,#1627,.T.);
#6242=EDGE_CURVE('',#4943,#4944,#1628,.T.);
#6243=EDGE_CURVE('',#4945,#4943,#1629,.T.);
#6244=EDGE_CURVE('',#4946,#4944,#1630,.T.);
#6245=EDGE_CURVE('',#4945,#4946,#1631,.T.);
#6246=EDGE_CURVE('',#4947,#4945,#1632,.T.);
#6247=EDGE_CURVE('',#4948,#4946,#1633,.T.);
#6248=EDGE_CURVE('',#4947,#4948,#1634,.T.);
#6249=EDGE_CURVE('',#4949,#4947,#1635,.T.);
#6250=EDGE_CURVE('',#4950,#4948,#1636,.T.);
#6251=EDGE_CURVE('',#4949,#4950,#1637,.T.);
#6252=EDGE_CURVE('',#4951,#4949,#1638,.T.);
#6253=EDGE_CURVE('',#4952,#4950,#1639,.T.);
#6254=EDGE_CURVE('',#4951,#4952,#1640,.T.);
#6255=EDGE_CURVE('',#4953,#4951,#1641,.T.);
#6256=EDGE_CURVE('',#4954,#4952,#1642,.T.);
#6257=EDGE_CURVE('',#4953,#4954,#1643,.T.);
#6258=EDGE_CURVE('',#4955,#4953,#1644,.T.);
#6259=EDGE_CURVE('',#4956,#4954,#1645,.T.);
#6260=EDGE_CURVE('',#4955,#4956,#1646,.T.);
#6261=EDGE_CURVE('',#4957,#4955,#1647,.T.);
#6262=EDGE_CURVE('',#4958,#4956,#1648,.T.);
#6263=EDGE_CURVE('',#4957,#4958,#1649,.T.);
#6264=EDGE_CURVE('',#4959,#4957,#1650,.T.);
#6265=EDGE_CURVE('',#4960,#4958,#1651,.T.);
#6266=EDGE_CURVE('',#4959,#4960,#1652,.T.);
#6267=EDGE_CURVE('',#4961,#4959,#1653,.T.);
#6268=EDGE_CURVE('',#4962,#4960,#1654,.T.);
#6269=EDGE_CURVE('',#4961,#4962,#1655,.T.);
#6270=EDGE_CURVE('',#4963,#4961,#1656,.T.);
#6271=EDGE_CURVE('',#4964,#4962,#1657,.T.);
#6272=EDGE_CURVE('',#4963,#4964,#1658,.T.);
#6273=EDGE_CURVE('',#4965,#4963,#1659,.T.);
#6274=EDGE_CURVE('',#4966,#4964,#1660,.T.);
#6275=EDGE_CURVE('',#4965,#4966,#1661,.T.);
#6276=EDGE_CURVE('',#4967,#4965,#68,.T.);
#6277=EDGE_CURVE('',#4968,#4966,#69,.T.);
#6278=EDGE_CURVE('',#4967,#4968,#1662,.T.);
#6279=EDGE_CURVE('',#4969,#4967,#1663,.T.);
#6280=EDGE_CURVE('',#4970,#4968,#1664,.T.);
#6281=EDGE_CURVE('',#4969,#4970,#1665,.T.);
#6282=EDGE_CURVE('',#4971,#4969,#1666,.T.);
#6283=EDGE_CURVE('',#4972,#4970,#1667,.T.);
#6284=EDGE_CURVE('',#4971,#4972,#1668,.T.);
#6285=EDGE_CURVE('',#4973,#4971,#1669,.T.);
#6286=EDGE_CURVE('',#4974,#4972,#1670,.T.);
#6287=EDGE_CURVE('',#4973,#4974,#1671,.T.);
#6288=EDGE_CURVE('',#4975,#4973,#1672,.T.);
#6289=EDGE_CURVE('',#4976,#4974,#1673,.T.);
#6290=EDGE_CURVE('',#4975,#4976,#1674,.T.);
#6291=EDGE_CURVE('',#4977,#4975,#1675,.T.);
#6292=EDGE_CURVE('',#4978,#4976,#1676,.T.);
#6293=EDGE_CURVE('',#4977,#4978,#1677,.T.);
#6294=EDGE_CURVE('',#4979,#4977,#1678,.T.);
#6295=EDGE_CURVE('',#4980,#4978,#1679,.T.);
#6296=EDGE_CURVE('',#4979,#4980,#1680,.T.);
#6297=EDGE_CURVE('',#4981,#4979,#1681,.T.);
#6298=EDGE_CURVE('',#4982,#4980,#1682,.T.);
#6299=EDGE_CURVE('',#4981,#4982,#1683,.T.);
#6300=EDGE_CURVE('',#4983,#4981,#1684,.T.);
#6301=EDGE_CURVE('',#4984,#4982,#1685,.T.);
#6302=EDGE_CURVE('',#4983,#4984,#1686,.T.);
#6303=EDGE_CURVE('',#4985,#4983,#1687,.T.);
#6304=EDGE_CURVE('',#4986,#4984,#1688,.T.);
#6305=EDGE_CURVE('',#4985,#4986,#1689,.T.);
#6306=EDGE_CURVE('',#4987,#4985,#1690,.T.);
#6307=EDGE_CURVE('',#4988,#4986,#1691,.T.);
#6308=EDGE_CURVE('',#4987,#4988,#1692,.T.);
#6309=EDGE_CURVE('',#4989,#4987,#1693,.T.);
#6310=EDGE_CURVE('',#4990,#4988,#1694,.T.);
#6311=EDGE_CURVE('',#4989,#4990,#1695,.T.);
#6312=EDGE_CURVE('',#4991,#4989,#1696,.T.);
#6313=EDGE_CURVE('',#4992,#4990,#1697,.T.);
#6314=EDGE_CURVE('',#4991,#4992,#1698,.T.);
#6315=EDGE_CURVE('',#4993,#4991,#1699,.T.);
#6316=EDGE_CURVE('',#4994,#4992,#1700,.T.);
#6317=EDGE_CURVE('',#4993,#4994,#1701,.T.);
#6318=EDGE_CURVE('',#4995,#4993,#1702,.T.);
#6319=EDGE_CURVE('',#4996,#4994,#1703,.T.);
#6320=EDGE_CURVE('',#4995,#4996,#1704,.T.);
#6321=EDGE_CURVE('',#4997,#4995,#1705,.T.);
#6322=EDGE_CURVE('',#4998,#4996,#1706,.T.);
#6323=EDGE_CURVE('',#4997,#4998,#1707,.T.);
#6324=EDGE_CURVE('',#4999,#4997,#70,.T.);
#6325=EDGE_CURVE('',#5000,#4998,#71,.T.);
#6326=EDGE_CURVE('',#4999,#5000,#1708,.T.);
#6327=EDGE_CURVE('',#5001,#4999,#1709,.T.);
#6328=EDGE_CURVE('',#5002,#5000,#1710,.T.);
#6329=EDGE_CURVE('',#5001,#5002,#1711,.T.);
#6330=EDGE_CURVE('',#5003,#5001,#1712,.T.);
#6331=EDGE_CURVE('',#5004,#5002,#1713,.T.);
#6332=EDGE_CURVE('',#5003,#5004,#1714,.T.);
#6333=EDGE_CURVE('',#5005,#5003,#1715,.T.);
#6334=EDGE_CURVE('',#5006,#5004,#1716,.T.);
#6335=EDGE_CURVE('',#5005,#5006,#1717,.T.);
#6336=EDGE_CURVE('',#5007,#5005,#1718,.T.);
#6337=EDGE_CURVE('',#5008,#5006,#1719,.T.);
#6338=EDGE_CURVE('',#5007,#5008,#1720,.T.);
#6339=EDGE_CURVE('',#5009,#5007,#1721,.T.);
#6340=EDGE_CURVE('',#5010,#5008,#1722,.T.);
#6341=EDGE_CURVE('',#5009,#5010,#1723,.T.);
#6342=EDGE_CURVE('',#5011,#5009,#1724,.T.);
#6343=EDGE_CURVE('',#5012,#5010,#1725,.T.);
#6344=EDGE_CURVE('',#5011,#5012,#1726,.T.);
#6345=EDGE_CURVE('',#5013,#5011,#1727,.T.);
#6346=EDGE_CURVE('',#5014,#5012,#1728,.T.);
#6347=EDGE_CURVE('',#5013,#5014,#1729,.T.);
#6348=EDGE_CURVE('',#5015,#5013,#1730,.T.);
#6349=EDGE_CURVE('',#5016,#5014,#1731,.T.);
#6350=EDGE_CURVE('',#5015,#5016,#1732,.T.);
#6351=EDGE_CURVE('',#5017,#5015,#1733,.T.);
#6352=EDGE_CURVE('',#5018,#5016,#1734,.T.);
#6353=EDGE_CURVE('',#5017,#5018,#1735,.T.);
#6354=EDGE_CURVE('',#5019,#5017,#1736,.T.);
#6355=EDGE_CURVE('',#5020,#5018,#1737,.T.);
#6356=EDGE_CURVE('',#5019,#5020,#1738,.T.);
#6357=EDGE_CURVE('',#5021,#5019,#1739,.T.);
#6358=EDGE_CURVE('',#5022,#5020,#1740,.T.);
#6359=EDGE_CURVE('',#5021,#5022,#1741,.T.);
#6360=EDGE_CURVE('',#5023,#5021,#1742,.T.);
#6361=EDGE_CURVE('',#5024,#5022,#1743,.T.);
#6362=EDGE_CURVE('',#5023,#5024,#1744,.T.);
#6363=EDGE_CURVE('',#5025,#5023,#1745,.T.);
#6364=EDGE_CURVE('',#5026,#5024,#1746,.T.);
#6365=EDGE_CURVE('',#5025,#5026,#1747,.T.);
#6366=EDGE_CURVE('',#5027,#5025,#1748,.T.);
#6367=EDGE_CURVE('',#5028,#5026,#1749,.T.);
#6368=EDGE_CURVE('',#5027,#5028,#1750,.T.);
#6369=EDGE_CURVE('',#5029,#5027,#1751,.T.);
#6370=EDGE_CURVE('',#5030,#5028,#1752,.T.);
#6371=EDGE_CURVE('',#5029,#5030,#1753,.T.);
#6372=EDGE_CURVE('',#5031,#5029,#72,.T.);
#6373=EDGE_CURVE('',#5032,#5030,#73,.T.);
#6374=EDGE_CURVE('',#5031,#5032,#1754,.T.);
#6375=EDGE_CURVE('',#5033,#5031,#1755,.T.);
#6376=EDGE_CURVE('',#5034,#5032,#1756,.T.);
#6377=EDGE_CURVE('',#5033,#5034,#1757,.T.);
#6378=EDGE_CURVE('',#5035,#5033,#1758,.T.);
#6379=EDGE_CURVE('',#5036,#5034,#1759,.T.);
#6380=EDGE_CURVE('',#5035,#5036,#1760,.T.);
#6381=EDGE_CURVE('',#5037,#5035,#1761,.T.);
#6382=EDGE_CURVE('',#5038,#5036,#1762,.T.);
#6383=EDGE_CURVE('',#5037,#5038,#1763,.T.);
#6384=EDGE_CURVE('',#5039,#5037,#1764,.T.);
#6385=EDGE_CURVE('',#5040,#5038,#1765,.T.);
#6386=EDGE_CURVE('',#5039,#5040,#1766,.T.);
#6387=EDGE_CURVE('',#5041,#5039,#1767,.T.);
#6388=EDGE_CURVE('',#5042,#5040,#1768,.T.);
#6389=EDGE_CURVE('',#5041,#5042,#1769,.T.);
#6390=EDGE_CURVE('',#5043,#5041,#1770,.T.);
#6391=EDGE_CURVE('',#5044,#5042,#1771,.T.);
#6392=EDGE_CURVE('',#5043,#5044,#1772,.T.);
#6393=EDGE_CURVE('',#5045,#5043,#1773,.T.);
#6394=EDGE_CURVE('',#5046,#5044,#1774,.T.);
#6395=EDGE_CURVE('',#5045,#5046,#1775,.T.);
#6396=EDGE_CURVE('',#5047,#5045,#1776,.T.);
#6397=EDGE_CURVE('',#5048,#5046,#1777,.T.);
#6398=EDGE_CURVE('',#5047,#5048,#1778,.T.);
#6399=EDGE_CURVE('',#5049,#5047,#1779,.T.);
#6400=EDGE_CURVE('',#5050,#5048,#1780,.T.);
#6401=EDGE_CURVE('',#5049,#5050,#1781,.T.);
#6402=EDGE_CURVE('',#5051,#5049,#1782,.T.);
#6403=EDGE_CURVE('',#5052,#5050,#1783,.T.);
#6404=EDGE_CURVE('',#5051,#5052,#1784,.T.);
#6405=EDGE_CURVE('',#5053,#5051,#1785,.T.);
#6406=EDGE_CURVE('',#5054,#5052,#1786,.T.);
#6407=EDGE_CURVE('',#5053,#5054,#1787,.T.);
#6408=EDGE_CURVE('',#5055,#5053,#1788,.T.);
#6409=EDGE_CURVE('',#5056,#5054,#1789,.T.);
#6410=EDGE_CURVE('',#5055,#5056,#1790,.T.);
#6411=EDGE_CURVE('',#5057,#5055,#1791,.T.);
#6412=EDGE_CURVE('',#5058,#5056,#1792,.T.);
#6413=EDGE_CURVE('',#5057,#5058,#1793,.T.);
#6414=EDGE_CURVE('',#5059,#5057,#1794,.T.);
#6415=EDGE_CURVE('',#5060,#5058,#1795,.T.);
#6416=EDGE_CURVE('',#5059,#5060,#1796,.T.);
#6417=EDGE_CURVE('',#5061,#5059,#1797,.T.);
#6418=EDGE_CURVE('',#5062,#5060,#1798,.T.);
#6419=EDGE_CURVE('',#5061,#5062,#1799,.T.);
#6420=EDGE_CURVE('',#5063,#5061,#1800,.T.);
#6421=EDGE_CURVE('',#5064,#5062,#1801,.T.);
#6422=EDGE_CURVE('',#5063,#5064,#1802,.T.);
#6423=EDGE_CURVE('',#5065,#5063,#1803,.T.);
#6424=EDGE_CURVE('',#5066,#5064,#1804,.T.);
#6425=EDGE_CURVE('',#5065,#5066,#1805,.T.);
#6426=EDGE_CURVE('',#5067,#5065,#1806,.T.);
#6427=EDGE_CURVE('',#5068,#5066,#1807,.T.);
#6428=EDGE_CURVE('',#5067,#5068,#1808,.T.);
#6429=EDGE_CURVE('',#5069,#5067,#1809,.T.);
#6430=EDGE_CURVE('',#5070,#5068,#1810,.T.);
#6431=EDGE_CURVE('',#5069,#5070,#1811,.T.);
#6432=EDGE_CURVE('',#5071,#5069,#1812,.T.);
#6433=EDGE_CURVE('',#5072,#5070,#1813,.T.);
#6434=EDGE_CURVE('',#5071,#5072,#1814,.T.);
#6435=EDGE_CURVE('',#5073,#5071,#1815,.T.);
#6436=EDGE_CURVE('',#5074,#5072,#1816,.T.);
#6437=EDGE_CURVE('',#5073,#5074,#1817,.T.);
#6438=EDGE_CURVE('',#5075,#5073,#1818,.T.);
#6439=EDGE_CURVE('',#5076,#5074,#1819,.T.);
#6440=EDGE_CURVE('',#5075,#5076,#1820,.T.);
#6441=EDGE_CURVE('',#5077,#5075,#1821,.T.);
#6442=EDGE_CURVE('',#5078,#5076,#1822,.T.);
#6443=EDGE_CURVE('',#5077,#5078,#1823,.T.);
#6444=EDGE_CURVE('',#5079,#5077,#1824,.T.);
#6445=EDGE_CURVE('',#5080,#5078,#1825,.T.);
#6446=EDGE_CURVE('',#5079,#5080,#1826,.T.);
#6447=EDGE_CURVE('',#5081,#5079,#1827,.T.);
#6448=EDGE_CURVE('',#5082,#5080,#1828,.T.);
#6449=EDGE_CURVE('',#5081,#5082,#1829,.T.);
#6450=EDGE_CURVE('',#5083,#5081,#1830,.T.);
#6451=EDGE_CURVE('',#5084,#5082,#1831,.T.);
#6452=EDGE_CURVE('',#5083,#5084,#1832,.T.);
#6453=EDGE_CURVE('',#5085,#5083,#1833,.T.);
#6454=EDGE_CURVE('',#5086,#5084,#1834,.T.);
#6455=EDGE_CURVE('',#5085,#5086,#1835,.T.);
#6456=EDGE_CURVE('',#5087,#5085,#1836,.T.);
#6457=EDGE_CURVE('',#5088,#5086,#1837,.T.);
#6458=EDGE_CURVE('',#5087,#5088,#1838,.T.);
#6459=EDGE_CURVE('',#5089,#5087,#1839,.T.);
#6460=EDGE_CURVE('',#5090,#5088,#1840,.T.);
#6461=EDGE_CURVE('',#5089,#5090,#1841,.T.);
#6462=EDGE_CURVE('',#5091,#5089,#1842,.T.);
#6463=EDGE_CURVE('',#5092,#5090,#1843,.T.);
#6464=EDGE_CURVE('',#5091,#5092,#1844,.T.);
#6465=EDGE_CURVE('',#5093,#5091,#1845,.T.);
#6466=EDGE_CURVE('',#5094,#5092,#1846,.T.);
#6467=EDGE_CURVE('',#5093,#5094,#1847,.T.);
#6468=EDGE_CURVE('',#5095,#5093,#1848,.T.);
#6469=EDGE_CURVE('',#5096,#5094,#1849,.T.);
#6470=EDGE_CURVE('',#5095,#5096,#1850,.T.);
#6471=EDGE_CURVE('',#5097,#5095,#1851,.T.);
#6472=EDGE_CURVE('',#5098,#5096,#1852,.T.);
#6473=EDGE_CURVE('',#5097,#5098,#1853,.T.);
#6474=EDGE_CURVE('',#5099,#5097,#1854,.T.);
#6475=EDGE_CURVE('',#5100,#5098,#1855,.T.);
#6476=EDGE_CURVE('',#5099,#5100,#1856,.T.);
#6477=EDGE_CURVE('',#5101,#5099,#1857,.T.);
#6478=EDGE_CURVE('',#5102,#5100,#1858,.T.);
#6479=EDGE_CURVE('',#5101,#5102,#1859,.T.);
#6480=EDGE_CURVE('',#5103,#5101,#1860,.T.);
#6481=EDGE_CURVE('',#5104,#5102,#1861,.T.);
#6482=EDGE_CURVE('',#5103,#5104,#1862,.T.);
#6483=EDGE_CURVE('',#5105,#5103,#1863,.T.);
#6484=EDGE_CURVE('',#5106,#5104,#1864,.T.);
#6485=EDGE_CURVE('',#5105,#5106,#1865,.T.);
#6486=EDGE_CURVE('',#5107,#5105,#1866,.T.);
#6487=EDGE_CURVE('',#5108,#5106,#1867,.T.);
#6488=EDGE_CURVE('',#5107,#5108,#1868,.T.);
#6489=EDGE_CURVE('',#5109,#5107,#1869,.T.);
#6490=EDGE_CURVE('',#5110,#5108,#1870,.T.);
#6491=EDGE_CURVE('',#5109,#5110,#1871,.T.);
#6492=EDGE_CURVE('',#5111,#5109,#1872,.T.);
#6493=EDGE_CURVE('',#5112,#5110,#1873,.T.);
#6494=EDGE_CURVE('',#5111,#5112,#1874,.T.);
#6495=EDGE_CURVE('',#5113,#5111,#1875,.T.);
#6496=EDGE_CURVE('',#5114,#5112,#1876,.T.);
#6497=EDGE_CURVE('',#5113,#5114,#1877,.T.);
#6498=EDGE_CURVE('',#5115,#5113,#1878,.T.);
#6499=EDGE_CURVE('',#5116,#5114,#1879,.T.);
#6500=EDGE_CURVE('',#5115,#5116,#1880,.T.);
#6501=EDGE_CURVE('',#5117,#5115,#1881,.T.);
#6502=EDGE_CURVE('',#5118,#5116,#1882,.T.);
#6503=EDGE_CURVE('',#5117,#5118,#1883,.T.);
#6504=EDGE_CURVE('',#5119,#5117,#1884,.T.);
#6505=EDGE_CURVE('',#5120,#5118,#1885,.T.);
#6506=EDGE_CURVE('',#5119,#5120,#1886,.T.);
#6507=EDGE_CURVE('',#5121,#5119,#1887,.T.);
#6508=EDGE_CURVE('',#5122,#5120,#1888,.T.);
#6509=EDGE_CURVE('',#5121,#5122,#1889,.T.);
#6510=EDGE_CURVE('',#5123,#5121,#1890,.T.);
#6511=EDGE_CURVE('',#5124,#5122,#1891,.T.);
#6512=EDGE_CURVE('',#5123,#5124,#1892,.T.);
#6513=EDGE_CURVE('',#5125,#5123,#1893,.T.);
#6514=EDGE_CURVE('',#5126,#5124,#1894,.T.);
#6515=EDGE_CURVE('',#5125,#5126,#1895,.T.);
#6516=EDGE_CURVE('',#5127,#5125,#1896,.T.);
#6517=EDGE_CURVE('',#5128,#5126,#1897,.T.);
#6518=EDGE_CURVE('',#5127,#5128,#1898,.T.);
#6519=EDGE_CURVE('',#5129,#5127,#1899,.T.);
#6520=EDGE_CURVE('',#5130,#5128,#1900,.T.);
#6521=EDGE_CURVE('',#5129,#5130,#1901,.T.);
#6522=EDGE_CURVE('',#5131,#5129,#1902,.T.);
#6523=EDGE_CURVE('',#5132,#5130,#1903,.T.);
#6524=EDGE_CURVE('',#5131,#5132,#1904,.T.);
#6525=EDGE_CURVE('',#5133,#5131,#1905,.T.);
#6526=EDGE_CURVE('',#5134,#5132,#1906,.T.);
#6527=EDGE_CURVE('',#5133,#5134,#1907,.T.);
#6528=EDGE_CURVE('',#5135,#5133,#1908,.T.);
#6529=EDGE_CURVE('',#5136,#5134,#1909,.T.);
#6530=EDGE_CURVE('',#5135,#5136,#1910,.T.);
#6531=EDGE_CURVE('',#5137,#5135,#1911,.T.);
#6532=EDGE_CURVE('',#5138,#5136,#1912,.T.);
#6533=EDGE_CURVE('',#5137,#5138,#1913,.T.);
#6534=EDGE_CURVE('',#5139,#5137,#1914,.T.);
#6535=EDGE_CURVE('',#5140,#5138,#1915,.T.);
#6536=EDGE_CURVE('',#5139,#5140,#1916,.T.);
#6537=EDGE_CURVE('',#5141,#5139,#1917,.T.);
#6538=EDGE_CURVE('',#5142,#5140,#1918,.T.);
#6539=EDGE_CURVE('',#5141,#5142,#1919,.T.);
#6540=EDGE_CURVE('',#5143,#5141,#1920,.T.);
#6541=EDGE_CURVE('',#5144,#5142,#1921,.T.);
#6542=EDGE_CURVE('',#5143,#5144,#1922,.T.);
#6543=EDGE_CURVE('',#5145,#5143,#1923,.T.);
#6544=EDGE_CURVE('',#5146,#5144,#1924,.T.);
#6545=EDGE_CURVE('',#5145,#5146,#1925,.T.);
#6546=EDGE_CURVE('',#5147,#5145,#1926,.T.);
#6547=EDGE_CURVE('',#5148,#5146,#1927,.T.);
#6548=EDGE_CURVE('',#5147,#5148,#1928,.T.);
#6549=EDGE_CURVE('',#5149,#5147,#1929,.T.);
#6550=EDGE_CURVE('',#5150,#5148,#1930,.T.);
#6551=EDGE_CURVE('',#5149,#5150,#1931,.T.);
#6552=EDGE_CURVE('',#5151,#5149,#1932,.T.);
#6553=EDGE_CURVE('',#5152,#5150,#1933,.T.);
#6554=EDGE_CURVE('',#5151,#5152,#1934,.T.);
#6555=EDGE_CURVE('',#5153,#5151,#1935,.T.);
#6556=EDGE_CURVE('',#5154,#5152,#1936,.T.);
#6557=EDGE_CURVE('',#5153,#5154,#1937,.T.);
#6558=EDGE_CURVE('',#5155,#5153,#1938,.T.);
#6559=EDGE_CURVE('',#5156,#5154,#1939,.T.);
#6560=EDGE_CURVE('',#5155,#5156,#1940,.T.);
#6561=EDGE_CURVE('',#5157,#5155,#1941,.T.);
#6562=EDGE_CURVE('',#5158,#5156,#1942,.T.);
#6563=EDGE_CURVE('',#5157,#5158,#1943,.T.);
#6564=EDGE_CURVE('',#5159,#5157,#1944,.T.);
#6565=EDGE_CURVE('',#5160,#5158,#1945,.T.);
#6566=EDGE_CURVE('',#5159,#5160,#1946,.T.);
#6567=EDGE_CURVE('',#5161,#5159,#1947,.T.);
#6568=EDGE_CURVE('',#5162,#5160,#1948,.T.);
#6569=EDGE_CURVE('',#5161,#5162,#1949,.T.);
#6570=EDGE_CURVE('',#5163,#5161,#1950,.T.);
#6571=EDGE_CURVE('',#5164,#5162,#1951,.T.);
#6572=EDGE_CURVE('',#5163,#5164,#1952,.T.);
#6573=EDGE_CURVE('',#5165,#5163,#1953,.T.);
#6574=EDGE_CURVE('',#5166,#5164,#1954,.T.);
#6575=EDGE_CURVE('',#5165,#5166,#1955,.T.);
#6576=EDGE_CURVE('',#5167,#5165,#1956,.T.);
#6577=EDGE_CURVE('',#5168,#5166,#1957,.T.);
#6578=EDGE_CURVE('',#5167,#5168,#1958,.T.);
#6579=EDGE_CURVE('',#5169,#5167,#1959,.T.);
#6580=EDGE_CURVE('',#5170,#5168,#1960,.T.);
#6581=EDGE_CURVE('',#5169,#5170,#1961,.T.);
#6582=EDGE_CURVE('',#5171,#5169,#1962,.T.);
#6583=EDGE_CURVE('',#5172,#5170,#1963,.T.);
#6584=EDGE_CURVE('',#5171,#5172,#1964,.T.);
#6585=EDGE_CURVE('',#5173,#5171,#1965,.T.);
#6586=EDGE_CURVE('',#5174,#5172,#1966,.T.);
#6587=EDGE_CURVE('',#5173,#5174,#1967,.T.);
#6588=EDGE_CURVE('',#5175,#5173,#1968,.T.);
#6589=EDGE_CURVE('',#5176,#5174,#1969,.T.);
#6590=EDGE_CURVE('',#5175,#5176,#1970,.T.);
#6591=EDGE_CURVE('',#5177,#5175,#1971,.T.);
#6592=EDGE_CURVE('',#5178,#5176,#1972,.T.);
#6593=EDGE_CURVE('',#5177,#5178,#1973,.T.);
#6594=EDGE_CURVE('',#5179,#5177,#1974,.T.);
#6595=EDGE_CURVE('',#5180,#5178,#1975,.T.);
#6596=EDGE_CURVE('',#5179,#5180,#1976,.T.);
#6597=EDGE_CURVE('',#5181,#5179,#1977,.T.);
#6598=EDGE_CURVE('',#5182,#5180,#1978,.T.);
#6599=EDGE_CURVE('',#5181,#5182,#1979,.T.);
#6600=EDGE_CURVE('',#5183,#5181,#1980,.T.);
#6601=EDGE_CURVE('',#5184,#5182,#1981,.T.);
#6602=EDGE_CURVE('',#5183,#5184,#1982,.T.);
#6603=EDGE_CURVE('',#5185,#5183,#1983,.T.);
#6604=EDGE_CURVE('',#5186,#5184,#1984,.T.);
#6605=EDGE_CURVE('',#5185,#5186,#1985,.T.);
#6606=EDGE_CURVE('',#5187,#5185,#1986,.T.);
#6607=EDGE_CURVE('',#5188,#5186,#1987,.T.);
#6608=EDGE_CURVE('',#5187,#5188,#1988,.T.);
#6609=EDGE_CURVE('',#5189,#5187,#1989,.T.);
#6610=EDGE_CURVE('',#5190,#5188,#1990,.T.);
#6611=EDGE_CURVE('',#5189,#5190,#1991,.T.);
#6612=EDGE_CURVE('',#5191,#5189,#1992,.T.);
#6613=EDGE_CURVE('',#5192,#5190,#1993,.T.);
#6614=EDGE_CURVE('',#5191,#5192,#1994,.T.);
#6615=EDGE_CURVE('',#5193,#5191,#1995,.T.);
#6616=EDGE_CURVE('',#5194,#5192,#1996,.T.);
#6617=EDGE_CURVE('',#5193,#5194,#1997,.T.);
#6618=EDGE_CURVE('',#5195,#5193,#1998,.T.);
#6619=EDGE_CURVE('',#5196,#5194,#1999,.T.);
#6620=EDGE_CURVE('',#5195,#5196,#2000,.T.);
#6621=EDGE_CURVE('',#5197,#5195,#2001,.T.);
#6622=EDGE_CURVE('',#5198,#5196,#2002,.T.);
#6623=EDGE_CURVE('',#5197,#5198,#2003,.T.);
#6624=EDGE_CURVE('',#5199,#5197,#2004,.T.);
#6625=EDGE_CURVE('',#5200,#5198,#2005,.T.);
#6626=EDGE_CURVE('',#5199,#5200,#2006,.T.);
#6627=EDGE_CURVE('',#5201,#5199,#2007,.T.);
#6628=EDGE_CURVE('',#5202,#5200,#2008,.T.);
#6629=EDGE_CURVE('',#5201,#5202,#2009,.T.);
#6630=EDGE_CURVE('',#5203,#5201,#2010,.T.);
#6631=EDGE_CURVE('',#5204,#5202,#2011,.T.);
#6632=EDGE_CURVE('',#5203,#5204,#2012,.T.);
#6633=EDGE_CURVE('',#5205,#5203,#2013,.T.);
#6634=EDGE_CURVE('',#5206,#5204,#2014,.T.);
#6635=EDGE_CURVE('',#5205,#5206,#2015,.T.);
#6636=EDGE_CURVE('',#5207,#5205,#2016,.T.);
#6637=EDGE_CURVE('',#5208,#5206,#2017,.T.);
#6638=EDGE_CURVE('',#5207,#5208,#2018,.T.);
#6639=EDGE_CURVE('',#5209,#5207,#2019,.T.);
#6640=EDGE_CURVE('',#5210,#5208,#2020,.T.);
#6641=EDGE_CURVE('',#5209,#5210,#2021,.T.);
#6642=EDGE_CURVE('',#5211,#5209,#2022,.T.);
#6643=EDGE_CURVE('',#5212,#5210,#2023,.T.);
#6644=EDGE_CURVE('',#5211,#5212,#2024,.T.);
#6645=EDGE_CURVE('',#5213,#5211,#2025,.T.);
#6646=EDGE_CURVE('',#5214,#5212,#2026,.T.);
#6647=EDGE_CURVE('',#5213,#5214,#2027,.T.);
#6648=EDGE_CURVE('',#5215,#5213,#2028,.T.);
#6649=EDGE_CURVE('',#5216,#5214,#2029,.T.);
#6650=EDGE_CURVE('',#5215,#5216,#2030,.T.);
#6651=EDGE_CURVE('',#5217,#5215,#2031,.T.);
#6652=EDGE_CURVE('',#5218,#5216,#2032,.T.);
#6653=EDGE_CURVE('',#5217,#5218,#2033,.T.);
#6654=EDGE_CURVE('',#5219,#5217,#2034,.T.);
#6655=EDGE_CURVE('',#5220,#5218,#2035,.T.);
#6656=EDGE_CURVE('',#5219,#5220,#2036,.T.);
#6657=EDGE_CURVE('',#5221,#5219,#2037,.T.);
#6658=EDGE_CURVE('',#5222,#5220,#2038,.T.);
#6659=EDGE_CURVE('',#5221,#5222,#2039,.T.);
#6660=EDGE_CURVE('',#5223,#5221,#2040,.T.);
#6661=EDGE_CURVE('',#5224,#5222,#2041,.T.);
#6662=EDGE_CURVE('',#5223,#5224,#2042,.T.);
#6663=EDGE_CURVE('',#5225,#5223,#2043,.T.);
#6664=EDGE_CURVE('',#5226,#5224,#2044,.T.);
#6665=EDGE_CURVE('',#5225,#5226,#2045,.T.);
#6666=EDGE_CURVE('',#5227,#5225,#2046,.T.);
#6667=EDGE_CURVE('',#5228,#5226,#2047,.T.);
#6668=EDGE_CURVE('',#5227,#5228,#2048,.T.);
#6669=EDGE_CURVE('',#5229,#5227,#2049,.T.);
#6670=EDGE_CURVE('',#5230,#5228,#2050,.T.);
#6671=EDGE_CURVE('',#5229,#5230,#2051,.T.);
#6672=EDGE_CURVE('',#5231,#5229,#2052,.T.);
#6673=EDGE_CURVE('',#5232,#5230,#2053,.T.);
#6674=EDGE_CURVE('',#5231,#5232,#2054,.T.);
#6675=EDGE_CURVE('',#5233,#5231,#2055,.T.);
#6676=EDGE_CURVE('',#5234,#5232,#2056,.T.);
#6677=EDGE_CURVE('',#5233,#5234,#2057,.T.);
#6678=EDGE_CURVE('',#5235,#5233,#2058,.T.);
#6679=EDGE_CURVE('',#5236,#5234,#2059,.T.);
#6680=EDGE_CURVE('',#5235,#5236,#2060,.T.);
#6681=EDGE_CURVE('',#5237,#5235,#2061,.T.);
#6682=EDGE_CURVE('',#5238,#5236,#2062,.T.);
#6683=EDGE_CURVE('',#5237,#5238,#2063,.T.);
#6684=EDGE_CURVE('',#5239,#5237,#2064,.T.);
#6685=EDGE_CURVE('',#5240,#5238,#2065,.T.);
#6686=EDGE_CURVE('',#5239,#5240,#2066,.T.);
#6687=EDGE_CURVE('',#5241,#5239,#2067,.T.);
#6688=EDGE_CURVE('',#5242,#5240,#2068,.T.);
#6689=EDGE_CURVE('',#5241,#5242,#2069,.T.);
#6690=EDGE_CURVE('',#5243,#5241,#2070,.T.);
#6691=EDGE_CURVE('',#5244,#5242,#2071,.T.);
#6692=EDGE_CURVE('',#5243,#5244,#2072,.T.);
#6693=EDGE_CURVE('',#5245,#5243,#2073,.T.);
#6694=EDGE_CURVE('',#5246,#5244,#2074,.T.);
#6695=EDGE_CURVE('',#5245,#5246,#2075,.T.);
#6696=EDGE_CURVE('',#5247,#5245,#2076,.T.);
#6697=EDGE_CURVE('',#5248,#5246,#2077,.T.);
#6698=EDGE_CURVE('',#5247,#5248,#2078,.T.);
#6699=EDGE_CURVE('',#5249,#5247,#2079,.T.);
#6700=EDGE_CURVE('',#5250,#5248,#2080,.T.);
#6701=EDGE_CURVE('',#5249,#5250,#2081,.T.);
#6702=EDGE_CURVE('',#5251,#5249,#2082,.T.);
#6703=EDGE_CURVE('',#5252,#5250,#2083,.T.);
#6704=EDGE_CURVE('',#5251,#5252,#2084,.T.);
#6705=EDGE_CURVE('',#5253,#5251,#2085,.T.);
#6706=EDGE_CURVE('',#5254,#5252,#2086,.T.);
#6707=EDGE_CURVE('',#5253,#5254,#2087,.T.);
#6708=EDGE_CURVE('',#5255,#5253,#2088,.T.);
#6709=EDGE_CURVE('',#5256,#5254,#2089,.T.);
#6710=EDGE_CURVE('',#5255,#5256,#2090,.T.);
#6711=EDGE_CURVE('',#5257,#5255,#2091,.T.);
#6712=EDGE_CURVE('',#5258,#5256,#2092,.T.);
#6713=EDGE_CURVE('',#5257,#5258,#2093,.T.);
#6714=EDGE_CURVE('',#5259,#5257,#2094,.T.);
#6715=EDGE_CURVE('',#5260,#5258,#2095,.T.);
#6716=EDGE_CURVE('',#5259,#5260,#2096,.T.);
#6717=EDGE_CURVE('',#5261,#5259,#2097,.T.);
#6718=EDGE_CURVE('',#5262,#5260,#2098,.T.);
#6719=EDGE_CURVE('',#5261,#5262,#2099,.T.);
#6720=EDGE_CURVE('',#5263,#5261,#2100,.T.);
#6721=EDGE_CURVE('',#5264,#5262,#2101,.T.);
#6722=EDGE_CURVE('',#5263,#5264,#2102,.T.);
#6723=EDGE_CURVE('',#5265,#5263,#2103,.T.);
#6724=EDGE_CURVE('',#5266,#5264,#2104,.T.);
#6725=EDGE_CURVE('',#5265,#5266,#2105,.T.);
#6726=EDGE_CURVE('',#5267,#5265,#2106,.T.);
#6727=EDGE_CURVE('',#5268,#5266,#2107,.T.);
#6728=EDGE_CURVE('',#5267,#5268,#2108,.T.);
#6729=EDGE_CURVE('',#5269,#5267,#2109,.T.);
#6730=EDGE_CURVE('',#5270,#5268,#2110,.T.);
#6731=EDGE_CURVE('',#5269,#5270,#2111,.T.);
#6732=EDGE_CURVE('',#5271,#5269,#2112,.T.);
#6733=EDGE_CURVE('',#5272,#5270,#2113,.T.);
#6734=EDGE_CURVE('',#5271,#5272,#2114,.T.);
#6735=EDGE_CURVE('',#5273,#5271,#2115,.T.);
#6736=EDGE_CURVE('',#5274,#5272,#2116,.T.);
#6737=EDGE_CURVE('',#5273,#5274,#2117,.T.);
#6738=EDGE_CURVE('',#5275,#5273,#2118,.T.);
#6739=EDGE_CURVE('',#5276,#5274,#2119,.T.);
#6740=EDGE_CURVE('',#5275,#5276,#2120,.T.);
#6741=EDGE_CURVE('',#5277,#5275,#2121,.T.);
#6742=EDGE_CURVE('',#5278,#5276,#2122,.T.);
#6743=EDGE_CURVE('',#5277,#5278,#2123,.T.);
#6744=EDGE_CURVE('',#5279,#5277,#2124,.T.);
#6745=EDGE_CURVE('',#5280,#5278,#2125,.T.);
#6746=EDGE_CURVE('',#5279,#5280,#2126,.T.);
#6747=EDGE_CURVE('',#5281,#5279,#2127,.T.);
#6748=EDGE_CURVE('',#5282,#5280,#2128,.T.);
#6749=EDGE_CURVE('',#5281,#5282,#2129,.T.);
#6750=EDGE_CURVE('',#5283,#5281,#2130,.T.);
#6751=EDGE_CURVE('',#5284,#5282,#2131,.T.);
#6752=EDGE_CURVE('',#5283,#5284,#2132,.T.);
#6753=EDGE_CURVE('',#5285,#5283,#2133,.T.);
#6754=EDGE_CURVE('',#5286,#5284,#2134,.T.);
#6755=EDGE_CURVE('',#5285,#5286,#2135,.T.);
#6756=EDGE_CURVE('',#5287,#5285,#2136,.T.);
#6757=EDGE_CURVE('',#5288,#5286,#2137,.T.);
#6758=EDGE_CURVE('',#5287,#5288,#2138,.T.);
#6759=EDGE_CURVE('',#5289,#5287,#2139,.T.);
#6760=EDGE_CURVE('',#5290,#5288,#2140,.T.);
#6761=EDGE_CURVE('',#5289,#5290,#2141,.T.);
#6762=EDGE_CURVE('',#5291,#5289,#2142,.T.);
#6763=EDGE_CURVE('',#5292,#5290,#2143,.T.);
#6764=EDGE_CURVE('',#5291,#5292,#2144,.T.);
#6765=EDGE_CURVE('',#5293,#5291,#2145,.T.);
#6766=EDGE_CURVE('',#5294,#5292,#2146,.T.);
#6767=EDGE_CURVE('',#5293,#5294,#2147,.T.);
#6768=EDGE_CURVE('',#5295,#5293,#2148,.T.);
#6769=EDGE_CURVE('',#5296,#5294,#2149,.T.);
#6770=EDGE_CURVE('',#5295,#5296,#2150,.T.);
#6771=EDGE_CURVE('',#5297,#5295,#2151,.T.);
#6772=EDGE_CURVE('',#5298,#5296,#2152,.T.);
#6773=EDGE_CURVE('',#5297,#5298,#2153,.T.);
#6774=EDGE_CURVE('',#5299,#5297,#2154,.T.);
#6775=EDGE_CURVE('',#5300,#5298,#2155,.T.);
#6776=EDGE_CURVE('',#5299,#5300,#2156,.T.);
#6777=EDGE_CURVE('',#5301,#5299,#2157,.T.);
#6778=EDGE_CURVE('',#5302,#5300,#2158,.T.);
#6779=EDGE_CURVE('',#5301,#5302,#2159,.T.);
#6780=EDGE_CURVE('',#5303,#5301,#2160,.T.);
#6781=EDGE_CURVE('',#5304,#5302,#2161,.T.);
#6782=EDGE_CURVE('',#5303,#5304,#2162,.T.);
#6783=EDGE_CURVE('',#5305,#5303,#2163,.T.);
#6784=EDGE_CURVE('',#5306,#5304,#2164,.T.);
#6785=EDGE_CURVE('',#5305,#5306,#2165,.T.);
#6786=EDGE_CURVE('',#5307,#5305,#2166,.T.);
#6787=EDGE_CURVE('',#5308,#5306,#2167,.T.);
#6788=EDGE_CURVE('',#5307,#5308,#2168,.T.);
#6789=EDGE_CURVE('',#5309,#5307,#2169,.T.);
#6790=EDGE_CURVE('',#5310,#5308,#2170,.T.);
#6791=EDGE_CURVE('',#5309,#5310,#2171,.T.);
#6792=EDGE_CURVE('',#5311,#5309,#2172,.T.);
#6793=EDGE_CURVE('',#5312,#5310,#2173,.T.);
#6794=EDGE_CURVE('',#5311,#5312,#2174,.T.);
#6795=EDGE_CURVE('',#5313,#5311,#2175,.T.);
#6796=EDGE_CURVE('',#5314,#5312,#2176,.T.);
#6797=EDGE_CURVE('',#5313,#5314,#2177,.T.);
#6798=EDGE_CURVE('',#5315,#5313,#2178,.T.);
#6799=EDGE_CURVE('',#5316,#5314,#2179,.T.);
#6800=EDGE_CURVE('',#5315,#5316,#2180,.T.);
#6801=EDGE_CURVE('',#5317,#5315,#2181,.T.);
#6802=EDGE_CURVE('',#5318,#5316,#2182,.T.);
#6803=EDGE_CURVE('',#5317,#5318,#2183,.T.);
#6804=EDGE_CURVE('',#5319,#5317,#2184,.T.);
#6805=EDGE_CURVE('',#5320,#5318,#2185,.T.);
#6806=EDGE_CURVE('',#5319,#5320,#2186,.T.);
#6807=EDGE_CURVE('',#5321,#5319,#2187,.T.);
#6808=EDGE_CURVE('',#5322,#5320,#2188,.T.);
#6809=EDGE_CURVE('',#5321,#5322,#2189,.T.);
#6810=EDGE_CURVE('',#5323,#5321,#2190,.T.);
#6811=EDGE_CURVE('',#5324,#5322,#2191,.T.);
#6812=EDGE_CURVE('',#5323,#5324,#2192,.T.);
#6813=EDGE_CURVE('',#5325,#5323,#2193,.T.);
#6814=EDGE_CURVE('',#5326,#5324,#2194,.T.);
#6815=EDGE_CURVE('',#5325,#5326,#2195,.T.);
#6816=EDGE_CURVE('',#5327,#5325,#2196,.T.);
#6817=EDGE_CURVE('',#5328,#5326,#2197,.T.);
#6818=EDGE_CURVE('',#5327,#5328,#2198,.T.);
#6819=EDGE_CURVE('',#5329,#5327,#2199,.T.);
#6820=EDGE_CURVE('',#5330,#5328,#2200,.T.);
#6821=EDGE_CURVE('',#5329,#5330,#2201,.T.);
#6822=EDGE_CURVE('',#5331,#5329,#2202,.T.);
#6823=EDGE_CURVE('',#5332,#5330,#2203,.T.);
#6824=EDGE_CURVE('',#5331,#5332,#2204,.T.);
#6825=EDGE_CURVE('',#5333,#5331,#2205,.T.);
#6826=EDGE_CURVE('',#5334,#5332,#2206,.T.);
#6827=EDGE_CURVE('',#5333,#5334,#2207,.T.);
#6828=EDGE_CURVE('',#5335,#5333,#2208,.T.);
#6829=EDGE_CURVE('',#5336,#5334,#2209,.T.);
#6830=EDGE_CURVE('',#5335,#5336,#2210,.T.);
#6831=EDGE_CURVE('',#5337,#5335,#2211,.T.);
#6832=EDGE_CURVE('',#5338,#5336,#2212,.T.);
#6833=EDGE_CURVE('',#5337,#5338,#2213,.T.);
#6834=EDGE_CURVE('',#5339,#5337,#2214,.T.);
#6835=EDGE_CURVE('',#5340,#5338,#2215,.T.);
#6836=EDGE_CURVE('',#5339,#5340,#2216,.T.);
#6837=EDGE_CURVE('',#5341,#5339,#2217,.T.);
#6838=EDGE_CURVE('',#5342,#5340,#2218,.T.);
#6839=EDGE_CURVE('',#5341,#5342,#2219,.T.);
#6840=EDGE_CURVE('',#5343,#5341,#2220,.T.);
#6841=EDGE_CURVE('',#5344,#5342,#2221,.T.);
#6842=EDGE_CURVE('',#5343,#5344,#2222,.T.);
#6843=EDGE_CURVE('',#5345,#5343,#2223,.T.);
#6844=EDGE_CURVE('',#5346,#5344,#2224,.T.);
#6845=EDGE_CURVE('',#5345,#5346,#2225,.T.);
#6846=EDGE_CURVE('',#5347,#5345,#2226,.T.);
#6847=EDGE_CURVE('',#5348,#5346,#2227,.T.);
#6848=EDGE_CURVE('',#5347,#5348,#2228,.T.);
#6849=EDGE_CURVE('',#5349,#5347,#2229,.T.);
#6850=EDGE_CURVE('',#5350,#5348,#2230,.T.);
#6851=EDGE_CURVE('',#5349,#5350,#2231,.T.);
#6852=EDGE_CURVE('',#5351,#5349,#2232,.T.);
#6853=EDGE_CURVE('',#5352,#5350,#2233,.T.);
#6854=EDGE_CURVE('',#5351,#5352,#2234,.T.);
#6855=EDGE_CURVE('',#5353,#5351,#2235,.T.);
#6856=EDGE_CURVE('',#5354,#5352,#2236,.T.);
#6857=EDGE_CURVE('',#5353,#5354,#2237,.T.);
#6858=EDGE_CURVE('',#5355,#5353,#2238,.T.);
#6859=EDGE_CURVE('',#5356,#5354,#2239,.T.);
#6860=EDGE_CURVE('',#5355,#5356,#2240,.T.);
#6861=EDGE_CURVE('',#5357,#5355,#2241,.T.);
#6862=EDGE_CURVE('',#5358,#5356,#2242,.T.);
#6863=EDGE_CURVE('',#5357,#5358,#2243,.T.);
#6864=EDGE_CURVE('',#5359,#5357,#2244,.T.);
#6865=EDGE_CURVE('',#5360,#5358,#2245,.T.);
#6866=EDGE_CURVE('',#5359,#5360,#2246,.T.);
#6867=EDGE_CURVE('',#5361,#5359,#2247,.T.);
#6868=EDGE_CURVE('',#5362,#5360,#2248,.T.);
#6869=EDGE_CURVE('',#5361,#5362,#2249,.T.);
#6870=EDGE_CURVE('',#5363,#5361,#2250,.T.);
#6871=EDGE_CURVE('',#5364,#5362,#2251,.T.);
#6872=EDGE_CURVE('',#5363,#5364,#2252,.T.);
#6873=EDGE_CURVE('',#5365,#5363,#2253,.T.);
#6874=EDGE_CURVE('',#5366,#5364,#2254,.T.);
#6875=EDGE_CURVE('',#5365,#5366,#2255,.T.);
#6876=EDGE_CURVE('',#5367,#5365,#2256,.T.);
#6877=EDGE_CURVE('',#5368,#5366,#2257,.T.);
#6878=EDGE_CURVE('',#5367,#5368,#2258,.T.);
#6879=EDGE_CURVE('',#5369,#5367,#2259,.T.);
#6880=EDGE_CURVE('',#5370,#5368,#2260,.T.);
#6881=EDGE_CURVE('',#5369,#5370,#2261,.T.);
#6882=EDGE_CURVE('',#5371,#5369,#2262,.T.);
#6883=EDGE_CURVE('',#5372,#5370,#2263,.T.);
#6884=EDGE_CURVE('',#5371,#5372,#2264,.T.);
#6885=EDGE_CURVE('',#5373,#5371,#2265,.T.);
#6886=EDGE_CURVE('',#5374,#5372,#2266,.T.);
#6887=EDGE_CURVE('',#5373,#5374,#2267,.T.);
#6888=EDGE_CURVE('',#5375,#5373,#2268,.T.);
#6889=EDGE_CURVE('',#5376,#5374,#2269,.T.);
#6890=EDGE_CURVE('',#5375,#5376,#2270,.T.);
#6891=EDGE_CURVE('',#5377,#5375,#2271,.T.);
#6892=EDGE_CURVE('',#5378,#5376,#2272,.T.);
#6893=EDGE_CURVE('',#5377,#5378,#2273,.T.);
#6894=EDGE_CURVE('',#5379,#5377,#2274,.T.);
#6895=EDGE_CURVE('',#5380,#5378,#2275,.T.);
#6896=EDGE_CURVE('',#5379,#5380,#2276,.T.);
#6897=EDGE_CURVE('',#5381,#5379,#2277,.T.);
#6898=EDGE_CURVE('',#5382,#5380,#2278,.T.);
#6899=EDGE_CURVE('',#5381,#5382,#2279,.T.);
#6900=EDGE_CURVE('',#5383,#5381,#2280,.T.);
#6901=EDGE_CURVE('',#5384,#5382,#2281,.T.);
#6902=EDGE_CURVE('',#5383,#5384,#2282,.T.);
#6903=EDGE_CURVE('',#5385,#5383,#74,.T.);
#6904=EDGE_CURVE('',#5386,#5384,#75,.T.);
#6905=EDGE_CURVE('',#5385,#5386,#2283,.T.);
#6906=EDGE_CURVE('',#5387,#5385,#2284,.T.);
#6907=EDGE_CURVE('',#5388,#5386,#2285,.T.);
#6908=EDGE_CURVE('',#5387,#5388,#2286,.T.);
#6909=EDGE_CURVE('',#5389,#5387,#2287,.T.);
#6910=EDGE_CURVE('',#5390,#5388,#2288,.T.);
#6911=EDGE_CURVE('',#5389,#5390,#2289,.T.);
#6912=EDGE_CURVE('',#5391,#5389,#2290,.T.);
#6913=EDGE_CURVE('',#5392,#5390,#2291,.T.);
#6914=EDGE_CURVE('',#5391,#5392,#2292,.T.);
#6915=EDGE_CURVE('',#5393,#5391,#2293,.T.);
#6916=EDGE_CURVE('',#5394,#5392,#2294,.T.);
#6917=EDGE_CURVE('',#5393,#5394,#2295,.T.);
#6918=EDGE_CURVE('',#5395,#5393,#2296,.T.);
#6919=EDGE_CURVE('',#5396,#5394,#2297,.T.);
#6920=EDGE_CURVE('',#5395,#5396,#2298,.T.);
#6921=EDGE_CURVE('',#5397,#5395,#2299,.T.);
#6922=EDGE_CURVE('',#5398,#5396,#2300,.T.);
#6923=EDGE_CURVE('',#5397,#5398,#2301,.T.);
#6924=EDGE_CURVE('',#5399,#5397,#2302,.T.);
#6925=EDGE_CURVE('',#5400,#5398,#2303,.T.);
#6926=EDGE_CURVE('',#5399,#5400,#2304,.T.);
#6927=EDGE_CURVE('',#5401,#5399,#2305,.T.);
#6928=EDGE_CURVE('',#5402,#5400,#2306,.T.);
#6929=EDGE_CURVE('',#5401,#5402,#2307,.T.);
#6930=EDGE_CURVE('',#5403,#5401,#2308,.T.);
#6931=EDGE_CURVE('',#5404,#5402,#2309,.T.);
#6932=EDGE_CURVE('',#5403,#5404,#2310,.T.);
#6933=EDGE_CURVE('',#5405,#5403,#2311,.T.);
#6934=EDGE_CURVE('',#5406,#5404,#2312,.T.);
#6935=EDGE_CURVE('',#5405,#5406,#2313,.T.);
#6936=EDGE_CURVE('',#5407,#5405,#2314,.T.);
#6937=EDGE_CURVE('',#5408,#5406,#2315,.T.);
#6938=EDGE_CURVE('',#5407,#5408,#2316,.T.);
#6939=EDGE_CURVE('',#5409,#5407,#2317,.T.);
#6940=EDGE_CURVE('',#5410,#5408,#2318,.T.);
#6941=EDGE_CURVE('',#5409,#5410,#2319,.T.);
#6942=EDGE_CURVE('',#5411,#5409,#2320,.T.);
#6943=EDGE_CURVE('',#5412,#5410,#2321,.T.);
#6944=EDGE_CURVE('',#5411,#5412,#2322,.T.);
#6945=EDGE_CURVE('',#5413,#5411,#2323,.T.);
#6946=EDGE_CURVE('',#5414,#5412,#2324,.T.);
#6947=EDGE_CURVE('',#5413,#5414,#2325,.T.);
#6948=EDGE_CURVE('',#5415,#5413,#2326,.T.);
#6949=EDGE_CURVE('',#5416,#5414,#2327,.T.);
#6950=EDGE_CURVE('',#5415,#5416,#2328,.T.);
#6951=EDGE_CURVE('',#5417,#5415,#2329,.T.);
#6952=EDGE_CURVE('',#5418,#5416,#2330,.T.);
#6953=EDGE_CURVE('',#5417,#5418,#2331,.T.);
#6954=EDGE_CURVE('',#5419,#5417,#2332,.T.);
#6955=EDGE_CURVE('',#5420,#5418,#2333,.T.);
#6956=EDGE_CURVE('',#5419,#5420,#2334,.T.);
#6957=EDGE_CURVE('',#5421,#5419,#2335,.T.);
#6958=EDGE_CURVE('',#5422,#5420,#2336,.T.);
#6959=EDGE_CURVE('',#5421,#5422,#2337,.T.);
#6960=EDGE_CURVE('',#5423,#5421,#2338,.T.);
#6961=EDGE_CURVE('',#5424,#5422,#2339,.T.);
#6962=EDGE_CURVE('',#5423,#5424,#2340,.T.);
#6963=EDGE_CURVE('',#5425,#5423,#2341,.T.);
#6964=EDGE_CURVE('',#5426,#5424,#2342,.T.);
#6965=EDGE_CURVE('',#5425,#5426,#2343,.T.);
#6966=EDGE_CURVE('',#5427,#5425,#2344,.T.);
#6967=EDGE_CURVE('',#5428,#5426,#2345,.T.);
#6968=EDGE_CURVE('',#5427,#5428,#2346,.T.);
#6969=EDGE_CURVE('',#5429,#5427,#2347,.T.);
#6970=EDGE_CURVE('',#5430,#5428,#2348,.T.);
#6971=EDGE_CURVE('',#5429,#5430,#2349,.T.);
#6972=EDGE_CURVE('',#5431,#5429,#2350,.T.);
#6973=EDGE_CURVE('',#5432,#5430,#2351,.T.);
#6974=EDGE_CURVE('',#5431,#5432,#2352,.T.);
#6975=EDGE_CURVE('',#5433,#5431,#2353,.T.);
#6976=EDGE_CURVE('',#5434,#5432,#2354,.T.);
#6977=EDGE_CURVE('',#5433,#5434,#2355,.T.);
#6978=EDGE_CURVE('',#5435,#5433,#2356,.T.);
#6979=EDGE_CURVE('',#5436,#5434,#2357,.T.);
#6980=EDGE_CURVE('',#5435,#5436,#2358,.T.);
#6981=EDGE_CURVE('',#5437,#5435,#2359,.T.);
#6982=EDGE_CURVE('',#5438,#5436,#2360,.T.);
#6983=EDGE_CURVE('',#5437,#5438,#2361,.T.);
#6984=EDGE_CURVE('',#5439,#5437,#2362,.T.);
#6985=EDGE_CURVE('',#5440,#5438,#2363,.T.);
#6986=EDGE_CURVE('',#5439,#5440,#2364,.T.);
#6987=EDGE_CURVE('',#5441,#5439,#2365,.T.);
#6988=EDGE_CURVE('',#5442,#5440,#2366,.T.);
#6989=EDGE_CURVE('',#5441,#5442,#2367,.T.);
#6990=EDGE_CURVE('',#5443,#5441,#2368,.T.);
#6991=EDGE_CURVE('',#5444,#5442,#2369,.T.);
#6992=EDGE_CURVE('',#5443,#5444,#2370,.T.);
#6993=EDGE_CURVE('',#5445,#5443,#2371,.T.);
#6994=EDGE_CURVE('',#5446,#5444,#2372,.T.);
#6995=EDGE_CURVE('',#5445,#5446,#2373,.T.);
#6996=EDGE_CURVE('',#5447,#5445,#2374,.T.);
#6997=EDGE_CURVE('',#5448,#5446,#2375,.T.);
#6998=EDGE_CURVE('',#5447,#5448,#2376,.T.);
#6999=EDGE_CURVE('',#5449,#5447,#2377,.T.);
#7000=EDGE_CURVE('',#5450,#5448,#2378,.T.);
#7001=EDGE_CURVE('',#5449,#5450,#2379,.T.);
#7002=EDGE_CURVE('',#5451,#5449,#2380,.T.);
#7003=EDGE_CURVE('',#5452,#5450,#2381,.T.);
#7004=EDGE_CURVE('',#5451,#5452,#2382,.T.);
#7005=EDGE_CURVE('',#5453,#5451,#2383,.T.);
#7006=EDGE_CURVE('',#5454,#5452,#2384,.T.);
#7007=EDGE_CURVE('',#5453,#5454,#2385,.T.);
#7008=EDGE_CURVE('',#5455,#5453,#2386,.T.);
#7009=EDGE_CURVE('',#5456,#5454,#2387,.T.);
#7010=EDGE_CURVE('',#5455,#5456,#2388,.T.);
#7011=EDGE_CURVE('',#5457,#5455,#2389,.T.);
#7012=EDGE_CURVE('',#5458,#5456,#2390,.T.);
#7013=EDGE_CURVE('',#5457,#5458,#2391,.T.);
#7014=EDGE_CURVE('',#5459,#5457,#2392,.T.);
#7015=EDGE_CURVE('',#5460,#5458,#2393,.T.);
#7016=EDGE_CURVE('',#5459,#5460,#2394,.T.);
#7017=EDGE_CURVE('',#5461,#5459,#2395,.T.);
#7018=EDGE_CURVE('',#5462,#5460,#2396,.T.);
#7019=EDGE_CURVE('',#5461,#5462,#2397,.T.);
#7020=EDGE_CURVE('',#5463,#5461,#2398,.T.);
#7021=EDGE_CURVE('',#5464,#5462,#2399,.T.);
#7022=EDGE_CURVE('',#5463,#5464,#2400,.T.);
#7023=EDGE_CURVE('',#5465,#5463,#2401,.T.);
#7024=EDGE_CURVE('',#5466,#5464,#2402,.T.);
#7025=EDGE_CURVE('',#5465,#5466,#2403,.T.);
#7026=EDGE_CURVE('',#5467,#5465,#2404,.T.);
#7027=EDGE_CURVE('',#5468,#5466,#2405,.T.);
#7028=EDGE_CURVE('',#5467,#5468,#2406,.T.);
#7029=EDGE_CURVE('',#5469,#5467,#2407,.T.);
#7030=EDGE_CURVE('',#5470,#5468,#2408,.T.);
#7031=EDGE_CURVE('',#5469,#5470,#2409,.T.);
#7032=EDGE_CURVE('',#5471,#5469,#2410,.T.);
#7033=EDGE_CURVE('',#5472,#5470,#2411,.T.);
#7034=EDGE_CURVE('',#5471,#5472,#2412,.T.);
#7035=EDGE_CURVE('',#5473,#5471,#2413,.T.);
#7036=EDGE_CURVE('',#5474,#5472,#2414,.T.);
#7037=EDGE_CURVE('',#5473,#5474,#2415,.T.);
#7038=EDGE_CURVE('',#5475,#5473,#2416,.T.);
#7039=EDGE_CURVE('',#5476,#5474,#2417,.T.);
#7040=EDGE_CURVE('',#5475,#5476,#2418,.T.);
#7041=EDGE_CURVE('',#5477,#5475,#2419,.T.);
#7042=EDGE_CURVE('',#5478,#5476,#2420,.T.);
#7043=EDGE_CURVE('',#5477,#5478,#2421,.T.);
#7044=EDGE_CURVE('',#5479,#5477,#2422,.T.);
#7045=EDGE_CURVE('',#5480,#5478,#2423,.T.);
#7046=EDGE_CURVE('',#5479,#5480,#2424,.T.);
#7047=EDGE_CURVE('',#5481,#5479,#2425,.T.);
#7048=EDGE_CURVE('',#5482,#5480,#2426,.T.);
#7049=EDGE_CURVE('',#5481,#5482,#2427,.T.);
#7050=EDGE_CURVE('',#5483,#5481,#2428,.T.);
#7051=EDGE_CURVE('',#5484,#5482,#2429,.T.);
#7052=EDGE_CURVE('',#5483,#5484,#2430,.T.);
#7053=EDGE_CURVE('',#5485,#5483,#2431,.T.);
#7054=EDGE_CURVE('',#5486,#5484,#2432,.T.);
#7055=EDGE_CURVE('',#5485,#5486,#2433,.T.);
#7056=EDGE_CURVE('',#5487,#5485,#2434,.T.);
#7057=EDGE_CURVE('',#5488,#5486,#2435,.T.);
#7058=EDGE_CURVE('',#5487,#5488,#2436,.T.);
#7059=EDGE_CURVE('',#5489,#5487,#2437,.T.);
#7060=EDGE_CURVE('',#5490,#5488,#2438,.T.);
#7061=EDGE_CURVE('',#5489,#5490,#2439,.T.);
#7062=EDGE_CURVE('',#5491,#5489,#2440,.T.);
#7063=EDGE_CURVE('',#5492,#5490,#2441,.T.);
#7064=EDGE_CURVE('',#5491,#5492,#2442,.T.);
#7065=EDGE_CURVE('',#5493,#5491,#2443,.T.);
#7066=EDGE_CURVE('',#5494,#5492,#2444,.T.);
#7067=EDGE_CURVE('',#5493,#5494,#2445,.T.);
#7068=EDGE_CURVE('',#5495,#5493,#2446,.T.);
#7069=EDGE_CURVE('',#5496,#5494,#2447,.T.);
#7070=EDGE_CURVE('',#5495,#5496,#2448,.T.);
#7071=EDGE_CURVE('',#5497,#5495,#2449,.T.);
#7072=EDGE_CURVE('',#5498,#5496,#2450,.T.);
#7073=EDGE_CURVE('',#5497,#5498,#2451,.T.);
#7074=EDGE_CURVE('',#5499,#5497,#2452,.T.);
#7075=EDGE_CURVE('',#5500,#5498,#2453,.T.);
#7076=EDGE_CURVE('',#5499,#5500,#2454,.T.);
#7077=EDGE_CURVE('',#5501,#5499,#2455,.T.);
#7078=EDGE_CURVE('',#5502,#5500,#2456,.T.);
#7079=EDGE_CURVE('',#5501,#5502,#2457,.T.);
#7080=EDGE_CURVE('',#5503,#5501,#2458,.T.);
#7081=EDGE_CURVE('',#5504,#5502,#2459,.T.);
#7082=EDGE_CURVE('',#5503,#5504,#2460,.T.);
#7083=EDGE_CURVE('',#5505,#5503,#2461,.T.);
#7084=EDGE_CURVE('',#5506,#5504,#2462,.T.);
#7085=EDGE_CURVE('',#5505,#5506,#2463,.T.);
#7086=EDGE_CURVE('',#5507,#5505,#2464,.T.);
#7087=EDGE_CURVE('',#5508,#5506,#2465,.T.);
#7088=EDGE_CURVE('',#5507,#5508,#2466,.T.);
#7089=EDGE_CURVE('',#5509,#5507,#2467,.T.);
#7090=EDGE_CURVE('',#5510,#5508,#2468,.T.);
#7091=EDGE_CURVE('',#5509,#5510,#2469,.T.);
#7092=EDGE_CURVE('',#5511,#5509,#2470,.T.);
#7093=EDGE_CURVE('',#5512,#5510,#2471,.T.);
#7094=EDGE_CURVE('',#5511,#5512,#2472,.T.);
#7095=EDGE_CURVE('',#5513,#5511,#2473,.T.);
#7096=EDGE_CURVE('',#5514,#5512,#2474,.T.);
#7097=EDGE_CURVE('',#5513,#5514,#2475,.T.);
#7098=EDGE_CURVE('',#5515,#5513,#2476,.T.);
#7099=EDGE_CURVE('',#5516,#5514,#2477,.T.);
#7100=EDGE_CURVE('',#5515,#5516,#2478,.T.);
#7101=EDGE_CURVE('',#5517,#5515,#2479,.T.);
#7102=EDGE_CURVE('',#5518,#5516,#2480,.T.);
#7103=EDGE_CURVE('',#5517,#5518,#2481,.T.);
#7104=EDGE_CURVE('',#5519,#5517,#2482,.T.);
#7105=EDGE_CURVE('',#5520,#5518,#2483,.T.);
#7106=EDGE_CURVE('',#5519,#5520,#2484,.T.);
#7107=EDGE_CURVE('',#5521,#5519,#2485,.T.);
#7108=EDGE_CURVE('',#5522,#5520,#2486,.T.);
#7109=EDGE_CURVE('',#5521,#5522,#2487,.T.);
#7110=EDGE_CURVE('',#5523,#5521,#2488,.T.);
#7111=EDGE_CURVE('',#5524,#5522,#2489,.T.);
#7112=EDGE_CURVE('',#5523,#5524,#2490,.T.);
#7113=EDGE_CURVE('',#5525,#5523,#2491,.T.);
#7114=EDGE_CURVE('',#5526,#5524,#2492,.T.);
#7115=EDGE_CURVE('',#5525,#5526,#2493,.T.);
#7116=EDGE_CURVE('',#5527,#5525,#2494,.T.);
#7117=EDGE_CURVE('',#5528,#5526,#2495,.T.);
#7118=EDGE_CURVE('',#5527,#5528,#2496,.T.);
#7119=EDGE_CURVE('',#5529,#5527,#2497,.T.);
#7120=EDGE_CURVE('',#5530,#5528,#2498,.T.);
#7121=EDGE_CURVE('',#5529,#5530,#2499,.T.);
#7122=EDGE_CURVE('',#5531,#5529,#2500,.T.);
#7123=EDGE_CURVE('',#5532,#5530,#2501,.T.);
#7124=EDGE_CURVE('',#5531,#5532,#2502,.T.);
#7125=EDGE_CURVE('',#5533,#5531,#2503,.T.);
#7126=EDGE_CURVE('',#5534,#5532,#2504,.T.);
#7127=EDGE_CURVE('',#5533,#5534,#2505,.T.);
#7128=EDGE_CURVE('',#5535,#5533,#2506,.T.);
#7129=EDGE_CURVE('',#5536,#5534,#2507,.T.);
#7130=EDGE_CURVE('',#5535,#5536,#2508,.T.);
#7131=EDGE_CURVE('',#5537,#5535,#2509,.T.);
#7132=EDGE_CURVE('',#5538,#5536,#2510,.T.);
#7133=EDGE_CURVE('',#5537,#5538,#2511,.T.);
#7134=EDGE_CURVE('',#5539,#5537,#2512,.T.);
#7135=EDGE_CURVE('',#5540,#5538,#2513,.T.);
#7136=EDGE_CURVE('',#5539,#5540,#2514,.T.);
#7137=EDGE_CURVE('',#5541,#5539,#2515,.T.);
#7138=EDGE_CURVE('',#5542,#5540,#2516,.T.);
#7139=EDGE_CURVE('',#5541,#5542,#2517,.T.);
#7140=EDGE_CURVE('',#5543,#5541,#2518,.T.);
#7141=EDGE_CURVE('',#5544,#5542,#2519,.T.);
#7142=EDGE_CURVE('',#5543,#5544,#2520,.T.);
#7143=EDGE_CURVE('',#5545,#5543,#2521,.T.);
#7144=EDGE_CURVE('',#5546,#5544,#2522,.T.);
#7145=EDGE_CURVE('',#5545,#5546,#2523,.T.);
#7146=EDGE_CURVE('',#5547,#5545,#76,.T.);
#7147=EDGE_CURVE('',#5548,#5546,#77,.T.);
#7148=EDGE_CURVE('',#5547,#5548,#2524,.T.);
#7149=EDGE_CURVE('',#5549,#5547,#2525,.T.);
#7150=EDGE_CURVE('',#5550,#5548,#2526,.T.);
#7151=EDGE_CURVE('',#5549,#5550,#2527,.T.);
#7152=EDGE_CURVE('',#5551,#5549,#2528,.T.);
#7153=EDGE_CURVE('',#5552,#5550,#2529,.T.);
#7154=EDGE_CURVE('',#5551,#5552,#2530,.T.);
#7155=EDGE_CURVE('',#5553,#5551,#2531,.T.);
#7156=EDGE_CURVE('',#5554,#5552,#2532,.T.);
#7157=EDGE_CURVE('',#5553,#5554,#2533,.T.);
#7158=EDGE_CURVE('',#5555,#5553,#2534,.T.);
#7159=EDGE_CURVE('',#5556,#5554,#2535,.T.);
#7160=EDGE_CURVE('',#5555,#5556,#2536,.T.);
#7161=EDGE_CURVE('',#5557,#5555,#2537,.T.);
#7162=EDGE_CURVE('',#5558,#5556,#2538,.T.);
#7163=EDGE_CURVE('',#5557,#5558,#2539,.T.);
#7164=EDGE_CURVE('',#5559,#5557,#2540,.T.);
#7165=EDGE_CURVE('',#5560,#5558,#2541,.T.);
#7166=EDGE_CURVE('',#5559,#5560,#2542,.T.);
#7167=EDGE_CURVE('',#5561,#5559,#2543,.T.);
#7168=EDGE_CURVE('',#5562,#5560,#2544,.T.);
#7169=EDGE_CURVE('',#5561,#5562,#2545,.T.);
#7170=EDGE_CURVE('',#5563,#5561,#2546,.T.);
#7171=EDGE_CURVE('',#5564,#5562,#2547,.T.);
#7172=EDGE_CURVE('',#5563,#5564,#2548,.T.);
#7173=EDGE_CURVE('',#5565,#5563,#2549,.T.);
#7174=EDGE_CURVE('',#5566,#5564,#2550,.T.);
#7175=EDGE_CURVE('',#5565,#5566,#2551,.T.);
#7176=EDGE_CURVE('',#5567,#5565,#2552,.T.);
#7177=EDGE_CURVE('',#5568,#5566,#2553,.T.);
#7178=EDGE_CURVE('',#5567,#5568,#2554,.T.);
#7179=EDGE_CURVE('',#5569,#5567,#2555,.T.);
#7180=EDGE_CURVE('',#5570,#5568,#2556,.T.);
#7181=EDGE_CURVE('',#5569,#5570,#2557,.T.);
#7182=EDGE_CURVE('',#5571,#5569,#2558,.T.);
#7183=EDGE_CURVE('',#5572,#5570,#2559,.T.);
#7184=EDGE_CURVE('',#5571,#5572,#2560,.T.);
#7185=EDGE_CURVE('',#5573,#5571,#2561,.T.);
#7186=EDGE_CURVE('',#5574,#5572,#2562,.T.);
#7187=EDGE_CURVE('',#5573,#5574,#2563,.T.);
#7188=EDGE_CURVE('',#5575,#5573,#2564,.T.);
#7189=EDGE_CURVE('',#5576,#5574,#2565,.T.);
#7190=EDGE_CURVE('',#5575,#5576,#2566,.T.);
#7191=EDGE_CURVE('',#5577,#5575,#2567,.T.);
#7192=EDGE_CURVE('',#5578,#5576,#2568,.T.);
#7193=EDGE_CURVE('',#5577,#5578,#2569,.T.);
#7194=EDGE_CURVE('',#5579,#5577,#78,.T.);
#7195=EDGE_CURVE('',#5580,#5578,#79,.T.);
#7196=EDGE_CURVE('',#5579,#5580,#2570,.T.);
#7197=EDGE_CURVE('',#5581,#5579,#2571,.T.);
#7198=EDGE_CURVE('',#5582,#5580,#2572,.T.);
#7199=EDGE_CURVE('',#5581,#5582,#2573,.T.);
#7200=EDGE_CURVE('',#5583,#5581,#2574,.T.);
#7201=EDGE_CURVE('',#5584,#5582,#2575,.T.);
#7202=EDGE_CURVE('',#5583,#5584,#2576,.T.);
#7203=EDGE_CURVE('',#5585,#5583,#2577,.T.);
#7204=EDGE_CURVE('',#5586,#5584,#2578,.T.);
#7205=EDGE_CURVE('',#5585,#5586,#2579,.T.);
#7206=EDGE_CURVE('',#5587,#5585,#2580,.T.);
#7207=EDGE_CURVE('',#5588,#5586,#2581,.T.);
#7208=EDGE_CURVE('',#5587,#5588,#2582,.T.);
#7209=EDGE_CURVE('',#5589,#5587,#2583,.T.);
#7210=EDGE_CURVE('',#5590,#5588,#2584,.T.);
#7211=EDGE_CURVE('',#5589,#5590,#2585,.T.);
#7212=EDGE_CURVE('',#5591,#5589,#2586,.T.);
#7213=EDGE_CURVE('',#5592,#5590,#2587,.T.);
#7214=EDGE_CURVE('',#5591,#5592,#2588,.T.);
#7215=EDGE_CURVE('',#5593,#5591,#2589,.T.);
#7216=EDGE_CURVE('',#5594,#5592,#2590,.T.);
#7217=EDGE_CURVE('',#5593,#5594,#2591,.T.);
#7218=EDGE_CURVE('',#5595,#5593,#2592,.T.);
#7219=EDGE_CURVE('',#5596,#5594,#2593,.T.);
#7220=EDGE_CURVE('',#5595,#5596,#2594,.T.);
#7221=EDGE_CURVE('',#5597,#5595,#2595,.T.);
#7222=EDGE_CURVE('',#5598,#5596,#2596,.T.);
#7223=EDGE_CURVE('',#5597,#5598,#2597,.T.);
#7224=EDGE_CURVE('',#5599,#5597,#2598,.T.);
#7225=EDGE_CURVE('',#5600,#5598,#2599,.T.);
#7226=EDGE_CURVE('',#5599,#5600,#2600,.T.);
#7227=EDGE_CURVE('',#5601,#5599,#2601,.T.);
#7228=EDGE_CURVE('',#5602,#5600,#2602,.T.);
#7229=EDGE_CURVE('',#5601,#5602,#2603,.T.);
#7230=EDGE_CURVE('',#5603,#5601,#2604,.T.);
#7231=EDGE_CURVE('',#5604,#5602,#2605,.T.);
#7232=EDGE_CURVE('',#5603,#5604,#2606,.T.);
#7233=EDGE_CURVE('',#5605,#5603,#2607,.T.);
#7234=EDGE_CURVE('',#5606,#5604,#2608,.T.);
#7235=EDGE_CURVE('',#5605,#5606,#2609,.T.);
#7236=EDGE_CURVE('',#5607,#5605,#2610,.T.);
#7237=EDGE_CURVE('',#5608,#5606,#2611,.T.);
#7238=EDGE_CURVE('',#5607,#5608,#2612,.T.);
#7239=EDGE_CURVE('',#5609,#5607,#2613,.T.);
#7240=EDGE_CURVE('',#5610,#5608,#2614,.T.);
#7241=EDGE_CURVE('',#5609,#5610,#2615,.T.);
#7242=EDGE_CURVE('',#5611,#5609,#80,.T.);
#7243=EDGE_CURVE('',#5612,#5610,#81,.T.);
#7244=EDGE_CURVE('',#5611,#5612,#2616,.T.);
#7245=EDGE_CURVE('',#5613,#5611,#2617,.T.);
#7246=EDGE_CURVE('',#5614,#5612,#2618,.T.);
#7247=EDGE_CURVE('',#5613,#5614,#2619,.T.);
#7248=EDGE_CURVE('',#5615,#5613,#2620,.T.);
#7249=EDGE_CURVE('',#5616,#5614,#2621,.T.);
#7250=EDGE_CURVE('',#5615,#5616,#2622,.T.);
#7251=EDGE_CURVE('',#5617,#5615,#2623,.T.);
#7252=EDGE_CURVE('',#5618,#5616,#2624,.T.);
#7253=EDGE_CURVE('',#5617,#5618,#2625,.T.);
#7254=EDGE_CURVE('',#5619,#5617,#2626,.T.);
#7255=EDGE_CURVE('',#5620,#5618,#2627,.T.);
#7256=EDGE_CURVE('',#5619,#5620,#2628,.T.);
#7257=EDGE_CURVE('',#5621,#5619,#2629,.T.);
#7258=EDGE_CURVE('',#5622,#5620,#2630,.T.);
#7259=EDGE_CURVE('',#5621,#5622,#2631,.T.);
#7260=EDGE_CURVE('',#5623,#5621,#2632,.T.);
#7261=EDGE_CURVE('',#5624,#5622,#2633,.T.);
#7262=EDGE_CURVE('',#5623,#5624,#2634,.T.);
#7263=EDGE_CURVE('',#5625,#5623,#2635,.T.);
#7264=EDGE_CURVE('',#5626,#5624,#2636,.T.);
#7265=EDGE_CURVE('',#5625,#5626,#2637,.T.);
#7266=EDGE_CURVE('',#5627,#5625,#2638,.T.);
#7267=EDGE_CURVE('',#5628,#5626,#2639,.T.);
#7268=EDGE_CURVE('',#5627,#5628,#2640,.T.);
#7269=EDGE_CURVE('',#5629,#5627,#2641,.T.);
#7270=EDGE_CURVE('',#5630,#5628,#2642,.T.);
#7271=EDGE_CURVE('',#5629,#5630,#2643,.T.);
#7272=EDGE_CURVE('',#5631,#5629,#2644,.T.);
#7273=EDGE_CURVE('',#5632,#5630,#2645,.T.);
#7274=EDGE_CURVE('',#5631,#5632,#2646,.T.);
#7275=EDGE_CURVE('',#5633,#5631,#2647,.T.);
#7276=EDGE_CURVE('',#5634,#5632,#2648,.T.);
#7277=EDGE_CURVE('',#5633,#5634,#2649,.T.);
#7278=EDGE_CURVE('',#5635,#5633,#2650,.T.);
#7279=EDGE_CURVE('',#5636,#5634,#2651,.T.);
#7280=EDGE_CURVE('',#5635,#5636,#2652,.T.);
#7281=EDGE_CURVE('',#5637,#5635,#2653,.T.);
#7282=EDGE_CURVE('',#5638,#5636,#2654,.T.);
#7283=EDGE_CURVE('',#5637,#5638,#2655,.T.);
#7284=EDGE_CURVE('',#5639,#5637,#2656,.T.);
#7285=EDGE_CURVE('',#5640,#5638,#2657,.T.);
#7286=EDGE_CURVE('',#5639,#5640,#2658,.T.);
#7287=EDGE_CURVE('',#5641,#5639,#2659,.T.);
#7288=EDGE_CURVE('',#5642,#5640,#2660,.T.);
#7289=EDGE_CURVE('',#5641,#5642,#2661,.T.);
#7290=EDGE_CURVE('',#5643,#5641,#82,.T.);
#7291=EDGE_CURVE('',#5644,#5642,#83,.T.);
#7292=EDGE_CURVE('',#5643,#5644,#2662,.T.);
#7293=EDGE_CURVE('',#5645,#5643,#2663,.T.);
#7294=EDGE_CURVE('',#5646,#5644,#2664,.T.);
#7295=EDGE_CURVE('',#5645,#5646,#2665,.T.);
#7296=EDGE_CURVE('',#5647,#5645,#2666,.T.);
#7297=EDGE_CURVE('',#5648,#5646,#2667,.T.);
#7298=EDGE_CURVE('',#5647,#5648,#2668,.T.);
#7299=EDGE_CURVE('',#5649,#5647,#2669,.T.);
#7300=EDGE_CURVE('',#5650,#5648,#2670,.T.);
#7301=EDGE_CURVE('',#5649,#5650,#2671,.T.);
#7302=EDGE_CURVE('',#5651,#5649,#2672,.T.);
#7303=EDGE_CURVE('',#5652,#5650,#2673,.T.);
#7304=EDGE_CURVE('',#5651,#5652,#2674,.T.);
#7305=EDGE_CURVE('',#5653,#5651,#2675,.T.);
#7306=EDGE_CURVE('',#5654,#5652,#2676,.T.);
#7307=EDGE_CURVE('',#5653,#5654,#2677,.T.);
#7308=EDGE_CURVE('',#5655,#5653,#2678,.T.);
#7309=EDGE_CURVE('',#5656,#5654,#2679,.T.);
#7310=EDGE_CURVE('',#5655,#5656,#2680,.T.);
#7311=EDGE_CURVE('',#5657,#5655,#2681,.T.);
#7312=EDGE_CURVE('',#5658,#5656,#2682,.T.);
#7313=EDGE_CURVE('',#5657,#5658,#2683,.T.);
#7314=EDGE_CURVE('',#5659,#5657,#2684,.T.);
#7315=EDGE_CURVE('',#5660,#5658,#2685,.T.);
#7316=EDGE_CURVE('',#5659,#5660,#2686,.T.);
#7317=EDGE_CURVE('',#5661,#5659,#2687,.T.);
#7318=EDGE_CURVE('',#5662,#5660,#2688,.T.);
#7319=EDGE_CURVE('',#5661,#5662,#2689,.T.);
#7320=EDGE_CURVE('',#5663,#5661,#2690,.T.);
#7321=EDGE_CURVE('',#5664,#5662,#2691,.T.);
#7322=EDGE_CURVE('',#5663,#5664,#2692,.T.);
#7323=EDGE_CURVE('',#5665,#5663,#2693,.T.);
#7324=EDGE_CURVE('',#5666,#5664,#2694,.T.);
#7325=EDGE_CURVE('',#5665,#5666,#2695,.T.);
#7326=EDGE_CURVE('',#5667,#5665,#2696,.T.);
#7327=EDGE_CURVE('',#5668,#5666,#2697,.T.);
#7328=EDGE_CURVE('',#5667,#5668,#2698,.T.);
#7329=EDGE_CURVE('',#5669,#5667,#2699,.T.);
#7330=EDGE_CURVE('',#5670,#5668,#2700,.T.);
#7331=EDGE_CURVE('',#5669,#5670,#2701,.T.);
#7332=EDGE_CURVE('',#5671,#5669,#2702,.T.);
#7333=EDGE_CURVE('',#5672,#5670,#2703,.T.);
#7334=EDGE_CURVE('',#5671,#5672,#2704,.T.);
#7335=EDGE_CURVE('',#5673,#5671,#2705,.T.);
#7336=EDGE_CURVE('',#5674,#5672,#2706,.T.);
#7337=EDGE_CURVE('',#5673,#5674,#2707,.T.);
#7338=EDGE_CURVE('',#5675,#5673,#84,.T.);
#7339=EDGE_CURVE('',#5676,#5674,#85,.T.);
#7340=EDGE_CURVE('',#5675,#5676,#2708,.T.);
#7341=EDGE_CURVE('',#5677,#5675,#2709,.T.);
#7342=EDGE_CURVE('',#5678,#5676,#2710,.T.);
#7343=EDGE_CURVE('',#5677,#5678,#2711,.T.);
#7344=EDGE_CURVE('',#5679,#5677,#2712,.T.);
#7345=EDGE_CURVE('',#5680,#5678,#2713,.T.);
#7346=EDGE_CURVE('',#5679,#5680,#2714,.T.);
#7347=EDGE_CURVE('',#5681,#5679,#2715,.T.);
#7348=EDGE_CURVE('',#5682,#5680,#2716,.T.);
#7349=EDGE_CURVE('',#5681,#5682,#2717,.T.);
#7350=EDGE_CURVE('',#5683,#5681,#2718,.T.);
#7351=EDGE_CURVE('',#5684,#5682,#2719,.T.);
#7352=EDGE_CURVE('',#5683,#5684,#2720,.T.);
#7353=EDGE_CURVE('',#5685,#5683,#2721,.T.);
#7354=EDGE_CURVE('',#5686,#5684,#2722,.T.);
#7355=EDGE_CURVE('',#5685,#5686,#2723,.T.);
#7356=EDGE_CURVE('',#5687,#5685,#2724,.T.);
#7357=EDGE_CURVE('',#5688,#5686,#2725,.T.);
#7358=EDGE_CURVE('',#5687,#5688,#2726,.T.);
#7359=EDGE_CURVE('',#5689,#5687,#2727,.T.);
#7360=EDGE_CURVE('',#5690,#5688,#2728,.T.);
#7361=EDGE_CURVE('',#5689,#5690,#2729,.T.);
#7362=EDGE_CURVE('',#5691,#5689,#2730,.T.);
#7363=EDGE_CURVE('',#5692,#5690,#2731,.T.);
#7364=EDGE_CURVE('',#5691,#5692,#2732,.T.);
#7365=EDGE_CURVE('',#5693,#5691,#2733,.T.);
#7366=EDGE_CURVE('',#5694,#5692,#2734,.T.);
#7367=EDGE_CURVE('',#5693,#5694,#2735,.T.);
#7368=EDGE_CURVE('',#5695,#5693,#2736,.T.);
#7369=EDGE_CURVE('',#5696,#5694,#2737,.T.);
#7370=EDGE_CURVE('',#5695,#5696,#2738,.T.);
#7371=EDGE_CURVE('',#5697,#5695,#2739,.T.);
#7372=EDGE_CURVE('',#5698,#5696,#2740,.T.);
#7373=EDGE_CURVE('',#5697,#5698,#2741,.T.);
#7374=EDGE_CURVE('',#5699,#5697,#2742,.T.);
#7375=EDGE_CURVE('',#5700,#5698,#2743,.T.);
#7376=EDGE_CURVE('',#5699,#5700,#2744,.T.);
#7377=EDGE_CURVE('',#5701,#5699,#2745,.T.);
#7378=EDGE_CURVE('',#5702,#5700,#2746,.T.);
#7379=EDGE_CURVE('',#5701,#5702,#2747,.T.);
#7380=EDGE_CURVE('',#5703,#5701,#2748,.T.);
#7381=EDGE_CURVE('',#5704,#5702,#2749,.T.);
#7382=EDGE_CURVE('',#5703,#5704,#2750,.T.);
#7383=EDGE_CURVE('',#5705,#5703,#2751,.T.);
#7384=EDGE_CURVE('',#5706,#5704,#2752,.T.);
#7385=EDGE_CURVE('',#5705,#5706,#2753,.T.);
#7386=EDGE_CURVE('',#5707,#5705,#86,.T.);
#7387=EDGE_CURVE('',#5708,#5706,#87,.T.);
#7388=EDGE_CURVE('',#5707,#5708,#2754,.T.);
#7389=EDGE_CURVE('',#5709,#5707,#2755,.T.);
#7390=EDGE_CURVE('',#5710,#5708,#2756,.T.);
#7391=EDGE_CURVE('',#5709,#5710,#2757,.T.);
#7392=EDGE_CURVE('',#5711,#5709,#2758,.T.);
#7393=EDGE_CURVE('',#5712,#5710,#2759,.T.);
#7394=EDGE_CURVE('',#5711,#5712,#2760,.T.);
#7395=EDGE_CURVE('',#5713,#5711,#2761,.T.);
#7396=EDGE_CURVE('',#5714,#5712,#2762,.T.);
#7397=EDGE_CURVE('',#5713,#5714,#2763,.T.);
#7398=EDGE_CURVE('',#5715,#5713,#2764,.T.);
#7399=EDGE_CURVE('',#5716,#5714,#2765,.T.);
#7400=EDGE_CURVE('',#5715,#5716,#2766,.T.);
#7401=EDGE_CURVE('',#5717,#5715,#2767,.T.);
#7402=EDGE_CURVE('',#5718,#5716,#2768,.T.);
#7403=EDGE_CURVE('',#5717,#5718,#2769,.T.);
#7404=EDGE_CURVE('',#5719,#5717,#2770,.T.);
#7405=EDGE_CURVE('',#5720,#5718,#2771,.T.);
#7406=EDGE_CURVE('',#5719,#5720,#2772,.T.);
#7407=EDGE_CURVE('',#5721,#5719,#2773,.T.);
#7408=EDGE_CURVE('',#5722,#5720,#2774,.T.);
#7409=EDGE_CURVE('',#5721,#5722,#2775,.T.);
#7410=EDGE_CURVE('',#5723,#5721,#2776,.T.);
#7411=EDGE_CURVE('',#5724,#5722,#2777,.T.);
#7412=EDGE_CURVE('',#5723,#5724,#2778,.T.);
#7413=EDGE_CURVE('',#5725,#5723,#2779,.T.);
#7414=EDGE_CURVE('',#5726,#5724,#2780,.T.);
#7415=EDGE_CURVE('',#5725,#5726,#2781,.T.);
#7416=EDGE_CURVE('',#5727,#5725,#2782,.T.);
#7417=EDGE_CURVE('',#5728,#5726,#2783,.T.);
#7418=EDGE_CURVE('',#5727,#5728,#2784,.T.);
#7419=EDGE_CURVE('',#5729,#5727,#2785,.T.);
#7420=EDGE_CURVE('',#5730,#5728,#2786,.T.);
#7421=EDGE_CURVE('',#5729,#5730,#2787,.T.);
#7422=EDGE_CURVE('',#5731,#5729,#2788,.T.);
#7423=EDGE_CURVE('',#5732,#5730,#2789,.T.);
#7424=EDGE_CURVE('',#5731,#5732,#2790,.T.);
#7425=EDGE_CURVE('',#5733,#5731,#2791,.T.);
#7426=EDGE_CURVE('',#5734,#5732,#2792,.T.);
#7427=EDGE_CURVE('',#5733,#5734,#2793,.T.);
#7428=EDGE_CURVE('',#5735,#5733,#2794,.T.);
#7429=EDGE_CURVE('',#5736,#5734,#2795,.T.);
#7430=EDGE_CURVE('',#5735,#5736,#2796,.T.);
#7431=EDGE_CURVE('',#5737,#5735,#2797,.T.);
#7432=EDGE_CURVE('',#5738,#5736,#2798,.T.);
#7433=EDGE_CURVE('',#5737,#5738,#2799,.T.);
#7434=EDGE_CURVE('',#5739,#5737,#2800,.T.);
#7435=EDGE_CURVE('',#5740,#5738,#2801,.T.);
#7436=EDGE_CURVE('',#5739,#5740,#2802,.T.);
#7437=EDGE_CURVE('',#5741,#5739,#2803,.T.);
#7438=EDGE_CURVE('',#5742,#5740,#2804,.T.);
#7439=EDGE_CURVE('',#5741,#5742,#2805,.T.);
#7440=EDGE_CURVE('',#5743,#5741,#2806,.T.);
#7441=EDGE_CURVE('',#5744,#5742,#2807,.T.);
#7442=EDGE_CURVE('',#5743,#5744,#2808,.T.);
#7443=EDGE_CURVE('',#5745,#5743,#2809,.T.);
#7444=EDGE_CURVE('',#5746,#5744,#2810,.T.);
#7445=EDGE_CURVE('',#5745,#5746,#2811,.T.);
#7446=EDGE_CURVE('',#5747,#5745,#2812,.T.);
#7447=EDGE_CURVE('',#5748,#5746,#2813,.T.);
#7448=EDGE_CURVE('',#5747,#5748,#2814,.T.);
#7449=EDGE_CURVE('',#5749,#5747,#2815,.T.);
#7450=EDGE_CURVE('',#5750,#5748,#2816,.T.);
#7451=EDGE_CURVE('',#5749,#5750,#2817,.T.);
#7452=EDGE_CURVE('',#5751,#5749,#2818,.T.);
#7453=EDGE_CURVE('',#5752,#5750,#2819,.T.);
#7454=EDGE_CURVE('',#5751,#5752,#2820,.T.);
#7455=EDGE_CURVE('',#5753,#5751,#2821,.T.);
#7456=EDGE_CURVE('',#5754,#5752,#2822,.T.);
#7457=EDGE_CURVE('',#5753,#5754,#2823,.T.);
#7458=EDGE_CURVE('',#5755,#5753,#2824,.T.);
#7459=EDGE_CURVE('',#5756,#5754,#2825,.T.);
#7460=EDGE_CURVE('',#5755,#5756,#2826,.T.);
#7461=EDGE_CURVE('',#5757,#5755,#2827,.T.);
#7462=EDGE_CURVE('',#5758,#5756,#2828,.T.);
#7463=EDGE_CURVE('',#5757,#5758,#2829,.T.);
#7464=EDGE_CURVE('',#5759,#5757,#2830,.T.);
#7465=EDGE_CURVE('',#5760,#5758,#2831,.T.);
#7466=EDGE_CURVE('',#5759,#5760,#2832,.T.);
#7467=EDGE_CURVE('',#5761,#5759,#2833,.T.);
#7468=EDGE_CURVE('',#5762,#5760,#2834,.T.);
#7469=EDGE_CURVE('',#5761,#5762,#2835,.T.);
#7470=EDGE_CURVE('',#5763,#5761,#2836,.T.);
#7471=EDGE_CURVE('',#5764,#5762,#2837,.T.);
#7472=EDGE_CURVE('',#5763,#5764,#2838,.T.);
#7473=EDGE_CURVE('',#5765,#5763,#2839,.T.);
#7474=EDGE_CURVE('',#5766,#5764,#2840,.T.);
#7475=EDGE_CURVE('',#5765,#5766,#2841,.T.);
#7476=EDGE_CURVE('',#5767,#5765,#2842,.T.);
#7477=EDGE_CURVE('',#5768,#5766,#2843,.T.);
#7478=EDGE_CURVE('',#5767,#5768,#2844,.T.);
#7479=EDGE_CURVE('',#5769,#5767,#2845,.T.);
#7480=EDGE_CURVE('',#5770,#5768,#2846,.T.);
#7481=EDGE_CURVE('',#5769,#5770,#2847,.T.);
#7482=EDGE_CURVE('',#5771,#5769,#88,.T.);
#7483=EDGE_CURVE('',#5772,#5770,#89,.T.);
#7484=EDGE_CURVE('',#5771,#5772,#2848,.T.);
#7485=EDGE_CURVE('',#5773,#5771,#2849,.T.);
#7486=EDGE_CURVE('',#5774,#5772,#2850,.T.);
#7487=EDGE_CURVE('',#5773,#5774,#2851,.T.);
#7488=EDGE_CURVE('',#5775,#5773,#2852,.T.);
#7489=EDGE_CURVE('',#5776,#5774,#2853,.T.);
#7490=EDGE_CURVE('',#5775,#5776,#2854,.T.);
#7491=EDGE_CURVE('',#5777,#5775,#2855,.T.);
#7492=EDGE_CURVE('',#5778,#5776,#2856,.T.);
#7493=EDGE_CURVE('',#5777,#5778,#2857,.T.);
#7494=EDGE_CURVE('',#5779,#5777,#2858,.T.);
#7495=EDGE_CURVE('',#5780,#5778,#2859,.T.);
#7496=EDGE_CURVE('',#5779,#5780,#2860,.T.);
#7497=EDGE_CURVE('',#5781,#5779,#2861,.T.);
#7498=EDGE_CURVE('',#5782,#5780,#2862,.T.);
#7499=EDGE_CURVE('',#5781,#5782,#2863,.T.);
#7500=EDGE_CURVE('',#5783,#5781,#2864,.T.);
#7501=EDGE_CURVE('',#5784,#5782,#2865,.T.);
#7502=EDGE_CURVE('',#5783,#5784,#2866,.T.);
#7503=EDGE_CURVE('',#5785,#5783,#2867,.T.);
#7504=EDGE_CURVE('',#5786,#5784,#2868,.T.);
#7505=EDGE_CURVE('',#5785,#5786,#2869,.T.);
#7506=EDGE_CURVE('',#5787,#5785,#2870,.T.);
#7507=EDGE_CURVE('',#5788,#5786,#2871,.T.);
#7508=EDGE_CURVE('',#5787,#5788,#2872,.T.);
#7509=EDGE_CURVE('',#5789,#5787,#2873,.T.);
#7510=EDGE_CURVE('',#5790,#5788,#2874,.T.);
#7511=EDGE_CURVE('',#5789,#5790,#2875,.T.);
#7512=EDGE_CURVE('',#5791,#5789,#2876,.T.);
#7513=EDGE_CURVE('',#5792,#5790,#2877,.T.);
#7514=EDGE_CURVE('',#5791,#5792,#2878,.T.);
#7515=EDGE_CURVE('',#5793,#5791,#2879,.T.);
#7516=EDGE_CURVE('',#5794,#5792,#2880,.T.);
#7517=EDGE_CURVE('',#5793,#5794,#2881,.T.);
#7518=EDGE_CURVE('',#5795,#5793,#2882,.T.);
#7519=EDGE_CURVE('',#5796,#5794,#2883,.T.);
#7520=EDGE_CURVE('',#5795,#5796,#2884,.T.);
#7521=EDGE_CURVE('',#5797,#5795,#2885,.T.);
#7522=EDGE_CURVE('',#5798,#5796,#2886,.T.);
#7523=EDGE_CURVE('',#5797,#5798,#2887,.T.);
#7524=EDGE_CURVE('',#5799,#5797,#2888,.T.);
#7525=EDGE_CURVE('',#5800,#5798,#2889,.T.);
#7526=EDGE_CURVE('',#5799,#5800,#2890,.T.);
#7527=EDGE_CURVE('',#5801,#5799,#2891,.T.);
#7528=EDGE_CURVE('',#5802,#5800,#2892,.T.);
#7529=EDGE_CURVE('',#5801,#5802,#2893,.T.);
#7530=EDGE_CURVE('',#5803,#5801,#90,.T.);
#7531=EDGE_CURVE('',#5804,#5802,#91,.T.);
#7532=EDGE_CURVE('',#5803,#5804,#2894,.T.);
#7533=EDGE_CURVE('',#5805,#5803,#2895,.T.);
#7534=EDGE_CURVE('',#5806,#5804,#2896,.T.);
#7535=EDGE_CURVE('',#5805,#5806,#2897,.T.);
#7536=EDGE_CURVE('',#5807,#5805,#2898,.T.);
#7537=EDGE_CURVE('',#5808,#5806,#2899,.T.);
#7538=EDGE_CURVE('',#5807,#5808,#2900,.T.);
#7539=EDGE_CURVE('',#5809,#5807,#2901,.T.);
#7540=EDGE_CURVE('',#5810,#5808,#2902,.T.);
#7541=EDGE_CURVE('',#5809,#5810,#2903,.T.);
#7542=EDGE_CURVE('',#5811,#5809,#2904,.T.);
#7543=EDGE_CURVE('',#5812,#5810,#2905,.T.);
#7544=EDGE_CURVE('',#5811,#5812,#2906,.T.);
#7545=EDGE_CURVE('',#5813,#5811,#2907,.T.);
#7546=EDGE_CURVE('',#5814,#5812,#2908,.T.);
#7547=EDGE_CURVE('',#5813,#5814,#2909,.T.);
#7548=EDGE_CURVE('',#5815,#5813,#2910,.T.);
#7549=EDGE_CURVE('',#5816,#5814,#2911,.T.);
#7550=EDGE_CURVE('',#5815,#5816,#2912,.T.);
#7551=EDGE_CURVE('',#5817,#5815,#2913,.T.);
#7552=EDGE_CURVE('',#5818,#5816,#2914,.T.);
#7553=EDGE_CURVE('',#5817,#5818,#2915,.T.);
#7554=EDGE_CURVE('',#5819,#5817,#2916,.T.);
#7555=EDGE_CURVE('',#5820,#5818,#2917,.T.);
#7556=EDGE_CURVE('',#5819,#5820,#2918,.T.);
#7557=EDGE_CURVE('',#5821,#5819,#2919,.T.);
#7558=EDGE_CURVE('',#5822,#5820,#2920,.T.);
#7559=EDGE_CURVE('',#5821,#5822,#2921,.T.);
#7560=EDGE_CURVE('',#5823,#5821,#2922,.T.);
#7561=EDGE_CURVE('',#5824,#5822,#2923,.T.);
#7562=EDGE_CURVE('',#5823,#5824,#2924,.T.);
#7563=EDGE_CURVE('',#5825,#5823,#2925,.T.);
#7564=EDGE_CURVE('',#5826,#5824,#2926,.T.);
#7565=EDGE_CURVE('',#5825,#5826,#2927,.T.);
#7566=EDGE_CURVE('',#5827,#5825,#2928,.T.);
#7567=EDGE_CURVE('',#5828,#5826,#2929,.T.);
#7568=EDGE_CURVE('',#5827,#5828,#2930,.T.);
#7569=EDGE_CURVE('',#5829,#5827,#2931,.T.);
#7570=EDGE_CURVE('',#5830,#5828,#2932,.T.);
#7571=EDGE_CURVE('',#5829,#5830,#2933,.T.);
#7572=EDGE_CURVE('',#5831,#5829,#2934,.T.);
#7573=EDGE_CURVE('',#5832,#5830,#2935,.T.);
#7574=EDGE_CURVE('',#5831,#5832,#2936,.T.);
#7575=EDGE_CURVE('',#5833,#5831,#2937,.T.);
#7576=EDGE_CURVE('',#5834,#5832,#2938,.T.);
#7577=EDGE_CURVE('',#5833,#5834,#2939,.T.);
#7578=EDGE_CURVE('',#5835,#5833,#92,.T.);
#7579=EDGE_CURVE('',#5836,#5834,#93,.T.);
#7580=EDGE_CURVE('',#5835,#5836,#2940,.T.);
#7581=EDGE_CURVE('',#5837,#5835,#2941,.T.);
#7582=EDGE_CURVE('',#5838,#5836,#2942,.T.);
#7583=EDGE_CURVE('',#5837,#5838,#2943,.T.);
#7584=EDGE_CURVE('',#5839,#5837,#2944,.T.);
#7585=EDGE_CURVE('',#5840,#5838,#2945,.T.);
#7586=EDGE_CURVE('',#5839,#5840,#2946,.T.);
#7587=EDGE_CURVE('',#5841,#5839,#2947,.T.);
#7588=EDGE_CURVE('',#5842,#5840,#2948,.T.);
#7589=EDGE_CURVE('',#5841,#5842,#2949,.T.);
#7590=EDGE_CURVE('',#5843,#5841,#2950,.T.);
#7591=EDGE_CURVE('',#5844,#5842,#2951,.T.);
#7592=EDGE_CURVE('',#5843,#5844,#2952,.T.);
#7593=EDGE_CURVE('',#5845,#5843,#2953,.T.);
#7594=EDGE_CURVE('',#5846,#5844,#2954,.T.);
#7595=EDGE_CURVE('',#5845,#5846,#2955,.T.);
#7596=EDGE_CURVE('',#5847,#5845,#2956,.T.);
#7597=EDGE_CURVE('',#5848,#5846,#2957,.T.);
#7598=EDGE_CURVE('',#5847,#5848,#2958,.T.);
#7599=EDGE_CURVE('',#5849,#5847,#2959,.T.);
#7600=EDGE_CURVE('',#5850,#5848,#2960,.T.);
#7601=EDGE_CURVE('',#5849,#5850,#2961,.T.);
#7602=EDGE_CURVE('',#5851,#5849,#2962,.T.);
#7603=EDGE_CURVE('',#5852,#5850,#2963,.T.);
#7604=EDGE_CURVE('',#5851,#5852,#2964,.T.);
#7605=EDGE_CURVE('',#5853,#5851,#2965,.T.);
#7606=EDGE_CURVE('',#5854,#5852,#2966,.T.);
#7607=EDGE_CURVE('',#5853,#5854,#2967,.T.);
#7608=EDGE_CURVE('',#5855,#5853,#2968,.T.);
#7609=EDGE_CURVE('',#5856,#5854,#2969,.T.);
#7610=EDGE_CURVE('',#5855,#5856,#2970,.T.);
#7611=EDGE_CURVE('',#5857,#5855,#2971,.T.);
#7612=EDGE_CURVE('',#5858,#5856,#2972,.T.);
#7613=EDGE_CURVE('',#5857,#5858,#2973,.T.);
#7614=EDGE_CURVE('',#5859,#5857,#2974,.T.);
#7615=EDGE_CURVE('',#5860,#5858,#2975,.T.);
#7616=EDGE_CURVE('',#5859,#5860,#2976,.T.);
#7617=EDGE_CURVE('',#5861,#5859,#2977,.T.);
#7618=EDGE_CURVE('',#5862,#5860,#2978,.T.);
#7619=EDGE_CURVE('',#5861,#5862,#2979,.T.);
#7620=EDGE_CURVE('',#5863,#5861,#2980,.T.);
#7621=EDGE_CURVE('',#5864,#5862,#2981,.T.);
#7622=EDGE_CURVE('',#5863,#5864,#2982,.T.);
#7623=EDGE_CURVE('',#5865,#5863,#2983,.T.);
#7624=EDGE_CURVE('',#5866,#5864,#2984,.T.);
#7625=EDGE_CURVE('',#5865,#5866,#2985,.T.);
#7626=EDGE_CURVE('',#4712,#5865,#94,.T.);
#7627=EDGE_CURVE('',#4713,#5866,#95,.T.);
#7628=ORIENTED_EDGE('',*,*,#5867,.F.);
#7629=ORIENTED_EDGE('',*,*,#5868,.F.);
#7630=ORIENTED_EDGE('',*,*,#5869,.F.);
#7631=ORIENTED_EDGE('',*,*,#5870,.T.);
#7632=ORIENTED_EDGE('',*,*,#5871,.F.);
#7633=ORIENTED_EDGE('',*,*,#5872,.F.);
#7634=ORIENTED_EDGE('',*,*,#5873,.F.);
#7635=ORIENTED_EDGE('',*,*,#5868,.T.);
#7636=ORIENTED_EDGE('',*,*,#5871,.T.);
#7637=ORIENTED_EDGE('',*,*,#5867,.T.);
#7638=ORIENTED_EDGE('',*,*,#5874,.T.);
#7639=ORIENTED_EDGE('',*,*,#5875,.T.);
#7640=ORIENTED_EDGE('',*,*,#5876,.F.);
#7641=ORIENTED_EDGE('',*,*,#5877,.T.);
#7642=ORIENTED_EDGE('',*,*,#5878,.F.);
#7643=ORIENTED_EDGE('',*,*,#5877,.F.);
#7644=ORIENTED_EDGE('',*,*,#5879,.F.);
#7645=ORIENTED_EDGE('',*,*,#5880,.T.);
#7646=ORIENTED_EDGE('',*,*,#5872,.T.);
#7647=ORIENTED_EDGE('',*,*,#5880,.F.);
#7648=ORIENTED_EDGE('',*,*,#5881,.F.);
#7649=ORIENTED_EDGE('',*,*,#5882,.F.);
#7650=ORIENTED_EDGE('',*,*,#5883,.F.);
#7651=ORIENTED_EDGE('',*,*,#5875,.F.);
#7652=ORIENTED_EDGE('',*,*,#5884,.T.);
#7653=ORIENTED_EDGE('',*,*,#5885,.F.);
#7654=ORIENTED_EDGE('',*,*,#5884,.F.);
#7655=ORIENTED_EDGE('',*,*,#5874,.F.);
#7656=ORIENTED_EDGE('',*,*,#5870,.F.);
#7657=ORIENTED_EDGE('',*,*,#5886,.F.);
#7658=ORIENTED_EDGE('',*,*,#5881,.T.);
#7659=ORIENTED_EDGE('',*,*,#5879,.T.);
#7660=ORIENTED_EDGE('',*,*,#5876,.T.);
#7661=ORIENTED_EDGE('',*,*,#5883,.T.);
#7662=ORIENTED_EDGE('',*,*,#5887,.T.);
#7663=ORIENTED_EDGE('',*,*,#5888,.T.);
#7664=ORIENTED_EDGE('',*,*,#5887,.F.);
#7665=ORIENTED_EDGE('',*,*,#5885,.T.);
#7666=ORIENTED_EDGE('',*,*,#5886,.T.);
#7667=ORIENTED_EDGE('',*,*,#5869,.T.);
#7668=ORIENTED_EDGE('',*,*,#5873,.T.);
#7669=ORIENTED_EDGE('',*,*,#5882,.T.);
#7670=ORIENTED_EDGE('',*,*,#5888,.F.);
#7671=ORIENTED_EDGE('',*,*,#5889,.T.);
#7672=ORIENTED_EDGE('',*,*,#5890,.T.);
#7673=ORIENTED_EDGE('',*,*,#5889,.F.);
#7674=ORIENTED_EDGE('',*,*,#5891,.F.);
#7675=ORIENTED_EDGE('',*,*,#5892,.T.);
#7676=ORIENTED_EDGE('',*,*,#5893,.F.);
#7677=ORIENTED_EDGE('',*,*,#5892,.F.);
#7678=ORIENTED_EDGE('',*,*,#5891,.T.);
#7679=ORIENTED_EDGE('',*,*,#5878,.T.);
#7680=ORIENTED_EDGE('',*,*,#5894,.T.);
#7681=ORIENTED_EDGE('',*,*,#5895,.T.);
#7682=ORIENTED_EDGE('',*,*,#5896,.F.);
#7683=ORIENTED_EDGE('',*,*,#5897,.F.);
#7684=ORIENTED_EDGE('',*,*,#5898,.T.);
#7685=ORIENTED_EDGE('',*,*,#5897,.T.);
#7686=ORIENTED_EDGE('',*,*,#5899,.F.);
#7687=ORIENTED_EDGE('',*,*,#5900,.F.);
#7688=ORIENTED_EDGE('',*,*,#5901,.T.);
#7689=ORIENTED_EDGE('',*,*,#5900,.T.);
#7690=ORIENTED_EDGE('',*,*,#5902,.F.);
#7691=ORIENTED_EDGE('',*,*,#5903,.F.);
#7692=ORIENTED_EDGE('',*,*,#5904,.T.);
#7693=ORIENTED_EDGE('',*,*,#5903,.T.);
#7694=ORIENTED_EDGE('',*,*,#5905,.F.);
#7695=ORIENTED_EDGE('',*,*,#5906,.F.);
#7696=ORIENTED_EDGE('',*,*,#5907,.T.);
#7697=ORIENTED_EDGE('',*,*,#5906,.T.);
#7698=ORIENTED_EDGE('',*,*,#5908,.F.);
#7699=ORIENTED_EDGE('',*,*,#5909,.F.);
#7700=ORIENTED_EDGE('',*,*,#5910,.T.);
#7701=ORIENTED_EDGE('',*,*,#5909,.T.);
#7702=ORIENTED_EDGE('',*,*,#5911,.F.);
#7703=ORIENTED_EDGE('',*,*,#5912,.F.);
#7704=ORIENTED_EDGE('',*,*,#5913,.T.);
#7705=ORIENTED_EDGE('',*,*,#5912,.T.);
#7706=ORIENTED_EDGE('',*,*,#5914,.F.);
#7707=ORIENTED_EDGE('',*,*,#5915,.F.);
#7708=ORIENTED_EDGE('',*,*,#5916,.T.);
#7709=ORIENTED_EDGE('',*,*,#5915,.T.);
#7710=ORIENTED_EDGE('',*,*,#5917,.F.);
#7711=ORIENTED_EDGE('',*,*,#5918,.F.);
#7712=ORIENTED_EDGE('',*,*,#5919,.T.);
#7713=ORIENTED_EDGE('',*,*,#5918,.T.);
#7714=ORIENTED_EDGE('',*,*,#5920,.F.);
#7715=ORIENTED_EDGE('',*,*,#5921,.F.);
#7716=ORIENTED_EDGE('',*,*,#5922,.T.);
#7717=ORIENTED_EDGE('',*,*,#5921,.T.);
#7718=ORIENTED_EDGE('',*,*,#5923,.F.);
#7719=ORIENTED_EDGE('',*,*,#5924,.F.);
#7720=ORIENTED_EDGE('',*,*,#5925,.T.);
#7721=ORIENTED_EDGE('',*,*,#5924,.T.);
#7722=ORIENTED_EDGE('',*,*,#5926,.F.);
#7723=ORIENTED_EDGE('',*,*,#5927,.F.);
#7724=ORIENTED_EDGE('',*,*,#5928,.T.);
#7725=ORIENTED_EDGE('',*,*,#5927,.T.);
#7726=ORIENTED_EDGE('',*,*,#5929,.F.);
#7727=ORIENTED_EDGE('',*,*,#5930,.F.);
#7728=ORIENTED_EDGE('',*,*,#5931,.T.);
#7729=ORIENTED_EDGE('',*,*,#5930,.T.);
#7730=ORIENTED_EDGE('',*,*,#5932,.F.);
#7731=ORIENTED_EDGE('',*,*,#5933,.F.);
#7732=ORIENTED_EDGE('',*,*,#5934,.T.);
#7733=ORIENTED_EDGE('',*,*,#5933,.T.);
#7734=ORIENTED_EDGE('',*,*,#5935,.F.);
#7735=ORIENTED_EDGE('',*,*,#5936,.F.);
#7736=ORIENTED_EDGE('',*,*,#5937,.T.);
#7737=ORIENTED_EDGE('',*,*,#5936,.T.);
#7738=ORIENTED_EDGE('',*,*,#5938,.F.);
#7739=ORIENTED_EDGE('',*,*,#5939,.F.);
#7740=ORIENTED_EDGE('',*,*,#5940,.T.);
#7741=ORIENTED_EDGE('',*,*,#5939,.T.);
#7742=ORIENTED_EDGE('',*,*,#5941,.F.);
#7743=ORIENTED_EDGE('',*,*,#5942,.F.);
#7744=ORIENTED_EDGE('',*,*,#5943,.T.);
#7745=ORIENTED_EDGE('',*,*,#5942,.T.);
#7746=ORIENTED_EDGE('',*,*,#5944,.F.);
#7747=ORIENTED_EDGE('',*,*,#5945,.F.);
#7748=ORIENTED_EDGE('',*,*,#5946,.T.);
#7749=ORIENTED_EDGE('',*,*,#5945,.T.);
#7750=ORIENTED_EDGE('',*,*,#5947,.F.);
#7751=ORIENTED_EDGE('',*,*,#5948,.F.);
#7752=ORIENTED_EDGE('',*,*,#5949,.T.);
#7753=ORIENTED_EDGE('',*,*,#5948,.T.);
#7754=ORIENTED_EDGE('',*,*,#5950,.F.);
#7755=ORIENTED_EDGE('',*,*,#5951,.F.);
#7756=ORIENTED_EDGE('',*,*,#5952,.T.);
#7757=ORIENTED_EDGE('',*,*,#5951,.T.);
#7758=ORIENTED_EDGE('',*,*,#5953,.F.);
#7759=ORIENTED_EDGE('',*,*,#5954,.F.);
#7760=ORIENTED_EDGE('',*,*,#5955,.T.);
#7761=ORIENTED_EDGE('',*,*,#5954,.T.);
#7762=ORIENTED_EDGE('',*,*,#5956,.F.);
#7763=ORIENTED_EDGE('',*,*,#5957,.F.);
#7764=ORIENTED_EDGE('',*,*,#5958,.T.);
#7765=ORIENTED_EDGE('',*,*,#5957,.T.);
#7766=ORIENTED_EDGE('',*,*,#5959,.F.);
#7767=ORIENTED_EDGE('',*,*,#5960,.F.);
#7768=ORIENTED_EDGE('',*,*,#5961,.T.);
#7769=ORIENTED_EDGE('',*,*,#5960,.T.);
#7770=ORIENTED_EDGE('',*,*,#5962,.F.);
#7771=ORIENTED_EDGE('',*,*,#5963,.F.);
#7772=ORIENTED_EDGE('',*,*,#5964,.T.);
#7773=ORIENTED_EDGE('',*,*,#5963,.T.);
#7774=ORIENTED_EDGE('',*,*,#5965,.F.);
#7775=ORIENTED_EDGE('',*,*,#5966,.F.);
#7776=ORIENTED_EDGE('',*,*,#5967,.T.);
#7777=ORIENTED_EDGE('',*,*,#5966,.T.);
#7778=ORIENTED_EDGE('',*,*,#5968,.F.);
#7779=ORIENTED_EDGE('',*,*,#5969,.F.);
#7780=ORIENTED_EDGE('',*,*,#5970,.T.);
#7781=ORIENTED_EDGE('',*,*,#5969,.T.);
#7782=ORIENTED_EDGE('',*,*,#5971,.F.);
#7783=ORIENTED_EDGE('',*,*,#5972,.F.);
#7784=ORIENTED_EDGE('',*,*,#5973,.T.);
#7785=ORIENTED_EDGE('',*,*,#5972,.T.);
#7786=ORIENTED_EDGE('',*,*,#5974,.F.);
#7787=ORIENTED_EDGE('',*,*,#5975,.F.);
#7788=ORIENTED_EDGE('',*,*,#5976,.T.);
#7789=ORIENTED_EDGE('',*,*,#5975,.T.);
#7790=ORIENTED_EDGE('',*,*,#5977,.F.);
#7791=ORIENTED_EDGE('',*,*,#5978,.F.);
#7792=ORIENTED_EDGE('',*,*,#5979,.T.);
#7793=ORIENTED_EDGE('',*,*,#5978,.T.);
#7794=ORIENTED_EDGE('',*,*,#5980,.F.);
#7795=ORIENTED_EDGE('',*,*,#5981,.F.);
#7796=ORIENTED_EDGE('',*,*,#5982,.T.);
#7797=ORIENTED_EDGE('',*,*,#5981,.T.);
#7798=ORIENTED_EDGE('',*,*,#5983,.F.);
#7799=ORIENTED_EDGE('',*,*,#5984,.F.);
#7800=ORIENTED_EDGE('',*,*,#5985,.T.);
#7801=ORIENTED_EDGE('',*,*,#5984,.T.);
#7802=ORIENTED_EDGE('',*,*,#5986,.F.);
#7803=ORIENTED_EDGE('',*,*,#5987,.F.);
#7804=ORIENTED_EDGE('',*,*,#5988,.T.);
#7805=ORIENTED_EDGE('',*,*,#5987,.T.);
#7806=ORIENTED_EDGE('',*,*,#5989,.F.);
#7807=ORIENTED_EDGE('',*,*,#5990,.F.);
#7808=ORIENTED_EDGE('',*,*,#5991,.T.);
#7809=ORIENTED_EDGE('',*,*,#5990,.T.);
#7810=ORIENTED_EDGE('',*,*,#5992,.F.);
#7811=ORIENTED_EDGE('',*,*,#5993,.F.);
#7812=ORIENTED_EDGE('',*,*,#5994,.T.);
#7813=ORIENTED_EDGE('',*,*,#5993,.T.);
#7814=ORIENTED_EDGE('',*,*,#5995,.F.);
#7815=ORIENTED_EDGE('',*,*,#5996,.F.);
#7816=ORIENTED_EDGE('',*,*,#5997,.T.);
#7817=ORIENTED_EDGE('',*,*,#5996,.T.);
#7818=ORIENTED_EDGE('',*,*,#5998,.F.);
#7819=ORIENTED_EDGE('',*,*,#5999,.F.);
#7820=ORIENTED_EDGE('',*,*,#6000,.T.);
#7821=ORIENTED_EDGE('',*,*,#5999,.T.);
#7822=ORIENTED_EDGE('',*,*,#6001,.F.);
#7823=ORIENTED_EDGE('',*,*,#6002,.F.);
#7824=ORIENTED_EDGE('',*,*,#6003,.T.);
#7825=ORIENTED_EDGE('',*,*,#6002,.T.);
#7826=ORIENTED_EDGE('',*,*,#6004,.F.);
#7827=ORIENTED_EDGE('',*,*,#6005,.F.);
#7828=ORIENTED_EDGE('',*,*,#6006,.T.);
#7829=ORIENTED_EDGE('',*,*,#6005,.T.);
#7830=ORIENTED_EDGE('',*,*,#6007,.F.);
#7831=ORIENTED_EDGE('',*,*,#6008,.F.);
#7832=ORIENTED_EDGE('',*,*,#6009,.T.);
#7833=ORIENTED_EDGE('',*,*,#6008,.T.);
#7834=ORIENTED_EDGE('',*,*,#6010,.F.);
#7835=ORIENTED_EDGE('',*,*,#6011,.F.);
#7836=ORIENTED_EDGE('',*,*,#6012,.T.);
#7837=ORIENTED_EDGE('',*,*,#6011,.T.);
#7838=ORIENTED_EDGE('',*,*,#6013,.F.);
#7839=ORIENTED_EDGE('',*,*,#6014,.F.);
#7840=ORIENTED_EDGE('',*,*,#6015,.T.);
#7841=ORIENTED_EDGE('',*,*,#6014,.T.);
#7842=ORIENTED_EDGE('',*,*,#6016,.F.);
#7843=ORIENTED_EDGE('',*,*,#6017,.F.);
#7844=ORIENTED_EDGE('',*,*,#6018,.T.);
#7845=ORIENTED_EDGE('',*,*,#6017,.T.);
#7846=ORIENTED_EDGE('',*,*,#6019,.F.);
#7847=ORIENTED_EDGE('',*,*,#6020,.F.);
#7848=ORIENTED_EDGE('',*,*,#6021,.T.);
#7849=ORIENTED_EDGE('',*,*,#6020,.T.);
#7850=ORIENTED_EDGE('',*,*,#6022,.F.);
#7851=ORIENTED_EDGE('',*,*,#6023,.F.);
#7852=ORIENTED_EDGE('',*,*,#6024,.T.);
#7853=ORIENTED_EDGE('',*,*,#6023,.T.);
#7854=ORIENTED_EDGE('',*,*,#6025,.F.);
#7855=ORIENTED_EDGE('',*,*,#6026,.F.);
#7856=ORIENTED_EDGE('',*,*,#6027,.T.);
#7857=ORIENTED_EDGE('',*,*,#6026,.T.);
#7858=ORIENTED_EDGE('',*,*,#6028,.F.);
#7859=ORIENTED_EDGE('',*,*,#6029,.F.);
#7860=ORIENTED_EDGE('',*,*,#6030,.T.);
#7861=ORIENTED_EDGE('',*,*,#6029,.T.);
#7862=ORIENTED_EDGE('',*,*,#6031,.F.);
#7863=ORIENTED_EDGE('',*,*,#6032,.F.);
#7864=ORIENTED_EDGE('',*,*,#6033,.T.);
#7865=ORIENTED_EDGE('',*,*,#6032,.T.);
#7866=ORIENTED_EDGE('',*,*,#6034,.F.);
#7867=ORIENTED_EDGE('',*,*,#6035,.F.);
#7868=ORIENTED_EDGE('',*,*,#6036,.T.);
#7869=ORIENTED_EDGE('',*,*,#6035,.T.);
#7870=ORIENTED_EDGE('',*,*,#6037,.F.);
#7871=ORIENTED_EDGE('',*,*,#6038,.F.);
#7872=ORIENTED_EDGE('',*,*,#6039,.T.);
#7873=ORIENTED_EDGE('',*,*,#6038,.T.);
#7874=ORIENTED_EDGE('',*,*,#6040,.F.);
#7875=ORIENTED_EDGE('',*,*,#6041,.F.);
#7876=ORIENTED_EDGE('',*,*,#6042,.T.);
#7877=ORIENTED_EDGE('',*,*,#6041,.T.);
#7878=ORIENTED_EDGE('',*,*,#6043,.F.);
#7879=ORIENTED_EDGE('',*,*,#6044,.F.);
#7880=ORIENTED_EDGE('',*,*,#6045,.T.);
#7881=ORIENTED_EDGE('',*,*,#6044,.T.);
#7882=ORIENTED_EDGE('',*,*,#6046,.F.);
#7883=ORIENTED_EDGE('',*,*,#6047,.F.);
#7884=ORIENTED_EDGE('',*,*,#6048,.T.);
#7885=ORIENTED_EDGE('',*,*,#6047,.T.);
#7886=ORIENTED_EDGE('',*,*,#6049,.F.);
#7887=ORIENTED_EDGE('',*,*,#6050,.F.);
#7888=ORIENTED_EDGE('',*,*,#6051,.T.);
#7889=ORIENTED_EDGE('',*,*,#6050,.T.);
#7890=ORIENTED_EDGE('',*,*,#6052,.F.);
#7891=ORIENTED_EDGE('',*,*,#6053,.F.);
#7892=ORIENTED_EDGE('',*,*,#6054,.T.);
#7893=ORIENTED_EDGE('',*,*,#6053,.T.);
#7894=ORIENTED_EDGE('',*,*,#6055,.F.);
#7895=ORIENTED_EDGE('',*,*,#6056,.F.);
#7896=ORIENTED_EDGE('',*,*,#6057,.T.);
#7897=ORIENTED_EDGE('',*,*,#6056,.T.);
#7898=ORIENTED_EDGE('',*,*,#6058,.F.);
#7899=ORIENTED_EDGE('',*,*,#6059,.F.);
#7900=ORIENTED_EDGE('',*,*,#6060,.T.);
#7901=ORIENTED_EDGE('',*,*,#6059,.T.);
#7902=ORIENTED_EDGE('',*,*,#6061,.F.);
#7903=ORIENTED_EDGE('',*,*,#6062,.F.);
#7904=ORIENTED_EDGE('',*,*,#6063,.T.);
#7905=ORIENTED_EDGE('',*,*,#6062,.T.);
#7906=ORIENTED_EDGE('',*,*,#6064,.F.);
#7907=ORIENTED_EDGE('',*,*,#6065,.F.);
#7908=ORIENTED_EDGE('',*,*,#6066,.T.);
#7909=ORIENTED_EDGE('',*,*,#6065,.T.);
#7910=ORIENTED_EDGE('',*,*,#6067,.F.);
#7911=ORIENTED_EDGE('',*,*,#6068,.F.);
#7912=ORIENTED_EDGE('',*,*,#6069,.T.);
#7913=ORIENTED_EDGE('',*,*,#6068,.T.);
#7914=ORIENTED_EDGE('',*,*,#6070,.F.);
#7915=ORIENTED_EDGE('',*,*,#6071,.F.);
#7916=ORIENTED_EDGE('',*,*,#6072,.T.);
#7917=ORIENTED_EDGE('',*,*,#6071,.T.);
#7918=ORIENTED_EDGE('',*,*,#6073,.F.);
#7919=ORIENTED_EDGE('',*,*,#6074,.F.);
#7920=ORIENTED_EDGE('',*,*,#6075,.T.);
#7921=ORIENTED_EDGE('',*,*,#6074,.T.);
#7922=ORIENTED_EDGE('',*,*,#6076,.F.);
#7923=ORIENTED_EDGE('',*,*,#6077,.F.);
#7924=ORIENTED_EDGE('',*,*,#6078,.T.);
#7925=ORIENTED_EDGE('',*,*,#6077,.T.);
#7926=ORIENTED_EDGE('',*,*,#6079,.F.);
#7927=ORIENTED_EDGE('',*,*,#6080,.F.);
#7928=ORIENTED_EDGE('',*,*,#6081,.T.);
#7929=ORIENTED_EDGE('',*,*,#6080,.T.);
#7930=ORIENTED_EDGE('',*,*,#6082,.F.);
#7931=ORIENTED_EDGE('',*,*,#6083,.F.);
#7932=ORIENTED_EDGE('',*,*,#6084,.T.);
#7933=ORIENTED_EDGE('',*,*,#6083,.T.);
#7934=ORIENTED_EDGE('',*,*,#6085,.F.);
#7935=ORIENTED_EDGE('',*,*,#6086,.F.);
#7936=ORIENTED_EDGE('',*,*,#6087,.T.);
#7937=ORIENTED_EDGE('',*,*,#6086,.T.);
#7938=ORIENTED_EDGE('',*,*,#6088,.F.);
#7939=ORIENTED_EDGE('',*,*,#6089,.F.);
#7940=ORIENTED_EDGE('',*,*,#6090,.T.);
#7941=ORIENTED_EDGE('',*,*,#6089,.T.);
#7942=ORIENTED_EDGE('',*,*,#6091,.F.);
#7943=ORIENTED_EDGE('',*,*,#6092,.F.);
#7944=ORIENTED_EDGE('',*,*,#6093,.T.);
#7945=ORIENTED_EDGE('',*,*,#6092,.T.);
#7946=ORIENTED_EDGE('',*,*,#6094,.F.);
#7947=ORIENTED_EDGE('',*,*,#6095,.F.);
#7948=ORIENTED_EDGE('',*,*,#6096,.T.);
#7949=ORIENTED_EDGE('',*,*,#6095,.T.);
#7950=ORIENTED_EDGE('',*,*,#6097,.F.);
#7951=ORIENTED_EDGE('',*,*,#6098,.F.);
#7952=ORIENTED_EDGE('',*,*,#6099,.T.);
#7953=ORIENTED_EDGE('',*,*,#6098,.T.);
#7954=ORIENTED_EDGE('',*,*,#6100,.F.);
#7955=ORIENTED_EDGE('',*,*,#6101,.F.);
#7956=ORIENTED_EDGE('',*,*,#6102,.T.);
#7957=ORIENTED_EDGE('',*,*,#6101,.T.);
#7958=ORIENTED_EDGE('',*,*,#6103,.F.);
#7959=ORIENTED_EDGE('',*,*,#6104,.F.);
#7960=ORIENTED_EDGE('',*,*,#6105,.T.);
#7961=ORIENTED_EDGE('',*,*,#6104,.T.);
#7962=ORIENTED_EDGE('',*,*,#6106,.F.);
#7963=ORIENTED_EDGE('',*,*,#6107,.F.);
#7964=ORIENTED_EDGE('',*,*,#6108,.T.);
#7965=ORIENTED_EDGE('',*,*,#6107,.T.);
#7966=ORIENTED_EDGE('',*,*,#6109,.F.);
#7967=ORIENTED_EDGE('',*,*,#6110,.F.);
#7968=ORIENTED_EDGE('',*,*,#6111,.T.);
#7969=ORIENTED_EDGE('',*,*,#6110,.T.);
#7970=ORIENTED_EDGE('',*,*,#6112,.F.);
#7971=ORIENTED_EDGE('',*,*,#6113,.F.);
#7972=ORIENTED_EDGE('',*,*,#6114,.T.);
#7973=ORIENTED_EDGE('',*,*,#6113,.T.);
#7974=ORIENTED_EDGE('',*,*,#6115,.F.);
#7975=ORIENTED_EDGE('',*,*,#6116,.F.);
#7976=ORIENTED_EDGE('',*,*,#6117,.T.);
#7977=ORIENTED_EDGE('',*,*,#6116,.T.);
#7978=ORIENTED_EDGE('',*,*,#6118,.F.);
#7979=ORIENTED_EDGE('',*,*,#6119,.F.);
#7980=ORIENTED_EDGE('',*,*,#6120,.T.);
#7981=ORIENTED_EDGE('',*,*,#6119,.T.);
#7982=ORIENTED_EDGE('',*,*,#6121,.F.);
#7983=ORIENTED_EDGE('',*,*,#6122,.F.);
#7984=ORIENTED_EDGE('',*,*,#6123,.T.);
#7985=ORIENTED_EDGE('',*,*,#6122,.T.);
#7986=ORIENTED_EDGE('',*,*,#6124,.F.);
#7987=ORIENTED_EDGE('',*,*,#6125,.F.);
#7988=ORIENTED_EDGE('',*,*,#6126,.T.);
#7989=ORIENTED_EDGE('',*,*,#6125,.T.);
#7990=ORIENTED_EDGE('',*,*,#6127,.F.);
#7991=ORIENTED_EDGE('',*,*,#6128,.F.);
#7992=ORIENTED_EDGE('',*,*,#6129,.T.);
#7993=ORIENTED_EDGE('',*,*,#6128,.T.);
#7994=ORIENTED_EDGE('',*,*,#6130,.F.);
#7995=ORIENTED_EDGE('',*,*,#6131,.F.);
#7996=ORIENTED_EDGE('',*,*,#6132,.T.);
#7997=ORIENTED_EDGE('',*,*,#6131,.T.);
#7998=ORIENTED_EDGE('',*,*,#6133,.F.);
#7999=ORIENTED_EDGE('',*,*,#6134,.F.);
#8000=ORIENTED_EDGE('',*,*,#6135,.T.);
#8001=ORIENTED_EDGE('',*,*,#6134,.T.);
#8002=ORIENTED_EDGE('',*,*,#6136,.F.);
#8003=ORIENTED_EDGE('',*,*,#6137,.F.);
#8004=ORIENTED_EDGE('',*,*,#6138,.T.);
#8005=ORIENTED_EDGE('',*,*,#6137,.T.);
#8006=ORIENTED_EDGE('',*,*,#6139,.F.);
#8007=ORIENTED_EDGE('',*,*,#6140,.F.);
#8008=ORIENTED_EDGE('',*,*,#6141,.T.);
#8009=ORIENTED_EDGE('',*,*,#6140,.T.);
#8010=ORIENTED_EDGE('',*,*,#6142,.F.);
#8011=ORIENTED_EDGE('',*,*,#6143,.F.);
#8012=ORIENTED_EDGE('',*,*,#6144,.T.);
#8013=ORIENTED_EDGE('',*,*,#6143,.T.);
#8014=ORIENTED_EDGE('',*,*,#6145,.F.);
#8015=ORIENTED_EDGE('',*,*,#6146,.F.);
#8016=ORIENTED_EDGE('',*,*,#6147,.T.);
#8017=ORIENTED_EDGE('',*,*,#6146,.T.);
#8018=ORIENTED_EDGE('',*,*,#6148,.F.);
#8019=ORIENTED_EDGE('',*,*,#6149,.F.);
#8020=ORIENTED_EDGE('',*,*,#6150,.T.);
#8021=ORIENTED_EDGE('',*,*,#6149,.T.);
#8022=ORIENTED_EDGE('',*,*,#6151,.F.);
#8023=ORIENTED_EDGE('',*,*,#6152,.F.);
#8024=ORIENTED_EDGE('',*,*,#6153,.T.);
#8025=ORIENTED_EDGE('',*,*,#6152,.T.);
#8026=ORIENTED_EDGE('',*,*,#6154,.F.);
#8027=ORIENTED_EDGE('',*,*,#6155,.F.);
#8028=ORIENTED_EDGE('',*,*,#6156,.T.);
#8029=ORIENTED_EDGE('',*,*,#6155,.T.);
#8030=ORIENTED_EDGE('',*,*,#6157,.F.);
#8031=ORIENTED_EDGE('',*,*,#6158,.F.);
#8032=ORIENTED_EDGE('',*,*,#6159,.T.);
#8033=ORIENTED_EDGE('',*,*,#6158,.T.);
#8034=ORIENTED_EDGE('',*,*,#6160,.F.);
#8035=ORIENTED_EDGE('',*,*,#6161,.F.);
#8036=ORIENTED_EDGE('',*,*,#6162,.T.);
#8037=ORIENTED_EDGE('',*,*,#6161,.T.);
#8038=ORIENTED_EDGE('',*,*,#6163,.F.);
#8039=ORIENTED_EDGE('',*,*,#6164,.F.);
#8040=ORIENTED_EDGE('',*,*,#6165,.T.);
#8041=ORIENTED_EDGE('',*,*,#6164,.T.);
#8042=ORIENTED_EDGE('',*,*,#6166,.F.);
#8043=ORIENTED_EDGE('',*,*,#6167,.F.);
#8044=ORIENTED_EDGE('',*,*,#6168,.T.);
#8045=ORIENTED_EDGE('',*,*,#6167,.T.);
#8046=ORIENTED_EDGE('',*,*,#6169,.F.);
#8047=ORIENTED_EDGE('',*,*,#6170,.F.);
#8048=ORIENTED_EDGE('',*,*,#6171,.T.);
#8049=ORIENTED_EDGE('',*,*,#6170,.T.);
#8050=ORIENTED_EDGE('',*,*,#6172,.F.);
#8051=ORIENTED_EDGE('',*,*,#6173,.F.);
#8052=ORIENTED_EDGE('',*,*,#6174,.T.);
#8053=ORIENTED_EDGE('',*,*,#6173,.T.);
#8054=ORIENTED_EDGE('',*,*,#6175,.F.);
#8055=ORIENTED_EDGE('',*,*,#6176,.F.);
#8056=ORIENTED_EDGE('',*,*,#6177,.T.);
#8057=ORIENTED_EDGE('',*,*,#6176,.T.);
#8058=ORIENTED_EDGE('',*,*,#6178,.F.);
#8059=ORIENTED_EDGE('',*,*,#6179,.F.);
#8060=ORIENTED_EDGE('',*,*,#6180,.T.);
#8061=ORIENTED_EDGE('',*,*,#6179,.T.);
#8062=ORIENTED_EDGE('',*,*,#6181,.F.);
#8063=ORIENTED_EDGE('',*,*,#6182,.F.);
#8064=ORIENTED_EDGE('',*,*,#6183,.T.);
#8065=ORIENTED_EDGE('',*,*,#6182,.T.);
#8066=ORIENTED_EDGE('',*,*,#6184,.F.);
#8067=ORIENTED_EDGE('',*,*,#6185,.F.);
#8068=ORIENTED_EDGE('',*,*,#6186,.T.);
#8069=ORIENTED_EDGE('',*,*,#6185,.T.);
#8070=ORIENTED_EDGE('',*,*,#6187,.F.);
#8071=ORIENTED_EDGE('',*,*,#6188,.F.);
#8072=ORIENTED_EDGE('',*,*,#6189,.T.);
#8073=ORIENTED_EDGE('',*,*,#6188,.T.);
#8074=ORIENTED_EDGE('',*,*,#6190,.F.);
#8075=ORIENTED_EDGE('',*,*,#6191,.F.);
#8076=ORIENTED_EDGE('',*,*,#6192,.T.);
#8077=ORIENTED_EDGE('',*,*,#6191,.T.);
#8078=ORIENTED_EDGE('',*,*,#6193,.F.);
#8079=ORIENTED_EDGE('',*,*,#6194,.F.);
#8080=ORIENTED_EDGE('',*,*,#6195,.T.);
#8081=ORIENTED_EDGE('',*,*,#6194,.T.);
#8082=ORIENTED_EDGE('',*,*,#6196,.F.);
#8083=ORIENTED_EDGE('',*,*,#6197,.F.);
#8084=ORIENTED_EDGE('',*,*,#6198,.T.);
#8085=ORIENTED_EDGE('',*,*,#6197,.T.);
#8086=ORIENTED_EDGE('',*,*,#6199,.F.);
#8087=ORIENTED_EDGE('',*,*,#6200,.F.);
#8088=ORIENTED_EDGE('',*,*,#6201,.T.);
#8089=ORIENTED_EDGE('',*,*,#6200,.T.);
#8090=ORIENTED_EDGE('',*,*,#6202,.F.);
#8091=ORIENTED_EDGE('',*,*,#6203,.F.);
#8092=ORIENTED_EDGE('',*,*,#6204,.T.);
#8093=ORIENTED_EDGE('',*,*,#6203,.T.);
#8094=ORIENTED_EDGE('',*,*,#6205,.F.);
#8095=ORIENTED_EDGE('',*,*,#6206,.F.);
#8096=ORIENTED_EDGE('',*,*,#6207,.T.);
#8097=ORIENTED_EDGE('',*,*,#6206,.T.);
#8098=ORIENTED_EDGE('',*,*,#6208,.F.);
#8099=ORIENTED_EDGE('',*,*,#6209,.F.);
#8100=ORIENTED_EDGE('',*,*,#6210,.T.);
#8101=ORIENTED_EDGE('',*,*,#6209,.T.);
#8102=ORIENTED_EDGE('',*,*,#6211,.F.);
#8103=ORIENTED_EDGE('',*,*,#6212,.F.);
#8104=ORIENTED_EDGE('',*,*,#6213,.T.);
#8105=ORIENTED_EDGE('',*,*,#6212,.T.);
#8106=ORIENTED_EDGE('',*,*,#6214,.F.);
#8107=ORIENTED_EDGE('',*,*,#6215,.F.);
#8108=ORIENTED_EDGE('',*,*,#6216,.T.);
#8109=ORIENTED_EDGE('',*,*,#6215,.T.);
#8110=ORIENTED_EDGE('',*,*,#6217,.F.);
#8111=ORIENTED_EDGE('',*,*,#6218,.F.);
#8112=ORIENTED_EDGE('',*,*,#6219,.T.);
#8113=ORIENTED_EDGE('',*,*,#6218,.T.);
#8114=ORIENTED_EDGE('',*,*,#6220,.F.);
#8115=ORIENTED_EDGE('',*,*,#6221,.F.);
#8116=ORIENTED_EDGE('',*,*,#6222,.T.);
#8117=ORIENTED_EDGE('',*,*,#6221,.T.);
#8118=ORIENTED_EDGE('',*,*,#6223,.F.);
#8119=ORIENTED_EDGE('',*,*,#6224,.F.);
#8120=ORIENTED_EDGE('',*,*,#6225,.T.);
#8121=ORIENTED_EDGE('',*,*,#6224,.T.);
#8122=ORIENTED_EDGE('',*,*,#6226,.F.);
#8123=ORIENTED_EDGE('',*,*,#6227,.F.);
#8124=ORIENTED_EDGE('',*,*,#6228,.T.);
#8125=ORIENTED_EDGE('',*,*,#6227,.T.);
#8126=ORIENTED_EDGE('',*,*,#6229,.F.);
#8127=ORIENTED_EDGE('',*,*,#6230,.F.);
#8128=ORIENTED_EDGE('',*,*,#6231,.T.);
#8129=ORIENTED_EDGE('',*,*,#6230,.T.);
#8130=ORIENTED_EDGE('',*,*,#6232,.F.);
#8131=ORIENTED_EDGE('',*,*,#6233,.F.);
#8132=ORIENTED_EDGE('',*,*,#6234,.T.);
#8133=ORIENTED_EDGE('',*,*,#6233,.T.);
#8134=ORIENTED_EDGE('',*,*,#6235,.F.);
#8135=ORIENTED_EDGE('',*,*,#6236,.F.);
#8136=ORIENTED_EDGE('',*,*,#6237,.T.);
#8137=ORIENTED_EDGE('',*,*,#6236,.T.);
#8138=ORIENTED_EDGE('',*,*,#6238,.F.);
#8139=ORIENTED_EDGE('',*,*,#6239,.F.);
#8140=ORIENTED_EDGE('',*,*,#6240,.T.);
#8141=ORIENTED_EDGE('',*,*,#6239,.T.);
#8142=ORIENTED_EDGE('',*,*,#6241,.F.);
#8143=ORIENTED_EDGE('',*,*,#6242,.F.);
#8144=ORIENTED_EDGE('',*,*,#6243,.T.);
#8145=ORIENTED_EDGE('',*,*,#6242,.T.);
#8146=ORIENTED_EDGE('',*,*,#6244,.F.);
#8147=ORIENTED_EDGE('',*,*,#6245,.F.);
#8148=ORIENTED_EDGE('',*,*,#6246,.T.);
#8149=ORIENTED_EDGE('',*,*,#6245,.T.);
#8150=ORIENTED_EDGE('',*,*,#6247,.F.);
#8151=ORIENTED_EDGE('',*,*,#6248,.F.);
#8152=ORIENTED_EDGE('',*,*,#6249,.T.);
#8153=ORIENTED_EDGE('',*,*,#6248,.T.);
#8154=ORIENTED_EDGE('',*,*,#6250,.F.);
#8155=ORIENTED_EDGE('',*,*,#6251,.F.);
#8156=ORIENTED_EDGE('',*,*,#6252,.T.);
#8157=ORIENTED_EDGE('',*,*,#6251,.T.);
#8158=ORIENTED_EDGE('',*,*,#6253,.F.);
#8159=ORIENTED_EDGE('',*,*,#6254,.F.);
#8160=ORIENTED_EDGE('',*,*,#6255,.T.);
#8161=ORIENTED_EDGE('',*,*,#6254,.T.);
#8162=ORIENTED_EDGE('',*,*,#6256,.F.);
#8163=ORIENTED_EDGE('',*,*,#6257,.F.);
#8164=ORIENTED_EDGE('',*,*,#6258,.T.);
#8165=ORIENTED_EDGE('',*,*,#6257,.T.);
#8166=ORIENTED_EDGE('',*,*,#6259,.F.);
#8167=ORIENTED_EDGE('',*,*,#6260,.F.);
#8168=ORIENTED_EDGE('',*,*,#6261,.T.);
#8169=ORIENTED_EDGE('',*,*,#6260,.T.);
#8170=ORIENTED_EDGE('',*,*,#6262,.F.);
#8171=ORIENTED_EDGE('',*,*,#6263,.F.);
#8172=ORIENTED_EDGE('',*,*,#6264,.T.);
#8173=ORIENTED_EDGE('',*,*,#6263,.T.);
#8174=ORIENTED_EDGE('',*,*,#6265,.F.);
#8175=ORIENTED_EDGE('',*,*,#6266,.F.);
#8176=ORIENTED_EDGE('',*,*,#6267,.T.);
#8177=ORIENTED_EDGE('',*,*,#6266,.T.);
#8178=ORIENTED_EDGE('',*,*,#6268,.F.);
#8179=ORIENTED_EDGE('',*,*,#6269,.F.);
#8180=ORIENTED_EDGE('',*,*,#6270,.T.);
#8181=ORIENTED_EDGE('',*,*,#6269,.T.);
#8182=ORIENTED_EDGE('',*,*,#6271,.F.);
#8183=ORIENTED_EDGE('',*,*,#6272,.F.);
#8184=ORIENTED_EDGE('',*,*,#6273,.T.);
#8185=ORIENTED_EDGE('',*,*,#6272,.T.);
#8186=ORIENTED_EDGE('',*,*,#6274,.F.);
#8187=ORIENTED_EDGE('',*,*,#6275,.F.);
#8188=ORIENTED_EDGE('',*,*,#6276,.T.);
#8189=ORIENTED_EDGE('',*,*,#6275,.T.);
#8190=ORIENTED_EDGE('',*,*,#6277,.F.);
#8191=ORIENTED_EDGE('',*,*,#6278,.F.);
#8192=ORIENTED_EDGE('',*,*,#6279,.T.);
#8193=ORIENTED_EDGE('',*,*,#6278,.T.);
#8194=ORIENTED_EDGE('',*,*,#6280,.F.);
#8195=ORIENTED_EDGE('',*,*,#6281,.F.);
#8196=ORIENTED_EDGE('',*,*,#6282,.T.);
#8197=ORIENTED_EDGE('',*,*,#6281,.T.);
#8198=ORIENTED_EDGE('',*,*,#6283,.F.);
#8199=ORIENTED_EDGE('',*,*,#6284,.F.);
#8200=ORIENTED_EDGE('',*,*,#6285,.T.);
#8201=ORIENTED_EDGE('',*,*,#6284,.T.);
#8202=ORIENTED_EDGE('',*,*,#6286,.F.);
#8203=ORIENTED_EDGE('',*,*,#6287,.F.);
#8204=ORIENTED_EDGE('',*,*,#6288,.T.);
#8205=ORIENTED_EDGE('',*,*,#6287,.T.);
#8206=ORIENTED_EDGE('',*,*,#6289,.F.);
#8207=ORIENTED_EDGE('',*,*,#6290,.F.);
#8208=ORIENTED_EDGE('',*,*,#6291,.T.);
#8209=ORIENTED_EDGE('',*,*,#6290,.T.);
#8210=ORIENTED_EDGE('',*,*,#6292,.F.);
#8211=ORIENTED_EDGE('',*,*,#6293,.F.);
#8212=ORIENTED_EDGE('',*,*,#6294,.T.);
#8213=ORIENTED_EDGE('',*,*,#6293,.T.);
#8214=ORIENTED_EDGE('',*,*,#6295,.F.);
#8215=ORIENTED_EDGE('',*,*,#6296,.F.);
#8216=ORIENTED_EDGE('',*,*,#6297,.T.);
#8217=ORIENTED_EDGE('',*,*,#6296,.T.);
#8218=ORIENTED_EDGE('',*,*,#6298,.F.);
#8219=ORIENTED_EDGE('',*,*,#6299,.F.);
#8220=ORIENTED_EDGE('',*,*,#6300,.T.);
#8221=ORIENTED_EDGE('',*,*,#6299,.T.);
#8222=ORIENTED_EDGE('',*,*,#6301,.F.);
#8223=ORIENTED_EDGE('',*,*,#6302,.F.);
#8224=ORIENTED_EDGE('',*,*,#6303,.T.);
#8225=ORIENTED_EDGE('',*,*,#6302,.T.);
#8226=ORIENTED_EDGE('',*,*,#6304,.F.);
#8227=ORIENTED_EDGE('',*,*,#6305,.F.);
#8228=ORIENTED_EDGE('',*,*,#6306,.T.);
#8229=ORIENTED_EDGE('',*,*,#6305,.T.);
#8230=ORIENTED_EDGE('',*,*,#6307,.F.);
#8231=ORIENTED_EDGE('',*,*,#6308,.F.);
#8232=ORIENTED_EDGE('',*,*,#6309,.T.);
#8233=ORIENTED_EDGE('',*,*,#6308,.T.);
#8234=ORIENTED_EDGE('',*,*,#6310,.F.);
#8235=ORIENTED_EDGE('',*,*,#6311,.F.);
#8236=ORIENTED_EDGE('',*,*,#6312,.T.);
#8237=ORIENTED_EDGE('',*,*,#6311,.T.);
#8238=ORIENTED_EDGE('',*,*,#6313,.F.);
#8239=ORIENTED_EDGE('',*,*,#6314,.F.);
#8240=ORIENTED_EDGE('',*,*,#6315,.T.);
#8241=ORIENTED_EDGE('',*,*,#6314,.T.);
#8242=ORIENTED_EDGE('',*,*,#6316,.F.);
#8243=ORIENTED_EDGE('',*,*,#6317,.F.);
#8244=ORIENTED_EDGE('',*,*,#6318,.T.);
#8245=ORIENTED_EDGE('',*,*,#6317,.T.);
#8246=ORIENTED_EDGE('',*,*,#6319,.F.);
#8247=ORIENTED_EDGE('',*,*,#6320,.F.);
#8248=ORIENTED_EDGE('',*,*,#6321,.T.);
#8249=ORIENTED_EDGE('',*,*,#6320,.T.);
#8250=ORIENTED_EDGE('',*,*,#6322,.F.);
#8251=ORIENTED_EDGE('',*,*,#6323,.F.);
#8252=ORIENTED_EDGE('',*,*,#6324,.T.);
#8253=ORIENTED_EDGE('',*,*,#6323,.T.);
#8254=ORIENTED_EDGE('',*,*,#6325,.F.);
#8255=ORIENTED_EDGE('',*,*,#6326,.F.);
#8256=ORIENTED_EDGE('',*,*,#6327,.T.);
#8257=ORIENTED_EDGE('',*,*,#6326,.T.);
#8258=ORIENTED_EDGE('',*,*,#6328,.F.);
#8259=ORIENTED_EDGE('',*,*,#6329,.F.);
#8260=ORIENTED_EDGE('',*,*,#6330,.T.);
#8261=ORIENTED_EDGE('',*,*,#6329,.T.);
#8262=ORIENTED_EDGE('',*,*,#6331,.F.);
#8263=ORIENTED_EDGE('',*,*,#6332,.F.);
#8264=ORIENTED_EDGE('',*,*,#6333,.T.);
#8265=ORIENTED_EDGE('',*,*,#6332,.T.);
#8266=ORIENTED_EDGE('',*,*,#6334,.F.);
#8267=ORIENTED_EDGE('',*,*,#6335,.F.);
#8268=ORIENTED_EDGE('',*,*,#6336,.T.);
#8269=ORIENTED_EDGE('',*,*,#6335,.T.);
#8270=ORIENTED_EDGE('',*,*,#6337,.F.);
#8271=ORIENTED_EDGE('',*,*,#6338,.F.);
#8272=ORIENTED_EDGE('',*,*,#6339,.T.);
#8273=ORIENTED_EDGE('',*,*,#6338,.T.);
#8274=ORIENTED_EDGE('',*,*,#6340,.F.);
#8275=ORIENTED_EDGE('',*,*,#6341,.F.);
#8276=ORIENTED_EDGE('',*,*,#6342,.T.);
#8277=ORIENTED_EDGE('',*,*,#6341,.T.);
#8278=ORIENTED_EDGE('',*,*,#6343,.F.);
#8279=ORIENTED_EDGE('',*,*,#6344,.F.);
#8280=ORIENTED_EDGE('',*,*,#6345,.T.);
#8281=ORIENTED_EDGE('',*,*,#6344,.T.);
#8282=ORIENTED_EDGE('',*,*,#6346,.F.);
#8283=ORIENTED_EDGE('',*,*,#6347,.F.);
#8284=ORIENTED_EDGE('',*,*,#6348,.T.);
#8285=ORIENTED_EDGE('',*,*,#6347,.T.);
#8286=ORIENTED_EDGE('',*,*,#6349,.F.);
#8287=ORIENTED_EDGE('',*,*,#6350,.F.);
#8288=ORIENTED_EDGE('',*,*,#6351,.T.);
#8289=ORIENTED_EDGE('',*,*,#6350,.T.);
#8290=ORIENTED_EDGE('',*,*,#6352,.F.);
#8291=ORIENTED_EDGE('',*,*,#6353,.F.);
#8292=ORIENTED_EDGE('',*,*,#6354,.T.);
#8293=ORIENTED_EDGE('',*,*,#6353,.T.);
#8294=ORIENTED_EDGE('',*,*,#6355,.F.);
#8295=ORIENTED_EDGE('',*,*,#6356,.F.);
#8296=ORIENTED_EDGE('',*,*,#6357,.T.);
#8297=ORIENTED_EDGE('',*,*,#6356,.T.);
#8298=ORIENTED_EDGE('',*,*,#6358,.F.);
#8299=ORIENTED_EDGE('',*,*,#6359,.F.);
#8300=ORIENTED_EDGE('',*,*,#6360,.T.);
#8301=ORIENTED_EDGE('',*,*,#6359,.T.);
#8302=ORIENTED_EDGE('',*,*,#6361,.F.);
#8303=ORIENTED_EDGE('',*,*,#6362,.F.);
#8304=ORIENTED_EDGE('',*,*,#6363,.T.);
#8305=ORIENTED_EDGE('',*,*,#6362,.T.);
#8306=ORIENTED_EDGE('',*,*,#6364,.F.);
#8307=ORIENTED_EDGE('',*,*,#6365,.F.);
#8308=ORIENTED_EDGE('',*,*,#6366,.T.);
#8309=ORIENTED_EDGE('',*,*,#6365,.T.);
#8310=ORIENTED_EDGE('',*,*,#6367,.F.);
#8311=ORIENTED_EDGE('',*,*,#6368,.F.);
#8312=ORIENTED_EDGE('',*,*,#6369,.T.);
#8313=ORIENTED_EDGE('',*,*,#6368,.T.);
#8314=ORIENTED_EDGE('',*,*,#6370,.F.);
#8315=ORIENTED_EDGE('',*,*,#6371,.F.);
#8316=ORIENTED_EDGE('',*,*,#6372,.T.);
#8317=ORIENTED_EDGE('',*,*,#6371,.T.);
#8318=ORIENTED_EDGE('',*,*,#6373,.F.);
#8319=ORIENTED_EDGE('',*,*,#6374,.F.);
#8320=ORIENTED_EDGE('',*,*,#6375,.T.);
#8321=ORIENTED_EDGE('',*,*,#6374,.T.);
#8322=ORIENTED_EDGE('',*,*,#6376,.F.);
#8323=ORIENTED_EDGE('',*,*,#6377,.F.);
#8324=ORIENTED_EDGE('',*,*,#6378,.T.);
#8325=ORIENTED_EDGE('',*,*,#6377,.T.);
#8326=ORIENTED_EDGE('',*,*,#6379,.F.);
#8327=ORIENTED_EDGE('',*,*,#6380,.F.);
#8328=ORIENTED_EDGE('',*,*,#6381,.T.);
#8329=ORIENTED_EDGE('',*,*,#6380,.T.);
#8330=ORIENTED_EDGE('',*,*,#6382,.F.);
#8331=ORIENTED_EDGE('',*,*,#6383,.F.);
#8332=ORIENTED_EDGE('',*,*,#6384,.T.);
#8333=ORIENTED_EDGE('',*,*,#6383,.T.);
#8334=ORIENTED_EDGE('',*,*,#6385,.F.);
#8335=ORIENTED_EDGE('',*,*,#6386,.F.);
#8336=ORIENTED_EDGE('',*,*,#6387,.T.);
#8337=ORIENTED_EDGE('',*,*,#6386,.T.);
#8338=ORIENTED_EDGE('',*,*,#6388,.F.);
#8339=ORIENTED_EDGE('',*,*,#6389,.F.);
#8340=ORIENTED_EDGE('',*,*,#6390,.T.);
#8341=ORIENTED_EDGE('',*,*,#6389,.T.);
#8342=ORIENTED_EDGE('',*,*,#6391,.F.);
#8343=ORIENTED_EDGE('',*,*,#6392,.F.);
#8344=ORIENTED_EDGE('',*,*,#6393,.T.);
#8345=ORIENTED_EDGE('',*,*,#6392,.T.);
#8346=ORIENTED_EDGE('',*,*,#6394,.F.);
#8347=ORIENTED_EDGE('',*,*,#6395,.F.);
#8348=ORIENTED_EDGE('',*,*,#6396,.T.);
#8349=ORIENTED_EDGE('',*,*,#6395,.T.);
#8350=ORIENTED_EDGE('',*,*,#6397,.F.);
#8351=ORIENTED_EDGE('',*,*,#6398,.F.);
#8352=ORIENTED_EDGE('',*,*,#6399,.T.);
#8353=ORIENTED_EDGE('',*,*,#6398,.T.);
#8354=ORIENTED_EDGE('',*,*,#6400,.F.);
#8355=ORIENTED_EDGE('',*,*,#6401,.F.);
#8356=ORIENTED_EDGE('',*,*,#6402,.T.);
#8357=ORIENTED_EDGE('',*,*,#6401,.T.);
#8358=ORIENTED_EDGE('',*,*,#6403,.F.);
#8359=ORIENTED_EDGE('',*,*,#6404,.F.);
#8360=ORIENTED_EDGE('',*,*,#6405,.T.);
#8361=ORIENTED_EDGE('',*,*,#6404,.T.);
#8362=ORIENTED_EDGE('',*,*,#6406,.F.);
#8363=ORIENTED_EDGE('',*,*,#6407,.F.);
#8364=ORIENTED_EDGE('',*,*,#6408,.T.);
#8365=ORIENTED_EDGE('',*,*,#6407,.T.);
#8366=ORIENTED_EDGE('',*,*,#6409,.F.);
#8367=ORIENTED_EDGE('',*,*,#6410,.F.);
#8368=ORIENTED_EDGE('',*,*,#6411,.T.);
#8369=ORIENTED_EDGE('',*,*,#6410,.T.);
#8370=ORIENTED_EDGE('',*,*,#6412,.F.);
#8371=ORIENTED_EDGE('',*,*,#6413,.F.);
#8372=ORIENTED_EDGE('',*,*,#6414,.T.);
#8373=ORIENTED_EDGE('',*,*,#6413,.T.);
#8374=ORIENTED_EDGE('',*,*,#6415,.F.);
#8375=ORIENTED_EDGE('',*,*,#6416,.F.);
#8376=ORIENTED_EDGE('',*,*,#6417,.T.);
#8377=ORIENTED_EDGE('',*,*,#6416,.T.);
#8378=ORIENTED_EDGE('',*,*,#6418,.F.);
#8379=ORIENTED_EDGE('',*,*,#6419,.F.);
#8380=ORIENTED_EDGE('',*,*,#6420,.T.);
#8381=ORIENTED_EDGE('',*,*,#6419,.T.);
#8382=ORIENTED_EDGE('',*,*,#6421,.F.);
#8383=ORIENTED_EDGE('',*,*,#6422,.F.);
#8384=ORIENTED_EDGE('',*,*,#6423,.T.);
#8385=ORIENTED_EDGE('',*,*,#6422,.T.);
#8386=ORIENTED_EDGE('',*,*,#6424,.F.);
#8387=ORIENTED_EDGE('',*,*,#6425,.F.);
#8388=ORIENTED_EDGE('',*,*,#6426,.T.);
#8389=ORIENTED_EDGE('',*,*,#6425,.T.);
#8390=ORIENTED_EDGE('',*,*,#6427,.F.);
#8391=ORIENTED_EDGE('',*,*,#6428,.F.);
#8392=ORIENTED_EDGE('',*,*,#6429,.T.);
#8393=ORIENTED_EDGE('',*,*,#6428,.T.);
#8394=ORIENTED_EDGE('',*,*,#6430,.F.);
#8395=ORIENTED_EDGE('',*,*,#6431,.F.);
#8396=ORIENTED_EDGE('',*,*,#6432,.T.);
#8397=ORIENTED_EDGE('',*,*,#6431,.T.);
#8398=ORIENTED_EDGE('',*,*,#6433,.F.);
#8399=ORIENTED_EDGE('',*,*,#6434,.F.);
#8400=ORIENTED_EDGE('',*,*,#6435,.T.);
#8401=ORIENTED_EDGE('',*,*,#6434,.T.);
#8402=ORIENTED_EDGE('',*,*,#6436,.F.);
#8403=ORIENTED_EDGE('',*,*,#6437,.F.);
#8404=ORIENTED_EDGE('',*,*,#6438,.T.);
#8405=ORIENTED_EDGE('',*,*,#6437,.T.);
#8406=ORIENTED_EDGE('',*,*,#6439,.F.);
#8407=ORIENTED_EDGE('',*,*,#6440,.F.);
#8408=ORIENTED_EDGE('',*,*,#6441,.T.);
#8409=ORIENTED_EDGE('',*,*,#6440,.T.);
#8410=ORIENTED_EDGE('',*,*,#6442,.F.);
#8411=ORIENTED_EDGE('',*,*,#6443,.F.);
#8412=ORIENTED_EDGE('',*,*,#6444,.T.);
#8413=ORIENTED_EDGE('',*,*,#6443,.T.);
#8414=ORIENTED_EDGE('',*,*,#6445,.F.);
#8415=ORIENTED_EDGE('',*,*,#6446,.F.);
#8416=ORIENTED_EDGE('',*,*,#6447,.T.);
#8417=ORIENTED_EDGE('',*,*,#6446,.T.);
#8418=ORIENTED_EDGE('',*,*,#6448,.F.);
#8419=ORIENTED_EDGE('',*,*,#6449,.F.);
#8420=ORIENTED_EDGE('',*,*,#6450,.T.);
#8421=ORIENTED_EDGE('',*,*,#6449,.T.);
#8422=ORIENTED_EDGE('',*,*,#6451,.F.);
#8423=ORIENTED_EDGE('',*,*,#6452,.F.);
#8424=ORIENTED_EDGE('',*,*,#6453,.T.);
#8425=ORIENTED_EDGE('',*,*,#6452,.T.);
#8426=ORIENTED_EDGE('',*,*,#6454,.F.);
#8427=ORIENTED_EDGE('',*,*,#6455,.F.);
#8428=ORIENTED_EDGE('',*,*,#6456,.T.);
#8429=ORIENTED_EDGE('',*,*,#6455,.T.);
#8430=ORIENTED_EDGE('',*,*,#6457,.F.);
#8431=ORIENTED_EDGE('',*,*,#6458,.F.);
#8432=ORIENTED_EDGE('',*,*,#6459,.T.);
#8433=ORIENTED_EDGE('',*,*,#6458,.T.);
#8434=ORIENTED_EDGE('',*,*,#6460,.F.);
#8435=ORIENTED_EDGE('',*,*,#6461,.F.);
#8436=ORIENTED_EDGE('',*,*,#6462,.T.);
#8437=ORIENTED_EDGE('',*,*,#6461,.T.);
#8438=ORIENTED_EDGE('',*,*,#6463,.F.);
#8439=ORIENTED_EDGE('',*,*,#6464,.F.);
#8440=ORIENTED_EDGE('',*,*,#6465,.T.);
#8441=ORIENTED_EDGE('',*,*,#6464,.T.);
#8442=ORIENTED_EDGE('',*,*,#6466,.F.);
#8443=ORIENTED_EDGE('',*,*,#6467,.F.);
#8444=ORIENTED_EDGE('',*,*,#6468,.T.);
#8445=ORIENTED_EDGE('',*,*,#6467,.T.);
#8446=ORIENTED_EDGE('',*,*,#6469,.F.);
#8447=ORIENTED_EDGE('',*,*,#6470,.F.);
#8448=ORIENTED_EDGE('',*,*,#6471,.T.);
#8449=ORIENTED_EDGE('',*,*,#6470,.T.);
#8450=ORIENTED_EDGE('',*,*,#6472,.F.);
#8451=ORIENTED_EDGE('',*,*,#6473,.F.);
#8452=ORIENTED_EDGE('',*,*,#6474,.T.);
#8453=ORIENTED_EDGE('',*,*,#6473,.T.);
#8454=ORIENTED_EDGE('',*,*,#6475,.F.);
#8455=ORIENTED_EDGE('',*,*,#6476,.F.);
#8456=ORIENTED_EDGE('',*,*,#6477,.T.);
#8457=ORIENTED_EDGE('',*,*,#6476,.T.);
#8458=ORIENTED_EDGE('',*,*,#6478,.F.);
#8459=ORIENTED_EDGE('',*,*,#6479,.F.);
#8460=ORIENTED_EDGE('',*,*,#6480,.T.);
#8461=ORIENTED_EDGE('',*,*,#6479,.T.);
#8462=ORIENTED_EDGE('',*,*,#6481,.F.);
#8463=ORIENTED_EDGE('',*,*,#6482,.F.);
#8464=ORIENTED_EDGE('',*,*,#6483,.T.);
#8465=ORIENTED_EDGE('',*,*,#6482,.T.);
#8466=ORIENTED_EDGE('',*,*,#6484,.F.);
#8467=ORIENTED_EDGE('',*,*,#6485,.F.);
#8468=ORIENTED_EDGE('',*,*,#6486,.T.);
#8469=ORIENTED_EDGE('',*,*,#6485,.T.);
#8470=ORIENTED_EDGE('',*,*,#6487,.F.);
#8471=ORIENTED_EDGE('',*,*,#6488,.F.);
#8472=ORIENTED_EDGE('',*,*,#6489,.T.);
#8473=ORIENTED_EDGE('',*,*,#6488,.T.);
#8474=ORIENTED_EDGE('',*,*,#6490,.F.);
#8475=ORIENTED_EDGE('',*,*,#6491,.F.);
#8476=ORIENTED_EDGE('',*,*,#6492,.T.);
#8477=ORIENTED_EDGE('',*,*,#6491,.T.);
#8478=ORIENTED_EDGE('',*,*,#6493,.F.);
#8479=ORIENTED_EDGE('',*,*,#6494,.F.);
#8480=ORIENTED_EDGE('',*,*,#6495,.T.);
#8481=ORIENTED_EDGE('',*,*,#6494,.T.);
#8482=ORIENTED_EDGE('',*,*,#6496,.F.);
#8483=ORIENTED_EDGE('',*,*,#6497,.F.);
#8484=ORIENTED_EDGE('',*,*,#6498,.T.);
#8485=ORIENTED_EDGE('',*,*,#6497,.T.);
#8486=ORIENTED_EDGE('',*,*,#6499,.F.);
#8487=ORIENTED_EDGE('',*,*,#6500,.F.);
#8488=ORIENTED_EDGE('',*,*,#6501,.T.);
#8489=ORIENTED_EDGE('',*,*,#6500,.T.);
#8490=ORIENTED_EDGE('',*,*,#6502,.F.);
#8491=ORIENTED_EDGE('',*,*,#6503,.F.);
#8492=ORIENTED_EDGE('',*,*,#6504,.T.);
#8493=ORIENTED_EDGE('',*,*,#6503,.T.);
#8494=ORIENTED_EDGE('',*,*,#6505,.F.);
#8495=ORIENTED_EDGE('',*,*,#6506,.F.);
#8496=ORIENTED_EDGE('',*,*,#6507,.T.);
#8497=ORIENTED_EDGE('',*,*,#6506,.T.);
#8498=ORIENTED_EDGE('',*,*,#6508,.F.);
#8499=ORIENTED_EDGE('',*,*,#6509,.F.);
#8500=ORIENTED_EDGE('',*,*,#6510,.T.);
#8501=ORIENTED_EDGE('',*,*,#6509,.T.);
#8502=ORIENTED_EDGE('',*,*,#6511,.F.);
#8503=ORIENTED_EDGE('',*,*,#6512,.F.);
#8504=ORIENTED_EDGE('',*,*,#6513,.T.);
#8505=ORIENTED_EDGE('',*,*,#6512,.T.);
#8506=ORIENTED_EDGE('',*,*,#6514,.F.);
#8507=ORIENTED_EDGE('',*,*,#6515,.F.);
#8508=ORIENTED_EDGE('',*,*,#6516,.T.);
#8509=ORIENTED_EDGE('',*,*,#6515,.T.);
#8510=ORIENTED_EDGE('',*,*,#6517,.F.);
#8511=ORIENTED_EDGE('',*,*,#6518,.F.);
#8512=ORIENTED_EDGE('',*,*,#6519,.T.);
#8513=ORIENTED_EDGE('',*,*,#6518,.T.);
#8514=ORIENTED_EDGE('',*,*,#6520,.F.);
#8515=ORIENTED_EDGE('',*,*,#6521,.F.);
#8516=ORIENTED_EDGE('',*,*,#6522,.T.);
#8517=ORIENTED_EDGE('',*,*,#6521,.T.);
#8518=ORIENTED_EDGE('',*,*,#6523,.F.);
#8519=ORIENTED_EDGE('',*,*,#6524,.F.);
#8520=ORIENTED_EDGE('',*,*,#6525,.T.);
#8521=ORIENTED_EDGE('',*,*,#6524,.T.);
#8522=ORIENTED_EDGE('',*,*,#6526,.F.);
#8523=ORIENTED_EDGE('',*,*,#6527,.F.);
#8524=ORIENTED_EDGE('',*,*,#6528,.T.);
#8525=ORIENTED_EDGE('',*,*,#6527,.T.);
#8526=ORIENTED_EDGE('',*,*,#6529,.F.);
#8527=ORIENTED_EDGE('',*,*,#6530,.F.);
#8528=ORIENTED_EDGE('',*,*,#6531,.T.);
#8529=ORIENTED_EDGE('',*,*,#6530,.T.);
#8530=ORIENTED_EDGE('',*,*,#6532,.F.);
#8531=ORIENTED_EDGE('',*,*,#6533,.F.);
#8532=ORIENTED_EDGE('',*,*,#6534,.T.);
#8533=ORIENTED_EDGE('',*,*,#6533,.T.);
#8534=ORIENTED_EDGE('',*,*,#6535,.F.);
#8535=ORIENTED_EDGE('',*,*,#6536,.F.);
#8536=ORIENTED_EDGE('',*,*,#6537,.T.);
#8537=ORIENTED_EDGE('',*,*,#6536,.T.);
#8538=ORIENTED_EDGE('',*,*,#6538,.F.);
#8539=ORIENTED_EDGE('',*,*,#6539,.F.);
#8540=ORIENTED_EDGE('',*,*,#6540,.T.);
#8541=ORIENTED_EDGE('',*,*,#6539,.T.);
#8542=ORIENTED_EDGE('',*,*,#6541,.F.);
#8543=ORIENTED_EDGE('',*,*,#6542,.F.);
#8544=ORIENTED_EDGE('',*,*,#6543,.T.);
#8545=ORIENTED_EDGE('',*,*,#6542,.T.);
#8546=ORIENTED_EDGE('',*,*,#6544,.F.);
#8547=ORIENTED_EDGE('',*,*,#6545,.F.);
#8548=ORIENTED_EDGE('',*,*,#6546,.T.);
#8549=ORIENTED_EDGE('',*,*,#6545,.T.);
#8550=ORIENTED_EDGE('',*,*,#6547,.F.);
#8551=ORIENTED_EDGE('',*,*,#6548,.F.);
#8552=ORIENTED_EDGE('',*,*,#6549,.T.);
#8553=ORIENTED_EDGE('',*,*,#6548,.T.);
#8554=ORIENTED_EDGE('',*,*,#6550,.F.);
#8555=ORIENTED_EDGE('',*,*,#6551,.F.);
#8556=ORIENTED_EDGE('',*,*,#6552,.T.);
#8557=ORIENTED_EDGE('',*,*,#6551,.T.);
#8558=ORIENTED_EDGE('',*,*,#6553,.F.);
#8559=ORIENTED_EDGE('',*,*,#6554,.F.);
#8560=ORIENTED_EDGE('',*,*,#6555,.T.);
#8561=ORIENTED_EDGE('',*,*,#6554,.T.);
#8562=ORIENTED_EDGE('',*,*,#6556,.F.);
#8563=ORIENTED_EDGE('',*,*,#6557,.F.);
#8564=ORIENTED_EDGE('',*,*,#6558,.T.);
#8565=ORIENTED_EDGE('',*,*,#6557,.T.);
#8566=ORIENTED_EDGE('',*,*,#6559,.F.);
#8567=ORIENTED_EDGE('',*,*,#6560,.F.);
#8568=ORIENTED_EDGE('',*,*,#6561,.T.);
#8569=ORIENTED_EDGE('',*,*,#6560,.T.);
#8570=ORIENTED_EDGE('',*,*,#6562,.F.);
#8571=ORIENTED_EDGE('',*,*,#6563,.F.);
#8572=ORIENTED_EDGE('',*,*,#6564,.T.);
#8573=ORIENTED_EDGE('',*,*,#6563,.T.);
#8574=ORIENTED_EDGE('',*,*,#6565,.F.);
#8575=ORIENTED_EDGE('',*,*,#6566,.F.);
#8576=ORIENTED_EDGE('',*,*,#6567,.T.);
#8577=ORIENTED_EDGE('',*,*,#6566,.T.);
#8578=ORIENTED_EDGE('',*,*,#6568,.F.);
#8579=ORIENTED_EDGE('',*,*,#6569,.F.);
#8580=ORIENTED_EDGE('',*,*,#6570,.T.);
#8581=ORIENTED_EDGE('',*,*,#6569,.T.);
#8582=ORIENTED_EDGE('',*,*,#6571,.F.);
#8583=ORIENTED_EDGE('',*,*,#6572,.F.);
#8584=ORIENTED_EDGE('',*,*,#6573,.T.);
#8585=ORIENTED_EDGE('',*,*,#6572,.T.);
#8586=ORIENTED_EDGE('',*,*,#6574,.F.);
#8587=ORIENTED_EDGE('',*,*,#6575,.F.);
#8588=ORIENTED_EDGE('',*,*,#6576,.T.);
#8589=ORIENTED_EDGE('',*,*,#6575,.T.);
#8590=ORIENTED_EDGE('',*,*,#6577,.F.);
#8591=ORIENTED_EDGE('',*,*,#6578,.F.);
#8592=ORIENTED_EDGE('',*,*,#6579,.T.);
#8593=ORIENTED_EDGE('',*,*,#6578,.T.);
#8594=ORIENTED_EDGE('',*,*,#6580,.F.);
#8595=ORIENTED_EDGE('',*,*,#6581,.F.);
#8596=ORIENTED_EDGE('',*,*,#6582,.T.);
#8597=ORIENTED_EDGE('',*,*,#6581,.T.);
#8598=ORIENTED_EDGE('',*,*,#6583,.F.);
#8599=ORIENTED_EDGE('',*,*,#6584,.F.);
#8600=ORIENTED_EDGE('',*,*,#6585,.T.);
#8601=ORIENTED_EDGE('',*,*,#6584,.T.);
#8602=ORIENTED_EDGE('',*,*,#6586,.F.);
#8603=ORIENTED_EDGE('',*,*,#6587,.F.);
#8604=ORIENTED_EDGE('',*,*,#6588,.T.);
#8605=ORIENTED_EDGE('',*,*,#6587,.T.);
#8606=ORIENTED_EDGE('',*,*,#6589,.F.);
#8607=ORIENTED_EDGE('',*,*,#6590,.F.);
#8608=ORIENTED_EDGE('',*,*,#6591,.T.);
#8609=ORIENTED_EDGE('',*,*,#6590,.T.);
#8610=ORIENTED_EDGE('',*,*,#6592,.F.);
#8611=ORIENTED_EDGE('',*,*,#6593,.F.);
#8612=ORIENTED_EDGE('',*,*,#6594,.T.);
#8613=ORIENTED_EDGE('',*,*,#6593,.T.);
#8614=ORIENTED_EDGE('',*,*,#6595,.F.);
#8615=ORIENTED_EDGE('',*,*,#6596,.F.);
#8616=ORIENTED_EDGE('',*,*,#6597,.T.);
#8617=ORIENTED_EDGE('',*,*,#6596,.T.);
#8618=ORIENTED_EDGE('',*,*,#6598,.F.);
#8619=ORIENTED_EDGE('',*,*,#6599,.F.);
#8620=ORIENTED_EDGE('',*,*,#6600,.T.);
#8621=ORIENTED_EDGE('',*,*,#6599,.T.);
#8622=ORIENTED_EDGE('',*,*,#6601,.F.);
#8623=ORIENTED_EDGE('',*,*,#6602,.F.);
#8624=ORIENTED_EDGE('',*,*,#6603,.T.);
#8625=ORIENTED_EDGE('',*,*,#6602,.T.);
#8626=ORIENTED_EDGE('',*,*,#6604,.F.);
#8627=ORIENTED_EDGE('',*,*,#6605,.F.);
#8628=ORIENTED_EDGE('',*,*,#6606,.T.);
#8629=ORIENTED_EDGE('',*,*,#6605,.T.);
#8630=ORIENTED_EDGE('',*,*,#6607,.F.);
#8631=ORIENTED_EDGE('',*,*,#6608,.F.);
#8632=ORIENTED_EDGE('',*,*,#6609,.T.);
#8633=ORIENTED_EDGE('',*,*,#6608,.T.);
#8634=ORIENTED_EDGE('',*,*,#6610,.F.);
#8635=ORIENTED_EDGE('',*,*,#6611,.F.);
#8636=ORIENTED_EDGE('',*,*,#6612,.T.);
#8637=ORIENTED_EDGE('',*,*,#6611,.T.);
#8638=ORIENTED_EDGE('',*,*,#6613,.F.);
#8639=ORIENTED_EDGE('',*,*,#6614,.F.);
#8640=ORIENTED_EDGE('',*,*,#6615,.T.);
#8641=ORIENTED_EDGE('',*,*,#6614,.T.);
#8642=ORIENTED_EDGE('',*,*,#6616,.F.);
#8643=ORIENTED_EDGE('',*,*,#6617,.F.);
#8644=ORIENTED_EDGE('',*,*,#6618,.T.);
#8645=ORIENTED_EDGE('',*,*,#6617,.T.);
#8646=ORIENTED_EDGE('',*,*,#6619,.F.);
#8647=ORIENTED_EDGE('',*,*,#6620,.F.);
#8648=ORIENTED_EDGE('',*,*,#6621,.T.);
#8649=ORIENTED_EDGE('',*,*,#6620,.T.);
#8650=ORIENTED_EDGE('',*,*,#6622,.F.);
#8651=ORIENTED_EDGE('',*,*,#6623,.F.);
#8652=ORIENTED_EDGE('',*,*,#6624,.T.);
#8653=ORIENTED_EDGE('',*,*,#6623,.T.);
#8654=ORIENTED_EDGE('',*,*,#6625,.F.);
#8655=ORIENTED_EDGE('',*,*,#6626,.F.);
#8656=ORIENTED_EDGE('',*,*,#6627,.T.);
#8657=ORIENTED_EDGE('',*,*,#6626,.T.);
#8658=ORIENTED_EDGE('',*,*,#6628,.F.);
#8659=ORIENTED_EDGE('',*,*,#6629,.F.);
#8660=ORIENTED_EDGE('',*,*,#6630,.T.);
#8661=ORIENTED_EDGE('',*,*,#6629,.T.);
#8662=ORIENTED_EDGE('',*,*,#6631,.F.);
#8663=ORIENTED_EDGE('',*,*,#6632,.F.);
#8664=ORIENTED_EDGE('',*,*,#6633,.T.);
#8665=ORIENTED_EDGE('',*,*,#6632,.T.);
#8666=ORIENTED_EDGE('',*,*,#6634,.F.);
#8667=ORIENTED_EDGE('',*,*,#6635,.F.);
#8668=ORIENTED_EDGE('',*,*,#6636,.T.);
#8669=ORIENTED_EDGE('',*,*,#6635,.T.);
#8670=ORIENTED_EDGE('',*,*,#6637,.F.);
#8671=ORIENTED_EDGE('',*,*,#6638,.F.);
#8672=ORIENTED_EDGE('',*,*,#6639,.T.);
#8673=ORIENTED_EDGE('',*,*,#6638,.T.);
#8674=ORIENTED_EDGE('',*,*,#6640,.F.);
#8675=ORIENTED_EDGE('',*,*,#6641,.F.);
#8676=ORIENTED_EDGE('',*,*,#6642,.T.);
#8677=ORIENTED_EDGE('',*,*,#6641,.T.);
#8678=ORIENTED_EDGE('',*,*,#6643,.F.);
#8679=ORIENTED_EDGE('',*,*,#6644,.F.);
#8680=ORIENTED_EDGE('',*,*,#6645,.T.);
#8681=ORIENTED_EDGE('',*,*,#6644,.T.);
#8682=ORIENTED_EDGE('',*,*,#6646,.F.);
#8683=ORIENTED_EDGE('',*,*,#6647,.F.);
#8684=ORIENTED_EDGE('',*,*,#6648,.T.);
#8685=ORIENTED_EDGE('',*,*,#6647,.T.);
#8686=ORIENTED_EDGE('',*,*,#6649,.F.);
#8687=ORIENTED_EDGE('',*,*,#6650,.F.);
#8688=ORIENTED_EDGE('',*,*,#6651,.T.);
#8689=ORIENTED_EDGE('',*,*,#6650,.T.);
#8690=ORIENTED_EDGE('',*,*,#6652,.F.);
#8691=ORIENTED_EDGE('',*,*,#6653,.F.);
#8692=ORIENTED_EDGE('',*,*,#6654,.T.);
#8693=ORIENTED_EDGE('',*,*,#6653,.T.);
#8694=ORIENTED_EDGE('',*,*,#6655,.F.);
#8695=ORIENTED_EDGE('',*,*,#6656,.F.);
#8696=ORIENTED_EDGE('',*,*,#6657,.T.);
#8697=ORIENTED_EDGE('',*,*,#6656,.T.);
#8698=ORIENTED_EDGE('',*,*,#6658,.F.);
#8699=ORIENTED_EDGE('',*,*,#6659,.F.);
#8700=ORIENTED_EDGE('',*,*,#6660,.T.);
#8701=ORIENTED_EDGE('',*,*,#6659,.T.);
#8702=ORIENTED_EDGE('',*,*,#6661,.F.);
#8703=ORIENTED_EDGE('',*,*,#6662,.F.);
#8704=ORIENTED_EDGE('',*,*,#6663,.T.);
#8705=ORIENTED_EDGE('',*,*,#6662,.T.);
#8706=ORIENTED_EDGE('',*,*,#6664,.F.);
#8707=ORIENTED_EDGE('',*,*,#6665,.F.);
#8708=ORIENTED_EDGE('',*,*,#6666,.T.);
#8709=ORIENTED_EDGE('',*,*,#6665,.T.);
#8710=ORIENTED_EDGE('',*,*,#6667,.F.);
#8711=ORIENTED_EDGE('',*,*,#6668,.F.);
#8712=ORIENTED_EDGE('',*,*,#6669,.T.);
#8713=ORIENTED_EDGE('',*,*,#6668,.T.);
#8714=ORIENTED_EDGE('',*,*,#6670,.F.);
#8715=ORIENTED_EDGE('',*,*,#6671,.F.);
#8716=ORIENTED_EDGE('',*,*,#6672,.T.);
#8717=ORIENTED_EDGE('',*,*,#6671,.T.);
#8718=ORIENTED_EDGE('',*,*,#6673,.F.);
#8719=ORIENTED_EDGE('',*,*,#6674,.F.);
#8720=ORIENTED_EDGE('',*,*,#6675,.T.);
#8721=ORIENTED_EDGE('',*,*,#6674,.T.);
#8722=ORIENTED_EDGE('',*,*,#6676,.F.);
#8723=ORIENTED_EDGE('',*,*,#6677,.F.);
#8724=ORIENTED_EDGE('',*,*,#6678,.T.);
#8725=ORIENTED_EDGE('',*,*,#6677,.T.);
#8726=ORIENTED_EDGE('',*,*,#6679,.F.);
#8727=ORIENTED_EDGE('',*,*,#6680,.F.);
#8728=ORIENTED_EDGE('',*,*,#6681,.T.);
#8729=ORIENTED_EDGE('',*,*,#6680,.T.);
#8730=ORIENTED_EDGE('',*,*,#6682,.F.);
#8731=ORIENTED_EDGE('',*,*,#6683,.F.);
#8732=ORIENTED_EDGE('',*,*,#6684,.T.);
#8733=ORIENTED_EDGE('',*,*,#6683,.T.);
#8734=ORIENTED_EDGE('',*,*,#6685,.F.);
#8735=ORIENTED_EDGE('',*,*,#6686,.F.);
#8736=ORIENTED_EDGE('',*,*,#6687,.T.);
#8737=ORIENTED_EDGE('',*,*,#6686,.T.);
#8738=ORIENTED_EDGE('',*,*,#6688,.F.);
#8739=ORIENTED_EDGE('',*,*,#6689,.F.);
#8740=ORIENTED_EDGE('',*,*,#6690,.T.);
#8741=ORIENTED_EDGE('',*,*,#6689,.T.);
#8742=ORIENTED_EDGE('',*,*,#6691,.F.);
#8743=ORIENTED_EDGE('',*,*,#6692,.F.);
#8744=ORIENTED_EDGE('',*,*,#6693,.T.);
#8745=ORIENTED_EDGE('',*,*,#6692,.T.);
#8746=ORIENTED_EDGE('',*,*,#6694,.F.);
#8747=ORIENTED_EDGE('',*,*,#6695,.F.);
#8748=ORIENTED_EDGE('',*,*,#6696,.T.);
#8749=ORIENTED_EDGE('',*,*,#6695,.T.);
#8750=ORIENTED_EDGE('',*,*,#6697,.F.);
#8751=ORIENTED_EDGE('',*,*,#6698,.F.);
#8752=ORIENTED_EDGE('',*,*,#6699,.T.);
#8753=ORIENTED_EDGE('',*,*,#6698,.T.);
#8754=ORIENTED_EDGE('',*,*,#6700,.F.);
#8755=ORIENTED_EDGE('',*,*,#6701,.F.);
#8756=ORIENTED_EDGE('',*,*,#6702,.T.);
#8757=ORIENTED_EDGE('',*,*,#6701,.T.);
#8758=ORIENTED_EDGE('',*,*,#6703,.F.);
#8759=ORIENTED_EDGE('',*,*,#6704,.F.);
#8760=ORIENTED_EDGE('',*,*,#6705,.T.);
#8761=ORIENTED_EDGE('',*,*,#6704,.T.);
#8762=ORIENTED_EDGE('',*,*,#6706,.F.);
#8763=ORIENTED_EDGE('',*,*,#6707,.F.);
#8764=ORIENTED_EDGE('',*,*,#6708,.T.);
#8765=ORIENTED_EDGE('',*,*,#6707,.T.);
#8766=ORIENTED_EDGE('',*,*,#6709,.F.);
#8767=ORIENTED_EDGE('',*,*,#6710,.F.);
#8768=ORIENTED_EDGE('',*,*,#6711,.T.);
#8769=ORIENTED_EDGE('',*,*,#6710,.T.);
#8770=ORIENTED_EDGE('',*,*,#6712,.F.);
#8771=ORIENTED_EDGE('',*,*,#6713,.F.);
#8772=ORIENTED_EDGE('',*,*,#6714,.T.);
#8773=ORIENTED_EDGE('',*,*,#6713,.T.);
#8774=ORIENTED_EDGE('',*,*,#6715,.F.);
#8775=ORIENTED_EDGE('',*,*,#6716,.F.);
#8776=ORIENTED_EDGE('',*,*,#6717,.T.);
#8777=ORIENTED_EDGE('',*,*,#6716,.T.);
#8778=ORIENTED_EDGE('',*,*,#6718,.F.);
#8779=ORIENTED_EDGE('',*,*,#6719,.F.);
#8780=ORIENTED_EDGE('',*,*,#6720,.T.);
#8781=ORIENTED_EDGE('',*,*,#6719,.T.);
#8782=ORIENTED_EDGE('',*,*,#6721,.F.);
#8783=ORIENTED_EDGE('',*,*,#6722,.F.);
#8784=ORIENTED_EDGE('',*,*,#6723,.T.);
#8785=ORIENTED_EDGE('',*,*,#6722,.T.);
#8786=ORIENTED_EDGE('',*,*,#6724,.F.);
#8787=ORIENTED_EDGE('',*,*,#6725,.F.);
#8788=ORIENTED_EDGE('',*,*,#6726,.T.);
#8789=ORIENTED_EDGE('',*,*,#6725,.T.);
#8790=ORIENTED_EDGE('',*,*,#6727,.F.);
#8791=ORIENTED_EDGE('',*,*,#6728,.F.);
#8792=ORIENTED_EDGE('',*,*,#6729,.T.);
#8793=ORIENTED_EDGE('',*,*,#6728,.T.);
#8794=ORIENTED_EDGE('',*,*,#6730,.F.);
#8795=ORIENTED_EDGE('',*,*,#6731,.F.);
#8796=ORIENTED_EDGE('',*,*,#6732,.T.);
#8797=ORIENTED_EDGE('',*,*,#6731,.T.);
#8798=ORIENTED_EDGE('',*,*,#6733,.F.);
#8799=ORIENTED_EDGE('',*,*,#6734,.F.);
#8800=ORIENTED_EDGE('',*,*,#6735,.T.);
#8801=ORIENTED_EDGE('',*,*,#6734,.T.);
#8802=ORIENTED_EDGE('',*,*,#6736,.F.);
#8803=ORIENTED_EDGE('',*,*,#6737,.F.);
#8804=ORIENTED_EDGE('',*,*,#6738,.T.);
#8805=ORIENTED_EDGE('',*,*,#6737,.T.);
#8806=ORIENTED_EDGE('',*,*,#6739,.F.);
#8807=ORIENTED_EDGE('',*,*,#6740,.F.);
#8808=ORIENTED_EDGE('',*,*,#6741,.T.);
#8809=ORIENTED_EDGE('',*,*,#6740,.T.);
#8810=ORIENTED_EDGE('',*,*,#6742,.F.);
#8811=ORIENTED_EDGE('',*,*,#6743,.F.);
#8812=ORIENTED_EDGE('',*,*,#6744,.T.);
#8813=ORIENTED_EDGE('',*,*,#6743,.T.);
#8814=ORIENTED_EDGE('',*,*,#6745,.F.);
#8815=ORIENTED_EDGE('',*,*,#6746,.F.);
#8816=ORIENTED_EDGE('',*,*,#6747,.T.);
#8817=ORIENTED_EDGE('',*,*,#6746,.T.);
#8818=ORIENTED_EDGE('',*,*,#6748,.F.);
#8819=ORIENTED_EDGE('',*,*,#6749,.F.);
#8820=ORIENTED_EDGE('',*,*,#6750,.T.);
#8821=ORIENTED_EDGE('',*,*,#6749,.T.);
#8822=ORIENTED_EDGE('',*,*,#6751,.F.);
#8823=ORIENTED_EDGE('',*,*,#6752,.F.);
#8824=ORIENTED_EDGE('',*,*,#6753,.T.);
#8825=ORIENTED_EDGE('',*,*,#6752,.T.);
#8826=ORIENTED_EDGE('',*,*,#6754,.F.);
#8827=ORIENTED_EDGE('',*,*,#6755,.F.);
#8828=ORIENTED_EDGE('',*,*,#6756,.T.);
#8829=ORIENTED_EDGE('',*,*,#6755,.T.);
#8830=ORIENTED_EDGE('',*,*,#6757,.F.);
#8831=ORIENTED_EDGE('',*,*,#6758,.F.);
#8832=ORIENTED_EDGE('',*,*,#6759,.T.);
#8833=ORIENTED_EDGE('',*,*,#6758,.T.);
#8834=ORIENTED_EDGE('',*,*,#6760,.F.);
#8835=ORIENTED_EDGE('',*,*,#6761,.F.);
#8836=ORIENTED_EDGE('',*,*,#6762,.T.);
#8837=ORIENTED_EDGE('',*,*,#6761,.T.);
#8838=ORIENTED_EDGE('',*,*,#6763,.F.);
#8839=ORIENTED_EDGE('',*,*,#6764,.F.);
#8840=ORIENTED_EDGE('',*,*,#6765,.T.);
#8841=ORIENTED_EDGE('',*,*,#6764,.T.);
#8842=ORIENTED_EDGE('',*,*,#6766,.F.);
#8843=ORIENTED_EDGE('',*,*,#6767,.F.);
#8844=ORIENTED_EDGE('',*,*,#6768,.T.);
#8845=ORIENTED_EDGE('',*,*,#6767,.T.);
#8846=ORIENTED_EDGE('',*,*,#6769,.F.);
#8847=ORIENTED_EDGE('',*,*,#6770,.F.);
#8848=ORIENTED_EDGE('',*,*,#6771,.T.);
#8849=ORIENTED_EDGE('',*,*,#6770,.T.);
#8850=ORIENTED_EDGE('',*,*,#6772,.F.);
#8851=ORIENTED_EDGE('',*,*,#6773,.F.);
#8852=ORIENTED_EDGE('',*,*,#6774,.T.);
#8853=ORIENTED_EDGE('',*,*,#6773,.T.);
#8854=ORIENTED_EDGE('',*,*,#6775,.F.);
#8855=ORIENTED_EDGE('',*,*,#6776,.F.);
#8856=ORIENTED_EDGE('',*,*,#6777,.T.);
#8857=ORIENTED_EDGE('',*,*,#6776,.T.);
#8858=ORIENTED_EDGE('',*,*,#6778,.F.);
#8859=ORIENTED_EDGE('',*,*,#6779,.F.);
#8860=ORIENTED_EDGE('',*,*,#6780,.T.);
#8861=ORIENTED_EDGE('',*,*,#6779,.T.);
#8862=ORIENTED_EDGE('',*,*,#6781,.F.);
#8863=ORIENTED_EDGE('',*,*,#6782,.F.);
#8864=ORIENTED_EDGE('',*,*,#6783,.T.);
#8865=ORIENTED_EDGE('',*,*,#6782,.T.);
#8866=ORIENTED_EDGE('',*,*,#6784,.F.);
#8867=ORIENTED_EDGE('',*,*,#6785,.F.);
#8868=ORIENTED_EDGE('',*,*,#6786,.T.);
#8869=ORIENTED_EDGE('',*,*,#6785,.T.);
#8870=ORIENTED_EDGE('',*,*,#6787,.F.);
#8871=ORIENTED_EDGE('',*,*,#6788,.F.);
#8872=ORIENTED_EDGE('',*,*,#6789,.T.);
#8873=ORIENTED_EDGE('',*,*,#6788,.T.);
#8874=ORIENTED_EDGE('',*,*,#6790,.F.);
#8875=ORIENTED_EDGE('',*,*,#6791,.F.);
#8876=ORIENTED_EDGE('',*,*,#6792,.T.);
#8877=ORIENTED_EDGE('',*,*,#6791,.T.);
#8878=ORIENTED_EDGE('',*,*,#6793,.F.);
#8879=ORIENTED_EDGE('',*,*,#6794,.F.);
#8880=ORIENTED_EDGE('',*,*,#6795,.T.);
#8881=ORIENTED_EDGE('',*,*,#6794,.T.);
#8882=ORIENTED_EDGE('',*,*,#6796,.F.);
#8883=ORIENTED_EDGE('',*,*,#6797,.F.);
#8884=ORIENTED_EDGE('',*,*,#6798,.T.);
#8885=ORIENTED_EDGE('',*,*,#6797,.T.);
#8886=ORIENTED_EDGE('',*,*,#6799,.F.);
#8887=ORIENTED_EDGE('',*,*,#6800,.F.);
#8888=ORIENTED_EDGE('',*,*,#6801,.T.);
#8889=ORIENTED_EDGE('',*,*,#6800,.T.);
#8890=ORIENTED_EDGE('',*,*,#6802,.F.);
#8891=ORIENTED_EDGE('',*,*,#6803,.F.);
#8892=ORIENTED_EDGE('',*,*,#6804,.T.);
#8893=ORIENTED_EDGE('',*,*,#6803,.T.);
#8894=ORIENTED_EDGE('',*,*,#6805,.F.);
#8895=ORIENTED_EDGE('',*,*,#6806,.F.);
#8896=ORIENTED_EDGE('',*,*,#6807,.T.);
#8897=ORIENTED_EDGE('',*,*,#6806,.T.);
#8898=ORIENTED_EDGE('',*,*,#6808,.F.);
#8899=ORIENTED_EDGE('',*,*,#6809,.F.);
#8900=ORIENTED_EDGE('',*,*,#6810,.T.);
#8901=ORIENTED_EDGE('',*,*,#6809,.T.);
#8902=ORIENTED_EDGE('',*,*,#6811,.F.);
#8903=ORIENTED_EDGE('',*,*,#6812,.F.);
#8904=ORIENTED_EDGE('',*,*,#6813,.T.);
#8905=ORIENTED_EDGE('',*,*,#6812,.T.);
#8906=ORIENTED_EDGE('',*,*,#6814,.F.);
#8907=ORIENTED_EDGE('',*,*,#6815,.F.);
#8908=ORIENTED_EDGE('',*,*,#6816,.T.);
#8909=ORIENTED_EDGE('',*,*,#6815,.T.);
#8910=ORIENTED_EDGE('',*,*,#6817,.F.);
#8911=ORIENTED_EDGE('',*,*,#6818,.F.);
#8912=ORIENTED_EDGE('',*,*,#6819,.T.);
#8913=ORIENTED_EDGE('',*,*,#6818,.T.);
#8914=ORIENTED_EDGE('',*,*,#6820,.F.);
#8915=ORIENTED_EDGE('',*,*,#6821,.F.);
#8916=ORIENTED_EDGE('',*,*,#6822,.T.);
#8917=ORIENTED_EDGE('',*,*,#6821,.T.);
#8918=ORIENTED_EDGE('',*,*,#6823,.F.);
#8919=ORIENTED_EDGE('',*,*,#6824,.F.);
#8920=ORIENTED_EDGE('',*,*,#6825,.T.);
#8921=ORIENTED_EDGE('',*,*,#6824,.T.);
#8922=ORIENTED_EDGE('',*,*,#6826,.F.);
#8923=ORIENTED_EDGE('',*,*,#6827,.F.);
#8924=ORIENTED_EDGE('',*,*,#6828,.T.);
#8925=ORIENTED_EDGE('',*,*,#6827,.T.);
#8926=ORIENTED_EDGE('',*,*,#6829,.F.);
#8927=ORIENTED_EDGE('',*,*,#6830,.F.);
#8928=ORIENTED_EDGE('',*,*,#6831,.T.);
#8929=ORIENTED_EDGE('',*,*,#6830,.T.);
#8930=ORIENTED_EDGE('',*,*,#6832,.F.);
#8931=ORIENTED_EDGE('',*,*,#6833,.F.);
#8932=ORIENTED_EDGE('',*,*,#6834,.T.);
#8933=ORIENTED_EDGE('',*,*,#6833,.T.);
#8934=ORIENTED_EDGE('',*,*,#6835,.F.);
#8935=ORIENTED_EDGE('',*,*,#6836,.F.);
#8936=ORIENTED_EDGE('',*,*,#6837,.T.);
#8937=ORIENTED_EDGE('',*,*,#6836,.T.);
#8938=ORIENTED_EDGE('',*,*,#6838,.F.);
#8939=ORIENTED_EDGE('',*,*,#6839,.F.);
#8940=ORIENTED_EDGE('',*,*,#6840,.T.);
#8941=ORIENTED_EDGE('',*,*,#6839,.T.);
#8942=ORIENTED_EDGE('',*,*,#6841,.F.);
#8943=ORIENTED_EDGE('',*,*,#6842,.F.);
#8944=ORIENTED_EDGE('',*,*,#6843,.T.);
#8945=ORIENTED_EDGE('',*,*,#6842,.T.);
#8946=ORIENTED_EDGE('',*,*,#6844,.F.);
#8947=ORIENTED_EDGE('',*,*,#6845,.F.);
#8948=ORIENTED_EDGE('',*,*,#6846,.T.);
#8949=ORIENTED_EDGE('',*,*,#6845,.T.);
#8950=ORIENTED_EDGE('',*,*,#6847,.F.);
#8951=ORIENTED_EDGE('',*,*,#6848,.F.);
#8952=ORIENTED_EDGE('',*,*,#6849,.T.);
#8953=ORIENTED_EDGE('',*,*,#6848,.T.);
#8954=ORIENTED_EDGE('',*,*,#6850,.F.);
#8955=ORIENTED_EDGE('',*,*,#6851,.F.);
#8956=ORIENTED_EDGE('',*,*,#6852,.T.);
#8957=ORIENTED_EDGE('',*,*,#6851,.T.);
#8958=ORIENTED_EDGE('',*,*,#6853,.F.);
#8959=ORIENTED_EDGE('',*,*,#6854,.F.);
#8960=ORIENTED_EDGE('',*,*,#6855,.T.);
#8961=ORIENTED_EDGE('',*,*,#6854,.T.);
#8962=ORIENTED_EDGE('',*,*,#6856,.F.);
#8963=ORIENTED_EDGE('',*,*,#6857,.F.);
#8964=ORIENTED_EDGE('',*,*,#6858,.T.);
#8965=ORIENTED_EDGE('',*,*,#6857,.T.);
#8966=ORIENTED_EDGE('',*,*,#6859,.F.);
#8967=ORIENTED_EDGE('',*,*,#6860,.F.);
#8968=ORIENTED_EDGE('',*,*,#6861,.T.);
#8969=ORIENTED_EDGE('',*,*,#6860,.T.);
#8970=ORIENTED_EDGE('',*,*,#6862,.F.);
#8971=ORIENTED_EDGE('',*,*,#6863,.F.);
#8972=ORIENTED_EDGE('',*,*,#6864,.T.);
#8973=ORIENTED_EDGE('',*,*,#6863,.T.);
#8974=ORIENTED_EDGE('',*,*,#6865,.F.);
#8975=ORIENTED_EDGE('',*,*,#6866,.F.);
#8976=ORIENTED_EDGE('',*,*,#6867,.T.);
#8977=ORIENTED_EDGE('',*,*,#6866,.T.);
#8978=ORIENTED_EDGE('',*,*,#6868,.F.);
#8979=ORIENTED_EDGE('',*,*,#6869,.F.);
#8980=ORIENTED_EDGE('',*,*,#6870,.T.);
#8981=ORIENTED_EDGE('',*,*,#6869,.T.);
#8982=ORIENTED_EDGE('',*,*,#6871,.F.);
#8983=ORIENTED_EDGE('',*,*,#6872,.F.);
#8984=ORIENTED_EDGE('',*,*,#6873,.T.);
#8985=ORIENTED_EDGE('',*,*,#6872,.T.);
#8986=ORIENTED_EDGE('',*,*,#6874,.F.);
#8987=ORIENTED_EDGE('',*,*,#6875,.F.);
#8988=ORIENTED_EDGE('',*,*,#6876,.T.);
#8989=ORIENTED_EDGE('',*,*,#6875,.T.);
#8990=ORIENTED_EDGE('',*,*,#6877,.F.);
#8991=ORIENTED_EDGE('',*,*,#6878,.F.);
#8992=ORIENTED_EDGE('',*,*,#6879,.T.);
#8993=ORIENTED_EDGE('',*,*,#6878,.T.);
#8994=ORIENTED_EDGE('',*,*,#6880,.F.);
#8995=ORIENTED_EDGE('',*,*,#6881,.F.);
#8996=ORIENTED_EDGE('',*,*,#6882,.T.);
#8997=ORIENTED_EDGE('',*,*,#6881,.T.);
#8998=ORIENTED_EDGE('',*,*,#6883,.F.);
#8999=ORIENTED_EDGE('',*,*,#6884,.F.);
#9000=ORIENTED_EDGE('',*,*,#6885,.T.);
#9001=ORIENTED_EDGE('',*,*,#6884,.T.);
#9002=ORIENTED_EDGE('',*,*,#6886,.F.);
#9003=ORIENTED_EDGE('',*,*,#6887,.F.);
#9004=ORIENTED_EDGE('',*,*,#6888,.T.);
#9005=ORIENTED_EDGE('',*,*,#6887,.T.);
#9006=ORIENTED_EDGE('',*,*,#6889,.F.);
#9007=ORIENTED_EDGE('',*,*,#6890,.F.);
#9008=ORIENTED_EDGE('',*,*,#6891,.T.);
#9009=ORIENTED_EDGE('',*,*,#6890,.T.);
#9010=ORIENTED_EDGE('',*,*,#6892,.F.);
#9011=ORIENTED_EDGE('',*,*,#6893,.F.);
#9012=ORIENTED_EDGE('',*,*,#6894,.T.);
#9013=ORIENTED_EDGE('',*,*,#6893,.T.);
#9014=ORIENTED_EDGE('',*,*,#6895,.F.);
#9015=ORIENTED_EDGE('',*,*,#6896,.F.);
#9016=ORIENTED_EDGE('',*,*,#6897,.T.);
#9017=ORIENTED_EDGE('',*,*,#6896,.T.);
#9018=ORIENTED_EDGE('',*,*,#6898,.F.);
#9019=ORIENTED_EDGE('',*,*,#6899,.F.);
#9020=ORIENTED_EDGE('',*,*,#6900,.T.);
#9021=ORIENTED_EDGE('',*,*,#6899,.T.);
#9022=ORIENTED_EDGE('',*,*,#6901,.F.);
#9023=ORIENTED_EDGE('',*,*,#6902,.F.);
#9024=ORIENTED_EDGE('',*,*,#6903,.T.);
#9025=ORIENTED_EDGE('',*,*,#6902,.T.);
#9026=ORIENTED_EDGE('',*,*,#6904,.F.);
#9027=ORIENTED_EDGE('',*,*,#6905,.F.);
#9028=ORIENTED_EDGE('',*,*,#6906,.T.);
#9029=ORIENTED_EDGE('',*,*,#6905,.T.);
#9030=ORIENTED_EDGE('',*,*,#6907,.F.);
#9031=ORIENTED_EDGE('',*,*,#6908,.F.);
#9032=ORIENTED_EDGE('',*,*,#6909,.T.);
#9033=ORIENTED_EDGE('',*,*,#6908,.T.);
#9034=ORIENTED_EDGE('',*,*,#6910,.F.);
#9035=ORIENTED_EDGE('',*,*,#6911,.F.);
#9036=ORIENTED_EDGE('',*,*,#6912,.T.);
#9037=ORIENTED_EDGE('',*,*,#6911,.T.);
#9038=ORIENTED_EDGE('',*,*,#6913,.F.);
#9039=ORIENTED_EDGE('',*,*,#6914,.F.);
#9040=ORIENTED_EDGE('',*,*,#6915,.T.);
#9041=ORIENTED_EDGE('',*,*,#6914,.T.);
#9042=ORIENTED_EDGE('',*,*,#6916,.F.);
#9043=ORIENTED_EDGE('',*,*,#6917,.F.);
#9044=ORIENTED_EDGE('',*,*,#6918,.T.);
#9045=ORIENTED_EDGE('',*,*,#6917,.T.);
#9046=ORIENTED_EDGE('',*,*,#6919,.F.);
#9047=ORIENTED_EDGE('',*,*,#6920,.F.);
#9048=ORIENTED_EDGE('',*,*,#6921,.T.);
#9049=ORIENTED_EDGE('',*,*,#6920,.T.);
#9050=ORIENTED_EDGE('',*,*,#6922,.F.);
#9051=ORIENTED_EDGE('',*,*,#6923,.F.);
#9052=ORIENTED_EDGE('',*,*,#6924,.T.);
#9053=ORIENTED_EDGE('',*,*,#6923,.T.);
#9054=ORIENTED_EDGE('',*,*,#6925,.F.);
#9055=ORIENTED_EDGE('',*,*,#6926,.F.);
#9056=ORIENTED_EDGE('',*,*,#6927,.T.);
#9057=ORIENTED_EDGE('',*,*,#6926,.T.);
#9058=ORIENTED_EDGE('',*,*,#6928,.F.);
#9059=ORIENTED_EDGE('',*,*,#6929,.F.);
#9060=ORIENTED_EDGE('',*,*,#6930,.T.);
#9061=ORIENTED_EDGE('',*,*,#6929,.T.);
#9062=ORIENTED_EDGE('',*,*,#6931,.F.);
#9063=ORIENTED_EDGE('',*,*,#6932,.F.);
#9064=ORIENTED_EDGE('',*,*,#6933,.T.);
#9065=ORIENTED_EDGE('',*,*,#6932,.T.);
#9066=ORIENTED_EDGE('',*,*,#6934,.F.);
#9067=ORIENTED_EDGE('',*,*,#6935,.F.);
#9068=ORIENTED_EDGE('',*,*,#6936,.T.);
#9069=ORIENTED_EDGE('',*,*,#6935,.T.);
#9070=ORIENTED_EDGE('',*,*,#6937,.F.);
#9071=ORIENTED_EDGE('',*,*,#6938,.F.);
#9072=ORIENTED_EDGE('',*,*,#6939,.T.);
#9073=ORIENTED_EDGE('',*,*,#6938,.T.);
#9074=ORIENTED_EDGE('',*,*,#6940,.F.);
#9075=ORIENTED_EDGE('',*,*,#6941,.F.);
#9076=ORIENTED_EDGE('',*,*,#6942,.T.);
#9077=ORIENTED_EDGE('',*,*,#6941,.T.);
#9078=ORIENTED_EDGE('',*,*,#6943,.F.);
#9079=ORIENTED_EDGE('',*,*,#6944,.F.);
#9080=ORIENTED_EDGE('',*,*,#6945,.T.);
#9081=ORIENTED_EDGE('',*,*,#6944,.T.);
#9082=ORIENTED_EDGE('',*,*,#6946,.F.);
#9083=ORIENTED_EDGE('',*,*,#6947,.F.);
#9084=ORIENTED_EDGE('',*,*,#6948,.T.);
#9085=ORIENTED_EDGE('',*,*,#6947,.T.);
#9086=ORIENTED_EDGE('',*,*,#6949,.F.);
#9087=ORIENTED_EDGE('',*,*,#6950,.F.);
#9088=ORIENTED_EDGE('',*,*,#6951,.T.);
#9089=ORIENTED_EDGE('',*,*,#6950,.T.);
#9090=ORIENTED_EDGE('',*,*,#6952,.F.);
#9091=ORIENTED_EDGE('',*,*,#6953,.F.);
#9092=ORIENTED_EDGE('',*,*,#6954,.T.);
#9093=ORIENTED_EDGE('',*,*,#6953,.T.);
#9094=ORIENTED_EDGE('',*,*,#6955,.F.);
#9095=ORIENTED_EDGE('',*,*,#6956,.F.);
#9096=ORIENTED_EDGE('',*,*,#6957,.T.);
#9097=ORIENTED_EDGE('',*,*,#6956,.T.);
#9098=ORIENTED_EDGE('',*,*,#6958,.F.);
#9099=ORIENTED_EDGE('',*,*,#6959,.F.);
#9100=ORIENTED_EDGE('',*,*,#6960,.T.);
#9101=ORIENTED_EDGE('',*,*,#6959,.T.);
#9102=ORIENTED_EDGE('',*,*,#6961,.F.);
#9103=ORIENTED_EDGE('',*,*,#6962,.F.);
#9104=ORIENTED_EDGE('',*,*,#6963,.T.);
#9105=ORIENTED_EDGE('',*,*,#6962,.T.);
#9106=ORIENTED_EDGE('',*,*,#6964,.F.);
#9107=ORIENTED_EDGE('',*,*,#6965,.F.);
#9108=ORIENTED_EDGE('',*,*,#6966,.T.);
#9109=ORIENTED_EDGE('',*,*,#6965,.T.);
#9110=ORIENTED_EDGE('',*,*,#6967,.F.);
#9111=ORIENTED_EDGE('',*,*,#6968,.F.);
#9112=ORIENTED_EDGE('',*,*,#6969,.T.);
#9113=ORIENTED_EDGE('',*,*,#6968,.T.);
#9114=ORIENTED_EDGE('',*,*,#6970,.F.);
#9115=ORIENTED_EDGE('',*,*,#6971,.F.);
#9116=ORIENTED_EDGE('',*,*,#6972,.T.);
#9117=ORIENTED_EDGE('',*,*,#6971,.T.);
#9118=ORIENTED_EDGE('',*,*,#6973,.F.);
#9119=ORIENTED_EDGE('',*,*,#6974,.F.);
#9120=ORIENTED_EDGE('',*,*,#6975,.T.);
#9121=ORIENTED_EDGE('',*,*,#6974,.T.);
#9122=ORIENTED_EDGE('',*,*,#6976,.F.);
#9123=ORIENTED_EDGE('',*,*,#6977,.F.);
#9124=ORIENTED_EDGE('',*,*,#6978,.T.);
#9125=ORIENTED_EDGE('',*,*,#6977,.T.);
#9126=ORIENTED_EDGE('',*,*,#6979,.F.);
#9127=ORIENTED_EDGE('',*,*,#6980,.F.);
#9128=ORIENTED_EDGE('',*,*,#6981,.T.);
#9129=ORIENTED_EDGE('',*,*,#6980,.T.);
#9130=ORIENTED_EDGE('',*,*,#6982,.F.);
#9131=ORIENTED_EDGE('',*,*,#6983,.F.);
#9132=ORIENTED_EDGE('',*,*,#6984,.T.);
#9133=ORIENTED_EDGE('',*,*,#6983,.T.);
#9134=ORIENTED_EDGE('',*,*,#6985,.F.);
#9135=ORIENTED_EDGE('',*,*,#6986,.F.);
#9136=ORIENTED_EDGE('',*,*,#6987,.T.);
#9137=ORIENTED_EDGE('',*,*,#6986,.T.);
#9138=ORIENTED_EDGE('',*,*,#6988,.F.);
#9139=ORIENTED_EDGE('',*,*,#6989,.F.);
#9140=ORIENTED_EDGE('',*,*,#6990,.T.);
#9141=ORIENTED_EDGE('',*,*,#6989,.T.);
#9142=ORIENTED_EDGE('',*,*,#6991,.F.);
#9143=ORIENTED_EDGE('',*,*,#6992,.F.);
#9144=ORIENTED_EDGE('',*,*,#6993,.T.);
#9145=ORIENTED_EDGE('',*,*,#6992,.T.);
#9146=ORIENTED_EDGE('',*,*,#6994,.F.);
#9147=ORIENTED_EDGE('',*,*,#6995,.F.);
#9148=ORIENTED_EDGE('',*,*,#6996,.T.);
#9149=ORIENTED_EDGE('',*,*,#6995,.T.);
#9150=ORIENTED_EDGE('',*,*,#6997,.F.);
#9151=ORIENTED_EDGE('',*,*,#6998,.F.);
#9152=ORIENTED_EDGE('',*,*,#6999,.T.);
#9153=ORIENTED_EDGE('',*,*,#6998,.T.);
#9154=ORIENTED_EDGE('',*,*,#7000,.F.);
#9155=ORIENTED_EDGE('',*,*,#7001,.F.);
#9156=ORIENTED_EDGE('',*,*,#7002,.T.);
#9157=ORIENTED_EDGE('',*,*,#7001,.T.);
#9158=ORIENTED_EDGE('',*,*,#7003,.F.);
#9159=ORIENTED_EDGE('',*,*,#7004,.F.);
#9160=ORIENTED_EDGE('',*,*,#7005,.T.);
#9161=ORIENTED_EDGE('',*,*,#7004,.T.);
#9162=ORIENTED_EDGE('',*,*,#7006,.F.);
#9163=ORIENTED_EDGE('',*,*,#7007,.F.);
#9164=ORIENTED_EDGE('',*,*,#7008,.T.);
#9165=ORIENTED_EDGE('',*,*,#7007,.T.);
#9166=ORIENTED_EDGE('',*,*,#7009,.F.);
#9167=ORIENTED_EDGE('',*,*,#7010,.F.);
#9168=ORIENTED_EDGE('',*,*,#7011,.T.);
#9169=ORIENTED_EDGE('',*,*,#7010,.T.);
#9170=ORIENTED_EDGE('',*,*,#7012,.F.);
#9171=ORIENTED_EDGE('',*,*,#7013,.F.);
#9172=ORIENTED_EDGE('',*,*,#7014,.T.);
#9173=ORIENTED_EDGE('',*,*,#7013,.T.);
#9174=ORIENTED_EDGE('',*,*,#7015,.F.);
#9175=ORIENTED_EDGE('',*,*,#7016,.F.);
#9176=ORIENTED_EDGE('',*,*,#7017,.T.);
#9177=ORIENTED_EDGE('',*,*,#7016,.T.);
#9178=ORIENTED_EDGE('',*,*,#7018,.F.);
#9179=ORIENTED_EDGE('',*,*,#7019,.F.);
#9180=ORIENTED_EDGE('',*,*,#7020,.T.);
#9181=ORIENTED_EDGE('',*,*,#7019,.T.);
#9182=ORIENTED_EDGE('',*,*,#7021,.F.);
#9183=ORIENTED_EDGE('',*,*,#7022,.F.);
#9184=ORIENTED_EDGE('',*,*,#7023,.T.);
#9185=ORIENTED_EDGE('',*,*,#7022,.T.);
#9186=ORIENTED_EDGE('',*,*,#7024,.F.);
#9187=ORIENTED_EDGE('',*,*,#7025,.F.);
#9188=ORIENTED_EDGE('',*,*,#7026,.T.);
#9189=ORIENTED_EDGE('',*,*,#7025,.T.);
#9190=ORIENTED_EDGE('',*,*,#7027,.F.);
#9191=ORIENTED_EDGE('',*,*,#7028,.F.);
#9192=ORIENTED_EDGE('',*,*,#7029,.T.);
#9193=ORIENTED_EDGE('',*,*,#7028,.T.);
#9194=ORIENTED_EDGE('',*,*,#7030,.F.);
#9195=ORIENTED_EDGE('',*,*,#7031,.F.);
#9196=ORIENTED_EDGE('',*,*,#7032,.T.);
#9197=ORIENTED_EDGE('',*,*,#7031,.T.);
#9198=ORIENTED_EDGE('',*,*,#7033,.F.);
#9199=ORIENTED_EDGE('',*,*,#7034,.F.);
#9200=ORIENTED_EDGE('',*,*,#7035,.T.);
#9201=ORIENTED_EDGE('',*,*,#7034,.T.);
#9202=ORIENTED_EDGE('',*,*,#7036,.F.);
#9203=ORIENTED_EDGE('',*,*,#7037,.F.);
#9204=ORIENTED_EDGE('',*,*,#7038,.T.);
#9205=ORIENTED_EDGE('',*,*,#7037,.T.);
#9206=ORIENTED_EDGE('',*,*,#7039,.F.);
#9207=ORIENTED_EDGE('',*,*,#7040,.F.);
#9208=ORIENTED_EDGE('',*,*,#7041,.T.);
#9209=ORIENTED_EDGE('',*,*,#7040,.T.);
#9210=ORIENTED_EDGE('',*,*,#7042,.F.);
#9211=ORIENTED_EDGE('',*,*,#7043,.F.);
#9212=ORIENTED_EDGE('',*,*,#7044,.T.);
#9213=ORIENTED_EDGE('',*,*,#7043,.T.);
#9214=ORIENTED_EDGE('',*,*,#7045,.F.);
#9215=ORIENTED_EDGE('',*,*,#7046,.F.);
#9216=ORIENTED_EDGE('',*,*,#7047,.T.);
#9217=ORIENTED_EDGE('',*,*,#7046,.T.);
#9218=ORIENTED_EDGE('',*,*,#7048,.F.);
#9219=ORIENTED_EDGE('',*,*,#7049,.F.);
#9220=ORIENTED_EDGE('',*,*,#7050,.T.);
#9221=ORIENTED_EDGE('',*,*,#7049,.T.);
#9222=ORIENTED_EDGE('',*,*,#7051,.F.);
#9223=ORIENTED_EDGE('',*,*,#7052,.F.);
#9224=ORIENTED_EDGE('',*,*,#7053,.T.);
#9225=ORIENTED_EDGE('',*,*,#7052,.T.);
#9226=ORIENTED_EDGE('',*,*,#7054,.F.);
#9227=ORIENTED_EDGE('',*,*,#7055,.F.);
#9228=ORIENTED_EDGE('',*,*,#7056,.T.);
#9229=ORIENTED_EDGE('',*,*,#7055,.T.);
#9230=ORIENTED_EDGE('',*,*,#7057,.F.);
#9231=ORIENTED_EDGE('',*,*,#7058,.F.);
#9232=ORIENTED_EDGE('',*,*,#7059,.T.);
#9233=ORIENTED_EDGE('',*,*,#7058,.T.);
#9234=ORIENTED_EDGE('',*,*,#7060,.F.);
#9235=ORIENTED_EDGE('',*,*,#7061,.F.);
#9236=ORIENTED_EDGE('',*,*,#7062,.T.);
#9237=ORIENTED_EDGE('',*,*,#7061,.T.);
#9238=ORIENTED_EDGE('',*,*,#7063,.F.);
#9239=ORIENTED_EDGE('',*,*,#7064,.F.);
#9240=ORIENTED_EDGE('',*,*,#7065,.T.);
#9241=ORIENTED_EDGE('',*,*,#7064,.T.);
#9242=ORIENTED_EDGE('',*,*,#7066,.F.);
#9243=ORIENTED_EDGE('',*,*,#7067,.F.);
#9244=ORIENTED_EDGE('',*,*,#7068,.T.);
#9245=ORIENTED_EDGE('',*,*,#7067,.T.);
#9246=ORIENTED_EDGE('',*,*,#7069,.F.);
#9247=ORIENTED_EDGE('',*,*,#7070,.F.);
#9248=ORIENTED_EDGE('',*,*,#7071,.T.);
#9249=ORIENTED_EDGE('',*,*,#7070,.T.);
#9250=ORIENTED_EDGE('',*,*,#7072,.F.);
#9251=ORIENTED_EDGE('',*,*,#7073,.F.);
#9252=ORIENTED_EDGE('',*,*,#7074,.T.);
#9253=ORIENTED_EDGE('',*,*,#7073,.T.);
#9254=ORIENTED_EDGE('',*,*,#7075,.F.);
#9255=ORIENTED_EDGE('',*,*,#7076,.F.);
#9256=ORIENTED_EDGE('',*,*,#7077,.T.);
#9257=ORIENTED_EDGE('',*,*,#7076,.T.);
#9258=ORIENTED_EDGE('',*,*,#7078,.F.);
#9259=ORIENTED_EDGE('',*,*,#7079,.F.);
#9260=ORIENTED_EDGE('',*,*,#7080,.T.);
#9261=ORIENTED_EDGE('',*,*,#7079,.T.);
#9262=ORIENTED_EDGE('',*,*,#7081,.F.);
#9263=ORIENTED_EDGE('',*,*,#7082,.F.);
#9264=ORIENTED_EDGE('',*,*,#7083,.T.);
#9265=ORIENTED_EDGE('',*,*,#7082,.T.);
#9266=ORIENTED_EDGE('',*,*,#7084,.F.);
#9267=ORIENTED_EDGE('',*,*,#7085,.F.);
#9268=ORIENTED_EDGE('',*,*,#7086,.T.);
#9269=ORIENTED_EDGE('',*,*,#7085,.T.);
#9270=ORIENTED_EDGE('',*,*,#7087,.F.);
#9271=ORIENTED_EDGE('',*,*,#7088,.F.);
#9272=ORIENTED_EDGE('',*,*,#7089,.T.);
#9273=ORIENTED_EDGE('',*,*,#7088,.T.);
#9274=ORIENTED_EDGE('',*,*,#7090,.F.);
#9275=ORIENTED_EDGE('',*,*,#7091,.F.);
#9276=ORIENTED_EDGE('',*,*,#7092,.T.);
#9277=ORIENTED_EDGE('',*,*,#7091,.T.);
#9278=ORIENTED_EDGE('',*,*,#7093,.F.);
#9279=ORIENTED_EDGE('',*,*,#7094,.F.);
#9280=ORIENTED_EDGE('',*,*,#7095,.T.);
#9281=ORIENTED_EDGE('',*,*,#7094,.T.);
#9282=ORIENTED_EDGE('',*,*,#7096,.F.);
#9283=ORIENTED_EDGE('',*,*,#7097,.F.);
#9284=ORIENTED_EDGE('',*,*,#7098,.T.);
#9285=ORIENTED_EDGE('',*,*,#7097,.T.);
#9286=ORIENTED_EDGE('',*,*,#7099,.F.);
#9287=ORIENTED_EDGE('',*,*,#7100,.F.);
#9288=ORIENTED_EDGE('',*,*,#7101,.T.);
#9289=ORIENTED_EDGE('',*,*,#7100,.T.);
#9290=ORIENTED_EDGE('',*,*,#7102,.F.);
#9291=ORIENTED_EDGE('',*,*,#7103,.F.);
#9292=ORIENTED_EDGE('',*,*,#7104,.T.);
#9293=ORIENTED_EDGE('',*,*,#7103,.T.);
#9294=ORIENTED_EDGE('',*,*,#7105,.F.);
#9295=ORIENTED_EDGE('',*,*,#7106,.F.);
#9296=ORIENTED_EDGE('',*,*,#7107,.T.);
#9297=ORIENTED_EDGE('',*,*,#7106,.T.);
#9298=ORIENTED_EDGE('',*,*,#7108,.F.);
#9299=ORIENTED_EDGE('',*,*,#7109,.F.);
#9300=ORIENTED_EDGE('',*,*,#7110,.T.);
#9301=ORIENTED_EDGE('',*,*,#7109,.T.);
#9302=ORIENTED_EDGE('',*,*,#7111,.F.);
#9303=ORIENTED_EDGE('',*,*,#7112,.F.);
#9304=ORIENTED_EDGE('',*,*,#7113,.T.);
#9305=ORIENTED_EDGE('',*,*,#7112,.T.);
#9306=ORIENTED_EDGE('',*,*,#7114,.F.);
#9307=ORIENTED_EDGE('',*,*,#7115,.F.);
#9308=ORIENTED_EDGE('',*,*,#7116,.T.);
#9309=ORIENTED_EDGE('',*,*,#7115,.T.);
#9310=ORIENTED_EDGE('',*,*,#7117,.F.);
#9311=ORIENTED_EDGE('',*,*,#7118,.F.);
#9312=ORIENTED_EDGE('',*,*,#7119,.T.);
#9313=ORIENTED_EDGE('',*,*,#7118,.T.);
#9314=ORIENTED_EDGE('',*,*,#7120,.F.);
#9315=ORIENTED_EDGE('',*,*,#7121,.F.);
#9316=ORIENTED_EDGE('',*,*,#7122,.T.);
#9317=ORIENTED_EDGE('',*,*,#7121,.T.);
#9318=ORIENTED_EDGE('',*,*,#7123,.F.);
#9319=ORIENTED_EDGE('',*,*,#7124,.F.);
#9320=ORIENTED_EDGE('',*,*,#7125,.T.);
#9321=ORIENTED_EDGE('',*,*,#7124,.T.);
#9322=ORIENTED_EDGE('',*,*,#7126,.F.);
#9323=ORIENTED_EDGE('',*,*,#7127,.F.);
#9324=ORIENTED_EDGE('',*,*,#7128,.T.);
#9325=ORIENTED_EDGE('',*,*,#7127,.T.);
#9326=ORIENTED_EDGE('',*,*,#7129,.F.);
#9327=ORIENTED_EDGE('',*,*,#7130,.F.);
#9328=ORIENTED_EDGE('',*,*,#7131,.T.);
#9329=ORIENTED_EDGE('',*,*,#7130,.T.);
#9330=ORIENTED_EDGE('',*,*,#7132,.F.);
#9331=ORIENTED_EDGE('',*,*,#7133,.F.);
#9332=ORIENTED_EDGE('',*,*,#7134,.T.);
#9333=ORIENTED_EDGE('',*,*,#7133,.T.);
#9334=ORIENTED_EDGE('',*,*,#7135,.F.);
#9335=ORIENTED_EDGE('',*,*,#7136,.F.);
#9336=ORIENTED_EDGE('',*,*,#7137,.T.);
#9337=ORIENTED_EDGE('',*,*,#7136,.T.);
#9338=ORIENTED_EDGE('',*,*,#7138,.F.);
#9339=ORIENTED_EDGE('',*,*,#7139,.F.);
#9340=ORIENTED_EDGE('',*,*,#7140,.T.);
#9341=ORIENTED_EDGE('',*,*,#7139,.T.);
#9342=ORIENTED_EDGE('',*,*,#7141,.F.);
#9343=ORIENTED_EDGE('',*,*,#7142,.F.);
#9344=ORIENTED_EDGE('',*,*,#7143,.T.);
#9345=ORIENTED_EDGE('',*,*,#7142,.T.);
#9346=ORIENTED_EDGE('',*,*,#7144,.F.);
#9347=ORIENTED_EDGE('',*,*,#7145,.F.);
#9348=ORIENTED_EDGE('',*,*,#7146,.T.);
#9349=ORIENTED_EDGE('',*,*,#7145,.T.);
#9350=ORIENTED_EDGE('',*,*,#7147,.F.);
#9351=ORIENTED_EDGE('',*,*,#7148,.F.);
#9352=ORIENTED_EDGE('',*,*,#7149,.T.);
#9353=ORIENTED_EDGE('',*,*,#7148,.T.);
#9354=ORIENTED_EDGE('',*,*,#7150,.F.);
#9355=ORIENTED_EDGE('',*,*,#7151,.F.);
#9356=ORIENTED_EDGE('',*,*,#7152,.T.);
#9357=ORIENTED_EDGE('',*,*,#7151,.T.);
#9358=ORIENTED_EDGE('',*,*,#7153,.F.);
#9359=ORIENTED_EDGE('',*,*,#7154,.F.);
#9360=ORIENTED_EDGE('',*,*,#7155,.T.);
#9361=ORIENTED_EDGE('',*,*,#7154,.T.);
#9362=ORIENTED_EDGE('',*,*,#7156,.F.);
#9363=ORIENTED_EDGE('',*,*,#7157,.F.);
#9364=ORIENTED_EDGE('',*,*,#7158,.T.);
#9365=ORIENTED_EDGE('',*,*,#7157,.T.);
#9366=ORIENTED_EDGE('',*,*,#7159,.F.);
#9367=ORIENTED_EDGE('',*,*,#7160,.F.);
#9368=ORIENTED_EDGE('',*,*,#7161,.T.);
#9369=ORIENTED_EDGE('',*,*,#7160,.T.);
#9370=ORIENTED_EDGE('',*,*,#7162,.F.);
#9371=ORIENTED_EDGE('',*,*,#7163,.F.);
#9372=ORIENTED_EDGE('',*,*,#7164,.T.);
#9373=ORIENTED_EDGE('',*,*,#7163,.T.);
#9374=ORIENTED_EDGE('',*,*,#7165,.F.);
#9375=ORIENTED_EDGE('',*,*,#7166,.F.);
#9376=ORIENTED_EDGE('',*,*,#7167,.T.);
#9377=ORIENTED_EDGE('',*,*,#7166,.T.);
#9378=ORIENTED_EDGE('',*,*,#7168,.F.);
#9379=ORIENTED_EDGE('',*,*,#7169,.F.);
#9380=ORIENTED_EDGE('',*,*,#7170,.T.);
#9381=ORIENTED_EDGE('',*,*,#7169,.T.);
#9382=ORIENTED_EDGE('',*,*,#7171,.F.);
#9383=ORIENTED_EDGE('',*,*,#7172,.F.);
#9384=ORIENTED_EDGE('',*,*,#7173,.T.);
#9385=ORIENTED_EDGE('',*,*,#7172,.T.);
#9386=ORIENTED_EDGE('',*,*,#7174,.F.);
#9387=ORIENTED_EDGE('',*,*,#7175,.F.);
#9388=ORIENTED_EDGE('',*,*,#7176,.T.);
#9389=ORIENTED_EDGE('',*,*,#7175,.T.);
#9390=ORIENTED_EDGE('',*,*,#7177,.F.);
#9391=ORIENTED_EDGE('',*,*,#7178,.F.);
#9392=ORIENTED_EDGE('',*,*,#7179,.T.);
#9393=ORIENTED_EDGE('',*,*,#7178,.T.);
#9394=ORIENTED_EDGE('',*,*,#7180,.F.);
#9395=ORIENTED_EDGE('',*,*,#7181,.F.);
#9396=ORIENTED_EDGE('',*,*,#7182,.T.);
#9397=ORIENTED_EDGE('',*,*,#7181,.T.);
#9398=ORIENTED_EDGE('',*,*,#7183,.F.);
#9399=ORIENTED_EDGE('',*,*,#7184,.F.);
#9400=ORIENTED_EDGE('',*,*,#7185,.T.);
#9401=ORIENTED_EDGE('',*,*,#7184,.T.);
#9402=ORIENTED_EDGE('',*,*,#7186,.F.);
#9403=ORIENTED_EDGE('',*,*,#7187,.F.);
#9404=ORIENTED_EDGE('',*,*,#7188,.T.);
#9405=ORIENTED_EDGE('',*,*,#7187,.T.);
#9406=ORIENTED_EDGE('',*,*,#7189,.F.);
#9407=ORIENTED_EDGE('',*,*,#7190,.F.);
#9408=ORIENTED_EDGE('',*,*,#7191,.T.);
#9409=ORIENTED_EDGE('',*,*,#7190,.T.);
#9410=ORIENTED_EDGE('',*,*,#7192,.F.);
#9411=ORIENTED_EDGE('',*,*,#7193,.F.);
#9412=ORIENTED_EDGE('',*,*,#7194,.T.);
#9413=ORIENTED_EDGE('',*,*,#7193,.T.);
#9414=ORIENTED_EDGE('',*,*,#7195,.F.);
#9415=ORIENTED_EDGE('',*,*,#7196,.F.);
#9416=ORIENTED_EDGE('',*,*,#7197,.T.);
#9417=ORIENTED_EDGE('',*,*,#7196,.T.);
#9418=ORIENTED_EDGE('',*,*,#7198,.F.);
#9419=ORIENTED_EDGE('',*,*,#7199,.F.);
#9420=ORIENTED_EDGE('',*,*,#7200,.T.);
#9421=ORIENTED_EDGE('',*,*,#7199,.T.);
#9422=ORIENTED_EDGE('',*,*,#7201,.F.);
#9423=ORIENTED_EDGE('',*,*,#7202,.F.);
#9424=ORIENTED_EDGE('',*,*,#7203,.T.);
#9425=ORIENTED_EDGE('',*,*,#7202,.T.);
#9426=ORIENTED_EDGE('',*,*,#7204,.F.);
#9427=ORIENTED_EDGE('',*,*,#7205,.F.);
#9428=ORIENTED_EDGE('',*,*,#7206,.T.);
#9429=ORIENTED_EDGE('',*,*,#7205,.T.);
#9430=ORIENTED_EDGE('',*,*,#7207,.F.);
#9431=ORIENTED_EDGE('',*,*,#7208,.F.);
#9432=ORIENTED_EDGE('',*,*,#7209,.T.);
#9433=ORIENTED_EDGE('',*,*,#7208,.T.);
#9434=ORIENTED_EDGE('',*,*,#7210,.F.);
#9435=ORIENTED_EDGE('',*,*,#7211,.F.);
#9436=ORIENTED_EDGE('',*,*,#7212,.T.);
#9437=ORIENTED_EDGE('',*,*,#7211,.T.);
#9438=ORIENTED_EDGE('',*,*,#7213,.F.);
#9439=ORIENTED_EDGE('',*,*,#7214,.F.);
#9440=ORIENTED_EDGE('',*,*,#7215,.T.);
#9441=ORIENTED_EDGE('',*,*,#7214,.T.);
#9442=ORIENTED_EDGE('',*,*,#7216,.F.);
#9443=ORIENTED_EDGE('',*,*,#7217,.F.);
#9444=ORIENTED_EDGE('',*,*,#7218,.T.);
#9445=ORIENTED_EDGE('',*,*,#7217,.T.);
#9446=ORIENTED_EDGE('',*,*,#7219,.F.);
#9447=ORIENTED_EDGE('',*,*,#7220,.F.);
#9448=ORIENTED_EDGE('',*,*,#7221,.T.);
#9449=ORIENTED_EDGE('',*,*,#7220,.T.);
#9450=ORIENTED_EDGE('',*,*,#7222,.F.);
#9451=ORIENTED_EDGE('',*,*,#7223,.F.);
#9452=ORIENTED_EDGE('',*,*,#7224,.T.);
#9453=ORIENTED_EDGE('',*,*,#7223,.T.);
#9454=ORIENTED_EDGE('',*,*,#7225,.F.);
#9455=ORIENTED_EDGE('',*,*,#7226,.F.);
#9456=ORIENTED_EDGE('',*,*,#7227,.T.);
#9457=ORIENTED_EDGE('',*,*,#7226,.T.);
#9458=ORIENTED_EDGE('',*,*,#7228,.F.);
#9459=ORIENTED_EDGE('',*,*,#7229,.F.);
#9460=ORIENTED_EDGE('',*,*,#7230,.T.);
#9461=ORIENTED_EDGE('',*,*,#7229,.T.);
#9462=ORIENTED_EDGE('',*,*,#7231,.F.);
#9463=ORIENTED_EDGE('',*,*,#7232,.F.);
#9464=ORIENTED_EDGE('',*,*,#7233,.T.);
#9465=ORIENTED_EDGE('',*,*,#7232,.T.);
#9466=ORIENTED_EDGE('',*,*,#7234,.F.);
#9467=ORIENTED_EDGE('',*,*,#7235,.F.);
#9468=ORIENTED_EDGE('',*,*,#7236,.T.);
#9469=ORIENTED_EDGE('',*,*,#7235,.T.);
#9470=ORIENTED_EDGE('',*,*,#7237,.F.);
#9471=ORIENTED_EDGE('',*,*,#7238,.F.);
#9472=ORIENTED_EDGE('',*,*,#7239,.T.);
#9473=ORIENTED_EDGE('',*,*,#7238,.T.);
#9474=ORIENTED_EDGE('',*,*,#7240,.F.);
#9475=ORIENTED_EDGE('',*,*,#7241,.F.);
#9476=ORIENTED_EDGE('',*,*,#7242,.T.);
#9477=ORIENTED_EDGE('',*,*,#7241,.T.);
#9478=ORIENTED_EDGE('',*,*,#7243,.F.);
#9479=ORIENTED_EDGE('',*,*,#7244,.F.);
#9480=ORIENTED_EDGE('',*,*,#7245,.T.);
#9481=ORIENTED_EDGE('',*,*,#7244,.T.);
#9482=ORIENTED_EDGE('',*,*,#7246,.F.);
#9483=ORIENTED_EDGE('',*,*,#7247,.F.);
#9484=ORIENTED_EDGE('',*,*,#7248,.T.);
#9485=ORIENTED_EDGE('',*,*,#7247,.T.);
#9486=ORIENTED_EDGE('',*,*,#7249,.F.);
#9487=ORIENTED_EDGE('',*,*,#7250,.F.);
#9488=ORIENTED_EDGE('',*,*,#7251,.T.);
#9489=ORIENTED_EDGE('',*,*,#7250,.T.);
#9490=ORIENTED_EDGE('',*,*,#7252,.F.);
#9491=ORIENTED_EDGE('',*,*,#7253,.F.);
#9492=ORIENTED_EDGE('',*,*,#7254,.T.);
#9493=ORIENTED_EDGE('',*,*,#7253,.T.);
#9494=ORIENTED_EDGE('',*,*,#7255,.F.);
#9495=ORIENTED_EDGE('',*,*,#7256,.F.);
#9496=ORIENTED_EDGE('',*,*,#7257,.T.);
#9497=ORIENTED_EDGE('',*,*,#7256,.T.);
#9498=ORIENTED_EDGE('',*,*,#7258,.F.);
#9499=ORIENTED_EDGE('',*,*,#7259,.F.);
#9500=ORIENTED_EDGE('',*,*,#7260,.T.);
#9501=ORIENTED_EDGE('',*,*,#7259,.T.);
#9502=ORIENTED_EDGE('',*,*,#7261,.F.);
#9503=ORIENTED_EDGE('',*,*,#7262,.F.);
#9504=ORIENTED_EDGE('',*,*,#7263,.T.);
#9505=ORIENTED_EDGE('',*,*,#7262,.T.);
#9506=ORIENTED_EDGE('',*,*,#7264,.F.);
#9507=ORIENTED_EDGE('',*,*,#7265,.F.);
#9508=ORIENTED_EDGE('',*,*,#7266,.T.);
#9509=ORIENTED_EDGE('',*,*,#7265,.T.);
#9510=ORIENTED_EDGE('',*,*,#7267,.F.);
#9511=ORIENTED_EDGE('',*,*,#7268,.F.);
#9512=ORIENTED_EDGE('',*,*,#7269,.T.);
#9513=ORIENTED_EDGE('',*,*,#7268,.T.);
#9514=ORIENTED_EDGE('',*,*,#7270,.F.);
#9515=ORIENTED_EDGE('',*,*,#7271,.F.);
#9516=ORIENTED_EDGE('',*,*,#7272,.T.);
#9517=ORIENTED_EDGE('',*,*,#7271,.T.);
#9518=ORIENTED_EDGE('',*,*,#7273,.F.);
#9519=ORIENTED_EDGE('',*,*,#7274,.F.);
#9520=ORIENTED_EDGE('',*,*,#7275,.T.);
#9521=ORIENTED_EDGE('',*,*,#7274,.T.);
#9522=ORIENTED_EDGE('',*,*,#7276,.F.);
#9523=ORIENTED_EDGE('',*,*,#7277,.F.);
#9524=ORIENTED_EDGE('',*,*,#7278,.T.);
#9525=ORIENTED_EDGE('',*,*,#7277,.T.);
#9526=ORIENTED_EDGE('',*,*,#7279,.F.);
#9527=ORIENTED_EDGE('',*,*,#7280,.F.);
#9528=ORIENTED_EDGE('',*,*,#7281,.T.);
#9529=ORIENTED_EDGE('',*,*,#7280,.T.);
#9530=ORIENTED_EDGE('',*,*,#7282,.F.);
#9531=ORIENTED_EDGE('',*,*,#7283,.F.);
#9532=ORIENTED_EDGE('',*,*,#7284,.T.);
#9533=ORIENTED_EDGE('',*,*,#7283,.T.);
#9534=ORIENTED_EDGE('',*,*,#7285,.F.);
#9535=ORIENTED_EDGE('',*,*,#7286,.F.);
#9536=ORIENTED_EDGE('',*,*,#7287,.T.);
#9537=ORIENTED_EDGE('',*,*,#7286,.T.);
#9538=ORIENTED_EDGE('',*,*,#7288,.F.);
#9539=ORIENTED_EDGE('',*,*,#7289,.F.);
#9540=ORIENTED_EDGE('',*,*,#7290,.T.);
#9541=ORIENTED_EDGE('',*,*,#7289,.T.);
#9542=ORIENTED_EDGE('',*,*,#7291,.F.);
#9543=ORIENTED_EDGE('',*,*,#7292,.F.);
#9544=ORIENTED_EDGE('',*,*,#7293,.T.);
#9545=ORIENTED_EDGE('',*,*,#7292,.T.);
#9546=ORIENTED_EDGE('',*,*,#7294,.F.);
#9547=ORIENTED_EDGE('',*,*,#7295,.F.);
#9548=ORIENTED_EDGE('',*,*,#7296,.T.);
#9549=ORIENTED_EDGE('',*,*,#7295,.T.);
#9550=ORIENTED_EDGE('',*,*,#7297,.F.);
#9551=ORIENTED_EDGE('',*,*,#7298,.F.);
#9552=ORIENTED_EDGE('',*,*,#7299,.T.);
#9553=ORIENTED_EDGE('',*,*,#7298,.T.);
#9554=ORIENTED_EDGE('',*,*,#7300,.F.);
#9555=ORIENTED_EDGE('',*,*,#7301,.F.);
#9556=ORIENTED_EDGE('',*,*,#7302,.T.);
#9557=ORIENTED_EDGE('',*,*,#7301,.T.);
#9558=ORIENTED_EDGE('',*,*,#7303,.F.);
#9559=ORIENTED_EDGE('',*,*,#7304,.F.);
#9560=ORIENTED_EDGE('',*,*,#7305,.T.);
#9561=ORIENTED_EDGE('',*,*,#7304,.T.);
#9562=ORIENTED_EDGE('',*,*,#7306,.F.);
#9563=ORIENTED_EDGE('',*,*,#7307,.F.);
#9564=ORIENTED_EDGE('',*,*,#7308,.T.);
#9565=ORIENTED_EDGE('',*,*,#7307,.T.);
#9566=ORIENTED_EDGE('',*,*,#7309,.F.);
#9567=ORIENTED_EDGE('',*,*,#7310,.F.);
#9568=ORIENTED_EDGE('',*,*,#7311,.T.);
#9569=ORIENTED_EDGE('',*,*,#7310,.T.);
#9570=ORIENTED_EDGE('',*,*,#7312,.F.);
#9571=ORIENTED_EDGE('',*,*,#7313,.F.);
#9572=ORIENTED_EDGE('',*,*,#7314,.T.);
#9573=ORIENTED_EDGE('',*,*,#7313,.T.);
#9574=ORIENTED_EDGE('',*,*,#7315,.F.);
#9575=ORIENTED_EDGE('',*,*,#7316,.F.);
#9576=ORIENTED_EDGE('',*,*,#7317,.T.);
#9577=ORIENTED_EDGE('',*,*,#7316,.T.);
#9578=ORIENTED_EDGE('',*,*,#7318,.F.);
#9579=ORIENTED_EDGE('',*,*,#7319,.F.);
#9580=ORIENTED_EDGE('',*,*,#7320,.T.);
#9581=ORIENTED_EDGE('',*,*,#7319,.T.);
#9582=ORIENTED_EDGE('',*,*,#7321,.F.);
#9583=ORIENTED_EDGE('',*,*,#7322,.F.);
#9584=ORIENTED_EDGE('',*,*,#7323,.T.);
#9585=ORIENTED_EDGE('',*,*,#7322,.T.);
#9586=ORIENTED_EDGE('',*,*,#7324,.F.);
#9587=ORIENTED_EDGE('',*,*,#7325,.F.);
#9588=ORIENTED_EDGE('',*,*,#7326,.T.);
#9589=ORIENTED_EDGE('',*,*,#7325,.T.);
#9590=ORIENTED_EDGE('',*,*,#7327,.F.);
#9591=ORIENTED_EDGE('',*,*,#7328,.F.);
#9592=ORIENTED_EDGE('',*,*,#7329,.T.);
#9593=ORIENTED_EDGE('',*,*,#7328,.T.);
#9594=ORIENTED_EDGE('',*,*,#7330,.F.);
#9595=ORIENTED_EDGE('',*,*,#7331,.F.);
#9596=ORIENTED_EDGE('',*,*,#7332,.T.);
#9597=ORIENTED_EDGE('',*,*,#7331,.T.);
#9598=ORIENTED_EDGE('',*,*,#7333,.F.);
#9599=ORIENTED_EDGE('',*,*,#7334,.F.);
#9600=ORIENTED_EDGE('',*,*,#7335,.T.);
#9601=ORIENTED_EDGE('',*,*,#7334,.T.);
#9602=ORIENTED_EDGE('',*,*,#7336,.F.);
#9603=ORIENTED_EDGE('',*,*,#7337,.F.);
#9604=ORIENTED_EDGE('',*,*,#7338,.T.);
#9605=ORIENTED_EDGE('',*,*,#7337,.T.);
#9606=ORIENTED_EDGE('',*,*,#7339,.F.);
#9607=ORIENTED_EDGE('',*,*,#7340,.F.);
#9608=ORIENTED_EDGE('',*,*,#7341,.T.);
#9609=ORIENTED_EDGE('',*,*,#7340,.T.);
#9610=ORIENTED_EDGE('',*,*,#7342,.F.);
#9611=ORIENTED_EDGE('',*,*,#7343,.F.);
#9612=ORIENTED_EDGE('',*,*,#7344,.T.);
#9613=ORIENTED_EDGE('',*,*,#7343,.T.);
#9614=ORIENTED_EDGE('',*,*,#7345,.F.);
#9615=ORIENTED_EDGE('',*,*,#7346,.F.);
#9616=ORIENTED_EDGE('',*,*,#7347,.T.);
#9617=ORIENTED_EDGE('',*,*,#7346,.T.);
#9618=ORIENTED_EDGE('',*,*,#7348,.F.);
#9619=ORIENTED_EDGE('',*,*,#7349,.F.);
#9620=ORIENTED_EDGE('',*,*,#7350,.T.);
#9621=ORIENTED_EDGE('',*,*,#7349,.T.);
#9622=ORIENTED_EDGE('',*,*,#7351,.F.);
#9623=ORIENTED_EDGE('',*,*,#7352,.F.);
#9624=ORIENTED_EDGE('',*,*,#7353,.T.);
#9625=ORIENTED_EDGE('',*,*,#7352,.T.);
#9626=ORIENTED_EDGE('',*,*,#7354,.F.);
#9627=ORIENTED_EDGE('',*,*,#7355,.F.);
#9628=ORIENTED_EDGE('',*,*,#7356,.T.);
#9629=ORIENTED_EDGE('',*,*,#7355,.T.);
#9630=ORIENTED_EDGE('',*,*,#7357,.F.);
#9631=ORIENTED_EDGE('',*,*,#7358,.F.);
#9632=ORIENTED_EDGE('',*,*,#7359,.T.);
#9633=ORIENTED_EDGE('',*,*,#7358,.T.);
#9634=ORIENTED_EDGE('',*,*,#7360,.F.);
#9635=ORIENTED_EDGE('',*,*,#7361,.F.);
#9636=ORIENTED_EDGE('',*,*,#7362,.T.);
#9637=ORIENTED_EDGE('',*,*,#7361,.T.);
#9638=ORIENTED_EDGE('',*,*,#7363,.F.);
#9639=ORIENTED_EDGE('',*,*,#7364,.F.);
#9640=ORIENTED_EDGE('',*,*,#7365,.T.);
#9641=ORIENTED_EDGE('',*,*,#7364,.T.);
#9642=ORIENTED_EDGE('',*,*,#7366,.F.);
#9643=ORIENTED_EDGE('',*,*,#7367,.F.);
#9644=ORIENTED_EDGE('',*,*,#7368,.T.);
#9645=ORIENTED_EDGE('',*,*,#7367,.T.);
#9646=ORIENTED_EDGE('',*,*,#7369,.F.);
#9647=ORIENTED_EDGE('',*,*,#7370,.F.);
#9648=ORIENTED_EDGE('',*,*,#7371,.T.);
#9649=ORIENTED_EDGE('',*,*,#7370,.T.);
#9650=ORIENTED_EDGE('',*,*,#7372,.F.);
#9651=ORIENTED_EDGE('',*,*,#7373,.F.);
#9652=ORIENTED_EDGE('',*,*,#7374,.T.);
#9653=ORIENTED_EDGE('',*,*,#7373,.T.);
#9654=ORIENTED_EDGE('',*,*,#7375,.F.);
#9655=ORIENTED_EDGE('',*,*,#7376,.F.);
#9656=ORIENTED_EDGE('',*,*,#7377,.T.);
#9657=ORIENTED_EDGE('',*,*,#7376,.T.);
#9658=ORIENTED_EDGE('',*,*,#7378,.F.);
#9659=ORIENTED_EDGE('',*,*,#7379,.F.);
#9660=ORIENTED_EDGE('',*,*,#7380,.T.);
#9661=ORIENTED_EDGE('',*,*,#7379,.T.);
#9662=ORIENTED_EDGE('',*,*,#7381,.F.);
#9663=ORIENTED_EDGE('',*,*,#7382,.F.);
#9664=ORIENTED_EDGE('',*,*,#7383,.T.);
#9665=ORIENTED_EDGE('',*,*,#7382,.T.);
#9666=ORIENTED_EDGE('',*,*,#7384,.F.);
#9667=ORIENTED_EDGE('',*,*,#7385,.F.);
#9668=ORIENTED_EDGE('',*,*,#7386,.T.);
#9669=ORIENTED_EDGE('',*,*,#7385,.T.);
#9670=ORIENTED_EDGE('',*,*,#7387,.F.);
#9671=ORIENTED_EDGE('',*,*,#7388,.F.);
#9672=ORIENTED_EDGE('',*,*,#7389,.T.);
#9673=ORIENTED_EDGE('',*,*,#7388,.T.);
#9674=ORIENTED_EDGE('',*,*,#7390,.F.);
#9675=ORIENTED_EDGE('',*,*,#7391,.F.);
#9676=ORIENTED_EDGE('',*,*,#7392,.T.);
#9677=ORIENTED_EDGE('',*,*,#7391,.T.);
#9678=ORIENTED_EDGE('',*,*,#7393,.F.);
#9679=ORIENTED_EDGE('',*,*,#7394,.F.);
#9680=ORIENTED_EDGE('',*,*,#7395,.T.);
#9681=ORIENTED_EDGE('',*,*,#7394,.T.);
#9682=ORIENTED_EDGE('',*,*,#7396,.F.);
#9683=ORIENTED_EDGE('',*,*,#7397,.F.);
#9684=ORIENTED_EDGE('',*,*,#7398,.T.);
#9685=ORIENTED_EDGE('',*,*,#7397,.T.);
#9686=ORIENTED_EDGE('',*,*,#7399,.F.);
#9687=ORIENTED_EDGE('',*,*,#7400,.F.);
#9688=ORIENTED_EDGE('',*,*,#7401,.T.);
#9689=ORIENTED_EDGE('',*,*,#7400,.T.);
#9690=ORIENTED_EDGE('',*,*,#7402,.F.);
#9691=ORIENTED_EDGE('',*,*,#7403,.F.);
#9692=ORIENTED_EDGE('',*,*,#7404,.T.);
#9693=ORIENTED_EDGE('',*,*,#7403,.T.);
#9694=ORIENTED_EDGE('',*,*,#7405,.F.);
#9695=ORIENTED_EDGE('',*,*,#7406,.F.);
#9696=ORIENTED_EDGE('',*,*,#7407,.T.);
#9697=ORIENTED_EDGE('',*,*,#7406,.T.);
#9698=ORIENTED_EDGE('',*,*,#7408,.F.);
#9699=ORIENTED_EDGE('',*,*,#7409,.F.);
#9700=ORIENTED_EDGE('',*,*,#7410,.T.);
#9701=ORIENTED_EDGE('',*,*,#7409,.T.);
#9702=ORIENTED_EDGE('',*,*,#7411,.F.);
#9703=ORIENTED_EDGE('',*,*,#7412,.F.);
#9704=ORIENTED_EDGE('',*,*,#7413,.T.);
#9705=ORIENTED_EDGE('',*,*,#7412,.T.);
#9706=ORIENTED_EDGE('',*,*,#7414,.F.);
#9707=ORIENTED_EDGE('',*,*,#7415,.F.);
#9708=ORIENTED_EDGE('',*,*,#7416,.T.);
#9709=ORIENTED_EDGE('',*,*,#7415,.T.);
#9710=ORIENTED_EDGE('',*,*,#7417,.F.);
#9711=ORIENTED_EDGE('',*,*,#7418,.F.);
#9712=ORIENTED_EDGE('',*,*,#7419,.T.);
#9713=ORIENTED_EDGE('',*,*,#7418,.T.);
#9714=ORIENTED_EDGE('',*,*,#7420,.F.);
#9715=ORIENTED_EDGE('',*,*,#7421,.F.);
#9716=ORIENTED_EDGE('',*,*,#7422,.T.);
#9717=ORIENTED_EDGE('',*,*,#7421,.T.);
#9718=ORIENTED_EDGE('',*,*,#7423,.F.);
#9719=ORIENTED_EDGE('',*,*,#7424,.F.);
#9720=ORIENTED_EDGE('',*,*,#7425,.T.);
#9721=ORIENTED_EDGE('',*,*,#7424,.T.);
#9722=ORIENTED_EDGE('',*,*,#7426,.F.);
#9723=ORIENTED_EDGE('',*,*,#7427,.F.);
#9724=ORIENTED_EDGE('',*,*,#7428,.T.);
#9725=ORIENTED_EDGE('',*,*,#7427,.T.);
#9726=ORIENTED_EDGE('',*,*,#7429,.F.);
#9727=ORIENTED_EDGE('',*,*,#7430,.F.);
#9728=ORIENTED_EDGE('',*,*,#7431,.T.);
#9729=ORIENTED_EDGE('',*,*,#7430,.T.);
#9730=ORIENTED_EDGE('',*,*,#7432,.F.);
#9731=ORIENTED_EDGE('',*,*,#7433,.F.);
#9732=ORIENTED_EDGE('',*,*,#7434,.T.);
#9733=ORIENTED_EDGE('',*,*,#7433,.T.);
#9734=ORIENTED_EDGE('',*,*,#7435,.F.);
#9735=ORIENTED_EDGE('',*,*,#7436,.F.);
#9736=ORIENTED_EDGE('',*,*,#7437,.T.);
#9737=ORIENTED_EDGE('',*,*,#7436,.T.);
#9738=ORIENTED_EDGE('',*,*,#7438,.F.);
#9739=ORIENTED_EDGE('',*,*,#7439,.F.);
#9740=ORIENTED_EDGE('',*,*,#7440,.T.);
#9741=ORIENTED_EDGE('',*,*,#7439,.T.);
#9742=ORIENTED_EDGE('',*,*,#7441,.F.);
#9743=ORIENTED_EDGE('',*,*,#7442,.F.);
#9744=ORIENTED_EDGE('',*,*,#7443,.T.);
#9745=ORIENTED_EDGE('',*,*,#7442,.T.);
#9746=ORIENTED_EDGE('',*,*,#7444,.F.);
#9747=ORIENTED_EDGE('',*,*,#7445,.F.);
#9748=ORIENTED_EDGE('',*,*,#7446,.T.);
#9749=ORIENTED_EDGE('',*,*,#7445,.T.);
#9750=ORIENTED_EDGE('',*,*,#7447,.F.);
#9751=ORIENTED_EDGE('',*,*,#7448,.F.);
#9752=ORIENTED_EDGE('',*,*,#7449,.T.);
#9753=ORIENTED_EDGE('',*,*,#7448,.T.);
#9754=ORIENTED_EDGE('',*,*,#7450,.F.);
#9755=ORIENTED_EDGE('',*,*,#7451,.F.);
#9756=ORIENTED_EDGE('',*,*,#7452,.T.);
#9757=ORIENTED_EDGE('',*,*,#7451,.T.);
#9758=ORIENTED_EDGE('',*,*,#7453,.F.);
#9759=ORIENTED_EDGE('',*,*,#7454,.F.);
#9760=ORIENTED_EDGE('',*,*,#7455,.T.);
#9761=ORIENTED_EDGE('',*,*,#7454,.T.);
#9762=ORIENTED_EDGE('',*,*,#7456,.F.);
#9763=ORIENTED_EDGE('',*,*,#7457,.F.);
#9764=ORIENTED_EDGE('',*,*,#7458,.T.);
#9765=ORIENTED_EDGE('',*,*,#7457,.T.);
#9766=ORIENTED_EDGE('',*,*,#7459,.F.);
#9767=ORIENTED_EDGE('',*,*,#7460,.F.);
#9768=ORIENTED_EDGE('',*,*,#7461,.T.);
#9769=ORIENTED_EDGE('',*,*,#7460,.T.);
#9770=ORIENTED_EDGE('',*,*,#7462,.F.);
#9771=ORIENTED_EDGE('',*,*,#7463,.F.);
#9772=ORIENTED_EDGE('',*,*,#7464,.T.);
#9773=ORIENTED_EDGE('',*,*,#7463,.T.);
#9774=ORIENTED_EDGE('',*,*,#7465,.F.);
#9775=ORIENTED_EDGE('',*,*,#7466,.F.);
#9776=ORIENTED_EDGE('',*,*,#7467,.T.);
#9777=ORIENTED_EDGE('',*,*,#7466,.T.);
#9778=ORIENTED_EDGE('',*,*,#7468,.F.);
#9779=ORIENTED_EDGE('',*,*,#7469,.F.);
#9780=ORIENTED_EDGE('',*,*,#7470,.T.);
#9781=ORIENTED_EDGE('',*,*,#7469,.T.);
#9782=ORIENTED_EDGE('',*,*,#7471,.F.);
#9783=ORIENTED_EDGE('',*,*,#7472,.F.);
#9784=ORIENTED_EDGE('',*,*,#7473,.T.);
#9785=ORIENTED_EDGE('',*,*,#7472,.T.);
#9786=ORIENTED_EDGE('',*,*,#7474,.F.);
#9787=ORIENTED_EDGE('',*,*,#7475,.F.);
#9788=ORIENTED_EDGE('',*,*,#7476,.T.);
#9789=ORIENTED_EDGE('',*,*,#7475,.T.);
#9790=ORIENTED_EDGE('',*,*,#7477,.F.);
#9791=ORIENTED_EDGE('',*,*,#7478,.F.);
#9792=ORIENTED_EDGE('',*,*,#7479,.T.);
#9793=ORIENTED_EDGE('',*,*,#7478,.T.);
#9794=ORIENTED_EDGE('',*,*,#7480,.F.);
#9795=ORIENTED_EDGE('',*,*,#7481,.F.);
#9796=ORIENTED_EDGE('',*,*,#7482,.T.);
#9797=ORIENTED_EDGE('',*,*,#7481,.T.);
#9798=ORIENTED_EDGE('',*,*,#7483,.F.);
#9799=ORIENTED_EDGE('',*,*,#7484,.F.);
#9800=ORIENTED_EDGE('',*,*,#7485,.T.);
#9801=ORIENTED_EDGE('',*,*,#7484,.T.);
#9802=ORIENTED_EDGE('',*,*,#7486,.F.);
#9803=ORIENTED_EDGE('',*,*,#7487,.F.);
#9804=ORIENTED_EDGE('',*,*,#7488,.T.);
#9805=ORIENTED_EDGE('',*,*,#7487,.T.);
#9806=ORIENTED_EDGE('',*,*,#7489,.F.);
#9807=ORIENTED_EDGE('',*,*,#7490,.F.);
#9808=ORIENTED_EDGE('',*,*,#7491,.T.);
#9809=ORIENTED_EDGE('',*,*,#7490,.T.);
#9810=ORIENTED_EDGE('',*,*,#7492,.F.);
#9811=ORIENTED_EDGE('',*,*,#7493,.F.);
#9812=ORIENTED_EDGE('',*,*,#7494,.T.);
#9813=ORIENTED_EDGE('',*,*,#7493,.T.);
#9814=ORIENTED_EDGE('',*,*,#7495,.F.);
#9815=ORIENTED_EDGE('',*,*,#7496,.F.);
#9816=ORIENTED_EDGE('',*,*,#7497,.T.);
#9817=ORIENTED_EDGE('',*,*,#7496,.T.);
#9818=ORIENTED_EDGE('',*,*,#7498,.F.);
#9819=ORIENTED_EDGE('',*,*,#7499,.F.);
#9820=ORIENTED_EDGE('',*,*,#7500,.T.);
#9821=ORIENTED_EDGE('',*,*,#7499,.T.);
#9822=ORIENTED_EDGE('',*,*,#7501,.F.);
#9823=ORIENTED_EDGE('',*,*,#7502,.F.);
#9824=ORIENTED_EDGE('',*,*,#7503,.T.);
#9825=ORIENTED_EDGE('',*,*,#7502,.T.);
#9826=ORIENTED_EDGE('',*,*,#7504,.F.);
#9827=ORIENTED_EDGE('',*,*,#7505,.F.);
#9828=ORIENTED_EDGE('',*,*,#7506,.T.);
#9829=ORIENTED_EDGE('',*,*,#7505,.T.);
#9830=ORIENTED_EDGE('',*,*,#7507,.F.);
#9831=ORIENTED_EDGE('',*,*,#7508,.F.);
#9832=ORIENTED_EDGE('',*,*,#7509,.T.);
#9833=ORIENTED_EDGE('',*,*,#7508,.T.);
#9834=ORIENTED_EDGE('',*,*,#7510,.F.);
#9835=ORIENTED_EDGE('',*,*,#7511,.F.);
#9836=ORIENTED_EDGE('',*,*,#7512,.T.);
#9837=ORIENTED_EDGE('',*,*,#7511,.T.);
#9838=ORIENTED_EDGE('',*,*,#7513,.F.);
#9839=ORIENTED_EDGE('',*,*,#7514,.F.);
#9840=ORIENTED_EDGE('',*,*,#7515,.T.);
#9841=ORIENTED_EDGE('',*,*,#7514,.T.);
#9842=ORIENTED_EDGE('',*,*,#7516,.F.);
#9843=ORIENTED_EDGE('',*,*,#7517,.F.);
#9844=ORIENTED_EDGE('',*,*,#7518,.T.);
#9845=ORIENTED_EDGE('',*,*,#7517,.T.);
#9846=ORIENTED_EDGE('',*,*,#7519,.F.);
#9847=ORIENTED_EDGE('',*,*,#7520,.F.);
#9848=ORIENTED_EDGE('',*,*,#7521,.T.);
#9849=ORIENTED_EDGE('',*,*,#7520,.T.);
#9850=ORIENTED_EDGE('',*,*,#7522,.F.);
#9851=ORIENTED_EDGE('',*,*,#7523,.F.);
#9852=ORIENTED_EDGE('',*,*,#7524,.T.);
#9853=ORIENTED_EDGE('',*,*,#7523,.T.);
#9854=ORIENTED_EDGE('',*,*,#7525,.F.);
#9855=ORIENTED_EDGE('',*,*,#7526,.F.);
#9856=ORIENTED_EDGE('',*,*,#7527,.T.);
#9857=ORIENTED_EDGE('',*,*,#7526,.T.);
#9858=ORIENTED_EDGE('',*,*,#7528,.F.);
#9859=ORIENTED_EDGE('',*,*,#7529,.F.);
#9860=ORIENTED_EDGE('',*,*,#7530,.T.);
#9861=ORIENTED_EDGE('',*,*,#7529,.T.);
#9862=ORIENTED_EDGE('',*,*,#7531,.F.);
#9863=ORIENTED_EDGE('',*,*,#7532,.F.);
#9864=ORIENTED_EDGE('',*,*,#7533,.T.);
#9865=ORIENTED_EDGE('',*,*,#7532,.T.);
#9866=ORIENTED_EDGE('',*,*,#7534,.F.);
#9867=ORIENTED_EDGE('',*,*,#7535,.F.);
#9868=ORIENTED_EDGE('',*,*,#7536,.T.);
#9869=ORIENTED_EDGE('',*,*,#7535,.T.);
#9870=ORIENTED_EDGE('',*,*,#7537,.F.);
#9871=ORIENTED_EDGE('',*,*,#7538,.F.);
#9872=ORIENTED_EDGE('',*,*,#7539,.T.);
#9873=ORIENTED_EDGE('',*,*,#7538,.T.);
#9874=ORIENTED_EDGE('',*,*,#7540,.F.);
#9875=ORIENTED_EDGE('',*,*,#7541,.F.);
#9876=ORIENTED_EDGE('',*,*,#7542,.T.);
#9877=ORIENTED_EDGE('',*,*,#7541,.T.);
#9878=ORIENTED_EDGE('',*,*,#7543,.F.);
#9879=ORIENTED_EDGE('',*,*,#7544,.F.);
#9880=ORIENTED_EDGE('',*,*,#7545,.T.);
#9881=ORIENTED_EDGE('',*,*,#7544,.T.);
#9882=ORIENTED_EDGE('',*,*,#7546,.F.);
#9883=ORIENTED_EDGE('',*,*,#7547,.F.);
#9884=ORIENTED_EDGE('',*,*,#7548,.T.);
#9885=ORIENTED_EDGE('',*,*,#7547,.T.);
#9886=ORIENTED_EDGE('',*,*,#7549,.F.);
#9887=ORIENTED_EDGE('',*,*,#7550,.F.);
#9888=ORIENTED_EDGE('',*,*,#7551,.T.);
#9889=ORIENTED_EDGE('',*,*,#7550,.T.);
#9890=ORIENTED_EDGE('',*,*,#7552,.F.);
#9891=ORIENTED_EDGE('',*,*,#7553,.F.);
#9892=ORIENTED_EDGE('',*,*,#7554,.T.);
#9893=ORIENTED_EDGE('',*,*,#7553,.T.);
#9894=ORIENTED_EDGE('',*,*,#7555,.F.);
#9895=ORIENTED_EDGE('',*,*,#7556,.F.);
#9896=ORIENTED_EDGE('',*,*,#7557,.T.);
#9897=ORIENTED_EDGE('',*,*,#7556,.T.);
#9898=ORIENTED_EDGE('',*,*,#7558,.F.);
#9899=ORIENTED_EDGE('',*,*,#7559,.F.);
#9900=ORIENTED_EDGE('',*,*,#7560,.T.);
#9901=ORIENTED_EDGE('',*,*,#7559,.T.);
#9902=ORIENTED_EDGE('',*,*,#7561,.F.);
#9903=ORIENTED_EDGE('',*,*,#7562,.F.);
#9904=ORIENTED_EDGE('',*,*,#7563,.T.);
#9905=ORIENTED_EDGE('',*,*,#7562,.T.);
#9906=ORIENTED_EDGE('',*,*,#7564,.F.);
#9907=ORIENTED_EDGE('',*,*,#7565,.F.);
#9908=ORIENTED_EDGE('',*,*,#7566,.T.);
#9909=ORIENTED_EDGE('',*,*,#7565,.T.);
#9910=ORIENTED_EDGE('',*,*,#7567,.F.);
#9911=ORIENTED_EDGE('',*,*,#7568,.F.);
#9912=ORIENTED_EDGE('',*,*,#7569,.T.);
#9913=ORIENTED_EDGE('',*,*,#7568,.T.);
#9914=ORIENTED_EDGE('',*,*,#7570,.F.);
#9915=ORIENTED_EDGE('',*,*,#7571,.F.);
#9916=ORIENTED_EDGE('',*,*,#7572,.T.);
#9917=ORIENTED_EDGE('',*,*,#7571,.T.);
#9918=ORIENTED_EDGE('',*,*,#7573,.F.);
#9919=ORIENTED_EDGE('',*,*,#7574,.F.);
#9920=ORIENTED_EDGE('',*,*,#7575,.T.);
#9921=ORIENTED_EDGE('',*,*,#7574,.T.);
#9922=ORIENTED_EDGE('',*,*,#7576,.F.);
#9923=ORIENTED_EDGE('',*,*,#7577,.F.);
#9924=ORIENTED_EDGE('',*,*,#7578,.T.);
#9925=ORIENTED_EDGE('',*,*,#7577,.T.);
#9926=ORIENTED_EDGE('',*,*,#7579,.F.);
#9927=ORIENTED_EDGE('',*,*,#7580,.F.);
#9928=ORIENTED_EDGE('',*,*,#7581,.T.);
#9929=ORIENTED_EDGE('',*,*,#7580,.T.);
#9930=ORIENTED_EDGE('',*,*,#7582,.F.);
#9931=ORIENTED_EDGE('',*,*,#7583,.F.);
#9932=ORIENTED_EDGE('',*,*,#7584,.T.);
#9933=ORIENTED_EDGE('',*,*,#7583,.T.);
#9934=ORIENTED_EDGE('',*,*,#7585,.F.);
#9935=ORIENTED_EDGE('',*,*,#7586,.F.);
#9936=ORIENTED_EDGE('',*,*,#7587,.T.);
#9937=ORIENTED_EDGE('',*,*,#7586,.T.);
#9938=ORIENTED_EDGE('',*,*,#7588,.F.);
#9939=ORIENTED_EDGE('',*,*,#7589,.F.);
#9940=ORIENTED_EDGE('',*,*,#7590,.T.);
#9941=ORIENTED_EDGE('',*,*,#7589,.T.);
#9942=ORIENTED_EDGE('',*,*,#7591,.F.);
#9943=ORIENTED_EDGE('',*,*,#7592,.F.);
#9944=ORIENTED_EDGE('',*,*,#7593,.T.);
#9945=ORIENTED_EDGE('',*,*,#7592,.T.);
#9946=ORIENTED_EDGE('',*,*,#7594,.F.);
#9947=ORIENTED_EDGE('',*,*,#7595,.F.);
#9948=ORIENTED_EDGE('',*,*,#7596,.T.);
#9949=ORIENTED_EDGE('',*,*,#7595,.T.);
#9950=ORIENTED_EDGE('',*,*,#7597,.F.);
#9951=ORIENTED_EDGE('',*,*,#7598,.F.);
#9952=ORIENTED_EDGE('',*,*,#7599,.T.);
#9953=ORIENTED_EDGE('',*,*,#7598,.T.);
#9954=ORIENTED_EDGE('',*,*,#7600,.F.);
#9955=ORIENTED_EDGE('',*,*,#7601,.F.);
#9956=ORIENTED_EDGE('',*,*,#7602,.T.);
#9957=ORIENTED_EDGE('',*,*,#7601,.T.);
#9958=ORIENTED_EDGE('',*,*,#7603,.F.);
#9959=ORIENTED_EDGE('',*,*,#7604,.F.);
#9960=ORIENTED_EDGE('',*,*,#7605,.T.);
#9961=ORIENTED_EDGE('',*,*,#7604,.T.);
#9962=ORIENTED_EDGE('',*,*,#7606,.F.);
#9963=ORIENTED_EDGE('',*,*,#7607,.F.);
#9964=ORIENTED_EDGE('',*,*,#7608,.T.);
#9965=ORIENTED_EDGE('',*,*,#7607,.T.);
#9966=ORIENTED_EDGE('',*,*,#7609,.F.);
#9967=ORIENTED_EDGE('',*,*,#7610,.F.);
#9968=ORIENTED_EDGE('',*,*,#7611,.T.);
#9969=ORIENTED_EDGE('',*,*,#7610,.T.);
#9970=ORIENTED_EDGE('',*,*,#7612,.F.);
#9971=ORIENTED_EDGE('',*,*,#7613,.F.);
#9972=ORIENTED_EDGE('',*,*,#7614,.T.);
#9973=ORIENTED_EDGE('',*,*,#7613,.T.);
#9974=ORIENTED_EDGE('',*,*,#7615,.F.);
#9975=ORIENTED_EDGE('',*,*,#7616,.F.);
#9976=ORIENTED_EDGE('',*,*,#7617,.T.);
#9977=ORIENTED_EDGE('',*,*,#7616,.T.);
#9978=ORIENTED_EDGE('',*,*,#7618,.F.);
#9979=ORIENTED_EDGE('',*,*,#7619,.F.);
#9980=ORIENTED_EDGE('',*,*,#7620,.T.);
#9981=ORIENTED_EDGE('',*,*,#7619,.T.);
#9982=ORIENTED_EDGE('',*,*,#7621,.F.);
#9983=ORIENTED_EDGE('',*,*,#7622,.F.);
#9984=ORIENTED_EDGE('',*,*,#7623,.T.);
#9985=ORIENTED_EDGE('',*,*,#7622,.T.);
#9986=ORIENTED_EDGE('',*,*,#7624,.F.);
#9987=ORIENTED_EDGE('',*,*,#7625,.F.);
#9988=ORIENTED_EDGE('',*,*,#7626,.T.);
#9989=ORIENTED_EDGE('',*,*,#7625,.T.);
#9990=ORIENTED_EDGE('',*,*,#7627,.F.);
#9991=ORIENTED_EDGE('',*,*,#5895,.F.);
#9992=ORIENTED_EDGE('',*,*,#7627,.T.);
#9993=ORIENTED_EDGE('',*,*,#7624,.T.);
#9994=ORIENTED_EDGE('',*,*,#7621,.T.);
#9995=ORIENTED_EDGE('',*,*,#7618,.T.);
#9996=ORIENTED_EDGE('',*,*,#7615,.T.);
#9997=ORIENTED_EDGE('',*,*,#7612,.T.);
#9998=ORIENTED_EDGE('',*,*,#7609,.T.);
#9999=ORIENTED_EDGE('',*,*,#7606,.T.);
#10000=ORIENTED_EDGE('',*,*,#7603,.T.);
#10001=ORIENTED_EDGE('',*,*,#7600,.T.);
#10002=ORIENTED_EDGE('',*,*,#7597,.T.);
#10003=ORIENTED_EDGE('',*,*,#7594,.T.);
#10004=ORIENTED_EDGE('',*,*,#7591,.T.);
#10005=ORIENTED_EDGE('',*,*,#7588,.T.);
#10006=ORIENTED_EDGE('',*,*,#7585,.T.);
#10007=ORIENTED_EDGE('',*,*,#7582,.T.);
#10008=ORIENTED_EDGE('',*,*,#7579,.T.);
#10009=ORIENTED_EDGE('',*,*,#7576,.T.);
#10010=ORIENTED_EDGE('',*,*,#7573,.T.);
#10011=ORIENTED_EDGE('',*,*,#7570,.T.);
#10012=ORIENTED_EDGE('',*,*,#7567,.T.);
#10013=ORIENTED_EDGE('',*,*,#7564,.T.);
#10014=ORIENTED_EDGE('',*,*,#7561,.T.);
#10015=ORIENTED_EDGE('',*,*,#7558,.T.);
#10016=ORIENTED_EDGE('',*,*,#7555,.T.);
#10017=ORIENTED_EDGE('',*,*,#7552,.T.);
#10018=ORIENTED_EDGE('',*,*,#7549,.T.);
#10019=ORIENTED_EDGE('',*,*,#7546,.T.);
#10020=ORIENTED_EDGE('',*,*,#7543,.T.);
#10021=ORIENTED_EDGE('',*,*,#7540,.T.);
#10022=ORIENTED_EDGE('',*,*,#7537,.T.);
#10023=ORIENTED_EDGE('',*,*,#7534,.T.);
#10024=ORIENTED_EDGE('',*,*,#7531,.T.);
#10025=ORIENTED_EDGE('',*,*,#7528,.T.);
#10026=ORIENTED_EDGE('',*,*,#7525,.T.);
#10027=ORIENTED_EDGE('',*,*,#7522,.T.);
#10028=ORIENTED_EDGE('',*,*,#7519,.T.);
#10029=ORIENTED_EDGE('',*,*,#7516,.T.);
#10030=ORIENTED_EDGE('',*,*,#7513,.T.);
#10031=ORIENTED_EDGE('',*,*,#7510,.T.);
#10032=ORIENTED_EDGE('',*,*,#7507,.T.);
#10033=ORIENTED_EDGE('',*,*,#7504,.T.);
#10034=ORIENTED_EDGE('',*,*,#7501,.T.);
#10035=ORIENTED_EDGE('',*,*,#7498,.T.);
#10036=ORIENTED_EDGE('',*,*,#7495,.T.);
#10037=ORIENTED_EDGE('',*,*,#7492,.T.);
#10038=ORIENTED_EDGE('',*,*,#7489,.T.);
#10039=ORIENTED_EDGE('',*,*,#7486,.T.);
#10040=ORIENTED_EDGE('',*,*,#7483,.T.);
#10041=ORIENTED_EDGE('',*,*,#7480,.T.);
#10042=ORIENTED_EDGE('',*,*,#7477,.T.);
#10043=ORIENTED_EDGE('',*,*,#7474,.T.);
#10044=ORIENTED_EDGE('',*,*,#7471,.T.);
#10045=ORIENTED_EDGE('',*,*,#7468,.T.);
#10046=ORIENTED_EDGE('',*,*,#7465,.T.);
#10047=ORIENTED_EDGE('',*,*,#7462,.T.);
#10048=ORIENTED_EDGE('',*,*,#7459,.T.);
#10049=ORIENTED_EDGE('',*,*,#7456,.T.);
#10050=ORIENTED_EDGE('',*,*,#7453,.T.);
#10051=ORIENTED_EDGE('',*,*,#7450,.T.);
#10052=ORIENTED_EDGE('',*,*,#7447,.T.);
#10053=ORIENTED_EDGE('',*,*,#7444,.T.);
#10054=ORIENTED_EDGE('',*,*,#7441,.T.);
#10055=ORIENTED_EDGE('',*,*,#7438,.T.);
#10056=ORIENTED_EDGE('',*,*,#7435,.T.);
#10057=ORIENTED_EDGE('',*,*,#7432,.T.);
#10058=ORIENTED_EDGE('',*,*,#7429,.T.);
#10059=ORIENTED_EDGE('',*,*,#7426,.T.);
#10060=ORIENTED_EDGE('',*,*,#7423,.T.);
#10061=ORIENTED_EDGE('',*,*,#7420,.T.);
#10062=ORIENTED_EDGE('',*,*,#7417,.T.);
#10063=ORIENTED_EDGE('',*,*,#7414,.T.);
#10064=ORIENTED_EDGE('',*,*,#7411,.T.);
#10065=ORIENTED_EDGE('',*,*,#7408,.T.);
#10066=ORIENTED_EDGE('',*,*,#7405,.T.);
#10067=ORIENTED_EDGE('',*,*,#7402,.T.);
#10068=ORIENTED_EDGE('',*,*,#7399,.T.);
#10069=ORIENTED_EDGE('',*,*,#7396,.T.);
#10070=ORIENTED_EDGE('',*,*,#7393,.T.);
#10071=ORIENTED_EDGE('',*,*,#7390,.T.);
#10072=ORIENTED_EDGE('',*,*,#7387,.T.);
#10073=ORIENTED_EDGE('',*,*,#7384,.T.);
#10074=ORIENTED_EDGE('',*,*,#7381,.T.);
#10075=ORIENTED_EDGE('',*,*,#7378,.T.);
#10076=ORIENTED_EDGE('',*,*,#7375,.T.);
#10077=ORIENTED_EDGE('',*,*,#7372,.T.);
#10078=ORIENTED_EDGE('',*,*,#7369,.T.);
#10079=ORIENTED_EDGE('',*,*,#7366,.T.);
#10080=ORIENTED_EDGE('',*,*,#7363,.T.);
#10081=ORIENTED_EDGE('',*,*,#7360,.T.);
#10082=ORIENTED_EDGE('',*,*,#7357,.T.);
#10083=ORIENTED_EDGE('',*,*,#7354,.T.);
#10084=ORIENTED_EDGE('',*,*,#7351,.T.);
#10085=ORIENTED_EDGE('',*,*,#7348,.T.);
#10086=ORIENTED_EDGE('',*,*,#7345,.T.);
#10087=ORIENTED_EDGE('',*,*,#7342,.T.);
#10088=ORIENTED_EDGE('',*,*,#7339,.T.);
#10089=ORIENTED_EDGE('',*,*,#7336,.T.);
#10090=ORIENTED_EDGE('',*,*,#7333,.T.);
#10091=ORIENTED_EDGE('',*,*,#7330,.T.);
#10092=ORIENTED_EDGE('',*,*,#7327,.T.);
#10093=ORIENTED_EDGE('',*,*,#7324,.T.);
#10094=ORIENTED_EDGE('',*,*,#7321,.T.);
#10095=ORIENTED_EDGE('',*,*,#7318,.T.);
#10096=ORIENTED_EDGE('',*,*,#7315,.T.);
#10097=ORIENTED_EDGE('',*,*,#7312,.T.);
#10098=ORIENTED_EDGE('',*,*,#7309,.T.);
#10099=ORIENTED_EDGE('',*,*,#7306,.T.);
#10100=ORIENTED_EDGE('',*,*,#7303,.T.);
#10101=ORIENTED_EDGE('',*,*,#7300,.T.);
#10102=ORIENTED_EDGE('',*,*,#7297,.T.);
#10103=ORIENTED_EDGE('',*,*,#7294,.T.);
#10104=ORIENTED_EDGE('',*,*,#7291,.T.);
#10105=ORIENTED_EDGE('',*,*,#7288,.T.);
#10106=ORIENTED_EDGE('',*,*,#7285,.T.);
#10107=ORIENTED_EDGE('',*,*,#7282,.T.);
#10108=ORIENTED_EDGE('',*,*,#7279,.T.);
#10109=ORIENTED_EDGE('',*,*,#7276,.T.);
#10110=ORIENTED_EDGE('',*,*,#7273,.T.);
#10111=ORIENTED_EDGE('',*,*,#7270,.T.);
#10112=ORIENTED_EDGE('',*,*,#7267,.T.);
#10113=ORIENTED_EDGE('',*,*,#7264,.T.);
#10114=ORIENTED_EDGE('',*,*,#7261,.T.);
#10115=ORIENTED_EDGE('',*,*,#7258,.T.);
#10116=ORIENTED_EDGE('',*,*,#7255,.T.);
#10117=ORIENTED_EDGE('',*,*,#7252,.T.);
#10118=ORIENTED_EDGE('',*,*,#7249,.T.);
#10119=ORIENTED_EDGE('',*,*,#7246,.T.);
#10120=ORIENTED_EDGE('',*,*,#7243,.T.);
#10121=ORIENTED_EDGE('',*,*,#7240,.T.);
#10122=ORIENTED_EDGE('',*,*,#7237,.T.);
#10123=ORIENTED_EDGE('',*,*,#7234,.T.);
#10124=ORIENTED_EDGE('',*,*,#7231,.T.);
#10125=ORIENTED_EDGE('',*,*,#7228,.T.);
#10126=ORIENTED_EDGE('',*,*,#7225,.T.);
#10127=ORIENTED_EDGE('',*,*,#7222,.T.);
#10128=ORIENTED_EDGE('',*,*,#7219,.T.);
#10129=ORIENTED_EDGE('',*,*,#7216,.T.);
#10130=ORIENTED_EDGE('',*,*,#7213,.T.);
#10131=ORIENTED_EDGE('',*,*,#7210,.T.);
#10132=ORIENTED_EDGE('',*,*,#7207,.T.);
#10133=ORIENTED_EDGE('',*,*,#7204,.T.);
#10134=ORIENTED_EDGE('',*,*,#7201,.T.);
#10135=ORIENTED_EDGE('',*,*,#7198,.T.);
#10136=ORIENTED_EDGE('',*,*,#7195,.T.);
#10137=ORIENTED_EDGE('',*,*,#7192,.T.);
#10138=ORIENTED_EDGE('',*,*,#7189,.T.);
#10139=ORIENTED_EDGE('',*,*,#7186,.T.);
#10140=ORIENTED_EDGE('',*,*,#7183,.T.);
#10141=ORIENTED_EDGE('',*,*,#7180,.T.);
#10142=ORIENTED_EDGE('',*,*,#7177,.T.);
#10143=ORIENTED_EDGE('',*,*,#7174,.T.);
#10144=ORIENTED_EDGE('',*,*,#7171,.T.);
#10145=ORIENTED_EDGE('',*,*,#7168,.T.);
#10146=ORIENTED_EDGE('',*,*,#7165,.T.);
#10147=ORIENTED_EDGE('',*,*,#7162,.T.);
#10148=ORIENTED_EDGE('',*,*,#7159,.T.);
#10149=ORIENTED_EDGE('',*,*,#7156,.T.);
#10150=ORIENTED_EDGE('',*,*,#7153,.T.);
#10151=ORIENTED_EDGE('',*,*,#7150,.T.);
#10152=ORIENTED_EDGE('',*,*,#7147,.T.);
#10153=ORIENTED_EDGE('',*,*,#7144,.T.);
#10154=ORIENTED_EDGE('',*,*,#7141,.T.);
#10155=ORIENTED_EDGE('',*,*,#7138,.T.);
#10156=ORIENTED_EDGE('',*,*,#7135,.T.);
#10157=ORIENTED_EDGE('',*,*,#7132,.T.);
#10158=ORIENTED_EDGE('',*,*,#7129,.T.);
#10159=ORIENTED_EDGE('',*,*,#7126,.T.);
#10160=ORIENTED_EDGE('',*,*,#7123,.T.);
#10161=ORIENTED_EDGE('',*,*,#7120,.T.);
#10162=ORIENTED_EDGE('',*,*,#7117,.T.);
#10163=ORIENTED_EDGE('',*,*,#7114,.T.);
#10164=ORIENTED_EDGE('',*,*,#7111,.T.);
#10165=ORIENTED_EDGE('',*,*,#7108,.T.);
#10166=ORIENTED_EDGE('',*,*,#7105,.T.);
#10167=ORIENTED_EDGE('',*,*,#7102,.T.);
#10168=ORIENTED_EDGE('',*,*,#7099,.T.);
#10169=ORIENTED_EDGE('',*,*,#7096,.T.);
#10170=ORIENTED_EDGE('',*,*,#7093,.T.);
#10171=ORIENTED_EDGE('',*,*,#7090,.T.);
#10172=ORIENTED_EDGE('',*,*,#7087,.T.);
#10173=ORIENTED_EDGE('',*,*,#7084,.T.);
#10174=ORIENTED_EDGE('',*,*,#7081,.T.);
#10175=ORIENTED_EDGE('',*,*,#7078,.T.);
#10176=ORIENTED_EDGE('',*,*,#7075,.T.);
#10177=ORIENTED_EDGE('',*,*,#7072,.T.);
#10178=ORIENTED_EDGE('',*,*,#7069,.T.);
#10179=ORIENTED_EDGE('',*,*,#7066,.T.);
#10180=ORIENTED_EDGE('',*,*,#7063,.T.);
#10181=ORIENTED_EDGE('',*,*,#7060,.T.);
#10182=ORIENTED_EDGE('',*,*,#7057,.T.);
#10183=ORIENTED_EDGE('',*,*,#7054,.T.);
#10184=ORIENTED_EDGE('',*,*,#7051,.T.);
#10185=ORIENTED_EDGE('',*,*,#7048,.T.);
#10186=ORIENTED_EDGE('',*,*,#7045,.T.);
#10187=ORIENTED_EDGE('',*,*,#7042,.T.);
#10188=ORIENTED_EDGE('',*,*,#7039,.T.);
#10189=ORIENTED_EDGE('',*,*,#7036,.T.);
#10190=ORIENTED_EDGE('',*,*,#7033,.T.);
#10191=ORIENTED_EDGE('',*,*,#7030,.T.);
#10192=ORIENTED_EDGE('',*,*,#7027,.T.);
#10193=ORIENTED_EDGE('',*,*,#7024,.T.);
#10194=ORIENTED_EDGE('',*,*,#7021,.T.);
#10195=ORIENTED_EDGE('',*,*,#7018,.T.);
#10196=ORIENTED_EDGE('',*,*,#7015,.T.);
#10197=ORIENTED_EDGE('',*,*,#7012,.T.);
#10198=ORIENTED_EDGE('',*,*,#7009,.T.);
#10199=ORIENTED_EDGE('',*,*,#7006,.T.);
#10200=ORIENTED_EDGE('',*,*,#7003,.T.);
#10201=ORIENTED_EDGE('',*,*,#7000,.T.);
#10202=ORIENTED_EDGE('',*,*,#6997,.T.);
#10203=ORIENTED_EDGE('',*,*,#6994,.T.);
#10204=ORIENTED_EDGE('',*,*,#6991,.T.);
#10205=ORIENTED_EDGE('',*,*,#6988,.T.);
#10206=ORIENTED_EDGE('',*,*,#6985,.T.);
#10207=ORIENTED_EDGE('',*,*,#6982,.T.);
#10208=ORIENTED_EDGE('',*,*,#6979,.T.);
#10209=ORIENTED_EDGE('',*,*,#6976,.T.);
#10210=ORIENTED_EDGE('',*,*,#6973,.T.);
#10211=ORIENTED_EDGE('',*,*,#6970,.T.);
#10212=ORIENTED_EDGE('',*,*,#6967,.T.);
#10213=ORIENTED_EDGE('',*,*,#6964,.T.);
#10214=ORIENTED_EDGE('',*,*,#6961,.T.);
#10215=ORIENTED_EDGE('',*,*,#6958,.T.);
#10216=ORIENTED_EDGE('',*,*,#6955,.T.);
#10217=ORIENTED_EDGE('',*,*,#6952,.T.);
#10218=ORIENTED_EDGE('',*,*,#6949,.T.);
#10219=ORIENTED_EDGE('',*,*,#6946,.T.);
#10220=ORIENTED_EDGE('',*,*,#6943,.T.);
#10221=ORIENTED_EDGE('',*,*,#6940,.T.);
#10222=ORIENTED_EDGE('',*,*,#6937,.T.);
#10223=ORIENTED_EDGE('',*,*,#6934,.T.);
#10224=ORIENTED_EDGE('',*,*,#6931,.T.);
#10225=ORIENTED_EDGE('',*,*,#6928,.T.);
#10226=ORIENTED_EDGE('',*,*,#6925,.T.);
#10227=ORIENTED_EDGE('',*,*,#6922,.T.);
#10228=ORIENTED_EDGE('',*,*,#6919,.T.);
#10229=ORIENTED_EDGE('',*,*,#6916,.T.);
#10230=ORIENTED_EDGE('',*,*,#6913,.T.);
#10231=ORIENTED_EDGE('',*,*,#6910,.T.);
#10232=ORIENTED_EDGE('',*,*,#6907,.T.);
#10233=ORIENTED_EDGE('',*,*,#6904,.T.);
#10234=ORIENTED_EDGE('',*,*,#6901,.T.);
#10235=ORIENTED_EDGE('',*,*,#6898,.T.);
#10236=ORIENTED_EDGE('',*,*,#6895,.T.);
#10237=ORIENTED_EDGE('',*,*,#6892,.T.);
#10238=ORIENTED_EDGE('',*,*,#6889,.T.);
#10239=ORIENTED_EDGE('',*,*,#6886,.T.);
#10240=ORIENTED_EDGE('',*,*,#6883,.T.);
#10241=ORIENTED_EDGE('',*,*,#6880,.T.);
#10242=ORIENTED_EDGE('',*,*,#6877,.T.);
#10243=ORIENTED_EDGE('',*,*,#6874,.T.);
#10244=ORIENTED_EDGE('',*,*,#6871,.T.);
#10245=ORIENTED_EDGE('',*,*,#6868,.T.);
#10246=ORIENTED_EDGE('',*,*,#6865,.T.);
#10247=ORIENTED_EDGE('',*,*,#6862,.T.);
#10248=ORIENTED_EDGE('',*,*,#6859,.T.);
#10249=ORIENTED_EDGE('',*,*,#6856,.T.);
#10250=ORIENTED_EDGE('',*,*,#6853,.T.);
#10251=ORIENTED_EDGE('',*,*,#6850,.T.);
#10252=ORIENTED_EDGE('',*,*,#6847,.T.);
#10253=ORIENTED_EDGE('',*,*,#6844,.T.);
#10254=ORIENTED_EDGE('',*,*,#6841,.T.);
#10255=ORIENTED_EDGE('',*,*,#6838,.T.);
#10256=ORIENTED_EDGE('',*,*,#6835,.T.);
#10257=ORIENTED_EDGE('',*,*,#6832,.T.);
#10258=ORIENTED_EDGE('',*,*,#6829,.T.);
#10259=ORIENTED_EDGE('',*,*,#6826,.T.);
#10260=ORIENTED_EDGE('',*,*,#6823,.T.);
#10261=ORIENTED_EDGE('',*,*,#6820,.T.);
#10262=ORIENTED_EDGE('',*,*,#6817,.T.);
#10263=ORIENTED_EDGE('',*,*,#6814,.T.);
#10264=ORIENTED_EDGE('',*,*,#6811,.T.);
#10265=ORIENTED_EDGE('',*,*,#6808,.T.);
#10266=ORIENTED_EDGE('',*,*,#6805,.T.);
#10267=ORIENTED_EDGE('',*,*,#6802,.T.);
#10268=ORIENTED_EDGE('',*,*,#6799,.T.);
#10269=ORIENTED_EDGE('',*,*,#6796,.T.);
#10270=ORIENTED_EDGE('',*,*,#6793,.T.);
#10271=ORIENTED_EDGE('',*,*,#6790,.T.);
#10272=ORIENTED_EDGE('',*,*,#6787,.T.);
#10273=ORIENTED_EDGE('',*,*,#6784,.T.);
#10274=ORIENTED_EDGE('',*,*,#6781,.T.);
#10275=ORIENTED_EDGE('',*,*,#6778,.T.);
#10276=ORIENTED_EDGE('',*,*,#6775,.T.);
#10277=ORIENTED_EDGE('',*,*,#6772,.T.);
#10278=ORIENTED_EDGE('',*,*,#6769,.T.);
#10279=ORIENTED_EDGE('',*,*,#6766,.T.);
#10280=ORIENTED_EDGE('',*,*,#6763,.T.);
#10281=ORIENTED_EDGE('',*,*,#6760,.T.);
#10282=ORIENTED_EDGE('',*,*,#6757,.T.);
#10283=ORIENTED_EDGE('',*,*,#6754,.T.);
#10284=ORIENTED_EDGE('',*,*,#6751,.T.);
#10285=ORIENTED_EDGE('',*,*,#6748,.T.);
#10286=ORIENTED_EDGE('',*,*,#6745,.T.);
#10287=ORIENTED_EDGE('',*,*,#6742,.T.);
#10288=ORIENTED_EDGE('',*,*,#6739,.T.);
#10289=ORIENTED_EDGE('',*,*,#6736,.T.);
#10290=ORIENTED_EDGE('',*,*,#6733,.T.);
#10291=ORIENTED_EDGE('',*,*,#6730,.T.);
#10292=ORIENTED_EDGE('',*,*,#6727,.T.);
#10293=ORIENTED_EDGE('',*,*,#6724,.T.);
#10294=ORIENTED_EDGE('',*,*,#6721,.T.);
#10295=ORIENTED_EDGE('',*,*,#6718,.T.);
#10296=ORIENTED_EDGE('',*,*,#6715,.T.);
#10297=ORIENTED_EDGE('',*,*,#6712,.T.);
#10298=ORIENTED_EDGE('',*,*,#6709,.T.);
#10299=ORIENTED_EDGE('',*,*,#6706,.T.);
#10300=ORIENTED_EDGE('',*,*,#6703,.T.);
#10301=ORIENTED_EDGE('',*,*,#6700,.T.);
#10302=ORIENTED_EDGE('',*,*,#6697,.T.);
#10303=ORIENTED_EDGE('',*,*,#6694,.T.);
#10304=ORIENTED_EDGE('',*,*,#6691,.T.);
#10305=ORIENTED_EDGE('',*,*,#6688,.T.);
#10306=ORIENTED_EDGE('',*,*,#6685,.T.);
#10307=ORIENTED_EDGE('',*,*,#6682,.T.);
#10308=ORIENTED_EDGE('',*,*,#6679,.T.);
#10309=ORIENTED_EDGE('',*,*,#6676,.T.);
#10310=ORIENTED_EDGE('',*,*,#6673,.T.);
#10311=ORIENTED_EDGE('',*,*,#6670,.T.);
#10312=ORIENTED_EDGE('',*,*,#6667,.T.);
#10313=ORIENTED_EDGE('',*,*,#6664,.T.);
#10314=ORIENTED_EDGE('',*,*,#6661,.T.);
#10315=ORIENTED_EDGE('',*,*,#6658,.T.);
#10316=ORIENTED_EDGE('',*,*,#6655,.T.);
#10317=ORIENTED_EDGE('',*,*,#6652,.T.);
#10318=ORIENTED_EDGE('',*,*,#6649,.T.);
#10319=ORIENTED_EDGE('',*,*,#6646,.T.);
#10320=ORIENTED_EDGE('',*,*,#6643,.T.);
#10321=ORIENTED_EDGE('',*,*,#6640,.T.);
#10322=ORIENTED_EDGE('',*,*,#6637,.T.);
#10323=ORIENTED_EDGE('',*,*,#6634,.T.);
#10324=ORIENTED_EDGE('',*,*,#6631,.T.);
#10325=ORIENTED_EDGE('',*,*,#6628,.T.);
#10326=ORIENTED_EDGE('',*,*,#6625,.T.);
#10327=ORIENTED_EDGE('',*,*,#6622,.T.);
#10328=ORIENTED_EDGE('',*,*,#6619,.T.);
#10329=ORIENTED_EDGE('',*,*,#6616,.T.);
#10330=ORIENTED_EDGE('',*,*,#6613,.T.);
#10331=ORIENTED_EDGE('',*,*,#6610,.T.);
#10332=ORIENTED_EDGE('',*,*,#6607,.T.);
#10333=ORIENTED_EDGE('',*,*,#6604,.T.);
#10334=ORIENTED_EDGE('',*,*,#6601,.T.);
#10335=ORIENTED_EDGE('',*,*,#6598,.T.);
#10336=ORIENTED_EDGE('',*,*,#6595,.T.);
#10337=ORIENTED_EDGE('',*,*,#6592,.T.);
#10338=ORIENTED_EDGE('',*,*,#6589,.T.);
#10339=ORIENTED_EDGE('',*,*,#6586,.T.);
#10340=ORIENTED_EDGE('',*,*,#6583,.T.);
#10341=ORIENTED_EDGE('',*,*,#6580,.T.);
#10342=ORIENTED_EDGE('',*,*,#6577,.T.);
#10343=ORIENTED_EDGE('',*,*,#6574,.T.);
#10344=ORIENTED_EDGE('',*,*,#6571,.T.);
#10345=ORIENTED_EDGE('',*,*,#6568,.T.);
#10346=ORIENTED_EDGE('',*,*,#6565,.T.);
#10347=ORIENTED_EDGE('',*,*,#6562,.T.);
#10348=ORIENTED_EDGE('',*,*,#6559,.T.);
#10349=ORIENTED_EDGE('',*,*,#6556,.T.);
#10350=ORIENTED_EDGE('',*,*,#6553,.T.);
#10351=ORIENTED_EDGE('',*,*,#6550,.T.);
#10352=ORIENTED_EDGE('',*,*,#6547,.T.);
#10353=ORIENTED_EDGE('',*,*,#6544,.T.);
#10354=ORIENTED_EDGE('',*,*,#6541,.T.);
#10355=ORIENTED_EDGE('',*,*,#6538,.T.);
#10356=ORIENTED_EDGE('',*,*,#6535,.T.);
#10357=ORIENTED_EDGE('',*,*,#6532,.T.);
#10358=ORIENTED_EDGE('',*,*,#6529,.T.);
#10359=ORIENTED_EDGE('',*,*,#6526,.T.);
#10360=ORIENTED_EDGE('',*,*,#6523,.T.);
#10361=ORIENTED_EDGE('',*,*,#6520,.T.);
#10362=ORIENTED_EDGE('',*,*,#6517,.T.);
#10363=ORIENTED_EDGE('',*,*,#6514,.T.);
#10364=ORIENTED_EDGE('',*,*,#6511,.T.);
#10365=ORIENTED_EDGE('',*,*,#6508,.T.);
#10366=ORIENTED_EDGE('',*,*,#6505,.T.);
#10367=ORIENTED_EDGE('',*,*,#6502,.T.);
#10368=ORIENTED_EDGE('',*,*,#6499,.T.);
#10369=ORIENTED_EDGE('',*,*,#6496,.T.);
#10370=ORIENTED_EDGE('',*,*,#6493,.T.);
#10371=ORIENTED_EDGE('',*,*,#6490,.T.);
#10372=ORIENTED_EDGE('',*,*,#6487,.T.);
#10373=ORIENTED_EDGE('',*,*,#6484,.T.);
#10374=ORIENTED_EDGE('',*,*,#6481,.T.);
#10375=ORIENTED_EDGE('',*,*,#6478,.T.);
#10376=ORIENTED_EDGE('',*,*,#6475,.T.);
#10377=ORIENTED_EDGE('',*,*,#6472,.T.);
#10378=ORIENTED_EDGE('',*,*,#6469,.T.);
#10379=ORIENTED_EDGE('',*,*,#6466,.T.);
#10380=ORIENTED_EDGE('',*,*,#6463,.T.);
#10381=ORIENTED_EDGE('',*,*,#6460,.T.);
#10382=ORIENTED_EDGE('',*,*,#6457,.T.);
#10383=ORIENTED_EDGE('',*,*,#6454,.T.);
#10384=ORIENTED_EDGE('',*,*,#6451,.T.);
#10385=ORIENTED_EDGE('',*,*,#6448,.T.);
#10386=ORIENTED_EDGE('',*,*,#6445,.T.);
#10387=ORIENTED_EDGE('',*,*,#6442,.T.);
#10388=ORIENTED_EDGE('',*,*,#6439,.T.);
#10389=ORIENTED_EDGE('',*,*,#6436,.T.);
#10390=ORIENTED_EDGE('',*,*,#6433,.T.);
#10391=ORIENTED_EDGE('',*,*,#6430,.T.);
#10392=ORIENTED_EDGE('',*,*,#6427,.T.);
#10393=ORIENTED_EDGE('',*,*,#6424,.T.);
#10394=ORIENTED_EDGE('',*,*,#6421,.T.);
#10395=ORIENTED_EDGE('',*,*,#6418,.T.);
#10396=ORIENTED_EDGE('',*,*,#6415,.T.);
#10397=ORIENTED_EDGE('',*,*,#6412,.T.);
#10398=ORIENTED_EDGE('',*,*,#6409,.T.);
#10399=ORIENTED_EDGE('',*,*,#6406,.T.);
#10400=ORIENTED_EDGE('',*,*,#6403,.T.);
#10401=ORIENTED_EDGE('',*,*,#6400,.T.);
#10402=ORIENTED_EDGE('',*,*,#6397,.T.);
#10403=ORIENTED_EDGE('',*,*,#6394,.T.);
#10404=ORIENTED_EDGE('',*,*,#6391,.T.);
#10405=ORIENTED_EDGE('',*,*,#6388,.T.);
#10406=ORIENTED_EDGE('',*,*,#6385,.T.);
#10407=ORIENTED_EDGE('',*,*,#6382,.T.);
#10408=ORIENTED_EDGE('',*,*,#6379,.T.);
#10409=ORIENTED_EDGE('',*,*,#6376,.T.);
#10410=ORIENTED_EDGE('',*,*,#6373,.T.);
#10411=ORIENTED_EDGE('',*,*,#6370,.T.);
#10412=ORIENTED_EDGE('',*,*,#6367,.T.);
#10413=ORIENTED_EDGE('',*,*,#6364,.T.);
#10414=ORIENTED_EDGE('',*,*,#6361,.T.);
#10415=ORIENTED_EDGE('',*,*,#6358,.T.);
#10416=ORIENTED_EDGE('',*,*,#6355,.T.);
#10417=ORIENTED_EDGE('',*,*,#6352,.T.);
#10418=ORIENTED_EDGE('',*,*,#6349,.T.);
#10419=ORIENTED_EDGE('',*,*,#6346,.T.);
#10420=ORIENTED_EDGE('',*,*,#6343,.T.);
#10421=ORIENTED_EDGE('',*,*,#6340,.T.);
#10422=ORIENTED_EDGE('',*,*,#6337,.T.);
#10423=ORIENTED_EDGE('',*,*,#6334,.T.);
#10424=ORIENTED_EDGE('',*,*,#6331,.T.);
#10425=ORIENTED_EDGE('',*,*,#6328,.T.);
#10426=ORIENTED_EDGE('',*,*,#6325,.T.);
#10427=ORIENTED_EDGE('',*,*,#6322,.T.);
#10428=ORIENTED_EDGE('',*,*,#6319,.T.);
#10429=ORIENTED_EDGE('',*,*,#6316,.T.);
#10430=ORIENTED_EDGE('',*,*,#6313,.T.);
#10431=ORIENTED_EDGE('',*,*,#6310,.T.);
#10432=ORIENTED_EDGE('',*,*,#6307,.T.);
#10433=ORIENTED_EDGE('',*,*,#6304,.T.);
#10434=ORIENTED_EDGE('',*,*,#6301,.T.);
#10435=ORIENTED_EDGE('',*,*,#6298,.T.);
#10436=ORIENTED_EDGE('',*,*,#6295,.T.);
#10437=ORIENTED_EDGE('',*,*,#6292,.T.);
#10438=ORIENTED_EDGE('',*,*,#6289,.T.);
#10439=ORIENTED_EDGE('',*,*,#6286,.T.);
#10440=ORIENTED_EDGE('',*,*,#6283,.T.);
#10441=ORIENTED_EDGE('',*,*,#6280,.T.);
#10442=ORIENTED_EDGE('',*,*,#6277,.T.);
#10443=ORIENTED_EDGE('',*,*,#6274,.T.);
#10444=ORIENTED_EDGE('',*,*,#6271,.T.);
#10445=ORIENTED_EDGE('',*,*,#6268,.T.);
#10446=ORIENTED_EDGE('',*,*,#6265,.T.);
#10447=ORIENTED_EDGE('',*,*,#6262,.T.);
#10448=ORIENTED_EDGE('',*,*,#6259,.T.);
#10449=ORIENTED_EDGE('',*,*,#6256,.T.);
#10450=ORIENTED_EDGE('',*,*,#6253,.T.);
#10451=ORIENTED_EDGE('',*,*,#6250,.T.);
#10452=ORIENTED_EDGE('',*,*,#6247,.T.);
#10453=ORIENTED_EDGE('',*,*,#6244,.T.);
#10454=ORIENTED_EDGE('',*,*,#6241,.T.);
#10455=ORIENTED_EDGE('',*,*,#6238,.T.);
#10456=ORIENTED_EDGE('',*,*,#6235,.T.);
#10457=ORIENTED_EDGE('',*,*,#6232,.T.);
#10458=ORIENTED_EDGE('',*,*,#6229,.T.);
#10459=ORIENTED_EDGE('',*,*,#6226,.T.);
#10460=ORIENTED_EDGE('',*,*,#6223,.T.);
#10461=ORIENTED_EDGE('',*,*,#6220,.T.);
#10462=ORIENTED_EDGE('',*,*,#6217,.T.);
#10463=ORIENTED_EDGE('',*,*,#6214,.T.);
#10464=ORIENTED_EDGE('',*,*,#6211,.T.);
#10465=ORIENTED_EDGE('',*,*,#6208,.T.);
#10466=ORIENTED_EDGE('',*,*,#6205,.T.);
#10467=ORIENTED_EDGE('',*,*,#6202,.T.);
#10468=ORIENTED_EDGE('',*,*,#6199,.T.);
#10469=ORIENTED_EDGE('',*,*,#6196,.T.);
#10470=ORIENTED_EDGE('',*,*,#6193,.T.);
#10471=ORIENTED_EDGE('',*,*,#6190,.T.);
#10472=ORIENTED_EDGE('',*,*,#6187,.T.);
#10473=ORIENTED_EDGE('',*,*,#6184,.T.);
#10474=ORIENTED_EDGE('',*,*,#6181,.T.);
#10475=ORIENTED_EDGE('',*,*,#6178,.T.);
#10476=ORIENTED_EDGE('',*,*,#6175,.T.);
#10477=ORIENTED_EDGE('',*,*,#6172,.T.);
#10478=ORIENTED_EDGE('',*,*,#6169,.T.);
#10479=ORIENTED_EDGE('',*,*,#6166,.T.);
#10480=ORIENTED_EDGE('',*,*,#6163,.T.);
#10481=ORIENTED_EDGE('',*,*,#6160,.T.);
#10482=ORIENTED_EDGE('',*,*,#6157,.T.);
#10483=ORIENTED_EDGE('',*,*,#6154,.T.);
#10484=ORIENTED_EDGE('',*,*,#6151,.T.);
#10485=ORIENTED_EDGE('',*,*,#6148,.T.);
#10486=ORIENTED_EDGE('',*,*,#6145,.T.);
#10487=ORIENTED_EDGE('',*,*,#6142,.T.);
#10488=ORIENTED_EDGE('',*,*,#6139,.T.);
#10489=ORIENTED_EDGE('',*,*,#6136,.T.);
#10490=ORIENTED_EDGE('',*,*,#6133,.T.);
#10491=ORIENTED_EDGE('',*,*,#6130,.T.);
#10492=ORIENTED_EDGE('',*,*,#6127,.T.);
#10493=ORIENTED_EDGE('',*,*,#6124,.T.);
#10494=ORIENTED_EDGE('',*,*,#6121,.T.);
#10495=ORIENTED_EDGE('',*,*,#6118,.T.);
#10496=ORIENTED_EDGE('',*,*,#6115,.T.);
#10497=ORIENTED_EDGE('',*,*,#6112,.T.);
#10498=ORIENTED_EDGE('',*,*,#6109,.T.);
#10499=ORIENTED_EDGE('',*,*,#6106,.T.);
#10500=ORIENTED_EDGE('',*,*,#6103,.T.);
#10501=ORIENTED_EDGE('',*,*,#6100,.T.);
#10502=ORIENTED_EDGE('',*,*,#6097,.T.);
#10503=ORIENTED_EDGE('',*,*,#6094,.T.);
#10504=ORIENTED_EDGE('',*,*,#6091,.T.);
#10505=ORIENTED_EDGE('',*,*,#6088,.T.);
#10506=ORIENTED_EDGE('',*,*,#6085,.T.);
#10507=ORIENTED_EDGE('',*,*,#6082,.T.);
#10508=ORIENTED_EDGE('',*,*,#6079,.T.);
#10509=ORIENTED_EDGE('',*,*,#6076,.T.);
#10510=ORIENTED_EDGE('',*,*,#6073,.T.);
#10511=ORIENTED_EDGE('',*,*,#6070,.T.);
#10512=ORIENTED_EDGE('',*,*,#6067,.T.);
#10513=ORIENTED_EDGE('',*,*,#6064,.T.);
#10514=ORIENTED_EDGE('',*,*,#6061,.T.);
#10515=ORIENTED_EDGE('',*,*,#6058,.T.);
#10516=ORIENTED_EDGE('',*,*,#6055,.T.);
#10517=ORIENTED_EDGE('',*,*,#6052,.T.);
#10518=ORIENTED_EDGE('',*,*,#6049,.T.);
#10519=ORIENTED_EDGE('',*,*,#6046,.T.);
#10520=ORIENTED_EDGE('',*,*,#6043,.T.);
#10521=ORIENTED_EDGE('',*,*,#6040,.T.);
#10522=ORIENTED_EDGE('',*,*,#6037,.T.);
#10523=ORIENTED_EDGE('',*,*,#6034,.T.);
#10524=ORIENTED_EDGE('',*,*,#6031,.T.);
#10525=ORIENTED_EDGE('',*,*,#6028,.T.);
#10526=ORIENTED_EDGE('',*,*,#6025,.T.);
#10527=ORIENTED_EDGE('',*,*,#6022,.T.);
#10528=ORIENTED_EDGE('',*,*,#6019,.T.);
#10529=ORIENTED_EDGE('',*,*,#6016,.T.);
#10530=ORIENTED_EDGE('',*,*,#6013,.T.);
#10531=ORIENTED_EDGE('',*,*,#6010,.T.);
#10532=ORIENTED_EDGE('',*,*,#6007,.T.);
#10533=ORIENTED_EDGE('',*,*,#6004,.T.);
#10534=ORIENTED_EDGE('',*,*,#6001,.T.);
#10535=ORIENTED_EDGE('',*,*,#5998,.T.);
#10536=ORIENTED_EDGE('',*,*,#5995,.T.);
#10537=ORIENTED_EDGE('',*,*,#5992,.T.);
#10538=ORIENTED_EDGE('',*,*,#5989,.T.);
#10539=ORIENTED_EDGE('',*,*,#5986,.T.);
#10540=ORIENTED_EDGE('',*,*,#5983,.T.);
#10541=ORIENTED_EDGE('',*,*,#5980,.T.);
#10542=ORIENTED_EDGE('',*,*,#5977,.T.);
#10543=ORIENTED_EDGE('',*,*,#5974,.T.);
#10544=ORIENTED_EDGE('',*,*,#5971,.T.);
#10545=ORIENTED_EDGE('',*,*,#5968,.T.);
#10546=ORIENTED_EDGE('',*,*,#5965,.T.);
#10547=ORIENTED_EDGE('',*,*,#5962,.T.);
#10548=ORIENTED_EDGE('',*,*,#5959,.T.);
#10549=ORIENTED_EDGE('',*,*,#5956,.T.);
#10550=ORIENTED_EDGE('',*,*,#5953,.T.);
#10551=ORIENTED_EDGE('',*,*,#5950,.T.);
#10552=ORIENTED_EDGE('',*,*,#5947,.T.);
#10553=ORIENTED_EDGE('',*,*,#5944,.T.);
#10554=ORIENTED_EDGE('',*,*,#5941,.T.);
#10555=ORIENTED_EDGE('',*,*,#5938,.T.);
#10556=ORIENTED_EDGE('',*,*,#5935,.T.);
#10557=ORIENTED_EDGE('',*,*,#5932,.T.);
#10558=ORIENTED_EDGE('',*,*,#5929,.T.);
#10559=ORIENTED_EDGE('',*,*,#5926,.T.);
#10560=ORIENTED_EDGE('',*,*,#5923,.T.);
#10561=ORIENTED_EDGE('',*,*,#5920,.T.);
#10562=ORIENTED_EDGE('',*,*,#5917,.T.);
#10563=ORIENTED_EDGE('',*,*,#5914,.T.);
#10564=ORIENTED_EDGE('',*,*,#5911,.T.);
#10565=ORIENTED_EDGE('',*,*,#5908,.T.);
#10566=ORIENTED_EDGE('',*,*,#5905,.T.);
#10567=ORIENTED_EDGE('',*,*,#5902,.T.);
#10568=ORIENTED_EDGE('',*,*,#5899,.T.);
#10569=ORIENTED_EDGE('',*,*,#5896,.T.);
#10570=ORIENTED_EDGE('',*,*,#5893,.T.);
#10571=ORIENTED_EDGE('',*,*,#7626,.F.);
#10572=ORIENTED_EDGE('',*,*,#5894,.F.);
#10573=ORIENTED_EDGE('',*,*,#5898,.F.);
#10574=ORIENTED_EDGE('',*,*,#5901,.F.);
#10575=ORIENTED_EDGE('',*,*,#5904,.F.);
#10576=ORIENTED_EDGE('',*,*,#5907,.F.);
#10577=ORIENTED_EDGE('',*,*,#5910,.F.);
#10578=ORIENTED_EDGE('',*,*,#5913,.F.);
#10579=ORIENTED_EDGE('',*,*,#5916,.F.);
#10580=ORIENTED_EDGE('',*,*,#5919,.F.);
#10581=ORIENTED_EDGE('',*,*,#5922,.F.);
#10582=ORIENTED_EDGE('',*,*,#5925,.F.);
#10583=ORIENTED_EDGE('',*,*,#5928,.F.);
#10584=ORIENTED_EDGE('',*,*,#5931,.F.);
#10585=ORIENTED_EDGE('',*,*,#5934,.F.);
#10586=ORIENTED_EDGE('',*,*,#5937,.F.);
#10587=ORIENTED_EDGE('',*,*,#5940,.F.);
#10588=ORIENTED_EDGE('',*,*,#5943,.F.);
#10589=ORIENTED_EDGE('',*,*,#5946,.F.);
#10590=ORIENTED_EDGE('',*,*,#5949,.F.);
#10591=ORIENTED_EDGE('',*,*,#5952,.F.);
#10592=ORIENTED_EDGE('',*,*,#5955,.F.);
#10593=ORIENTED_EDGE('',*,*,#5958,.F.);
#10594=ORIENTED_EDGE('',*,*,#5961,.F.);
#10595=ORIENTED_EDGE('',*,*,#5964,.F.);
#10596=ORIENTED_EDGE('',*,*,#5967,.F.);
#10597=ORIENTED_EDGE('',*,*,#5970,.F.);
#10598=ORIENTED_EDGE('',*,*,#5973,.F.);
#10599=ORIENTED_EDGE('',*,*,#5976,.F.);
#10600=ORIENTED_EDGE('',*,*,#5979,.F.);
#10601=ORIENTED_EDGE('',*,*,#5982,.F.);
#10602=ORIENTED_EDGE('',*,*,#5985,.F.);
#10603=ORIENTED_EDGE('',*,*,#5988,.F.);
#10604=ORIENTED_EDGE('',*,*,#5991,.F.);
#10605=ORIENTED_EDGE('',*,*,#5994,.F.);
#10606=ORIENTED_EDGE('',*,*,#5997,.F.);
#10607=ORIENTED_EDGE('',*,*,#6000,.F.);
#10608=ORIENTED_EDGE('',*,*,#6003,.F.);
#10609=ORIENTED_EDGE('',*,*,#6006,.F.);
#10610=ORIENTED_EDGE('',*,*,#6009,.F.);
#10611=ORIENTED_EDGE('',*,*,#6012,.F.);
#10612=ORIENTED_EDGE('',*,*,#6015,.F.);
#10613=ORIENTED_EDGE('',*,*,#6018,.F.);
#10614=ORIENTED_EDGE('',*,*,#6021,.F.);
#10615=ORIENTED_EDGE('',*,*,#6024,.F.);
#10616=ORIENTED_EDGE('',*,*,#6027,.F.);
#10617=ORIENTED_EDGE('',*,*,#6030,.F.);
#10618=ORIENTED_EDGE('',*,*,#6033,.F.);
#10619=ORIENTED_EDGE('',*,*,#6036,.F.);
#10620=ORIENTED_EDGE('',*,*,#6039,.F.);
#10621=ORIENTED_EDGE('',*,*,#6042,.F.);
#10622=ORIENTED_EDGE('',*,*,#6045,.F.);
#10623=ORIENTED_EDGE('',*,*,#6048,.F.);
#10624=ORIENTED_EDGE('',*,*,#6051,.F.);
#10625=ORIENTED_EDGE('',*,*,#6054,.F.);
#10626=ORIENTED_EDGE('',*,*,#6057,.F.);
#10627=ORIENTED_EDGE('',*,*,#6060,.F.);
#10628=ORIENTED_EDGE('',*,*,#6063,.F.);
#10629=ORIENTED_EDGE('',*,*,#6066,.F.);
#10630=ORIENTED_EDGE('',*,*,#6069,.F.);
#10631=ORIENTED_EDGE('',*,*,#6072,.F.);
#10632=ORIENTED_EDGE('',*,*,#6075,.F.);
#10633=ORIENTED_EDGE('',*,*,#6078,.F.);
#10634=ORIENTED_EDGE('',*,*,#6081,.F.);
#10635=ORIENTED_EDGE('',*,*,#6084,.F.);
#10636=ORIENTED_EDGE('',*,*,#6087,.F.);
#10637=ORIENTED_EDGE('',*,*,#6090,.F.);
#10638=ORIENTED_EDGE('',*,*,#6093,.F.);
#10639=ORIENTED_EDGE('',*,*,#6096,.F.);
#10640=ORIENTED_EDGE('',*,*,#6099,.F.);
#10641=ORIENTED_EDGE('',*,*,#6102,.F.);
#10642=ORIENTED_EDGE('',*,*,#6105,.F.);
#10643=ORIENTED_EDGE('',*,*,#6108,.F.);
#10644=ORIENTED_EDGE('',*,*,#6111,.F.);
#10645=ORIENTED_EDGE('',*,*,#6114,.F.);
#10646=ORIENTED_EDGE('',*,*,#6117,.F.);
#10647=ORIENTED_EDGE('',*,*,#6120,.F.);
#10648=ORIENTED_EDGE('',*,*,#6123,.F.);
#10649=ORIENTED_EDGE('',*,*,#6126,.F.);
#10650=ORIENTED_EDGE('',*,*,#6129,.F.);
#10651=ORIENTED_EDGE('',*,*,#6132,.F.);
#10652=ORIENTED_EDGE('',*,*,#6135,.F.);
#10653=ORIENTED_EDGE('',*,*,#6138,.F.);
#10654=ORIENTED_EDGE('',*,*,#6141,.F.);
#10655=ORIENTED_EDGE('',*,*,#6144,.F.);
#10656=ORIENTED_EDGE('',*,*,#6147,.F.);
#10657=ORIENTED_EDGE('',*,*,#6150,.F.);
#10658=ORIENTED_EDGE('',*,*,#6153,.F.);
#10659=ORIENTED_EDGE('',*,*,#6156,.F.);
#10660=ORIENTED_EDGE('',*,*,#6159,.F.);
#10661=ORIENTED_EDGE('',*,*,#6162,.F.);
#10662=ORIENTED_EDGE('',*,*,#6165,.F.);
#10663=ORIENTED_EDGE('',*,*,#6168,.F.);
#10664=ORIENTED_EDGE('',*,*,#6171,.F.);
#10665=ORIENTED_EDGE('',*,*,#6174,.F.);
#10666=ORIENTED_EDGE('',*,*,#6177,.F.);
#10667=ORIENTED_EDGE('',*,*,#6180,.F.);
#10668=ORIENTED_EDGE('',*,*,#6183,.F.);
#10669=ORIENTED_EDGE('',*,*,#6186,.F.);
#10670=ORIENTED_EDGE('',*,*,#6189,.F.);
#10671=ORIENTED_EDGE('',*,*,#6192,.F.);
#10672=ORIENTED_EDGE('',*,*,#6195,.F.);
#10673=ORIENTED_EDGE('',*,*,#6198,.F.);
#10674=ORIENTED_EDGE('',*,*,#6201,.F.);
#10675=ORIENTED_EDGE('',*,*,#6204,.F.);
#10676=ORIENTED_EDGE('',*,*,#6207,.F.);
#10677=ORIENTED_EDGE('',*,*,#6210,.F.);
#10678=ORIENTED_EDGE('',*,*,#6213,.F.);
#10679=ORIENTED_EDGE('',*,*,#6216,.F.);
#10680=ORIENTED_EDGE('',*,*,#6219,.F.);
#10681=ORIENTED_EDGE('',*,*,#6222,.F.);
#10682=ORIENTED_EDGE('',*,*,#6225,.F.);
#10683=ORIENTED_EDGE('',*,*,#6228,.F.);
#10684=ORIENTED_EDGE('',*,*,#6231,.F.);
#10685=ORIENTED_EDGE('',*,*,#6234,.F.);
#10686=ORIENTED_EDGE('',*,*,#6237,.F.);
#10687=ORIENTED_EDGE('',*,*,#6240,.F.);
#10688=ORIENTED_EDGE('',*,*,#6243,.F.);
#10689=ORIENTED_EDGE('',*,*,#6246,.F.);
#10690=ORIENTED_EDGE('',*,*,#6249,.F.);
#10691=ORIENTED_EDGE('',*,*,#6252,.F.);
#10692=ORIENTED_EDGE('',*,*,#6255,.F.);
#10693=ORIENTED_EDGE('',*,*,#6258,.F.);
#10694=ORIENTED_EDGE('',*,*,#6261,.F.);
#10695=ORIENTED_EDGE('',*,*,#6264,.F.);
#10696=ORIENTED_EDGE('',*,*,#6267,.F.);
#10697=ORIENTED_EDGE('',*,*,#6270,.F.);
#10698=ORIENTED_EDGE('',*,*,#6273,.F.);
#10699=ORIENTED_EDGE('',*,*,#6276,.F.);
#10700=ORIENTED_EDGE('',*,*,#6279,.F.);
#10701=ORIENTED_EDGE('',*,*,#6282,.F.);
#10702=ORIENTED_EDGE('',*,*,#6285,.F.);
#10703=ORIENTED_EDGE('',*,*,#6288,.F.);
#10704=ORIENTED_EDGE('',*,*,#6291,.F.);
#10705=ORIENTED_EDGE('',*,*,#6294,.F.);
#10706=ORIENTED_EDGE('',*,*,#6297,.F.);
#10707=ORIENTED_EDGE('',*,*,#6300,.F.);
#10708=ORIENTED_EDGE('',*,*,#6303,.F.);
#10709=ORIENTED_EDGE('',*,*,#6306,.F.);
#10710=ORIENTED_EDGE('',*,*,#6309,.F.);
#10711=ORIENTED_EDGE('',*,*,#6312,.F.);
#10712=ORIENTED_EDGE('',*,*,#6315,.F.);
#10713=ORIENTED_EDGE('',*,*,#6318,.F.);
#10714=ORIENTED_EDGE('',*,*,#6321,.F.);
#10715=ORIENTED_EDGE('',*,*,#6324,.F.);
#10716=ORIENTED_EDGE('',*,*,#6327,.F.);
#10717=ORIENTED_EDGE('',*,*,#6330,.F.);
#10718=ORIENTED_EDGE('',*,*,#6333,.F.);
#10719=ORIENTED_EDGE('',*,*,#6336,.F.);
#10720=ORIENTED_EDGE('',*,*,#6339,.F.);
#10721=ORIENTED_EDGE('',*,*,#6342,.F.);
#10722=ORIENTED_EDGE('',*,*,#6345,.F.);
#10723=ORIENTED_EDGE('',*,*,#6348,.F.);
#10724=ORIENTED_EDGE('',*,*,#6351,.F.);
#10725=ORIENTED_EDGE('',*,*,#6354,.F.);
#10726=ORIENTED_EDGE('',*,*,#6357,.F.);
#10727=ORIENTED_EDGE('',*,*,#6360,.F.);
#10728=ORIENTED_EDGE('',*,*,#6363,.F.);
#10729=ORIENTED_EDGE('',*,*,#6366,.F.);
#10730=ORIENTED_EDGE('',*,*,#6369,.F.);
#10731=ORIENTED_EDGE('',*,*,#6372,.F.);
#10732=ORIENTED_EDGE('',*,*,#6375,.F.);
#10733=ORIENTED_EDGE('',*,*,#6378,.F.);
#10734=ORIENTED_EDGE('',*,*,#6381,.F.);
#10735=ORIENTED_EDGE('',*,*,#6384,.F.);
#10736=ORIENTED_EDGE('',*,*,#6387,.F.);
#10737=ORIENTED_EDGE('',*,*,#6390,.F.);
#10738=ORIENTED_EDGE('',*,*,#6393,.F.);
#10739=ORIENTED_EDGE('',*,*,#6396,.F.);
#10740=ORIENTED_EDGE('',*,*,#6399,.F.);
#10741=ORIENTED_EDGE('',*,*,#6402,.F.);
#10742=ORIENTED_EDGE('',*,*,#6405,.F.);
#10743=ORIENTED_EDGE('',*,*,#6408,.F.);
#10744=ORIENTED_EDGE('',*,*,#6411,.F.);
#10745=ORIENTED_EDGE('',*,*,#6414,.F.);
#10746=ORIENTED_EDGE('',*,*,#6417,.F.);
#10747=ORIENTED_EDGE('',*,*,#6420,.F.);
#10748=ORIENTED_EDGE('',*,*,#6423,.F.);
#10749=ORIENTED_EDGE('',*,*,#6426,.F.);
#10750=ORIENTED_EDGE('',*,*,#6429,.F.);
#10751=ORIENTED_EDGE('',*,*,#6432,.F.);
#10752=ORIENTED_EDGE('',*,*,#6435,.F.);
#10753=ORIENTED_EDGE('',*,*,#6438,.F.);
#10754=ORIENTED_EDGE('',*,*,#6441,.F.);
#10755=ORIENTED_EDGE('',*,*,#6444,.F.);
#10756=ORIENTED_EDGE('',*,*,#6447,.F.);
#10757=ORIENTED_EDGE('',*,*,#6450,.F.);
#10758=ORIENTED_EDGE('',*,*,#6453,.F.);
#10759=ORIENTED_EDGE('',*,*,#6456,.F.);
#10760=ORIENTED_EDGE('',*,*,#6459,.F.);
#10761=ORIENTED_EDGE('',*,*,#6462,.F.);
#10762=ORIENTED_EDGE('',*,*,#6465,.F.);
#10763=ORIENTED_EDGE('',*,*,#6468,.F.);
#10764=ORIENTED_EDGE('',*,*,#6471,.F.);
#10765=ORIENTED_EDGE('',*,*,#6474,.F.);
#10766=ORIENTED_EDGE('',*,*,#6477,.F.);
#10767=ORIENTED_EDGE('',*,*,#6480,.F.);
#10768=ORIENTED_EDGE('',*,*,#6483,.F.);
#10769=ORIENTED_EDGE('',*,*,#6486,.F.);
#10770=ORIENTED_EDGE('',*,*,#6489,.F.);
#10771=ORIENTED_EDGE('',*,*,#6492,.F.);
#10772=ORIENTED_EDGE('',*,*,#6495,.F.);
#10773=ORIENTED_EDGE('',*,*,#6498,.F.);
#10774=ORIENTED_EDGE('',*,*,#6501,.F.);
#10775=ORIENTED_EDGE('',*,*,#6504,.F.);
#10776=ORIENTED_EDGE('',*,*,#6507,.F.);
#10777=ORIENTED_EDGE('',*,*,#6510,.F.);
#10778=ORIENTED_EDGE('',*,*,#6513,.F.);
#10779=ORIENTED_EDGE('',*,*,#6516,.F.);
#10780=ORIENTED_EDGE('',*,*,#6519,.F.);
#10781=ORIENTED_EDGE('',*,*,#6522,.F.);
#10782=ORIENTED_EDGE('',*,*,#6525,.F.);
#10783=ORIENTED_EDGE('',*,*,#6528,.F.);
#10784=ORIENTED_EDGE('',*,*,#6531,.F.);
#10785=ORIENTED_EDGE('',*,*,#6534,.F.);
#10786=ORIENTED_EDGE('',*,*,#6537,.F.);
#10787=ORIENTED_EDGE('',*,*,#6540,.F.);
#10788=ORIENTED_EDGE('',*,*,#6543,.F.);
#10789=ORIENTED_EDGE('',*,*,#6546,.F.);
#10790=ORIENTED_EDGE('',*,*,#6549,.F.);
#10791=ORIENTED_EDGE('',*,*,#6552,.F.);
#10792=ORIENTED_EDGE('',*,*,#6555,.F.);
#10793=ORIENTED_EDGE('',*,*,#6558,.F.);
#10794=ORIENTED_EDGE('',*,*,#6561,.F.);
#10795=ORIENTED_EDGE('',*,*,#6564,.F.);
#10796=ORIENTED_EDGE('',*,*,#6567,.F.);
#10797=ORIENTED_EDGE('',*,*,#6570,.F.);
#10798=ORIENTED_EDGE('',*,*,#6573,.F.);
#10799=ORIENTED_EDGE('',*,*,#6576,.F.);
#10800=ORIENTED_EDGE('',*,*,#6579,.F.);
#10801=ORIENTED_EDGE('',*,*,#6582,.F.);
#10802=ORIENTED_EDGE('',*,*,#6585,.F.);
#10803=ORIENTED_EDGE('',*,*,#6588,.F.);
#10804=ORIENTED_EDGE('',*,*,#6591,.F.);
#10805=ORIENTED_EDGE('',*,*,#6594,.F.);
#10806=ORIENTED_EDGE('',*,*,#6597,.F.);
#10807=ORIENTED_EDGE('',*,*,#6600,.F.);
#10808=ORIENTED_EDGE('',*,*,#6603,.F.);
#10809=ORIENTED_EDGE('',*,*,#6606,.F.);
#10810=ORIENTED_EDGE('',*,*,#6609,.F.);
#10811=ORIENTED_EDGE('',*,*,#6612,.F.);
#10812=ORIENTED_EDGE('',*,*,#6615,.F.);
#10813=ORIENTED_EDGE('',*,*,#6618,.F.);
#10814=ORIENTED_EDGE('',*,*,#6621,.F.);
#10815=ORIENTED_EDGE('',*,*,#6624,.F.);
#10816=ORIENTED_EDGE('',*,*,#6627,.F.);
#10817=ORIENTED_EDGE('',*,*,#6630,.F.);
#10818=ORIENTED_EDGE('',*,*,#6633,.F.);
#10819=ORIENTED_EDGE('',*,*,#6636,.F.);
#10820=ORIENTED_EDGE('',*,*,#6639,.F.);
#10821=ORIENTED_EDGE('',*,*,#6642,.F.);
#10822=ORIENTED_EDGE('',*,*,#6645,.F.);
#10823=ORIENTED_EDGE('',*,*,#6648,.F.);
#10824=ORIENTED_EDGE('',*,*,#6651,.F.);
#10825=ORIENTED_EDGE('',*,*,#6654,.F.);
#10826=ORIENTED_EDGE('',*,*,#6657,.F.);
#10827=ORIENTED_EDGE('',*,*,#6660,.F.);
#10828=ORIENTED_EDGE('',*,*,#6663,.F.);
#10829=ORIENTED_EDGE('',*,*,#6666,.F.);
#10830=ORIENTED_EDGE('',*,*,#6669,.F.);
#10831=ORIENTED_EDGE('',*,*,#6672,.F.);
#10832=ORIENTED_EDGE('',*,*,#6675,.F.);
#10833=ORIENTED_EDGE('',*,*,#6678,.F.);
#10834=ORIENTED_EDGE('',*,*,#6681,.F.);
#10835=ORIENTED_EDGE('',*,*,#6684,.F.);
#10836=ORIENTED_EDGE('',*,*,#6687,.F.);
#10837=ORIENTED_EDGE('',*,*,#6690,.F.);
#10838=ORIENTED_EDGE('',*,*,#6693,.F.);
#10839=ORIENTED_EDGE('',*,*,#6696,.F.);
#10840=ORIENTED_EDGE('',*,*,#6699,.F.);
#10841=ORIENTED_EDGE('',*,*,#6702,.F.);
#10842=ORIENTED_EDGE('',*,*,#6705,.F.);
#10843=ORIENTED_EDGE('',*,*,#6708,.F.);
#10844=ORIENTED_EDGE('',*,*,#6711,.F.);
#10845=ORIENTED_EDGE('',*,*,#6714,.F.);
#10846=ORIENTED_EDGE('',*,*,#6717,.F.);
#10847=ORIENTED_EDGE('',*,*,#6720,.F.);
#10848=ORIENTED_EDGE('',*,*,#6723,.F.);
#10849=ORIENTED_EDGE('',*,*,#6726,.F.);
#10850=ORIENTED_EDGE('',*,*,#6729,.F.);
#10851=ORIENTED_EDGE('',*,*,#6732,.F.);
#10852=ORIENTED_EDGE('',*,*,#6735,.F.);
#10853=ORIENTED_EDGE('',*,*,#6738,.F.);
#10854=ORIENTED_EDGE('',*,*,#6741,.F.);
#10855=ORIENTED_EDGE('',*,*,#6744,.F.);
#10856=ORIENTED_EDGE('',*,*,#6747,.F.);
#10857=ORIENTED_EDGE('',*,*,#6750,.F.);
#10858=ORIENTED_EDGE('',*,*,#6753,.F.);
#10859=ORIENTED_EDGE('',*,*,#6756,.F.);
#10860=ORIENTED_EDGE('',*,*,#6759,.F.);
#10861=ORIENTED_EDGE('',*,*,#6762,.F.);
#10862=ORIENTED_EDGE('',*,*,#6765,.F.);
#10863=ORIENTED_EDGE('',*,*,#6768,.F.);
#10864=ORIENTED_EDGE('',*,*,#6771,.F.);
#10865=ORIENTED_EDGE('',*,*,#6774,.F.);
#10866=ORIENTED_EDGE('',*,*,#6777,.F.);
#10867=ORIENTED_EDGE('',*,*,#6780,.F.);
#10868=ORIENTED_EDGE('',*,*,#6783,.F.);
#10869=ORIENTED_EDGE('',*,*,#6786,.F.);
#10870=ORIENTED_EDGE('',*,*,#6789,.F.);
#10871=ORIENTED_EDGE('',*,*,#6792,.F.);
#10872=ORIENTED_EDGE('',*,*,#6795,.F.);
#10873=ORIENTED_EDGE('',*,*,#6798,.F.);
#10874=ORIENTED_EDGE('',*,*,#6801,.F.);
#10875=ORIENTED_EDGE('',*,*,#6804,.F.);
#10876=ORIENTED_EDGE('',*,*,#6807,.F.);
#10877=ORIENTED_EDGE('',*,*,#6810,.F.);
#10878=ORIENTED_EDGE('',*,*,#6813,.F.);
#10879=ORIENTED_EDGE('',*,*,#6816,.F.);
#10880=ORIENTED_EDGE('',*,*,#6819,.F.);
#10881=ORIENTED_EDGE('',*,*,#6822,.F.);
#10882=ORIENTED_EDGE('',*,*,#6825,.F.);
#10883=ORIENTED_EDGE('',*,*,#6828,.F.);
#10884=ORIENTED_EDGE('',*,*,#6831,.F.);
#10885=ORIENTED_EDGE('',*,*,#6834,.F.);
#10886=ORIENTED_EDGE('',*,*,#6837,.F.);
#10887=ORIENTED_EDGE('',*,*,#6840,.F.);
#10888=ORIENTED_EDGE('',*,*,#6843,.F.);
#10889=ORIENTED_EDGE('',*,*,#6846,.F.);
#10890=ORIENTED_EDGE('',*,*,#6849,.F.);
#10891=ORIENTED_EDGE('',*,*,#6852,.F.);
#10892=ORIENTED_EDGE('',*,*,#6855,.F.);
#10893=ORIENTED_EDGE('',*,*,#6858,.F.);
#10894=ORIENTED_EDGE('',*,*,#6861,.F.);
#10895=ORIENTED_EDGE('',*,*,#6864,.F.);
#10896=ORIENTED_EDGE('',*,*,#6867,.F.);
#10897=ORIENTED_EDGE('',*,*,#6870,.F.);
#10898=ORIENTED_EDGE('',*,*,#6873,.F.);
#10899=ORIENTED_EDGE('',*,*,#6876,.F.);
#10900=ORIENTED_EDGE('',*,*,#6879,.F.);
#10901=ORIENTED_EDGE('',*,*,#6882,.F.);
#10902=ORIENTED_EDGE('',*,*,#6885,.F.);
#10903=ORIENTED_EDGE('',*,*,#6888,.F.);
#10904=ORIENTED_EDGE('',*,*,#6891,.F.);
#10905=ORIENTED_EDGE('',*,*,#6894,.F.);
#10906=ORIENTED_EDGE('',*,*,#6897,.F.);
#10907=ORIENTED_EDGE('',*,*,#6900,.F.);
#10908=ORIENTED_EDGE('',*,*,#6903,.F.);
#10909=ORIENTED_EDGE('',*,*,#6906,.F.);
#10910=ORIENTED_EDGE('',*,*,#6909,.F.);
#10911=ORIENTED_EDGE('',*,*,#6912,.F.);
#10912=ORIENTED_EDGE('',*,*,#6915,.F.);
#10913=ORIENTED_EDGE('',*,*,#6918,.F.);
#10914=ORIENTED_EDGE('',*,*,#6921,.F.);
#10915=ORIENTED_EDGE('',*,*,#6924,.F.);
#10916=ORIENTED_EDGE('',*,*,#6927,.F.);
#10917=ORIENTED_EDGE('',*,*,#6930,.F.);
#10918=ORIENTED_EDGE('',*,*,#6933,.F.);
#10919=ORIENTED_EDGE('',*,*,#6936,.F.);
#10920=ORIENTED_EDGE('',*,*,#6939,.F.);
#10921=ORIENTED_EDGE('',*,*,#6942,.F.);
#10922=ORIENTED_EDGE('',*,*,#6945,.F.);
#10923=ORIENTED_EDGE('',*,*,#6948,.F.);
#10924=ORIENTED_EDGE('',*,*,#6951,.F.);
#10925=ORIENTED_EDGE('',*,*,#6954,.F.);
#10926=ORIENTED_EDGE('',*,*,#6957,.F.);
#10927=ORIENTED_EDGE('',*,*,#6960,.F.);
#10928=ORIENTED_EDGE('',*,*,#6963,.F.);
#10929=ORIENTED_EDGE('',*,*,#6966,.F.);
#10930=ORIENTED_EDGE('',*,*,#6969,.F.);
#10931=ORIENTED_EDGE('',*,*,#6972,.F.);
#10932=ORIENTED_EDGE('',*,*,#6975,.F.);
#10933=ORIENTED_EDGE('',*,*,#6978,.F.);
#10934=ORIENTED_EDGE('',*,*,#6981,.F.);
#10935=ORIENTED_EDGE('',*,*,#6984,.F.);
#10936=ORIENTED_EDGE('',*,*,#6987,.F.);
#10937=ORIENTED_EDGE('',*,*,#6990,.F.);
#10938=ORIENTED_EDGE('',*,*,#6993,.F.);
#10939=ORIENTED_EDGE('',*,*,#6996,.F.);
#10940=ORIENTED_EDGE('',*,*,#6999,.F.);
#10941=ORIENTED_EDGE('',*,*,#7002,.F.);
#10942=ORIENTED_EDGE('',*,*,#7005,.F.);
#10943=ORIENTED_EDGE('',*,*,#7008,.F.);
#10944=ORIENTED_EDGE('',*,*,#7011,.F.);
#10945=ORIENTED_EDGE('',*,*,#7014,.F.);
#10946=ORIENTED_EDGE('',*,*,#7017,.F.);
#10947=ORIENTED_EDGE('',*,*,#7020,.F.);
#10948=ORIENTED_EDGE('',*,*,#7023,.F.);
#10949=ORIENTED_EDGE('',*,*,#7026,.F.);
#10950=ORIENTED_EDGE('',*,*,#7029,.F.);
#10951=ORIENTED_EDGE('',*,*,#7032,.F.);
#10952=ORIENTED_EDGE('',*,*,#7035,.F.);
#10953=ORIENTED_EDGE('',*,*,#7038,.F.);
#10954=ORIENTED_EDGE('',*,*,#7041,.F.);
#10955=ORIENTED_EDGE('',*,*,#7044,.F.);
#10956=ORIENTED_EDGE('',*,*,#7047,.F.);
#10957=ORIENTED_EDGE('',*,*,#7050,.F.);
#10958=ORIENTED_EDGE('',*,*,#7053,.F.);
#10959=ORIENTED_EDGE('',*,*,#7056,.F.);
#10960=ORIENTED_EDGE('',*,*,#7059,.F.);
#10961=ORIENTED_EDGE('',*,*,#7062,.F.);
#10962=ORIENTED_EDGE('',*,*,#7065,.F.);
#10963=ORIENTED_EDGE('',*,*,#7068,.F.);
#10964=ORIENTED_EDGE('',*,*,#7071,.F.);
#10965=ORIENTED_EDGE('',*,*,#7074,.F.);
#10966=ORIENTED_EDGE('',*,*,#7077,.F.);
#10967=ORIENTED_EDGE('',*,*,#7080,.F.);
#10968=ORIENTED_EDGE('',*,*,#7083,.F.);
#10969=ORIENTED_EDGE('',*,*,#7086,.F.);
#10970=ORIENTED_EDGE('',*,*,#7089,.F.);
#10971=ORIENTED_EDGE('',*,*,#7092,.F.);
#10972=ORIENTED_EDGE('',*,*,#7095,.F.);
#10973=ORIENTED_EDGE('',*,*,#7098,.F.);
#10974=ORIENTED_EDGE('',*,*,#7101,.F.);
#10975=ORIENTED_EDGE('',*,*,#7104,.F.);
#10976=ORIENTED_EDGE('',*,*,#7107,.F.);
#10977=ORIENTED_EDGE('',*,*,#7110,.F.);
#10978=ORIENTED_EDGE('',*,*,#7113,.F.);
#10979=ORIENTED_EDGE('',*,*,#7116,.F.);
#10980=ORIENTED_EDGE('',*,*,#7119,.F.);
#10981=ORIENTED_EDGE('',*,*,#7122,.F.);
#10982=ORIENTED_EDGE('',*,*,#7125,.F.);
#10983=ORIENTED_EDGE('',*,*,#7128,.F.);
#10984=ORIENTED_EDGE('',*,*,#7131,.F.);
#10985=ORIENTED_EDGE('',*,*,#7134,.F.);
#10986=ORIENTED_EDGE('',*,*,#7137,.F.);
#10987=ORIENTED_EDGE('',*,*,#7140,.F.);
#10988=ORIENTED_EDGE('',*,*,#7143,.F.);
#10989=ORIENTED_EDGE('',*,*,#7146,.F.);
#10990=ORIENTED_EDGE('',*,*,#7149,.F.);
#10991=ORIENTED_EDGE('',*,*,#7152,.F.);
#10992=ORIENTED_EDGE('',*,*,#7155,.F.);
#10993=ORIENTED_EDGE('',*,*,#7158,.F.);
#10994=ORIENTED_EDGE('',*,*,#7161,.F.);
#10995=ORIENTED_EDGE('',*,*,#7164,.F.);
#10996=ORIENTED_EDGE('',*,*,#7167,.F.);
#10997=ORIENTED_EDGE('',*,*,#7170,.F.);
#10998=ORIENTED_EDGE('',*,*,#7173,.F.);
#10999=ORIENTED_EDGE('',*,*,#7176,.F.);
#11000=ORIENTED_EDGE('',*,*,#7179,.F.);
#11001=ORIENTED_EDGE('',*,*,#7182,.F.);
#11002=ORIENTED_EDGE('',*,*,#7185,.F.);
#11003=ORIENTED_EDGE('',*,*,#7188,.F.);
#11004=ORIENTED_EDGE('',*,*,#7191,.F.);
#11005=ORIENTED_EDGE('',*,*,#7194,.F.);
#11006=ORIENTED_EDGE('',*,*,#7197,.F.);
#11007=ORIENTED_EDGE('',*,*,#7200,.F.);
#11008=ORIENTED_EDGE('',*,*,#7203,.F.);
#11009=ORIENTED_EDGE('',*,*,#7206,.F.);
#11010=ORIENTED_EDGE('',*,*,#7209,.F.);
#11011=ORIENTED_EDGE('',*,*,#7212,.F.);
#11012=ORIENTED_EDGE('',*,*,#7215,.F.);
#11013=ORIENTED_EDGE('',*,*,#7218,.F.);
#11014=ORIENTED_EDGE('',*,*,#7221,.F.);
#11015=ORIENTED_EDGE('',*,*,#7224,.F.);
#11016=ORIENTED_EDGE('',*,*,#7227,.F.);
#11017=ORIENTED_EDGE('',*,*,#7230,.F.);
#11018=ORIENTED_EDGE('',*,*,#7233,.F.);
#11019=ORIENTED_EDGE('',*,*,#7236,.F.);
#11020=ORIENTED_EDGE('',*,*,#7239,.F.);
#11021=ORIENTED_EDGE('',*,*,#7242,.F.);
#11022=ORIENTED_EDGE('',*,*,#7245,.F.);
#11023=ORIENTED_EDGE('',*,*,#7248,.F.);
#11024=ORIENTED_EDGE('',*,*,#7251,.F.);
#11025=ORIENTED_EDGE('',*,*,#7254,.F.);
#11026=ORIENTED_EDGE('',*,*,#7257,.F.);
#11027=ORIENTED_EDGE('',*,*,#7260,.F.);
#11028=ORIENTED_EDGE('',*,*,#7263,.F.);
#11029=ORIENTED_EDGE('',*,*,#7266,.F.);
#11030=ORIENTED_EDGE('',*,*,#7269,.F.);
#11031=ORIENTED_EDGE('',*,*,#7272,.F.);
#11032=ORIENTED_EDGE('',*,*,#7275,.F.);
#11033=ORIENTED_EDGE('',*,*,#7278,.F.);
#11034=ORIENTED_EDGE('',*,*,#7281,.F.);
#11035=ORIENTED_EDGE('',*,*,#7284,.F.);
#11036=ORIENTED_EDGE('',*,*,#7287,.F.);
#11037=ORIENTED_EDGE('',*,*,#7290,.F.);
#11038=ORIENTED_EDGE('',*,*,#7293,.F.);
#11039=ORIENTED_EDGE('',*,*,#7296,.F.);
#11040=ORIENTED_EDGE('',*,*,#7299,.F.);
#11041=ORIENTED_EDGE('',*,*,#7302,.F.);
#11042=ORIENTED_EDGE('',*,*,#7305,.F.);
#11043=ORIENTED_EDGE('',*,*,#7308,.F.);
#11044=ORIENTED_EDGE('',*,*,#7311,.F.);
#11045=ORIENTED_EDGE('',*,*,#7314,.F.);
#11046=ORIENTED_EDGE('',*,*,#7317,.F.);
#11047=ORIENTED_EDGE('',*,*,#7320,.F.);
#11048=ORIENTED_EDGE('',*,*,#7323,.F.);
#11049=ORIENTED_EDGE('',*,*,#7326,.F.);
#11050=ORIENTED_EDGE('',*,*,#7329,.F.);
#11051=ORIENTED_EDGE('',*,*,#7332,.F.);
#11052=ORIENTED_EDGE('',*,*,#7335,.F.);
#11053=ORIENTED_EDGE('',*,*,#7338,.F.);
#11054=ORIENTED_EDGE('',*,*,#7341,.F.);
#11055=ORIENTED_EDGE('',*,*,#7344,.F.);
#11056=ORIENTED_EDGE('',*,*,#7347,.F.);
#11057=ORIENTED_EDGE('',*,*,#7350,.F.);
#11058=ORIENTED_EDGE('',*,*,#7353,.F.);
#11059=ORIENTED_EDGE('',*,*,#7356,.F.);
#11060=ORIENTED_EDGE('',*,*,#7359,.F.);
#11061=ORIENTED_EDGE('',*,*,#7362,.F.);
#11062=ORIENTED_EDGE('',*,*,#7365,.F.);
#11063=ORIENTED_EDGE('',*,*,#7368,.F.);
#11064=ORIENTED_EDGE('',*,*,#7371,.F.);
#11065=ORIENTED_EDGE('',*,*,#7374,.F.);
#11066=ORIENTED_EDGE('',*,*,#7377,.F.);
#11067=ORIENTED_EDGE('',*,*,#7380,.F.);
#11068=ORIENTED_EDGE('',*,*,#7383,.F.);
#11069=ORIENTED_EDGE('',*,*,#7386,.F.);
#11070=ORIENTED_EDGE('',*,*,#7389,.F.);
#11071=ORIENTED_EDGE('',*,*,#7392,.F.);
#11072=ORIENTED_EDGE('',*,*,#7395,.F.);
#11073=ORIENTED_EDGE('',*,*,#7398,.F.);
#11074=ORIENTED_EDGE('',*,*,#7401,.F.);
#11075=ORIENTED_EDGE('',*,*,#7404,.F.);
#11076=ORIENTED_EDGE('',*,*,#7407,.F.);
#11077=ORIENTED_EDGE('',*,*,#7410,.F.);
#11078=ORIENTED_EDGE('',*,*,#7413,.F.);
#11079=ORIENTED_EDGE('',*,*,#7416,.F.);
#11080=ORIENTED_EDGE('',*,*,#7419,.F.);
#11081=ORIENTED_EDGE('',*,*,#7422,.F.);
#11082=ORIENTED_EDGE('',*,*,#7425,.F.);
#11083=ORIENTED_EDGE('',*,*,#7428,.F.);
#11084=ORIENTED_EDGE('',*,*,#7431,.F.);
#11085=ORIENTED_EDGE('',*,*,#7434,.F.);
#11086=ORIENTED_EDGE('',*,*,#7437,.F.);
#11087=ORIENTED_EDGE('',*,*,#7440,.F.);
#11088=ORIENTED_EDGE('',*,*,#7443,.F.);
#11089=ORIENTED_EDGE('',*,*,#7446,.F.);
#11090=ORIENTED_EDGE('',*,*,#7449,.F.);
#11091=ORIENTED_EDGE('',*,*,#7452,.F.);
#11092=ORIENTED_EDGE('',*,*,#7455,.F.);
#11093=ORIENTED_EDGE('',*,*,#7458,.F.);
#11094=ORIENTED_EDGE('',*,*,#7461,.F.);
#11095=ORIENTED_EDGE('',*,*,#7464,.F.);
#11096=ORIENTED_EDGE('',*,*,#7467,.F.);
#11097=ORIENTED_EDGE('',*,*,#7470,.F.);
#11098=ORIENTED_EDGE('',*,*,#7473,.F.);
#11099=ORIENTED_EDGE('',*,*,#7476,.F.);
#11100=ORIENTED_EDGE('',*,*,#7479,.F.);
#11101=ORIENTED_EDGE('',*,*,#7482,.F.);
#11102=ORIENTED_EDGE('',*,*,#7485,.F.);
#11103=ORIENTED_EDGE('',*,*,#7488,.F.);
#11104=ORIENTED_EDGE('',*,*,#7491,.F.);
#11105=ORIENTED_EDGE('',*,*,#7494,.F.);
#11106=ORIENTED_EDGE('',*,*,#7497,.F.);
#11107=ORIENTED_EDGE('',*,*,#7500,.F.);
#11108=ORIENTED_EDGE('',*,*,#7503,.F.);
#11109=ORIENTED_EDGE('',*,*,#7506,.F.);
#11110=ORIENTED_EDGE('',*,*,#7509,.F.);
#11111=ORIENTED_EDGE('',*,*,#7512,.F.);
#11112=ORIENTED_EDGE('',*,*,#7515,.F.);
#11113=ORIENTED_EDGE('',*,*,#7518,.F.);
#11114=ORIENTED_EDGE('',*,*,#7521,.F.);
#11115=ORIENTED_EDGE('',*,*,#7524,.F.);
#11116=ORIENTED_EDGE('',*,*,#7527,.F.);
#11117=ORIENTED_EDGE('',*,*,#7530,.F.);
#11118=ORIENTED_EDGE('',*,*,#7533,.F.);
#11119=ORIENTED_EDGE('',*,*,#7536,.F.);
#11120=ORIENTED_EDGE('',*,*,#7539,.F.);
#11121=ORIENTED_EDGE('',*,*,#7542,.F.);
#11122=ORIENTED_EDGE('',*,*,#7545,.F.);
#11123=ORIENTED_EDGE('',*,*,#7548,.F.);
#11124=ORIENTED_EDGE('',*,*,#7551,.F.);
#11125=ORIENTED_EDGE('',*,*,#7554,.F.);
#11126=ORIENTED_EDGE('',*,*,#7557,.F.);
#11127=ORIENTED_EDGE('',*,*,#7560,.F.);
#11128=ORIENTED_EDGE('',*,*,#7563,.F.);
#11129=ORIENTED_EDGE('',*,*,#7566,.F.);
#11130=ORIENTED_EDGE('',*,*,#7569,.F.);
#11131=ORIENTED_EDGE('',*,*,#7572,.F.);
#11132=ORIENTED_EDGE('',*,*,#7575,.F.);
#11133=ORIENTED_EDGE('',*,*,#7578,.F.);
#11134=ORIENTED_EDGE('',*,*,#7581,.F.);
#11135=ORIENTED_EDGE('',*,*,#7584,.F.);
#11136=ORIENTED_EDGE('',*,*,#7587,.F.);
#11137=ORIENTED_EDGE('',*,*,#7590,.F.);
#11138=ORIENTED_EDGE('',*,*,#7593,.F.);
#11139=ORIENTED_EDGE('',*,*,#7596,.F.);
#11140=ORIENTED_EDGE('',*,*,#7599,.F.);
#11141=ORIENTED_EDGE('',*,*,#7602,.F.);
#11142=ORIENTED_EDGE('',*,*,#7605,.F.);
#11143=ORIENTED_EDGE('',*,*,#7608,.F.);
#11144=ORIENTED_EDGE('',*,*,#7611,.F.);
#11145=ORIENTED_EDGE('',*,*,#7614,.F.);
#11146=ORIENTED_EDGE('',*,*,#7617,.F.);
#11147=ORIENTED_EDGE('',*,*,#7620,.F.);
#11148=ORIENTED_EDGE('',*,*,#7623,.F.);
#11149=ORIENTED_EDGE('',*,*,#5890,.F.);
#11150=PLANE('',#12320);
#11151=PLANE('',#12321);
#11152=PLANE('',#12329);
#11153=PLANE('',#12330);
#11154=PLANE('',#12331);
#11155=PLANE('',#12333);
#11156=PLANE('',#12341);
#11157=PLANE('',#12342);
#11158=PLANE('',#12343);
#11159=PLANE('',#12344);
#11160=PLANE('',#12345);
#11161=PLANE('',#12346);
#11162=PLANE('',#12347);
#11163=PLANE('',#12348);
#11164=PLANE('',#12349);
#11165=PLANE('',#12350);
#11166=PLANE('',#12351);
#11167=PLANE('',#12352);
#11168=PLANE('',#12353);
#11169=PLANE('',#12354);
#11170=PLANE('',#12355);
#11171=PLANE('',#12356);
#11172=PLANE('',#12360);
#11173=PLANE('',#12361);
#11174=PLANE('',#12362);
#11175=PLANE('',#12363);
#11176=PLANE('',#12364);
#11177=PLANE('',#12365);
#11178=PLANE('',#12366);
#11179=PLANE('',#12367);
#11180=PLANE('',#12368);
#11181=PLANE('',#12369);
#11182=PLANE('',#12370);
#11183=PLANE('',#12371);
#11184=PLANE('',#12372);
#11185=PLANE('',#12373);
#11186=PLANE('',#12374);
#11187=PLANE('',#12378);
#11188=PLANE('',#12379);
#11189=PLANE('',#12380);
#11190=PLANE('',#12381);
#11191=PLANE('',#12382);
#11192=PLANE('',#12383);
#11193=PLANE('',#12384);
#11194=PLANE('',#12385);
#11195=PLANE('',#12386);
#11196=PLANE('',#12387);
#11197=PLANE('',#12388);
#11198=PLANE('',#12389);
#11199=PLANE('',#12390);
#11200=PLANE('',#12391);
#11201=PLANE('',#12392);
#11202=PLANE('',#12396);
#11203=PLANE('',#12397);
#11204=PLANE('',#12398);
#11205=PLANE('',#12399);
#11206=PLANE('',#12400);
#11207=PLANE('',#12401);
#11208=PLANE('',#12402);
#11209=PLANE('',#12403);
#11210=PLANE('',#12404);
#11211=PLANE('',#12405);
#11212=PLANE('',#12406);
#11213=PLANE('',#12407);
#11214=PLANE('',#12408);
#11215=PLANE('',#12409);
#11216=PLANE('',#12410);
#11217=PLANE('',#12414);
#11218=PLANE('',#12415);
#11219=PLANE('',#12416);
#11220=PLANE('',#12417);
#11221=PLANE('',#12418);
#11222=PLANE('',#12419);
#11223=PLANE('',#12420);
#11224=PLANE('',#12421);
#11225=PLANE('',#12422);
#11226=PLANE('',#12423);
#11227=PLANE('',#12424);
#11228=PLANE('',#12425);
#11229=PLANE('',#12426);
#11230=PLANE('',#12427);
#11231=PLANE('',#12428);
#11232=PLANE('',#12432);
#11233=PLANE('',#12433);
#11234=PLANE('',#12434);
#11235=PLANE('',#12435);
#11236=PLANE('',#12436);
#11237=PLANE('',#12437);
#11238=PLANE('',#12438);
#11239=PLANE('',#12439);
#11240=PLANE('',#12440);
#11241=PLANE('',#12441);
#11242=PLANE('',#12442);
#11243=PLANE('',#12443);
#11244=PLANE('',#12444);
#11245=PLANE('',#12445);
#11246=PLANE('',#12446);
#11247=PLANE('',#12450);
#11248=PLANE('',#12451);
#11249=PLANE('',#12452);
#11250=PLANE('',#12453);
#11251=PLANE('',#12454);
#11252=PLANE('',#12455);
#11253=PLANE('',#12456);
#11254=PLANE('',#12457);
#11255=PLANE('',#12458);
#11256=PLANE('',#12459);
#11257=PLANE('',#12460);
#11258=PLANE('',#12461);
#11259=PLANE('',#12462);
#11260=PLANE('',#12463);
#11261=PLANE('',#12464);
#11262=PLANE('',#12468);
#11263=PLANE('',#12469);
#11264=PLANE('',#12470);
#11265=PLANE('',#12471);
#11266=PLANE('',#12472);
#11267=PLANE('',#12473);
#11268=PLANE('',#12474);
#11269=PLANE('',#12475);
#11270=PLANE('',#12476);
#11271=PLANE('',#12477);
#11272=PLANE('',#12478);
#11273=PLANE('',#12479);
#11274=PLANE('',#12480);
#11275=PLANE('',#12481);
#11276=PLANE('',#12482);
#11277=PLANE('',#12486);
#11278=PLANE('',#12487);
#11279=PLANE('',#12488);
#11280=PLANE('',#12489);
#11281=PLANE('',#12490);
#11282=PLANE('',#12491);
#11283=PLANE('',#12492);
#11284=PLANE('',#12493);
#11285=PLANE('',#12494);
#11286=PLANE('',#12495);
#11287=PLANE('',#12496);
#11288=PLANE('',#12497);
#11289=PLANE('',#12498);
#11290=PLANE('',#12499);
#11291=PLANE('',#12500);
#11292=PLANE('',#12504);
#11293=PLANE('',#12505);
#11294=PLANE('',#12506);
#11295=PLANE('',#12507);
#11296=PLANE('',#12508);
#11297=PLANE('',#12509);
#11298=PLANE('',#12510);
#11299=PLANE('',#12511);
#11300=PLANE('',#12512);
#11301=PLANE('',#12513);
#11302=PLANE('',#12514);
#11303=PLANE('',#12515);
#11304=PLANE('',#12516);
#11305=PLANE('',#12517);
#11306=PLANE('',#12518);
#11307=PLANE('',#12522);
#11308=PLANE('',#12523);
#11309=PLANE('',#12524);
#11310=PLANE('',#12525);
#11311=PLANE('',#12526);
#11312=PLANE('',#12527);
#11313=PLANE('',#12528);
#11314=PLANE('',#12529);
#11315=PLANE('',#12530);
#11316=PLANE('',#12531);
#11317=PLANE('',#12532);
#11318=PLANE('',#12533);
#11319=PLANE('',#12534);
#11320=PLANE('',#12535);
#11321=PLANE('',#12536);
#11322=PLANE('',#12537);
#11323=PLANE('',#12538);
#11324=PLANE('',#12539);
#11325=PLANE('',#12540);
#11326=PLANE('',#12541);
#11327=PLANE('',#12542);
#11328=PLANE('',#12543);
#11329=PLANE('',#12544);
#11330=PLANE('',#12545);
#11331=PLANE('',#12546);
#11332=PLANE('',#12547);
#11333=PLANE('',#12548);
#11334=PLANE('',#12549);
#11335=PLANE('',#12550);
#11336=PLANE('',#12551);
#11337=PLANE('',#12552);
#11338=PLANE('',#12553);
#11339=PLANE('',#12554);
#11340=PLANE('',#12555);
#11341=PLANE('',#12556);
#11342=PLANE('',#12557);
#11343=PLANE('',#12558);
#11344=PLANE('',#12559);
#11345=PLANE('',#12560);
#11346=PLANE('',#12561);
#11347=PLANE('',#12562);
#11348=PLANE('',#12563);
#11349=PLANE('',#12564);
#11350=PLANE('',#12565);
#11351=PLANE('',#12566);
#11352=PLANE('',#12567);
#11353=PLANE('',#12568);
#11354=PLANE('',#12569);
#11355=PLANE('',#12570);
#11356=PLANE('',#12571);
#11357=PLANE('',#12572);
#11358=PLANE('',#12573);
#11359=PLANE('',#12574);
#11360=PLANE('',#12575);
#11361=PLANE('',#12576);
#11362=PLANE('',#12577);
#11363=PLANE('',#12578);
#11364=PLANE('',#12579);
#11365=PLANE('',#12580);
#11366=PLANE('',#12581);
#11367=PLANE('',#12582);
#11368=PLANE('',#12583);
#11369=PLANE('',#12584);
#11370=PLANE('',#12585);
#11371=PLANE('',#12586);
#11372=PLANE('',#12587);
#11373=PLANE('',#12588);
#11374=PLANE('',#12589);
#11375=PLANE('',#12590);
#11376=PLANE('',#12591);
#11377=PLANE('',#12592);
#11378=PLANE('',#12593);
#11379=PLANE('',#12594);
#11380=PLANE('',#12595);
#11381=PLANE('',#12596);
#11382=PLANE('',#12597);
#11383=PLANE('',#12598);
#11384=PLANE('',#12599);
#11385=PLANE('',#12600);
#11386=PLANE('',#12601);
#11387=PLANE('',#12602);
#11388=PLANE('',#12603);
#11389=PLANE('',#12604);
#11390=PLANE('',#12605);
#11391=PLANE('',#12606);
#11392=PLANE('',#12607);
#11393=PLANE('',#12608);
#11394=PLANE('',#12609);
#11395=PLANE('',#12610);
#11396=PLANE('',#12611);
#11397=PLANE('',#12612);
#11398=PLANE('',#12613);
#11399=PLANE('',#12614);
#11400=PLANE('',#12615);
#11401=PLANE('',#12616);
#11402=PLANE('',#12617);
#11403=PLANE('',#12618);
#11404=PLANE('',#12619);
#11405=PLANE('',#12620);
#11406=PLANE('',#12621);
#11407=PLANE('',#12622);
#11408=PLANE('',#12623);
#11409=PLANE('',#12624);
#11410=PLANE('',#12625);
#11411=PLANE('',#12626);
#11412=PLANE('',#12627);
#11413=PLANE('',#12628);
#11414=PLANE('',#12629);
#11415=PLANE('',#12630);
#11416=PLANE('',#12631);
#11417=PLANE('',#12632);
#11418=PLANE('',#12633);
#11419=PLANE('',#12634);
#11420=PLANE('',#12635);
#11421=PLANE('',#12636);
#11422=PLANE('',#12637);
#11423=PLANE('',#12638);
#11424=PLANE('',#12639);
#11425=PLANE('',#12640);
#11426=PLANE('',#12641);
#11427=PLANE('',#12642);
#11428=PLANE('',#12643);
#11429=PLANE('',#12644);
#11430=PLANE('',#12645);
#11431=PLANE('',#12646);
#11432=PLANE('',#12647);
#11433=PLANE('',#12648);
#11434=PLANE('',#12649);
#11435=PLANE('',#12650);
#11436=PLANE('',#12651);
#11437=PLANE('',#12652);
#11438=PLANE('',#12653);
#11439=PLANE('',#12654);
#11440=PLANE('',#12655);
#11441=PLANE('',#12656);
#11442=PLANE('',#12657);
#11443=PLANE('',#12658);
#11444=PLANE('',#12659);
#11445=PLANE('',#12660);
#11446=PLANE('',#12661);
#11447=PLANE('',#12662);
#11448=PLANE('',#12663);
#11449=PLANE('',#12664);
#11450=PLANE('',#12665);
#11451=PLANE('',#12666);
#11452=PLANE('',#12667);
#11453=PLANE('',#12668);
#11454=PLANE('',#12669);
#11455=PLANE('',#12670);
#11456=PLANE('',#12671);
#11457=PLANE('',#12672);
#11458=PLANE('',#12673);
#11459=PLANE('',#12674);
#11460=PLANE('',#12675);
#11461=PLANE('',#12676);
#11462=PLANE('',#12677);
#11463=PLANE('',#12678);
#11464=PLANE('',#12679);
#11465=PLANE('',#12680);
#11466=PLANE('',#12681);
#11467=PLANE('',#12682);
#11468=PLANE('',#12683);
#11469=PLANE('',#12684);
#11470=PLANE('',#12685);
#11471=PLANE('',#12686);
#11472=PLANE('',#12687);
#11473=PLANE('',#12688);
#11474=PLANE('',#12689);
#11475=PLANE('',#12690);
#11476=PLANE('',#12691);
#11477=PLANE('',#12692);
#11478=PLANE('',#12693);
#11479=PLANE('',#12694);
#11480=PLANE('',#12695);
#11481=PLANE('',#12696);
#11482=PLANE('',#12697);
#11483=PLANE('',#12701);
#11484=PLANE('',#12702);
#11485=PLANE('',#12703);
#11486=PLANE('',#12704);
#11487=PLANE('',#12705);
#11488=PLANE('',#12706);
#11489=PLANE('',#12707);
#11490=PLANE('',#12708);
#11491=PLANE('',#12709);
#11492=PLANE('',#12710);
#11493=PLANE('',#12711);
#11494=PLANE('',#12712);
#11495=PLANE('',#12713);
#11496=PLANE('',#12714);
#11497=PLANE('',#12715);
#11498=PLANE('',#12716);
#11499=PLANE('',#12717);
#11500=PLANE('',#12718);
#11501=PLANE('',#12719);
#11502=PLANE('',#12720);
#11503=PLANE('',#12721);
#11504=PLANE('',#12722);
#11505=PLANE('',#12723);
#11506=PLANE('',#12724);
#11507=PLANE('',#12725);
#11508=PLANE('',#12726);
#11509=PLANE('',#12727);
#11510=PLANE('',#12728);
#11511=PLANE('',#12729);
#11512=PLANE('',#12730);
#11513=PLANE('',#12731);
#11514=PLANE('',#12732);
#11515=PLANE('',#12733);
#11516=PLANE('',#12734);
#11517=PLANE('',#12735);
#11518=PLANE('',#12736);
#11519=PLANE('',#12737);
#11520=PLANE('',#12738);
#11521=PLANE('',#12739);
#11522=PLANE('',#12740);
#11523=PLANE('',#12741);
#11524=PLANE('',#12742);
#11525=PLANE('',#12743);
#11526=PLANE('',#12744);
#11527=PLANE('',#12745);
#11528=PLANE('',#12746);
#11529=PLANE('',#12747);
#11530=PLANE('',#12748);
#11531=PLANE('',#12749);
#11532=PLANE('',#12750);
#11533=PLANE('',#12751);
#11534=PLANE('',#12752);
#11535=PLANE('',#12753);
#11536=PLANE('',#12754);
#11537=PLANE('',#12755);
#11538=PLANE('',#12756);
#11539=PLANE('',#12757);
#11540=PLANE('',#12758);
#11541=PLANE('',#12759);
#11542=PLANE('',#12760);
#11543=PLANE('',#12761);
#11544=PLANE('',#12762);
#11545=PLANE('',#12763);
#11546=PLANE('',#12764);
#11547=PLANE('',#12765);
#11548=PLANE('',#12766);
#11549=PLANE('',#12767);
#11550=PLANE('',#12768);
#11551=PLANE('',#12769);
#11552=PLANE('',#12770);
#11553=PLANE('',#12771);
#11554=PLANE('',#12772);
#11555=PLANE('',#12773);
#11556=PLANE('',#12774);
#11557=PLANE('',#12775);
#11558=PLANE('',#12776);
#11559=PLANE('',#12777);
#11560=PLANE('',#12778);
#11561=PLANE('',#12779);
#11562=PLANE('',#12780);
#11563=PLANE('',#12784);
#11564=PLANE('',#12785);
#11565=PLANE('',#12786);
#11566=PLANE('',#12787);
#11567=PLANE('',#12788);
#11568=PLANE('',#12789);
#11569=PLANE('',#12790);
#11570=PLANE('',#12791);
#11571=PLANE('',#12792);
#11572=PLANE('',#12793);
#11573=PLANE('',#12794);
#11574=PLANE('',#12795);
#11575=PLANE('',#12796);
#11576=PLANE('',#12797);
#11577=PLANE('',#12798);
#11578=PLANE('',#12802);
#11579=PLANE('',#12803);
#11580=PLANE('',#12804);
#11581=PLANE('',#12805);
#11582=PLANE('',#12806);
#11583=PLANE('',#12807);
#11584=PLANE('',#12808);
#11585=PLANE('',#12809);
#11586=PLANE('',#12810);
#11587=PLANE('',#12811);
#11588=PLANE('',#12812);
#11589=PLANE('',#12813);
#11590=PLANE('',#12814);
#11591=PLANE('',#12815);
#11592=PLANE('',#12816);
#11593=PLANE('',#12820);
#11594=PLANE('',#12821);
#11595=PLANE('',#12822);
#11596=PLANE('',#12823);
#11597=PLANE('',#12824);
#11598=PLANE('',#12825);
#11599=PLANE('',#12826);
#11600=PLANE('',#12827);
#11601=PLANE('',#12828);
#11602=PLANE('',#12829);
#11603=PLANE('',#12830);
#11604=PLANE('',#12831);
#11605=PLANE('',#12832);
#11606=PLANE('',#12833);
#11607=PLANE('',#12834);
#11608=PLANE('',#12838);
#11609=PLANE('',#12839);
#11610=PLANE('',#12840);
#11611=PLANE('',#12841);
#11612=PLANE('',#12842);
#11613=PLANE('',#12843);
#11614=PLANE('',#12844);
#11615=PLANE('',#12845);
#11616=PLANE('',#12846);
#11617=PLANE('',#12847);
#11618=PLANE('',#12848);
#11619=PLANE('',#12849);
#11620=PLANE('',#12850);
#11621=PLANE('',#12851);
#11622=PLANE('',#12852);
#11623=PLANE('',#12856);
#11624=PLANE('',#12857);
#11625=PLANE('',#12858);
#11626=PLANE('',#12859);
#11627=PLANE('',#12860);
#11628=PLANE('',#12861);
#11629=PLANE('',#12862);
#11630=PLANE('',#12863);
#11631=PLANE('',#12864);
#11632=PLANE('',#12865);
#11633=PLANE('',#12866);
#11634=PLANE('',#12867);
#11635=PLANE('',#12868);
#11636=PLANE('',#12869);
#11637=PLANE('',#12870);
#11638=PLANE('',#12874);
#11639=PLANE('',#12875);
#11640=PLANE('',#12876);
#11641=PLANE('',#12877);
#11642=PLANE('',#12878);
#11643=PLANE('',#12879);
#11644=PLANE('',#12880);
#11645=PLANE('',#12881);
#11646=PLANE('',#12882);
#11647=PLANE('',#12883);
#11648=PLANE('',#12884);
#11649=PLANE('',#12885);
#11650=PLANE('',#12886);
#11651=PLANE('',#12887);
#11652=PLANE('',#12888);
#11653=PLANE('',#12889);
#11654=PLANE('',#12890);
#11655=PLANE('',#12891);
#11656=PLANE('',#12892);
#11657=PLANE('',#12893);
#11658=PLANE('',#12894);
#11659=PLANE('',#12895);
#11660=PLANE('',#12896);
#11661=PLANE('',#12897);
#11662=PLANE('',#12898);
#11663=PLANE('',#12899);
#11664=PLANE('',#12900);
#11665=PLANE('',#12901);
#11666=PLANE('',#12902);
#11667=PLANE('',#12903);
#11668=PLANE('',#12904);
#11669=PLANE('',#12908);
#11670=PLANE('',#12909);
#11671=PLANE('',#12910);
#11672=PLANE('',#12911);
#11673=PLANE('',#12912);
#11674=PLANE('',#12913);
#11675=PLANE('',#12914);
#11676=PLANE('',#12915);
#11677=PLANE('',#12916);
#11678=PLANE('',#12917);
#11679=PLANE('',#12918);
#11680=PLANE('',#12919);
#11681=PLANE('',#12920);
#11682=PLANE('',#12921);
#11683=PLANE('',#12922);
#11684=PLANE('',#12926);
#11685=PLANE('',#12927);
#11686=PLANE('',#12928);
#11687=PLANE('',#12929);
#11688=PLANE('',#12930);
#11689=PLANE('',#12931);
#11690=PLANE('',#12932);
#11691=PLANE('',#12933);
#11692=PLANE('',#12934);
#11693=PLANE('',#12935);
#11694=PLANE('',#12936);
#11695=PLANE('',#12937);
#11696=PLANE('',#12938);
#11697=PLANE('',#12939);
#11698=PLANE('',#12940);
#11699=PLANE('',#12944);
#11700=PLANE('',#12945);
#11701=PLANE('',#12946);
#11702=PLANE('',#12947);
#11703=PLANE('',#12948);
#11704=PLANE('',#12949);
#11705=PLANE('',#12950);
#11706=PLANE('',#12951);
#11707=PLANE('',#12952);
#11708=PLANE('',#12953);
#11709=PLANE('',#12954);
#11710=PLANE('',#12955);
#11711=PLANE('',#12956);
#11712=PLANE('',#12957);
#11713=PLANE('',#12958);
#11714=PLANE('',#12962);
#11715=PLANE('',#12963);
#11716=ADVANCED_FACE('',(#96),#11150,.F.);
#11717=ADVANCED_FACE('',(#97),#11151,.F.);
#11718=ADVANCED_FACE('',(#98),#18,.T.);
#11719=ADVANCED_FACE('',(#99),#11152,.F.);
#11720=ADVANCED_FACE('',(#100),#11153,.F.);
#11721=ADVANCED_FACE('',(#101),#11154,.T.);
#11722=ADVANCED_FACE('',(#102),#11155,.T.);
#11723=ADVANCED_FACE('',(#103),#19,.F.);
#11724=ADVANCED_FACE('',(#104),#20,.T.);
#11725=ADVANCED_FACE('',(#105,#15),#11156,.T.);
#11726=ADVANCED_FACE('',(#106),#11157,.T.);
#11727=ADVANCED_FACE('',(#107),#11158,.T.);
#11728=ADVANCED_FACE('',(#108),#11159,.T.);
#11729=ADVANCED_FACE('',(#109),#11160,.T.);
#11730=ADVANCED_FACE('',(#110),#11161,.T.);
#11731=ADVANCED_FACE('',(#111),#11162,.T.);
#11732=ADVANCED_FACE('',(#112),#11163,.T.);
#11733=ADVANCED_FACE('',(#113),#11164,.T.);
#11734=ADVANCED_FACE('',(#114),#11165,.T.);
#11735=ADVANCED_FACE('',(#115),#11166,.T.);
#11736=ADVANCED_FACE('',(#116),#11167,.T.);
#11737=ADVANCED_FACE('',(#117),#11168,.T.);
#11738=ADVANCED_FACE('',(#118),#11169,.T.);
#11739=ADVANCED_FACE('',(#119),#11170,.T.);
#11740=ADVANCED_FACE('',(#120),#11171,.T.);
#11741=ADVANCED_FACE('',(#121),#21,.T.);
#11742=ADVANCED_FACE('',(#122),#11172,.T.);
#11743=ADVANCED_FACE('',(#123),#11173,.T.);
#11744=ADVANCED_FACE('',(#124),#11174,.T.);
#11745=ADVANCED_FACE('',(#125),#11175,.T.);
#11746=ADVANCED_FACE('',(#126),#11176,.T.);
#11747=ADVANCED_FACE('',(#127),#11177,.T.);
#11748=ADVANCED_FACE('',(#128),#11178,.T.);
#11749=ADVANCED_FACE('',(#129),#11179,.T.);
#11750=ADVANCED_FACE('',(#130),#11180,.T.);
#11751=ADVANCED_FACE('',(#131),#11181,.T.);
#11752=ADVANCED_FACE('',(#132),#11182,.T.);
#11753=ADVANCED_FACE('',(#133),#11183,.T.);
#11754=ADVANCED_FACE('',(#134),#11184,.T.);
#11755=ADVANCED_FACE('',(#135),#11185,.T.);
#11756=ADVANCED_FACE('',(#136),#11186,.T.);
#11757=ADVANCED_FACE('',(#137),#22,.T.);
#11758=ADVANCED_FACE('',(#138),#11187,.T.);
#11759=ADVANCED_FACE('',(#139),#11188,.T.);
#11760=ADVANCED_FACE('',(#140),#11189,.T.);
#11761=ADVANCED_FACE('',(#141),#11190,.T.);
#11762=ADVANCED_FACE('',(#142),#11191,.T.);
#11763=ADVANCED_FACE('',(#143),#11192,.T.);
#11764=ADVANCED_FACE('',(#144),#11193,.T.);
#11765=ADVANCED_FACE('',(#145),#11194,.T.);
#11766=ADVANCED_FACE('',(#146),#11195,.T.);
#11767=ADVANCED_FACE('',(#147),#11196,.T.);
#11768=ADVANCED_FACE('',(#148),#11197,.T.);
#11769=ADVANCED_FACE('',(#149),#11198,.T.);
#11770=ADVANCED_FACE('',(#150),#11199,.T.);
#11771=ADVANCED_FACE('',(#151),#11200,.T.);
#11772=ADVANCED_FACE('',(#152),#11201,.T.);
#11773=ADVANCED_FACE('',(#153),#23,.T.);
#11774=ADVANCED_FACE('',(#154),#11202,.T.);
#11775=ADVANCED_FACE('',(#155),#11203,.T.);
#11776=ADVANCED_FACE('',(#156),#11204,.T.);
#11777=ADVANCED_FACE('',(#157),#11205,.T.);
#11778=ADVANCED_FACE('',(#158),#11206,.T.);
#11779=ADVANCED_FACE('',(#159),#11207,.T.);
#11780=ADVANCED_FACE('',(#160),#11208,.T.);
#11781=ADVANCED_FACE('',(#161),#11209,.T.);
#11782=ADVANCED_FACE('',(#162),#11210,.T.);
#11783=ADVANCED_FACE('',(#163),#11211,.T.);
#11784=ADVANCED_FACE('',(#164),#11212,.T.);
#11785=ADVANCED_FACE('',(#165),#11213,.T.);
#11786=ADVANCED_FACE('',(#166),#11214,.T.);
#11787=ADVANCED_FACE('',(#167),#11215,.T.);
#11788=ADVANCED_FACE('',(#168),#11216,.T.);
#11789=ADVANCED_FACE('',(#169),#24,.T.);
#11790=ADVANCED_FACE('',(#170),#11217,.T.);
#11791=ADVANCED_FACE('',(#171),#11218,.T.);
#11792=ADVANCED_FACE('',(#172),#11219,.T.);
#11793=ADVANCED_FACE('',(#173),#11220,.T.);
#11794=ADVANCED_FACE('',(#174),#11221,.T.);
#11795=ADVANCED_FACE('',(#175),#11222,.T.);
#11796=ADVANCED_FACE('',(#176),#11223,.T.);
#11797=ADVANCED_FACE('',(#177),#11224,.T.);
#11798=ADVANCED_FACE('',(#178),#11225,.T.);
#11799=ADVANCED_FACE('',(#179),#11226,.T.);
#11800=ADVANCED_FACE('',(#180),#11227,.T.);
#11801=ADVANCED_FACE('',(#181),#11228,.T.);
#11802=ADVANCED_FACE('',(#182),#11229,.T.);
#11803=ADVANCED_FACE('',(#183),#11230,.T.);
#11804=ADVANCED_FACE('',(#184),#11231,.T.);
#11805=ADVANCED_FACE('',(#185),#25,.T.);
#11806=ADVANCED_FACE('',(#186),#11232,.T.);
#11807=ADVANCED_FACE('',(#187),#11233,.T.);
#11808=ADVANCED_FACE('',(#188),#11234,.T.);
#11809=ADVANCED_FACE('',(#189),#11235,.T.);
#11810=ADVANCED_FACE('',(#190),#11236,.T.);
#11811=ADVANCED_FACE('',(#191),#11237,.T.);
#11812=ADVANCED_FACE('',(#192),#11238,.T.);
#11813=ADVANCED_FACE('',(#193),#11239,.T.);
#11814=ADVANCED_FACE('',(#194),#11240,.T.);
#11815=ADVANCED_FACE('',(#195),#11241,.T.);
#11816=ADVANCED_FACE('',(#196),#11242,.T.);
#11817=ADVANCED_FACE('',(#197),#11243,.T.);
#11818=ADVANCED_FACE('',(#198),#11244,.T.);
#11819=ADVANCED_FACE('',(#199),#11245,.T.);
#11820=ADVANCED_FACE('',(#200),#11246,.T.);
#11821=ADVANCED_FACE('',(#201),#26,.T.);
#11822=ADVANCED_FACE('',(#202),#11247,.T.);
#11823=ADVANCED_FACE('',(#203),#11248,.T.);
#11824=ADVANCED_FACE('',(#204),#11249,.T.);
#11825=ADVANCED_FACE('',(#205),#11250,.T.);
#11826=ADVANCED_FACE('',(#206),#11251,.T.);
#11827=ADVANCED_FACE('',(#207),#11252,.T.);
#11828=ADVANCED_FACE('',(#208),#11253,.T.);
#11829=ADVANCED_FACE('',(#209),#11254,.T.);
#11830=ADVANCED_FACE('',(#210),#11255,.T.);
#11831=ADVANCED_FACE('',(#211),#11256,.T.);
#11832=ADVANCED_FACE('',(#212),#11257,.T.);
#11833=ADVANCED_FACE('',(#213),#11258,.T.);
#11834=ADVANCED_FACE('',(#214),#11259,.T.);
#11835=ADVANCED_FACE('',(#215),#11260,.T.);
#11836=ADVANCED_FACE('',(#216),#11261,.T.);
#11837=ADVANCED_FACE('',(#217),#27,.T.);
#11838=ADVANCED_FACE('',(#218),#11262,.T.);
#11839=ADVANCED_FACE('',(#219),#11263,.T.);
#11840=ADVANCED_FACE('',(#220),#11264,.T.);
#11841=ADVANCED_FACE('',(#221),#11265,.T.);
#11842=ADVANCED_FACE('',(#222),#11266,.T.);
#11843=ADVANCED_FACE('',(#223),#11267,.T.);
#11844=ADVANCED_FACE('',(#224),#11268,.T.);
#11845=ADVANCED_FACE('',(#225),#11269,.T.);
#11846=ADVANCED_FACE('',(#226),#11270,.T.);
#11847=ADVANCED_FACE('',(#227),#11271,.T.);
#11848=ADVANCED_FACE('',(#228),#11272,.T.);
#11849=ADVANCED_FACE('',(#229),#11273,.T.);
#11850=ADVANCED_FACE('',(#230),#11274,.T.);
#11851=ADVANCED_FACE('',(#231),#11275,.T.);
#11852=ADVANCED_FACE('',(#232),#11276,.T.);
#11853=ADVANCED_FACE('',(#233),#28,.T.);
#11854=ADVANCED_FACE('',(#234),#11277,.T.);
#11855=ADVANCED_FACE('',(#235),#11278,.T.);
#11856=ADVANCED_FACE('',(#236),#11279,.T.);
#11857=ADVANCED_FACE('',(#237),#11280,.T.);
#11858=ADVANCED_FACE('',(#238),#11281,.T.);
#11859=ADVANCED_FACE('',(#239),#11282,.T.);
#11860=ADVANCED_FACE('',(#240),#11283,.T.);
#11861=ADVANCED_FACE('',(#241),#11284,.T.);
#11862=ADVANCED_FACE('',(#242),#11285,.T.);
#11863=ADVANCED_FACE('',(#243),#11286,.T.);
#11864=ADVANCED_FACE('',(#244),#11287,.T.);
#11865=ADVANCED_FACE('',(#245),#11288,.T.);
#11866=ADVANCED_FACE('',(#246),#11289,.T.);
#11867=ADVANCED_FACE('',(#247),#11290,.T.);
#11868=ADVANCED_FACE('',(#248),#11291,.T.);
#11869=ADVANCED_FACE('',(#249),#29,.T.);
#11870=ADVANCED_FACE('',(#250),#11292,.T.);
#11871=ADVANCED_FACE('',(#251),#11293,.T.);
#11872=ADVANCED_FACE('',(#252),#11294,.T.);
#11873=ADVANCED_FACE('',(#253),#11295,.T.);
#11874=ADVANCED_FACE('',(#254),#11296,.T.);
#11875=ADVANCED_FACE('',(#255),#11297,.T.);
#11876=ADVANCED_FACE('',(#256),#11298,.T.);
#11877=ADVANCED_FACE('',(#257),#11299,.T.);
#11878=ADVANCED_FACE('',(#258),#11300,.T.);
#11879=ADVANCED_FACE('',(#259),#11301,.T.);
#11880=ADVANCED_FACE('',(#260),#11302,.T.);
#11881=ADVANCED_FACE('',(#261),#11303,.T.);
#11882=ADVANCED_FACE('',(#262),#11304,.T.);
#11883=ADVANCED_FACE('',(#263),#11305,.T.);
#11884=ADVANCED_FACE('',(#264),#11306,.T.);
#11885=ADVANCED_FACE('',(#265),#30,.T.);
#11886=ADVANCED_FACE('',(#266),#11307,.T.);
#11887=ADVANCED_FACE('',(#267),#11308,.T.);
#11888=ADVANCED_FACE('',(#268),#11309,.T.);
#11889=ADVANCED_FACE('',(#269),#11310,.T.);
#11890=ADVANCED_FACE('',(#270),#11311,.T.);
#11891=ADVANCED_FACE('',(#271),#11312,.T.);
#11892=ADVANCED_FACE('',(#272),#11313,.T.);
#11893=ADVANCED_FACE('',(#273),#11314,.T.);
#11894=ADVANCED_FACE('',(#274),#11315,.T.);
#11895=ADVANCED_FACE('',(#275),#11316,.T.);
#11896=ADVANCED_FACE('',(#276),#11317,.T.);
#11897=ADVANCED_FACE('',(#277),#11318,.T.);
#11898=ADVANCED_FACE('',(#278),#11319,.T.);
#11899=ADVANCED_FACE('',(#279),#11320,.T.);
#11900=ADVANCED_FACE('',(#280),#11321,.T.);
#11901=ADVANCED_FACE('',(#281),#11322,.T.);
#11902=ADVANCED_FACE('',(#282),#11323,.T.);
#11903=ADVANCED_FACE('',(#283),#11324,.T.);
#11904=ADVANCED_FACE('',(#284),#11325,.T.);
#11905=ADVANCED_FACE('',(#285),#11326,.T.);
#11906=ADVANCED_FACE('',(#286),#11327,.T.);
#11907=ADVANCED_FACE('',(#287),#11328,.T.);
#11908=ADVANCED_FACE('',(#288),#11329,.T.);
#11909=ADVANCED_FACE('',(#289),#11330,.T.);
#11910=ADVANCED_FACE('',(#290),#11331,.T.);
#11911=ADVANCED_FACE('',(#291),#11332,.T.);
#11912=ADVANCED_FACE('',(#292),#11333,.T.);
#11913=ADVANCED_FACE('',(#293),#11334,.T.);
#11914=ADVANCED_FACE('',(#294),#11335,.T.);
#11915=ADVANCED_FACE('',(#295),#11336,.T.);
#11916=ADVANCED_FACE('',(#296),#11337,.T.);
#11917=ADVANCED_FACE('',(#297),#11338,.T.);
#11918=ADVANCED_FACE('',(#298),#11339,.T.);
#11919=ADVANCED_FACE('',(#299),#11340,.T.);
#11920=ADVANCED_FACE('',(#300),#11341,.T.);
#11921=ADVANCED_FACE('',(#301),#11342,.T.);
#11922=ADVANCED_FACE('',(#302),#11343,.T.);
#11923=ADVANCED_FACE('',(#303),#11344,.T.);
#11924=ADVANCED_FACE('',(#304),#11345,.T.);
#11925=ADVANCED_FACE('',(#305),#11346,.T.);
#11926=ADVANCED_FACE('',(#306),#11347,.T.);
#11927=ADVANCED_FACE('',(#307),#11348,.T.);
#11928=ADVANCED_FACE('',(#308),#11349,.T.);
#11929=ADVANCED_FACE('',(#309),#11350,.T.);
#11930=ADVANCED_FACE('',(#310),#11351,.T.);
#11931=ADVANCED_FACE('',(#311),#11352,.T.);
#11932=ADVANCED_FACE('',(#312),#11353,.T.);
#11933=ADVANCED_FACE('',(#313),#11354,.T.);
#11934=ADVANCED_FACE('',(#314),#11355,.T.);
#11935=ADVANCED_FACE('',(#315),#11356,.T.);
#11936=ADVANCED_FACE('',(#316),#11357,.T.);
#11937=ADVANCED_FACE('',(#317),#11358,.T.);
#11938=ADVANCED_FACE('',(#318),#11359,.T.);
#11939=ADVANCED_FACE('',(#319),#11360,.T.);
#11940=ADVANCED_FACE('',(#320),#11361,.T.);
#11941=ADVANCED_FACE('',(#321),#11362,.T.);
#11942=ADVANCED_FACE('',(#322),#11363,.T.);
#11943=ADVANCED_FACE('',(#323),#11364,.T.);
#11944=ADVANCED_FACE('',(#324),#11365,.T.);
#11945=ADVANCED_FACE('',(#325),#11366,.T.);
#11946=ADVANCED_FACE('',(#326),#11367,.T.);
#11947=ADVANCED_FACE('',(#327),#11368,.T.);
#11948=ADVANCED_FACE('',(#328),#11369,.T.);
#11949=ADVANCED_FACE('',(#329),#11370,.T.);
#11950=ADVANCED_FACE('',(#330),#11371,.T.);
#11951=ADVANCED_FACE('',(#331),#11372,.T.);
#11952=ADVANCED_FACE('',(#332),#11373,.T.);
#11953=ADVANCED_FACE('',(#333),#11374,.T.);
#11954=ADVANCED_FACE('',(#334),#11375,.T.);
#11955=ADVANCED_FACE('',(#335),#11376,.T.);
#11956=ADVANCED_FACE('',(#336),#11377,.T.);
#11957=ADVANCED_FACE('',(#337),#11378,.T.);
#11958=ADVANCED_FACE('',(#338),#11379,.T.);
#11959=ADVANCED_FACE('',(#339),#11380,.T.);
#11960=ADVANCED_FACE('',(#340),#11381,.T.);
#11961=ADVANCED_FACE('',(#341),#11382,.T.);
#11962=ADVANCED_FACE('',(#342),#11383,.T.);
#11963=ADVANCED_FACE('',(#343),#11384,.T.);
#11964=ADVANCED_FACE('',(#344),#11385,.T.);
#11965=ADVANCED_FACE('',(#345),#11386,.T.);
#11966=ADVANCED_FACE('',(#346),#11387,.T.);
#11967=ADVANCED_FACE('',(#347),#11388,.T.);
#11968=ADVANCED_FACE('',(#348),#11389,.T.);
#11969=ADVANCED_FACE('',(#349),#11390,.T.);
#11970=ADVANCED_FACE('',(#350),#11391,.T.);
#11971=ADVANCED_FACE('',(#351),#11392,.T.);
#11972=ADVANCED_FACE('',(#352),#11393,.T.);
#11973=ADVANCED_FACE('',(#353),#11394,.T.);
#11974=ADVANCED_FACE('',(#354),#11395,.T.);
#11975=ADVANCED_FACE('',(#355),#11396,.T.);
#11976=ADVANCED_FACE('',(#356),#11397,.T.);
#11977=ADVANCED_FACE('',(#357),#11398,.T.);
#11978=ADVANCED_FACE('',(#358),#11399,.T.);
#11979=ADVANCED_FACE('',(#359),#11400,.T.);
#11980=ADVANCED_FACE('',(#360),#11401,.T.);
#11981=ADVANCED_FACE('',(#361),#11402,.T.);
#11982=ADVANCED_FACE('',(#362),#11403,.T.);
#11983=ADVANCED_FACE('',(#363),#11404,.T.);
#11984=ADVANCED_FACE('',(#364),#11405,.T.);
#11985=ADVANCED_FACE('',(#365),#11406,.T.);
#11986=ADVANCED_FACE('',(#366),#11407,.T.);
#11987=ADVANCED_FACE('',(#367),#11408,.T.);
#11988=ADVANCED_FACE('',(#368),#11409,.T.);
#11989=ADVANCED_FACE('',(#369),#11410,.T.);
#11990=ADVANCED_FACE('',(#370),#11411,.T.);
#11991=ADVANCED_FACE('',(#371),#11412,.T.);
#11992=ADVANCED_FACE('',(#372),#11413,.T.);
#11993=ADVANCED_FACE('',(#373),#11414,.T.);
#11994=ADVANCED_FACE('',(#374),#11415,.T.);
#11995=ADVANCED_FACE('',(#375),#11416,.T.);
#11996=ADVANCED_FACE('',(#376),#11417,.T.);
#11997=ADVANCED_FACE('',(#377),#11418,.T.);
#11998=ADVANCED_FACE('',(#378),#11419,.T.);
#11999=ADVANCED_FACE('',(#379),#11420,.T.);
#12000=ADVANCED_FACE('',(#380),#11421,.T.);
#12001=ADVANCED_FACE('',(#381),#11422,.T.);
#12002=ADVANCED_FACE('',(#382),#11423,.T.);
#12003=ADVANCED_FACE('',(#383),#11424,.T.);
#12004=ADVANCED_FACE('',(#384),#11425,.T.);
#12005=ADVANCED_FACE('',(#385),#11426,.T.);
#12006=ADVANCED_FACE('',(#386),#11427,.T.);
#12007=ADVANCED_FACE('',(#387),#11428,.T.);
#12008=ADVANCED_FACE('',(#388),#11429,.T.);
#12009=ADVANCED_FACE('',(#389),#11430,.T.);
#12010=ADVANCED_FACE('',(#390),#11431,.T.);
#12011=ADVANCED_FACE('',(#391),#11432,.T.);
#12012=ADVANCED_FACE('',(#392),#11433,.T.);
#12013=ADVANCED_FACE('',(#393),#11434,.T.);
#12014=ADVANCED_FACE('',(#394),#11435,.T.);
#12015=ADVANCED_FACE('',(#395),#11436,.T.);
#12016=ADVANCED_FACE('',(#396),#11437,.T.);
#12017=ADVANCED_FACE('',(#397),#11438,.T.);
#12018=ADVANCED_FACE('',(#398),#11439,.T.);
#12019=ADVANCED_FACE('',(#399),#11440,.T.);
#12020=ADVANCED_FACE('',(#400),#11441,.T.);
#12021=ADVANCED_FACE('',(#401),#11442,.T.);
#12022=ADVANCED_FACE('',(#402),#11443,.T.);
#12023=ADVANCED_FACE('',(#403),#11444,.T.);
#12024=ADVANCED_FACE('',(#404),#11445,.T.);
#12025=ADVANCED_FACE('',(#405),#11446,.T.);
#12026=ADVANCED_FACE('',(#406),#11447,.T.);
#12027=ADVANCED_FACE('',(#407),#11448,.T.);
#12028=ADVANCED_FACE('',(#408),#11449,.T.);
#12029=ADVANCED_FACE('',(#409),#11450,.T.);
#12030=ADVANCED_FACE('',(#410),#11451,.T.);
#12031=ADVANCED_FACE('',(#411),#11452,.T.);
#12032=ADVANCED_FACE('',(#412),#11453,.T.);
#12033=ADVANCED_FACE('',(#413),#11454,.T.);
#12034=ADVANCED_FACE('',(#414),#11455,.T.);
#12035=ADVANCED_FACE('',(#415),#11456,.T.);
#12036=ADVANCED_FACE('',(#416),#11457,.T.);
#12037=ADVANCED_FACE('',(#417),#11458,.T.);
#12038=ADVANCED_FACE('',(#418),#11459,.T.);
#12039=ADVANCED_FACE('',(#419),#11460,.T.);
#12040=ADVANCED_FACE('',(#420),#11461,.T.);
#12041=ADVANCED_FACE('',(#421),#11462,.T.);
#12042=ADVANCED_FACE('',(#422),#11463,.T.);
#12043=ADVANCED_FACE('',(#423),#11464,.T.);
#12044=ADVANCED_FACE('',(#424),#11465,.T.);
#12045=ADVANCED_FACE('',(#425),#11466,.T.);
#12046=ADVANCED_FACE('',(#426),#11467,.T.);
#12047=ADVANCED_FACE('',(#427),#11468,.T.);
#12048=ADVANCED_FACE('',(#428),#11469,.T.);
#12049=ADVANCED_FACE('',(#429),#11470,.T.);
#12050=ADVANCED_FACE('',(#430),#11471,.T.);
#12051=ADVANCED_FACE('',(#431),#11472,.T.);
#12052=ADVANCED_FACE('',(#432),#11473,.T.);
#12053=ADVANCED_FACE('',(#433),#11474,.T.);
#12054=ADVANCED_FACE('',(#434),#11475,.T.);
#12055=ADVANCED_FACE('',(#435),#11476,.T.);
#12056=ADVANCED_FACE('',(#436),#11477,.T.);
#12057=ADVANCED_FACE('',(#437),#11478,.T.);
#12058=ADVANCED_FACE('',(#438),#11479,.T.);
#12059=ADVANCED_FACE('',(#439),#11480,.T.);
#12060=ADVANCED_FACE('',(#440),#11481,.T.);
#12061=ADVANCED_FACE('',(#441),#11482,.T.);
#12062=ADVANCED_FACE('',(#442),#31,.T.);
#12063=ADVANCED_FACE('',(#443),#11483,.T.);
#12064=ADVANCED_FACE('',(#444),#11484,.T.);
#12065=ADVANCED_FACE('',(#445),#11485,.T.);
#12066=ADVANCED_FACE('',(#446),#11486,.T.);
#12067=ADVANCED_FACE('',(#447),#11487,.T.);
#12068=ADVANCED_FACE('',(#448),#11488,.T.);
#12069=ADVANCED_FACE('',(#449),#11489,.T.);
#12070=ADVANCED_FACE('',(#450),#11490,.T.);
#12071=ADVANCED_FACE('',(#451),#11491,.T.);
#12072=ADVANCED_FACE('',(#452),#11492,.T.);
#12073=ADVANCED_FACE('',(#453),#11493,.T.);
#12074=ADVANCED_FACE('',(#454),#11494,.T.);
#12075=ADVANCED_FACE('',(#455),#11495,.T.);
#12076=ADVANCED_FACE('',(#456),#11496,.T.);
#12077=ADVANCED_FACE('',(#457),#11497,.T.);
#12078=ADVANCED_FACE('',(#458),#11498,.T.);
#12079=ADVANCED_FACE('',(#459),#11499,.T.);
#12080=ADVANCED_FACE('',(#460),#11500,.T.);
#12081=ADVANCED_FACE('',(#461),#11501,.T.);
#12082=ADVANCED_FACE('',(#462),#11502,.T.);
#12083=ADVANCED_FACE('',(#463),#11503,.T.);
#12084=ADVANCED_FACE('',(#464),#11504,.T.);
#12085=ADVANCED_FACE('',(#465),#11505,.T.);
#12086=ADVANCED_FACE('',(#466),#11506,.T.);
#12087=ADVANCED_FACE('',(#467),#11507,.T.);
#12088=ADVANCED_FACE('',(#468),#11508,.T.);
#12089=ADVANCED_FACE('',(#469),#11509,.T.);
#12090=ADVANCED_FACE('',(#470),#11510,.T.);
#12091=ADVANCED_FACE('',(#471),#11511,.T.);
#12092=ADVANCED_FACE('',(#472),#11512,.T.);
#12093=ADVANCED_FACE('',(#473),#11513,.T.);
#12094=ADVANCED_FACE('',(#474),#11514,.T.);
#12095=ADVANCED_FACE('',(#475),#11515,.T.);
#12096=ADVANCED_FACE('',(#476),#11516,.T.);
#12097=ADVANCED_FACE('',(#477),#11517,.T.);
#12098=ADVANCED_FACE('',(#478),#11518,.T.);
#12099=ADVANCED_FACE('',(#479),#11519,.T.);
#12100=ADVANCED_FACE('',(#480),#11520,.T.);
#12101=ADVANCED_FACE('',(#481),#11521,.T.);
#12102=ADVANCED_FACE('',(#482),#11522,.T.);
#12103=ADVANCED_FACE('',(#483),#11523,.T.);
#12104=ADVANCED_FACE('',(#484),#11524,.T.);
#12105=ADVANCED_FACE('',(#485),#11525,.T.);
#12106=ADVANCED_FACE('',(#486),#11526,.T.);
#12107=ADVANCED_FACE('',(#487),#11527,.T.);
#12108=ADVANCED_FACE('',(#488),#11528,.T.);
#12109=ADVANCED_FACE('',(#489),#11529,.T.);
#12110=ADVANCED_FACE('',(#490),#11530,.T.);
#12111=ADVANCED_FACE('',(#491),#11531,.T.);
#12112=ADVANCED_FACE('',(#492),#11532,.T.);
#12113=ADVANCED_FACE('',(#493),#11533,.T.);
#12114=ADVANCED_FACE('',(#494),#11534,.T.);
#12115=ADVANCED_FACE('',(#495),#11535,.T.);
#12116=ADVANCED_FACE('',(#496),#11536,.T.);
#12117=ADVANCED_FACE('',(#497),#11537,.T.);
#12118=ADVANCED_FACE('',(#498),#11538,.T.);
#12119=ADVANCED_FACE('',(#499),#11539,.T.);
#12120=ADVANCED_FACE('',(#500),#11540,.T.);
#12121=ADVANCED_FACE('',(#501),#11541,.T.);
#12122=ADVANCED_FACE('',(#502),#11542,.T.);
#12123=ADVANCED_FACE('',(#503),#11543,.T.);
#12124=ADVANCED_FACE('',(#504),#11544,.T.);
#12125=ADVANCED_FACE('',(#505),#11545,.T.);
#12126=ADVANCED_FACE('',(#506),#11546,.T.);
#12127=ADVANCED_FACE('',(#507),#11547,.T.);
#12128=ADVANCED_FACE('',(#508),#11548,.T.);
#12129=ADVANCED_FACE('',(#509),#11549,.T.);
#12130=ADVANCED_FACE('',(#510),#11550,.T.);
#12131=ADVANCED_FACE('',(#511),#11551,.T.);
#12132=ADVANCED_FACE('',(#512),#11552,.T.);
#12133=ADVANCED_FACE('',(#513),#11553,.T.);
#12134=ADVANCED_FACE('',(#514),#11554,.T.);
#12135=ADVANCED_FACE('',(#515),#11555,.T.);
#12136=ADVANCED_FACE('',(#516),#11556,.T.);
#12137=ADVANCED_FACE('',(#517),#11557,.T.);
#12138=ADVANCED_FACE('',(#518),#11558,.T.);
#12139=ADVANCED_FACE('',(#519),#11559,.T.);
#12140=ADVANCED_FACE('',(#520),#11560,.T.);
#12141=ADVANCED_FACE('',(#521),#11561,.T.);
#12142=ADVANCED_FACE('',(#522),#11562,.T.);
#12143=ADVANCED_FACE('',(#523),#32,.T.);
#12144=ADVANCED_FACE('',(#524),#11563,.T.);
#12145=ADVANCED_FACE('',(#525),#11564,.T.);
#12146=ADVANCED_FACE('',(#526),#11565,.T.);
#12147=ADVANCED_FACE('',(#527),#11566,.T.);
#12148=ADVANCED_FACE('',(#528),#11567,.T.);
#12149=ADVANCED_FACE('',(#529),#11568,.T.);
#12150=ADVANCED_FACE('',(#530),#11569,.T.);
#12151=ADVANCED_FACE('',(#531),#11570,.T.);
#12152=ADVANCED_FACE('',(#532),#11571,.T.);
#12153=ADVANCED_FACE('',(#533),#11572,.T.);
#12154=ADVANCED_FACE('',(#534),#11573,.T.);
#12155=ADVANCED_FACE('',(#535),#11574,.T.);
#12156=ADVANCED_FACE('',(#536),#11575,.T.);
#12157=ADVANCED_FACE('',(#537),#11576,.T.);
#12158=ADVANCED_FACE('',(#538),#11577,.T.);
#12159=ADVANCED_FACE('',(#539),#33,.T.);
#12160=ADVANCED_FACE('',(#540),#11578,.T.);
#12161=ADVANCED_FACE('',(#541),#11579,.T.);
#12162=ADVANCED_FACE('',(#542),#11580,.T.);
#12163=ADVANCED_FACE('',(#543),#11581,.T.);
#12164=ADVANCED_FACE('',(#544),#11582,.T.);
#12165=ADVANCED_FACE('',(#545),#11583,.T.);
#12166=ADVANCED_FACE('',(#546),#11584,.T.);
#12167=ADVANCED_FACE('',(#547),#11585,.T.);
#12168=ADVANCED_FACE('',(#548),#11586,.T.);
#12169=ADVANCED_FACE('',(#549),#11587,.T.);
#12170=ADVANCED_FACE('',(#550),#11588,.T.);
#12171=ADVANCED_FACE('',(#551),#11589,.T.);
#12172=ADVANCED_FACE('',(#552),#11590,.T.);
#12173=ADVANCED_FACE('',(#553),#11591,.T.);
#12174=ADVANCED_FACE('',(#554),#11592,.T.);
#12175=ADVANCED_FACE('',(#555),#34,.T.);
#12176=ADVANCED_FACE('',(#556),#11593,.T.);
#12177=ADVANCED_FACE('',(#557),#11594,.T.);
#12178=ADVANCED_FACE('',(#558),#11595,.T.);
#12179=ADVANCED_FACE('',(#559),#11596,.T.);
#12180=ADVANCED_FACE('',(#560),#11597,.T.);
#12181=ADVANCED_FACE('',(#561),#11598,.T.);
#12182=ADVANCED_FACE('',(#562),#11599,.T.);
#12183=ADVANCED_FACE('',(#563),#11600,.T.);
#12184=ADVANCED_FACE('',(#564),#11601,.T.);
#12185=ADVANCED_FACE('',(#565),#11602,.T.);
#12186=ADVANCED_FACE('',(#566),#11603,.T.);
#12187=ADVANCED_FACE('',(#567),#11604,.T.);
#12188=ADVANCED_FACE('',(#568),#11605,.T.);
#12189=ADVANCED_FACE('',(#569),#11606,.T.);
#12190=ADVANCED_FACE('',(#570),#11607,.T.);
#12191=ADVANCED_FACE('',(#571),#35,.T.);
#12192=ADVANCED_FACE('',(#572),#11608,.T.);
#12193=ADVANCED_FACE('',(#573),#11609,.T.);
#12194=ADVANCED_FACE('',(#574),#11610,.T.);
#12195=ADVANCED_FACE('',(#575),#11611,.T.);
#12196=ADVANCED_FACE('',(#576),#11612,.T.);
#12197=ADVANCED_FACE('',(#577),#11613,.T.);
#12198=ADVANCED_FACE('',(#578),#11614,.T.);
#12199=ADVANCED_FACE('',(#579),#11615,.T.);
#12200=ADVANCED_FACE('',(#580),#11616,.T.);
#12201=ADVANCED_FACE('',(#581),#11617,.T.);
#12202=ADVANCED_FACE('',(#582),#11618,.T.);
#12203=ADVANCED_FACE('',(#583),#11619,.T.);
#12204=ADVANCED_FACE('',(#584),#11620,.T.);
#12205=ADVANCED_FACE('',(#585),#11621,.T.);
#12206=ADVANCED_FACE('',(#586),#11622,.T.);
#12207=ADVANCED_FACE('',(#587),#36,.T.);
#12208=ADVANCED_FACE('',(#588),#11623,.T.);
#12209=ADVANCED_FACE('',(#589),#11624,.T.);
#12210=ADVANCED_FACE('',(#590),#11625,.T.);
#12211=ADVANCED_FACE('',(#591),#11626,.T.);
#12212=ADVANCED_FACE('',(#592),#11627,.T.);
#12213=ADVANCED_FACE('',(#593),#11628,.T.);
#12214=ADVANCED_FACE('',(#594),#11629,.T.);
#12215=ADVANCED_FACE('',(#595),#11630,.T.);
#12216=ADVANCED_FACE('',(#596),#11631,.T.);
#12217=ADVANCED_FACE('',(#597),#11632,.T.);
#12218=ADVANCED_FACE('',(#598),#11633,.T.);
#12219=ADVANCED_FACE('',(#599),#11634,.T.);
#12220=ADVANCED_FACE('',(#600),#11635,.T.);
#12221=ADVANCED_FACE('',(#601),#11636,.T.);
#12222=ADVANCED_FACE('',(#602),#11637,.T.);
#12223=ADVANCED_FACE('',(#603),#37,.T.);
#12224=ADVANCED_FACE('',(#604),#11638,.T.);
#12225=ADVANCED_FACE('',(#605),#11639,.T.);
#12226=ADVANCED_FACE('',(#606),#11640,.T.);
#12227=ADVANCED_FACE('',(#607),#11641,.T.);
#12228=ADVANCED_FACE('',(#608),#11642,.T.);
#12229=ADVANCED_FACE('',(#609),#11643,.T.);
#12230=ADVANCED_FACE('',(#610),#11644,.T.);
#12231=ADVANCED_FACE('',(#611),#11645,.T.);
#12232=ADVANCED_FACE('',(#612),#11646,.T.);
#12233=ADVANCED_FACE('',(#613),#11647,.T.);
#12234=ADVANCED_FACE('',(#614),#11648,.T.);
#12235=ADVANCED_FACE('',(#615),#11649,.T.);
#12236=ADVANCED_FACE('',(#616),#11650,.T.);
#12237=ADVANCED_FACE('',(#617),#11651,.T.);
#12238=ADVANCED_FACE('',(#618),#11652,.T.);
#12239=ADVANCED_FACE('',(#619),#11653,.T.);
#12240=ADVANCED_FACE('',(#620),#11654,.T.);
#12241=ADVANCED_FACE('',(#621),#11655,.T.);
#12242=ADVANCED_FACE('',(#622),#11656,.T.);
#12243=ADVANCED_FACE('',(#623),#11657,.T.);
#12244=ADVANCED_FACE('',(#624),#11658,.T.);
#12245=ADVANCED_FACE('',(#625),#11659,.T.);
#12246=ADVANCED_FACE('',(#626),#11660,.T.);
#12247=ADVANCED_FACE('',(#627),#11661,.T.);
#12248=ADVANCED_FACE('',(#628),#11662,.T.);
#12249=ADVANCED_FACE('',(#629),#11663,.T.);
#12250=ADVANCED_FACE('',(#630),#11664,.T.);
#12251=ADVANCED_FACE('',(#631),#11665,.T.);
#12252=ADVANCED_FACE('',(#632),#11666,.T.);
#12253=ADVANCED_FACE('',(#633),#11667,.T.);
#12254=ADVANCED_FACE('',(#634),#11668,.T.);
#12255=ADVANCED_FACE('',(#635),#38,.T.);
#12256=ADVANCED_FACE('',(#636),#11669,.T.);
#12257=ADVANCED_FACE('',(#637),#11670,.T.);
#12258=ADVANCED_FACE('',(#638),#11671,.T.);
#12259=ADVANCED_FACE('',(#639),#11672,.T.);
#12260=ADVANCED_FACE('',(#640),#11673,.T.);
#12261=ADVANCED_FACE('',(#641),#11674,.T.);
#12262=ADVANCED_FACE('',(#642),#11675,.T.);
#12263=ADVANCED_FACE('',(#643),#11676,.T.);
#12264=ADVANCED_FACE('',(#644),#11677,.T.);
#12265=ADVANCED_FACE('',(#645),#11678,.T.);
#12266=ADVANCED_FACE('',(#646),#11679,.T.);
#12267=ADVANCED_FACE('',(#647),#11680,.T.);
#12268=ADVANCED_FACE('',(#648),#11681,.T.);
#12269=ADVANCED_FACE('',(#649),#11682,.T.);
#12270=ADVANCED_FACE('',(#650),#11683,.T.);
#12271=ADVANCED_FACE('',(#651),#39,.T.);
#12272=ADVANCED_FACE('',(#652),#11684,.T.);
#12273=ADVANCED_FACE('',(#653),#11685,.T.);
#12274=ADVANCED_FACE('',(#654),#11686,.T.);
#12275=ADVANCED_FACE('',(#655),#11687,.T.);
#12276=ADVANCED_FACE('',(#656),#11688,.T.);
#12277=ADVANCED_FACE('',(#657),#11689,.T.);
#12278=ADVANCED_FACE('',(#658),#11690,.T.);
#12279=ADVANCED_FACE('',(#659),#11691,.T.);
#12280=ADVANCED_FACE('',(#660),#11692,.T.);
#12281=ADVANCED_FACE('',(#661),#11693,.T.);
#12282=ADVANCED_FACE('',(#662),#11694,.T.);
#12283=ADVANCED_FACE('',(#663),#11695,.T.);
#12284=ADVANCED_FACE('',(#664),#11696,.T.);
#12285=ADVANCED_FACE('',(#665),#11697,.T.);
#12286=ADVANCED_FACE('',(#666),#11698,.T.);
#12287=ADVANCED_FACE('',(#667),#40,.T.);
#12288=ADVANCED_FACE('',(#668),#11699,.T.);
#12289=ADVANCED_FACE('',(#669),#11700,.T.);
#12290=ADVANCED_FACE('',(#670),#11701,.T.);
#12291=ADVANCED_FACE('',(#671),#11702,.T.);
#12292=ADVANCED_FACE('',(#672),#11703,.T.);
#12293=ADVANCED_FACE('',(#673),#11704,.T.);
#12294=ADVANCED_FACE('',(#674),#11705,.T.);
#12295=ADVANCED_FACE('',(#675),#11706,.T.);
#12296=ADVANCED_FACE('',(#676),#11707,.T.);
#12297=ADVANCED_FACE('',(#677),#11708,.T.);
#12298=ADVANCED_FACE('',(#678),#11709,.T.);
#12299=ADVANCED_FACE('',(#679),#11710,.T.);
#12300=ADVANCED_FACE('',(#680),#11711,.T.);
#12301=ADVANCED_FACE('',(#681),#11712,.T.);
#12302=ADVANCED_FACE('',(#682),#11713,.T.);
#12303=ADVANCED_FACE('',(#683),#41,.T.);
#12304=ADVANCED_FACE('',(#684,#16),#11714,.T.);
#12305=ADVANCED_FACE('',(#685,#17),#11715,.F.);
#12306=CLOSED_SHELL('',(#11716,#11717,#11718,#11719,#11720,#11721,#11722,
#11723,#11724,#11725,#11726,#11727,#11728,#11729,#11730,#11731,#11732,#11733,
#11734,#11735,#11736,#11737,#11738,#11739,#11740,#11741,#11742,#11743,#11744,
#11745,#11746,#11747,#11748,#11749,#11750,#11751,#11752,#11753,#11754,#11755,
#11756,#11757,#11758,#11759,#11760,#11761,#11762,#11763,#11764,#11765,#11766,
#11767,#11768,#11769,#11770,#11771,#11772,#11773,#11774,#11775,#11776,#11777,
#11778,#11779,#11780,#11781,#11782,#11783,#11784,#11785,#11786,#11787,#11788,
#11789,#11790,#11791,#11792,#11793,#11794,#11795,#11796,#11797,#11798,#11799,
#11800,#11801,#11802,#11803,#11804,#11805,#11806,#11807,#11808,#11809,#11810,
#11811,#11812,#11813,#11814,#11815,#11816,#11817,#11818,#11819,#11820,#11821,
#11822,#11823,#11824,#11825,#11826,#11827,#11828,#11829,#11830,#11831,#11832,
#11833,#11834,#11835,#11836,#11837,#11838,#11839,#11840,#11841,#11842,#11843,
#11844,#11845,#11846,#11847,#11848,#11849,#11850,#11851,#11852,#11853,#11854,
#11855,#11856,#11857,#11858,#11859,#11860,#11861,#11862,#11863,#11864,#11865,
#11866,#11867,#11868,#11869,#11870,#11871,#11872,#11873,#11874,#11875,#11876,
#11877,#11878,#11879,#11880,#11881,#11882,#11883,#11884,#11885,#11886,#11887,
#11888,#11889,#11890,#11891,#11892,#11893,#11894,#11895,#11896,#11897,#11898,
#11899,#11900,#11901,#11902,#11903,#11904,#11905,#11906,#11907,#11908,#11909,
#11910,#11911,#11912,#11913,#11914,#11915,#11916,#11917,#11918,#11919,#11920,
#11921,#11922,#11923,#11924,#11925,#11926,#11927,#11928,#11929,#11930,#11931,
#11932,#11933,#11934,#11935,#11936,#11937,#11938,#11939,#11940,#11941,#11942,
#11943,#11944,#11945,#11946,#11947,#11948,#11949,#11950,#11951,#11952,#11953,
#11954,#11955,#11956,#11957,#11958,#11959,#11960,#11961,#11962,#11963,#11964,
#11965,#11966,#11967,#11968,#11969,#11970,#11971,#11972,#11973,#11974,#11975,
#11976,#11977,#11978,#11979,#11980,#11981,#11982,#11983,#11984,#11985,#11986,
#11987,#11988,#11989,#11990,#11991,#11992,#11993,#11994,#11995,#11996,#11997,
#11998,#11999,#12000,#12001,#12002,#12003,#12004,#12005,#12006,#12007,#12008,
#12009,#12010,#12011,#12012,#12013,#12014,#12015,#12016,#12017,#12018,#12019,
#12020,#12021,#12022,#12023,#12024,#12025,#12026,#12027,#12028,#12029,#12030,
#12031,#12032,#12033,#12034,#12035,#12036,#12037,#12038,#12039,#12040,#12041,
#12042,#12043,#12044,#12045,#12046,#12047,#12048,#12049,#12050,#12051,#12052,
#12053,#12054,#12055,#12056,#12057,#12058,#12059,#12060,#12061,#12062,#12063,
#12064,#12065,#12066,#12067,#12068,#12069,#12070,#12071,#12072,#12073,#12074,
#12075,#12076,#12077,#12078,#12079,#12080,#12081,#12082,#12083,#12084,#12085,
#12086,#12087,#12088,#12089,#12090,#12091,#12092,#12093,#12094,#12095,#12096,
#12097,#12098,#12099,#12100,#12101,#12102,#12103,#12104,#12105,#12106,#12107,
#12108,#12109,#12110,#12111,#12112,#12113,#12114,#12115,#12116,#12117,#12118,
#12119,#12120,#12121,#12122,#12123,#12124,#12125,#12126,#12127,#12128,#12129,
#12130,#12131,#12132,#12133,#12134,#12135,#12136,#12137,#12138,#12139,#12140,
#12141,#12142,#12143,#12144,#12145,#12146,#12147,#12148,#12149,#12150,#12151,
#12152,#12153,#12154,#12155,#12156,#12157,#12158,#12159,#12160,#12161,#12162,
#12163,#12164,#12165,#12166,#12167,#12168,#12169,#12170,#12171,#12172,#12173,
#12174,#12175,#12176,#12177,#12178,#12179,#12180,#12181,#12182,#12183,#12184,
#12185,#12186,#12187,#12188,#12189,#12190,#12191,#12192,#12193,#12194,#12195,
#12196,#12197,#12198,#12199,#12200,#12201,#12202,#12203,#12204,#12205,#12206,
#12207,#12208,#12209,#12210,#12211,#12212,#12213,#12214,#12215,#12216,#12217,
#12218,#12219,#12220,#12221,#12222,#12223,#12224,#12225,#12226,#12227,#12228,
#12229,#12230,#12231,#12232,#12233,#12234,#12235,#12236,#12237,#12238,#12239,
#12240,#12241,#12242,#12243,#12244,#12245,#12246,#12247,#12248,#12249,#12250,
#12251,#12252,#12253,#12254,#12255,#12256,#12257,#12258,#12259,#12260,#12261,
#12262,#12263,#12264,#12265,#12266,#12267,#12268,#12269,#12270,#12271,#12272,
#12273,#12274,#12275,#12276,#12277,#12278,#12279,#12280,#12281,#12282,#12283,
#12284,#12285,#12286,#12287,#12288,#12289,#12290,#12291,#12292,#12293,#12294,
#12295,#12296,#12297,#12298,#12299,#12300,#12301,#12302,#12303,#12304,#12305));
#12307=DERIVED_UNIT_ELEMENT(#12309,1.);
#12308=DERIVED_UNIT_ELEMENT(#19492,-3.);
#12309=(
MASS_UNIT()
NAMED_UNIT(*)
SI_UNIT(.KILO.,.GRAM.)
);
#12310=DERIVED_UNIT((#12307,#12308));
#12311=MEASURE_REPRESENTATION_ITEM('density measure',
POSITIVE_RATIO_MEASURE(7850.),#12310);
#12312=PROPERTY_DEFINITION_REPRESENTATION(#12317,#12314);
#12313=PROPERTY_DEFINITION_REPRESENTATION(#12318,#12315);
#12314=REPRESENTATION('material name',(#12316),#19489);
#12315=REPRESENTATION('density',(#12311),#19489);
#12316=DESCRIPTIVE_REPRESENTATION_ITEM('Acier','Acier');
#12317=PROPERTY_DEFINITION('material property','material name',#19499);
#12318=PROPERTY_DEFINITION('material property','density of part',#19499);
#12319=AXIS2_PLACEMENT_3D('',#15961,#12964,#12965);
#12320=AXIS2_PLACEMENT_3D('',#15962,#12966,#12967);
#12321=AXIS2_PLACEMENT_3D('',#15971,#12972,#12973);
#12322=AXIS2_PLACEMENT_3D('',#15973,#12974,#12975);
#12323=AXIS2_PLACEMENT_3D('',#15976,#12977,#12978);
#12324=AXIS2_PLACEMENT_3D('',#15977,#12979,#12980);
#12325=AXIS2_PLACEMENT_3D('',#15979,#12981,#12982);
#12326=AXIS2_PLACEMENT_3D('',#15983,#12984,#12985);
#12327=AXIS2_PLACEMENT_3D('',#15986,#12987,#12988);
#12328=AXIS2_PLACEMENT_3D('',#15988,#12989,#12990);
#12329=AXIS2_PLACEMENT_3D('',#15990,#12992,#12993);
#12330=AXIS2_PLACEMENT_3D('',#15994,#12996,#12997);
#12331=AXIS2_PLACEMENT_3D('',#16000,#13001,#13002);
#12332=AXIS2_PLACEMENT_3D('',#16001,#13003,#13004);
#12333=AXIS2_PLACEMENT_3D('',#16002,#13005,#13006);
#12334=AXIS2_PLACEMENT_3D('',#16004,#13007,#13008);
#12335=AXIS2_PLACEMENT_3D('',#16005,#13009,#13010);
#12336=AXIS2_PLACEMENT_3D('',#16006,#13011,#13012);
#12337=AXIS2_PLACEMENT_3D('',#16009,#13014,#13015);
#12338=AXIS2_PLACEMENT_3D('',#16010,#13016,#13017);
#12339=AXIS2_PLACEMENT_3D('',#16012,#13018,#13019);
#12340=AXIS2_PLACEMENT_3D('',#16015,#13021,#13022);
#12341=AXIS2_PLACEMENT_3D('',#16016,#13023,#13024);
#12342=AXIS2_PLACEMENT_3D('',#16017,#13025,#13026);
#12343=AXIS2_PLACEMENT_3D('',#16026,#13031,#13032);
#12344=AXIS2_PLACEMENT_3D('',#16032,#13036,#13037);
#12345=AXIS2_PLACEMENT_3D('',#16038,#13041,#13042);
#12346=AXIS2_PLACEMENT_3D('',#16044,#13046,#13047);
#12347=AXIS2_PLACEMENT_3D('',#16050,#13051,#13052);
#12348=AXIS2_PLACEMENT_3D('',#16056,#13056,#13057);
#12349=AXIS2_PLACEMENT_3D('',#16062,#13061,#13062);
#12350=AXIS2_PLACEMENT_3D('',#16068,#13066,#13067);
#12351=AXIS2_PLACEMENT_3D('',#16074,#13071,#13072);
#12352=AXIS2_PLACEMENT_3D('',#16080,#13076,#13077);
#12353=AXIS2_PLACEMENT_3D('',#16086,#13081,#13082);
#12354=AXIS2_PLACEMENT_3D('',#16092,#13086,#13087);
#12355=AXIS2_PLACEMENT_3D('',#16098,#13091,#13092);
#12356=AXIS2_PLACEMENT_3D('',#16104,#13096,#13097);
#12357=AXIS2_PLACEMENT_3D('',#16110,#13101,#13102);
#12358=AXIS2_PLACEMENT_3D('',#16112,#13103,#13104);
#12359=AXIS2_PLACEMENT_3D('',#16114,#13105,#13106);
#12360=AXIS2_PLACEMENT_3D('',#16116,#13108,#13109);
#12361=AXIS2_PLACEMENT_3D('',#16122,#13113,#13114);
#12362=AXIS2_PLACEMENT_3D('',#16128,#13118,#13119);
#12363=AXIS2_PLACEMENT_3D('',#16134,#13123,#13124);
#12364=AXIS2_PLACEMENT_3D('',#16140,#13128,#13129);
#12365=AXIS2_PLACEMENT_3D('',#16146,#13133,#13134);
#12366=AXIS2_PLACEMENT_3D('',#16152,#13138,#13139);
#12367=AXIS2_PLACEMENT_3D('',#16158,#13143,#13144);
#12368=AXIS2_PLACEMENT_3D('',#16164,#13148,#13149);
#12369=AXIS2_PLACEMENT_3D('',#16170,#13153,#13154);
#12370=AXIS2_PLACEMENT_3D('',#16176,#13158,#13159);
#12371=AXIS2_PLACEMENT_3D('',#16182,#13163,#13164);
#12372=AXIS2_PLACEMENT_3D('',#16188,#13168,#13169);
#12373=AXIS2_PLACEMENT_3D('',#16194,#13173,#13174);
#12374=AXIS2_PLACEMENT_3D('',#16200,#13178,#13179);
#12375=AXIS2_PLACEMENT_3D('',#16206,#13183,#13184);
#12376=AXIS2_PLACEMENT_3D('',#16208,#13185,#13186);
#12377=AXIS2_PLACEMENT_3D('',#16210,#13187,#13188);
#12378=AXIS2_PLACEMENT_3D('',#16212,#13190,#13191);
#12379=AXIS2_PLACEMENT_3D('',#16218,#13195,#13196);
#12380=AXIS2_PLACEMENT_3D('',#16224,#13200,#13201);
#12381=AXIS2_PLACEMENT_3D('',#16230,#13205,#13206);
#12382=AXIS2_PLACEMENT_3D('',#16236,#13210,#13211);
#12383=AXIS2_PLACEMENT_3D('',#16242,#13215,#13216);
#12384=AXIS2_PLACEMENT_3D('',#16248,#13220,#13221);
#12385=AXIS2_PLACEMENT_3D('',#16254,#13225,#13226);
#12386=AXIS2_PLACEMENT_3D('',#16260,#13230,#13231);
#12387=AXIS2_PLACEMENT_3D('',#16266,#13235,#13236);
#12388=AXIS2_PLACEMENT_3D('',#16272,#13240,#13241);
#12389=AXIS2_PLACEMENT_3D('',#16278,#13245,#13246);
#12390=AXIS2_PLACEMENT_3D('',#16284,#13250,#13251);
#12391=AXIS2_PLACEMENT_3D('',#16290,#13255,#13256);
#12392=AXIS2_PLACEMENT_3D('',#16296,#13260,#13261);
#12393=AXIS2_PLACEMENT_3D('',#16302,#13265,#13266);
#12394=AXIS2_PLACEMENT_3D('',#16304,#13267,#13268);
#12395=AXIS2_PLACEMENT_3D('',#16306,#13269,#13270);
#12396=AXIS2_PLACEMENT_3D('',#16308,#13272,#13273);
#12397=AXIS2_PLACEMENT_3D('',#16314,#13277,#13278);
#12398=AXIS2_PLACEMENT_3D('',#16320,#13282,#13283);
#12399=AXIS2_PLACEMENT_3D('',#16326,#13287,#13288);
#12400=AXIS2_PLACEMENT_3D('',#16332,#13292,#13293);
#12401=AXIS2_PLACEMENT_3D('',#16338,#13297,#13298);
#12402=AXIS2_PLACEMENT_3D('',#16344,#13302,#13303);
#12403=AXIS2_PLACEMENT_3D('',#16350,#13307,#13308);
#12404=AXIS2_PLACEMENT_3D('',#16356,#13312,#13313);
#12405=AXIS2_PLACEMENT_3D('',#16362,#13317,#13318);
#12406=AXIS2_PLACEMENT_3D('',#16368,#13322,#13323);
#12407=AXIS2_PLACEMENT_3D('',#16374,#13327,#13328);
#12408=AXIS2_PLACEMENT_3D('',#16380,#13332,#13333);
#12409=AXIS2_PLACEMENT_3D('',#16386,#13337,#13338);
#12410=AXIS2_PLACEMENT_3D('',#16392,#13342,#13343);
#12411=AXIS2_PLACEMENT_3D('',#16398,#13347,#13348);
#12412=AXIS2_PLACEMENT_3D('',#16400,#13349,#13350);
#12413=AXIS2_PLACEMENT_3D('',#16402,#13351,#13352);
#12414=AXIS2_PLACEMENT_3D('',#16404,#13354,#13355);
#12415=AXIS2_PLACEMENT_3D('',#16410,#13359,#13360);
#12416=AXIS2_PLACEMENT_3D('',#16416,#13364,#13365);
#12417=AXIS2_PLACEMENT_3D('',#16422,#13369,#13370);
#12418=AXIS2_PLACEMENT_3D('',#16428,#13374,#13375);
#12419=AXIS2_PLACEMENT_3D('',#16434,#13379,#13380);
#12420=AXIS2_PLACEMENT_3D('',#16440,#13384,#13385);
#12421=AXIS2_PLACEMENT_3D('',#16446,#13389,#13390);
#12422=AXIS2_PLACEMENT_3D('',#16452,#13394,#13395);
#12423=AXIS2_PLACEMENT_3D('',#16458,#13399,#13400);
#12424=AXIS2_PLACEMENT_3D('',#16464,#13404,#13405);
#12425=AXIS2_PLACEMENT_3D('',#16470,#13409,#13410);
#12426=AXIS2_PLACEMENT_3D('',#16476,#13414,#13415);
#12427=AXIS2_PLACEMENT_3D('',#16482,#13419,#13420);
#12428=AXIS2_PLACEMENT_3D('',#16488,#13424,#13425);
#12429=AXIS2_PLACEMENT_3D('',#16494,#13429,#13430);
#12430=AXIS2_PLACEMENT_3D('',#16496,#13431,#13432);
#12431=AXIS2_PLACEMENT_3D('',#16498,#13433,#13434);
#12432=AXIS2_PLACEMENT_3D('',#16500,#13436,#13437);
#12433=AXIS2_PLACEMENT_3D('',#16506,#13441,#13442);
#12434=AXIS2_PLACEMENT_3D('',#16512,#13446,#13447);
#12435=AXIS2_PLACEMENT_3D('',#16518,#13451,#13452);
#12436=AXIS2_PLACEMENT_3D('',#16524,#13456,#13457);
#12437=AXIS2_PLACEMENT_3D('',#16530,#13461,#13462);
#12438=AXIS2_PLACEMENT_3D('',#16536,#13466,#13467);
#12439=AXIS2_PLACEMENT_3D('',#16542,#13471,#13472);
#12440=AXIS2_PLACEMENT_3D('',#16548,#13476,#13477);
#12441=AXIS2_PLACEMENT_3D('',#16554,#13481,#13482);
#12442=AXIS2_PLACEMENT_3D('',#16560,#13486,#13487);
#12443=AXIS2_PLACEMENT_3D('',#16566,#13491,#13492);
#12444=AXIS2_PLACEMENT_3D('',#16572,#13496,#13497);
#12445=AXIS2_PLACEMENT_3D('',#16578,#13501,#13502);
#12446=AXIS2_PLACEMENT_3D('',#16584,#13506,#13507);
#12447=AXIS2_PLACEMENT_3D('',#16590,#13511,#13512);
#12448=AXIS2_PLACEMENT_3D('',#16592,#13513,#13514);
#12449=AXIS2_PLACEMENT_3D('',#16594,#13515,#13516);
#12450=AXIS2_PLACEMENT_3D('',#16596,#13518,#13519);
#12451=AXIS2_PLACEMENT_3D('',#16602,#13523,#13524);
#12452=AXIS2_PLACEMENT_3D('',#16608,#13528,#13529);
#12453=AXIS2_PLACEMENT_3D('',#16614,#13533,#13534);
#12454=AXIS2_PLACEMENT_3D('',#16620,#13538,#13539);
#12455=AXIS2_PLACEMENT_3D('',#16626,#13543,#13544);
#12456=AXIS2_PLACEMENT_3D('',#16632,#13548,#13549);
#12457=AXIS2_PLACEMENT_3D('',#16638,#13553,#13554);
#12458=AXIS2_PLACEMENT_3D('',#16644,#13558,#13559);
#12459=AXIS2_PLACEMENT_3D('',#16650,#13563,#13564);
#12460=AXIS2_PLACEMENT_3D('',#16656,#13568,#13569);
#12461=AXIS2_PLACEMENT_3D('',#16662,#13573,#13574);
#12462=AXIS2_PLACEMENT_3D('',#16668,#13578,#13579);
#12463=AXIS2_PLACEMENT_3D('',#16674,#13583,#13584);
#12464=AXIS2_PLACEMENT_3D('',#16680,#13588,#13589);
#12465=AXIS2_PLACEMENT_3D('',#16686,#13593,#13594);
#12466=AXIS2_PLACEMENT_3D('',#16688,#13595,#13596);
#12467=AXIS2_PLACEMENT_3D('',#16690,#13597,#13598);
#12468=AXIS2_PLACEMENT_3D('',#16692,#13600,#13601);
#12469=AXIS2_PLACEMENT_3D('',#16698,#13605,#13606);
#12470=AXIS2_PLACEMENT_3D('',#16704,#13610,#13611);
#12471=AXIS2_PLACEMENT_3D('',#16710,#13615,#13616);
#12472=AXIS2_PLACEMENT_3D('',#16716,#13620,#13621);
#12473=AXIS2_PLACEMENT_3D('',#16722,#13625,#13626);
#12474=AXIS2_PLACEMENT_3D('',#16728,#13630,#13631);
#12475=AXIS2_PLACEMENT_3D('',#16734,#13635,#13636);
#12476=AXIS2_PLACEMENT_3D('',#16740,#13640,#13641);
#12477=AXIS2_PLACEMENT_3D('',#16746,#13645,#13646);
#12478=AXIS2_PLACEMENT_3D('',#16752,#13650,#13651);
#12479=AXIS2_PLACEMENT_3D('',#16758,#13655,#13656);
#12480=AXIS2_PLACEMENT_3D('',#16764,#13660,#13661);
#12481=AXIS2_PLACEMENT_3D('',#16770,#13665,#13666);
#12482=AXIS2_PLACEMENT_3D('',#16776,#13670,#13671);
#12483=AXIS2_PLACEMENT_3D('',#16782,#13675,#13676);
#12484=AXIS2_PLACEMENT_3D('',#16784,#13677,#13678);
#12485=AXIS2_PLACEMENT_3D('',#16786,#13679,#13680);
#12486=AXIS2_PLACEMENT_3D('',#16788,#13682,#13683);
#12487=AXIS2_PLACEMENT_3D('',#16794,#13687,#13688);
#12488=AXIS2_PLACEMENT_3D('',#16800,#13692,#13693);
#12489=AXIS2_PLACEMENT_3D('',#16806,#13697,#13698);
#12490=AXIS2_PLACEMENT_3D('',#16812,#13702,#13703);
#12491=AXIS2_PLACEMENT_3D('',#16818,#13707,#13708);
#12492=AXIS2_PLACEMENT_3D('',#16824,#13712,#13713);
#12493=AXIS2_PLACEMENT_3D('',#16830,#13717,#13718);
#12494=AXIS2_PLACEMENT_3D('',#16836,#13722,#13723);
#12495=AXIS2_PLACEMENT_3D('',#16842,#13727,#13728);
#12496=AXIS2_PLACEMENT_3D('',#16848,#13732,#13733);
#12497=AXIS2_PLACEMENT_3D('',#16854,#13737,#13738);
#12498=AXIS2_PLACEMENT_3D('',#16860,#13742,#13743);
#12499=AXIS2_PLACEMENT_3D('',#16866,#13747,#13748);
#12500=AXIS2_PLACEMENT_3D('',#16872,#13752,#13753);
#12501=AXIS2_PLACEMENT_3D('',#16878,#13757,#13758);
#12502=AXIS2_PLACEMENT_3D('',#16880,#13759,#13760);
#12503=AXIS2_PLACEMENT_3D('',#16882,#13761,#13762);
#12504=AXIS2_PLACEMENT_3D('',#16884,#13764,#13765);
#12505=AXIS2_PLACEMENT_3D('',#16890,#13769,#13770);
#12506=AXIS2_PLACEMENT_3D('',#16896,#13774,#13775);
#12507=AXIS2_PLACEMENT_3D('',#16902,#13779,#13780);
#12508=AXIS2_PLACEMENT_3D('',#16908,#13784,#13785);
#12509=AXIS2_PLACEMENT_3D('',#16914,#13789,#13790);
#12510=AXIS2_PLACEMENT_3D('',#16920,#13794,#13795);
#12511=AXIS2_PLACEMENT_3D('',#16926,#13799,#13800);
#12512=AXIS2_PLACEMENT_3D('',#16932,#13804,#13805);
#12513=AXIS2_PLACEMENT_3D('',#16938,#13809,#13810);
#12514=AXIS2_PLACEMENT_3D('',#16944,#13814,#13815);
#12515=AXIS2_PLACEMENT_3D('',#16950,#13819,#13820);
#12516=AXIS2_PLACEMENT_3D('',#16956,#13824,#13825);
#12517=AXIS2_PLACEMENT_3D('',#16962,#13829,#13830);
#12518=AXIS2_PLACEMENT_3D('',#16968,#13834,#13835);
#12519=AXIS2_PLACEMENT_3D('',#16974,#13839,#13840);
#12520=AXIS2_PLACEMENT_3D('',#16976,#13841,#13842);
#12521=AXIS2_PLACEMENT_3D('',#16978,#13843,#13844);
#12522=AXIS2_PLACEMENT_3D('',#16980,#13846,#13847);
#12523=AXIS2_PLACEMENT_3D('',#16986,#13851,#13852);
#12524=AXIS2_PLACEMENT_3D('',#16992,#13856,#13857);
#12525=AXIS2_PLACEMENT_3D('',#16998,#13861,#13862);
#12526=AXIS2_PLACEMENT_3D('',#17004,#13866,#13867);
#12527=AXIS2_PLACEMENT_3D('',#17010,#13871,#13872);
#12528=AXIS2_PLACEMENT_3D('',#17016,#13876,#13877);
#12529=AXIS2_PLACEMENT_3D('',#17022,#13881,#13882);
#12530=AXIS2_PLACEMENT_3D('',#17028,#13886,#13887);
#12531=AXIS2_PLACEMENT_3D('',#17034,#13891,#13892);
#12532=AXIS2_PLACEMENT_3D('',#17040,#13896,#13897);
#12533=AXIS2_PLACEMENT_3D('',#17046,#13901,#13902);
#12534=AXIS2_PLACEMENT_3D('',#17052,#13906,#13907);
#12535=AXIS2_PLACEMENT_3D('',#17058,#13911,#13912);
#12536=AXIS2_PLACEMENT_3D('',#17064,#13916,#13917);
#12537=AXIS2_PLACEMENT_3D('',#17070,#13921,#13922);
#12538=AXIS2_PLACEMENT_3D('',#17076,#13926,#13927);
#12539=AXIS2_PLACEMENT_3D('',#17082,#13931,#13932);
#12540=AXIS2_PLACEMENT_3D('',#17088,#13936,#13937);
#12541=AXIS2_PLACEMENT_3D('',#17094,#13941,#13942);
#12542=AXIS2_PLACEMENT_3D('',#17100,#13946,#13947);
#12543=AXIS2_PLACEMENT_3D('',#17106,#13951,#13952);
#12544=AXIS2_PLACEMENT_3D('',#17112,#13956,#13957);
#12545=AXIS2_PLACEMENT_3D('',#17118,#13961,#13962);
#12546=AXIS2_PLACEMENT_3D('',#17124,#13966,#13967);
#12547=AXIS2_PLACEMENT_3D('',#17130,#13971,#13972);
#12548=AXIS2_PLACEMENT_3D('',#17136,#13976,#13977);
#12549=AXIS2_PLACEMENT_3D('',#17142,#13981,#13982);
#12550=AXIS2_PLACEMENT_3D('',#17148,#13986,#13987);
#12551=AXIS2_PLACEMENT_3D('',#17154,#13991,#13992);
#12552=AXIS2_PLACEMENT_3D('',#17160,#13996,#13997);
#12553=AXIS2_PLACEMENT_3D('',#17166,#14001,#14002);
#12554=AXIS2_PLACEMENT_3D('',#17172,#14006,#14007);
#12555=AXIS2_PLACEMENT_3D('',#17178,#14011,#14012);
#12556=AXIS2_PLACEMENT_3D('',#17184,#14016,#14017);
#12557=AXIS2_PLACEMENT_3D('',#17190,#14021,#14022);
#12558=AXIS2_PLACEMENT_3D('',#17196,#14026,#14027);
#12559=AXIS2_PLACEMENT_3D('',#17202,#14031,#14032);
#12560=AXIS2_PLACEMENT_3D('',#17208,#14036,#14037);
#12561=AXIS2_PLACEMENT_3D('',#17214,#14041,#14042);
#12562=AXIS2_PLACEMENT_3D('',#17220,#14046,#14047);
#12563=AXIS2_PLACEMENT_3D('',#17226,#14051,#14052);
#12564=AXIS2_PLACEMENT_3D('',#17232,#14056,#14057);
#12565=AXIS2_PLACEMENT_3D('',#17238,#14061,#14062);
#12566=AXIS2_PLACEMENT_3D('',#17244,#14066,#14067);
#12567=AXIS2_PLACEMENT_3D('',#17250,#14071,#14072);
#12568=AXIS2_PLACEMENT_3D('',#17256,#14076,#14077);
#12569=AXIS2_PLACEMENT_3D('',#17262,#14081,#14082);
#12570=AXIS2_PLACEMENT_3D('',#17268,#14086,#14087);
#12571=AXIS2_PLACEMENT_3D('',#17274,#14091,#14092);
#12572=AXIS2_PLACEMENT_3D('',#17280,#14096,#14097);
#12573=AXIS2_PLACEMENT_3D('',#17286,#14101,#14102);
#12574=AXIS2_PLACEMENT_3D('',#17292,#14106,#14107);
#12575=AXIS2_PLACEMENT_3D('',#17298,#14111,#14112);
#12576=AXIS2_PLACEMENT_3D('',#17304,#14116,#14117);
#12577=AXIS2_PLACEMENT_3D('',#17310,#14121,#14122);
#12578=AXIS2_PLACEMENT_3D('',#17316,#14126,#14127);
#12579=AXIS2_PLACEMENT_3D('',#17322,#14131,#14132);
#12580=AXIS2_PLACEMENT_3D('',#17328,#14136,#14137);
#12581=AXIS2_PLACEMENT_3D('',#17334,#14141,#14142);
#12582=AXIS2_PLACEMENT_3D('',#17340,#14146,#14147);
#12583=AXIS2_PLACEMENT_3D('',#17346,#14151,#14152);
#12584=AXIS2_PLACEMENT_3D('',#17352,#14156,#14157);
#12585=AXIS2_PLACEMENT_3D('',#17358,#14161,#14162);
#12586=AXIS2_PLACEMENT_3D('',#17364,#14166,#14167);
#12587=AXIS2_PLACEMENT_3D('',#17370,#14171,#14172);
#12588=AXIS2_PLACEMENT_3D('',#17376,#14176,#14177);
#12589=AXIS2_PLACEMENT_3D('',#17382,#14181,#14182);
#12590=AXIS2_PLACEMENT_3D('',#17388,#14186,#14187);
#12591=AXIS2_PLACEMENT_3D('',#17394,#14191,#14192);
#12592=AXIS2_PLACEMENT_3D('',#17400,#14196,#14197);
#12593=AXIS2_PLACEMENT_3D('',#17406,#14201,#14202);
#12594=AXIS2_PLACEMENT_3D('',#17412,#14206,#14207);
#12595=AXIS2_PLACEMENT_3D('',#17418,#14211,#14212);
#12596=AXIS2_PLACEMENT_3D('',#17424,#14216,#14217);
#12597=AXIS2_PLACEMENT_3D('',#17430,#14221,#14222);
#12598=AXIS2_PLACEMENT_3D('',#17436,#14226,#14227);
#12599=AXIS2_PLACEMENT_3D('',#17442,#14231,#14232);
#12600=AXIS2_PLACEMENT_3D('',#17448,#14236,#14237);
#12601=AXIS2_PLACEMENT_3D('',#17454,#14241,#14242);
#12602=AXIS2_PLACEMENT_3D('',#17460,#14246,#14247);
#12603=AXIS2_PLACEMENT_3D('',#17466,#14251,#14252);
#12604=AXIS2_PLACEMENT_3D('',#17472,#14256,#14257);
#12605=AXIS2_PLACEMENT_3D('',#17478,#14261,#14262);
#12606=AXIS2_PLACEMENT_3D('',#17484,#14266,#14267);
#12607=AXIS2_PLACEMENT_3D('',#17490,#14271,#14272);
#12608=AXIS2_PLACEMENT_3D('',#17496,#14276,#14277);
#12609=AXIS2_PLACEMENT_3D('',#17502,#14281,#14282);
#12610=AXIS2_PLACEMENT_3D('',#17508,#14286,#14287);
#12611=AXIS2_PLACEMENT_3D('',#17514,#14291,#14292);
#12612=AXIS2_PLACEMENT_3D('',#17520,#14296,#14297);
#12613=AXIS2_PLACEMENT_3D('',#17526,#14301,#14302);
#12614=AXIS2_PLACEMENT_3D('',#17532,#14306,#14307);
#12615=AXIS2_PLACEMENT_3D('',#17538,#14311,#14312);
#12616=AXIS2_PLACEMENT_3D('',#17544,#14316,#14317);
#12617=AXIS2_PLACEMENT_3D('',#17550,#14321,#14322);
#12618=AXIS2_PLACEMENT_3D('',#17556,#14326,#14327);
#12619=AXIS2_PLACEMENT_3D('',#17562,#14331,#14332);
#12620=AXIS2_PLACEMENT_3D('',#17568,#14336,#14337);
#12621=AXIS2_PLACEMENT_3D('',#17574,#14341,#14342);
#12622=AXIS2_PLACEMENT_3D('',#17580,#14346,#14347);
#12623=AXIS2_PLACEMENT_3D('',#17586,#14351,#14352);
#12624=AXIS2_PLACEMENT_3D('',#17592,#14356,#14357);
#12625=AXIS2_PLACEMENT_3D('',#17598,#14361,#14362);
#12626=AXIS2_PLACEMENT_3D('',#17604,#14366,#14367);
#12627=AXIS2_PLACEMENT_3D('',#17610,#14371,#14372);
#12628=AXIS2_PLACEMENT_3D('',#17616,#14376,#14377);
#12629=AXIS2_PLACEMENT_3D('',#17622,#14381,#14382);
#12630=AXIS2_PLACEMENT_3D('',#17628,#14386,#14387);
#12631=AXIS2_PLACEMENT_3D('',#17634,#14391,#14392);
#12632=AXIS2_PLACEMENT_3D('',#17640,#14396,#14397);
#12633=AXIS2_PLACEMENT_3D('',#17646,#14401,#14402);
#12634=AXIS2_PLACEMENT_3D('',#17652,#14406,#14407);
#12635=AXIS2_PLACEMENT_3D('',#17658,#14411,#14412);
#12636=AXIS2_PLACEMENT_3D('',#17664,#14416,#14417);
#12637=AXIS2_PLACEMENT_3D('',#17670,#14421,#14422);
#12638=AXIS2_PLACEMENT_3D('',#17676,#14426,#14427);
#12639=AXIS2_PLACEMENT_3D('',#17682,#14431,#14432);
#12640=AXIS2_PLACEMENT_3D('',#17688,#14436,#14437);
#12641=AXIS2_PLACEMENT_3D('',#17694,#14441,#14442);
#12642=AXIS2_PLACEMENT_3D('',#17700,#14446,#14447);
#12643=AXIS2_PLACEMENT_3D('',#17706,#14451,#14452);
#12644=AXIS2_PLACEMENT_3D('',#17712,#14456,#14457);
#12645=AXIS2_PLACEMENT_3D('',#17718,#14461,#14462);
#12646=AXIS2_PLACEMENT_3D('',#17724,#14466,#14467);
#12647=AXIS2_PLACEMENT_3D('',#17730,#14471,#14472);
#12648=AXIS2_PLACEMENT_3D('',#17736,#14476,#14477);
#12649=AXIS2_PLACEMENT_3D('',#17742,#14481,#14482);
#12650=AXIS2_PLACEMENT_3D('',#17748,#14486,#14487);
#12651=AXIS2_PLACEMENT_3D('',#17754,#14491,#14492);
#12652=AXIS2_PLACEMENT_3D('',#17760,#14496,#14497);
#12653=AXIS2_PLACEMENT_3D('',#17766,#14501,#14502);
#12654=AXIS2_PLACEMENT_3D('',#17772,#14506,#14507);
#12655=AXIS2_PLACEMENT_3D('',#17778,#14511,#14512);
#12656=AXIS2_PLACEMENT_3D('',#17784,#14516,#14517);
#12657=AXIS2_PLACEMENT_3D('',#17790,#14521,#14522);
#12658=AXIS2_PLACEMENT_3D('',#17796,#14526,#14527);
#12659=AXIS2_PLACEMENT_3D('',#17802,#14531,#14532);
#12660=AXIS2_PLACEMENT_3D('',#17808,#14536,#14537);
#12661=AXIS2_PLACEMENT_3D('',#17814,#14541,#14542);
#12662=AXIS2_PLACEMENT_3D('',#17820,#14546,#14547);
#12663=AXIS2_PLACEMENT_3D('',#17826,#14551,#14552);
#12664=AXIS2_PLACEMENT_3D('',#17832,#14556,#14557);
#12665=AXIS2_PLACEMENT_3D('',#17838,#14561,#14562);
#12666=AXIS2_PLACEMENT_3D('',#17844,#14566,#14567);
#12667=AXIS2_PLACEMENT_3D('',#17850,#14571,#14572);
#12668=AXIS2_PLACEMENT_3D('',#17856,#14576,#14577);
#12669=AXIS2_PLACEMENT_3D('',#17862,#14581,#14582);
#12670=AXIS2_PLACEMENT_3D('',#17868,#14586,#14587);
#12671=AXIS2_PLACEMENT_3D('',#17874,#14591,#14592);
#12672=AXIS2_PLACEMENT_3D('',#17880,#14596,#14597);
#12673=AXIS2_PLACEMENT_3D('',#17886,#14601,#14602);
#12674=AXIS2_PLACEMENT_3D('',#17892,#14606,#14607);
#12675=AXIS2_PLACEMENT_3D('',#17898,#14611,#14612);
#12676=AXIS2_PLACEMENT_3D('',#17904,#14616,#14617);
#12677=AXIS2_PLACEMENT_3D('',#17910,#14621,#14622);
#12678=AXIS2_PLACEMENT_3D('',#17916,#14626,#14627);
#12679=AXIS2_PLACEMENT_3D('',#17922,#14631,#14632);
#12680=AXIS2_PLACEMENT_3D('',#17928,#14636,#14637);
#12681=AXIS2_PLACEMENT_3D('',#17934,#14641,#14642);
#12682=AXIS2_PLACEMENT_3D('',#17940,#14646,#14647);
#12683=AXIS2_PLACEMENT_3D('',#17946,#14651,#14652);
#12684=AXIS2_PLACEMENT_3D('',#17952,#14656,#14657);
#12685=AXIS2_PLACEMENT_3D('',#17958,#14661,#14662);
#12686=AXIS2_PLACEMENT_3D('',#17964,#14666,#14667);
#12687=AXIS2_PLACEMENT_3D('',#17970,#14671,#14672);
#12688=AXIS2_PLACEMENT_3D('',#17976,#14676,#14677);
#12689=AXIS2_PLACEMENT_3D('',#17982,#14681,#14682);
#12690=AXIS2_PLACEMENT_3D('',#17988,#14686,#14687);
#12691=AXIS2_PLACEMENT_3D('',#17994,#14691,#14692);
#12692=AXIS2_PLACEMENT_3D('',#18000,#14696,#14697);
#12693=AXIS2_PLACEMENT_3D('',#18006,#14701,#14702);
#12694=AXIS2_PLACEMENT_3D('',#18012,#14706,#14707);
#12695=AXIS2_PLACEMENT_3D('',#18018,#14711,#14712);
#12696=AXIS2_PLACEMENT_3D('',#18024,#14716,#14717);
#12697=AXIS2_PLACEMENT_3D('',#18030,#14721,#14722);
#12698=AXIS2_PLACEMENT_3D('',#18036,#14726,#14727);
#12699=AXIS2_PLACEMENT_3D('',#18038,#14728,#14729);
#12700=AXIS2_PLACEMENT_3D('',#18040,#14730,#14731);
#12701=AXIS2_PLACEMENT_3D('',#18042,#14733,#14734);
#12702=AXIS2_PLACEMENT_3D('',#18048,#14738,#14739);
#12703=AXIS2_PLACEMENT_3D('',#18054,#14743,#14744);
#12704=AXIS2_PLACEMENT_3D('',#18060,#14748,#14749);
#12705=AXIS2_PLACEMENT_3D('',#18066,#14753,#14754);
#12706=AXIS2_PLACEMENT_3D('',#18072,#14758,#14759);
#12707=AXIS2_PLACEMENT_3D('',#18078,#14763,#14764);
#12708=AXIS2_PLACEMENT_3D('',#18084,#14768,#14769);
#12709=AXIS2_PLACEMENT_3D('',#18090,#14773,#14774);
#12710=AXIS2_PLACEMENT_3D('',#18096,#14778,#14779);
#12711=AXIS2_PLACEMENT_3D('',#18102,#14783,#14784);
#12712=AXIS2_PLACEMENT_3D('',#18108,#14788,#14789);
#12713=AXIS2_PLACEMENT_3D('',#18114,#14793,#14794);
#12714=AXIS2_PLACEMENT_3D('',#18120,#14798,#14799);
#12715=AXIS2_PLACEMENT_3D('',#18126,#14803,#14804);
#12716=AXIS2_PLACEMENT_3D('',#18132,#14808,#14809);
#12717=AXIS2_PLACEMENT_3D('',#18138,#14813,#14814);
#12718=AXIS2_PLACEMENT_3D('',#18144,#14818,#14819);
#12719=AXIS2_PLACEMENT_3D('',#18150,#14823,#14824);
#12720=AXIS2_PLACEMENT_3D('',#18156,#14828,#14829);
#12721=AXIS2_PLACEMENT_3D('',#18162,#14833,#14834);
#12722=AXIS2_PLACEMENT_3D('',#18168,#14838,#14839);
#12723=AXIS2_PLACEMENT_3D('',#18174,#14843,#14844);
#12724=AXIS2_PLACEMENT_3D('',#18180,#14848,#14849);
#12725=AXIS2_PLACEMENT_3D('',#18186,#14853,#14854);
#12726=AXIS2_PLACEMENT_3D('',#18192,#14858,#14859);
#12727=AXIS2_PLACEMENT_3D('',#18198,#14863,#14864);
#12728=AXIS2_PLACEMENT_3D('',#18204,#14868,#14869);
#12729=AXIS2_PLACEMENT_3D('',#18210,#14873,#14874);
#12730=AXIS2_PLACEMENT_3D('',#18216,#14878,#14879);
#12731=AXIS2_PLACEMENT_3D('',#18222,#14883,#14884);
#12732=AXIS2_PLACEMENT_3D('',#18228,#14888,#14889);
#12733=AXIS2_PLACEMENT_3D('',#18234,#14893,#14894);
#12734=AXIS2_PLACEMENT_3D('',#18240,#14898,#14899);
#12735=AXIS2_PLACEMENT_3D('',#18246,#14903,#14904);
#12736=AXIS2_PLACEMENT_3D('',#18252,#14908,#14909);
#12737=AXIS2_PLACEMENT_3D('',#18258,#14913,#14914);
#12738=AXIS2_PLACEMENT_3D('',#18264,#14918,#14919);
#12739=AXIS2_PLACEMENT_3D('',#18270,#14923,#14924);
#12740=AXIS2_PLACEMENT_3D('',#18276,#14928,#14929);
#12741=AXIS2_PLACEMENT_3D('',#18282,#14933,#14934);
#12742=AXIS2_PLACEMENT_3D('',#18288,#14938,#14939);
#12743=AXIS2_PLACEMENT_3D('',#18294,#14943,#14944);
#12744=AXIS2_PLACEMENT_3D('',#18300,#14948,#14949);
#12745=AXIS2_PLACEMENT_3D('',#18306,#14953,#14954);
#12746=AXIS2_PLACEMENT_3D('',#18312,#14958,#14959);
#12747=AXIS2_PLACEMENT_3D('',#18318,#14963,#14964);
#12748=AXIS2_PLACEMENT_3D('',#18324,#14968,#14969);
#12749=AXIS2_PLACEMENT_3D('',#18330,#14973,#14974);
#12750=AXIS2_PLACEMENT_3D('',#18336,#14978,#14979);
#12751=AXIS2_PLACEMENT_3D('',#18342,#14983,#14984);
#12752=AXIS2_PLACEMENT_3D('',#18348,#14988,#14989);
#12753=AXIS2_PLACEMENT_3D('',#18354,#14993,#14994);
#12754=AXIS2_PLACEMENT_3D('',#18360,#14998,#14999);
#12755=AXIS2_PLACEMENT_3D('',#18366,#15003,#15004);
#12756=AXIS2_PLACEMENT_3D('',#18372,#15008,#15009);
#12757=AXIS2_PLACEMENT_3D('',#18378,#15013,#15014);
#12758=AXIS2_PLACEMENT_3D('',#18384,#15018,#15019);
#12759=AXIS2_PLACEMENT_3D('',#18390,#15023,#15024);
#12760=AXIS2_PLACEMENT_3D('',#18396,#15028,#15029);
#12761=AXIS2_PLACEMENT_3D('',#18402,#15033,#15034);
#12762=AXIS2_PLACEMENT_3D('',#18408,#15038,#15039);
#12763=AXIS2_PLACEMENT_3D('',#18414,#15043,#15044);
#12764=AXIS2_PLACEMENT_3D('',#18420,#15048,#15049);
#12765=AXIS2_PLACEMENT_3D('',#18426,#15053,#15054);
#12766=AXIS2_PLACEMENT_3D('',#18432,#15058,#15059);
#12767=AXIS2_PLACEMENT_3D('',#18438,#15063,#15064);
#12768=AXIS2_PLACEMENT_3D('',#18444,#15068,#15069);
#12769=AXIS2_PLACEMENT_3D('',#18450,#15073,#15074);
#12770=AXIS2_PLACEMENT_3D('',#18456,#15078,#15079);
#12771=AXIS2_PLACEMENT_3D('',#18462,#15083,#15084);
#12772=AXIS2_PLACEMENT_3D('',#18468,#15088,#15089);
#12773=AXIS2_PLACEMENT_3D('',#18474,#15093,#15094);
#12774=AXIS2_PLACEMENT_3D('',#18480,#15098,#15099);
#12775=AXIS2_PLACEMENT_3D('',#18486,#15103,#15104);
#12776=AXIS2_PLACEMENT_3D('',#18492,#15108,#15109);
#12777=AXIS2_PLACEMENT_3D('',#18498,#15113,#15114);
#12778=AXIS2_PLACEMENT_3D('',#18504,#15118,#15119);
#12779=AXIS2_PLACEMENT_3D('',#18510,#15123,#15124);
#12780=AXIS2_PLACEMENT_3D('',#18516,#15128,#15129);
#12781=AXIS2_PLACEMENT_3D('',#18522,#15133,#15134);
#12782=AXIS2_PLACEMENT_3D('',#18524,#15135,#15136);
#12783=AXIS2_PLACEMENT_3D('',#18526,#15137,#15138);
#12784=AXIS2_PLACEMENT_3D('',#18528,#15140,#15141);
#12785=AXIS2_PLACEMENT_3D('',#18534,#15145,#15146);
#12786=AXIS2_PLACEMENT_3D('',#18540,#15150,#15151);
#12787=AXIS2_PLACEMENT_3D('',#18546,#15155,#15156);
#12788=AXIS2_PLACEMENT_3D('',#18552,#15160,#15161);
#12789=AXIS2_PLACEMENT_3D('',#18558,#15165,#15166);
#12790=AXIS2_PLACEMENT_3D('',#18564,#15170,#15171);
#12791=AXIS2_PLACEMENT_3D('',#18570,#15175,#15176);
#12792=AXIS2_PLACEMENT_3D('',#18576,#15180,#15181);
#12793=AXIS2_PLACEMENT_3D('',#18582,#15185,#15186);
#12794=AXIS2_PLACEMENT_3D('',#18588,#15190,#15191);
#12795=AXIS2_PLACEMENT_3D('',#18594,#15195,#15196);
#12796=AXIS2_PLACEMENT_3D('',#18600,#15200,#15201);
#12797=AXIS2_PLACEMENT_3D('',#18606,#15205,#15206);
#12798=AXIS2_PLACEMENT_3D('',#18612,#15210,#15211);
#12799=AXIS2_PLACEMENT_3D('',#18618,#15215,#15216);
#12800=AXIS2_PLACEMENT_3D('',#18620,#15217,#15218);
#12801=AXIS2_PLACEMENT_3D('',#18622,#15219,#15220);
#12802=AXIS2_PLACEMENT_3D('',#18624,#15222,#15223);
#12803=AXIS2_PLACEMENT_3D('',#18630,#15227,#15228);
#12804=AXIS2_PLACEMENT_3D('',#18636,#15232,#15233);
#12805=AXIS2_PLACEMENT_3D('',#18642,#15237,#15238);
#12806=AXIS2_PLACEMENT_3D('',#18648,#15242,#15243);
#12807=AXIS2_PLACEMENT_3D('',#18654,#15247,#15248);
#12808=AXIS2_PLACEMENT_3D('',#18660,#15252,#15253);
#12809=AXIS2_PLACEMENT_3D('',#18666,#15257,#15258);
#12810=AXIS2_PLACEMENT_3D('',#18672,#15262,#15263);
#12811=AXIS2_PLACEMENT_3D('',#18678,#15267,#15268);
#12812=AXIS2_PLACEMENT_3D('',#18684,#15272,#15273);
#12813=AXIS2_PLACEMENT_3D('',#18690,#15277,#15278);
#12814=AXIS2_PLACEMENT_3D('',#18696,#15282,#15283);
#12815=AXIS2_PLACEMENT_3D('',#18702,#15287,#15288);
#12816=AXIS2_PLACEMENT_3D('',#18708,#15292,#15293);
#12817=AXIS2_PLACEMENT_3D('',#18714,#15297,#15298);
#12818=AXIS2_PLACEMENT_3D('',#18716,#15299,#15300);
#12819=AXIS2_PLACEMENT_3D('',#18718,#15301,#15302);
#12820=AXIS2_PLACEMENT_3D('',#18720,#15304,#15305);
#12821=AXIS2_PLACEMENT_3D('',#18726,#15309,#15310);
#12822=AXIS2_PLACEMENT_3D('',#18732,#15314,#15315);
#12823=AXIS2_PLACEMENT_3D('',#18738,#15319,#15320);
#12824=AXIS2_PLACEMENT_3D('',#18744,#15324,#15325);
#12825=AXIS2_PLACEMENT_3D('',#18750,#15329,#15330);
#12826=AXIS2_PLACEMENT_3D('',#18756,#15334,#15335);
#12827=AXIS2_PLACEMENT_3D('',#18762,#15339,#15340);
#12828=AXIS2_PLACEMENT_3D('',#18768,#15344,#15345);
#12829=AXIS2_PLACEMENT_3D('',#18774,#15349,#15350);
#12830=AXIS2_PLACEMENT_3D('',#18780,#15354,#15355);
#12831=AXIS2_PLACEMENT_3D('',#18786,#15359,#15360);
#12832=AXIS2_PLACEMENT_3D('',#18792,#15364,#15365);
#12833=AXIS2_PLACEMENT_3D('',#18798,#15369,#15370);
#12834=AXIS2_PLACEMENT_3D('',#18804,#15374,#15375);
#12835=AXIS2_PLACEMENT_3D('',#18810,#15379,#15380);
#12836=AXIS2_PLACEMENT_3D('',#18812,#15381,#15382);
#12837=AXIS2_PLACEMENT_3D('',#18814,#15383,#15384);
#12838=AXIS2_PLACEMENT_3D('',#18816,#15386,#15387);
#12839=AXIS2_PLACEMENT_3D('',#18822,#15391,#15392);
#12840=AXIS2_PLACEMENT_3D('',#18828,#15396,#15397);
#12841=AXIS2_PLACEMENT_3D('',#18834,#15401,#15402);
#12842=AXIS2_PLACEMENT_3D('',#18840,#15406,#15407);
#12843=AXIS2_PLACEMENT_3D('',#18846,#15411,#15412);
#12844=AXIS2_PLACEMENT_3D('',#18852,#15416,#15417);
#12845=AXIS2_PLACEMENT_3D('',#18858,#15421,#15422);
#12846=AXIS2_PLACEMENT_3D('',#18864,#15426,#15427);
#12847=AXIS2_PLACEMENT_3D('',#18870,#15431,#15432);
#12848=AXIS2_PLACEMENT_3D('',#18876,#15436,#15437);
#12849=AXIS2_PLACEMENT_3D('',#18882,#15441,#15442);
#12850=AXIS2_PLACEMENT_3D('',#18888,#15446,#15447);
#12851=AXIS2_PLACEMENT_3D('',#18894,#15451,#15452);
#12852=AXIS2_PLACEMENT_3D('',#18900,#15456,#15457);
#12853=AXIS2_PLACEMENT_3D('',#18906,#15461,#15462);
#12854=AXIS2_PLACEMENT_3D('',#18908,#15463,#15464);
#12855=AXIS2_PLACEMENT_3D('',#18910,#15465,#15466);
#12856=AXIS2_PLACEMENT_3D('',#18912,#15468,#15469);
#12857=AXIS2_PLACEMENT_3D('',#18918,#15473,#15474);
#12858=AXIS2_PLACEMENT_3D('',#18924,#15478,#15479);
#12859=AXIS2_PLACEMENT_3D('',#18930,#15483,#15484);
#12860=AXIS2_PLACEMENT_3D('',#18936,#15488,#15489);
#12861=AXIS2_PLACEMENT_3D('',#18942,#15493,#15494);
#12862=AXIS2_PLACEMENT_3D('',#18948,#15498,#15499);
#12863=AXIS2_PLACEMENT_3D('',#18954,#15503,#15504);
#12864=AXIS2_PLACEMENT_3D('',#18960,#15508,#15509);
#12865=AXIS2_PLACEMENT_3D('',#18966,#15513,#15514);
#12866=AXIS2_PLACEMENT_3D('',#18972,#15518,#15519);
#12867=AXIS2_PLACEMENT_3D('',#18978,#15523,#15524);
#12868=AXIS2_PLACEMENT_3D('',#18984,#15528,#15529);
#12869=AXIS2_PLACEMENT_3D('',#18990,#15533,#15534);
#12870=AXIS2_PLACEMENT_3D('',#18996,#15538,#15539);
#12871=AXIS2_PLACEMENT_3D('',#19002,#15543,#15544);
#12872=AXIS2_PLACEMENT_3D('',#19004,#15545,#15546);
#12873=AXIS2_PLACEMENT_3D('',#19006,#15547,#15548);
#12874=AXIS2_PLACEMENT_3D('',#19008,#15550,#15551);
#12875=AXIS2_PLACEMENT_3D('',#19014,#15555,#15556);
#12876=AXIS2_PLACEMENT_3D('',#19020,#15560,#15561);
#12877=AXIS2_PLACEMENT_3D('',#19026,#15565,#15566);
#12878=AXIS2_PLACEMENT_3D('',#19032,#15570,#15571);
#12879=AXIS2_PLACEMENT_3D('',#19038,#15575,#15576);
#12880=AXIS2_PLACEMENT_3D('',#19044,#15580,#15581);
#12881=AXIS2_PLACEMENT_3D('',#19050,#15585,#15586);
#12882=AXIS2_PLACEMENT_3D('',#19056,#15590,#15591);
#12883=AXIS2_PLACEMENT_3D('',#19062,#15595,#15596);
#12884=AXIS2_PLACEMENT_3D('',#19068,#15600,#15601);
#12885=AXIS2_PLACEMENT_3D('',#19074,#15605,#15606);
#12886=AXIS2_PLACEMENT_3D('',#19080,#15610,#15611);
#12887=AXIS2_PLACEMENT_3D('',#19086,#15615,#15616);
#12888=AXIS2_PLACEMENT_3D('',#19092,#15620,#15621);
#12889=AXIS2_PLACEMENT_3D('',#19098,#15625,#15626);
#12890=AXIS2_PLACEMENT_3D('',#19104,#15630,#15631);
#12891=AXIS2_PLACEMENT_3D('',#19110,#15635,#15636);
#12892=AXIS2_PLACEMENT_3D('',#19116,#15640,#15641);
#12893=AXIS2_PLACEMENT_3D('',#19122,#15645,#15646);
#12894=AXIS2_PLACEMENT_3D('',#19128,#15650,#15651);
#12895=AXIS2_PLACEMENT_3D('',#19134,#15655,#15656);
#12896=AXIS2_PLACEMENT_3D('',#19140,#15660,#15661);
#12897=AXIS2_PLACEMENT_3D('',#19146,#15665,#15666);
#12898=AXIS2_PLACEMENT_3D('',#19152,#15670,#15671);
#12899=AXIS2_PLACEMENT_3D('',#19158,#15675,#15676);
#12900=AXIS2_PLACEMENT_3D('',#19164,#15680,#15681);
#12901=AXIS2_PLACEMENT_3D('',#19170,#15685,#15686);
#12902=AXIS2_PLACEMENT_3D('',#19176,#15690,#15691);
#12903=AXIS2_PLACEMENT_3D('',#19182,#15695,#15696);
#12904=AXIS2_PLACEMENT_3D('',#19188,#15700,#15701);
#12905=AXIS2_PLACEMENT_3D('',#19194,#15705,#15706);
#12906=AXIS2_PLACEMENT_3D('',#19196,#15707,#15708);
#12907=AXIS2_PLACEMENT_3D('',#19198,#15709,#15710);
#12908=AXIS2_PLACEMENT_3D('',#19200,#15712,#15713);
#12909=AXIS2_PLACEMENT_3D('',#19206,#15717,#15718);
#12910=AXIS2_PLACEMENT_3D('',#19212,#15722,#15723);
#12911=AXIS2_PLACEMENT_3D('',#19218,#15727,#15728);
#12912=AXIS2_PLACEMENT_3D('',#19224,#15732,#15733);
#12913=AXIS2_PLACEMENT_3D('',#19230,#15737,#15738);
#12914=AXIS2_PLACEMENT_3D('',#19236,#15742,#15743);
#12915=AXIS2_PLACEMENT_3D('',#19242,#15747,#15748);
#12916=AXIS2_PLACEMENT_3D('',#19248,#15752,#15753);
#12917=AXIS2_PLACEMENT_3D('',#19254,#15757,#15758);
#12918=AXIS2_PLACEMENT_3D('',#19260,#15762,#15763);
#12919=AXIS2_PLACEMENT_3D('',#19266,#15767,#15768);
#12920=AXIS2_PLACEMENT_3D('',#19272,#15772,#15773);
#12921=AXIS2_PLACEMENT_3D('',#19278,#15777,#15778);
#12922=AXIS2_PLACEMENT_3D('',#19284,#15782,#15783);
#12923=AXIS2_PLACEMENT_3D('',#19290,#15787,#15788);
#12924=AXIS2_PLACEMENT_3D('',#19292,#15789,#15790);
#12925=AXIS2_PLACEMENT_3D('',#19294,#15791,#15792);
#12926=AXIS2_PLACEMENT_3D('',#19296,#15794,#15795);
#12927=AXIS2_PLACEMENT_3D('',#19302,#15799,#15800);
#12928=AXIS2_PLACEMENT_3D('',#19308,#15804,#15805);
#12929=AXIS2_PLACEMENT_3D('',#19314,#15809,#15810);
#12930=AXIS2_PLACEMENT_3D('',#19320,#15814,#15815);
#12931=AXIS2_PLACEMENT_3D('',#19326,#15819,#15820);
#12932=AXIS2_PLACEMENT_3D('',#19332,#15824,#15825);
#12933=AXIS2_PLACEMENT_3D('',#19338,#15829,#15830);
#12934=AXIS2_PLACEMENT_3D('',#19344,#15834,#15835);
#12935=AXIS2_PLACEMENT_3D('',#19350,#15839,#15840);
#12936=AXIS2_PLACEMENT_3D('',#19356,#15844,#15845);
#12937=AXIS2_PLACEMENT_3D('',#19362,#15849,#15850);
#12938=AXIS2_PLACEMENT_3D('',#19368,#15854,#15855);
#12939=AXIS2_PLACEMENT_3D('',#19374,#15859,#15860);
#12940=AXIS2_PLACEMENT_3D('',#19380,#15864,#15865);
#12941=AXIS2_PLACEMENT_3D('',#19386,#15869,#15870);
#12942=AXIS2_PLACEMENT_3D('',#19388,#15871,#15872);
#12943=AXIS2_PLACEMENT_3D('',#19390,#15873,#15874);
#12944=AXIS2_PLACEMENT_3D('',#19392,#15876,#15877);
#12945=AXIS2_PLACEMENT_3D('',#19398,#15881,#15882);
#12946=AXIS2_PLACEMENT_3D('',#19404,#15886,#15887);
#12947=AXIS2_PLACEMENT_3D('',#19410,#15891,#15892);
#12948=AXIS2_PLACEMENT_3D('',#19416,#15896,#15897);
#12949=AXIS2_PLACEMENT_3D('',#19422,#15901,#15902);
#12950=AXIS2_PLACEMENT_3D('',#19428,#15906,#15907);
#12951=AXIS2_PLACEMENT_3D('',#19434,#15911,#15912);
#12952=AXIS2_PLACEMENT_3D('',#19440,#15916,#15917);
#12953=AXIS2_PLACEMENT_3D('',#19446,#15921,#15922);
#12954=AXIS2_PLACEMENT_3D('',#19452,#15926,#15927);
#12955=AXIS2_PLACEMENT_3D('',#19458,#15931,#15932);
#12956=AXIS2_PLACEMENT_3D('',#19464,#15936,#15937);
#12957=AXIS2_PLACEMENT_3D('',#19470,#15941,#15942);
#12958=AXIS2_PLACEMENT_3D('',#19476,#15946,#15947);
#12959=AXIS2_PLACEMENT_3D('',#19482,#15951,#15952);
#12960=AXIS2_PLACEMENT_3D('',#19483,#15953,#15954);
#12961=AXIS2_PLACEMENT_3D('',#19484,#15955,#15956);
#12962=AXIS2_PLACEMENT_3D('',#19485,#15957,#15958);
#12963=AXIS2_PLACEMENT_3D('',#19486,#15959,#15960);
#12964=DIRECTION('axis',(0.,0.,1.));
#12965=DIRECTION('refdir',(1.,0.,0.));
#12966=DIRECTION('center_axis',(-1.,0.,0.));
#12967=DIRECTION('ref_axis',(0.,0.,1.));
#12968=DIRECTION('',(0.,0.,-1.));
#12969=DIRECTION('',(0.,1.,0.));
#12970=DIRECTION('',(0.,0.,1.));
#12971=DIRECTION('',(0.,1.,0.));
#12972=DIRECTION('center_axis',(0.,0.,1.));
#12973=DIRECTION('ref_axis',(1.,0.,0.));
#12974=DIRECTION('center_axis',(0.,0.,1.));
#12975=DIRECTION('ref_axis',(1.,0.,0.));
#12976=DIRECTION('',(1.,0.,0.));
#12977=DIRECTION('center_axis',(0.,0.,-1.));
#12978=DIRECTION('ref_axis',(1.,0.,0.));
#12979=DIRECTION('center_axis',(0.,0.,1.));
#12980=DIRECTION('ref_axis',(1.,0.,0.));
#12981=DIRECTION('center_axis',(0.,0.,-1.));
#12982=DIRECTION('ref_axis',(1.,0.,0.));
#12983=DIRECTION('',(0.,0.,1.));
#12984=DIRECTION('center_axis',(0.,0.,1.));
#12985=DIRECTION('ref_axis',(1.,0.,0.));
#12986=DIRECTION('',(0.,0.,-1.));
#12987=DIRECTION('center_axis',(0.,0.,-1.));
#12988=DIRECTION('ref_axis',(1.,0.,0.));
#12989=DIRECTION('center_axis',(0.,0.,1.));
#12990=DIRECTION('ref_axis',(1.,0.,0.));
#12991=DIRECTION('',(0.,0.,-1.));
#12992=DIRECTION('center_axis',(0.,1.,0.));
#12993=DIRECTION('ref_axis',(1.,0.,0.));
#12994=DIRECTION('',(1.,0.,0.));
#12995=DIRECTION('',(0.,0.,1.));
#12996=DIRECTION('center_axis',(0.,-1.,0.));
#12997=DIRECTION('ref_axis',(-1.,0.,0.));
#12998=DIRECTION('',(-1.,0.,0.));
#12999=DIRECTION('',(-1.,0.,0.));
#13000=DIRECTION('',(0.,0.,-1.));
#13001=DIRECTION('center_axis',(0.,0.,1.));
#13002=DIRECTION('ref_axis',(-1.,0.,0.));
#13003=DIRECTION('center_axis',(0.,0.,1.));
#13004=DIRECTION('ref_axis',(1.,0.,0.));
#13005=DIRECTION('center_axis',(0.,0.,1.));
#13006=DIRECTION('ref_axis',(1.,0.,0.));
#13007=DIRECTION('center_axis',(0.,0.,-1.));
#13008=DIRECTION('ref_axis',(1.,0.,0.));
#13009=DIRECTION('center_axis',(0.,0.,-1.));
#13010=DIRECTION('ref_axis',(1.,0.,0.));
#13011=DIRECTION('center_axis',(0.,0.,1.));
#13012=DIRECTION('ref_axis',(1.,0.,0.));
#13013=DIRECTION('',(0.,0.,-1.));
#13014=DIRECTION('center_axis',(0.,0.,-1.));
#13015=DIRECTION('ref_axis',(1.,0.,0.));
#13016=DIRECTION('center_axis',(0.,0.,1.));
#13017=DIRECTION('ref_axis',(1.,0.,0.));
#13018=DIRECTION('center_axis',(0.,0.,1.));
#13019=DIRECTION('ref_axis',(1.,0.,0.));
#13020=DIRECTION('',(0.,0.,-1.));
#13021=DIRECTION('center_axis',(0.,0.,-1.));
#13022=DIRECTION('ref_axis',(1.,0.,0.));
#13023=DIRECTION('center_axis',(0.,0.,1.));
#13024=DIRECTION('ref_axis',(1.,0.,0.));
#13025=DIRECTION('center_axis',(-0.034665743977668,-0.999398962474184,0.));
#13026=DIRECTION('ref_axis',(0.999398962474184,-0.034665743977668,0.));
#13027=DIRECTION('',(0.999398962474184,-0.034665743977668,0.));
#13028=DIRECTION('',(0.,0.,1.));
#13029=DIRECTION('',(0.999398962474184,-0.034665743977668,0.));
#13030=DIRECTION('',(0.,0.,1.));
#13031=DIRECTION('center_axis',(-0.15836533403411,-0.987380585679233,0.));
#13032=DIRECTION('ref_axis',(0.987380585679233,-0.15836533403411,0.));
#13033=DIRECTION('',(0.987380585679233,-0.15836533403411,0.));
#13034=DIRECTION('',(0.987380585679233,-0.15836533403411,0.));
#13035=DIRECTION('',(0.,0.,1.));
#13036=DIRECTION('center_axis',(-0.247437000393548,-0.968903984322618,0.));
#13037=DIRECTION('ref_axis',(0.968903984322618,-0.247437000393548,0.));
#13038=DIRECTION('',(0.968903984322618,-0.247437000393548,0.));
#13039=DIRECTION('',(0.968903984322618,-0.247437000393548,0.));
#13040=DIRECTION('',(0.,0.,1.));
#13041=DIRECTION('center_axis',(-0.263586564232173,-0.964635746360396,0.));
#13042=DIRECTION('ref_axis',(0.964635746360396,-0.263586564232173,0.));
#13043=DIRECTION('',(0.964635746360396,-0.263586564232173,0.));
#13044=DIRECTION('',(0.964635746360396,-0.263586564232173,0.));
#13045=DIRECTION('',(0.,0.,1.));
#13046=DIRECTION('center_axis',(-0.303429919758321,-0.952853757821975,0.));
#13047=DIRECTION('ref_axis',(0.952853757821975,-0.303429919758321,0.));
#13048=DIRECTION('',(0.952853757821975,-0.303429919758321,0.));
#13049=DIRECTION('',(0.952853757821975,-0.303429919758321,0.));
#13050=DIRECTION('',(0.,0.,1.));
#13051=DIRECTION('center_axis',(-0.368862190829141,-0.929484095709403,0.));
#13052=DIRECTION('ref_axis',(0.929484095709403,-0.368862190829141,0.));
#13053=DIRECTION('',(0.929484095709403,-0.368862190829141,0.));
#13054=DIRECTION('',(0.929484095709403,-0.368862190829141,0.));
#13055=DIRECTION('',(0.,0.,1.));
#13056=DIRECTION('center_axis',(-0.398095348466735,-0.917344043164367,0.));
#13057=DIRECTION('ref_axis',(0.917344043164367,-0.398095348466735,0.));
#13058=DIRECTION('',(0.917344043164367,-0.398095348466735,0.));
#13059=DIRECTION('',(0.917344043164367,-0.398095348466735,0.));
#13060=DIRECTION('',(0.,0.,1.));
#13061=DIRECTION('center_axis',(-0.99999979258736,0.000644069279451324,
0.));
#13062=DIRECTION('ref_axis',(-0.000644069279451324,-0.99999979258736,0.));
#13063=DIRECTION('',(-0.000644069279451324,-0.99999979258736,0.));
#13064=DIRECTION('',(-0.000644069279451324,-0.99999979258736,0.));
#13065=DIRECTION('',(0.,0.,1.));
#13066=DIRECTION('center_axis',(-0.397609530337627,0.917554718468981,0.));
#13067=DIRECTION('ref_axis',(-0.917554718468981,-0.397609530337627,0.));
#13068=DIRECTION('',(-0.917554718468981,-0.397609530337627,0.));
#13069=DIRECTION('',(-0.917554718468981,-0.397609530337627,0.));
#13070=DIRECTION('',(0.,0.,1.));
#13071=DIRECTION('center_axis',(-0.403606842907344,0.91493252011193,0.));
#13072=DIRECTION('ref_axis',(-0.91493252011193,-0.403606842907344,0.));
#13073=DIRECTION('',(-0.91493252011193,-0.403606842907344,0.));
#13074=DIRECTION('',(-0.91493252011193,-0.403606842907344,0.));
#13075=DIRECTION('',(0.,0.,1.));
#13076=DIRECTION('center_axis',(-0.328991942866639,0.944332728188976,0.));
#13077=DIRECTION('ref_axis',(-0.944332728188976,-0.328991942866639,0.));
#13078=DIRECTION('',(-0.944332728188976,-0.328991942866639,0.));
#13079=DIRECTION('',(-0.944332728188976,-0.328991942866639,0.));
#13080=DIRECTION('',(0.,0.,1.));
#13081=DIRECTION('center_axis',(-0.337836718527309,0.941204734165049,0.));
#13082=DIRECTION('ref_axis',(-0.941204734165049,-0.337836718527309,0.));
#13083=DIRECTION('',(-0.941204734165049,-0.337836718527309,0.));
#13084=DIRECTION('',(-0.941204734165049,-0.337836718527309,0.));
#13085=DIRECTION('',(0.,0.,1.));
#13086=DIRECTION('center_axis',(-0.252092195689402,0.967703221485025,0.));
#13087=DIRECTION('ref_axis',(-0.967703221485025,-0.252092195689402,0.));
#13088=DIRECTION('',(-0.967703221485025,-0.252092195689402,0.));
#13089=DIRECTION('',(-0.967703221485025,-0.252092195689402,0.));
#13090=DIRECTION('',(0.,0.,1.));
#13091=DIRECTION('center_axis',(-0.145321470402099,0.989384490600177,0.));
#13092=DIRECTION('ref_axis',(-0.989384490600177,-0.145321470402099,0.));
#13093=DIRECTION('',(-0.989384490600177,-0.145321470402099,0.));
#13094=DIRECTION('',(-0.989384490600177,-0.145321470402099,0.));
#13095=DIRECTION('',(0.,0.,1.));
#13096=DIRECTION('center_axis',(-0.0346384523589576,0.999399908754337,0.));
#13097=DIRECTION('ref_axis',(-0.999399908754336,-0.0346384523589576,0.));
#13098=DIRECTION('',(-0.999399908754336,-0.0346384523589576,0.));
#13099=DIRECTION('',(-0.999399908754336,-0.0346384523589576,0.));
#13100=DIRECTION('',(0.,0.,1.));
#13101=DIRECTION('center_axis',(0.,0.,1.));
#13102=DIRECTION('ref_axis',(1.,0.,0.));
#13103=DIRECTION('center_axis',(0.,0.,1.));
#13104=DIRECTION('ref_axis',(1.,0.,0.));
#13105=DIRECTION('center_axis',(0.,0.,1.));
#13106=DIRECTION('ref_axis',(1.,0.,0.));
#13107=DIRECTION('',(0.,0.,1.));
#13108=DIRECTION('center_axis',(-0.207682902029023,-0.978196203327739,0.));
#13109=DIRECTION('ref_axis',(0.978196203327739,-0.207682902029023,0.));
#13110=DIRECTION('',(0.978196203327739,-0.207682902029023,0.));
#13111=DIRECTION('',(0.978196203327739,-0.207682902029023,0.));
#13112=DIRECTION('',(0.,0.,1.));
#13113=DIRECTION('center_axis',(-0.327416248132184,-0.944880204289964,0.));
#13114=DIRECTION('ref_axis',(0.944880204289964,-0.327416248132184,0.));
#13115=DIRECTION('',(0.944880204289964,-0.327416248132184,0.));
#13116=DIRECTION('',(0.944880204289964,-0.327416248132184,0.));
#13117=DIRECTION('',(0.,0.,1.));
#13118=DIRECTION('center_axis',(-0.411926287581471,-0.911217171479635,0.));
#13119=DIRECTION('ref_axis',(0.911217171479635,-0.411926287581471,0.));
#13120=DIRECTION('',(0.911217171479635,-0.411926287581471,0.));
#13121=DIRECTION('',(0.911217171479635,-0.411926287581471,0.));
#13122=DIRECTION('',(0.,0.,1.));
#13123=DIRECTION('center_axis',(-0.427089331513644,-0.90420943531199,0.));
#13124=DIRECTION('ref_axis',(0.90420943531199,-0.427089331513644,0.));
#13125=DIRECTION('',(0.90420943531199,-0.427089331513644,0.));
#13126=DIRECTION('',(0.90420943531199,-0.427089331513644,0.));
#13127=DIRECTION('',(0.,0.,1.));
#13128=DIRECTION('center_axis',(-0.46428145610172,-0.885687715574777,0.));
#13129=DIRECTION('ref_axis',(0.885687715574777,-0.46428145610172,0.));
#13130=DIRECTION('',(0.885687715574777,-0.46428145610172,0.));
#13131=DIRECTION('',(0.885687715574777,-0.46428145610172,0.));
#13132=DIRECTION('',(0.,0.,1.));
#13133=DIRECTION('center_axis',(-0.52466156471185,-0.851310896508504,0.));
#13134=DIRECTION('ref_axis',(0.851310896508504,-0.52466156471185,0.));
#13135=DIRECTION('',(0.851310896508504,-0.52466156471185,0.));
#13136=DIRECTION('',(0.851310896508504,-0.52466156471185,0.));
#13137=DIRECTION('',(0.,0.,1.));
#13138=DIRECTION('center_axis',(-0.551342506997688,-0.834278994088611,0.));
#13139=DIRECTION('ref_axis',(0.834278994088611,-0.551342506997688,0.));
#13140=DIRECTION('',(0.834278994088611,-0.551342506997688,0.));
#13141=DIRECTION('',(0.834278994088611,-0.551342506997688,0.));
#13142=DIRECTION('',(0.,0.,1.));
#13143=DIRECTION('center_axis',(-0.984695707294008,0.174282426069736,0.));
#13144=DIRECTION('ref_axis',(-0.174282426069736,-0.984695707294008,0.));
#13145=DIRECTION('',(-0.174282426069736,-0.984695707294008,0.));
#13146=DIRECTION('',(-0.174282426069736,-0.984695707294008,0.));
#13147=DIRECTION('',(0.,0.,1.));
#13148=DIRECTION('center_axis',(-0.232237243376177,0.972659170927327,0.));
#13149=DIRECTION('ref_axis',(-0.972659170927327,-0.232237243376177,0.));
#13150=DIRECTION('',(-0.972659170927326,-0.232237243376177,0.));
#13151=DIRECTION('',(-0.972659170927326,-0.232237243376177,0.));
#13152=DIRECTION('',(0.,0.,1.));
#13153=DIRECTION('center_axis',(-0.238598783258392,0.971118232053963,0.));
#13154=DIRECTION('ref_axis',(-0.971118232053963,-0.238598783258392,0.));
#13155=DIRECTION('',(-0.971118232053963,-0.238598783258392,0.));
#13156=DIRECTION('',(-0.971118232053963,-0.238598783258392,0.));
#13157=DIRECTION('',(0.,0.,1.));
#13158=DIRECTION('center_axis',(-0.160012158651552,0.987115043489699,0.));
#13159=DIRECTION('ref_axis',(-0.987115043489699,-0.160012158651552,0.));
#13160=DIRECTION('',(-0.987115043489699,-0.160012158651552,0.));
#13161=DIRECTION('',(-0.987115043489699,-0.160012158651552,0.));
#13162=DIRECTION('',(0.,0.,1.));
#13163=DIRECTION('center_axis',(-0.169265732760067,0.985570449898534,0.));
#13164=DIRECTION('ref_axis',(-0.985570449898534,-0.169265732760067,0.));
#13165=DIRECTION('',(-0.985570449898534,-0.169265732760067,0.));
#13166=DIRECTION('',(-0.985570449898534,-0.169265732760067,0.));
#13167=DIRECTION('',(0.,0.,1.));
#13168=DIRECTION('center_axis',(-0.0802224478551916,0.996776985518888,0.));
#13169=DIRECTION('ref_axis',(-0.996776985518888,-0.0802224478551916,0.));
#13170=DIRECTION('',(-0.996776985518888,-0.0802224478551916,0.));
#13171=DIRECTION('',(-0.996776985518888,-0.0802224478551916,0.));
#13172=DIRECTION('',(0.,0.,1.));
#13173=DIRECTION('center_axis',(0.0286911030732068,0.999588325564301,0.));
#13174=DIRECTION('ref_axis',(-0.999588325564301,0.0286911030732068,0.));
#13175=DIRECTION('',(-0.999588325564301,0.0286911030732068,0.));
#13176=DIRECTION('',(-0.999588325564301,0.0286911030732068,0.));
#13177=DIRECTION('',(0.,0.,1.));
#13178=DIRECTION('center_axis',(0.139431756479764,0.990231682630367,0.));
#13179=DIRECTION('ref_axis',(-0.990231682630367,0.139431756479764,0.));
#13180=DIRECTION('',(-0.990231682630367,0.139431756479764,0.));
#13181=DIRECTION('',(-0.990231682630367,0.139431756479764,0.));
#13182=DIRECTION('',(0.,0.,1.));
#13183=DIRECTION('center_axis',(0.,0.,1.));
#13184=DIRECTION('ref_axis',(1.,0.,0.));
#13185=DIRECTION('center_axis',(0.,0.,1.));
#13186=DIRECTION('ref_axis',(1.,0.,0.));
#13187=DIRECTION('center_axis',(0.,0.,1.));
#13188=DIRECTION('ref_axis',(1.,0.,0.));
#13189=DIRECTION('',(0.,0.,1.));
#13190=DIRECTION('center_axis',(-0.374389720195066,-0.927271447534248,0.));
#13191=DIRECTION('ref_axis',(0.927271447534248,-0.374389720195066,0.));
#13192=DIRECTION('',(0.927271447534248,-0.374389720195066,0.));
#13193=DIRECTION('',(0.927271447534248,-0.374389720195066,0.));
#13194=DIRECTION('',(0.,0.,1.));
#13195=DIRECTION('center_axis',(-0.486518785210751,-0.873670116026098,0.));
#13196=DIRECTION('ref_axis',(0.873670116026098,-0.486518785210751,0.));
#13197=DIRECTION('',(0.873670116026098,-0.486518785210751,0.));
#13198=DIRECTION('',(0.873670116026098,-0.486518785210751,0.));
#13199=DIRECTION('',(0.,0.,1.));
#13200=DIRECTION('center_axis',(-0.563899402965322,-0.825843485979851,0.));
#13201=DIRECTION('ref_axis',(0.825843485979851,-0.563899402965322,0.));
#13202=DIRECTION('',(0.825843485979851,-0.563899402965322,0.));
#13203=DIRECTION('',(0.825843485979851,-0.563899402965322,0.));
#13204=DIRECTION('',(0.,0.,1.));
#13205=DIRECTION('center_axis',(-0.577615205574876,-0.816309178123518,0.));
#13206=DIRECTION('ref_axis',(0.816309178123518,-0.577615205574876,0.));
#13207=DIRECTION('',(0.816309178123518,-0.577615205574876,0.));
#13208=DIRECTION('',(0.816309178123518,-0.577615205574876,0.));
#13209=DIRECTION('',(0.,0.,1.));
#13210=DIRECTION('center_axis',(-0.611026035340456,-0.791610500268992,0.));
#13211=DIRECTION('ref_axis',(0.791610500268992,-0.611026035340456,0.));
#13212=DIRECTION('',(0.791610500268992,-0.611026035340456,0.));
#13213=DIRECTION('',(0.791610500268992,-0.611026035340456,0.));
#13214=DIRECTION('',(0.,0.,1.));
#13215=DIRECTION('center_axis',(-0.66451936244242,-0.747271046501281,0.));
#13216=DIRECTION('ref_axis',(0.747271046501281,-0.66451936244242,0.));
#13217=DIRECTION('',(0.747271046501281,-0.66451936244242,0.));
#13218=DIRECTION('',(0.747271046501281,-0.66451936244242,0.));
#13219=DIRECTION('',(0.,0.,1.));
#13220=DIRECTION('center_axis',(-0.687837402445995,-0.725864799943038,0.));
#13221=DIRECTION('ref_axis',(0.725864799943038,-0.687837402445995,0.));
#13222=DIRECTION('',(0.725864799943038,-0.687837402445995,0.));
#13223=DIRECTION('',(0.725864799943038,-0.687837402445995,0.));
#13224=DIRECTION('',(0.,0.,1.));
#13225=DIRECTION('center_axis',(-0.939472141214494,0.342625299535591,0.));
#13226=DIRECTION('ref_axis',(-0.342625299535591,-0.939472141214494,0.));
#13227=DIRECTION('',(-0.342625299535591,-0.939472141214494,0.));
#13228=DIRECTION('',(-0.342625299535591,-0.939472141214494,0.));
#13229=DIRECTION('',(0.,0.,1.));
#13230=DIRECTION('center_axis',(-0.059808545291508,0.998209866666381,0.));
#13231=DIRECTION('ref_axis',(-0.998209866666381,-0.059808545291508,0.));
#13232=DIRECTION('',(-0.998209866666381,-0.059808545291508,0.));
#13233=DIRECTION('',(-0.998209866666381,-0.059808545291508,0.));
#13234=DIRECTION('',(0.,0.,1.));
#13235=DIRECTION('center_axis',(-0.066341020317034,0.997797007924605,0.));
#13236=DIRECTION('ref_axis',(-0.997797007924605,-0.066341020317034,0.));
#13237=DIRECTION('',(-0.997797007924605,-0.066341020317034,0.));
#13238=DIRECTION('',(-0.997797007924605,-0.066341020317034,0.));
#13239=DIRECTION('',(0.,0.,1.));
#13240=DIRECTION('center_axis',(0.0138295140332577,0.999904367698033,0.));
#13241=DIRECTION('ref_axis',(-0.999904367698033,0.0138295140332577,0.));
#13242=DIRECTION('',(-0.999904367698033,0.0138295140332577,0.));
#13243=DIRECTION('',(-0.999904367698033,0.0138295140332577,0.));
#13244=DIRECTION('',(0.,0.,1.));
#13245=DIRECTION('center_axis',(0.00444830664755138,0.999990106235041,0.));
#13246=DIRECTION('ref_axis',(-0.999990106235041,0.00444830664755138,0.));
#13247=DIRECTION('',(-0.999990106235041,0.00444830664755138,0.));
#13248=DIRECTION('',(-0.999990106235041,0.00444830664755138,0.));
#13249=DIRECTION('',(0.,0.,1.));
#13250=DIRECTION('center_axis',(0.0940848184616136,0.995564185241236,0.));
#13251=DIRECTION('ref_axis',(-0.995564185241236,0.0940848184616136,0.));
#13252=DIRECTION('',(-0.995564185241236,0.0940848184616136,0.));
#13253=DIRECTION('',(-0.995564185241236,0.0940848184616136,0.));
#13254=DIRECTION('',(0.,0.,1.));
#13255=DIRECTION('center_axis',(0.201831911900389,0.979420175072289,0.));
#13256=DIRECTION('ref_axis',(-0.979420175072289,0.201831911900389,0.));
#13257=DIRECTION('',(-0.979420175072289,0.201831911900389,0.));
#13258=DIRECTION('',(-0.979420175072289,0.201831911900389,0.));
#13259=DIRECTION('',(0.,0.,1.));
#13260=DIRECTION('center_axis',(0.309265401955269,0.950975767910753,0.));
#13261=DIRECTION('ref_axis',(-0.950975767910753,0.309265401955269,0.));
#13262=DIRECTION('',(-0.950975767910753,0.309265401955269,0.));
#13263=DIRECTION('',(-0.950975767910753,0.309265401955269,0.));
#13264=DIRECTION('',(0.,0.,1.));
#13265=DIRECTION('center_axis',(0.,0.,1.));
#13266=DIRECTION('ref_axis',(1.,0.,0.));
#13267=DIRECTION('center_axis',(0.,0.,1.));
#13268=DIRECTION('ref_axis',(1.,0.,0.));
#13269=DIRECTION('center_axis',(0.,0.,1.));
#13270=DIRECTION('ref_axis',(1.,0.,0.));
#13271=DIRECTION('',(0.,0.,1.));
#13272=DIRECTION('center_axis',(-0.529720896162455,-0.848172018029861,0.));
#13273=DIRECTION('ref_axis',(0.848172018029861,-0.529720896162455,0.));
#13274=DIRECTION('',(0.848172018029861,-0.529720896162455,0.));
#13275=DIRECTION('',(0.848172018029861,-0.529720896162455,0.));
#13276=DIRECTION('',(0.,0.,1.));
#13277=DIRECTION('center_axis',(-0.630838695192318,-0.775914003384431,0.));
#13278=DIRECTION('ref_axis',(0.775914003384431,-0.630838695192318,0.));
#13279=DIRECTION('',(0.775914003384431,-0.630838695192318,0.));
#13280=DIRECTION('',(0.775914003384431,-0.630838695192318,0.));
#13281=DIRECTION('',(0.,0.,1.));
#13282=DIRECTION('center_axis',(-0.698738720338701,-0.715376964054222,0.));
#13283=DIRECTION('ref_axis',(0.715376964054222,-0.698738720338701,0.));
#13284=DIRECTION('',(0.715376964054222,-0.698738720338701,0.));
#13285=DIRECTION('',(0.715376964054222,-0.698738720338701,0.));
#13286=DIRECTION('',(0.,0.,1.));
#13287=DIRECTION('center_axis',(-0.710590533901229,-0.703605779630871,0.));
#13288=DIRECTION('ref_axis',(0.703605779630871,-0.710590533901229,0.));
#13289=DIRECTION('',(0.703605779630871,-0.710590533901229,0.));
#13290=DIRECTION('',(0.703605779630871,-0.710590533901229,0.));
#13291=DIRECTION('',(0.,0.,1.));
#13292=DIRECTION('center_axis',(-0.739204897687807,-0.673480600488506,0.));
#13293=DIRECTION('ref_axis',(0.673480600488506,-0.739204897687807,0.));
#13294=DIRECTION('',(0.673480600488506,-0.739204897687807,0.));
#13295=DIRECTION('',(0.673480600488506,-0.739204897687807,0.));
#13296=DIRECTION('',(0.,0.,1.));
#13297=DIRECTION('center_axis',(-0.784186075608194,-0.62052574388354,0.));
#13298=DIRECTION('ref_axis',(0.62052574388354,-0.784186075608193,0.));
#13299=DIRECTION('',(0.62052574388354,-0.784186075608194,0.));
#13300=DIRECTION('',(0.62052574388354,-0.784186075608194,0.));
#13301=DIRECTION('',(0.,0.,1.));
#13302=DIRECTION('center_axis',(-0.803432706483606,-0.595395571156209,0.));
#13303=DIRECTION('ref_axis',(0.595395571156209,-0.803432706483606,0.));
#13304=DIRECTION('',(0.595395571156209,-0.803432706483606,0.));
#13305=DIRECTION('',(0.595395571156209,-0.803432706483606,0.));
#13306=DIRECTION('',(0.,0.,1.));
#13307=DIRECTION('center_axis',(-0.865703189520259,0.500557676651204,0.));
#13308=DIRECTION('ref_axis',(-0.500557676651204,-0.865703189520259,0.));
#13309=DIRECTION('',(-0.500557676651204,-0.865703189520259,0.));
#13310=DIRECTION('',(-0.500557676651204,-0.865703189520259,0.));
#13311=DIRECTION('',(0.,0.,1.));
#13312=DIRECTION('center_axis',(0.114437405175927,0.993430460725159,0.));
#13313=DIRECTION('ref_axis',(-0.993430460725159,0.114437405175927,0.));
#13314=DIRECTION('',(-0.993430460725159,0.114437405175927,0.));
#13315=DIRECTION('',(-0.993430460725159,0.114437405175927,0.));
#13316=DIRECTION('',(0.,0.,1.));
#13317=DIRECTION('center_axis',(0.107932480956437,0.994158226619178,0.));
#13318=DIRECTION('ref_axis',(-0.994158226619178,0.107932480956437,0.));
#13319=DIRECTION('',(-0.994158226619178,0.107932480956437,0.));
#13320=DIRECTION('',(-0.994158226619178,0.107932480956437,0.));
#13321=DIRECTION('',(0.,0.,1.));
#13322=DIRECTION('center_axis',(0.187250983932781,0.982312103669809,0.));
#13323=DIRECTION('ref_axis',(-0.982312103669809,0.187250983932781,0.));
#13324=DIRECTION('',(-0.982312103669809,0.187250983932781,0.));
#13325=DIRECTION('',(-0.982312103669809,0.187250983932781,0.));
#13326=DIRECTION('',(0.,0.,1.));
#13327=DIRECTION('center_axis',(0.178027186505025,0.984025569213069,0.));
#13328=DIRECTION('ref_axis',(-0.984025569213069,0.178027186505025,0.));
#13329=DIRECTION('',(-0.984025569213069,0.178027186505025,0.));
#13330=DIRECTION('',(-0.984025569213069,0.178027186505025,0.));
#13331=DIRECTION('',(0.,0.,1.));
#13332=DIRECTION('center_axis',(0.265533365179919,0.96410167097471,0.));
#13333=DIRECTION('ref_axis',(-0.96410167097471,0.265533365179919,0.));
#13334=DIRECTION('',(-0.96410167097471,0.265533365179919,0.));
#13335=DIRECTION('',(-0.96410167097471,0.265533365179919,0.));
#13336=DIRECTION('',(0.,0.,1.));
#13337=DIRECTION('center_axis',(0.368840160216571,0.929492838171126,0.));
#13338=DIRECTION('ref_axis',(-0.929492838171126,0.368840160216571,0.));
#13339=DIRECTION('',(-0.929492838171126,0.368840160216571,0.));
#13340=DIRECTION('',(-0.929492838171126,0.368840160216571,0.));
#13341=DIRECTION('',(0.,0.,1.));
#13342=DIRECTION('center_axis',(0.469702174686489,0.882824935700608,0.));
#13343=DIRECTION('ref_axis',(-0.882824935700608,0.469702174686489,0.));
#13344=DIRECTION('',(-0.882824935700608,0.469702174686489,0.));
#13345=DIRECTION('',(-0.882824935700608,0.469702174686489,0.));
#13346=DIRECTION('',(0.,0.,1.));
#13347=DIRECTION('center_axis',(0.,0.,1.));
#13348=DIRECTION('ref_axis',(1.,0.,0.));
#13349=DIRECTION('center_axis',(0.,0.,1.));
#13350=DIRECTION('ref_axis',(1.,0.,0.));
#13351=DIRECTION('center_axis',(0.,0.,1.));
#13352=DIRECTION('ref_axis',(1.,0.,0.));
#13353=DIRECTION('',(0.,0.,1.));
#13354=DIRECTION('center_axis',(-0.668956770753232,-0.7433013109523,0.));
#13355=DIRECTION('ref_axis',(0.7433013109523,-0.668956770753232,0.));
#13356=DIRECTION('',(0.7433013109523,-0.668956770753232,0.));
#13357=DIRECTION('',(0.7433013109523,-0.668956770753232,0.));
#13358=DIRECTION('',(0.,0.,1.));
#13359=DIRECTION('center_axis',(-0.75599089063905,-0.65458213638227,0.));
#13360=DIRECTION('ref_axis',(0.65458213638227,-0.75599089063905,0.));
#13361=DIRECTION('',(0.65458213638227,-0.75599089063905,0.));
#13362=DIRECTION('',(0.65458213638227,-0.75599089063905,0.));
#13363=DIRECTION('',(0.,0.,1.));
#13364=DIRECTION('center_axis',(-0.81234721527172,-0.5831740750756,0.));
#13365=DIRECTION('ref_axis',(0.5831740750756,-0.81234721527172,0.));
#13366=DIRECTION('',(0.5831740750756,-0.81234721527172,0.));
#13367=DIRECTION('',(0.5831740750756,-0.81234721527172,0.));
#13368=DIRECTION('',(0.,0.,1.));
#13369=DIRECTION('center_axis',(-0.821974928432012,-0.569523675565107,0.));
#13370=DIRECTION('ref_axis',(0.569523675565107,-0.821974928432012,0.));
#13371=DIRECTION('',(0.569523675565107,-0.821974928432012,0.));
#13372=DIRECTION('',(0.569523675565107,-0.821974928432012,0.));
#13373=DIRECTION('',(0.,0.,1.));
#13374=DIRECTION('center_axis',(-0.844923393277474,-0.534887333456756,0.));
#13375=DIRECTION('ref_axis',(0.534887333456756,-0.844923393277474,0.));
#13376=DIRECTION('',(0.534887333456756,-0.844923393277474,0.));
#13377=DIRECTION('',(0.534887333456756,-0.844923393277474,0.));
#13378=DIRECTION('',(0.,0.,1.));
#13379=DIRECTION('center_axis',(-0.880025691683811,-0.474926080539308,0.));
#13380=DIRECTION('ref_axis',(0.474926080539308,-0.880025691683811,0.));
#13381=DIRECTION('',(0.474926080539308,-0.880025691683811,0.));
#13382=DIRECTION('',(0.474926080539308,-0.880025691683811,0.));
#13383=DIRECTION('',(0.,0.,1.));
#13384=DIRECTION('center_axis',(-0.894616114290595,-0.446835549225436,0.));
#13385=DIRECTION('ref_axis',(0.446835549225436,-0.894616114290595,0.));
#13386=DIRECTION('',(0.446835549225436,-0.894616114290595,0.));
#13387=DIRECTION('',(0.446835549225436,-0.894616114290595,0.));
#13388=DIRECTION('',(0.,0.,1.));
#13389=DIRECTION('center_axis',(-0.765630284479122,0.643280862056706,0.));
#13390=DIRECTION('ref_axis',(-0.643280862056706,-0.765630284479122,0.));
#13391=DIRECTION('',(-0.643280862056706,-0.765630284479122,0.));
#13392=DIRECTION('',(-0.643280862056706,-0.765630284479122,0.));
#13393=DIRECTION('',(0.,0.,1.));
#13394=DIRECTION('center_axis',(0.285206232995674,0.958466172934871,0.));
#13395=DIRECTION('ref_axis',(-0.958466172934871,0.285206232995674,0.));
#13396=DIRECTION('',(-0.95846617293487,0.285206232995674,0.));
#13397=DIRECTION('',(-0.95846617293487,0.285206232995674,0.));
#13398=DIRECTION('',(0.,0.,1.));
#13399=DIRECTION('center_axis',(0.278926508412808,0.960312450666261,0.));
#13400=DIRECTION('ref_axis',(-0.960312450666261,0.278926508412808,0.));
#13401=DIRECTION('',(-0.960312450666261,0.278926508412808,0.));
#13402=DIRECTION('',(-0.960312450666261,0.278926508412808,0.));
#13403=DIRECTION('',(0.,0.,1.));
#13404=DIRECTION('center_axis',(0.354982927437955,0.934872783445737,0.));
#13405=DIRECTION('ref_axis',(-0.934872783445737,0.354982927437955,0.));
#13406=DIRECTION('',(-0.934872783445737,0.354982927437955,0.));
#13407=DIRECTION('',(-0.934872783445737,0.354982927437955,0.));
#13408=DIRECTION('',(0.,0.,1.));
#13409=DIRECTION('center_axis',(0.346196800390099,0.938161913210965,0.));
#13410=DIRECTION('ref_axis',(-0.938161913210965,0.346196800390099,0.));
#13411=DIRECTION('',(-0.938161913210965,0.346196800390099,0.));
#13412=DIRECTION('',(-0.938161913210965,0.346196800390099,0.));
#13413=DIRECTION('',(0.,0.,1.));
#13414=DIRECTION('center_axis',(0.428913814963764,0.9033454152943,0.));
#13415=DIRECTION('ref_axis',(-0.903345415294299,0.428913814963764,0.));
#13416=DIRECTION('',(-0.903345415294299,0.428913814963764,0.));
#13417=DIRECTION('',(-0.903345415294299,0.428913814963764,0.));
#13418=DIRECTION('',(0.,0.,1.));
#13419=DIRECTION('center_axis',(0.524641386905551,0.851323331728797,0.));
#13420=DIRECTION('ref_axis',(-0.851323331728797,0.524641386905551,0.));
#13421=DIRECTION('',(-0.851323331728797,0.524641386905551,0.));
#13422=DIRECTION('',(-0.851323331728797,0.524641386905551,0.));
#13423=DIRECTION('',(0.,0.,1.));
#13424=DIRECTION('center_axis',(0.615867284521631,0.787849914549689,0.));
#13425=DIRECTION('ref_axis',(-0.787849914549689,0.615867284521631,0.));
#13426=DIRECTION('',(-0.787849914549689,0.615867284521631,0.));
#13427=DIRECTION('',(-0.787849914549689,0.615867284521631,0.));
#13428=DIRECTION('',(0.,0.,1.));
#13429=DIRECTION('center_axis',(0.,0.,1.));
#13430=DIRECTION('ref_axis',(1.,0.,0.));
#13431=DIRECTION('center_axis',(0.,0.,1.));
#13432=DIRECTION('ref_axis',(1.,0.,0.));
#13433=DIRECTION('center_axis',(0.,0.,1.));
#13434=DIRECTION('ref_axis',(1.,0.,0.));
#13435=DIRECTION('',(0.,0.,1.));
#13436=DIRECTION('center_axis',(-0.787866732371681,-0.615845769671246,0.));
#13437=DIRECTION('ref_axis',(0.615845769671246,-0.787866732371681,0.));
#13438=DIRECTION('',(0.615845769671246,-0.787866732371681,0.));
#13439=DIRECTION('',(0.615845769671246,-0.787866732371681,0.));
#13440=DIRECTION('',(0.,0.,1.));
#13441=DIRECTION('center_axis',(-0.858172685424013,-0.513361122400342,0.));
#13442=DIRECTION('ref_axis',(0.513361122400342,-0.858172685424013,0.));
#13443=DIRECTION('',(0.513361122400342,-0.858172685424013,0.));
#13444=DIRECTION('',(0.513361122400342,-0.858172685424013,0.));
#13445=DIRECTION('',(0.,0.,1.));
#13446=DIRECTION('center_axis',(-0.901272951136898,-0.433251736925528,0.));
#13447=DIRECTION('ref_axis',(0.433251736925528,-0.901272951136898,0.));
#13448=DIRECTION('',(0.433251736925528,-0.901272951136898,0.));
#13449=DIRECTION('',(0.433251736925528,-0.901272951136898,0.));
#13450=DIRECTION('',(0.,0.,1.));
#13451=DIRECTION('center_axis',(-0.908384030702007,-0.418136882809416,0.));
#13452=DIRECTION('ref_axis',(0.418136882809416,-0.908384030702007,0.));
#13453=DIRECTION('',(0.418136882809416,-0.908384030702007,0.));
#13454=DIRECTION('',(0.418136882809416,-0.908384030702007,0.));
#13455=DIRECTION('',(0.,0.,1.));
#13456=DIRECTION('center_axis',(-0.924969319113617,-0.380041785463772,0.));
#13457=DIRECTION('ref_axis',(0.380041785463772,-0.924969319113617,0.));
#13458=DIRECTION('',(0.380041785463772,-0.924969319113617,0.));
#13459=DIRECTION('',(0.380041785463772,-0.924969319113617,0.));
#13460=DIRECTION('',(0.,0.,1.));
#13461=DIRECTION('center_axis',(-0.949126172432603,-0.314896028560916,0.));
#13462=DIRECTION('ref_axis',(0.314896028560916,-0.949126172432603,0.));
#13463=DIRECTION('',(0.314896028560916,-0.949126172432603,0.));
#13464=DIRECTION('',(0.314896028560916,-0.949126172432603,0.));
#13465=DIRECTION('',(0.,0.,1.));
#13466=DIRECTION('center_axis',(-0.958617064162408,-0.284698655242076,0.));
#13467=DIRECTION('ref_axis',(0.284698655242076,-0.958617064162408,0.));
#13468=DIRECTION('',(0.284698655242076,-0.958617064162408,0.));
#13469=DIRECTION('',(0.284698655242076,-0.958617064162408,0.));
#13470=DIRECTION('',(0.,0.,1.));
#13471=DIRECTION('center_axis',(-0.642294090671621,0.766458283984403,0.));
#13472=DIRECTION('ref_axis',(-0.766458283984403,-0.642294090671621,0.));
#13473=DIRECTION('',(-0.766458283984403,-0.642294090671621,0.));
#13474=DIRECTION('',(-0.766458283984403,-0.642294090671621,0.));
#13475=DIRECTION('',(0.,0.,1.));
#13476=DIRECTION('center_axis',(0.447309213747184,0.894379375487201,0.));
#13477=DIRECTION('ref_axis',(-0.894379375487201,0.447309213747184,0.));
#13478=DIRECTION('',(-0.894379375487201,0.447309213747184,0.));
#13479=DIRECTION('',(-0.894379375487201,0.447309213747184,0.));
#13480=DIRECTION('',(0.,0.,1.));
#13481=DIRECTION('center_axis',(0.441445495055165,0.897288066841134,0.));
#13482=DIRECTION('ref_axis',(-0.897288066841134,0.441445495055165,0.));
#13483=DIRECTION('',(-0.897288066841134,0.441445495055165,0.));
#13484=DIRECTION('',(-0.897288066841134,0.441445495055165,0.));
#13485=DIRECTION('',(0.,0.,1.));
#13486=DIRECTION('center_axis',(0.511928894323071,0.859027826765325,0.));
#13487=DIRECTION('ref_axis',(-0.859027826765325,0.511928894323071,0.));
#13488=DIRECTION('',(-0.859027826765325,0.511928894323071,0.));
#13489=DIRECTION('',(-0.859027826765325,0.511928894323071,0.));
#13490=DIRECTION('',(0.,0.,1.));
#13491=DIRECTION('center_axis',(0.503847399679,0.863792682208358,0.));
#13492=DIRECTION('ref_axis',(-0.863792682208358,0.503847399679,0.));
#13493=DIRECTION('',(-0.863792682208358,0.503847399679,0.));
#13494=DIRECTION('',(-0.863792682208358,0.503847399679,0.));
#13495=DIRECTION('',(0.,0.,1.));
#13496=DIRECTION('center_axis',(0.579261935518389,0.815141466286368,0.));
#13497=DIRECTION('ref_axis',(-0.815141466286368,0.579261935518389,0.));
#13498=DIRECTION('',(-0.815141466286368,0.579261935518389,0.));
#13499=DIRECTION('',(-0.815141466286368,0.579261935518389,0.));
#13500=DIRECTION('',(0.,0.,1.));
#13501=DIRECTION('center_axis',(0.664501650536879,0.747286796640863,0.));
#13502=DIRECTION('ref_axis',(-0.747286796640863,0.664501650536879,0.));
#13503=DIRECTION('',(-0.747286796640863,0.664501650536879,0.));
#13504=DIRECTION('',(-0.747286796640863,0.664501650536879,0.));
#13505=DIRECTION('',(0.,0.,1.));
#13506=DIRECTION('center_axis',(0.743319578559025,0.668936472417848,0.));
#13507=DIRECTION('ref_axis',(-0.668936472417848,0.743319578559025,0.));
#13508=DIRECTION('',(-0.668936472417848,0.743319578559025,0.));
#13509=DIRECTION('',(-0.668936472417848,0.743319578559025,0.));
#13510=DIRECTION('',(0.,0.,1.));
#13511=DIRECTION('center_axis',(0.,0.,1.));
#13512=DIRECTION('ref_axis',(1.,0.,0.));
#13513=DIRECTION('center_axis',(0.,0.,1.));
#13514=DIRECTION('ref_axis',(1.,0.,0.));
#13515=DIRECTION('center_axis',(0.,0.,1.));
#13516=DIRECTION('ref_axis',(1.,0.,0.));
#13517=DIRECTION('',(0.,0.,1.));
#13518=DIRECTION('center_axis',(-0.882837762007362,-0.469678066311206,0.));
#13519=DIRECTION('ref_axis',(0.469678066311206,-0.882837762007362,0.));
#13520=DIRECTION('',(0.469678066311206,-0.882837762007362,0.));
#13521=DIRECTION('',(0.469678066311206,-0.882837762007362,0.));
#13522=DIRECTION('',(0.,0.,1.));
#13523=DIRECTION('center_axis',(-0.93427933741879,-0.356541890487368,0.));
#13524=DIRECTION('ref_axis',(0.356541890487368,-0.93427933741879,0.));
#13525=DIRECTION('',(0.356541890487368,-0.93427933741879,0.));
#13526=DIRECTION('',(0.356541890487368,-0.93427933741879,0.));
#13527=DIRECTION('',(0.,0.,1.));
#13528=DIRECTION('center_axis',(-0.962813964447882,-0.270165263985126,0.));
#13529=DIRECTION('ref_axis',(0.270165263985126,-0.962813964447882,0.));
#13530=DIRECTION('',(0.270165263985126,-0.962813964447882,0.));
#13531=DIRECTION('',(0.270165263985126,-0.962813964447882,0.));
#13532=DIRECTION('',(0.,0.,1.));
#13533=DIRECTION('center_axis',(-0.967192343862626,-0.254045212459358,0.));
#13534=DIRECTION('ref_axis',(0.254045212459358,-0.967192343862626,0.));
#13535=DIRECTION('',(0.254045212459358,-0.967192343862626,0.));
#13536=DIRECTION('',(0.254045212459358,-0.967192343862626,0.));
#13537=DIRECTION('',(0.,0.,1.));
#13538=DIRECTION('center_axis',(-0.976910520243949,-0.213648860134327,0.));
#13539=DIRECTION('ref_axis',(0.213648860134327,-0.976910520243949,0.));
#13540=DIRECTION('',(0.213648860134327,-0.976910520243949,0.));
#13541=DIRECTION('',(0.213648860134327,-0.976910520243949,0.));
#13542=DIRECTION('',(0.,0.,1.));
#13543=DIRECTION('center_axis',(-0.989387934712555,-0.145298020100844,0.));
#13544=DIRECTION('ref_axis',(0.145298020100844,-0.989387934712555,0.));
#13545=DIRECTION('',(0.145298020100844,-0.989387934712555,0.));
#13546=DIRECTION('',(0.145298020100844,-0.989387934712555,0.));
#13547=DIRECTION('',(0.,0.,1.));
#13548=DIRECTION('center_axis',(-0.993490919624005,-0.113911336681866,0.));
#13549=DIRECTION('ref_axis',(0.113911336681866,-0.993490919624005,0.));
#13550=DIRECTION('',(0.113911336681866,-0.993490919624005,0.));
#13551=DIRECTION('',(0.113911336681866,-0.993490919624005,0.));
#13552=DIRECTION('',(0.,0.,1.));
#13553=DIRECTION('center_axis',(-0.499442115935936,0.866347258799516,0.));
#13554=DIRECTION('ref_axis',(-0.866347258799516,-0.499442115935936,0.));
#13555=DIRECTION('',(-0.866347258799516,-0.499442115935936,0.));
#13556=DIRECTION('',(-0.866347258799516,-0.499442115935936,0.));
#13557=DIRECTION('',(0.,0.,1.));
#13558=DIRECTION('center_axis',(0.595820930387458,0.803117313293783,0.));
#13559=DIRECTION('ref_axis',(-0.803117313293783,0.595820930387458,0.));
#13560=DIRECTION('',(-0.803117313293783,0.595820930387458,0.));
#13561=DIRECTION('',(-0.803117313293783,0.595820930387458,0.));
#13562=DIRECTION('',(0.,0.,1.));
#13563=DIRECTION('center_axis',(0.590551383711532,0.807000039155139,0.));
#13564=DIRECTION('ref_axis',(-0.807000039155139,0.590551383711532,0.));
#13565=DIRECTION('',(-0.807000039155139,0.590551383711532,0.));
#13566=DIRECTION('',(-0.807000039155139,0.590551383711532,0.));
#13567=DIRECTION('',(0.,0.,1.));
#13568=DIRECTION('center_axis',(0.653320160804611,0.75708174425635,0.));
#13569=DIRECTION('ref_axis',(-0.75708174425635,0.653320160804611,0.));
#13570=DIRECTION('',(-0.75708174425635,0.653320160804611,0.));
#13571=DIRECTION('',(-0.75708174425635,0.653320160804611,0.));
#13572=DIRECTION('',(0.,0.,1.));
#13573=DIRECTION('center_axis',(0.646188850684038,0.763177547659548,0.));
#13574=DIRECTION('ref_axis',(-0.763177547659548,0.646188850684038,0.));
#13575=DIRECTION('',(-0.763177547659548,0.646188850684038,0.));
#13576=DIRECTION('',(-0.763177547659548,0.646188850684038,0.));
#13577=DIRECTION('',(0.,0.,1.));
#13578=DIRECTION('center_axis',(0.712009475286161,0.702169856304531,0.));
#13579=DIRECTION('ref_axis',(-0.702169856304531,0.712009475286161,0.));
#13580=DIRECTION('',(-0.702169856304531,0.712009475286161,0.));
#13581=DIRECTION('',(-0.702169856304531,0.712009475286161,0.));
#13582=DIRECTION('',(0.,0.,1.));
#13583=DIRECTION('center_axis',(0.784171367768667,0.620544330384073,0.));
#13584=DIRECTION('ref_axis',(-0.620544330384073,0.784171367768667,0.));
#13585=DIRECTION('',(-0.620544330384073,0.784171367768667,0.));
#13586=DIRECTION('',(-0.620544330384073,0.784171367768667,0.));
#13587=DIRECTION('',(0.,0.,1.));
#13588=DIRECTION('center_axis',(0.848186483341938,0.529697734067305,0.));
#13589=DIRECTION('ref_axis',(-0.529697734067305,0.848186483341938,0.));
#13590=DIRECTION('',(-0.529697734067305,0.848186483341938,0.));
#13591=DIRECTION('',(-0.529697734067305,0.848186483341938,0.));
#13592=DIRECTION('',(0.,0.,1.));
#13593=DIRECTION('center_axis',(0.,0.,1.));
#13594=DIRECTION('ref_axis',(1.,0.,0.));
#13595=DIRECTION('center_axis',(0.,0.,1.));
#13596=DIRECTION('ref_axis',(1.,0.,0.));
#13597=DIRECTION('center_axis',(0.,0.,1.));
#13598=DIRECTION('ref_axis',(1.,0.,0.));
#13599=DIRECTION('',(0.,0.,1.));
#13600=DIRECTION('center_axis',(-0.95098421298211,-0.309239432574173,0.));
#13601=DIRECTION('ref_axis',(0.309239432574173,-0.95098421298211,0.));
#13602=DIRECTION('',(0.309239432574173,-0.95098421298211,0.));
#13603=DIRECTION('',(0.309239432574173,-0.95098421298211,0.));
#13604=DIRECTION('',(0.,0.,1.));
#13605=DIRECTION('center_axis',(-0.981998384514152,-0.188889313651133,0.));
#13606=DIRECTION('ref_axis',(0.188889313651133,-0.981998384514152,0.));
#13607=DIRECTION('',(0.188889313651133,-0.981998384514152,0.));
#13608=DIRECTION('',(0.188889313651133,-0.981998384514152,0.));
#13609=DIRECTION('',(0.,0.,1.));
#13610=DIRECTION('center_axis',(-0.995100362656593,-0.0988699562087325,
0.));
#13611=DIRECTION('ref_axis',(0.0988699562087325,-0.995100362656593,0.));
#13612=DIRECTION('',(0.0988699562087325,-0.995100362656593,0.));
#13613=DIRECTION('',(0.0988699562087325,-0.995100362656593,0.));
#13614=DIRECTION('',(0.,0.,1.));
#13615=DIRECTION('center_axis',(-0.996613007078626,-0.0822345068794012,
0.));
#13616=DIRECTION('ref_axis',(0.0822345068794012,-0.996613007078626,0.));
#13617=DIRECTION('',(0.0822345068794012,-0.996613007078626,0.));
#13618=DIRECTION('',(0.0822345068794012,-0.996613007078626,0.));
#13619=DIRECTION('',(0.,0.,1.));
#13620=DIRECTION('center_axis',(-0.999168789558376,-0.0407643222984339,
0.));
#13621=DIRECTION('ref_axis',(0.0407643222984339,-0.999168789558376,0.));
#13622=DIRECTION('',(0.0407643222984339,-0.999168789558376,0.));
#13623=DIRECTION('',(0.0407643222984339,-0.999168789558376,0.));
#13624=DIRECTION('',(0.,0.,1.));
#13625=DIRECTION('center_axis',(-0.999587645250799,0.0287147951753698,0.));
#13626=DIRECTION('ref_axis',(-0.0287147951753698,-0.999587645250799,0.));
#13627=DIRECTION('',(-0.0287147951753698,-0.999587645250799,0.));
#13628=DIRECTION('',(-0.0287147951753698,-0.999587645250799,0.));
#13629=DIRECTION('',(0.,0.,1.));
#13630=DIRECTION('center_axis',(-0.998178056223294,0.0603371202021249,0.));
#13631=DIRECTION('ref_axis',(-0.0603371202021249,-0.998178056223294,0.));
#13632=DIRECTION('',(-0.0603371202021249,-0.998178056223294,0.));
#13633=DIRECTION('',(-0.0603371202021249,-0.998178056223294,0.));
#13634=DIRECTION('',(0.,0.,1.));
#13635=DIRECTION('center_axis',(-0.341414845237574,0.939912710548912,0.));
#13636=DIRECTION('ref_axis',(-0.939912710548912,-0.341414845237574,0.));
#13637=DIRECTION('',(-0.939912710548912,-0.341414845237574,0.));
#13638=DIRECTION('',(-0.939912710548912,-0.341414845237574,0.));
#13639=DIRECTION('',(0.,0.,1.));
#13640=DIRECTION('center_axis',(0.726228929559811,0.687452937931325,0.));
#13641=DIRECTION('ref_axis',(-0.687452937931325,0.726228929559811,0.));
#13642=DIRECTION('',(-0.687452937931325,0.726228929559811,0.));
#13643=DIRECTION('',(-0.687452937931325,0.726228929559811,0.));
#13644=DIRECTION('',(0.,0.,1.));
#13645=DIRECTION('center_axis',(0.721713667407644,0.692191723640935,0.));
#13646=DIRECTION('ref_axis',(-0.692191723640935,0.721713667407644,0.));
#13647=DIRECTION('',(-0.692191723640935,0.721713667407644,0.));
#13648=DIRECTION('',(-0.692191723640935,0.721713667407644,0.));
#13649=DIRECTION('',(0.,0.,1.));
#13650=DIRECTION('center_axis',(0.774860624793516,0.632132116052177,0.));
#13651=DIRECTION('ref_axis',(-0.632132116052176,0.774860624793516,0.));
#13652=DIRECTION('',(-0.632132116052176,0.774860624793516,0.));
#13653=DIRECTION('',(-0.632132116052176,0.774860624793516,0.));
#13654=DIRECTION('',(0.,0.,1.));
#13655=DIRECTION('center_axis',(0.768896180454196,0.639373649506256,0.));
#13656=DIRECTION('ref_axis',(-0.639373649506256,0.768896180454196,0.));
#13657=DIRECTION('',(-0.639373649506256,0.768896180454196,0.));
#13658=DIRECTION('',(-0.639373649506256,0.768896180454196,0.));
#13659=DIRECTION('',(0.,0.,1.));
#13660=DIRECTION('center_axis',(0.823122967440207,0.567863170554693,0.));
#13661=DIRECTION('ref_axis',(-0.567863170554693,0.823122967440207,0.));
#13662=DIRECTION('',(-0.567863170554693,0.823122967440207,0.));
#13663=DIRECTION('',(-0.567863170554693,0.823122967440207,0.));
#13664=DIRECTION('',(0.,0.,1.));
#13665=DIRECTION('center_axis',(0.880014434801185,0.474946938658995,0.));
#13666=DIRECTION('ref_axis',(-0.474946938658995,0.880014434801185,0.));
#13667=DIRECTION('',(-0.474946938658995,0.880014434801185,0.));
#13668=DIRECTION('',(-0.474946938658995,0.880014434801185,0.));
#13669=DIRECTION('',(0.,0.,1.));
#13670=DIRECTION('center_axis',(0.927281671030235,0.374364398108815,0.));
#13671=DIRECTION('ref_axis',(-0.374364398108815,0.927281671030235,0.));
#13672=DIRECTION('',(-0.374364398108815,0.927281671030235,0.));
#13673=DIRECTION('',(-0.374364398108815,0.927281671030235,0.));
#13674=DIRECTION('',(0.,0.,1.));
#13675=DIRECTION('center_axis',(0.,0.,1.));
#13676=DIRECTION('ref_axis',(1.,0.,0.));
#13677=DIRECTION('center_axis',(0.,0.,1.));
#13678=DIRECTION('ref_axis',(1.,0.,0.));
#13679=DIRECTION('center_axis',(0.,0.,1.));
#13680=DIRECTION('ref_axis',(1.,0.,0.));
#13681=DIRECTION('',(0.,0.,1.));
#13682=DIRECTION('center_axis',(-0.990235489866223,-0.139404715162009,0.));
#13683=DIRECTION('ref_axis',(0.139404715162009,-0.990235489866223,0.));
#13684=DIRECTION('',(0.139404715162009,-0.990235489866223,0.));
#13685=DIRECTION('',(0.139404715162009,-0.990235489866223,0.));
#13686=DIRECTION('',(0.,0.,1.));
#13687=DIRECTION('center_axis',(-0.999879907611282,-0.0154974306016806,
0.));
#13688=DIRECTION('ref_axis',(0.0154974306016806,-0.999879907611282,0.));
#13689=DIRECTION('',(0.0154974306016806,-0.999879907611282,0.));
#13690=DIRECTION('',(0.0154974306016806,-0.999879907611282,0.));
#13691=DIRECTION('',(0.,0.,1.));
#13692=DIRECTION('center_axis',(-0.997151139891122,0.0754294651567661,0.));
#13693=DIRECTION('ref_axis',(-0.0754294651567661,-0.997151139891122,0.));
#13694=DIRECTION('',(-0.0754294651567661,-0.997151139891122,0.));
#13695=DIRECTION('',(-0.0754294651567661,-0.997151139891122,0.));
#13696=DIRECTION('',(0.,0.,1.));
#13697=DIRECTION('center_axis',(-0.99575208838486,0.0920748525776142,0.));
#13698=DIRECTION('ref_axis',(-0.0920748525776142,-0.99575208838486,0.));
#13699=DIRECTION('',(-0.0920748525776141,-0.99575208838486,0.));
#13700=DIRECTION('',(-0.0920748525776141,-0.99575208838486,0.));
#13701=DIRECTION('',(0.,0.,1.));
#13702=DIRECTION('center_axis',(-0.991067820805189,0.133358818847702,0.));
#13703=DIRECTION('ref_axis',(-0.133358818847702,-0.991067820805189,0.));
#13704=DIRECTION('',(-0.133358818847702,-0.991067820805189,0.));
#13705=DIRECTION('',(-0.133358818847702,-0.991067820805189,0.));
#13706=DIRECTION('',(0.,0.,1.));
#13707=DIRECTION('center_axis',(-0.979415391003868,0.2018551259313,0.));
#13708=DIRECTION('ref_axis',(-0.2018551259313,-0.979415391003868,0.));
#13709=DIRECTION('',(-0.2018551259313,-0.979415391003868,0.));
#13710=DIRECTION('',(-0.2018551259313,-0.979415391003868,0.));
#13711=DIRECTION('',(0.,0.,1.));
#13712=DIRECTION('center_axis',(-0.972536057686664,0.232752264219452,0.));
#13713=DIRECTION('ref_axis',(-0.232752264219452,-0.972536057686664,0.));
#13714=DIRECTION('',(-0.232752264219452,-0.972536057686664,0.));
#13715=DIRECTION('',(-0.232752264219452,-0.972536057686664,0.));
#13716=DIRECTION('',(0.,0.,1.));
#13717=DIRECTION('center_axis',(-0.173013857230667,0.984919390207222,0.));
#13718=DIRECTION('ref_axis',(-0.984919390207222,-0.173013857230667,0.));
#13719=DIRECTION('',(-0.984919390207222,-0.173013857230667,0.));
#13720=DIRECTION('',(-0.984919390207222,-0.173013857230667,0.));
#13721=DIRECTION('',(0.,0.,1.));
#13722=DIRECTION('center_axis',(0.83457083019531,0.550900652919481,0.));
#13723=DIRECTION('ref_axis',(-0.550900652919481,0.83457083019531,0.));
#13724=DIRECTION('',(-0.550900652919481,0.83457083019531,0.));
#13725=DIRECTION('',(-0.550900652919481,0.83457083019531,0.));
#13726=DIRECTION('',(0.,0.,1.));
#13727=DIRECTION('center_axis',(0.830947046524385,0.556351512869697,0.));
#13728=DIRECTION('ref_axis',(-0.556351512869697,0.830947046524386,0.));
#13729=DIRECTION('',(-0.556351512869697,0.830947046524385,0.));
#13730=DIRECTION('',(-0.556351512869697,0.830947046524385,0.));
#13731=DIRECTION('',(0.,0.,1.));
#13732=DIRECTION('center_axis',(0.872857340798142,0.487975473374222,0.));
#13733=DIRECTION('ref_axis',(-0.487975473374222,0.872857340798142,0.));
#13734=DIRECTION('',(-0.487975473374222,0.872857340798142,0.));
#13735=DIRECTION('',(-0.487975473374222,0.872857340798142,0.));
#13736=DIRECTION('',(0.,0.,1.));
#13737=DIRECTION('center_axis',(0.86824098885598,0.496142706557691,0.));
#13738=DIRECTION('ref_axis',(-0.496142706557691,0.868240988855979,0.));
#13739=DIRECTION('',(-0.496142706557691,0.868240988855979,0.));
#13740=DIRECTION('',(-0.496142706557691,0.868240988855979,0.));
#13741=DIRECTION('',(0.,0.,1.));
#13742=DIRECTION('center_axis',(0.909226284748377,0.416302249720877,0.));
#13743=DIRECTION('ref_axis',(-0.416302249720877,0.909226284748377,0.));
#13744=DIRECTION('',(-0.416302249720877,0.909226284748377,0.));
#13745=DIRECTION('',(-0.416302249720877,0.909226284748377,0.));
#13746=DIRECTION('',(0.,0.,1.));
#13747=DIRECTION('center_axis',(0.949118708541565,0.314918524536732,0.));
#13748=DIRECTION('ref_axis',(-0.314918524536732,0.949118708541565,0.));
#13749=DIRECTION('',(-0.314918524536732,0.949118708541565,0.));
#13750=DIRECTION('',(-0.314918524536732,0.949118708541565,0.));
#13751=DIRECTION('',(0.,0.,1.));
#13752=DIRECTION('center_axis',(0.97820187437147,0.207656189351876,0.));
#13753=DIRECTION('ref_axis',(-0.207656189351876,0.97820187437147,0.));
#13754=DIRECTION('',(-0.207656189351876,0.97820187437147,0.));
#13755=DIRECTION('',(-0.207656189351876,0.97820187437147,0.));
#13756=DIRECTION('',(0.,0.,1.));
#13757=DIRECTION('center_axis',(0.,0.,1.));
#13758=DIRECTION('ref_axis',(1.,0.,0.));
#13759=DIRECTION('center_axis',(0.,0.,1.));
#13760=DIRECTION('ref_axis',(1.,0.,0.));
#13761=DIRECTION('center_axis',(0.,0.,1.));
#13762=DIRECTION('ref_axis',(1.,0.,0.));
#13763=DIRECTION('',(0.,0.,1.));
#13764=DIRECTION('center_axis',(-0.999398962474184,0.0346657439776436,0.));
#13765=DIRECTION('ref_axis',(-0.0346657439776436,-0.999398962474184,0.));
#13766=DIRECTION('',(-0.0346657439776436,-0.999398962474184,0.));
#13767=DIRECTION('',(-0.0346657439776436,-0.999398962474184,0.));
#13768=DIRECTION('',(0.,0.,1.));
#13769=DIRECTION('center_axis',(-0.987380585679233,0.15836533403411,0.));
#13770=DIRECTION('ref_axis',(-0.15836533403411,-0.987380585679233,0.));
#13771=DIRECTION('',(-0.15836533403411,-0.987380585679233,0.));
#13772=DIRECTION('',(-0.15836533403411,-0.987380585679233,0.));
#13773=DIRECTION('',(0.,0.,1.));
#13774=DIRECTION('center_axis',(-0.968903984322159,0.247437000395346,0.));
#13775=DIRECTION('ref_axis',(-0.247437000395346,-0.968903984322159,0.));
#13776=DIRECTION('',(-0.247437000395346,-0.968903984322159,0.));
#13777=DIRECTION('',(-0.247437000395346,-0.968903984322159,0.));
#13778=DIRECTION('',(0.,0.,1.));
#13779=DIRECTION('center_axis',(-0.964635746360569,0.263586564231539,0.));
#13780=DIRECTION('ref_axis',(-0.263586564231539,-0.964635746360569,0.));
#13781=DIRECTION('',(-0.263586564231539,-0.964635746360569,0.));
#13782=DIRECTION('',(-0.263586564231539,-0.964635746360569,0.));
#13783=DIRECTION('',(0.,0.,1.));
#13784=DIRECTION('center_axis',(-0.952853757823225,0.303429919754395,0.));
#13785=DIRECTION('ref_axis',(-0.303429919754395,-0.952853757823225,0.));
#13786=DIRECTION('',(-0.303429919754395,-0.952853757823225,0.));
#13787=DIRECTION('',(-0.303429919754395,-0.952853757823225,0.));
#13788=DIRECTION('',(0.,0.,1.));
#13789=DIRECTION('center_axis',(-0.929484095709322,0.368862190829344,0.));
#13790=DIRECTION('ref_axis',(-0.368862190829344,-0.929484095709322,0.));
#13791=DIRECTION('',(-0.368862190829344,-0.929484095709322,0.));
#13792=DIRECTION('',(-0.368862190829344,-0.929484095709322,0.));
#13793=DIRECTION('',(0.,0.,1.));
#13794=DIRECTION('center_axis',(-0.917344043164265,0.398095348466971,0.));
#13795=DIRECTION('ref_axis',(-0.398095348466971,-0.917344043164265,0.));
#13796=DIRECTION('',(-0.398095348466971,-0.917344043164265,0.));
#13797=DIRECTION('',(-0.398095348466971,-0.917344043164265,0.));
#13798=DIRECTION('',(0.,0.,1.));
#13799=DIRECTION('center_axis',(0.00064406927909751,0.99999979258736,0.));
#13800=DIRECTION('ref_axis',(-0.99999979258736,0.00064406927909751,0.));
#13801=DIRECTION('',(-0.99999979258736,0.00064406927909751,0.));
#13802=DIRECTION('',(-0.99999979258736,0.00064406927909751,0.));
#13803=DIRECTION('',(0.,0.,1.));
#13804=DIRECTION('center_axis',(0.917554718469177,0.397609530337175,0.));
#13805=DIRECTION('ref_axis',(-0.397609530337175,0.917554718469177,0.));
#13806=DIRECTION('',(-0.397609530337175,0.917554718469177,0.));
#13807=DIRECTION('',(-0.397609530337175,0.917554718469177,0.));
#13808=DIRECTION('',(0.,0.,1.));
#13809=DIRECTION('center_axis',(0.914932520111847,0.403606842907531,0.));
#13810=DIRECTION('ref_axis',(-0.403606842907531,0.914932520111847,0.));
#13811=DIRECTION('',(-0.40360684290753,0.914932520111847,0.));
#13812=DIRECTION('',(-0.40360684290753,0.914932520111847,0.));
#13813=DIRECTION('',(0.,0.,1.));
#13814=DIRECTION('center_axis',(0.944332728189045,0.32899194286644,0.));
#13815=DIRECTION('ref_axis',(-0.32899194286644,0.944332728189045,0.));
#13816=DIRECTION('',(-0.32899194286644,0.944332728189045,0.));
#13817=DIRECTION('',(-0.32899194286644,0.944332728189045,0.));
#13818=DIRECTION('',(0.,0.,1.));
#13819=DIRECTION('center_axis',(0.941204734165049,0.337836718527309,0.));
#13820=DIRECTION('ref_axis',(-0.337836718527309,0.941204734165049,0.));
#13821=DIRECTION('',(-0.337836718527309,0.941204734165049,0.));
#13822=DIRECTION('',(-0.337836718527309,0.941204734165049,0.));
#13823=DIRECTION('',(0.,0.,1.));
#13824=DIRECTION('center_axis',(0.967703221484922,0.252092195689797,0.));
#13825=DIRECTION('ref_axis',(-0.252092195689797,0.967703221484922,0.));
#13826=DIRECTION('',(-0.252092195689797,0.967703221484922,0.));
#13827=DIRECTION('',(-0.252092195689797,0.967703221484922,0.));
#13828=DIRECTION('',(0.,0.,1.));
#13829=DIRECTION('center_axis',(0.989384490600232,0.145321470401723,0.));
#13830=DIRECTION('ref_axis',(-0.145321470401723,0.989384490600232,0.));
#13831=DIRECTION('',(-0.145321470401723,0.989384490600232,0.));
#13832=DIRECTION('',(-0.145321470401723,0.989384490600232,0.));
#13833=DIRECTION('',(0.,0.,1.));
#13834=DIRECTION('center_axis',(0.719619084820196,-0.694369046518163,0.));
#13835=DIRECTION('ref_axis',(0.694369046518163,0.719619084820196,0.));
#13836=DIRECTION('',(0.694369046518163,0.719619084820196,0.));
#13837=DIRECTION('',(0.694369046518163,0.719619084820196,0.));
#13838=DIRECTION('',(0.,0.,1.));
#13839=DIRECTION('center_axis',(0.,0.,1.));
#13840=DIRECTION('ref_axis',(1.,0.,0.));
#13841=DIRECTION('center_axis',(0.,0.,1.));
#13842=DIRECTION('ref_axis',(1.,0.,0.));
#13843=DIRECTION('center_axis',(0.,0.,1.));
#13844=DIRECTION('ref_axis',(1.,0.,0.));
#13845=DIRECTION('',(0.,0.,1.));
#13846=DIRECTION('center_axis',(0.0824224029327722,0.996597485193891,0.));
#13847=DIRECTION('ref_axis',(-0.996597485193891,0.0824224029327722,0.));
#13848=DIRECTION('',(-0.996597485193891,0.0824224029327722,0.));
#13849=DIRECTION('',(-0.996597485193891,0.0824224029327722,0.));
#13850=DIRECTION('',(0.,0.,1.));
#13851=DIRECTION('center_axis',(-0.978196203328213,0.207682902026789,0.));
#13852=DIRECTION('ref_axis',(-0.207682902026789,-0.978196203328213,0.));
#13853=DIRECTION('',(-0.207682902026789,-0.978196203328213,0.));
#13854=DIRECTION('',(-0.207682902026789,-0.978196203328213,0.));
#13855=DIRECTION('',(0.,0.,1.));
#13856=DIRECTION('center_axis',(-0.94488020428964,0.327416248133119,0.));
#13857=DIRECTION('ref_axis',(-0.327416248133119,-0.94488020428964,0.));
#13858=DIRECTION('',(-0.327416248133119,-0.94488020428964,0.));
#13859=DIRECTION('',(-0.327416248133119,-0.94488020428964,0.));
#13860=DIRECTION('',(0.,0.,1.));
#13861=DIRECTION('center_axis',(-0.911217171480208,0.411926287580205,0.));
#13862=DIRECTION('ref_axis',(-0.411926287580205,-0.911217171480208,0.));
#13863=DIRECTION('',(-0.411926287580205,-0.911217171480208,0.));
#13864=DIRECTION('',(-0.411926287580205,-0.911217171480208,0.));
#13865=DIRECTION('',(0.,0.,1.));
#13866=DIRECTION('center_axis',(-0.904209435311727,0.427089331514201,0.));
#13867=DIRECTION('ref_axis',(-0.427089331514201,-0.904209435311727,0.));
#13868=DIRECTION('',(-0.427089331514201,-0.904209435311727,0.));
#13869=DIRECTION('',(-0.427089331514201,-0.904209435311727,0.));
#13870=DIRECTION('',(0.,0.,1.));
#13871=DIRECTION('center_axis',(-0.885687715573363,0.464281456104417,0.));
#13872=DIRECTION('ref_axis',(-0.464281456104417,-0.885687715573363,0.));
#13873=DIRECTION('',(-0.464281456104417,-0.885687715573363,0.));
#13874=DIRECTION('',(-0.464281456104417,-0.885687715573363,0.));
#13875=DIRECTION('',(0.,0.,1.));
#13876=DIRECTION('center_axis',(-0.851310896508612,0.524661564711676,0.));
#13877=DIRECTION('ref_axis',(-0.524661564711676,-0.851310896508612,0.));
#13878=DIRECTION('',(-0.524661564711676,-0.851310896508612,0.));
#13879=DIRECTION('',(-0.524661564711676,-0.851310896508612,0.));
#13880=DIRECTION('',(0.,0.,1.));
#13881=DIRECTION('center_axis',(-0.834278994088611,0.551342506997688,0.));
#13882=DIRECTION('ref_axis',(-0.551342506997688,-0.834278994088611,0.));
#13883=DIRECTION('',(-0.551342506997688,-0.834278994088611,0.));
#13884=DIRECTION('',(-0.551342506997688,-0.834278994088611,0.));
#13885=DIRECTION('',(0.,0.,1.));
#13886=DIRECTION('center_axis',(0.174282426069736,0.984695707294008,0.));
#13887=DIRECTION('ref_axis',(-0.984695707294008,0.174282426069736,0.));
#13888=DIRECTION('',(-0.984695707294008,0.174282426069736,0.));
#13889=DIRECTION('',(-0.984695707294008,0.174282426069736,0.));
#13890=DIRECTION('',(0.,0.,1.));
#13891=DIRECTION('center_axis',(0.97265917092754,0.232237243375284,0.));
#13892=DIRECTION('ref_axis',(-0.232237243375284,0.97265917092754,0.));
#13893=DIRECTION('',(-0.232237243375284,0.97265917092754,0.));
#13894=DIRECTION('',(-0.232237243375284,0.97265917092754,0.));
#13895=DIRECTION('',(0.,0.,1.));
#13896=DIRECTION('center_axis',(0.971118232053846,0.238598783258869,0.));
#13897=DIRECTION('ref_axis',(-0.238598783258869,0.971118232053846,0.));
#13898=DIRECTION('',(-0.238598783258869,0.971118232053846,0.));
#13899=DIRECTION('',(-0.238598783258869,0.971118232053846,0.));
#13900=DIRECTION('',(0.,0.,1.));
#13901=DIRECTION('center_axis',(0.987115043489699,0.160012158651552,0.));
#13902=DIRECTION('ref_axis',(-0.160012158651552,0.987115043489699,0.));
#13903=DIRECTION('',(-0.160012158651552,0.987115043489699,0.));
#13904=DIRECTION('',(-0.160012158651552,0.987115043489699,0.));
#13905=DIRECTION('',(0.,0.,1.));
#13906=DIRECTION('center_axis',(0.985570449898854,0.169265732758202,0.));
#13907=DIRECTION('ref_axis',(-0.169265732758202,0.985570449898854,0.));
#13908=DIRECTION('',(-0.169265732758202,0.985570449898854,0.));
#13909=DIRECTION('',(-0.169265732758202,0.985570449898854,0.));
#13910=DIRECTION('',(0.,0.,1.));
#13911=DIRECTION('center_axis',(0.996776985519017,0.080222447853583,0.));
#13912=DIRECTION('ref_axis',(-0.080222447853583,0.996776985519017,0.));
#13913=DIRECTION('',(-0.080222447853583,0.996776985519017,0.));
#13914=DIRECTION('',(-0.080222447853583,0.996776985519017,0.));
#13915=DIRECTION('',(0.,0.,1.));
#13916=DIRECTION('center_axis',(0.999588325564301,-0.0286911030732068,0.));
#13917=DIRECTION('ref_axis',(0.0286911030732068,0.999588325564301,0.));
#13918=DIRECTION('',(0.0286911030732068,0.999588325564301,0.));
#13919=DIRECTION('',(0.0286911030732068,0.999588325564301,0.));
#13920=DIRECTION('',(0.,0.,1.));
#13921=DIRECTION('center_axis',(0.990231682630367,-0.139431756479764,0.));
#13922=DIRECTION('ref_axis',(0.139431756479764,0.990231682630367,0.));
#13923=DIRECTION('',(0.139431756479764,0.990231682630367,0.));
#13924=DIRECTION('',(0.139431756479764,0.990231682630367,0.));
#13925=DIRECTION('',(0.,0.,1.));
#13926=DIRECTION('center_axis',(0.259092070369567,0.965852628029562,0.));
#13927=DIRECTION('ref_axis',(-0.965852628029562,0.259092070369567,0.));
#13928=DIRECTION('',(-0.965852628029562,0.259092070369567,0.));
#13929=DIRECTION('',(-0.965852628029562,0.259092070369567,0.));
#13930=DIRECTION('',(0.,0.,1.));
#13931=DIRECTION('center_axis',(-0.927271447534591,0.374389720194217,0.));
#13932=DIRECTION('ref_axis',(-0.374389720194217,-0.927271447534591,0.));
#13933=DIRECTION('',(-0.374389720194217,-0.927271447534591,0.));
#13934=DIRECTION('',(-0.374389720194217,-0.927271447534591,0.));
#13935=DIRECTION('',(0.,0.,1.));
#13936=DIRECTION('center_axis',(-0.8736701160254,0.486518785212005,0.));
#13937=DIRECTION('ref_axis',(-0.486518785212005,-0.8736701160254,0.));
#13938=DIRECTION('',(-0.486518785212005,-0.8736701160254,0.));
#13939=DIRECTION('',(-0.486518785212005,-0.8736701160254,0.));
#13940=DIRECTION('',(0.,0.,1.));
#13941=DIRECTION('center_axis',(-0.825843485980562,0.563899402964282,0.));
#13942=DIRECTION('ref_axis',(-0.563899402964282,-0.825843485980562,0.));
#13943=DIRECTION('',(-0.563899402964282,-0.825843485980562,0.));
#13944=DIRECTION('',(-0.563899402964282,-0.825843485980562,0.));
#13945=DIRECTION('',(0.,0.,1.));
#13946=DIRECTION('center_axis',(-0.816309178123103,0.577615205575463,0.));
#13947=DIRECTION('ref_axis',(-0.577615205575463,-0.816309178123103,0.));
#13948=DIRECTION('',(-0.577615205575463,-0.816309178123103,0.));
#13949=DIRECTION('',(-0.577615205575463,-0.816309178123103,0.));
#13950=DIRECTION('',(0.,0.,1.));
#13951=DIRECTION('center_axis',(-0.791610500267406,0.611026035342511,0.));
#13952=DIRECTION('ref_axis',(-0.611026035342511,-0.791610500267406,0.));
#13953=DIRECTION('',(-0.611026035342511,-0.791610500267406,0.));
#13954=DIRECTION('',(-0.611026035342511,-0.791610500267406,0.));
#13955=DIRECTION('',(0.,0.,1.));
#13956=DIRECTION('center_axis',(-0.747271046501453,0.664519362442226,0.));
#13957=DIRECTION('ref_axis',(-0.664519362442226,-0.747271046501453,0.));
#13958=DIRECTION('',(-0.664519362442226,-0.747271046501453,0.));
#13959=DIRECTION('',(-0.664519362442226,-0.747271046501453,0.));
#13960=DIRECTION('',(0.,0.,1.));
#13961=DIRECTION('center_axis',(-0.72586479994336,0.687837402445655,0.));
#13962=DIRECTION('ref_axis',(-0.687837402445655,-0.72586479994336,0.));
#13963=DIRECTION('',(-0.687837402445655,-0.72586479994336,0.));
#13964=DIRECTION('',(-0.687837402445655,-0.72586479994336,0.));
#13965=DIRECTION('',(0.,0.,1.));
#13966=DIRECTION('center_axis',(0.342625299535278,0.939472141214608,0.));
#13967=DIRECTION('ref_axis',(-0.939472141214608,0.342625299535278,0.));
#13968=DIRECTION('',(-0.939472141214608,0.342625299535278,0.));
#13969=DIRECTION('',(-0.939472141214608,0.342625299535278,0.));
#13970=DIRECTION('',(0.,0.,1.));
#13971=DIRECTION('center_axis',(0.998209866666385,0.059808545291434,0.));
#13972=DIRECTION('ref_axis',(-0.059808545291434,0.998209866666385,0.));
#13973=DIRECTION('',(-0.059808545291434,0.998209866666385,0.));
#13974=DIRECTION('',(-0.059808545291434,0.998209866666385,0.));
#13975=DIRECTION('',(0.,0.,1.));
#13976=DIRECTION('center_axis',(0.997797007924605,0.066341020317034,0.));
#13977=DIRECTION('ref_axis',(-0.066341020317034,0.997797007924605,0.));
#13978=DIRECTION('',(-0.066341020317034,0.997797007924605,0.));
#13979=DIRECTION('',(-0.066341020317034,0.997797007924605,0.));
#13980=DIRECTION('',(0.,0.,1.));
#13981=DIRECTION('center_axis',(0.999904367698033,-0.0138295140332488,0.));
#13982=DIRECTION('ref_axis',(0.0138295140332488,0.999904367698033,0.));
#13983=DIRECTION('',(0.0138295140332488,0.999904367698033,0.));
#13984=DIRECTION('',(0.0138295140332488,0.999904367698033,0.));
#13985=DIRECTION('',(0.,0.,1.));
#13986=DIRECTION('center_axis',(0.999990106235058,-0.00444830664371992,
0.));
#13987=DIRECTION('ref_axis',(0.00444830664371992,0.999990106235058,0.));
#13988=DIRECTION('',(0.00444830664371992,0.999990106235058,0.));
#13989=DIRECTION('',(0.00444830664371992,0.999990106235058,0.));
#13990=DIRECTION('',(0.,0.,1.));
#13991=DIRECTION('center_axis',(0.995564185241084,-0.0940848184632183,0.));
#13992=DIRECTION('ref_axis',(0.0940848184632183,0.995564185241084,0.));
#13993=DIRECTION('',(0.0940848184632183,0.995564185241084,0.));
#13994=DIRECTION('',(0.0940848184632183,0.995564185241084,0.));
#13995=DIRECTION('',(0.,0.,1.));
#13996=DIRECTION('center_axis',(0.979420175072406,-0.201831911899822,0.));
#13997=DIRECTION('ref_axis',(0.201831911899822,0.979420175072406,0.));
#13998=DIRECTION('',(0.201831911899822,0.979420175072406,0.));
#13999=DIRECTION('',(0.201831911899822,0.979420175072406,0.));
#14000=DIRECTION('',(0.,0.,1.));
#14001=DIRECTION('center_axis',(0.950975767910843,-0.309265401954991,0.));
#14002=DIRECTION('ref_axis',(0.309265401954991,0.950975767910843,0.));
#14003=DIRECTION('',(0.309265401954991,0.950975767910843,0.));
#14004=DIRECTION('',(0.309265401954991,0.950975767910843,0.));
#14005=DIRECTION('',(0.,0.,1.));
#14006=DIRECTION('center_axis',(0.42287442839595,0.906188290483164,0.));
#14007=DIRECTION('ref_axis',(-0.906188290483164,0.42287442839595,0.));
#14008=DIRECTION('',(-0.906188290483164,0.42287442839595,0.));
#14009=DIRECTION('',(-0.906188290483164,0.42287442839595,0.));
#14010=DIRECTION('',(0.,0.,1.));
#14011=DIRECTION('center_axis',(-0.848172018030176,0.529720896161949,0.));
#14012=DIRECTION('ref_axis',(-0.529720896161949,-0.848172018030176,0.));
#14013=DIRECTION('',(-0.529720896161949,-0.848172018030176,0.));
#14014=DIRECTION('',(-0.529720896161949,-0.848172018030176,0.));
#14015=DIRECTION('',(0.,0.,1.));
#14016=DIRECTION('center_axis',(-0.77591400338405,0.630838695192785,0.));
#14017=DIRECTION('ref_axis',(-0.630838695192785,-0.77591400338405,0.));
#14018=DIRECTION('',(-0.630838695192785,-0.77591400338405,0.));
#14019=DIRECTION('',(-0.630838695192785,-0.77591400338405,0.));
#14020=DIRECTION('',(0.,0.,1.));
#14021=DIRECTION('center_axis',(-0.715376964055729,0.698738720337158,0.));
#14022=DIRECTION('ref_axis',(-0.698738720337158,-0.715376964055729,0.));
#14023=DIRECTION('',(-0.698738720337158,-0.715376964055729,0.));
#14024=DIRECTION('',(-0.698738720337158,-0.715376964055729,0.));
#14025=DIRECTION('',(0.,0.,1.));
#14026=DIRECTION('center_axis',(-0.703605779630187,0.710590533901907,0.));
#14027=DIRECTION('ref_axis',(-0.710590533901907,-0.703605779630187,0.));
#14028=DIRECTION('',(-0.710590533901907,-0.703605779630187,0.));
#14029=DIRECTION('',(-0.710590533901907,-0.703605779630187,0.));
#14030=DIRECTION('',(0.,0.,1.));
#14031=DIRECTION('center_axis',(-0.673480600485082,0.739204897690927,0.));
#14032=DIRECTION('ref_axis',(-0.739204897690927,-0.673480600485081,0.));
#14033=DIRECTION('',(-0.739204897690927,-0.673480600485081,0.));
#14034=DIRECTION('',(-0.739204897690927,-0.673480600485081,0.));
#14035=DIRECTION('',(0.,0.,1.));
#14036=DIRECTION('center_axis',(-0.62052574388349,0.784186075608233,0.));
#14037=DIRECTION('ref_axis',(-0.784186075608233,-0.62052574388349,0.));
#14038=DIRECTION('',(-0.784186075608233,-0.62052574388349,0.));
#14039=DIRECTION('',(-0.784186075608233,-0.62052574388349,0.));
#14040=DIRECTION('',(0.,0.,1.));
#14041=DIRECTION('center_axis',(-0.595395571157043,0.803432706482988,0.));
#14042=DIRECTION('ref_axis',(-0.803432706482988,-0.595395571157043,0.));
#14043=DIRECTION('',(-0.803432706482988,-0.595395571157043,0.));
#14044=DIRECTION('',(-0.803432706482988,-0.595395571157043,0.));
#14045=DIRECTION('',(0.,0.,1.));
#14046=DIRECTION('center_axis',(0.500557676651204,0.865703189520259,0.));
#14047=DIRECTION('ref_axis',(-0.865703189520259,0.500557676651204,0.));
#14048=DIRECTION('',(-0.865703189520259,0.500557676651204,0.));
#14049=DIRECTION('',(-0.865703189520259,0.500557676651204,0.));
#14050=DIRECTION('',(0.,0.,1.));
#14051=DIRECTION('center_axis',(0.993430460725175,-0.114437405175786,0.));
#14052=DIRECTION('ref_axis',(0.114437405175786,0.993430460725175,0.));
#14053=DIRECTION('',(0.114437405175786,0.993430460725175,0.));
#14054=DIRECTION('',(0.114437405175786,0.993430460725175,0.));
#14055=DIRECTION('',(0.,0.,1.));
#14056=DIRECTION('center_axis',(0.994158226619226,-0.107932480955992,0.));
#14057=DIRECTION('ref_axis',(0.107932480955992,0.994158226619226,0.));
#14058=DIRECTION('',(0.107932480955992,0.994158226619226,0.));
#14059=DIRECTION('',(0.107932480955992,0.994158226619226,0.));
#14060=DIRECTION('',(0.,0.,1.));
#14061=DIRECTION('center_axis',(0.982312103669831,-0.187250983932663,0.));
#14062=DIRECTION('ref_axis',(0.187250983932663,0.982312103669831,0.));
#14063=DIRECTION('',(0.187250983932663,0.982312103669831,0.));
#14064=DIRECTION('',(0.187250983932663,0.982312103669831,0.));
#14065=DIRECTION('',(0.,0.,1.));
#14066=DIRECTION('center_axis',(0.984025569212397,-0.178027186508743,0.));
#14067=DIRECTION('ref_axis',(0.178027186508743,0.984025569212397,0.));
#14068=DIRECTION('',(0.178027186508743,0.984025569212397,0.));
#14069=DIRECTION('',(0.178027186508743,0.984025569212397,0.));
#14070=DIRECTION('',(0.,0.,1.));
#14071=DIRECTION('center_axis',(0.964101670975125,-0.265533365178414,0.));
#14072=DIRECTION('ref_axis',(0.265533365178414,0.964101670975124,0.));
#14073=DIRECTION('',(0.265533365178414,0.964101670975124,0.));
#14074=DIRECTION('',(0.265533365178414,0.964101670975124,0.));
#14075=DIRECTION('',(0.,0.,1.));
#14076=DIRECTION('center_axis',(0.929492838171248,-0.368840160216263,0.));
#14077=DIRECTION('ref_axis',(0.368840160216263,0.929492838171248,0.));
#14078=DIRECTION('',(0.368840160216263,0.929492838171248,0.));
#14079=DIRECTION('',(0.368840160216263,0.929492838171248,0.));
#14080=DIRECTION('',(0.,0.,1.));
#14081=DIRECTION('center_axis',(0.882824935700817,-0.469702174686097,0.));
#14082=DIRECTION('ref_axis',(0.469702174686097,0.882824935700817,0.));
#14083=DIRECTION('',(0.469702174686097,0.882824935700817,0.));
#14084=DIRECTION('',(0.469702174686097,0.882824935700817,0.));
#14085=DIRECTION('',(0.,0.,1.));
#14086=DIRECTION('center_axis',(0.573807960900762,0.818989880283578,0.));
#14087=DIRECTION('ref_axis',(-0.818989880283578,0.573807960900762,0.));
#14088=DIRECTION('',(-0.818989880283578,0.573807960900762,0.));
#14089=DIRECTION('',(-0.818989880283578,0.573807960900762,0.));
#14090=DIRECTION('',(0.,0.,1.));
#14091=DIRECTION('center_axis',(-0.74330131095258,0.668956770752921,0.));
#14092=DIRECTION('ref_axis',(-0.668956770752921,-0.74330131095258,0.));
#14093=DIRECTION('',(-0.668956770752921,-0.74330131095258,0.));
#14094=DIRECTION('',(-0.668956770752921,-0.74330131095258,0.));
#14095=DIRECTION('',(0.,0.,1.));
#14096=DIRECTION('center_axis',(-0.654582136381825,0.755990890639434,0.));
#14097=DIRECTION('ref_axis',(-0.755990890639434,-0.654582136381825,0.));
#14098=DIRECTION('',(-0.755990890639434,-0.654582136381825,0.));
#14099=DIRECTION('',(-0.755990890639434,-0.654582136381825,0.));
#14100=DIRECTION('',(0.,0.,1.));
#14101=DIRECTION('center_axis',(-0.5831740750756,0.81234721527172,0.));
#14102=DIRECTION('ref_axis',(-0.81234721527172,-0.5831740750756,0.));
#14103=DIRECTION('',(-0.81234721527172,-0.5831740750756,0.));
#14104=DIRECTION('',(-0.81234721527172,-0.5831740750756,0.));
#14105=DIRECTION('',(0.,0.,1.));
#14106=DIRECTION('center_axis',(-0.569523675564647,0.821974928432331,0.));
#14107=DIRECTION('ref_axis',(-0.821974928432331,-0.569523675564647,0.));
#14108=DIRECTION('',(-0.821974928432331,-0.569523675564647,0.));
#14109=DIRECTION('',(-0.821974928432331,-0.569523675564647,0.));
#14110=DIRECTION('',(0.,0.,1.));
#14111=DIRECTION('center_axis',(-0.534887333458238,0.844923393276536,0.));
#14112=DIRECTION('ref_axis',(-0.844923393276536,-0.534887333458238,0.));
#14113=DIRECTION('',(-0.844923393276536,-0.534887333458238,0.));
#14114=DIRECTION('',(-0.844923393276536,-0.534887333458238,0.));
#14115=DIRECTION('',(0.,0.,1.));
#14116=DIRECTION('center_axis',(-0.474926080538843,0.880025691684063,0.));
#14117=DIRECTION('ref_axis',(-0.880025691684063,-0.474926080538843,0.));
#14118=DIRECTION('',(-0.880025691684063,-0.474926080538843,0.));
#14119=DIRECTION('',(-0.880025691684063,-0.474926080538843,0.));
#14120=DIRECTION('',(0.,0.,1.));
#14121=DIRECTION('center_axis',(-0.446835549225436,0.894616114290595,0.));
#14122=DIRECTION('ref_axis',(-0.894616114290595,-0.446835549225436,0.));
#14123=DIRECTION('',(-0.894616114290595,-0.446835549225436,0.));
#14124=DIRECTION('',(-0.894616114290595,-0.446835549225436,0.));
#14125=DIRECTION('',(0.,0.,1.));
#14126=DIRECTION('center_axis',(0.643280862056673,0.76563028447915,0.));
#14127=DIRECTION('ref_axis',(-0.76563028447915,0.643280862056673,0.));
#14128=DIRECTION('',(-0.76563028447915,0.643280862056673,0.));
#14129=DIRECTION('',(-0.76563028447915,0.643280862056673,0.));
#14130=DIRECTION('',(0.,0.,1.));
#14131=DIRECTION('center_axis',(0.958466172934532,-0.285206232996813,0.));
#14132=DIRECTION('ref_axis',(0.285206232996813,0.958466172934532,0.));
#14133=DIRECTION('',(0.285206232996813,0.958466172934532,0.));
#14134=DIRECTION('',(0.285206232996813,0.958466172934532,0.));
#14135=DIRECTION('',(0.,0.,1.));
#14136=DIRECTION('center_axis',(0.960312450666532,-0.278926508411876,0.));
#14137=DIRECTION('ref_axis',(0.278926508411876,0.960312450666532,0.));
#14138=DIRECTION('',(0.278926508411876,0.960312450666532,0.));
#14139=DIRECTION('',(0.278926508411876,0.960312450666532,0.));
#14140=DIRECTION('',(0.,0.,1.));
#14141=DIRECTION('center_axis',(0.934872783445524,-0.354982927438515,0.));
#14142=DIRECTION('ref_axis',(0.354982927438515,0.934872783445524,0.));
#14143=DIRECTION('',(0.354982927438515,0.934872783445524,0.));
#14144=DIRECTION('',(0.354982927438515,0.934872783445524,0.));
#14145=DIRECTION('',(0.,0.,1.));
#14146=DIRECTION('center_axis',(0.938161913210965,-0.346196800390099,0.));
#14147=DIRECTION('ref_axis',(0.346196800390099,0.938161913210965,0.));
#14148=DIRECTION('',(0.346196800390099,0.938161913210965,0.));
#14149=DIRECTION('',(0.346196800390099,0.938161913210965,0.));
#14150=DIRECTION('',(0.,0.,1.));
#14151=DIRECTION('center_axis',(0.903345415294002,-0.428913814964391,0.));
#14152=DIRECTION('ref_axis',(0.428913814964391,0.903345415294002,0.));
#14153=DIRECTION('',(0.428913814964391,0.903345415294002,0.));
#14154=DIRECTION('',(0.428913814964391,0.903345415294002,0.));
#14155=DIRECTION('',(0.,0.,1.));
#14156=DIRECTION('center_axis',(0.851323331728371,-0.524641386906243,0.));
#14157=DIRECTION('ref_axis',(0.524641386906243,0.851323331728371,0.));
#14158=DIRECTION('',(0.524641386906243,0.851323331728371,0.));
#14159=DIRECTION('',(0.524641386906243,0.851323331728371,0.));
#14160=DIRECTION('',(0.,0.,1.));
#14161=DIRECTION('center_axis',(0.787849914550047,-0.615867284521173,0.));
#14162=DIRECTION('ref_axis',(0.615867284521173,0.787849914550047,0.));
#14163=DIRECTION('',(0.615867284521173,0.787849914550047,0.));
#14164=DIRECTION('',(0.615867284521173,0.787849914550047,0.));
#14165=DIRECTION('',(0.,0.,1.));
#14166=DIRECTION('center_axis',(0.707306628873803,0.706906877000908,0.));
#14167=DIRECTION('ref_axis',(-0.706906877000908,0.707306628873803,0.));
#14168=DIRECTION('',(-0.706906877000908,0.707306628873803,0.));
#14169=DIRECTION('',(-0.706906877000908,0.707306628873803,0.));
#14170=DIRECTION('',(0.,0.,1.));
#14171=DIRECTION('center_axis',(-0.615845769671151,0.787866732371756,0.));
#14172=DIRECTION('ref_axis',(-0.787866732371756,-0.615845769671151,0.));
#14173=DIRECTION('',(-0.787866732371756,-0.615845769671151,0.));
#14174=DIRECTION('',(-0.787866732371756,-0.615845769671151,0.));
#14175=DIRECTION('',(0.,0.,1.));
#14176=DIRECTION('center_axis',(-0.513361122399657,0.858172685424422,0.));
#14177=DIRECTION('ref_axis',(-0.858172685424422,-0.513361122399657,0.));
#14178=DIRECTION('',(-0.858172685424422,-0.513361122399657,0.));
#14179=DIRECTION('',(-0.858172685424422,-0.513361122399657,0.));
#14180=DIRECTION('',(0.,0.,1.));
#14181=DIRECTION('center_axis',(-0.433251736924885,0.901272951137207,0.));
#14182=DIRECTION('ref_axis',(-0.901272951137207,-0.433251736924885,0.));
#14183=DIRECTION('',(-0.901272951137207,-0.433251736924885,0.));
#14184=DIRECTION('',(-0.901272951137207,-0.433251736924885,0.));
#14185=DIRECTION('',(0.,0.,1.));
#14186=DIRECTION('center_axis',(-0.418136882810799,0.908384030701371,0.));
#14187=DIRECTION('ref_axis',(-0.908384030701371,-0.418136882810798,0.));
#14188=DIRECTION('',(-0.908384030701371,-0.418136882810798,0.));
#14189=DIRECTION('',(-0.908384030701371,-0.418136882810798,0.));
#14190=DIRECTION('',(0.,0.,1.));
#14191=DIRECTION('center_axis',(-0.380041785464924,0.924969319113144,0.));
#14192=DIRECTION('ref_axis',(-0.924969319113144,-0.380041785464924,0.));
#14193=DIRECTION('',(-0.924969319113144,-0.380041785464924,0.));
#14194=DIRECTION('',(-0.924969319113144,-0.380041785464924,0.));
#14195=DIRECTION('',(0.,0.,1.));
#14196=DIRECTION('center_axis',(-0.314896028561151,0.949126172432525,0.));
#14197=DIRECTION('ref_axis',(-0.949126172432525,-0.314896028561151,0.));
#14198=DIRECTION('',(-0.949126172432525,-0.314896028561151,0.));
#14199=DIRECTION('',(-0.949126172432525,-0.314896028561151,0.));
#14200=DIRECTION('',(0.,0.,1.));
#14201=DIRECTION('center_axis',(-0.284698655240889,0.95861706416276,0.));
#14202=DIRECTION('ref_axis',(-0.95861706416276,-0.284698655240889,0.));
#14203=DIRECTION('',(-0.95861706416276,-0.284698655240889,0.));
#14204=DIRECTION('',(-0.95861706416276,-0.284698655240889,0.));
#14205=DIRECTION('',(0.,0.,1.));
#14206=DIRECTION('center_axis',(0.766458283984285,0.642294090671762,0.));
#14207=DIRECTION('ref_axis',(-0.642294090671762,0.766458283984285,0.));
#14208=DIRECTION('',(-0.642294090671762,0.766458283984285,0.));
#14209=DIRECTION('',(-0.642294090671762,0.766458283984285,0.));
#14210=DIRECTION('',(0.,0.,1.));
#14211=DIRECTION('center_axis',(0.894379375486953,-0.44730921374768,0.));
#14212=DIRECTION('ref_axis',(0.44730921374768,0.894379375486953,0.));
#14213=DIRECTION('',(0.44730921374768,0.894379375486953,0.));
#14214=DIRECTION('',(0.44730921374768,0.894379375486953,0.));
#14215=DIRECTION('',(0.,0.,1.));
#14216=DIRECTION('center_axis',(0.897288066841433,-0.441445495054558,0.));
#14217=DIRECTION('ref_axis',(0.441445495054558,0.897288066841433,0.));
#14218=DIRECTION('',(0.441445495054558,0.897288066841433,0.));
#14219=DIRECTION('',(0.441445495054558,0.897288066841433,0.));
#14220=DIRECTION('',(0.,0.,1.));
#14221=DIRECTION('center_axis',(0.85902782676499,-0.511928894323634,0.));
#14222=DIRECTION('ref_axis',(0.511928894323634,0.85902782676499,0.));
#14223=DIRECTION('',(0.511928894323634,0.85902782676499,0.));
#14224=DIRECTION('',(0.511928894323634,0.85902782676499,0.));
#14225=DIRECTION('',(0.,0.,1.));
#14226=DIRECTION('center_axis',(0.863792682210517,-0.503847399675299,0.));
#14227=DIRECTION('ref_axis',(0.503847399675299,0.863792682210517,0.));
#14228=DIRECTION('',(0.503847399675299,0.863792682210517,0.));
#14229=DIRECTION('',(0.503847399675299,0.863792682210517,0.));
#14230=DIRECTION('',(0.,0.,1.));
#14231=DIRECTION('center_axis',(0.815141466285825,-0.579261935519154,0.));
#14232=DIRECTION('ref_axis',(0.579261935519154,0.815141466285825,0.));
#14233=DIRECTION('',(0.579261935519153,0.815141466285825,0.));
#14234=DIRECTION('',(0.579261935519153,0.815141466285825,0.));
#14235=DIRECTION('',(0.,0.,1.));
#14236=DIRECTION('center_axis',(0.747286796641385,-0.664501650536293,0.));
#14237=DIRECTION('ref_axis',(0.664501650536293,0.747286796641385,0.));
#14238=DIRECTION('',(0.664501650536293,0.747286796641385,0.));
#14239=DIRECTION('',(0.664501650536293,0.747286796641385,0.));
#14240=DIRECTION('',(0.,0.,1.));
#14241=DIRECTION('center_axis',(0.668936472417796,-0.743319578559072,0.));
#14242=DIRECTION('ref_axis',(0.743319578559071,0.668936472417796,0.));
#14243=DIRECTION('',(0.743319578559071,0.668936472417796,0.));
#14244=DIRECTION('',(0.743319578559071,0.668936472417796,0.));
#14245=DIRECTION('',(0.,0.,1.));
#14246=DIRECTION('center_axis',(0.819314142843258,0.573344865972494,0.));
#14247=DIRECTION('ref_axis',(-0.573344865972494,0.819314142843258,0.));
#14248=DIRECTION('',(-0.573344865972494,0.819314142843258,0.));
#14249=DIRECTION('',(-0.573344865972494,0.819314142843258,0.));
#14250=DIRECTION('',(0.,0.,1.));
#14251=DIRECTION('center_axis',(-0.469678066312045,0.882837762006915,0.));
#14252=DIRECTION('ref_axis',(-0.882837762006915,-0.469678066312045,0.));
#14253=DIRECTION('',(-0.882837762006915,-0.469678066312045,0.));
#14254=DIRECTION('',(-0.882837762006915,-0.469678066312045,0.));
#14255=DIRECTION('',(0.,0.,1.));
#14256=DIRECTION('center_axis',(-0.35654189048643,0.934279337419148,0.));
#14257=DIRECTION('ref_axis',(-0.934279337419148,-0.35654189048643,0.));
#14258=DIRECTION('',(-0.934279337419148,-0.35654189048643,0.));
#14259=DIRECTION('',(-0.934279337419148,-0.35654189048643,0.));
#14260=DIRECTION('',(0.,0.,1.));
#14261=DIRECTION('center_axis',(-0.270165263983315,0.96281396444839,0.));
#14262=DIRECTION('ref_axis',(-0.96281396444839,-0.270165263983315,0.));
#14263=DIRECTION('',(-0.96281396444839,-0.270165263983315,0.));
#14264=DIRECTION('',(-0.96281396444839,-0.270165263983315,0.));
#14265=DIRECTION('',(0.,0.,1.));
#14266=DIRECTION('center_axis',(-0.254045212459358,0.967192343862626,0.));
#14267=DIRECTION('ref_axis',(-0.967192343862626,-0.254045212459358,0.));
#14268=DIRECTION('',(-0.967192343862626,-0.254045212459358,0.));
#14269=DIRECTION('',(-0.967192343862626,-0.254045212459358,0.));
#14270=DIRECTION('',(0.,0.,1.));
#14271=DIRECTION('center_axis',(-0.213648860134327,0.976910520243949,0.));
#14272=DIRECTION('ref_axis',(-0.976910520243949,-0.213648860134327,0.));
#14273=DIRECTION('',(-0.976910520243949,-0.213648860134327,0.));
#14274=DIRECTION('',(-0.976910520243949,-0.213648860134327,0.));
#14275=DIRECTION('',(0.,0.,1.));
#14276=DIRECTION('center_axis',(-0.145298020101282,0.989387934712491,0.));
#14277=DIRECTION('ref_axis',(-0.989387934712491,-0.145298020101282,0.));
#14278=DIRECTION('',(-0.989387934712491,-0.145298020101282,0.));
#14279=DIRECTION('',(-0.989387934712491,-0.145298020101282,0.));
#14280=DIRECTION('',(0.,0.,1.));
#14281=DIRECTION('center_axis',(-0.113911336681229,0.993490919624078,0.));
#14282=DIRECTION('ref_axis',(-0.993490919624078,-0.113911336681229,0.));
#14283=DIRECTION('',(-0.993490919624078,-0.113911336681229,0.));
#14284=DIRECTION('',(-0.993490919624078,-0.113911336681229,0.));
#14285=DIRECTION('',(0.,0.,1.));
#14286=DIRECTION('center_axis',(0.866347258799362,0.499442115936202,0.));
#14287=DIRECTION('ref_axis',(-0.499442115936202,0.866347258799362,0.));
#14288=DIRECTION('',(-0.499442115936202,0.866347258799362,0.));
#14289=DIRECTION('',(-0.499442115936202,0.866347258799362,0.));
#14290=DIRECTION('',(0.,0.,1.));
#14291=DIRECTION('center_axis',(0.803117313293936,-0.595820930387251,0.));
#14292=DIRECTION('ref_axis',(0.595820930387251,0.803117313293936,0.));
#14293=DIRECTION('',(0.595820930387251,0.803117313293936,0.));
#14294=DIRECTION('',(0.595820930387251,0.803117313293936,0.));
#14295=DIRECTION('',(0.,0.,1.));
#14296=DIRECTION('center_axis',(0.807000039154898,-0.590551383711861,0.));
#14297=DIRECTION('ref_axis',(0.590551383711861,0.807000039154897,0.));
#14298=DIRECTION('',(0.590551383711861,0.807000039154898,0.));
#14299=DIRECTION('',(0.590551383711861,0.807000039154898,0.));
#14300=DIRECTION('',(0.,0.,1.));
#14301=DIRECTION('center_axis',(0.757081744257214,-0.65332016080361,0.));
#14302=DIRECTION('ref_axis',(0.65332016080361,0.757081744257214,0.));
#14303=DIRECTION('',(0.65332016080361,0.757081744257214,0.));
#14304=DIRECTION('',(0.65332016080361,0.757081744257214,0.));
#14305=DIRECTION('',(0.,0.,1.));
#14306=DIRECTION('center_axis',(0.763177547658746,-0.646188850684985,0.));
#14307=DIRECTION('ref_axis',(0.646188850684985,0.763177547658746,0.));
#14308=DIRECTION('',(0.646188850684985,0.763177547658746,0.));
#14309=DIRECTION('',(0.646188850684985,0.763177547658746,0.));
#14310=DIRECTION('',(0.,0.,1.));
#14311=DIRECTION('center_axis',(0.70216985630534,-0.712009475285363,0.));
#14312=DIRECTION('ref_axis',(0.712009475285363,0.70216985630534,0.));
#14313=DIRECTION('',(0.712009475285363,0.70216985630534,0.));
#14314=DIRECTION('',(0.712009475285363,0.70216985630534,0.));
#14315=DIRECTION('',(0.,0.,1.));
#14316=DIRECTION('center_axis',(0.620544330384073,-0.784171367768667,0.));
#14317=DIRECTION('ref_axis',(0.784171367768667,0.620544330384073,0.));
#14318=DIRECTION('',(0.784171367768667,0.620544330384073,0.));
#14319=DIRECTION('',(0.784171367768667,0.620544330384073,0.));
#14320=DIRECTION('',(0.,0.,1.));
#14321=DIRECTION('center_axis',(0.529697734067985,-0.848186483341513,0.));
#14322=DIRECTION('ref_axis',(0.848186483341513,0.529697734067985,0.));
#14323=DIRECTION('',(0.848186483341513,0.529697734067985,0.));
#14324=DIRECTION('',(0.848186483341513,0.529697734067985,0.));
#14325=DIRECTION('',(0.,0.,1.));
#14326=DIRECTION('center_axis',(0.906427211175573,0.422362061317625,0.));
#14327=DIRECTION('ref_axis',(-0.422362061317625,0.906427211175573,0.));
#14328=DIRECTION('',(-0.422362061317625,0.906427211175573,0.));
#14329=DIRECTION('',(-0.422362061317625,0.906427211175573,0.));
#14330=DIRECTION('',(0.,0.,1.));
#14331=DIRECTION('center_axis',(-0.309239432574602,0.950984212981971,0.));
#14332=DIRECTION('ref_axis',(-0.950984212981971,-0.309239432574602,0.));
#14333=DIRECTION('',(-0.950984212981971,-0.309239432574602,0.));
#14334=DIRECTION('',(-0.950984212981971,-0.309239432574602,0.));
#14335=DIRECTION('',(0.,0.,1.));
#14336=DIRECTION('center_axis',(-0.188889313650528,0.981998384514268,0.));
#14337=DIRECTION('ref_axis',(-0.981998384514268,-0.188889313650528,0.));
#14338=DIRECTION('',(-0.981998384514268,-0.188889313650528,0.));
#14339=DIRECTION('',(-0.981998384514268,-0.188889313650528,0.));
#14340=DIRECTION('',(0.,0.,1.));
#14341=DIRECTION('center_axis',(-0.0988699562085824,0.995100362656608,0.));
#14342=DIRECTION('ref_axis',(-0.995100362656608,-0.0988699562085824,0.));
#14343=DIRECTION('',(-0.995100362656608,-0.0988699562085824,0.));
#14344=DIRECTION('',(-0.995100362656608,-0.0988699562085824,0.));
#14345=DIRECTION('',(0.,0.,1.));
#14346=DIRECTION('center_axis',(-0.0822345068800779,0.99661300707857,0.));
#14347=DIRECTION('ref_axis',(-0.99661300707857,-0.0822345068800778,0.));
#14348=DIRECTION('',(-0.99661300707857,-0.0822345068800778,0.));
#14349=DIRECTION('',(-0.99661300707857,-0.0822345068800778,0.));
#14350=DIRECTION('',(0.,0.,1.));
#14351=DIRECTION('center_axis',(-0.0407643222950265,0.999168789558515,0.));
#14352=DIRECTION('ref_axis',(-0.999168789558515,-0.0407643222950265,0.));
#14353=DIRECTION('',(-0.999168789558515,-0.0407643222950265,0.));
#14354=DIRECTION('',(-0.999168789558515,-0.0407643222950265,0.));
#14355=DIRECTION('',(0.,0.,1.));
#14356=DIRECTION('center_axis',(0.0287147951753698,0.999587645250799,0.));
#14357=DIRECTION('ref_axis',(-0.999587645250799,0.0287147951753698,0.));
#14358=DIRECTION('',(-0.999587645250799,0.0287147951753698,0.));
#14359=DIRECTION('',(-0.999587645250799,0.0287147951753698,0.));
#14360=DIRECTION('',(0.,0.,1.));
#14361=DIRECTION('center_axis',(0.0603371202014816,0.998178056223333,0.));
#14362=DIRECTION('ref_axis',(-0.998178056223333,0.0603371202014816,0.));
#14363=DIRECTION('',(-0.998178056223333,0.0603371202014816,0.));
#14364=DIRECTION('',(-0.998178056223333,0.0603371202014816,0.));
#14365=DIRECTION('',(0.,0.,1.));
#14366=DIRECTION('center_axis',(0.939912710549026,0.341414845237261,0.));
#14367=DIRECTION('ref_axis',(-0.341414845237261,0.939912710549026,0.));
#14368=DIRECTION('',(-0.341414845237261,0.939912710549026,0.));
#14369=DIRECTION('',(-0.341414845237261,0.939912710549026,0.));
#14370=DIRECTION('',(0.,0.,1.));
#14371=DIRECTION('center_axis',(0.687452937931325,-0.726228929559811,0.));
#14372=DIRECTION('ref_axis',(0.726228929559811,0.687452937931325,0.));
#14373=DIRECTION('',(0.726228929559811,0.687452937931325,0.));
#14374=DIRECTION('',(0.726228929559811,0.687452937931325,0.));
#14375=DIRECTION('',(0.,0.,1.));
#14376=DIRECTION('center_axis',(0.69219172364144,-0.721713667407159,0.));
#14377=DIRECTION('ref_axis',(0.721713667407159,0.69219172364144,0.));
#14378=DIRECTION('',(0.721713667407159,0.69219172364144,0.));
#14379=DIRECTION('',(0.721713667407159,0.69219172364144,0.));
#14380=DIRECTION('',(0.,0.,1.));
#14381=DIRECTION('center_axis',(0.632132116051165,-0.774860624794341,0.));
#14382=DIRECTION('ref_axis',(0.774860624794341,0.632132116051165,0.));
#14383=DIRECTION('',(0.774860624794341,0.632132116051165,0.));
#14384=DIRECTION('',(0.774860624794341,0.632132116051165,0.));
#14385=DIRECTION('',(0.,0.,1.));
#14386=DIRECTION('center_axis',(0.639373649508526,-0.768896180452308,0.));
#14387=DIRECTION('ref_axis',(0.768896180452308,0.639373649508526,0.));
#14388=DIRECTION('',(0.768896180452308,0.639373649508526,0.));
#14389=DIRECTION('',(0.768896180452308,0.639373649508526,0.));
#14390=DIRECTION('',(0.,0.,1.));
#14391=DIRECTION('center_axis',(0.567863170553936,-0.823122967440729,0.));
#14392=DIRECTION('ref_axis',(0.823122967440729,0.567863170553936,0.));
#14393=DIRECTION('',(0.823122967440729,0.567863170553936,0.));
#14394=DIRECTION('',(0.823122967440729,0.567863170553936,0.));
#14395=DIRECTION('',(0.,0.,1.));
#14396=DIRECTION('center_axis',(0.474946938658537,-0.880014434801432,0.));
#14397=DIRECTION('ref_axis',(0.880014434801432,0.474946938658537,0.));
#14398=DIRECTION('',(0.880014434801432,0.474946938658537,0.));
#14399=DIRECTION('',(0.880014434801432,0.474946938658537,0.));
#14400=DIRECTION('',(0.,0.,1.));
#14401=DIRECTION('center_axis',(0.374364398108487,-0.927281671030367,0.));
#14402=DIRECTION('ref_axis',(0.927281671030367,0.374364398108487,0.));
#14403=DIRECTION('',(0.927281671030367,0.374364398108487,0.));
#14404=DIRECTION('',(0.927281671030367,0.374364398108487,0.));
#14405=DIRECTION('',(0.,0.,1.));
#14406=DIRECTION('center_axis',(0.965998947370339,0.258545999155658,0.));
#14407=DIRECTION('ref_axis',(-0.258545999155658,0.965998947370339,0.));
#14408=DIRECTION('',(-0.258545999155658,0.965998947370339,0.));
#14409=DIRECTION('',(-0.258545999155658,0.965998947370339,0.));
#14410=DIRECTION('',(0.,0.,1.));
#14411=DIRECTION('center_axis',(-0.139404715162698,0.990235489866126,0.));
#14412=DIRECTION('ref_axis',(-0.990235489866126,-0.139404715162698,0.));
#14413=DIRECTION('',(-0.990235489866126,-0.139404715162698,0.));
#14414=DIRECTION('',(-0.990235489866126,-0.139404715162698,0.));
#14415=DIRECTION('',(0.,0.,1.));
#14416=DIRECTION('center_axis',(-0.0154974306016686,0.999879907611282,0.));
#14417=DIRECTION('ref_axis',(-0.999879907611282,-0.0154974306016686,0.));
#14418=DIRECTION('',(-0.999879907611282,-0.0154974306016686,0.));
#14419=DIRECTION('',(-0.999879907611282,-0.0154974306016686,0.));
#14420=DIRECTION('',(0.,0.,1.));
#14421=DIRECTION('center_axis',(0.0754294651582825,0.997151139891007,0.));
#14422=DIRECTION('ref_axis',(-0.997151139891007,0.0754294651582825,0.));
#14423=DIRECTION('',(-0.997151139891007,0.0754294651582825,0.));
#14424=DIRECTION('',(-0.997151139891007,0.0754294651582825,0.));
#14425=DIRECTION('',(0.,0.,1.));
#14426=DIRECTION('center_axis',(0.0920748525776142,0.99575208838486,0.));
#14427=DIRECTION('ref_axis',(-0.99575208838486,0.0920748525776142,0.));
#14428=DIRECTION('',(-0.99575208838486,0.0920748525776141,0.));
#14429=DIRECTION('',(-0.99575208838486,0.0920748525776141,0.));
#14430=DIRECTION('',(0.,0.,1.));
#14431=DIRECTION('center_axis',(0.133358818844481,0.991067820805622,0.));
#14432=DIRECTION('ref_axis',(-0.991067820805622,0.133358818844481,0.));
#14433=DIRECTION('',(-0.991067820805622,0.133358818844481,0.));
#14434=DIRECTION('',(-0.991067820805622,0.133358818844481,0.));
#14435=DIRECTION('',(0.,0.,1.));
#14436=DIRECTION('center_axis',(0.201855125930925,0.979415391003945,0.));
#14437=DIRECTION('ref_axis',(-0.979415391003945,0.201855125930925,0.));
#14438=DIRECTION('',(-0.979415391003945,0.201855125930925,0.));
#14439=DIRECTION('',(-0.979415391003945,0.201855125930925,0.));
#14440=DIRECTION('',(0.,0.,1.));
#14441=DIRECTION('center_axis',(0.232752264219452,0.972536057686664,0.));
#14442=DIRECTION('ref_axis',(-0.972536057686664,0.232752264219452,0.));
#14443=DIRECTION('',(-0.972536057686664,0.232752264219452,0.));
#14444=DIRECTION('',(-0.972536057686664,0.232752264219452,0.));
#14445=DIRECTION('',(0.,0.,1.));
#14446=DIRECTION('center_axis',(0.984919390207233,0.173013857230606,0.));
#14447=DIRECTION('ref_axis',(-0.173013857230606,0.984919390207233,0.));
#14448=DIRECTION('',(-0.173013857230606,0.984919390207233,0.));
#14449=DIRECTION('',(-0.173013857230606,0.984919390207233,0.));
#14450=DIRECTION('',(0.,0.,1.));
#14451=DIRECTION('center_axis',(0.550900652918047,-0.834570830196257,0.));
#14452=DIRECTION('ref_axis',(0.834570830196257,0.550900652918047,0.));
#14453=DIRECTION('',(0.834570830196257,0.550900652918047,0.));
#14454=DIRECTION('',(0.834570830196257,0.550900652918047,0.));
#14455=DIRECTION('',(0.,0.,1.));
#14456=DIRECTION('center_axis',(0.55635151287028,-0.830947046523995,0.));
#14457=DIRECTION('ref_axis',(0.830947046523995,0.55635151287028,0.));
#14458=DIRECTION('',(0.830947046523995,0.55635151287028,0.));
#14459=DIRECTION('',(0.830947046523995,0.55635151287028,0.));
#14460=DIRECTION('',(0.,0.,1.));
#14461=DIRECTION('center_axis',(0.487975473373734,-0.872857340798415,0.));
#14462=DIRECTION('ref_axis',(0.872857340798415,0.487975473373734,0.));
#14463=DIRECTION('',(0.872857340798415,0.487975473373734,0.));
#14464=DIRECTION('',(0.872857340798415,0.487975473373734,0.));
#14465=DIRECTION('',(0.,0.,1.));
#14466=DIRECTION('center_axis',(0.496142706556864,-0.868240988856452,0.));
#14467=DIRECTION('ref_axis',(0.868240988856452,0.496142706556864,0.));
#14468=DIRECTION('',(0.868240988856452,0.496142706556864,0.));
#14469=DIRECTION('',(0.868240988856452,0.496142706556864,0.));
#14470=DIRECTION('',(0.,0.,1.));
#14471=DIRECTION('center_axis',(0.416302249722216,-0.909226284747764,0.));
#14472=DIRECTION('ref_axis',(0.909226284747764,0.416302249722216,0.));
#14473=DIRECTION('',(0.909226284747764,0.416302249722216,0.));
#14474=DIRECTION('',(0.909226284747764,0.416302249722216,0.));
#14475=DIRECTION('',(0.,0.,1.));
#14476=DIRECTION('center_axis',(0.314918524535845,-0.949118708541859,0.));
#14477=DIRECTION('ref_axis',(0.949118708541859,0.314918524535845,0.));
#14478=DIRECTION('',(0.949118708541859,0.314918524535845,0.));
#14479=DIRECTION('',(0.949118708541859,0.314918524535845,0.));
#14480=DIRECTION('',(0.,0.,1.));
#14481=DIRECTION('center_axis',(0.207656189351492,-0.978201874371552,0.));
#14482=DIRECTION('ref_axis',(0.978201874371552,0.207656189351492,0.));
#14483=DIRECTION('',(0.978201874371552,0.207656189351492,0.));
#14484=DIRECTION('',(0.978201874371552,0.207656189351492,0.));
#14485=DIRECTION('',(0.,0.,1.));
#14486=DIRECTION('center_axis',(0.996219294368388,0.0868741476398541,0.));
#14487=DIRECTION('ref_axis',(-0.0868741476398541,0.996219294368388,0.));
#14488=DIRECTION('',(-0.0868741476398541,0.996219294368388,0.));
#14489=DIRECTION('',(-0.0868741476398541,0.996219294368388,0.));
#14490=DIRECTION('',(0.,0.,1.));
#14491=DIRECTION('center_axis',(0.034665743977668,0.999398962474184,0.));
#14492=DIRECTION('ref_axis',(-0.999398962474184,0.034665743977668,0.));
#14493=DIRECTION('',(-0.999398962474184,0.034665743977668,0.));
#14494=DIRECTION('',(-0.999398962474184,0.034665743977668,0.));
#14495=DIRECTION('',(0.,0.,1.));
#14496=DIRECTION('center_axis',(0.158365334034868,0.987380585679111,0.));
#14497=DIRECTION('ref_axis',(-0.987380585679111,0.158365334034868,0.));
#14498=DIRECTION('',(-0.987380585679111,0.158365334034868,0.));
#14499=DIRECTION('',(-0.987380585679111,0.158365334034868,0.));
#14500=DIRECTION('',(0.,0.,1.));
#14501=DIRECTION('center_axis',(0.247437000392117,0.968903984322983,0.));
#14502=DIRECTION('ref_axis',(-0.968903984322983,0.247437000392117,0.));
#14503=DIRECTION('',(-0.968903984322983,0.247437000392117,0.));
#14504=DIRECTION('',(-0.968903984322983,0.247437000392117,0.));
#14505=DIRECTION('',(0.,0.,1.));
#14506=DIRECTION('center_axis',(0.263586564232173,0.964635746360396,0.));
#14507=DIRECTION('ref_axis',(-0.964635746360396,0.263586564232173,0.));
#14508=DIRECTION('',(-0.964635746360396,0.263586564232173,0.));
#14509=DIRECTION('',(-0.964635746360396,0.263586564232173,0.));
#14510=DIRECTION('',(0.,0.,1.));
#14511=DIRECTION('center_axis',(0.303429919758321,0.952853757821975,0.));
#14512=DIRECTION('ref_axis',(-0.952853757821975,0.303429919758321,0.));
#14513=DIRECTION('',(-0.952853757821975,0.303429919758321,0.));
#14514=DIRECTION('',(-0.952853757821975,0.303429919758321,0.));
#14515=DIRECTION('',(0.,0.,1.));
#14516=DIRECTION('center_axis',(0.368862190829141,0.929484095709403,0.));
#14517=DIRECTION('ref_axis',(-0.929484095709403,0.368862190829141,0.));
#14518=DIRECTION('',(-0.929484095709403,0.368862190829141,0.));
#14519=DIRECTION('',(-0.929484095709403,0.368862190829141,0.));
#14520=DIRECTION('',(0.,0.,1.));
#14521=DIRECTION('center_axis',(0.398095348467279,0.917344043164132,0.));
#14522=DIRECTION('ref_axis',(-0.917344043164132,0.398095348467279,0.));
#14523=DIRECTION('',(-0.917344043164132,0.398095348467279,0.));
#14524=DIRECTION('',(-0.917344043164132,0.398095348467279,0.));
#14525=DIRECTION('',(0.,0.,1.));
#14526=DIRECTION('center_axis',(0.99999979258736,-0.000644069279451324,
0.));
#14527=DIRECTION('ref_axis',(0.000644069279451324,0.99999979258736,0.));
#14528=DIRECTION('',(0.000644069279451324,0.99999979258736,0.));
#14529=DIRECTION('',(0.000644069279451324,0.99999979258736,0.));
#14530=DIRECTION('',(0.,0.,1.));
#14531=DIRECTION('center_axis',(0.397609530336583,-0.917554718469434,0.));
#14532=DIRECTION('ref_axis',(0.917554718469434,0.397609530336583,0.));
#14533=DIRECTION('',(0.917554718469434,0.397609530336583,0.));
#14534=DIRECTION('',(0.917554718469434,0.397609530336583,0.));
#14535=DIRECTION('',(0.,0.,1.));
#14536=DIRECTION('center_axis',(0.403606842907767,-0.914932520111743,0.));
#14537=DIRECTION('ref_axis',(0.914932520111743,0.403606842907767,0.));
#14538=DIRECTION('',(0.914932520111743,0.403606842907767,0.));
#14539=DIRECTION('',(0.914932520111743,0.403606842907767,0.));
#14540=DIRECTION('',(0.,0.,1.));
#14541=DIRECTION('center_axis',(0.328991942866068,-0.944332728189175,0.));
#14542=DIRECTION('ref_axis',(0.944332728189175,0.328991942866068,0.));
#14543=DIRECTION('',(0.944332728189175,0.328991942866068,0.));
#14544=DIRECTION('',(0.944332728189175,0.328991942866068,0.));
#14545=DIRECTION('',(0.,0.,1.));
#14546=DIRECTION('center_axis',(0.337836718527309,-0.941204734165049,0.));
#14547=DIRECTION('ref_axis',(0.941204734165049,0.337836718527309,0.));
#14548=DIRECTION('',(0.941204734165049,0.337836718527309,0.));
#14549=DIRECTION('',(0.941204734165049,0.337836718527309,0.));
#14550=DIRECTION('',(0.,0.,1.));
#14551=DIRECTION('center_axis',(0.252092195689402,-0.967703221485025,0.));
#14552=DIRECTION('ref_axis',(0.967703221485025,0.252092195689402,0.));
#14553=DIRECTION('',(0.967703221485025,0.252092195689402,0.));
#14554=DIRECTION('',(0.967703221485025,0.252092195689402,0.));
#14555=DIRECTION('',(0.,0.,1.));
#14556=DIRECTION('center_axis',(0.145321470402099,-0.989384490600177,0.));
#14557=DIRECTION('ref_axis',(0.989384490600177,0.145321470402099,0.));
#14558=DIRECTION('',(0.989384490600177,0.145321470402099,0.));
#14559=DIRECTION('',(0.989384490600177,0.145321470402099,0.));
#14560=DIRECTION('',(0.,0.,1.));
#14561=DIRECTION('center_axis',(0.0346384523589576,-0.999399908754337,0.));
#14562=DIRECTION('ref_axis',(0.999399908754336,0.0346384523589576,0.));
#14563=DIRECTION('',(0.999399908754336,0.0346384523589576,0.));
#14564=DIRECTION('',(0.999399908754336,0.0346384523589576,0.));
#14565=DIRECTION('',(0.,0.,1.));
#14566=DIRECTION('center_axis',(0.996170022218329,-0.087437330892095,0.));
#14567=DIRECTION('ref_axis',(0.087437330892095,0.996170022218329,0.));
#14568=DIRECTION('',(0.087437330892095,0.996170022218329,0.));
#14569=DIRECTION('',(0.087437330892095,0.996170022218329,0.));
#14570=DIRECTION('',(0.,0.,1.));
#14571=DIRECTION('center_axis',(0.207682902029023,0.978196203327739,0.));
#14572=DIRECTION('ref_axis',(-0.978196203327739,0.207682902029023,0.));
#14573=DIRECTION('',(-0.978196203327739,0.207682902029023,0.));
#14574=DIRECTION('',(-0.978196203327739,0.207682902029023,0.));
#14575=DIRECTION('',(0.,0.,1.));
#14576=DIRECTION('center_axis',(0.327416248132184,0.944880204289964,0.));
#14577=DIRECTION('ref_axis',(-0.944880204289964,0.327416248132184,0.));
#14578=DIRECTION('',(-0.944880204289964,0.327416248132184,0.));
#14579=DIRECTION('',(-0.944880204289964,0.327416248132184,0.));
#14580=DIRECTION('',(0.,0.,1.));
#14581=DIRECTION('center_axis',(0.411926287581471,0.911217171479635,0.));
#14582=DIRECTION('ref_axis',(-0.911217171479635,0.411926287581471,0.));
#14583=DIRECTION('',(-0.911217171479635,0.411926287581471,0.));
#14584=DIRECTION('',(-0.911217171479635,0.411926287581471,0.));
#14585=DIRECTION('',(0.,0.,1.));
#14586=DIRECTION('center_axis',(0.427089331513644,0.90420943531199,0.));
#14587=DIRECTION('ref_axis',(-0.90420943531199,0.427089331513644,0.));
#14588=DIRECTION('',(-0.90420943531199,0.427089331513644,0.));
#14589=DIRECTION('',(-0.90420943531199,0.427089331513644,0.));
#14590=DIRECTION('',(0.,0.,1.));
#14591=DIRECTION('center_axis',(0.464281456099148,0.885687715576125,0.));
#14592=DIRECTION('ref_axis',(-0.885687715576125,0.464281456099148,0.));
#14593=DIRECTION('',(-0.885687715576125,0.464281456099148,0.));
#14594=DIRECTION('',(-0.885687715576125,0.464281456099148,0.));
#14595=DIRECTION('',(0.,0.,1.));
#14596=DIRECTION('center_axis',(0.524661564712133,0.85131089650833,0.));
#14597=DIRECTION('ref_axis',(-0.85131089650833,0.524661564712133,0.));
#14598=DIRECTION('',(-0.85131089650833,0.524661564712133,0.));
#14599=DIRECTION('',(-0.85131089650833,0.524661564712133,0.));
#14600=DIRECTION('',(0.,0.,1.));
#14601=DIRECTION('center_axis',(0.551342506997688,0.834278994088611,0.));
#14602=DIRECTION('ref_axis',(-0.834278994088611,0.551342506997688,0.));
#14603=DIRECTION('',(-0.834278994088611,0.551342506997688,0.));
#14604=DIRECTION('',(-0.834278994088611,0.551342506997688,0.));
#14605=DIRECTION('',(0.,0.,1.));
#14606=DIRECTION('center_axis',(0.984695707294008,-0.174282426069736,0.));
#14607=DIRECTION('ref_axis',(0.174282426069736,0.984695707294008,0.));
#14608=DIRECTION('',(0.174282426069736,0.984695707294008,0.));
#14609=DIRECTION('',(0.174282426069736,0.984695707294008,0.));
#14610=DIRECTION('',(0.,0.,1.));
#14611=DIRECTION('center_axis',(0.232237243375564,-0.972659170927473,0.));
#14612=DIRECTION('ref_axis',(0.972659170927473,0.232237243375564,0.));
#14613=DIRECTION('',(0.972659170927473,0.232237243375564,0.));
#14614=DIRECTION('',(0.972659170927473,0.232237243375564,0.));
#14615=DIRECTION('',(0.,0.,1.));
#14616=DIRECTION('center_axis',(0.238598783258634,-0.971118232053903,0.));
#14617=DIRECTION('ref_axis',(0.971118232053903,0.238598783258634,0.));
#14618=DIRECTION('',(0.971118232053903,0.238598783258634,0.));
#14619=DIRECTION('',(0.971118232053903,0.238598783258634,0.));
#14620=DIRECTION('',(0.,0.,1.));
#14621=DIRECTION('center_axis',(0.160012158651754,-0.987115043489666,0.));
#14622=DIRECTION('ref_axis',(0.987115043489666,0.160012158651754,0.));
#14623=DIRECTION('',(0.987115043489666,0.160012158651754,0.));
#14624=DIRECTION('',(0.987115043489666,0.160012158651754,0.));
#14625=DIRECTION('',(0.,0.,1.));
#14626=DIRECTION('center_axis',(0.169265732757561,-0.985570449898964,0.));
#14627=DIRECTION('ref_axis',(0.985570449898964,0.169265732757561,0.));
#14628=DIRECTION('',(0.985570449898964,0.169265732757561,0.));
#14629=DIRECTION('',(0.985570449898964,0.169265732757561,0.));
#14630=DIRECTION('',(0.,0.,1.));
#14631=DIRECTION('center_axis',(0.0802224478551916,-0.996776985518888,0.));
#14632=DIRECTION('ref_axis',(0.996776985518888,0.0802224478551916,0.));
#14633=DIRECTION('',(0.996776985518888,0.0802224478551916,0.));
#14634=DIRECTION('',(0.996776985518888,0.0802224478551916,0.));
#14635=DIRECTION('',(0.,0.,1.));
#14636=DIRECTION('center_axis',(-0.0286911030732068,-0.999588325564301,
0.));
#14637=DIRECTION('ref_axis',(0.999588325564301,-0.0286911030732068,0.));
#14638=DIRECTION('',(0.999588325564301,-0.0286911030732068,0.));
#14639=DIRECTION('',(0.999588325564301,-0.0286911030732068,0.));
#14640=DIRECTION('',(0.,0.,1.));
#14641=DIRECTION('center_axis',(-0.139431756479764,-0.990231682630367,0.));
#14642=DIRECTION('ref_axis',(0.990231682630367,-0.139431756479764,0.));
#14643=DIRECTION('',(0.990231682630367,-0.139431756479764,0.));
#14644=DIRECTION('',(0.990231682630367,-0.139431756479764,0.));
#14645=DIRECTION('',(0.,0.,1.));
#14646=DIRECTION('center_axis',(0.965852628029562,-0.259092070369567,0.));
#14647=DIRECTION('ref_axis',(0.259092070369567,0.965852628029562,0.));
#14648=DIRECTION('',(0.259092070369567,0.965852628029562,0.));
#14649=DIRECTION('',(0.259092070369567,0.965852628029562,0.));
#14650=DIRECTION('',(0.,0.,1.));
#14651=DIRECTION('center_axis',(0.374389720195066,0.927271447534248,0.));
#14652=DIRECTION('ref_axis',(-0.927271447534248,0.374389720195066,0.));
#14653=DIRECTION('',(-0.927271447534248,0.374389720195066,0.));
#14654=DIRECTION('',(-0.927271447534248,0.374389720195066,0.));
#14655=DIRECTION('',(0.,0.,1.));
#14656=DIRECTION('center_axis',(0.486518785210751,0.873670116026098,0.));
#14657=DIRECTION('ref_axis',(-0.873670116026098,0.486518785210751,0.));
#14658=DIRECTION('',(-0.873670116026098,0.486518785210751,0.));
#14659=DIRECTION('',(-0.873670116026098,0.486518785210751,0.));
#14660=DIRECTION('',(0.,0.,1.));
#14661=DIRECTION('center_axis',(0.563899402967783,0.825843485978171,0.));
#14662=DIRECTION('ref_axis',(-0.825843485978171,0.563899402967783,0.));
#14663=DIRECTION('',(-0.825843485978171,0.563899402967783,0.));
#14664=DIRECTION('',(-0.825843485978171,0.563899402967783,0.));
#14665=DIRECTION('',(0.,0.,1.));
#14666=DIRECTION('center_axis',(0.577615205574234,0.816309178123973,0.));
#14667=DIRECTION('ref_axis',(-0.816309178123973,0.577615205574234,0.));
#14668=DIRECTION('',(-0.816309178123973,0.577615205574234,0.));
#14669=DIRECTION('',(-0.816309178123973,0.577615205574234,0.));
#14670=DIRECTION('',(0.,0.,1.));
#14671=DIRECTION('center_axis',(0.611026035342511,0.791610500267406,0.));
#14672=DIRECTION('ref_axis',(-0.791610500267406,0.611026035342511,0.));
#14673=DIRECTION('',(-0.791610500267406,0.611026035342511,0.));
#14674=DIRECTION('',(-0.791610500267406,0.611026035342511,0.));
#14675=DIRECTION('',(0.,0.,1.));
#14676=DIRECTION('center_axis',(0.66451936244242,0.747271046501281,0.));
#14677=DIRECTION('ref_axis',(-0.747271046501281,0.66451936244242,0.));
#14678=DIRECTION('',(-0.747271046501281,0.66451936244242,0.));
#14679=DIRECTION('',(-0.747271046501281,0.66451936244242,0.));
#14680=DIRECTION('',(0.,0.,1.));
#14681=DIRECTION('center_axis',(0.687837402445655,0.72586479994336,0.));
#14682=DIRECTION('ref_axis',(-0.72586479994336,0.687837402445655,0.));
#14683=DIRECTION('',(-0.72586479994336,0.687837402445655,0.));
#14684=DIRECTION('',(-0.72586479994336,0.687837402445655,0.));
#14685=DIRECTION('',(0.,0.,1.));
#14686=DIRECTION('center_axis',(0.939472141214494,-0.342625299535591,0.));
#14687=DIRECTION('ref_axis',(0.342625299535591,0.939472141214494,0.));
#14688=DIRECTION('',(0.342625299535591,0.939472141214494,0.));
#14689=DIRECTION('',(0.342625299535591,0.939472141214494,0.));
#14690=DIRECTION('',(0.,0.,1.));
#14691=DIRECTION('center_axis',(0.059808545291508,-0.998209866666381,0.));
#14692=DIRECTION('ref_axis',(0.998209866666381,0.059808545291508,0.));
#14693=DIRECTION('',(0.998209866666381,0.059808545291508,0.));
#14694=DIRECTION('',(0.998209866666381,0.059808545291508,0.));
#14695=DIRECTION('',(0.,0.,1.));
#14696=DIRECTION('center_axis',(0.0663410203175373,-0.997797007924572,0.));
#14697=DIRECTION('ref_axis',(0.997797007924572,0.0663410203175373,0.));
#14698=DIRECTION('',(0.997797007924572,0.0663410203175372,0.));
#14699=DIRECTION('',(0.997797007924572,0.0663410203175372,0.));
#14700=DIRECTION('',(0.,0.,1.));
#14701=DIRECTION('center_axis',(-0.0138295140332577,-0.999904367698033,
0.));
#14702=DIRECTION('ref_axis',(0.999904367698033,-0.0138295140332577,0.));
#14703=DIRECTION('',(0.999904367698033,-0.0138295140332577,0.));
#14704=DIRECTION('',(0.999904367698033,-0.0138295140332577,0.));
#14705=DIRECTION('',(0.,0.,1.));
#14706=DIRECTION('center_axis',(-0.00444830664755138,-0.999990106235041,
0.));
#14707=DIRECTION('ref_axis',(0.999990106235041,-0.00444830664755138,0.));
#14708=DIRECTION('',(0.999990106235041,-0.00444830664755138,0.));
#14709=DIRECTION('',(0.999990106235041,-0.00444830664755138,0.));
#14710=DIRECTION('',(0.,0.,1.));
#14711=DIRECTION('center_axis',(-0.0940848184632183,-0.995564185241084,
0.));
#14712=DIRECTION('ref_axis',(0.995564185241084,-0.0940848184632183,0.));
#14713=DIRECTION('',(0.995564185241084,-0.0940848184632183,0.));
#14714=DIRECTION('',(0.995564185241084,-0.0940848184632183,0.));
#14715=DIRECTION('',(0.,0.,1.));
#14716=DIRECTION('center_axis',(-0.201831911899874,-0.979420175072395,0.));
#14717=DIRECTION('ref_axis',(0.979420175072395,-0.201831911899874,0.));
#14718=DIRECTION('',(0.979420175072395,-0.201831911899874,0.));
#14719=DIRECTION('',(0.979420175072395,-0.201831911899874,0.));
#14720=DIRECTION('',(0.,0.,1.));
#14721=DIRECTION('center_axis',(-0.00199148134073896,-0.999998016999069,
0.));
#14722=DIRECTION('ref_axis',(0.999998016999069,-0.00199148134073896,0.));
#14723=DIRECTION('',(0.999998016999069,-0.00199148134073896,0.));
#14724=DIRECTION('',(0.999998016999069,-0.00199148134073896,0.));
#14725=DIRECTION('',(0.,0.,1.));
#14726=DIRECTION('center_axis',(0.,0.,1.));
#14727=DIRECTION('ref_axis',(1.,0.,0.));
#14728=DIRECTION('center_axis',(0.,0.,1.));
#14729=DIRECTION('ref_axis',(1.,0.,0.));
#14730=DIRECTION('center_axis',(0.,0.,1.));
#14731=DIRECTION('ref_axis',(1.,0.,0.));
#14732=DIRECTION('',(0.,0.,1.));
#14733=DIRECTION('center_axis',(0.529720896163252,0.848172018029362,0.));
#14734=DIRECTION('ref_axis',(-0.848172018029362,0.529720896163252,0.));
#14735=DIRECTION('',(-0.848172018029362,0.529720896163252,0.));
#14736=DIRECTION('',(-0.848172018029362,0.529720896163252,0.));
#14737=DIRECTION('',(0.,0.,1.));
#14738=DIRECTION('center_axis',(0.630838695192318,0.775914003384431,0.));
#14739=DIRECTION('ref_axis',(-0.775914003384431,0.630838695192318,0.));
#14740=DIRECTION('',(-0.775914003384431,0.630838695192318,0.));
#14741=DIRECTION('',(-0.775914003384431,0.630838695192318,0.));
#14742=DIRECTION('',(0.,0.,1.));
#14743=DIRECTION('center_axis',(0.698738720338701,0.715376964054222,0.));
#14744=DIRECTION('ref_axis',(-0.715376964054222,0.698738720338701,0.));
#14745=DIRECTION('',(-0.715376964054222,0.698738720338701,0.));
#14746=DIRECTION('',(-0.715376964054222,0.698738720338701,0.));
#14747=DIRECTION('',(0.,0.,1.));
#14748=DIRECTION('center_axis',(0.710590533901229,0.703605779630871,0.));
#14749=DIRECTION('ref_axis',(-0.703605779630871,0.710590533901229,0.));
#14750=DIRECTION('',(-0.703605779630871,0.710590533901229,0.));
#14751=DIRECTION('',(-0.703605779630871,0.710590533901229,0.));
#14752=DIRECTION('',(0.,0.,1.));
#14753=DIRECTION('center_axis',(0.739204897689295,0.673480600486873,0.));
#14754=DIRECTION('ref_axis',(-0.673480600486873,0.739204897689295,0.));
#14755=DIRECTION('',(-0.673480600486873,0.739204897689295,0.));
#14756=DIRECTION('',(-0.673480600486873,0.739204897689295,0.));
#14757=DIRECTION('',(0.,0.,1.));
#14758=DIRECTION('center_axis',(0.784186075608043,0.62052574388373,0.));
#14759=DIRECTION('ref_axis',(-0.62052574388373,0.784186075608043,0.));
#14760=DIRECTION('',(-0.62052574388373,0.784186075608043,0.));
#14761=DIRECTION('',(-0.62052574388373,0.784186075608043,0.));
#14762=DIRECTION('',(0.,0.,1.));
#14763=DIRECTION('center_axis',(0.803432706483606,0.595395571156209,0.));
#14764=DIRECTION('ref_axis',(-0.595395571156209,0.803432706483606,0.));
#14765=DIRECTION('',(-0.595395571156209,0.803432706483606,0.));
#14766=DIRECTION('',(-0.595395571156209,0.803432706483606,0.));
#14767=DIRECTION('',(0.,0.,1.));
#14768=DIRECTION('center_axis',(0.865703189520347,-0.50055767665105,0.));
#14769=DIRECTION('ref_axis',(0.50055767665105,0.865703189520347,0.));
#14770=DIRECTION('',(0.50055767665105,0.865703189520347,0.));
#14771=DIRECTION('',(0.50055767665105,0.865703189520347,0.));
#14772=DIRECTION('',(0.,0.,1.));
#14773=DIRECTION('center_axis',(-0.114437405177151,-0.993430460725018,0.));
#14774=DIRECTION('ref_axis',(0.993430460725018,-0.114437405177151,0.));
#14775=DIRECTION('',(0.993430460725018,-0.114437405177151,0.));
#14776=DIRECTION('',(0.993430460725018,-0.114437405177151,0.));
#14777=DIRECTION('',(0.,0.,1.));
#14778=DIRECTION('center_axis',(-0.107932480956437,-0.994158226619178,0.));
#14779=DIRECTION('ref_axis',(0.994158226619178,-0.107932480956437,0.));
#14780=DIRECTION('',(0.994158226619178,-0.107932480956437,0.));
#14781=DIRECTION('',(0.994158226619178,-0.107932480956437,0.));
#14782=DIRECTION('',(0.,0.,1.));
#14783=DIRECTION('center_axis',(-0.187250983932163,-0.982312103669927,0.));
#14784=DIRECTION('ref_axis',(0.982312103669927,-0.187250983932163,0.));
#14785=DIRECTION('',(0.982312103669927,-0.187250983932163,0.));
#14786=DIRECTION('',(0.982312103669927,-0.187250983932163,0.));
#14787=DIRECTION('',(0.,0.,1.));
#14788=DIRECTION('center_axis',(-0.178027186506884,-0.984025569212733,0.));
#14789=DIRECTION('ref_axis',(0.984025569212733,-0.178027186506884,0.));
#14790=DIRECTION('',(0.984025569212733,-0.178027186506884,0.));
#14791=DIRECTION('',(0.984025569212733,-0.178027186506884,0.));
#14792=DIRECTION('',(0.,0.,1.));
#14793=DIRECTION('center_axis',(-0.265533365179919,-0.96410167097471,0.));
#14794=DIRECTION('ref_axis',(0.96410167097471,-0.265533365179919,0.));
#14795=DIRECTION('',(0.96410167097471,-0.265533365179919,0.));
#14796=DIRECTION('',(0.96410167097471,-0.265533365179919,0.));
#14797=DIRECTION('',(0.,0.,1.));
#14798=DIRECTION('center_axis',(-0.368840160215955,-0.92949283817137,0.));
#14799=DIRECTION('ref_axis',(0.92949283817137,-0.368840160215955,0.));
#14800=DIRECTION('',(0.92949283817137,-0.368840160215955,0.));
#14801=DIRECTION('',(0.92949283817137,-0.368840160215955,0.));
#14802=DIRECTION('',(0.,0.,1.));
#14803=DIRECTION('center_axis',(-0.469702174686442,-0.882824935700633,0.));
#14804=DIRECTION('ref_axis',(0.882824935700633,-0.469702174686442,0.));
#14805=DIRECTION('',(0.882824935700633,-0.469702174686442,0.));
#14806=DIRECTION('',(0.882824935700633,-0.469702174686442,0.));
#14807=DIRECTION('',(0.,0.,1.));
#14808=DIRECTION('center_axis',(0.818989880283728,-0.573807960900548,0.));
#14809=DIRECTION('ref_axis',(0.573807960900548,0.818989880283728,0.));
#14810=DIRECTION('',(0.573807960900548,0.818989880283728,0.));
#14811=DIRECTION('',(0.573807960900548,0.818989880283728,0.));
#14812=DIRECTION('',(0.,0.,1.));
#14813=DIRECTION('center_axis',(0.668956770752533,0.74330131095293,0.));
#14814=DIRECTION('ref_axis',(-0.74330131095293,0.668956770752533,0.));
#14815=DIRECTION('',(-0.74330131095293,0.668956770752533,0.));
#14816=DIRECTION('',(-0.74330131095293,0.668956770752533,0.));
#14817=DIRECTION('',(0.,0.,1.));
#14818=DIRECTION('center_axis',(0.75599089063905,0.65458213638227,0.));
#14819=DIRECTION('ref_axis',(-0.65458213638227,0.75599089063905,0.));
#14820=DIRECTION('',(-0.65458213638227,0.75599089063905,0.));
#14821=DIRECTION('',(-0.65458213638227,0.75599089063905,0.));
#14822=DIRECTION('',(0.,0.,1.));
#14823=DIRECTION('center_axis',(0.812347215273165,0.583174075073587,0.));
#14824=DIRECTION('ref_axis',(-0.583174075073587,0.812347215273165,0.));
#14825=DIRECTION('',(-0.583174075073587,0.812347215273165,0.));
#14826=DIRECTION('',(-0.583174075073587,0.812347215273165,0.));
#14827=DIRECTION('',(0.,0.,1.));
#14828=DIRECTION('center_axis',(0.821974928432012,0.569523675565107,0.));
#14829=DIRECTION('ref_axis',(-0.569523675565107,0.821974928432012,0.));
#14830=DIRECTION('',(-0.569523675565107,0.821974928432012,0.));
#14831=DIRECTION('',(-0.569523675565107,0.821974928432012,0.));
#14832=DIRECTION('',(0.,0.,1.));
#14833=DIRECTION('center_axis',(0.844923393277474,0.534887333456756,0.));
#14834=DIRECTION('ref_axis',(-0.534887333456756,0.844923393277474,0.));
#14835=DIRECTION('',(-0.534887333456756,0.844923393277474,0.));
#14836=DIRECTION('',(-0.534887333456756,0.844923393277474,0.));
#14837=DIRECTION('',(0.,0.,1.));
#14838=DIRECTION('center_axis',(0.880025691683811,0.474926080539308,0.));
#14839=DIRECTION('ref_axis',(-0.474926080539308,0.880025691683811,0.));
#14840=DIRECTION('',(-0.474926080539308,0.880025691683811,0.));
#14841=DIRECTION('',(-0.474926080539308,0.880025691683811,0.));
#14842=DIRECTION('',(0.,0.,1.));
#14843=DIRECTION('center_axis',(0.894616114290595,0.446835549225436,0.));
#14844=DIRECTION('ref_axis',(-0.446835549225436,0.894616114290595,0.));
#14845=DIRECTION('',(-0.446835549225436,0.894616114290595,0.));
#14846=DIRECTION('',(-0.446835549225436,0.894616114290595,0.));
#14847=DIRECTION('',(0.,0.,1.));
#14848=DIRECTION('center_axis',(0.765630284479122,-0.643280862056706,0.));
#14849=DIRECTION('ref_axis',(0.643280862056706,0.765630284479122,0.));
#14850=DIRECTION('',(0.643280862056706,0.765630284479122,0.));
#14851=DIRECTION('',(0.643280862056706,0.765630284479122,0.));
#14852=DIRECTION('',(0.,0.,1.));
#14853=DIRECTION('center_axis',(-0.285206232995674,-0.958466172934871,0.));
#14854=DIRECTION('ref_axis',(0.958466172934871,-0.285206232995674,0.));
#14855=DIRECTION('',(0.95846617293487,-0.285206232995674,0.));
#14856=DIRECTION('',(0.95846617293487,-0.285206232995674,0.));
#14857=DIRECTION('',(0.,0.,1.));
#14858=DIRECTION('center_axis',(-0.278926508412808,-0.960312450666261,0.));
#14859=DIRECTION('ref_axis',(0.960312450666261,-0.278926508412808,0.));
#14860=DIRECTION('',(0.960312450666261,-0.278926508412808,0.));
#14861=DIRECTION('',(0.960312450666261,-0.278926508412808,0.));
#14862=DIRECTION('',(0.,0.,1.));
#14863=DIRECTION('center_axis',(-0.354982927437955,-0.934872783445737,0.));
#14864=DIRECTION('ref_axis',(0.934872783445737,-0.354982927437955,0.));
#14865=DIRECTION('',(0.934872783445737,-0.354982927437955,0.));
#14866=DIRECTION('',(0.934872783445737,-0.354982927437955,0.));
#14867=DIRECTION('',(0.,0.,1.));
#14868=DIRECTION('center_axis',(-0.346196800391789,-0.938161913210341,0.));
#14869=DIRECTION('ref_axis',(0.938161913210341,-0.346196800391789,0.));
#14870=DIRECTION('',(0.938161913210341,-0.346196800391789,0.));
#14871=DIRECTION('',(0.938161913210341,-0.346196800391789,0.));
#14872=DIRECTION('',(0.,0.,1.));
#14873=DIRECTION('center_axis',(-0.428913814963764,-0.9033454152943,0.));
#14874=DIRECTION('ref_axis',(0.903345415294299,-0.428913814963764,0.));
#14875=DIRECTION('',(0.903345415294299,-0.428913814963764,0.));
#14876=DIRECTION('',(0.903345415294299,-0.428913814963764,0.));
#14877=DIRECTION('',(0.,0.,1.));
#14878=DIRECTION('center_axis',(-0.524641386906078,-0.851323331728472,0.));
#14879=DIRECTION('ref_axis',(0.851323331728472,-0.524641386906078,0.));
#14880=DIRECTION('',(0.851323331728472,-0.524641386906078,0.));
#14881=DIRECTION('',(0.851323331728472,-0.524641386906078,0.));
#14882=DIRECTION('',(0.,0.,1.));
#14883=DIRECTION('center_axis',(-0.615867284521631,-0.787849914549689,0.));
#14884=DIRECTION('ref_axis',(0.787849914549689,-0.615867284521631,0.));
#14885=DIRECTION('',(0.787849914549689,-0.615867284521631,0.));
#14886=DIRECTION('',(0.787849914549689,-0.615867284521631,0.));
#14887=DIRECTION('',(0.,0.,1.));
#14888=DIRECTION('center_axis',(0.706906877000566,-0.707306628874145,0.));
#14889=DIRECTION('ref_axis',(0.707306628874144,0.706906877000566,0.));
#14890=DIRECTION('',(0.707306628874144,0.706906877000566,0.));
#14891=DIRECTION('',(0.707306628874144,0.706906877000566,0.));
#14892=DIRECTION('',(0.,0.,1.));
#14893=DIRECTION('center_axis',(0.787866732371415,0.615845769671587,0.));
#14894=DIRECTION('ref_axis',(-0.615845769671587,0.787866732371415,0.));
#14895=DIRECTION('',(-0.615845769671587,0.787866732371415,0.));
#14896=DIRECTION('',(-0.615845769671587,0.787866732371415,0.));
#14897=DIRECTION('',(0.,0.,1.));
#14898=DIRECTION('center_axis',(0.858172685424218,0.513361122399999,0.));
#14899=DIRECTION('ref_axis',(-0.513361122399999,0.858172685424218,0.));
#14900=DIRECTION('',(-0.513361122399999,0.858172685424218,0.));
#14901=DIRECTION('',(-0.513361122399999,0.858172685424218,0.));
#14902=DIRECTION('',(0.,0.,1.));
#14903=DIRECTION('center_axis',(0.901272951136612,0.433251736926124,0.));
#14904=DIRECTION('ref_axis',(-0.433251736926124,0.901272951136612,0.));
#14905=DIRECTION('',(-0.433251736926124,0.901272951136612,0.));
#14906=DIRECTION('',(-0.433251736926124,0.901272951136612,0.));
#14907=DIRECTION('',(0.,0.,1.));
#14908=DIRECTION('center_axis',(0.90838403070149,0.41813688281054,0.));
#14909=DIRECTION('ref_axis',(-0.41813688281054,0.90838403070149,0.));
#14910=DIRECTION('',(-0.41813688281054,0.90838403070149,0.));
#14911=DIRECTION('',(-0.41813688281054,0.90838403070149,0.));
#14912=DIRECTION('',(0.,0.,1.));
#14913=DIRECTION('center_axis',(0.924969319113617,0.380041785463772,0.));
#14914=DIRECTION('ref_axis',(-0.380041785463772,0.924969319113617,0.));
#14915=DIRECTION('',(-0.380041785463772,0.924969319113617,0.));
#14916=DIRECTION('',(-0.380041785463772,0.924969319113617,0.));
#14917=DIRECTION('',(0.,0.,1.));
#14918=DIRECTION('center_axis',(0.949126172432331,0.314896028561736,0.));
#14919=DIRECTION('ref_axis',(-0.314896028561736,0.949126172432331,0.));
#14920=DIRECTION('',(-0.314896028561736,0.949126172432331,0.));
#14921=DIRECTION('',(-0.314896028561736,0.949126172432331,0.));
#14922=DIRECTION('',(0.,0.,1.));
#14923=DIRECTION('center_axis',(0.95861706416276,0.284698655240889,0.));
#14924=DIRECTION('ref_axis',(-0.284698655240889,0.95861706416276,0.));
#14925=DIRECTION('',(-0.284698655240889,0.95861706416276,0.));
#14926=DIRECTION('',(-0.284698655240889,0.95861706416276,0.));
#14927=DIRECTION('',(0.,0.,1.));
#14928=DIRECTION('center_axis',(0.642294090672177,-0.766458283983937,0.));
#14929=DIRECTION('ref_axis',(0.766458283983937,0.642294090672177,0.));
#14930=DIRECTION('',(0.766458283983937,0.642294090672177,0.));
#14931=DIRECTION('',(0.766458283983937,0.642294090672177,0.));
#14932=DIRECTION('',(0.,0.,1.));
#14933=DIRECTION('center_axis',(-0.447309213747184,-0.894379375487201,0.));
#14934=DIRECTION('ref_axis',(0.894379375487201,-0.447309213747184,0.));
#14935=DIRECTION('',(0.894379375487201,-0.447309213747184,0.));
#14936=DIRECTION('',(0.894379375487201,-0.447309213747184,0.));
#14937=DIRECTION('',(0.,0.,1.));
#14938=DIRECTION('center_axis',(-0.441445495054758,-0.897288066841335,0.));
#14939=DIRECTION('ref_axis',(0.897288066841335,-0.441445495054758,0.));
#14940=DIRECTION('',(0.897288066841335,-0.441445495054758,0.));
#14941=DIRECTION('',(0.897288066841335,-0.441445495054758,0.));
#14942=DIRECTION('',(0.,0.,1.));
#14943=DIRECTION('center_axis',(-0.511928894323634,-0.85902782676499,0.));
#14944=DIRECTION('ref_axis',(0.85902782676499,-0.511928894323634,0.));
#14945=DIRECTION('',(0.85902782676499,-0.511928894323634,0.));
#14946=DIRECTION('',(0.85902782676499,-0.511928894323634,0.));
#14947=DIRECTION('',(0.,0.,1.));
#14948=DIRECTION('center_axis',(-0.503847399677329,-0.863792682209333,0.));
#14949=DIRECTION('ref_axis',(0.863792682209333,-0.503847399677329,0.));
#14950=DIRECTION('',(0.863792682209333,-0.503847399677329,0.));
#14951=DIRECTION('',(0.863792682209333,-0.503847399677329,0.));
#14952=DIRECTION('',(0.,0.,1.));
#14953=DIRECTION('center_axis',(-0.579261935519918,-0.815141466285281,0.));
#14954=DIRECTION('ref_axis',(0.815141466285281,-0.579261935519918,0.));
#14955=DIRECTION('',(0.815141466285281,-0.579261935519918,0.));
#14956=DIRECTION('',(0.815141466285281,-0.579261935519918,0.));
#14957=DIRECTION('',(0.,0.,1.));
#14958=DIRECTION('center_axis',(-0.664501650536623,-0.747286796641092,0.));
#14959=DIRECTION('ref_axis',(0.747286796641092,-0.664501650536623,0.));
#14960=DIRECTION('',(0.747286796641092,-0.664501650536623,0.));
#14961=DIRECTION('',(0.747286796641092,-0.664501650536623,0.));
#14962=DIRECTION('',(0.,0.,1.));
#14963=DIRECTION('center_axis',(-0.743319578558602,-0.668936472418318,0.));
#14964=DIRECTION('ref_axis',(0.668936472418318,-0.743319578558602,0.));
#14965=DIRECTION('',(0.668936472418318,-0.743319578558602,0.));
#14966=DIRECTION('',(0.668936472418318,-0.743319578558602,0.));
#14967=DIRECTION('',(0.,0.,1.));
#14968=DIRECTION('center_axis',(0.573344865972448,-0.81931414284329,0.));
#14969=DIRECTION('ref_axis',(0.81931414284329,0.573344865972448,0.));
#14970=DIRECTION('',(0.81931414284329,0.573344865972448,0.));
#14971=DIRECTION('',(0.81931414284329,0.573344865972448,0.));
#14972=DIRECTION('',(0.,0.,1.));
#14973=DIRECTION('center_axis',(0.882837762007517,0.469678066310914,0.));
#14974=DIRECTION('ref_axis',(-0.469678066310914,0.882837762007517,0.));
#14975=DIRECTION('',(-0.469678066310914,0.882837762007517,0.));
#14976=DIRECTION('',(-0.469678066310914,0.882837762007517,0.));
#14977=DIRECTION('',(0.,0.,1.));
#14978=DIRECTION('center_axis',(0.93427933741879,0.356541890487368,0.));
#14979=DIRECTION('ref_axis',(-0.356541890487368,0.93427933741879,0.));
#14980=DIRECTION('',(-0.356541890487368,0.93427933741879,0.));
#14981=DIRECTION('',(-0.356541890487368,0.93427933741879,0.));
#14982=DIRECTION('',(0.,0.,1.));
#14983=DIRECTION('center_axis',(0.962813964448675,0.270165263982298,0.));
#14984=DIRECTION('ref_axis',(-0.270165263982298,0.962813964448676,0.));
#14985=DIRECTION('',(-0.270165263982298,0.962813964448676,0.));
#14986=DIRECTION('',(-0.270165263982298,0.962813964448676,0.));
#14987=DIRECTION('',(0.,0.,1.));
#14988=DIRECTION('center_axis',(0.967192343862626,0.254045212459358,0.));
#14989=DIRECTION('ref_axis',(-0.254045212459358,0.967192343862626,0.));
#14990=DIRECTION('',(-0.254045212459358,0.967192343862626,0.));
#14991=DIRECTION('',(-0.254045212459358,0.967192343862626,0.));
#14992=DIRECTION('',(0.,0.,1.));
#14993=DIRECTION('center_axis',(0.976910520244099,0.213648860133642,0.));
#14994=DIRECTION('ref_axis',(-0.213648860133642,0.976910520244099,0.));
#14995=DIRECTION('',(-0.213648860133642,0.976910520244099,0.));
#14996=DIRECTION('',(-0.213648860133642,0.976910520244099,0.));
#14997=DIRECTION('',(0.,0.,1.));
#14998=DIRECTION('center_axis',(0.989387934712547,0.1452980201009,0.));
#14999=DIRECTION('ref_axis',(-0.1452980201009,0.989387934712547,0.));
#15000=DIRECTION('',(-0.1452980201009,0.989387934712547,0.));
#15001=DIRECTION('',(-0.1452980201009,0.989387934712547,0.));
#15002=DIRECTION('',(0.,0.,1.));
#15003=DIRECTION('center_axis',(0.993490919624013,0.113911336681793,0.));
#15004=DIRECTION('ref_axis',(-0.113911336681793,0.993490919624013,0.));
#15005=DIRECTION('',(-0.113911336681793,0.993490919624013,0.));
#15006=DIRECTION('',(-0.113911336681793,0.993490919624013,0.));
#15007=DIRECTION('',(0.,0.,1.));
#15008=DIRECTION('center_axis',(0.499442115935936,-0.866347258799516,0.));
#15009=DIRECTION('ref_axis',(0.866347258799516,0.499442115935936,0.));
#15010=DIRECTION('',(0.866347258799516,0.499442115935936,0.));
#15011=DIRECTION('',(0.866347258799516,0.499442115935936,0.));
#15012=DIRECTION('',(0.,0.,1.));
#15013=DIRECTION('center_axis',(-0.595820930388645,-0.803117313292902,0.));
#15014=DIRECTION('ref_axis',(0.803117313292902,-0.595820930388645,0.));
#15015=DIRECTION('',(0.803117313292902,-0.595820930388645,0.));
#15016=DIRECTION('',(0.803117313292902,-0.595820930388645,0.));
#15017=DIRECTION('',(0.,0.,1.));
#15018=DIRECTION('center_axis',(-0.590551383711532,-0.807000039155139,0.));
#15019=DIRECTION('ref_axis',(0.807000039155139,-0.590551383711532,0.));
#15020=DIRECTION('',(0.807000039155139,-0.590551383711532,0.));
#15021=DIRECTION('',(0.807000039155139,-0.590551383711532,0.));
#15022=DIRECTION('',(0.,0.,1.));
#15023=DIRECTION('center_axis',(-0.653320160803977,-0.757081744256897,0.));
#15024=DIRECTION('ref_axis',(0.757081744256897,-0.653320160803977,0.));
#15025=DIRECTION('',(0.757081744256897,-0.653320160803977,0.));
#15026=DIRECTION('',(0.757081744256897,-0.653320160803977,0.));
#15027=DIRECTION('',(0.,0.,1.));
#15028=DIRECTION('center_axis',(-0.646188850684038,-0.763177547659548,0.));
#15029=DIRECTION('ref_axis',(0.763177547659548,-0.646188850684038,0.));
#15030=DIRECTION('',(0.763177547659548,-0.646188850684038,0.));
#15031=DIRECTION('',(0.763177547659548,-0.646188850684038,0.));
#15032=DIRECTION('',(0.,0.,1.));
#15033=DIRECTION('center_axis',(-0.712009475285363,-0.70216985630534,0.));
#15034=DIRECTION('ref_axis',(0.70216985630534,-0.712009475285363,0.));
#15035=DIRECTION('',(0.70216985630534,-0.712009475285363,0.));
#15036=DIRECTION('',(0.70216985630534,-0.712009475285363,0.));
#15037=DIRECTION('',(0.,0.,1.));
#15038=DIRECTION('center_axis',(-0.784171367768895,-0.620544330383786,0.));
#15039=DIRECTION('ref_axis',(0.620544330383786,-0.784171367768895,0.));
#15040=DIRECTION('',(0.620544330383786,-0.784171367768895,0.));
#15041=DIRECTION('',(0.620544330383786,-0.784171367768895,0.));
#15042=DIRECTION('',(0.,0.,1.));
#15043=DIRECTION('center_axis',(-0.848186483341672,-0.529697734067729,0.));
#15044=DIRECTION('ref_axis',(0.529697734067729,-0.848186483341672,0.));
#15045=DIRECTION('',(0.529697734067729,-0.848186483341672,0.));
#15046=DIRECTION('',(0.529697734067729,-0.848186483341672,0.));
#15047=DIRECTION('',(0.,0.,1.));
#15048=DIRECTION('center_axis',(0.422362061317813,-0.906427211175486,0.));
#15049=DIRECTION('ref_axis',(0.906427211175486,0.422362061317813,0.));
#15050=DIRECTION('',(0.906427211175486,0.422362061317812,0.));
#15051=DIRECTION('',(0.906427211175486,0.422362061317812,0.));
#15052=DIRECTION('',(0.,0.,1.));
#15053=DIRECTION('center_axis',(0.95098421298211,0.309239432574173,0.));
#15054=DIRECTION('ref_axis',(-0.309239432574173,0.95098421298211,0.));
#15055=DIRECTION('',(-0.309239432574173,0.95098421298211,0.));
#15056=DIRECTION('',(-0.309239432574173,0.95098421298211,0.));
#15057=DIRECTION('',(0.,0.,1.));
#15058=DIRECTION('center_axis',(0.981998384514124,0.188889313651278,0.));
#15059=DIRECTION('ref_axis',(-0.188889313651278,0.981998384514124,0.));
#15060=DIRECTION('',(-0.188889313651278,0.981998384514124,0.));
#15061=DIRECTION('',(-0.188889313651278,0.981998384514124,0.));
#15062=DIRECTION('',(0.,0.,1.));
#15063=DIRECTION('center_axis',(0.995100362656593,0.0988699562087325,0.));
#15064=DIRECTION('ref_axis',(-0.0988699562087325,0.995100362656593,0.));
#15065=DIRECTION('',(-0.0988699562087325,0.995100362656593,0.));
#15066=DIRECTION('',(-0.0988699562087325,0.995100362656593,0.));
#15067=DIRECTION('',(0.,0.,1.));
#15068=DIRECTION('center_axis',(0.996613007078631,0.0822345068793454,0.));
#15069=DIRECTION('ref_axis',(-0.0822345068793454,0.996613007078631,0.));
#15070=DIRECTION('',(-0.0822345068793454,0.996613007078631,0.));
#15071=DIRECTION('',(-0.0822345068793454,0.996613007078631,0.));
#15072=DIRECTION('',(0.,0.,1.));
#15073=DIRECTION('center_axis',(0.999168789558376,0.0407643222984339,0.));
#15074=DIRECTION('ref_axis',(-0.0407643222984339,0.999168789558376,0.));
#15075=DIRECTION('',(-0.0407643222984339,0.999168789558376,0.));
#15076=DIRECTION('',(-0.0407643222984339,0.999168789558376,0.));
#15077=DIRECTION('',(0.,0.,1.));
#15078=DIRECTION('center_axis',(0.999587645250799,-0.0287147951753698,0.));
#15079=DIRECTION('ref_axis',(0.0287147951753698,0.999587645250799,0.));
#15080=DIRECTION('',(0.0287147951753698,0.999587645250799,0.));
#15081=DIRECTION('',(0.0287147951753698,0.999587645250799,0.));
#15082=DIRECTION('',(0.,0.,1.));
#15083=DIRECTION('center_axis',(0.998178056223217,-0.0603371202034116,0.));
#15084=DIRECTION('ref_axis',(0.0603371202034116,0.998178056223217,0.));
#15085=DIRECTION('',(0.0603371202034116,0.998178056223217,0.));
#15086=DIRECTION('',(0.0603371202034116,0.998178056223217,0.));
#15087=DIRECTION('',(0.,0.,1.));
#15088=DIRECTION('center_axis',(0.341414845237488,-0.939912710548944,0.));
#15089=DIRECTION('ref_axis',(0.939912710548944,0.341414845237488,0.));
#15090=DIRECTION('',(0.939912710548944,0.341414845237488,0.));
#15091=DIRECTION('',(0.939912710548944,0.341414845237488,0.));
#15092=DIRECTION('',(0.,0.,1.));
#15093=DIRECTION('center_axis',(-0.726228929559811,-0.687452937931325,0.));
#15094=DIRECTION('ref_axis',(0.687452937931325,-0.726228929559811,0.));
#15095=DIRECTION('',(0.687452937931325,-0.726228929559811,0.));
#15096=DIRECTION('',(0.687452937931325,-0.726228929559811,0.));
#15097=DIRECTION('',(0.,0.,1.));
#15098=DIRECTION('center_axis',(-0.721713667407402,-0.692191723641188,0.));
#15099=DIRECTION('ref_axis',(0.692191723641188,-0.721713667407402,0.));
#15100=DIRECTION('',(0.692191723641188,-0.721713667407402,0.));
#15101=DIRECTION('',(0.692191723641188,-0.721713667407402,0.));
#15102=DIRECTION('',(0.,0.,1.));
#15103=DIRECTION('center_axis',(-0.774860624793772,-0.632132116051863,0.));
#15104=DIRECTION('ref_axis',(0.632132116051863,-0.774860624793772,0.));
#15105=DIRECTION('',(0.632132116051863,-0.774860624793772,0.));
#15106=DIRECTION('',(0.632132116051863,-0.774860624793772,0.));
#15107=DIRECTION('',(0.,0.,1.));
#15108=DIRECTION('center_axis',(-0.768896180453411,-0.6393736495072,0.));
#15109=DIRECTION('ref_axis',(0.6393736495072,-0.768896180453411,0.));
#15110=DIRECTION('',(0.6393736495072,-0.768896180453411,0.));
#15111=DIRECTION('',(0.6393736495072,-0.768896180453411,0.));
#15112=DIRECTION('',(0.,0.,1.));
#15113=DIRECTION('center_axis',(-0.823122967440207,-0.567863170554693,0.));
#15114=DIRECTION('ref_axis',(0.567863170554693,-0.823122967440207,0.));
#15115=DIRECTION('',(0.567863170554693,-0.823122967440207,0.));
#15116=DIRECTION('',(0.567863170554693,-0.823122967440207,0.));
#15117=DIRECTION('',(0.,0.,1.));
#15118=DIRECTION('center_axis',(-0.880014434801318,-0.474946938658748,0.));
#15119=DIRECTION('ref_axis',(0.474946938658748,-0.880014434801318,0.));
#15120=DIRECTION('',(0.474946938658748,-0.880014434801318,0.));
#15121=DIRECTION('',(0.474946938658748,-0.880014434801318,0.));
#15122=DIRECTION('',(0.,0.,1.));
#15123=DIRECTION('center_axis',(-0.927281671030235,-0.374364398108815,0.));
#15124=DIRECTION('ref_axis',(0.374364398108815,-0.927281671030235,0.));
#15125=DIRECTION('',(0.374364398108815,-0.927281671030235,0.));
#15126=DIRECTION('',(0.374364398108815,-0.927281671030235,0.));
#15127=DIRECTION('',(0.,0.,1.));
#15128=DIRECTION('center_axis',(0.258545999155715,-0.965998947370323,0.));
#15129=DIRECTION('ref_axis',(0.965998947370323,0.258545999155715,0.));
#15130=DIRECTION('',(0.965998947370323,0.258545999155715,0.));
#15131=DIRECTION('',(0.965998947370323,0.258545999155715,0.));
#15132=DIRECTION('',(0.,0.,1.));
#15133=DIRECTION('center_axis',(0.,0.,1.));
#15134=DIRECTION('ref_axis',(1.,0.,0.));
#15135=DIRECTION('center_axis',(0.,0.,1.));
#15136=DIRECTION('ref_axis',(1.,0.,0.));
#15137=DIRECTION('center_axis',(0.,0.,1.));
#15138=DIRECTION('ref_axis',(1.,0.,0.));
#15139=DIRECTION('',(0.,0.,1.));
#15140=DIRECTION('center_axis',(0.990235489866237,0.139404715161912,0.));
#15141=DIRECTION('ref_axis',(-0.139404715161912,0.990235489866237,0.));
#15142=DIRECTION('',(-0.139404715161912,0.990235489866237,0.));
#15143=DIRECTION('',(-0.139404715161912,0.990235489866237,0.));
#15144=DIRECTION('',(0.,0.,1.));
#15145=DIRECTION('center_axis',(0.999879907611282,0.0154974306016927,0.));
#15146=DIRECTION('ref_axis',(-0.0154974306016927,0.999879907611282,0.));
#15147=DIRECTION('',(-0.0154974306016927,0.999879907611282,0.));
#15148=DIRECTION('',(-0.0154974306016927,0.999879907611282,0.));
#15149=DIRECTION('',(0.,0.,1.));
#15150=DIRECTION('center_axis',(0.997151139891131,-0.0754294651566514,0.));
#15151=DIRECTION('ref_axis',(0.0754294651566514,0.997151139891131,0.));
#15152=DIRECTION('',(0.0754294651566514,0.997151139891131,0.));
#15153=DIRECTION('',(0.0754294651566514,0.997151139891131,0.));
#15154=DIRECTION('',(0.,0.,1.));
#15155=DIRECTION('center_axis',(0.99575208838486,-0.0920748525776142,0.));
#15156=DIRECTION('ref_axis',(0.0920748525776142,0.99575208838486,0.));
#15157=DIRECTION('',(0.0920748525776141,0.99575208838486,0.));
#15158=DIRECTION('',(0.0920748525776141,0.99575208838486,0.));
#15159=DIRECTION('',(0.,0.,1.));
#15160=DIRECTION('center_axis',(0.99106782080513,-0.133358818848136,0.));
#15161=DIRECTION('ref_axis',(0.133358818848136,0.99106782080513,0.));
#15162=DIRECTION('',(0.133358818848136,0.99106782080513,0.));
#15163=DIRECTION('',(0.133358818848136,0.99106782080513,0.));
#15164=DIRECTION('',(0.,0.,1.));
#15165=DIRECTION('center_axis',(0.979415391003868,-0.2018551259313,0.));
#15166=DIRECTION('ref_axis',(0.2018551259313,0.979415391003868,0.));
#15167=DIRECTION('',(0.2018551259313,0.979415391003868,0.));
#15168=DIRECTION('',(0.2018551259313,0.979415391003868,0.));
#15169=DIRECTION('',(0.,0.,1.));
#15170=DIRECTION('center_axis',(0.972536057686699,-0.232752264219306,0.));
#15171=DIRECTION('ref_axis',(0.232752264219306,0.972536057686699,0.));
#15172=DIRECTION('',(0.232752264219306,0.972536057686699,0.));
#15173=DIRECTION('',(0.232752264219306,0.972536057686699,0.));
#15174=DIRECTION('',(0.,0.,1.));
#15175=DIRECTION('center_axis',(0.173013857230323,-0.984919390207283,0.));
#15176=DIRECTION('ref_axis',(0.984919390207282,0.173013857230323,0.));
#15177=DIRECTION('',(0.984919390207282,0.173013857230323,0.));
#15178=DIRECTION('',(0.984919390207282,0.173013857230323,0.));
#15179=DIRECTION('',(0.,0.,1.));
#15180=DIRECTION('center_axis',(-0.83457083019531,-0.550900652919481,0.));
#15181=DIRECTION('ref_axis',(0.550900652919481,-0.83457083019531,0.));
#15182=DIRECTION('',(0.550900652919481,-0.83457083019531,0.));
#15183=DIRECTION('',(0.550900652919481,-0.83457083019531,0.));
#15184=DIRECTION('',(0.,0.,1.));
#15185=DIRECTION('center_axis',(-0.830947046524229,-0.556351512869931,0.));
#15186=DIRECTION('ref_axis',(0.556351512869931,-0.830947046524229,0.));
#15187=DIRECTION('',(0.556351512869931,-0.830947046524229,0.));
#15188=DIRECTION('',(0.556351512869931,-0.830947046524229,0.));
#15189=DIRECTION('',(0.,0.,1.));
#15190=DIRECTION('center_axis',(-0.872857340798142,-0.487975473374222,0.));
#15191=DIRECTION('ref_axis',(0.487975473374222,-0.872857340798142,0.));
#15192=DIRECTION('',(0.487975473374222,-0.872857340798142,0.));
#15193=DIRECTION('',(0.487975473374222,-0.872857340798142,0.));
#15194=DIRECTION('',(0.,0.,1.));
#15195=DIRECTION('center_axis',(-0.86824098885598,-0.496142706557691,0.));
#15196=DIRECTION('ref_axis',(0.496142706557691,-0.868240988855979,0.));
#15197=DIRECTION('',(0.496142706557691,-0.868240988855979,0.));
#15198=DIRECTION('',(0.496142706557691,-0.868240988855979,0.));
#15199=DIRECTION('',(0.,0.,1.));
#15200=DIRECTION('center_axis',(-0.909226284748377,-0.416302249720877,0.));
#15201=DIRECTION('ref_axis',(0.416302249720877,-0.909226284748377,0.));
#15202=DIRECTION('',(0.416302249720877,-0.909226284748377,0.));
#15203=DIRECTION('',(0.416302249720877,-0.909226284748377,0.));
#15204=DIRECTION('',(0.,0.,1.));
#15205=DIRECTION('center_axis',(-0.949118708541506,-0.314918524536909,0.));
#15206=DIRECTION('ref_axis',(0.314918524536909,-0.949118708541506,0.));
#15207=DIRECTION('',(0.314918524536909,-0.949118708541506,0.));
#15208=DIRECTION('',(0.314918524536909,-0.949118708541506,0.));
#15209=DIRECTION('',(0.,0.,1.));
#15210=DIRECTION('center_axis',(-0.97820187437147,-0.207656189351876,0.));
#15211=DIRECTION('ref_axis',(0.207656189351876,-0.97820187437147,0.));
#15212=DIRECTION('',(0.207656189351876,-0.97820187437147,0.));
#15213=DIRECTION('',(0.207656189351876,-0.97820187437147,0.));
#15214=DIRECTION('',(0.,0.,1.));
#15215=DIRECTION('center_axis',(0.,0.,1.));
#15216=DIRECTION('ref_axis',(1.,0.,0.));
#15217=DIRECTION('center_axis',(0.,0.,1.));
#15218=DIRECTION('ref_axis',(1.,0.,0.));
#15219=DIRECTION('center_axis',(0.,0.,1.));
#15220=DIRECTION('ref_axis',(1.,0.,0.));
#15221=DIRECTION('',(0.,0.,1.));
#15222=DIRECTION('center_axis',(0.999398962474184,-0.034665743977668,0.));
#15223=DIRECTION('ref_axis',(0.034665743977668,0.999398962474184,0.));
#15224=DIRECTION('',(0.034665743977668,0.999398962474184,0.));
#15225=DIRECTION('',(0.034665743977668,0.999398962474184,0.));
#15226=DIRECTION('',(0.,0.,1.));
#15227=DIRECTION('center_axis',(0.987380585679252,-0.158365334033988,0.));
#15228=DIRECTION('ref_axis',(0.158365334033988,0.987380585679252,0.));
#15229=DIRECTION('',(0.158365334033988,0.987380585679252,0.));
#15230=DIRECTION('',(0.158365334033988,0.987380585679252,0.));
#15231=DIRECTION('',(0.,0.,1.));
#15232=DIRECTION('center_axis',(0.96890398432289,-0.247437000392482,0.));
#15233=DIRECTION('ref_axis',(0.247437000392482,0.96890398432289,0.));
#15234=DIRECTION('',(0.247437000392482,0.96890398432289,0.));
#15235=DIRECTION('',(0.247437000392482,0.96890398432289,0.));
#15236=DIRECTION('',(0.,0.,1.));
#15237=DIRECTION('center_axis',(0.964635746360223,-0.263586564232807,0.));
#15238=DIRECTION('ref_axis',(0.263586564232807,0.964635746360223,0.));
#15239=DIRECTION('',(0.263586564232807,0.964635746360223,0.));
#15240=DIRECTION('',(0.263586564232807,0.964635746360223,0.));
#15241=DIRECTION('',(0.,0.,1.));
#15242=DIRECTION('center_axis',(0.952853757822923,-0.303429919755343,0.));
#15243=DIRECTION('ref_axis',(0.303429919755343,0.952853757822923,0.));
#15244=DIRECTION('',(0.303429919755343,0.952853757822923,0.));
#15245=DIRECTION('',(0.303429919755343,0.952853757822923,0.));
#15246=DIRECTION('',(0.,0.,1.));
#15247=DIRECTION('center_axis',(0.929484095709375,-0.368862190829211,0.));
#15248=DIRECTION('ref_axis',(0.368862190829211,0.929484095709375,0.));
#15249=DIRECTION('',(0.368862190829211,0.929484095709375,0.));
#15250=DIRECTION('',(0.368862190829211,0.929484095709375,0.));
#15251=DIRECTION('',(0.,0.,1.));
#15252=DIRECTION('center_axis',(0.917344043164265,-0.398095348466971,0.));
#15253=DIRECTION('ref_axis',(0.398095348466971,0.917344043164265,0.));
#15254=DIRECTION('',(0.398095348466971,0.917344043164265,0.));
#15255=DIRECTION('',(0.398095348466971,0.917344043164265,0.));
#15256=DIRECTION('',(0.,0.,1.));
#15257=DIRECTION('center_axis',(-0.00064406927909751,-0.99999979258736,
0.));
#15258=DIRECTION('ref_axis',(0.99999979258736,-0.00064406927909751,0.));
#15259=DIRECTION('',(0.99999979258736,-0.00064406927909751,0.));
#15260=DIRECTION('',(0.99999979258736,-0.00064406927909751,0.));
#15261=DIRECTION('',(0.,0.,1.));
#15262=DIRECTION('center_axis',(-0.917554718469177,-0.397609530337175,0.));
#15263=DIRECTION('ref_axis',(0.397609530337175,-0.917554718469177,0.));
#15264=DIRECTION('',(0.397609530337175,-0.917554718469177,0.));
#15265=DIRECTION('',(0.397609530337175,-0.917554718469177,0.));
#15266=DIRECTION('',(0.,0.,1.));
#15267=DIRECTION('center_axis',(-0.914932520111847,-0.403606842907531,0.));
#15268=DIRECTION('ref_axis',(0.403606842907531,-0.914932520111847,0.));
#15269=DIRECTION('',(0.40360684290753,-0.914932520111847,0.));
#15270=DIRECTION('',(0.40360684290753,-0.914932520111847,0.));
#15271=DIRECTION('',(0.,0.,1.));
#15272=DIRECTION('center_axis',(-0.944332728189512,-0.328991942865099,0.));
#15273=DIRECTION('ref_axis',(0.328991942865099,-0.944332728189512,0.));
#15274=DIRECTION('',(0.328991942865099,-0.944332728189512,0.));
#15275=DIRECTION('',(0.328991942865099,-0.944332728189512,0.));
#15276=DIRECTION('',(0.,0.,1.));
#15277=DIRECTION('center_axis',(-0.941204734163828,-0.33783671853071,0.));
#15278=DIRECTION('ref_axis',(0.33783671853071,-0.941204734163828,0.));
#15279=DIRECTION('',(0.33783671853071,-0.941204734163828,0.));
#15280=DIRECTION('',(0.33783671853071,-0.941204734163828,0.));
#15281=DIRECTION('',(0.,0.,1.));
#15282=DIRECTION('center_axis',(-0.967703221485712,-0.252092195686765,0.));
#15283=DIRECTION('ref_axis',(0.252092195686765,-0.967703221485712,0.));
#15284=DIRECTION('',(0.252092195686765,-0.967703221485712,0.));
#15285=DIRECTION('',(0.252092195686765,-0.967703221485712,0.));
#15286=DIRECTION('',(0.,0.,1.));
#15287=DIRECTION('center_axis',(-0.989384490600092,-0.145321470402677,0.));
#15288=DIRECTION('ref_axis',(0.145321470402677,-0.989384490600092,0.));
#15289=DIRECTION('',(0.145321470402677,-0.989384490600092,0.));
#15290=DIRECTION('',(0.145321470402677,-0.989384490600092,0.));
#15291=DIRECTION('',(0.,0.,1.));
#15292=DIRECTION('center_axis',(-0.999399908754305,-0.034638452359869,0.));
#15293=DIRECTION('ref_axis',(0.0346384523598689,-0.999399908754305,0.));
#15294=DIRECTION('',(0.0346384523598689,-0.999399908754305,0.));
#15295=DIRECTION('',(0.0346384523598689,-0.999399908754305,0.));
#15296=DIRECTION('',(0.,0.,1.));
#15297=DIRECTION('center_axis',(0.,0.,1.));
#15298=DIRECTION('ref_axis',(1.,0.,0.));
#15299=DIRECTION('center_axis',(0.,0.,1.));
#15300=DIRECTION('ref_axis',(1.,0.,0.));
#15301=DIRECTION('center_axis',(0.,0.,1.));
#15302=DIRECTION('ref_axis',(1.,0.,0.));
#15303=DIRECTION('',(0.,0.,1.));
#15304=DIRECTION('center_axis',(0.978196203328025,-0.207682902027678,0.));
#15305=DIRECTION('ref_axis',(0.207682902027678,0.978196203328025,0.));
#15306=DIRECTION('',(0.207682902027678,0.978196203328025,0.));
#15307=DIRECTION('',(0.207682902027678,0.978196203328025,0.));
#15308=DIRECTION('',(0.,0.,1.));
#15309=DIRECTION('center_axis',(0.944880204289724,-0.327416248132878,0.));
#15310=DIRECTION('ref_axis',(0.327416248132878,0.944880204289724,0.));
#15311=DIRECTION('',(0.327416248132878,0.944880204289724,0.));
#15312=DIRECTION('',(0.327416248132878,0.944880204289724,0.));
#15313=DIRECTION('',(0.,0.,1.));
#15314=DIRECTION('center_axis',(0.911217171480208,-0.411926287580205,0.));
#15315=DIRECTION('ref_axis',(0.411926287580205,0.911217171480208,0.));
#15316=DIRECTION('',(0.411926287580205,0.911217171480208,0.));
#15317=DIRECTION('',(0.411926287580205,0.911217171480208,0.));
#15318=DIRECTION('',(0.,0.,1.));
#15319=DIRECTION('center_axis',(0.904209435311727,-0.427089331514201,0.));
#15320=DIRECTION('ref_axis',(0.427089331514201,0.904209435311727,0.));
#15321=DIRECTION('',(0.427089331514201,0.904209435311727,0.));
#15322=DIRECTION('',(0.427089331514201,0.904209435311727,0.));
#15323=DIRECTION('',(0.,0.,1.));
#15324=DIRECTION('center_axis',(0.88568771557407,-0.464281456103068,0.));
#15325=DIRECTION('ref_axis',(0.464281456103068,0.88568771557407,0.));
#15326=DIRECTION('',(0.464281456103068,0.88568771557407,0.));
#15327=DIRECTION('',(0.464281456103068,0.88568771557407,0.));
#15328=DIRECTION('',(0.,0.,1.));
#15329=DIRECTION('center_axis',(0.851310896508612,-0.524661564711676,0.));
#15330=DIRECTION('ref_axis',(0.524661564711676,0.851310896508612,0.));
#15331=DIRECTION('',(0.524661564711676,0.851310896508612,0.));
#15332=DIRECTION('',(0.524661564711676,0.851310896508612,0.));
#15333=DIRECTION('',(0.,0.,1.));
#15334=DIRECTION('center_axis',(0.834278994088611,-0.551342506997688,0.));
#15335=DIRECTION('ref_axis',(0.551342506997688,0.834278994088611,0.));
#15336=DIRECTION('',(0.551342506997688,0.834278994088611,0.));
#15337=DIRECTION('',(0.551342506997688,0.834278994088611,0.));
#15338=DIRECTION('',(0.,0.,1.));
#15339=DIRECTION('center_axis',(-0.174282426069736,-0.984695707294008,0.));
#15340=DIRECTION('ref_axis',(0.984695707294008,-0.174282426069736,0.));
#15341=DIRECTION('',(0.984695707294008,-0.174282426069736,0.));
#15342=DIRECTION('',(0.984695707294008,-0.174282426069736,0.));
#15343=DIRECTION('',(0.,0.,1.));
#15344=DIRECTION('center_axis',(-0.972659170927607,-0.232237243375004,0.));
#15345=DIRECTION('ref_axis',(0.232237243375004,-0.972659170927607,0.));
#15346=DIRECTION('',(0.232237243375004,-0.972659170927607,0.));
#15347=DIRECTION('',(0.232237243375004,-0.972659170927607,0.));
#15348=DIRECTION('',(0.,0.,1.));
#15349=DIRECTION('center_axis',(-0.971118232053846,-0.238598783258869,0.));
#15350=DIRECTION('ref_axis',(0.238598783258869,-0.971118232053846,0.));
#15351=DIRECTION('',(0.238598783258869,-0.971118232053846,0.));
#15352=DIRECTION('',(0.238598783258869,-0.971118232053846,0.));
#15353=DIRECTION('',(0.,0.,1.));
#15354=DIRECTION('center_axis',(-0.987115043489699,-0.160012158651552,0.));
#15355=DIRECTION('ref_axis',(0.160012158651552,-0.987115043489699,0.));
#15356=DIRECTION('',(0.160012158651552,-0.987115043489699,0.));
#15357=DIRECTION('',(0.160012158651552,-0.987115043489699,0.));
#15358=DIRECTION('',(0.,0.,1.));
#15359=DIRECTION('center_axis',(-0.985570449898854,-0.169265732758202,0.));
#15360=DIRECTION('ref_axis',(0.169265732758202,-0.985570449898854,0.));
#15361=DIRECTION('',(0.169265732758202,-0.985570449898854,0.));
#15362=DIRECTION('',(0.169265732758202,-0.985570449898854,0.));
#15363=DIRECTION('',(0.,0.,1.));
#15364=DIRECTION('center_axis',(-0.996776985518758,-0.0802224478568002,
0.));
#15365=DIRECTION('ref_axis',(0.0802224478568002,-0.996776985518758,0.));
#15366=DIRECTION('',(0.0802224478568002,-0.996776985518758,0.));
#15367=DIRECTION('',(0.0802224478568002,-0.996776985518758,0.));
#15368=DIRECTION('',(0.,0.,1.));
#15369=DIRECTION('center_axis',(-0.999588325564301,0.0286911030731899,0.));
#15370=DIRECTION('ref_axis',(-0.0286911030731899,-0.999588325564301,0.));
#15371=DIRECTION('',(-0.0286911030731899,-0.999588325564301,0.));
#15372=DIRECTION('',(-0.0286911030731899,-0.999588325564301,0.));
#15373=DIRECTION('',(0.,0.,1.));
#15374=DIRECTION('center_axis',(-0.990231682630367,0.139431756479764,0.));
#15375=DIRECTION('ref_axis',(-0.139431756479764,-0.990231682630367,0.));
#15376=DIRECTION('',(-0.139431756479764,-0.990231682630367,0.));
#15377=DIRECTION('',(-0.139431756479764,-0.990231682630367,0.));
#15378=DIRECTION('',(0.,0.,1.));
#15379=DIRECTION('center_axis',(0.,0.,1.));
#15380=DIRECTION('ref_axis',(1.,0.,0.));
#15381=DIRECTION('center_axis',(0.,0.,1.));
#15382=DIRECTION('ref_axis',(1.,0.,0.));
#15383=DIRECTION('center_axis',(0.,0.,1.));
#15384=DIRECTION('ref_axis',(1.,0.,0.));
#15385=DIRECTION('',(0.,0.,1.));
#15386=DIRECTION('center_axis',(0.92727144753469,-0.374389720193973,0.));
#15387=DIRECTION('ref_axis',(0.374389720193973,0.927271447534689,0.));
#15388=DIRECTION('',(0.374389720193973,0.927271447534689,0.));
#15389=DIRECTION('',(0.374389720193973,0.927271447534689,0.));
#15390=DIRECTION('',(0.,0.,1.));
#15391=DIRECTION('center_axis',(0.8736701160254,-0.486518785212005,0.));
#15392=DIRECTION('ref_axis',(0.486518785212005,0.8736701160254,0.));
#15393=DIRECTION('',(0.486518785212005,0.8736701160254,0.));
#15394=DIRECTION('',(0.486518785212005,0.8736701160254,0.));
#15395=DIRECTION('',(0.,0.,1.));
#15396=DIRECTION('center_axis',(0.825843485980562,-0.563899402964282,0.));
#15397=DIRECTION('ref_axis',(0.563899402964282,0.825843485980562,0.));
#15398=DIRECTION('',(0.563899402964282,0.825843485980562,0.));
#15399=DIRECTION('',(0.563899402964282,0.825843485980562,0.));
#15400=DIRECTION('',(0.,0.,1.));
#15401=DIRECTION('center_axis',(0.816309178123103,-0.577615205575463,0.));
#15402=DIRECTION('ref_axis',(0.577615205575463,0.816309178123103,0.));
#15403=DIRECTION('',(0.577615205575463,0.816309178123103,0.));
#15404=DIRECTION('',(0.577615205575463,0.816309178123103,0.));
#15405=DIRECTION('',(0.,0.,1.));
#15406=DIRECTION('center_axis',(0.791610500267406,-0.611026035342511,0.));
#15407=DIRECTION('ref_axis',(0.611026035342511,0.791610500267406,0.));
#15408=DIRECTION('',(0.611026035342511,0.791610500267406,0.));
#15409=DIRECTION('',(0.611026035342511,0.791610500267406,0.));
#15410=DIRECTION('',(0.,0.,1.));
#15411=DIRECTION('center_axis',(0.747271046501453,-0.664519362442226,0.));
#15412=DIRECTION('ref_axis',(0.664519362442226,0.747271046501453,0.));
#15413=DIRECTION('',(0.664519362442226,0.747271046501453,0.));
#15414=DIRECTION('',(0.664519362442226,0.747271046501453,0.));
#15415=DIRECTION('',(0.,0.,1.));
#15416=DIRECTION('center_axis',(0.72586479994336,-0.687837402445655,0.));
#15417=DIRECTION('ref_axis',(0.687837402445655,0.72586479994336,0.));
#15418=DIRECTION('',(0.687837402445655,0.72586479994336,0.));
#15419=DIRECTION('',(0.687837402445655,0.72586479994336,0.));
#15420=DIRECTION('',(0.,0.,1.));
#15421=DIRECTION('center_axis',(-0.342625299535278,-0.939472141214608,0.));
#15422=DIRECTION('ref_axis',(0.939472141214608,-0.342625299535278,0.));
#15423=DIRECTION('',(0.939472141214608,-0.342625299535278,0.));
#15424=DIRECTION('',(0.939472141214608,-0.342625299535278,0.));
#15425=DIRECTION('',(0.,0.,1.));
#15426=DIRECTION('center_axis',(-0.998209866666385,-0.059808545291434,0.));
#15427=DIRECTION('ref_axis',(0.059808545291434,-0.998209866666385,0.));
#15428=DIRECTION('',(0.059808545291434,-0.998209866666385,0.));
#15429=DIRECTION('',(0.059808545291434,-0.998209866666385,0.));
#15430=DIRECTION('',(0.,0.,1.));
#15431=DIRECTION('center_axis',(-0.997797007924608,-0.0663410203170006,
0.));
#15432=DIRECTION('ref_axis',(0.0663410203170006,-0.997797007924608,0.));
#15433=DIRECTION('',(0.0663410203170006,-0.997797007924608,0.));
#15434=DIRECTION('',(0.0663410203170006,-0.997797007924608,0.));
#15435=DIRECTION('',(0.,0.,1.));
#15436=DIRECTION('center_axis',(-0.999904367698033,0.0138295140332577,0.));
#15437=DIRECTION('ref_axis',(-0.0138295140332577,-0.999904367698033,0.));
#15438=DIRECTION('',(-0.0138295140332577,-0.999904367698033,0.));
#15439=DIRECTION('',(-0.0138295140332577,-0.999904367698033,0.));
#15440=DIRECTION('',(0.,0.,1.));
#15441=DIRECTION('center_axis',(-0.999990106235058,0.00444830664371138,
0.));
#15442=DIRECTION('ref_axis',(-0.00444830664371138,-0.999990106235058,0.));
#15443=DIRECTION('',(-0.00444830664371138,-0.999990106235058,0.));
#15444=DIRECTION('',(-0.00444830664371138,-0.999990106235058,0.));
#15445=DIRECTION('',(0.,0.,1.));
#15446=DIRECTION('center_axis',(-0.995564185241084,0.0940848184632183,0.));
#15447=DIRECTION('ref_axis',(-0.0940848184632183,-0.995564185241084,0.));
#15448=DIRECTION('',(-0.0940848184632183,-0.995564185241084,0.));
#15449=DIRECTION('',(-0.0940848184632183,-0.995564185241084,0.));
#15450=DIRECTION('',(0.,0.,1.));
#15451=DIRECTION('center_axis',(-0.97942017507243,0.201831911899705,0.));
#15452=DIRECTION('ref_axis',(-0.201831911899705,-0.97942017507243,0.));
#15453=DIRECTION('',(-0.201831911899705,-0.97942017507243,0.));
#15454=DIRECTION('',(-0.201831911899705,-0.97942017507243,0.));
#15455=DIRECTION('',(0.,0.,1.));
#15456=DIRECTION('center_axis',(-0.950975767910753,0.309265401955269,0.));
#15457=DIRECTION('ref_axis',(-0.309265401955269,-0.950975767910753,0.));
#15458=DIRECTION('',(-0.309265401955269,-0.950975767910753,0.));
#15459=DIRECTION('',(-0.309265401955269,-0.950975767910753,0.));
#15460=DIRECTION('',(0.,0.,1.));
#15461=DIRECTION('center_axis',(0.,0.,1.));
#15462=DIRECTION('ref_axis',(1.,0.,0.));
#15463=DIRECTION('center_axis',(0.,0.,1.));
#15464=DIRECTION('ref_axis',(1.,0.,0.));
#15465=DIRECTION('center_axis',(0.,0.,1.));
#15466=DIRECTION('ref_axis',(1.,0.,0.));
#15467=DIRECTION('',(0.,0.,1.));
#15468=DIRECTION('center_axis',(0.848172018030176,-0.529720896161949,0.));
#15469=DIRECTION('ref_axis',(0.529720896161949,0.848172018030176,0.));
#15470=DIRECTION('',(0.529720896161949,0.848172018030176,0.));
#15471=DIRECTION('',(0.529720896161949,0.848172018030176,0.));
#15472=DIRECTION('',(0.,0.,1.));
#15473=DIRECTION('center_axis',(0.77591400338436,-0.630838695192405,0.));
#15474=DIRECTION('ref_axis',(0.630838695192405,0.77591400338436,0.));
#15475=DIRECTION('',(0.630838695192405,0.77591400338436,0.));
#15476=DIRECTION('',(0.630838695192405,0.77591400338436,0.));
#15477=DIRECTION('',(0.,0.,1.));
#15478=DIRECTION('center_axis',(0.715376964054984,-0.69873872033792,0.));
#15479=DIRECTION('ref_axis',(0.69873872033792,0.715376964054984,0.));
#15480=DIRECTION('',(0.69873872033792,0.715376964054984,0.));
#15481=DIRECTION('',(0.69873872033792,0.715376964054984,0.));
#15482=DIRECTION('',(0.,0.,1.));
#15483=DIRECTION('center_axis',(0.703605779630187,-0.710590533901907,0.));
#15484=DIRECTION('ref_axis',(0.710590533901907,0.703605779630187,0.));
#15485=DIRECTION('',(0.710590533901907,0.703605779630187,0.));
#15486=DIRECTION('',(0.710590533901907,0.703605779630187,0.));
#15487=DIRECTION('',(0.,0.,1.));
#15488=DIRECTION('center_axis',(0.673480600485082,-0.739204897690927,0.));
#15489=DIRECTION('ref_axis',(0.739204897690927,0.673480600485081,0.));
#15490=DIRECTION('',(0.739204897690927,0.673480600485081,0.));
#15491=DIRECTION('',(0.739204897690927,0.673480600485081,0.));
#15492=DIRECTION('',(0.,0.,1.));
#15493=DIRECTION('center_axis',(0.62052574388373,-0.784186075608043,0.));
#15494=DIRECTION('ref_axis',(0.784186075608043,0.62052574388373,0.));
#15495=DIRECTION('',(0.784186075608043,0.62052574388373,0.));
#15496=DIRECTION('',(0.784186075608043,0.62052574388373,0.));
#15497=DIRECTION('',(0.,0.,1.));
#15498=DIRECTION('center_axis',(0.595395571157043,-0.803432706482988,0.));
#15499=DIRECTION('ref_axis',(0.803432706482988,0.595395571157043,0.));
#15500=DIRECTION('',(0.803432706482988,0.595395571157043,0.));
#15501=DIRECTION('',(0.803432706482988,0.595395571157043,0.));
#15502=DIRECTION('',(0.,0.,1.));
#15503=DIRECTION('center_axis',(-0.500557676651469,-0.865703189520105,0.));
#15504=DIRECTION('ref_axis',(0.865703189520105,-0.500557676651469,0.));
#15505=DIRECTION('',(0.865703189520105,-0.500557676651469,0.));
#15506=DIRECTION('',(0.865703189520105,-0.500557676651469,0.));
#15507=DIRECTION('',(0.,0.,1.));
#15508=DIRECTION('center_axis',(-0.993430460725175,0.114437405175786,0.));
#15509=DIRECTION('ref_axis',(-0.114437405175786,-0.993430460725175,0.));
#15510=DIRECTION('',(-0.114437405175786,-0.993430460725175,0.));
#15511=DIRECTION('',(-0.114437405175786,-0.993430460725175,0.));
#15512=DIRECTION('',(0.,0.,1.));
#15513=DIRECTION('center_axis',(-0.994158226619226,0.107932480955992,0.));
#15514=DIRECTION('ref_axis',(-0.107932480955992,-0.994158226619226,0.));
#15515=DIRECTION('',(-0.107932480955992,-0.994158226619226,0.));
#15516=DIRECTION('',(-0.107932480955992,-0.994158226619226,0.));
#15517=DIRECTION('',(0.,0.,1.));
#15518=DIRECTION('center_axis',(-0.982312103669809,0.187250983932781,0.));
#15519=DIRECTION('ref_axis',(-0.187250983932781,-0.982312103669809,0.));
#15520=DIRECTION('',(-0.187250983932781,-0.982312103669809,0.));
#15521=DIRECTION('',(-0.187250983932781,-0.982312103669809,0.));
#15522=DIRECTION('',(0.,0.,1.));
#15523=DIRECTION('center_axis',(-0.984025569212397,0.178027186508743,0.));
#15524=DIRECTION('ref_axis',(-0.178027186508743,-0.984025569212397,0.));
#15525=DIRECTION('',(-0.178027186508743,-0.984025569212397,0.));
#15526=DIRECTION('',(-0.178027186508743,-0.984025569212397,0.));
#15527=DIRECTION('',(0.,0.,1.));
#15528=DIRECTION('center_axis',(-0.964101670975125,0.265533365178414,0.));
#15529=DIRECTION('ref_axis',(-0.265533365178414,-0.964101670975124,0.));
#15530=DIRECTION('',(-0.265533365178414,-0.964101670975124,0.));
#15531=DIRECTION('',(-0.265533365178414,-0.964101670975124,0.));
#15532=DIRECTION('',(0.,0.,1.));
#15533=DIRECTION('center_axis',(-0.929492838171167,0.368840160216465,0.));
#15534=DIRECTION('ref_axis',(-0.368840160216465,-0.929492838171167,0.));
#15535=DIRECTION('',(-0.368840160216465,-0.929492838171167,0.));
#15536=DIRECTION('',(-0.368840160216465,-0.929492838171167,0.));
#15537=DIRECTION('',(0.,0.,1.));
#15538=DIRECTION('center_axis',(-0.882824935700817,0.469702174686097,0.));
#15539=DIRECTION('ref_axis',(-0.469702174686097,-0.882824935700817,0.));
#15540=DIRECTION('',(-0.469702174686097,-0.882824935700817,0.));
#15541=DIRECTION('',(-0.469702174686097,-0.882824935700817,0.));
#15542=DIRECTION('',(0.,0.,1.));
#15543=DIRECTION('center_axis',(0.,0.,1.));
#15544=DIRECTION('ref_axis',(1.,0.,0.));
#15545=DIRECTION('center_axis',(0.,0.,1.));
#15546=DIRECTION('ref_axis',(1.,0.,0.));
#15547=DIRECTION('center_axis',(0.,0.,1.));
#15548=DIRECTION('ref_axis',(1.,0.,0.));
#15549=DIRECTION('',(0.,0.,1.));
#15550=DIRECTION('center_axis',(0.743301310952265,-0.668956770753271,0.));
#15551=DIRECTION('ref_axis',(0.668956770753271,0.743301310952265,0.));
#15552=DIRECTION('',(0.66895677075327,0.743301310952265,0.));
#15553=DIRECTION('',(0.66895677075327,0.743301310952265,0.));
#15554=DIRECTION('',(0.,0.,1.));
#15555=DIRECTION('center_axis',(0.654582136381825,-0.755990890639434,0.));
#15556=DIRECTION('ref_axis',(0.755990890639434,0.654582136381825,0.));
#15557=DIRECTION('',(0.755990890639434,0.654582136381825,0.));
#15558=DIRECTION('',(0.755990890639434,0.654582136381825,0.));
#15559=DIRECTION('',(0.,0.,1.));
#15560=DIRECTION('center_axis',(0.5831740750756,-0.81234721527172,0.));
#15561=DIRECTION('ref_axis',(0.81234721527172,0.5831740750756,0.));
#15562=DIRECTION('',(0.81234721527172,0.5831740750756,0.));
#15563=DIRECTION('',(0.81234721527172,0.5831740750756,0.));
#15564=DIRECTION('',(0.,0.,1.));
#15565=DIRECTION('center_axis',(0.569523675565107,-0.821974928432012,0.));
#15566=DIRECTION('ref_axis',(0.821974928432012,0.569523675565107,0.));
#15567=DIRECTION('',(0.821974928432012,0.569523675565107,0.));
#15568=DIRECTION('',(0.821974928432012,0.569523675565107,0.));
#15569=DIRECTION('',(0.,0.,1.));
#15570=DIRECTION('center_axis',(0.534887333452933,-0.844923393279894,0.));
#15571=DIRECTION('ref_axis',(0.844923393279894,0.534887333452933,0.));
#15572=DIRECTION('',(0.844923393279894,0.534887333452933,0.));
#15573=DIRECTION('',(0.844923393279894,0.534887333452933,0.));
#15574=DIRECTION('',(0.,0.,1.));
#15575=DIRECTION('center_axis',(0.474926080538843,-0.880025691684063,0.));
#15576=DIRECTION('ref_axis',(0.880025691684063,0.474926080538843,0.));
#15577=DIRECTION('',(0.880025691684063,0.474926080538843,0.));
#15578=DIRECTION('',(0.880025691684063,0.474926080538843,0.));
#15579=DIRECTION('',(0.,0.,1.));
#15580=DIRECTION('center_axis',(0.446835549226469,-0.894616114290079,0.));
#15581=DIRECTION('ref_axis',(0.894616114290079,0.446835549226469,0.));
#15582=DIRECTION('',(0.894616114290079,0.446835549226469,0.));
#15583=DIRECTION('',(0.894616114290079,0.446835549226469,0.));
#15584=DIRECTION('',(0.,0.,1.));
#15585=DIRECTION('center_axis',(-0.643280862056532,-0.765630284479269,0.));
#15586=DIRECTION('ref_axis',(0.765630284479269,-0.643280862056532,0.));
#15587=DIRECTION('',(0.765630284479269,-0.643280862056532,0.));
#15588=DIRECTION('',(0.765630284479269,-0.643280862056532,0.));
#15589=DIRECTION('',(0.,0.,1.));
#15590=DIRECTION('center_axis',(-0.958466172934532,0.285206232996813,0.));
#15591=DIRECTION('ref_axis',(-0.285206232996813,-0.958466172934532,0.));
#15592=DIRECTION('',(-0.285206232996813,-0.958466172934532,0.));
#15593=DIRECTION('',(-0.285206232996813,-0.958466172934532,0.));
#15594=DIRECTION('',(0.,0.,1.));
#15595=DIRECTION('center_axis',(-0.960312450666492,0.278926508412011,0.));
#15596=DIRECTION('ref_axis',(-0.278926508412011,-0.960312450666492,0.));
#15597=DIRECTION('',(-0.278926508412011,-0.960312450666492,0.));
#15598=DIRECTION('',(-0.278926508412011,-0.960312450666492,0.));
#15599=DIRECTION('',(0.,0.,1.));
#15600=DIRECTION('center_axis',(-0.934872783445605,0.354982927438303,0.));
#15601=DIRECTION('ref_axis',(-0.354982927438303,-0.934872783445605,0.));
#15602=DIRECTION('',(-0.354982927438303,-0.934872783445605,0.));
#15603=DIRECTION('',(-0.354982927438303,-0.934872783445605,0.));
#15604=DIRECTION('',(0.,0.,1.));
#15605=DIRECTION('center_axis',(-0.938161913210965,0.346196800390099,0.));
#15606=DIRECTION('ref_axis',(-0.346196800390099,-0.938161913210965,0.));
#15607=DIRECTION('',(-0.346196800390099,-0.938161913210965,0.));
#15608=DIRECTION('',(-0.346196800390099,-0.938161913210965,0.));
#15609=DIRECTION('',(0.,0.,1.));
#15610=DIRECTION('center_axis',(-0.9033454152943,0.428913814963764,0.));
#15611=DIRECTION('ref_axis',(-0.428913814963764,-0.903345415294299,0.));
#15612=DIRECTION('',(-0.428913814963764,-0.903345415294299,0.));
#15613=DIRECTION('',(-0.428913814963764,-0.903345415294299,0.));
#15614=DIRECTION('',(0.,0.,1.));
#15615=DIRECTION('center_axis',(-0.851323331729038,0.524641386905161,0.));
#15616=DIRECTION('ref_axis',(-0.524641386905161,-0.851323331729038,0.));
#15617=DIRECTION('',(-0.524641386905161,-0.851323331729038,0.));
#15618=DIRECTION('',(-0.524641386905161,-0.851323331729038,0.));
#15619=DIRECTION('',(0.,0.,1.));
#15620=DIRECTION('center_axis',(-0.953493184446213,-0.301414576977657,0.));
#15621=DIRECTION('ref_axis',(0.301414576977657,-0.953493184446213,0.));
#15622=DIRECTION('',(0.301414576977657,-0.953493184446213,0.));
#15623=DIRECTION('',(0.301414576977657,-0.953493184446213,0.));
#15624=DIRECTION('',(0.,0.,1.));
#15625=DIRECTION('center_axis',(-0.608917136374665,-0.793233837546835,0.));
#15626=DIRECTION('ref_axis',(0.793233837546835,-0.608917136374665,0.));
#15627=DIRECTION('',(0.793233837546835,-0.608917136374665,0.));
#15628=DIRECTION('',(0.793233837546835,-0.608917136374665,0.));
#15629=DIRECTION('',(0.,0.,1.));
#15630=DIRECTION('center_axis',(0.615845769673627,-0.787866732369821,0.));
#15631=DIRECTION('ref_axis',(0.787866732369821,0.615845769673627,0.));
#15632=DIRECTION('',(0.787866732369821,0.615845769673627,0.));
#15633=DIRECTION('',(0.787866732369821,0.615845769673627,0.));
#15634=DIRECTION('',(0.,0.,1.));
#15635=DIRECTION('center_axis',(0.513361122400342,-0.858172685424013,0.));
#15636=DIRECTION('ref_axis',(0.858172685424013,0.513361122400342,0.));
#15637=DIRECTION('',(0.858172685424013,0.513361122400342,0.));
#15638=DIRECTION('',(0.858172685424013,0.513361122400342,0.));
#15639=DIRECTION('',(0.,0.,1.));
#15640=DIRECTION('center_axis',(0.433251736923694,-0.90127295113778,0.));
#15641=DIRECTION('ref_axis',(0.90127295113778,0.433251736923694,0.));
#15642=DIRECTION('',(0.90127295113778,0.433251736923694,0.));
#15643=DIRECTION('',(0.90127295113778,0.433251736923694,0.));
#15644=DIRECTION('',(0.,0.,1.));
#15645=DIRECTION('center_axis',(0.418136882810799,-0.908384030701371,0.));
#15646=DIRECTION('ref_axis',(0.908384030701371,0.418136882810798,0.));
#15647=DIRECTION('',(0.908384030701371,0.418136882810798,0.));
#15648=DIRECTION('',(0.908384030701371,0.418136882810798,0.));
#15649=DIRECTION('',(0.,0.,1.));
#15650=DIRECTION('center_axis',(0.38004178546773,-0.924969319111991,0.));
#15651=DIRECTION('ref_axis',(0.924969319111991,0.38004178546773,0.));
#15652=DIRECTION('',(0.924969319111991,0.38004178546773,0.));
#15653=DIRECTION('',(0.924969319111991,0.38004178546773,0.));
#15654=DIRECTION('',(0.,0.,1.));
#15655=DIRECTION('center_axis',(0.314896028561151,-0.949126172432525,0.));
#15656=DIRECTION('ref_axis',(0.949126172432525,0.314896028561151,0.));
#15657=DIRECTION('',(0.949126172432525,0.314896028561151,0.));
#15658=DIRECTION('',(0.949126172432525,0.314896028561151,0.));
#15659=DIRECTION('',(0.,0.,1.));
#15660=DIRECTION('center_axis',(0.284698655240889,-0.95861706416276,0.));
#15661=DIRECTION('ref_axis',(0.95861706416276,0.284698655240889,0.));
#15662=DIRECTION('',(0.95861706416276,0.284698655240889,0.));
#15663=DIRECTION('',(0.95861706416276,0.284698655240889,0.));
#15664=DIRECTION('',(0.,0.,1.));
#15665=DIRECTION('center_axis',(-0.766458283984431,-0.642294090671587,0.));
#15666=DIRECTION('ref_axis',(0.642294090671587,-0.766458283984431,0.));
#15667=DIRECTION('',(0.642294090671587,-0.766458283984431,0.));
#15668=DIRECTION('',(0.642294090671587,-0.766458283984431,0.));
#15669=DIRECTION('',(0.,0.,1.));
#15670=DIRECTION('center_axis',(-0.894379375486705,0.447309213748176,0.));
#15671=DIRECTION('ref_axis',(-0.447309213748176,-0.894379375486705,0.));
#15672=DIRECTION('',(-0.447309213748176,-0.894379375486705,0.));
#15673=DIRECTION('',(-0.447309213748176,-0.894379375486705,0.));
#15674=DIRECTION('',(0.,0.,1.));
#15675=DIRECTION('center_axis',(-0.897288066841433,0.441445495054558,0.));
#15676=DIRECTION('ref_axis',(-0.441445495054558,-0.897288066841433,0.));
#15677=DIRECTION('',(-0.441445495054558,-0.897288066841433,0.));
#15678=DIRECTION('',(-0.441445495054558,-0.897288066841433,0.));
#15679=DIRECTION('',(0.,0.,1.));
#15680=DIRECTION('center_axis',(-0.85902782676499,0.511928894323634,0.));
#15681=DIRECTION('ref_axis',(-0.511928894323634,-0.85902782676499,0.));
#15682=DIRECTION('',(-0.511928894323634,-0.85902782676499,0.));
#15683=DIRECTION('',(-0.511928894323634,-0.85902782676499,0.));
#15684=DIRECTION('',(0.,0.,1.));
#15685=DIRECTION('center_axis',(-0.863792682208846,0.503847399678164,0.));
#15686=DIRECTION('ref_axis',(-0.503847399678164,-0.863792682208846,0.));
#15687=DIRECTION('',(-0.503847399678164,-0.863792682208846,0.));
#15688=DIRECTION('',(-0.503847399678164,-0.863792682208846,0.));
#15689=DIRECTION('',(0.,0.,1.));
#15690=DIRECTION('center_axis',(-0.815141466285281,0.579261935519918,0.));
#15691=DIRECTION('ref_axis',(-0.579261935519918,-0.815141466285281,0.));
#15692=DIRECTION('',(-0.579261935519918,-0.815141466285281,0.));
#15693=DIRECTION('',(-0.579261935519918,-0.815141466285281,0.));
#15694=DIRECTION('',(0.,0.,1.));
#15695=DIRECTION('center_axis',(-0.747286796641385,0.664501650536293,0.));
#15696=DIRECTION('ref_axis',(-0.664501650536293,-0.747286796641385,0.));
#15697=DIRECTION('',(-0.664501650536293,-0.747286796641385,0.));
#15698=DIRECTION('',(-0.664501650536293,-0.747286796641385,0.));
#15699=DIRECTION('',(0.,0.,1.));
#15700=DIRECTION('center_axis',(-0.668936472417796,0.743319578559072,0.));
#15701=DIRECTION('ref_axis',(-0.743319578559071,-0.668936472417796,0.));
#15702=DIRECTION('',(-0.743319578559071,-0.668936472417796,0.));
#15703=DIRECTION('',(-0.743319578559071,-0.668936472417796,0.));
#15704=DIRECTION('',(0.,0.,1.));
#15705=DIRECTION('center_axis',(0.,0.,1.));
#15706=DIRECTION('ref_axis',(1.,0.,0.));
#15707=DIRECTION('center_axis',(0.,0.,1.));
#15708=DIRECTION('ref_axis',(1.,0.,0.));
#15709=DIRECTION('center_axis',(0.,0.,1.));
#15710=DIRECTION('ref_axis',(1.,0.,0.));
#15711=DIRECTION('',(0.,0.,1.));
#15712=DIRECTION('center_axis',(0.469678066311497,-0.882837762007206,0.));
#15713=DIRECTION('ref_axis',(0.882837762007206,0.469678066311497,0.));
#15714=DIRECTION('',(0.882837762007206,0.469678066311497,0.));
#15715=DIRECTION('',(0.882837762007206,0.469678066311497,0.));
#15716=DIRECTION('',(0.,0.,1.));
#15717=DIRECTION('center_axis',(0.356541890487109,-0.934279337418889,0.));
#15718=DIRECTION('ref_axis',(0.934279337418889,0.356541890487109,0.));
#15719=DIRECTION('',(0.934279337418889,0.356541890487109,0.));
#15720=DIRECTION('',(0.934279337418889,0.356541890487109,0.));
#15721=DIRECTION('',(0.,0.,1.));
#15722=DIRECTION('center_axis',(0.270165263983315,-0.96281396444839,0.));
#15723=DIRECTION('ref_axis',(0.96281396444839,0.270165263983315,0.));
#15724=DIRECTION('',(0.96281396444839,0.270165263983315,0.));
#15725=DIRECTION('',(0.96281396444839,0.270165263983315,0.));
#15726=DIRECTION('',(0.,0.,1.));
#15727=DIRECTION('center_axis',(0.254045212459358,-0.967192343862626,0.));
#15728=DIRECTION('ref_axis',(0.967192343862626,0.254045212459358,0.));
#15729=DIRECTION('',(0.967192343862626,0.254045212459358,0.));
#15730=DIRECTION('',(0.967192343862626,0.254045212459358,0.));
#15731=DIRECTION('',(0.,0.,1.));
#15732=DIRECTION('center_axis',(0.213648860131197,-0.976910520244633,0.));
#15733=DIRECTION('ref_axis',(0.976910520244633,0.213648860131197,0.));
#15734=DIRECTION('',(0.976910520244633,0.213648860131197,0.));
#15735=DIRECTION('',(0.976910520244633,0.213648860131197,0.));
#15736=DIRECTION('',(0.,0.,1.));
#15737=DIRECTION('center_axis',(0.145298020101282,-0.989387934712491,0.));
#15738=DIRECTION('ref_axis',(0.989387934712491,0.145298020101282,0.));
#15739=DIRECTION('',(0.989387934712491,0.145298020101282,0.));
#15740=DIRECTION('',(0.989387934712491,0.145298020101282,0.));
#15741=DIRECTION('',(0.,0.,1.));
#15742=DIRECTION('center_axis',(0.113911336681082,-0.993490919624095,0.));
#15743=DIRECTION('ref_axis',(0.993490919624094,0.113911336681082,0.));
#15744=DIRECTION('',(0.993490919624094,0.113911336681082,0.));
#15745=DIRECTION('',(0.993490919624094,0.113911336681082,0.));
#15746=DIRECTION('',(0.,0.,1.));
#15747=DIRECTION('center_axis',(-0.86634725879958,-0.499442115935824,0.));
#15748=DIRECTION('ref_axis',(0.499442115935824,-0.86634725879958,0.));
#15749=DIRECTION('',(0.499442115935824,-0.86634725879958,0.));
#15750=DIRECTION('',(0.499442115935824,-0.86634725879958,0.));
#15751=DIRECTION('',(0.,0.,1.));
#15752=DIRECTION('center_axis',(-0.803117313293936,0.595820930387251,0.));
#15753=DIRECTION('ref_axis',(-0.595820930387251,-0.803117313293936,0.));
#15754=DIRECTION('',(-0.595820930387251,-0.803117313293936,0.));
#15755=DIRECTION('',(-0.595820930387251,-0.803117313293936,0.));
#15756=DIRECTION('',(0.,0.,1.));
#15757=DIRECTION('center_axis',(-0.807000039154898,0.590551383711861,0.));
#15758=DIRECTION('ref_axis',(-0.590551383711861,-0.807000039154897,0.));
#15759=DIRECTION('',(-0.590551383711861,-0.807000039154898,0.));
#15760=DIRECTION('',(-0.590551383711861,-0.807000039154898,0.));
#15761=DIRECTION('',(0.,0.,1.));
#15762=DIRECTION('center_axis',(-0.757081744257214,0.65332016080361,0.));
#15763=DIRECTION('ref_axis',(-0.65332016080361,-0.757081744257214,0.));
#15764=DIRECTION('',(-0.65332016080361,-0.757081744257214,0.));
#15765=DIRECTION('',(-0.65332016080361,-0.757081744257214,0.));
#15766=DIRECTION('',(0.,0.,1.));
#15767=DIRECTION('center_axis',(-0.763177547658746,0.646188850684985,0.));
#15768=DIRECTION('ref_axis',(-0.646188850684985,-0.763177547658746,0.));
#15769=DIRECTION('',(-0.646188850684985,-0.763177547658746,0.));
#15770=DIRECTION('',(-0.646188850684985,-0.763177547658746,0.));
#15771=DIRECTION('',(0.,0.,1.));
#15772=DIRECTION('center_axis',(-0.702169856303722,0.712009475286959,0.));
#15773=DIRECTION('ref_axis',(-0.712009475286959,-0.702169856303721,0.));
#15774=DIRECTION('',(-0.712009475286959,-0.702169856303722,0.));
#15775=DIRECTION('',(-0.712009475286959,-0.702169856303722,0.));
#15776=DIRECTION('',(0.,0.,1.));
#15777=DIRECTION('center_axis',(-0.620544330383499,0.784171367769122,0.));
#15778=DIRECTION('ref_axis',(-0.784171367769122,-0.620544330383498,0.));
#15779=DIRECTION('',(-0.784171367769122,-0.620544330383498,0.));
#15780=DIRECTION('',(-0.784171367769122,-0.620544330383498,0.));
#15781=DIRECTION('',(0.,0.,1.));
#15782=DIRECTION('center_axis',(-0.529697734068154,0.848186483341407,0.));
#15783=DIRECTION('ref_axis',(-0.848186483341407,-0.529697734068154,0.));
#15784=DIRECTION('',(-0.848186483341407,-0.529697734068154,0.));
#15785=DIRECTION('',(-0.848186483341407,-0.529697734068154,0.));
#15786=DIRECTION('',(0.,0.,1.));
#15787=DIRECTION('center_axis',(0.,0.,1.));
#15788=DIRECTION('ref_axis',(1.,0.,0.));
#15789=DIRECTION('center_axis',(0.,0.,1.));
#15790=DIRECTION('ref_axis',(1.,0.,0.));
#15791=DIRECTION('center_axis',(0.,0.,1.));
#15792=DIRECTION('ref_axis',(1.,0.,0.));
#15793=DIRECTION('',(0.,0.,1.));
#15794=DIRECTION('center_axis',(0.309239432574602,-0.950984212981971,0.));
#15795=DIRECTION('ref_axis',(0.950984212981971,0.309239432574602,0.));
#15796=DIRECTION('',(0.950984212981971,0.309239432574602,0.));
#15797=DIRECTION('',(0.950984212981971,0.309239432574602,0.));
#15798=DIRECTION('',(0.,0.,1.));
#15799=DIRECTION('center_axis',(0.188889313651278,-0.981998384514124,0.));
#15800=DIRECTION('ref_axis',(0.981998384514124,0.188889313651278,0.));
#15801=DIRECTION('',(0.981998384514124,0.188889313651278,0.));
#15802=DIRECTION('',(0.981998384514124,0.188889313651278,0.));
#15803=DIRECTION('',(0.,0.,1.));
#15804=DIRECTION('center_axis',(0.0988699562070722,-0.995100362656758,0.));
#15805=DIRECTION('ref_axis',(0.995100362656758,0.0988699562070722,0.));
#15806=DIRECTION('',(0.995100362656758,0.0988699562070722,0.));
#15807=DIRECTION('',(0.995100362656758,0.0988699562070722,0.));
#15808=DIRECTION('',(0.,0.,1.));
#15809=DIRECTION('center_axis',(0.0822345068800779,-0.99661300707857,0.));
#15810=DIRECTION('ref_axis',(0.99661300707857,0.0822345068800778,0.));
#15811=DIRECTION('',(0.99661300707857,0.0822345068800778,0.));
#15812=DIRECTION('',(0.99661300707857,0.0822345068800778,0.));
#15813=DIRECTION('',(0.,0.,1.));
#15814=DIRECTION('center_axis',(0.0407643222983004,-0.999168789558381,0.));
#15815=DIRECTION('ref_axis',(0.999168789558381,0.0407643222983004,0.));
#15816=DIRECTION('',(0.999168789558381,0.0407643222983004,0.));
#15817=DIRECTION('',(0.999168789558381,0.0407643222983004,0.));
#15818=DIRECTION('',(0.,0.,1.));
#15819=DIRECTION('center_axis',(-0.0287147951757598,-0.999587645250788,
0.));
#15820=DIRECTION('ref_axis',(0.999587645250788,-0.0287147951757598,0.));
#15821=DIRECTION('',(0.999587645250788,-0.0287147951757598,0.));
#15822=DIRECTION('',(0.999587645250788,-0.0287147951757598,0.));
#15823=DIRECTION('',(0.,0.,1.));
#15824=DIRECTION('center_axis',(-0.0603371202014816,-0.998178056223333,
0.));
#15825=DIRECTION('ref_axis',(0.998178056223333,-0.0603371202014816,0.));
#15826=DIRECTION('',(0.998178056223333,-0.0603371202014816,0.));
#15827=DIRECTION('',(0.998178056223333,-0.0603371202014816,0.));
#15828=DIRECTION('',(0.,0.,1.));
#15829=DIRECTION('center_axis',(-0.939912710548985,-0.341414845237375,0.));
#15830=DIRECTION('ref_axis',(0.341414845237375,-0.939912710548985,0.));
#15831=DIRECTION('',(0.341414845237374,-0.939912710548985,0.));
#15832=DIRECTION('',(0.341414845237374,-0.939912710548985,0.));
#15833=DIRECTION('',(0.,0.,1.));
#15834=DIRECTION('center_axis',(-0.687452937931979,0.726228929559192,0.));
#15835=DIRECTION('ref_axis',(-0.726228929559192,-0.687452937931979,0.));
#15836=DIRECTION('',(-0.726228929559192,-0.687452937931979,0.));
#15837=DIRECTION('',(-0.726228929559192,-0.687452937931979,0.));
#15838=DIRECTION('',(0.,0.,1.));
#15839=DIRECTION('center_axis',(-0.69219172364144,0.721713667407159,0.));
#15840=DIRECTION('ref_axis',(-0.721713667407159,-0.69219172364144,0.));
#15841=DIRECTION('',(-0.721713667407159,-0.69219172364144,0.));
#15842=DIRECTION('',(-0.721713667407159,-0.69219172364144,0.));
#15843=DIRECTION('',(0.,0.,1.));
#15844=DIRECTION('center_axis',(-0.63213211605078,0.774860624794655,0.));
#15845=DIRECTION('ref_axis',(-0.774860624794655,-0.63213211605078,0.));
#15846=DIRECTION('',(-0.774860624794655,-0.63213211605078,0.));
#15847=DIRECTION('',(-0.774860624794655,-0.63213211605078,0.));
#15848=DIRECTION('',(0.,0.,1.));
#15849=DIRECTION('center_axis',(-0.639373649509661,0.768896180451364,0.));
#15850=DIRECTION('ref_axis',(-0.768896180451364,-0.639373649509661,0.));
#15851=DIRECTION('',(-0.768896180451364,-0.639373649509661,0.));
#15852=DIRECTION('',(-0.768896180451364,-0.639373649509661,0.));
#15853=DIRECTION('',(0.,0.,1.));
#15854=DIRECTION('center_axis',(-0.567863170556546,0.823122967438928,0.));
#15855=DIRECTION('ref_axis',(-0.823122967438928,-0.567863170556546,0.));
#15856=DIRECTION('',(-0.823122967438928,-0.567863170556546,0.));
#15857=DIRECTION('',(-0.823122967438928,-0.567863170556546,0.));
#15858=DIRECTION('',(0.,0.,1.));
#15859=DIRECTION('center_axis',(-0.47494693865808,0.880014434801679,0.));
#15860=DIRECTION('ref_axis',(-0.880014434801679,-0.47494693865808,0.));
#15861=DIRECTION('',(-0.880014434801679,-0.47494693865808,0.));
#15862=DIRECTION('',(-0.880014434801679,-0.47494693865808,0.));
#15863=DIRECTION('',(0.,0.,1.));
#15864=DIRECTION('center_axis',(-0.3743643981093,0.927281671030039,0.));
#15865=DIRECTION('ref_axis',(-0.927281671030039,-0.3743643981093,0.));
#15866=DIRECTION('',(-0.927281671030039,-0.3743643981093,0.));
#15867=DIRECTION('',(-0.927281671030039,-0.3743643981093,0.));
#15868=DIRECTION('',(0.,0.,1.));
#15869=DIRECTION('center_axis',(0.,0.,1.));
#15870=DIRECTION('ref_axis',(1.,0.,0.));
#15871=DIRECTION('center_axis',(0.,0.,1.));
#15872=DIRECTION('ref_axis',(1.,0.,0.));
#15873=DIRECTION('center_axis',(0.,0.,1.));
#15874=DIRECTION('ref_axis',(1.,0.,0.));
#15875=DIRECTION('',(0.,0.,1.));
#15876=DIRECTION('center_axis',(0.139404715162698,-0.990235489866126,0.));
#15877=DIRECTION('ref_axis',(0.990235489866126,0.139404715162698,0.));
#15878=DIRECTION('',(0.990235489866126,0.139404715162698,0.));
#15879=DIRECTION('',(0.990235489866126,0.139404715162698,0.));
#15880=DIRECTION('',(0.,0.,1.));
#15881=DIRECTION('center_axis',(0.0154974306016686,-0.999879907611282,0.));
#15882=DIRECTION('ref_axis',(0.999879907611282,0.0154974306016686,0.));
#15883=DIRECTION('',(0.999879907611282,0.0154974306016686,0.));
#15884=DIRECTION('',(0.999879907611282,0.0154974306016686,0.));
#15885=DIRECTION('',(0.,0.,1.));
#15886=DIRECTION('center_axis',(-0.0754294651582825,-0.997151139891007,
0.));
#15887=DIRECTION('ref_axis',(0.997151139891007,-0.0754294651582825,0.));
#15888=DIRECTION('',(0.997151139891007,-0.0754294651582825,0.));
#15889=DIRECTION('',(0.997151139891007,-0.0754294651582825,0.));
#15890=DIRECTION('',(0.,0.,1.));
#15891=DIRECTION('center_axis',(-0.0920748525776142,-0.99575208838486,0.));
#15892=DIRECTION('ref_axis',(0.99575208838486,-0.0920748525776142,0.));
#15893=DIRECTION('',(0.99575208838486,-0.0920748525776141,0.));
#15894=DIRECTION('',(0.99575208838486,-0.0920748525776141,0.));
#15895=DIRECTION('',(0.,0.,1.));
#15896=DIRECTION('center_axis',(-0.133358818844481,-0.991067820805622,0.));
#15897=DIRECTION('ref_axis',(0.991067820805622,-0.133358818844481,0.));
#15898=DIRECTION('',(0.991067820805622,-0.133358818844481,0.));
#15899=DIRECTION('',(0.991067820805622,-0.133358818844481,0.));
#15900=DIRECTION('',(0.,0.,1.));
#15901=DIRECTION('center_axis',(-0.2018551259313,-0.979415391003868,0.));
#15902=DIRECTION('ref_axis',(0.979415391003868,-0.2018551259313,0.));
#15903=DIRECTION('',(0.979415391003868,-0.2018551259313,0.));
#15904=DIRECTION('',(0.979415391003868,-0.2018551259313,0.));
#15905=DIRECTION('',(0.,0.,1.));
#15906=DIRECTION('center_axis',(-0.232752264219452,-0.972536057686664,0.));
#15907=DIRECTION('ref_axis',(0.972536057686664,-0.232752264219452,0.));
#15908=DIRECTION('',(0.972536057686664,-0.232752264219452,0.));
#15909=DIRECTION('',(0.972536057686664,-0.232752264219452,0.));
#15910=DIRECTION('',(0.,0.,1.));
#15911=DIRECTION('center_axis',(-0.984919390207222,-0.173013857230667,0.));
#15912=DIRECTION('ref_axis',(0.173013857230667,-0.984919390207222,0.));
#15913=DIRECTION('',(0.173013857230667,-0.984919390207222,0.));
#15914=DIRECTION('',(0.173013857230667,-0.984919390207222,0.));
#15915=DIRECTION('',(0.,0.,1.));
#15916=DIRECTION('center_axis',(-0.550900652918911,0.834570830195687,0.));
#15917=DIRECTION('ref_axis',(-0.834570830195687,-0.550900652918911,0.));
#15918=DIRECTION('',(-0.834570830195687,-0.550900652918911,0.));
#15919=DIRECTION('',(-0.834570830195687,-0.550900652918911,0.));
#15920=DIRECTION('',(0.,0.,1.));
#15921=DIRECTION('center_axis',(-0.556351512869931,0.830947046524229,0.));
#15922=DIRECTION('ref_axis',(-0.830947046524229,-0.556351512869931,0.));
#15923=DIRECTION('',(-0.830947046524229,-0.556351512869931,0.));
#15924=DIRECTION('',(-0.830947046524229,-0.556351512869931,0.));
#15925=DIRECTION('',(0.,0.,1.));
#15926=DIRECTION('center_axis',(-0.487975473374222,0.872857340798142,0.));
#15927=DIRECTION('ref_axis',(-0.872857340798142,-0.487975473374222,0.));
#15928=DIRECTION('',(-0.872857340798142,-0.487975473374222,0.));
#15929=DIRECTION('',(-0.872857340798142,-0.487975473374222,0.));
#15930=DIRECTION('',(0.,0.,1.));
#15931=DIRECTION('center_axis',(-0.496142706556864,0.868240988856452,0.));
#15932=DIRECTION('ref_axis',(-0.868240988856452,-0.496142706556864,0.));
#15933=DIRECTION('',(-0.868240988856452,-0.496142706556864,0.));
#15934=DIRECTION('',(-0.868240988856452,-0.496142706556864,0.));
#15935=DIRECTION('',(0.,0.,1.));
#15936=DIRECTION('center_axis',(-0.416302249720877,0.909226284748377,0.));
#15937=DIRECTION('ref_axis',(-0.909226284748377,-0.416302249720877,0.));
#15938=DIRECTION('',(-0.909226284748377,-0.416302249720877,0.));
#15939=DIRECTION('',(-0.909226284748377,-0.416302249720877,0.));
#15940=DIRECTION('',(0.,0.,1.));
#15941=DIRECTION('center_axis',(-0.314918524536377,0.949118708541683,0.));
#15942=DIRECTION('ref_axis',(-0.949118708541683,-0.314918524536377,0.));
#15943=DIRECTION('',(-0.949118708541683,-0.314918524536377,0.));
#15944=DIRECTION('',(-0.949118708541683,-0.314918524536377,0.));
#15945=DIRECTION('',(0.,0.,1.));
#15946=DIRECTION('center_axis',(-0.207656189351492,0.978201874371552,0.));
#15947=DIRECTION('ref_axis',(-0.978201874371552,-0.207656189351492,0.));
#15948=DIRECTION('',(-0.978201874371552,-0.207656189351492,0.));
#15949=DIRECTION('',(-0.978201874371552,-0.207656189351492,0.));
#15950=DIRECTION('',(0.,0.,1.));
#15951=DIRECTION('center_axis',(0.,0.,1.));
#15952=DIRECTION('ref_axis',(1.,0.,0.));
#15953=DIRECTION('center_axis',(0.,0.,1.));
#15954=DIRECTION('ref_axis',(1.,0.,0.));
#15955=DIRECTION('center_axis',(0.,0.,1.));
#15956=DIRECTION('ref_axis',(1.,0.,0.));
#15957=DIRECTION('center_axis',(0.,0.,1.));
#15958=DIRECTION('ref_axis',(1.,0.,0.));
#15959=DIRECTION('center_axis',(0.,0.,1.));
#15960=DIRECTION('ref_axis',(1.,0.,0.));
#15961=CARTESIAN_POINT('',(0.,0.,0.));
#15962=CARTESIAN_POINT('Origin',(-4143.37396359298,2082.18769690784,82.));
#15963=CARTESIAN_POINT('',(-4143.37396359298,2085.05360831364,84.));
#15964=CARTESIAN_POINT('',(-4143.37396359298,2085.05360831364,82.));
#15965=CARTESIAN_POINT('',(-4143.37396359298,2085.05360831364,0.));
#15966=CARTESIAN_POINT('',(-4143.37396359298,2083.95961396477,84.));
#15967=CARTESIAN_POINT('',(-4143.37396359298,2082.18769690784,84.));
#15968=CARTESIAN_POINT('',(-4143.37396359298,2083.95961396477,82.));
#15969=CARTESIAN_POINT('',(-4143.37396359298,2083.95961396477,0.));
#15970=CARTESIAN_POINT('',(-4143.37396359298,2082.18769690784,82.));
#15971=CARTESIAN_POINT('Origin',(-4143.37396359298,2082.18769690784,84.));
#15972=CARTESIAN_POINT('',(-4140.87396359298,2082.18769690784,84.));
#15973=CARTESIAN_POINT('Origin',(-4144.77587938444,2081.30732587452,84.));
#15974=CARTESIAN_POINT('',(-4141.9079625719,2082.18769690787,84.));
#15975=CARTESIAN_POINT('',(-4142.64096308244,2082.18769690787,84.));
#15976=CARTESIAN_POINT('Origin',(-4144.77587938444,2081.30732587452,84.));
#15977=CARTESIAN_POINT('Origin',(-4144.77587938444,2081.30732587452,0.));
#15978=CARTESIAN_POINT('',(-4140.93577118583,2080.18769690787,82.));
#15979=CARTESIAN_POINT('Origin',(-4144.77587938444,2081.30732587452,82.));
#15980=CARTESIAN_POINT('',(-4140.93577118583,2080.18769690787,90.));
#15981=CARTESIAN_POINT('',(-4140.93577118583,2080.18769690787,0.));
#15982=CARTESIAN_POINT('',(-4148.77587938444,2081.30732587452,90.));
#15983=CARTESIAN_POINT('Origin',(-4144.77587938444,2081.30732587452,90.));
#15984=CARTESIAN_POINT('',(-4148.77587938444,2081.30732587452,60.));
#15985=CARTESIAN_POINT('',(-4148.77587938444,2081.30732587452,0.));
#15986=CARTESIAN_POINT('Origin',(-4144.77587938444,2081.30732587452,60.));
#15987=CARTESIAN_POINT('',(-4140.87396359298,2082.18769690787,90.));
#15988=CARTESIAN_POINT('Origin',(-4144.77587938444,2081.30732587452,90.));
#15989=CARTESIAN_POINT('',(-4140.87396359298,2082.18769690787,0.));
#15990=CARTESIAN_POINT('Origin',(-4141.9079625719,2082.18769690787,90.));
#15991=CARTESIAN_POINT('',(-4141.9079625719,2082.18769690787,90.));
#15992=CARTESIAN_POINT('',(-4143.34192097817,2082.18769690787,90.));
#15993=CARTESIAN_POINT('',(-4141.9079625719,2082.18769690787,0.));
#15994=CARTESIAN_POINT('Origin',(-4140.93577118583,2080.18769690787,90.));
#15995=CARTESIAN_POINT('',(-4141.99263829229,2080.18769690787,90.));
#15996=CARTESIAN_POINT('',(-4142.85582528513,2080.18769690787,90.));
#15997=CARTESIAN_POINT('',(-4141.99263829229,2080.18769690787,82.));
#15998=CARTESIAN_POINT('',(-4140.60997590954,2080.18769690787,82.));
#15999=CARTESIAN_POINT('',(-4141.99263829229,2080.18769690787,0.));
#16000=CARTESIAN_POINT('Origin',(-4141.38425883836,2081.18769690787,82.));
#16001=CARTESIAN_POINT('Origin',(-4144.77587938444,2081.30732587452,82.));
#16002=CARTESIAN_POINT('Origin',(-4144.77587938444,2081.30732587452,90.));
#16003=CARTESIAN_POINT('',(-4147.77587938444,2081.30732587452,90.));
#16004=CARTESIAN_POINT('Origin',(-4144.77587938444,2081.30732587452,90.));
#16005=CARTESIAN_POINT('Origin',(-4144.77587938444,2081.30732587452,90.));
#16006=CARTESIAN_POINT('Origin',(-4144.77587938444,2081.30732587452,0.));
#16007=CARTESIAN_POINT('',(-4147.77587938444,2081.30732587452,0.));
#16008=CARTESIAN_POINT('',(-4147.77587938444,2081.30732587452,0.));
#16009=CARTESIAN_POINT('Origin',(-4144.77587938444,2081.30732587452,0.));
#16010=CARTESIAN_POINT('Origin',(-4144.77587938444,2081.30732587452,0.));
#16011=CARTESIAN_POINT('',(-4149.77587938444,2081.30732587452,60.));
#16012=CARTESIAN_POINT('Origin',(-4144.77587938444,2081.30732587452,60.));
#16013=CARTESIAN_POINT('',(-4149.77587938444,2081.30732587452,5.));
#16014=CARTESIAN_POINT('',(-4149.77587938444,2081.30732587452,0.));
#16015=CARTESIAN_POINT('Origin',(-4144.77587938444,2081.30732587452,5.));
#16016=CARTESIAN_POINT('Origin',(-4144.77587938444,2081.30732587452,60.));
#16017=CARTESIAN_POINT('Origin',(-4165.17466511618,2080.19013811493,0.));
#16018=CARTESIAN_POINT('',(-4165.17466511618,2080.19013811493,0.));
#16019=CARTESIAN_POINT('',(-4165.01897376244,2080.18473771248,0.));
#16020=CARTESIAN_POINT('',(-4165.17466511618,2080.19013811493,0.));
#16021=CARTESIAN_POINT('',(-4165.01897376244,2080.18473771248,5.));
#16022=CARTESIAN_POINT('',(-4165.01897376244,2080.18473771248,0.));
#16023=CARTESIAN_POINT('',(-4165.17466511618,2080.19013811493,5.));
#16024=CARTESIAN_POINT('',(-4165.17466511618,2080.19013811493,5.));
#16025=CARTESIAN_POINT('',(-4165.17466511618,2080.19013811493,0.));
#16026=CARTESIAN_POINT('Origin',(-4165.53569564661,2080.24804356838,0.));
#16027=CARTESIAN_POINT('',(-4165.53569564661,2080.24804356838,0.));
#16028=CARTESIAN_POINT('',(-4165.53569564661,2080.24804356838,0.));
#16029=CARTESIAN_POINT('',(-4165.53569564661,2080.24804356838,5.));
#16030=CARTESIAN_POINT('',(-4165.53569564661,2080.24804356838,5.));
#16031=CARTESIAN_POINT('',(-4165.53569564661,2080.24804356838,0.));
#16032=CARTESIAN_POINT('Origin',(-4165.71625947859,2080.29415564315,0.));
#16033=CARTESIAN_POINT('',(-4165.71625947859,2080.29415564315,0.));
#16034=CARTESIAN_POINT('',(-4165.71625947859,2080.29415564315,0.));
#16035=CARTESIAN_POINT('',(-4165.71625947859,2080.29415564315,5.));
#16036=CARTESIAN_POINT('',(-4165.71625947859,2080.29415564315,5.));
#16037=CARTESIAN_POINT('',(-4165.71625947859,2080.29415564315,0.));
#16038=CARTESIAN_POINT('Origin',(-4166.11871197352,2080.40412572336,0.));
#16039=CARTESIAN_POINT('',(-4166.11871197352,2080.40412572336,0.));
#16040=CARTESIAN_POINT('',(-4166.11871197352,2080.40412572336,0.));
#16041=CARTESIAN_POINT('',(-4166.11871197352,2080.40412572336,5.));
#16042=CARTESIAN_POINT('',(-4166.11871197352,2080.40412572336,5.));
#16043=CARTESIAN_POINT('',(-4166.11871197352,2080.40412572336,0.));
#16044=CARTESIAN_POINT('Origin',(-4166.32081580891,2080.46848434089,0.));
#16045=CARTESIAN_POINT('',(-4166.32081580891,2080.46848434089,0.));
#16046=CARTESIAN_POINT('',(-4166.32081580891,2080.46848434089,0.));
#16047=CARTESIAN_POINT('',(-4166.32081580891,2080.46848434089,5.));
#16048=CARTESIAN_POINT('',(-4166.32081580891,2080.46848434089,5.));
#16049=CARTESIAN_POINT('',(-4166.32081580891,2080.46848434089,0.));
#16050=CARTESIAN_POINT('Origin',(-4166.99773818761,2080.73711838506,0.));
#16051=CARTESIAN_POINT('',(-4166.99773818761,2080.73711838506,0.));
#16052=CARTESIAN_POINT('',(-4166.99773818761,2080.73711838506,0.));
#16053=CARTESIAN_POINT('',(-4166.99773818761,2080.73711838506,5.));
#16054=CARTESIAN_POINT('',(-4166.99773818761,2080.73711838506,5.));
#16055=CARTESIAN_POINT('',(-4166.99773818761,2080.73711838506,0.));
#16056=CARTESIAN_POINT('Origin',(-4167.40153667019,2080.91235285552,0.));
#16057=CARTESIAN_POINT('',(-4167.40153667019,2080.91235285552,0.));
#16058=CARTESIAN_POINT('',(-4167.40153667019,2080.91235285552,0.));
#16059=CARTESIAN_POINT('',(-4167.40153667019,2080.91235285552,5.));
#16060=CARTESIAN_POINT('',(-4167.40153667019,2080.91235285552,5.));
#16061=CARTESIAN_POINT('',(-4167.40153667019,2080.91235285552,0.));
#16062=CARTESIAN_POINT('Origin',(-4167.40101929328,2081.71564657118,0.));
#16063=CARTESIAN_POINT('',(-4167.40101929328,2081.71564657118,0.));
#16064=CARTESIAN_POINT('',(-4167.40101929328,2081.71564657118,0.));
#16065=CARTESIAN_POINT('',(-4167.40101929328,2081.71564657118,5.));
#16066=CARTESIAN_POINT('',(-4167.40101929328,2081.71564657118,5.));
#16067=CARTESIAN_POINT('',(-4167.40101929328,2081.71564657118,0.));
#16068=CARTESIAN_POINT('Origin',(-4167.19071750174,2081.80677791723,0.));
#16069=CARTESIAN_POINT('',(-4167.19071750174,2081.80677791723,0.));
#16070=CARTESIAN_POINT('',(-4167.19071750174,2081.80677791723,0.));
#16071=CARTESIAN_POINT('',(-4167.19071750174,2081.80677791723,5.));
#16072=CARTESIAN_POINT('',(-4167.19071750174,2081.80677791723,5.));
#16073=CARTESIAN_POINT('',(-4167.19071750174,2081.80677791723,0.));
#16074=CARTESIAN_POINT('Origin',(-4166.67623791658,2082.03373179256,0.));
#16075=CARTESIAN_POINT('',(-4166.67623791658,2082.03373179256,0.));
#16076=CARTESIAN_POINT('',(-4166.67623791658,2082.03373179256,0.));
#16077=CARTESIAN_POINT('',(-4166.67623791658,2082.03373179256,5.));
#16078=CARTESIAN_POINT('',(-4166.67623791658,2082.03373179256,5.));
#16079=CARTESIAN_POINT('',(-4166.67623791658,2082.03373179256,0.));
#16080=CARTESIAN_POINT('Origin',(-4166.25706599285,2082.17976526304,0.));
#16081=CARTESIAN_POINT('',(-4166.25706599285,2082.17976526304,0.));
#16082=CARTESIAN_POINT('',(-4166.25706599285,2082.17976526304,0.));
#16083=CARTESIAN_POINT('',(-4166.25706599285,2082.17976526304,5.));
#16084=CARTESIAN_POINT('',(-4166.25706599285,2082.17976526304,5.));
#16085=CARTESIAN_POINT('',(-4166.25706599285,2082.17976526304,0.));
#16086=CARTESIAN_POINT('Origin',(-4166.11774255016,2082.22977412188,0.));
#16087=CARTESIAN_POINT('',(-4166.11774255016,2082.22977412188,0.));
#16088=CARTESIAN_POINT('',(-4166.11774255016,2082.22977412188,0.));
#16089=CARTESIAN_POINT('',(-4166.11774255016,2082.22977412188,5.));
#16090=CARTESIAN_POINT('',(-4166.11774255016,2082.22977412188,5.));
#16091=CARTESIAN_POINT('',(-4166.11774255016,2082.22977412188,0.));
#16092=CARTESIAN_POINT('Origin',(-4165.5490252119,2082.37792822465,0.));
#16093=CARTESIAN_POINT('',(-4165.5490252119,2082.37792822465,0.));
#16094=CARTESIAN_POINT('',(-4165.5490252119,2082.37792822465,0.));
#16095=CARTESIAN_POINT('',(-4165.5490252119,2082.37792822465,5.));
#16096=CARTESIAN_POINT('',(-4165.5490252119,2082.37792822465,5.));
#16097=CARTESIAN_POINT('',(-4165.5490252119,2082.37792822465,0.));
#16098=CARTESIAN_POINT('Origin',(-4165.07290714902,2082.44786077124,0.));
#16099=CARTESIAN_POINT('',(-4165.07290714902,2082.44786077124,0.));
#16100=CARTESIAN_POINT('',(-4165.07290714902,2082.44786077124,0.));
#16101=CARTESIAN_POINT('',(-4165.07290714902,2082.44786077124,5.));
#16102=CARTESIAN_POINT('',(-4165.07290714902,2082.44786077124,5.));
#16103=CARTESIAN_POINT('',(-4165.07290714902,2082.44786077124,0.));
#16104=CARTESIAN_POINT('Origin',(-4165.01786295534,2082.44976856177,0.));
#16105=CARTESIAN_POINT('',(-4165.01786295534,2082.44976856177,0.));
#16106=CARTESIAN_POINT('',(-4164.77238772499,2082.45827654941,0.));
#16107=CARTESIAN_POINT('',(-4165.01786295534,2082.44976856177,5.));
#16108=CARTESIAN_POINT('',(-4164.77238772499,2082.45827654941,5.));
#16109=CARTESIAN_POINT('',(-4165.01786295534,2082.44976856177,0.));
#16110=CARTESIAN_POINT('Origin',(-4144.77587938444,2081.30732587452,0.));
#16111=CARTESIAN_POINT('',(-4164.90213229512,2083.75211992593,0.));
#16112=CARTESIAN_POINT('Origin',(-4144.77587938444,2081.30732587452,0.));
#16113=CARTESIAN_POINT('',(-4164.90213229512,2083.75211992593,5.));
#16114=CARTESIAN_POINT('Origin',(-4144.77587938444,2081.30732587452,5.));
#16115=CARTESIAN_POINT('',(-4164.90213229512,2083.75211992593,0.));
#16116=CARTESIAN_POINT('Origin',(-4165.05874561228,2083.78537083009,0.));
#16117=CARTESIAN_POINT('',(-4165.05874561228,2083.78537083009,0.));
#16118=CARTESIAN_POINT('',(-4165.05874561228,2083.78537083009,0.));
#16119=CARTESIAN_POINT('',(-4165.05874561228,2083.78537083009,5.));
#16120=CARTESIAN_POINT('',(-4165.05874561228,2083.78537083009,5.));
#16121=CARTESIAN_POINT('',(-4165.05874561228,2083.78537083009,0.));
#16122=CARTESIAN_POINT('Origin',(-4165.40423610125,2083.90508886328,0.));
#16123=CARTESIAN_POINT('',(-4165.40423610125,2083.90508886328,0.));
#16124=CARTESIAN_POINT('',(-4165.40423610125,2083.90508886328,0.));
#16125=CARTESIAN_POINT('',(-4165.40423610125,2083.90508886328,5.));
#16126=CARTESIAN_POINT('',(-4165.40423610125,2083.90508886328,5.));
#16127=CARTESIAN_POINT('',(-4165.40423610125,2083.90508886328,0.));
#16128=CARTESIAN_POINT('Origin',(-4165.57404948515,2083.98185497239,0.));
#16129=CARTESIAN_POINT('',(-4165.57404948515,2083.98185497239,0.));
#16130=CARTESIAN_POINT('',(-4165.57404948515,2083.98185497239,0.));
#16131=CARTESIAN_POINT('',(-4165.57404948515,2083.98185497239,5.));
#16132=CARTESIAN_POINT('',(-4165.57404948515,2083.98185497239,5.));
#16133=CARTESIAN_POINT('',(-4165.57404948515,2083.98185497239,0.));
#16134=CARTESIAN_POINT('Origin',(-4165.95129171834,2084.16003950233,0.));
#16135=CARTESIAN_POINT('',(-4165.95129171834,2084.16003950233,0.));
#16136=CARTESIAN_POINT('',(-4165.95129171834,2084.16003950233,0.));
#16137=CARTESIAN_POINT('',(-4165.95129171834,2084.16003950233,5.));
#16138=CARTESIAN_POINT('',(-4165.95129171834,2084.16003950233,5.));
#16139=CARTESIAN_POINT('',(-4165.95129171834,2084.16003950233,0.));
#16140=CARTESIAN_POINT('Origin',(-4166.1391493857,2084.25851533056,0.));
#16141=CARTESIAN_POINT('',(-4166.1391493857,2084.25851533056,0.));
#16142=CARTESIAN_POINT('',(-4166.1391493857,2084.25851533056,0.));
#16143=CARTESIAN_POINT('',(-4166.1391493857,2084.25851533056,5.));
#16144=CARTESIAN_POINT('',(-4166.1391493857,2084.25851533056,5.));
#16145=CARTESIAN_POINT('',(-4166.1391493857,2084.25851533056,0.));
#16146=CARTESIAN_POINT('Origin',(-4166.7591399802,2084.64061455747,0.));
#16147=CARTESIAN_POINT('',(-4166.7591399802,2084.64061455747,0.));
#16148=CARTESIAN_POINT('',(-4166.7591399802,2084.64061455747,0.));
#16149=CARTESIAN_POINT('',(-4166.7591399802,2084.64061455747,5.));
#16150=CARTESIAN_POINT('',(-4166.7591399802,2084.64061455747,5.));
#16151=CARTESIAN_POINT('',(-4166.7591399802,2084.64061455747,0.));
#16152=CARTESIAN_POINT('Origin',(-4167.12637471004,2084.88330569322,0.));
#16153=CARTESIAN_POINT('',(-4167.12637471004,2084.88330569322,0.));
#16154=CARTESIAN_POINT('',(-4167.12637471004,2084.88330569322,0.));
#16155=CARTESIAN_POINT('',(-4167.12637471004,2084.88330569322,5.));
#16156=CARTESIAN_POINT('',(-4167.12637471004,2084.88330569322,5.));
#16157=CARTESIAN_POINT('',(-4167.12637471004,2084.88330569322,0.));
#16158=CARTESIAN_POINT('Origin',(-4166.98637470339,2085.67430573079,0.));
#16159=CARTESIAN_POINT('',(-4166.98637470339,2085.67430573079,0.));
#16160=CARTESIAN_POINT('',(-4166.98637470339,2085.67430573079,0.));
#16161=CARTESIAN_POINT('',(-4166.98637470339,2085.67430573079,5.));
#16162=CARTESIAN_POINT('',(-4166.98637470339,2085.67430573079,5.));
#16163=CARTESIAN_POINT('',(-4166.98637470339,2085.67430573079,0.));
#16164=CARTESIAN_POINT('Origin',(-4166.76344307644,2085.72753406405,0.));
#16165=CARTESIAN_POINT('',(-4166.76344307644,2085.72753406405,0.));
#16166=CARTESIAN_POINT('',(-4166.76344307644,2085.72753406405,0.));
#16167=CARTESIAN_POINT('',(-4166.76344307644,2085.72753406405,5.));
#16168=CARTESIAN_POINT('',(-4166.76344307644,2085.72753406405,5.));
#16169=CARTESIAN_POINT('',(-4166.76344307644,2085.72753406405,0.));
#16170=CARTESIAN_POINT('Origin',(-4166.21736946535,2085.86170155764,0.));
#16171=CARTESIAN_POINT('',(-4166.21736946535,2085.86170155764,0.));
#16172=CARTESIAN_POINT('',(-4166.21736946535,2085.86170155764,0.));
#16173=CARTESIAN_POINT('',(-4166.21736946535,2085.86170155764,5.));
#16174=CARTESIAN_POINT('',(-4166.21736946535,2085.86170155764,5.));
#16175=CARTESIAN_POINT('',(-4166.21736946535,2085.86170155764,0.));
#16176=CARTESIAN_POINT('Origin',(-4165.77920725899,2085.93272801088,0.));
#16177=CARTESIAN_POINT('',(-4165.77920725899,2085.93272801088,0.));
#16178=CARTESIAN_POINT('',(-4165.77920725899,2085.93272801088,0.));
#16179=CARTESIAN_POINT('',(-4165.77920725899,2085.93272801088,5.));
#16180=CARTESIAN_POINT('',(-4165.77920725899,2085.93272801088,5.));
#16181=CARTESIAN_POINT('',(-4165.77920725899,2085.93272801088,0.));
#16182=CARTESIAN_POINT('Origin',(-4165.63331650524,2085.95778386086,0.));
#16183=CARTESIAN_POINT('',(-4165.63331650524,2085.95778386086,0.));
#16184=CARTESIAN_POINT('',(-4165.63331650524,2085.95778386086,0.));
#16185=CARTESIAN_POINT('',(-4165.63331650524,2085.95778386086,5.));
#16186=CARTESIAN_POINT('',(-4165.63331650524,2085.95778386086,5.));
#16187=CARTESIAN_POINT('',(-4165.63331650524,2085.95778386086,0.));
#16188=CARTESIAN_POINT('Origin',(-4165.04751257129,2086.00493044052,0.));
#16189=CARTESIAN_POINT('',(-4165.04751257129,2086.00493044052,0.));
#16190=CARTESIAN_POINT('',(-4165.04751257129,2086.00493044052,0.));
#16191=CARTESIAN_POINT('',(-4165.04751257129,2086.00493044052,5.));
#16192=CARTESIAN_POINT('',(-4165.04751257129,2086.00493044052,5.));
#16193=CARTESIAN_POINT('',(-4165.04751257129,2086.00493044052,0.));
#16194=CARTESIAN_POINT('Origin',(-4164.56648415234,2085.99112352061,0.));
#16195=CARTESIAN_POINT('',(-4164.56648415234,2085.99112352061,0.));
#16196=CARTESIAN_POINT('',(-4164.56648415234,2085.99112352061,0.));
#16197=CARTESIAN_POINT('',(-4164.56648415234,2085.99112352061,5.));
#16198=CARTESIAN_POINT('',(-4164.56648415234,2085.99112352061,5.));
#16199=CARTESIAN_POINT('',(-4164.56648415234,2085.99112352061,0.));
#16200=CARTESIAN_POINT('Origin',(-4164.5037231348,2085.98228631709,0.));
#16201=CARTESIAN_POINT('',(-4164.5037231348,2085.98228631709,0.));
#16202=CARTESIAN_POINT('',(-4164.26872161273,2085.94919640937,0.));
#16203=CARTESIAN_POINT('',(-4164.5037231348,2085.98228631709,5.));
#16204=CARTESIAN_POINT('',(-4164.26872161273,2085.94919640937,5.));
#16205=CARTESIAN_POINT('',(-4164.5037231348,2085.98228631709,0.));
#16206=CARTESIAN_POINT('Origin',(-4144.77587938444,2081.30732587452,0.));
#16207=CARTESIAN_POINT('',(-4164.16203819575,2087.24196324515,0.));
#16208=CARTESIAN_POINT('Origin',(-4144.77587938444,2081.30732587452,0.));
#16209=CARTESIAN_POINT('',(-4164.16203819575,2087.24196324515,5.));
#16210=CARTESIAN_POINT('Origin',(-4144.77587938444,2081.30732587452,5.));
#16211=CARTESIAN_POINT('',(-4164.16203819575,2087.24196324515,0.));
#16212=CARTESIAN_POINT('Origin',(-4164.32028157683,2087.30585467125,0.));
#16213=CARTESIAN_POINT('',(-4164.32028157683,2087.30585467125,0.));
#16214=CARTESIAN_POINT('',(-4164.32028157683,2087.30585467125,0.));
#16215=CARTESIAN_POINT('',(-4164.32028157683,2087.30585467125,5.));
#16216=CARTESIAN_POINT('',(-4164.32028157683,2087.30585467125,5.));
#16217=CARTESIAN_POINT('',(-4164.32028157683,2087.30585467125,0.));
#16218=CARTESIAN_POINT('Origin',(-4164.63973447066,2087.48374771233,0.));
#16219=CARTESIAN_POINT('',(-4164.63973447066,2087.48374771233,0.));
#16220=CARTESIAN_POINT('',(-4164.63973447066,2087.48374771233,0.));
#16221=CARTESIAN_POINT('',(-4164.63973447066,2087.48374771233,5.));
#16222=CARTESIAN_POINT('',(-4164.63973447066,2087.48374771233,5.));
#16223=CARTESIAN_POINT('',(-4164.63973447066,2087.48374771233,0.));
#16224=CARTESIAN_POINT('Origin',(-4164.79363771274,2087.58883535641,0.));
#16225=CARTESIAN_POINT('',(-4164.79363771274,2087.58883535641,0.));
#16226=CARTESIAN_POINT('',(-4164.79363771274,2087.58883535641,0.));
#16227=CARTESIAN_POINT('',(-4164.79363771274,2087.58883535641,5.));
#16228=CARTESIAN_POINT('',(-4164.79363771274,2087.58883535641,5.));
#16229=CARTESIAN_POINT('',(-4164.79363771274,2087.58883535641,0.));
#16230=CARTESIAN_POINT('Origin',(-4165.13420736984,2087.82982028929,0.));
#16231=CARTESIAN_POINT('',(-4165.13420736984,2087.82982028929,0.));
#16232=CARTESIAN_POINT('',(-4165.13420736984,2087.82982028929,0.));
#16233=CARTESIAN_POINT('',(-4165.13420736984,2087.82982028929,5.));
#16234=CARTESIAN_POINT('',(-4165.13420736984,2087.82982028929,5.));
#16235=CARTESIAN_POINT('',(-4165.13420736984,2087.82982028929,0.));
#16236=CARTESIAN_POINT('Origin',(-4165.302110909,2087.95942119001,0.));
#16237=CARTESIAN_POINT('',(-4165.302110909,2087.95942119001,0.));
#16238=CARTESIAN_POINT('',(-4165.302110909,2087.95942119001,0.));
#16239=CARTESIAN_POINT('',(-4165.302110909,2087.95942119001,5.));
#16240=CARTESIAN_POINT('',(-4165.302110909,2087.95942119001,5.));
#16241=CARTESIAN_POINT('',(-4165.302110909,2087.95942119001,0.));
#16242=CARTESIAN_POINT('Origin',(-4165.84633161882,2088.44337570799,0.));
#16243=CARTESIAN_POINT('',(-4165.84633161882,2088.44337570799,0.));
#16244=CARTESIAN_POINT('',(-4165.84633161882,2088.44337570799,0.));
#16245=CARTESIAN_POINT('',(-4165.84633161882,2088.44337570799,5.));
#16246=CARTESIAN_POINT('',(-4165.84633161882,2088.44337570799,5.));
#16247=CARTESIAN_POINT('',(-4165.84633161882,2088.44337570799,0.));
#16248=CARTESIAN_POINT('Origin',(-4166.16584435448,2088.74614946168,0.));
#16249=CARTESIAN_POINT('',(-4166.16584435448,2088.74614946168,0.));
#16250=CARTESIAN_POINT('',(-4166.16584435448,2088.74614946168,0.));
#16251=CARTESIAN_POINT('',(-4166.16584435448,2088.74614946168,5.));
#16252=CARTESIAN_POINT('',(-4166.16584435448,2088.74614946168,5.));
#16253=CARTESIAN_POINT('',(-4166.16584435448,2088.74614946168,0.));
#16254=CARTESIAN_POINT('Origin',(-4165.89061554745,2089.50082168528,0.));
#16255=CARTESIAN_POINT('',(-4165.89061554745,2089.50082168528,0.));
#16256=CARTESIAN_POINT('',(-4165.89061554745,2089.50082168528,0.));
#16257=CARTESIAN_POINT('',(-4165.89061554745,2089.50082168528,5.));
#16258=CARTESIAN_POINT('',(-4165.89061554745,2089.50082168528,5.));
#16259=CARTESIAN_POINT('',(-4165.89061554745,2089.50082168528,0.));
#16260=CARTESIAN_POINT('Origin',(-4165.66182774977,2089.5145296898,0.));
#16261=CARTESIAN_POINT('',(-4165.66182774977,2089.5145296898,0.));
#16262=CARTESIAN_POINT('',(-4165.66182774977,2089.5145296898,0.));
#16263=CARTESIAN_POINT('',(-4165.66182774977,2089.5145296898,5.));
#16264=CARTESIAN_POINT('',(-4165.66182774977,2089.5145296898,5.));
#16265=CARTESIAN_POINT('',(-4165.66182774977,2089.5145296898,0.));
#16266=CARTESIAN_POINT('Origin',(-4165.10075228309,2089.55183419025,0.));
#16267=CARTESIAN_POINT('',(-4165.10075228309,2089.55183419025,0.));
#16268=CARTESIAN_POINT('',(-4165.10075228309,2089.55183419025,0.));
#16269=CARTESIAN_POINT('',(-4165.10075228309,2089.55183419025,5.));
#16270=CARTESIAN_POINT('',(-4165.10075228309,2089.55183419025,5.));
#16271=CARTESIAN_POINT('',(-4165.10075228309,2089.55183419025,0.));
#16272=CARTESIAN_POINT('Origin',(-4164.65691313102,2089.54569552341,0.));
#16273=CARTESIAN_POINT('',(-4164.65691313102,2089.54569552341,0.));
#16274=CARTESIAN_POINT('',(-4164.65691313102,2089.54569552341,0.));
#16275=CARTESIAN_POINT('',(-4164.65691313102,2089.54569552341,5.));
#16276=CARTESIAN_POINT('',(-4164.65691313102,2089.54569552341,5.));
#16277=CARTESIAN_POINT('',(-4164.65691313102,2089.54569552341,0.));
#16278=CARTESIAN_POINT('Origin',(-4164.50888788294,2089.54503705521,0.));
#16279=CARTESIAN_POINT('',(-4164.50888788294,2089.54503705521,0.));
#16280=CARTESIAN_POINT('',(-4164.50888788294,2089.54503705521,0.));
#16281=CARTESIAN_POINT('',(-4164.50888788294,2089.54503705521,5.));
#16282=CARTESIAN_POINT('',(-4164.50888788294,2089.54503705521,5.));
#16283=CARTESIAN_POINT('',(-4164.50888788294,2089.54503705521,0.));
#16284=CARTESIAN_POINT('Origin',(-4163.9237967094,2089.48974358678,0.));
#16285=CARTESIAN_POINT('',(-4163.9237967094,2089.48974358678,0.));
#16286=CARTESIAN_POINT('',(-4163.9237967094,2089.48974358678,0.));
#16287=CARTESIAN_POINT('',(-4163.9237967094,2089.48974358678,5.));
#16288=CARTESIAN_POINT('',(-4163.9237967094,2089.48974358678,5.));
#16289=CARTESIAN_POINT('',(-4163.9237967094,2089.48974358678,0.));
#16290=CARTESIAN_POINT('Origin',(-4163.45247373948,2089.39261671665,0.));
#16291=CARTESIAN_POINT('',(-4163.45247373948,2089.39261671665,0.));
#16292=CARTESIAN_POINT('',(-4163.45247373948,2089.39261671665,0.));
#16293=CARTESIAN_POINT('',(-4163.45247373948,2089.39261671665,5.));
#16294=CARTESIAN_POINT('',(-4163.45247373948,2089.39261671665,5.));
#16295=CARTESIAN_POINT('',(-4163.45247373948,2089.39261671665,0.));
#16296=CARTESIAN_POINT('Origin',(-4163.37854917873,2089.36857582122,0.));
#16297=CARTESIAN_POINT('',(-4163.37854917873,2089.36857582122,0.));
#16298=CARTESIAN_POINT('',(-4163.16651544838,2089.29962065006,0.));
#16299=CARTESIAN_POINT('',(-4163.37854917873,2089.36857582122,5.));
#16300=CARTESIAN_POINT('',(-4163.16651544838,2089.29962065006,5.));
#16301=CARTESIAN_POINT('',(-4163.37854917873,2089.36857582122,0.));
#16302=CARTESIAN_POINT('Origin',(-4144.77587938444,2081.30732587452,0.));
#16303=CARTESIAN_POINT('',(-4162.82301382259,2090.54550820383,0.));
#16304=CARTESIAN_POINT('Origin',(-4144.77587938444,2081.30732587452,0.));
#16305=CARTESIAN_POINT('',(-4162.82301382259,2090.54550820383,5.));
#16306=CARTESIAN_POINT('Origin',(-4144.77587938444,2081.30732587452,5.));
#16307=CARTESIAN_POINT('',(-4162.82301382259,2090.54550820383,0.));
#16308=CARTESIAN_POINT('Origin',(-4162.98171086589,2090.64462151835,0.));
#16309=CARTESIAN_POINT('',(-4162.98171086589,2090.64462151835,0.));
#16310=CARTESIAN_POINT('',(-4162.98171086589,2090.64462151835,0.));
#16311=CARTESIAN_POINT('',(-4162.98171086589,2090.64462151835,5.));
#16312=CARTESIAN_POINT('',(-4162.98171086589,2090.64462151835,5.));
#16313=CARTESIAN_POINT('',(-4162.98171086589,2090.64462151835,0.));
#16314=CARTESIAN_POINT('Origin',(-4163.26541975005,2090.87528437727,0.));
#16315=CARTESIAN_POINT('',(-4163.26541975005,2090.87528437727,0.));
#16316=CARTESIAN_POINT('',(-4163.26541975005,2090.87528437727,0.));
#16317=CARTESIAN_POINT('',(-4163.26541975005,2090.87528437727,5.));
#16318=CARTESIAN_POINT('',(-4163.26541975005,2090.87528437727,5.));
#16319=CARTESIAN_POINT('',(-4163.26541975005,2090.87528437727,0.));
#16320=CARTESIAN_POINT('Origin',(-4163.39873657817,2091.00550052143,0.));
#16321=CARTESIAN_POINT('',(-4163.39873657817,2091.00550052143,0.));
#16322=CARTESIAN_POINT('',(-4163.39873657817,2091.00550052143,0.));
#16323=CARTESIAN_POINT('',(-4163.39873657817,2091.00550052143,5.));
#16324=CARTESIAN_POINT('',(-4163.39873657817,2091.00550052143,5.));
#16325=CARTESIAN_POINT('',(-4163.39873657817,2091.00550052143,0.));
#16326=CARTESIAN_POINT('Origin',(-4163.69228562248,2091.30196365202,0.));
#16327=CARTESIAN_POINT('',(-4163.69228562248,2091.30196365202,0.));
#16328=CARTESIAN_POINT('',(-4163.69228562248,2091.30196365202,0.));
#16329=CARTESIAN_POINT('',(-4163.69228562248,2091.30196365202,5.));
#16330=CARTESIAN_POINT('',(-4163.69228562248,2091.30196365202,5.));
#16331=CARTESIAN_POINT('',(-4163.69228562248,2091.30196365202,0.));
#16332=CARTESIAN_POINT('Origin',(-4163.83513336937,2091.45875176744,0.));
#16333=CARTESIAN_POINT('',(-4163.83513336937,2091.45875176744,0.));
#16334=CARTESIAN_POINT('',(-4163.83513336937,2091.45875176744,0.));
#16335=CARTESIAN_POINT('',(-4163.83513336937,2091.45875176744,5.));
#16336=CARTESIAN_POINT('',(-4163.83513336937,2091.45875176744,5.));
#16337=CARTESIAN_POINT('',(-4163.83513336937,2091.45875176744,0.));
#16338=CARTESIAN_POINT('Origin',(-4164.28704832363,2092.02985686337,0.));
#16339=CARTESIAN_POINT('',(-4164.28704832363,2092.02985686337,0.));
#16340=CARTESIAN_POINT('',(-4164.28704832363,2092.02985686337,0.));
#16341=CARTESIAN_POINT('',(-4164.28704832363,2092.02985686337,5.));
#16342=CARTESIAN_POINT('',(-4164.28704832363,2092.02985686337,5.));
#16343=CARTESIAN_POINT('',(-4164.28704832363,2092.02985686337,0.));
#16344=CARTESIAN_POINT('Origin',(-4164.54913083232,2092.3835136077,0.));
#16345=CARTESIAN_POINT('',(-4164.54913083232,2092.3835136077,0.));
#16346=CARTESIAN_POINT('',(-4164.54913083232,2092.3835136077,0.));
#16347=CARTESIAN_POINT('',(-4164.54913083232,2092.3835136077,5.));
#16348=CARTESIAN_POINT('',(-4164.54913083232,2092.3835136077,5.));
#16349=CARTESIAN_POINT('',(-4164.54913083232,2092.3835136077,0.));
#16350=CARTESIAN_POINT('Origin',(-4164.14703591294,2093.07892768371,0.));
#16351=CARTESIAN_POINT('',(-4164.14703591294,2093.07892768371,0.));
#16352=CARTESIAN_POINT('',(-4164.14703591294,2093.07892768371,0.));
#16353=CARTESIAN_POINT('',(-4164.14703591294,2093.07892768371,5.));
#16354=CARTESIAN_POINT('',(-4164.14703591294,2093.07892768371,5.));
#16355=CARTESIAN_POINT('',(-4164.14703591294,2093.07892768371,0.));
#16356=CARTESIAN_POINT('Origin',(-4163.91934354598,2093.05269884869,0.));
#16357=CARTESIAN_POINT('',(-4163.91934354598,2093.05269884869,0.));
#16358=CARTESIAN_POINT('',(-4163.91934354598,2093.05269884869,0.));
#16359=CARTESIAN_POINT('',(-4163.91934354598,2093.05269884869,5.));
#16360=CARTESIAN_POINT('',(-4163.91934354598,2093.05269884869,5.));
#16361=CARTESIAN_POINT('',(-4163.91934354598,2093.05269884869,0.));
#16362=CARTESIAN_POINT('Origin',(-4163.36031421785,2092.99200687764,0.));
#16363=CARTESIAN_POINT('',(-4163.36031421785,2092.99200687764,0.));
#16364=CARTESIAN_POINT('',(-4163.36031421785,2092.99200687764,0.));
#16365=CARTESIAN_POINT('',(-4163.36031421785,2092.99200687764,5.));
#16366=CARTESIAN_POINT('',(-4163.36031421785,2092.99200687764,5.));
#16367=CARTESIAN_POINT('',(-4163.36031421785,2092.99200687764,0.));
#16368=CARTESIAN_POINT('Origin',(-4162.92428394811,2092.90888961101,0.));
#16369=CARTESIAN_POINT('',(-4162.92428394811,2092.90888961101,0.));
#16370=CARTESIAN_POINT('',(-4162.92428394811,2092.90888961101,0.));
#16371=CARTESIAN_POINT('',(-4162.92428394811,2092.90888961101,5.));
#16372=CARTESIAN_POINT('',(-4162.92428394811,2092.90888961101,5.));
#16373=CARTESIAN_POINT('',(-4162.92428394811,2092.90888961101,0.));
#16374=CARTESIAN_POINT('Origin',(-4162.77862187797,2092.88253683183,0.));
#16375=CARTESIAN_POINT('',(-4162.77862187797,2092.88253683183,0.));
#16376=CARTESIAN_POINT('',(-4162.77862187797,2092.88253683183,0.));
#16377=CARTESIAN_POINT('',(-4162.77862187797,2092.88253683183,5.));
#16378=CARTESIAN_POINT('',(-4162.77862187797,2092.88253683183,5.));
#16379=CARTESIAN_POINT('',(-4162.77862187797,2092.88253683183,0.));
#16380=CARTESIAN_POINT('Origin',(-4162.21202116408,2092.72648337938,0.));
#16381=CARTESIAN_POINT('',(-4162.21202116408,2092.72648337938,0.));
#16382=CARTESIAN_POINT('',(-4162.21202116408,2092.72648337938,0.));
#16383=CARTESIAN_POINT('',(-4162.21202116408,2092.72648337938,5.));
#16384=CARTESIAN_POINT('',(-4162.21202116408,2092.72648337938,5.));
#16385=CARTESIAN_POINT('',(-4162.21202116408,2092.72648337938,0.));
#16386=CARTESIAN_POINT('Origin',(-4161.76472455313,2092.54898770984,0.));
#16387=CARTESIAN_POINT('',(-4161.76472455313,2092.54898770984,0.));
#16388=CARTESIAN_POINT('',(-4161.76472455313,2092.54898770984,0.));
#16389=CARTESIAN_POINT('',(-4161.76472455313,2092.54898770984,5.));
#16390=CARTESIAN_POINT('',(-4161.76472455313,2092.54898770984,5.));
#16391=CARTESIAN_POINT('',(-4161.76472455313,2092.54898770984,0.));
#16392=CARTESIAN_POINT('Origin',(-4161.6784749422,2092.50309907645,0.));
#16393=CARTESIAN_POINT('',(-4161.6784749422,2092.50309907645,0.));
#16394=CARTESIAN_POINT('',(-4161.4992592085,2092.40774832632,0.));
#16395=CARTESIAN_POINT('',(-4161.6784749422,2092.50309907645,5.));
#16396=CARTESIAN_POINT('',(-4161.4992592085,2092.40774832632,5.));
#16397=CARTESIAN_POINT('',(-4161.6784749422,2092.50309907645,0.));
#16398=CARTESIAN_POINT('Origin',(-4144.77587938444,2081.30732587452,0.));
#16399=CARTESIAN_POINT('',(-4160.92840055483,2093.5604533944,0.));
#16400=CARTESIAN_POINT('Origin',(-4144.77587938444,2081.30732587452,0.));
#16401=CARTESIAN_POINT('',(-4160.92840055483,2093.5604533944,5.));
#16402=CARTESIAN_POINT('Origin',(-4144.77587938444,2081.30732587452,5.));
#16403=CARTESIAN_POINT('',(-4160.92840055483,2093.5604533944,0.));
#16404=CARTESIAN_POINT('Origin',(-4161.08370527313,2093.70022463024,0.));
#16405=CARTESIAN_POINT('',(-4161.08370527313,2093.70022463024,0.));
#16406=CARTESIAN_POINT('',(-4161.08370527313,2093.70022463024,0.));
#16407=CARTESIAN_POINT('',(-4161.08370527313,2093.70022463024,5.));
#16408=CARTESIAN_POINT('',(-4161.08370527313,2093.70022463024,5.));
#16409=CARTESIAN_POINT('',(-4161.08370527313,2093.70022463024,0.));
#16410=CARTESIAN_POINT('Origin',(-4161.32304979675,2093.97664873277,0.));
#16411=CARTESIAN_POINT('',(-4161.32304979675,2093.97664873277,0.));
#16412=CARTESIAN_POINT('',(-4161.32304979675,2093.97664873277,0.));
#16413=CARTESIAN_POINT('',(-4161.32304979675,2093.97664873277,5.));
#16414=CARTESIAN_POINT('',(-4161.32304979675,2093.97664873277,5.));
#16415=CARTESIAN_POINT('',(-4161.32304979675,2093.97664873277,0.));
#16416=CARTESIAN_POINT('Origin',(-4161.43172944655,2094.12803682536,0.));
#16417=CARTESIAN_POINT('',(-4161.43172944655,2094.12803682536,0.));
#16418=CARTESIAN_POINT('',(-4161.43172944655,2094.12803682536,0.));
#16419=CARTESIAN_POINT('',(-4161.43172944655,2094.12803682536,5.));
#16420=CARTESIAN_POINT('',(-4161.43172944655,2094.12803682536,5.));
#16421=CARTESIAN_POINT('',(-4161.43172944655,2094.12803682536,0.));
#16422=CARTESIAN_POINT('Origin',(-4161.66933853891,2094.47097027144,0.));
#16423=CARTESIAN_POINT('',(-4161.66933853891,2094.47097027144,0.));
#16424=CARTESIAN_POINT('',(-4161.66933853891,2094.47097027144,0.));
#16425=CARTESIAN_POINT('',(-4161.66933853891,2094.47097027144,5.));
#16426=CARTESIAN_POINT('',(-4161.66933853891,2094.47097027144,5.));
#16427=CARTESIAN_POINT('',(-4161.66933853891,2094.47097027144,0.));
#16428=CARTESIAN_POINT('Origin',(-4161.78279013702,2094.65018167402,0.));
#16429=CARTESIAN_POINT('',(-4161.78279013702,2094.65018167402,0.));
#16430=CARTESIAN_POINT('',(-4161.78279013702,2094.65018167402,0.));
#16431=CARTESIAN_POINT('',(-4161.78279013702,2094.65018167402,5.));
#16432=CARTESIAN_POINT('',(-4161.78279013702,2094.65018167402,5.));
#16433=CARTESIAN_POINT('',(-4161.78279013702,2094.65018167402,0.));
#16434=CARTESIAN_POINT('Origin',(-4162.12866812851,2095.29108460854,0.));
#16435=CARTESIAN_POINT('',(-4162.12866812851,2095.29108460854,0.));
#16436=CARTESIAN_POINT('',(-4162.12866812851,2095.29108460854,0.));
#16437=CARTESIAN_POINT('',(-4162.12866812851,2095.29108460854,5.));
#16438=CARTESIAN_POINT('',(-4162.12866812851,2095.29108460854,5.));
#16439=CARTESIAN_POINT('',(-4162.12866812851,2095.29108460854,0.));
#16440=CARTESIAN_POINT('Origin',(-4162.32535716583,2095.6848786623,0.));
#16441=CARTESIAN_POINT('',(-4162.32535716583,2095.6848786623,0.));
#16442=CARTESIAN_POINT('',(-4162.32535716583,2095.6848786623,0.));
#16443=CARTESIAN_POINT('',(-4162.32535716583,2095.6848786623,5.));
#16444=CARTESIAN_POINT('',(-4162.32535716583,2095.6848786623,5.));
#16445=CARTESIAN_POINT('',(-4162.32535716583,2095.6848786623,0.));
#16446=CARTESIAN_POINT('Origin',(-4161.80861358476,2096.2999047859,0.));
#16447=CARTESIAN_POINT('',(-4161.80861358476,2096.2999047859,0.));
#16448=CARTESIAN_POINT('',(-4161.80861358476,2096.2999047859,0.));
#16449=CARTESIAN_POINT('',(-4161.80861358476,2096.2999047859,5.));
#16450=CARTESIAN_POINT('',(-4161.80861358476,2096.2999047859,5.));
#16451=CARTESIAN_POINT('',(-4161.80861358476,2096.2999047859,0.));
#16452=CARTESIAN_POINT('Origin',(-4161.58893496588,2096.23453606123,0.));
#16453=CARTESIAN_POINT('',(-4161.58893496588,2096.23453606123,0.));
#16454=CARTESIAN_POINT('',(-4161.58893496588,2096.23453606123,0.));
#16455=CARTESIAN_POINT('',(-4161.58893496588,2096.23453606123,5.));
#16456=CARTESIAN_POINT('',(-4161.58893496588,2096.23453606123,5.));
#16457=CARTESIAN_POINT('',(-4161.58893496588,2096.23453606123,0.));
#16458=CARTESIAN_POINT('Origin',(-4161.04893759954,2096.0776917135,0.));
#16459=CARTESIAN_POINT('',(-4161.04893759954,2096.0776917135,0.));
#16460=CARTESIAN_POINT('',(-4161.04893759954,2096.0776917135,0.));
#16461=CARTESIAN_POINT('',(-4161.04893759954,2096.0776917135,5.));
#16462=CARTESIAN_POINT('',(-4161.04893759954,2096.0776917135,5.));
#16463=CARTESIAN_POINT('',(-4161.04893759954,2096.0776917135,0.));
#16464=CARTESIAN_POINT('Origin',(-4160.63396477123,2095.92012132317,0.));
#16465=CARTESIAN_POINT('',(-4160.63396477123,2095.92012132317,0.));
#16466=CARTESIAN_POINT('',(-4160.63396477123,2095.92012132317,0.));
#16467=CARTESIAN_POINT('',(-4160.63396477123,2095.92012132317,5.));
#16468=CARTESIAN_POINT('',(-4160.63396477123,2095.92012132317,5.));
#16469=CARTESIAN_POINT('',(-4160.63396477123,2095.92012132317,0.));
#16470=CARTESIAN_POINT('Origin',(-4160.49509174732,2095.86887494889,0.));
#16471=CARTESIAN_POINT('',(-4160.49509174732,2095.86887494889,0.));
#16472=CARTESIAN_POINT('',(-4160.49509174732,2095.86887494889,0.));
#16473=CARTESIAN_POINT('',(-4160.49509174732,2095.86887494889,5.));
#16474=CARTESIAN_POINT('',(-4160.49509174732,2095.86887494889,5.));
#16475=CARTESIAN_POINT('',(-4160.49509174732,2095.86887494889,0.));
#16476=CARTESIAN_POINT('Origin',(-4159.96419736906,2095.61680311759,0.));
#16477=CARTESIAN_POINT('',(-4159.96419736906,2095.61680311759,0.));
#16478=CARTESIAN_POINT('',(-4159.96419736906,2095.61680311759,0.));
#16479=CARTESIAN_POINT('',(-4159.96419736906,2095.61680311759,5.));
#16480=CARTESIAN_POINT('',(-4159.96419736906,2095.61680311759,5.));
#16481=CARTESIAN_POINT('',(-4159.96419736906,2095.61680311759,0.));
#16482=CARTESIAN_POINT('Origin',(-4159.55451799826,2095.36433176474,0.));
#16483=CARTESIAN_POINT('',(-4159.55451799826,2095.36433176474,0.));
#16484=CARTESIAN_POINT('',(-4159.55451799826,2095.36433176474,0.));
#16485=CARTESIAN_POINT('',(-4159.55451799826,2095.36433176474,5.));
#16486=CARTESIAN_POINT('',(-4159.55451799826,2095.36433176474,5.));
#16487=CARTESIAN_POINT('',(-4159.55451799826,2095.36433176474,0.));
#16488=CARTESIAN_POINT('Origin',(-4159.45789199884,2095.28879860699,0.));
#16489=CARTESIAN_POINT('',(-4159.45789199884,2095.28879860699,0.));
#16490=CARTESIAN_POINT('',(-4159.31761163028,2095.17914055149,0.));
#16491=CARTESIAN_POINT('',(-4159.45789199884,2095.28879860699,5.));
#16492=CARTESIAN_POINT('',(-4159.31761163028,2095.17914055149,5.));
#16493=CARTESIAN_POINT('',(-4159.45789199884,2095.28879860699,0.));
#16494=CARTESIAN_POINT('Origin',(-4144.77587938444,2081.30732587452,0.));
#16495=CARTESIAN_POINT('',(-4158.53891672816,2096.19429592399,0.));
#16496=CARTESIAN_POINT('Origin',(-4144.77587938444,2081.30732587452,0.));
#16497=CARTESIAN_POINT('',(-4158.53891672816,2096.19429592399,5.));
#16498=CARTESIAN_POINT('Origin',(-4144.77587938444,2081.30732587452,5.));
#16499=CARTESIAN_POINT('',(-4158.53891672816,2096.19429592399,0.));
#16500=CARTESIAN_POINT('Origin',(-4158.68393473807,2096.37982105258,0.));
#16501=CARTESIAN_POINT('',(-4158.68393473807,2096.37982105258,0.));
#16502=CARTESIAN_POINT('',(-4158.68393473807,2096.37982105258,0.));
#16503=CARTESIAN_POINT('',(-4158.68393473807,2096.37982105258,5.));
#16504=CARTESIAN_POINT('',(-4158.68393473807,2096.37982105258,5.));
#16505=CARTESIAN_POINT('',(-4158.68393473807,2096.37982105258,0.));
#16506=CARTESIAN_POINT('Origin',(-4158.8716425389,2096.69360739222,0.));
#16507=CARTESIAN_POINT('',(-4158.8716425389,2096.69360739222,0.));
#16508=CARTESIAN_POINT('',(-4158.8716425389,2096.69360739222,0.));
#16509=CARTESIAN_POINT('',(-4158.8716425389,2096.69360739222,5.));
#16510=CARTESIAN_POINT('',(-4158.8716425389,2096.69360739222,5.));
#16511=CARTESIAN_POINT('',(-4158.8716425389,2096.69360739222,0.));
#16512=CARTESIAN_POINT('Origin',(-4158.95238283423,2096.86156758266,0.));
#16513=CARTESIAN_POINT('',(-4158.95238283423,2096.86156758266,0.));
#16514=CARTESIAN_POINT('',(-4158.95238283423,2096.86156758266,0.));
#16515=CARTESIAN_POINT('',(-4158.95238283423,2096.86156758266,5.));
#16516=CARTESIAN_POINT('',(-4158.95238283423,2096.86156758266,5.));
#16517=CARTESIAN_POINT('',(-4158.95238283423,2096.86156758266,0.));
#16518=CARTESIAN_POINT('Origin',(-4159.1268323426,2097.24055148502,0.));
#16519=CARTESIAN_POINT('',(-4159.1268323426,2097.24055148502,0.));
#16520=CARTESIAN_POINT('',(-4159.1268323426,2097.24055148502,0.));
#16521=CARTESIAN_POINT('',(-4159.1268323426,2097.24055148502,5.));
#16522=CARTESIAN_POINT('',(-4159.1268323426,2097.24055148502,5.));
#16523=CARTESIAN_POINT('',(-4159.1268323426,2097.24055148502,0.));
#16524=CARTESIAN_POINT('Origin',(-4159.20744062253,2097.43674092697,0.));
#16525=CARTESIAN_POINT('',(-4159.20744062253,2097.43674092697,0.));
#16526=CARTESIAN_POINT('',(-4159.20744062253,2097.43674092697,0.));
#16527=CARTESIAN_POINT('',(-4159.20744062253,2097.43674092697,5.));
#16528=CARTESIAN_POINT('',(-4159.20744062253,2097.43674092697,5.));
#16529=CARTESIAN_POINT('',(-4159.20744062253,2097.43674092697,0.));
#16530=CARTESIAN_POINT('Origin',(-4159.43677232351,2098.12796818873,0.));
#16531=CARTESIAN_POINT('',(-4159.43677232351,2098.12796818873,0.));
#16532=CARTESIAN_POINT('',(-4159.43677232351,2098.12796818873,0.));
#16533=CARTESIAN_POINT('',(-4159.43677232351,2098.12796818873,5.));
#16534=CARTESIAN_POINT('',(-4159.43677232351,2098.12796818873,5.));
#16535=CARTESIAN_POINT('',(-4159.43677232351,2098.12796818873,0.));
#16536=CARTESIAN_POINT('Origin',(-4159.56209159258,2098.54993431886,0.));
#16537=CARTESIAN_POINT('',(-4159.56209159258,2098.54993431886,0.));
#16538=CARTESIAN_POINT('',(-4159.56209159258,2098.54993431886,0.));
#16539=CARTESIAN_POINT('',(-4159.56209159258,2098.54993431886,5.));
#16540=CARTESIAN_POINT('',(-4159.56209159258,2098.54993431886,5.));
#16541=CARTESIAN_POINT('',(-4159.56209159258,2098.54993431886,0.));
#16542=CARTESIAN_POINT('Origin',(-4158.94640034204,2099.06588523251,0.));
#16543=CARTESIAN_POINT('',(-4158.94640034204,2099.06588523251,0.));
#16544=CARTESIAN_POINT('',(-4158.94640034204,2099.06588523251,0.));
#16545=CARTESIAN_POINT('',(-4158.94640034204,2099.06588523251,5.));
#16546=CARTESIAN_POINT('',(-4158.94640034204,2099.06588523251,5.));
#16547=CARTESIAN_POINT('',(-4158.94640034204,2099.06588523251,0.));
#16548=CARTESIAN_POINT('Origin',(-4158.74141029491,2098.96336281382,0.));
#16549=CARTESIAN_POINT('',(-4158.74141029491,2098.96336281382,0.));
#16550=CARTESIAN_POINT('',(-4158.74141029491,2098.96336281382,0.));
#16551=CARTESIAN_POINT('',(-4158.74141029491,2098.96336281382,5.));
#16552=CARTESIAN_POINT('',(-4158.74141029491,2098.96336281382,5.));
#16553=CARTESIAN_POINT('',(-4158.74141029491,2098.96336281382,0.));
#16554=CARTESIAN_POINT('Origin',(-4158.2368524371,2098.71513172554,0.));
#16555=CARTESIAN_POINT('',(-4158.2368524371,2098.71513172554,0.));
#16556=CARTESIAN_POINT('',(-4158.2368524371,2098.71513172554,0.));
#16557=CARTESIAN_POINT('',(-4158.2368524371,2098.71513172554,5.));
#16558=CARTESIAN_POINT('',(-4158.2368524371,2098.71513172554,5.));
#16559=CARTESIAN_POINT('',(-4158.2368524371,2098.71513172554,0.));
#16560=CARTESIAN_POINT('Origin',(-4157.85554578963,2098.48789590808,0.));
#16561=CARTESIAN_POINT('',(-4157.85554578963,2098.48789590808,0.));
#16562=CARTESIAN_POINT('',(-4157.85554578963,2098.48789590808,0.));
#16563=CARTESIAN_POINT('',(-4157.85554578963,2098.48789590808,5.));
#16564=CARTESIAN_POINT('',(-4157.85554578963,2098.48789590808,5.));
#16565=CARTESIAN_POINT('',(-4157.85554578963,2098.48789590808,0.));
#16566=CARTESIAN_POINT('Origin',(-4157.7276813985,2098.41331303385,0.));
#16567=CARTESIAN_POINT('',(-4157.7276813985,2098.41331303385,0.));
#16568=CARTESIAN_POINT('',(-4157.7276813985,2098.41331303385,0.));
#16569=CARTESIAN_POINT('',(-4157.7276813985,2098.41331303385,5.));
#16570=CARTESIAN_POINT('',(-4157.7276813985,2098.41331303385,5.));
#16571=CARTESIAN_POINT('',(-4157.7276813985,2098.41331303385,0.));
#16572=CARTESIAN_POINT('Origin',(-4157.2486243129,2098.07288189875,0.));
#16573=CARTESIAN_POINT('',(-4157.2486243129,2098.07288189875,0.));
#16574=CARTESIAN_POINT('',(-4157.2486243129,2098.07288189875,0.));
#16575=CARTESIAN_POINT('',(-4157.2486243129,2098.07288189875,5.));
#16576=CARTESIAN_POINT('',(-4157.2486243129,2098.07288189875,5.));
#16577=CARTESIAN_POINT('',(-4157.2486243129,2098.07288189875,0.));
#16578=CARTESIAN_POINT('Origin',(-4156.88901008262,2097.75310607688,0.));
#16579=CARTESIAN_POINT('',(-4156.88901008262,2097.75310607688,0.));
#16580=CARTESIAN_POINT('',(-4156.88901008262,2097.75310607688,0.));
#16581=CARTESIAN_POINT('',(-4156.88901008262,2097.75310607688,5.));
#16582=CARTESIAN_POINT('',(-4156.88901008262,2097.75310607688,5.));
#16583=CARTESIAN_POINT('',(-4156.88901008262,2097.75310607688,0.));
#16584=CARTESIAN_POINT('Origin',(-4156.78746226605,2097.64026654228,0.));
#16585=CARTESIAN_POINT('',(-4156.78746226605,2097.64026654228,0.));
#16586=CARTESIAN_POINT('',(-4156.6878609714,2097.5295899752,0.));
#16587=CARTESIAN_POINT('',(-4156.78746226605,2097.64026654228,5.));
#16588=CARTESIAN_POINT('',(-4156.6878609714,2097.5295899752,5.));
#16589=CARTESIAN_POINT('',(-4156.78746226605,2097.64026654228,0.));
#16590=CARTESIAN_POINT('Origin',(-4144.77587938444,2081.30732587452,0.));
#16591=CARTESIAN_POINT('',(-4155.7304284868,2098.36724756667,0.));
#16592=CARTESIAN_POINT('Origin',(-4144.77587938444,2081.30732587452,0.));
#16593=CARTESIAN_POINT('',(-4155.7304284868,2098.36724756667,5.));
#16594=CARTESIAN_POINT('Origin',(-4144.77587938444,2081.30732587452,5.));
#16595=CARTESIAN_POINT('',(-4155.7304284868,2098.36724756667,0.));
#16596=CARTESIAN_POINT('Origin',(-4155.85531507408,2098.60199260401,0.));
#16597=CARTESIAN_POINT('',(-4155.85531507408,2098.60199260401,0.));
#16598=CARTESIAN_POINT('',(-4155.85531507408,2098.60199260401,0.));
#16599=CARTESIAN_POINT('',(-4155.85531507408,2098.60199260401,5.));
#16600=CARTESIAN_POINT('',(-4155.85531507408,2098.60199260401,5.));
#16601=CARTESIAN_POINT('',(-4155.85531507408,2098.60199260401,0.));
#16602=CARTESIAN_POINT('Origin',(-4155.98568274558,2098.94360694163,0.));
#16603=CARTESIAN_POINT('',(-4155.98568274558,2098.94360694163,0.));
#16604=CARTESIAN_POINT('',(-4155.98568274558,2098.94360694163,0.));
#16605=CARTESIAN_POINT('',(-4155.98568274558,2098.94360694163,5.));
#16606=CARTESIAN_POINT('',(-4155.98568274558,2098.94360694163,5.));
#16607=CARTESIAN_POINT('',(-4155.98568274558,2098.94360694163,0.));
#16608=CARTESIAN_POINT('Origin',(-4156.0360304334,2099.12303584451,0.));
#16609=CARTESIAN_POINT('',(-4156.0360304334,2099.12303584451,0.));
#16610=CARTESIAN_POINT('',(-4156.0360304334,2099.12303584451,0.));
#16611=CARTESIAN_POINT('',(-4156.0360304334,2099.12303584451,5.));
#16612=CARTESIAN_POINT('',(-4156.0360304334,2099.12303584451,5.));
#16613=CARTESIAN_POINT('',(-4156.0360304334,2099.12303584451,0.));
#16614=CARTESIAN_POINT('Origin',(-4156.14201979775,2099.52655496905,0.));
#16615=CARTESIAN_POINT('',(-4156.14201979775,2099.52655496905,0.));
#16616=CARTESIAN_POINT('',(-4156.14201979775,2099.52655496905,0.));
#16617=CARTESIAN_POINT('',(-4156.14201979775,2099.52655496905,5.));
#16618=CARTESIAN_POINT('',(-4156.14201979775,2099.52655496905,5.));
#16619=CARTESIAN_POINT('',(-4156.14201979775,2099.52655496905,0.));
#16620=CARTESIAN_POINT('Origin',(-4156.18733551771,2099.73376133346,0.));
#16621=CARTESIAN_POINT('',(-4156.18733551771,2099.73376133346,0.));
#16622=CARTESIAN_POINT('',(-4156.18733551771,2099.73376133346,0.));
#16623=CARTESIAN_POINT('',(-4156.18733551771,2099.73376133346,5.));
#16624=CARTESIAN_POINT('',(-4156.18733551771,2099.73376133346,5.));
#16625=CARTESIAN_POINT('',(-4156.18733551771,2099.73376133346,0.));
#16626=CARTESIAN_POINT('Origin',(-4156.29315280049,2100.45431033189,0.));
#16627=CARTESIAN_POINT('',(-4156.29315280049,2100.45431033189,0.));
#16628=CARTESIAN_POINT('',(-4156.29315280049,2100.45431033189,0.));
#16629=CARTESIAN_POINT('',(-4156.29315280049,2100.45431033189,5.));
#16630=CARTESIAN_POINT('',(-4156.29315280049,2100.45431033189,5.));
#16631=CARTESIAN_POINT('',(-4156.29315280049,2100.45431033189,0.));
#16632=CARTESIAN_POINT('Origin',(-4156.34329453874,2100.89162731104,0.));
#16633=CARTESIAN_POINT('',(-4156.34329453874,2100.89162731104,0.));
#16634=CARTESIAN_POINT('',(-4156.34329453874,2100.89162731104,0.));
#16635=CARTESIAN_POINT('',(-4156.34329453874,2100.89162731104,5.));
#16636=CARTESIAN_POINT('',(-4156.34329453874,2100.89162731104,5.));
#16637=CARTESIAN_POINT('',(-4156.34329453874,2100.89162731104,0.));
#16638=CARTESIAN_POINT('Origin',(-4155.64736308582,2101.29282610733,0.));
#16639=CARTESIAN_POINT('',(-4155.64736308582,2101.29282610733,0.));
#16640=CARTESIAN_POINT('',(-4155.64736308582,2101.29282610733,0.));
#16641=CARTESIAN_POINT('',(-4155.64736308582,2101.29282610733,5.));
#16642=CARTESIAN_POINT('',(-4155.64736308582,2101.29282610733,5.));
#16643=CARTESIAN_POINT('',(-4155.64736308582,2101.29282610733,0.));
#16644=CARTESIAN_POINT('Origin',(-4155.46329012929,2101.15626508641,0.));
#16645=CARTESIAN_POINT('',(-4155.46329012929,2101.15626508641,0.));
#16646=CARTESIAN_POINT('',(-4155.46329012929,2101.15626508641,0.));
#16647=CARTESIAN_POINT('',(-4155.46329012929,2101.15626508641,5.));
#16648=CARTESIAN_POINT('',(-4155.46329012929,2101.15626508641,5.));
#16649=CARTESIAN_POINT('',(-4155.46329012929,2101.15626508641,0.));
#16650=CARTESIAN_POINT('Origin',(-4155.00950251519,2100.8241896336,0.));
#16651=CARTESIAN_POINT('',(-4155.00950251519,2100.8241896336,0.));
#16652=CARTESIAN_POINT('',(-4155.00950251519,2100.8241896336,0.));
#16653=CARTESIAN_POINT('',(-4155.00950251519,2100.8241896336,5.));
#16654=CARTESIAN_POINT('',(-4155.00950251519,2100.8241896336,5.));
#16655=CARTESIAN_POINT('',(-4155.00950251519,2100.8241896336,0.));
#16656=CARTESIAN_POINT('Origin',(-4154.67344785809,2100.53419283434,0.));
#16657=CARTESIAN_POINT('',(-4154.67344785809,2100.53419283434,0.));
#16658=CARTESIAN_POINT('',(-4154.67344785809,2100.53419283434,0.));
#16659=CARTESIAN_POINT('',(-4154.67344785809,2100.53419283434,5.));
#16660=CARTESIAN_POINT('',(-4154.67344785809,2100.53419283434,5.));
#16661=CARTESIAN_POINT('',(-4154.67344785809,2100.53419283434,0.));
#16662=CARTESIAN_POINT('Origin',(-4154.56047719457,2100.43853962305,0.));
#16663=CARTESIAN_POINT('',(-4154.56047719457,2100.43853962305,0.));
#16664=CARTESIAN_POINT('',(-4154.56047719457,2100.43853962305,0.));
#16665=CARTESIAN_POINT('',(-4154.56047719457,2100.43853962305,5.));
#16666=CARTESIAN_POINT('',(-4154.56047719457,2100.43853962305,5.));
#16667=CARTESIAN_POINT('',(-4154.56047719457,2100.43853962305,0.));
#16668=CARTESIAN_POINT('Origin',(-4154.14781330877,2100.02009301192,0.));
#16669=CARTESIAN_POINT('',(-4154.14781330877,2100.02009301192,0.));
#16670=CARTESIAN_POINT('',(-4154.14781330877,2100.02009301192,0.));
#16671=CARTESIAN_POINT('',(-4154.14781330877,2100.02009301192,5.));
#16672=CARTESIAN_POINT('',(-4154.14781330877,2100.02009301192,5.));
#16673=CARTESIAN_POINT('',(-4154.14781330877,2100.02009301192,0.));
#16674=CARTESIAN_POINT('Origin',(-4153.84919091543,2099.64272894757,0.));
#16675=CARTESIAN_POINT('',(-4153.84919091543,2099.64272894757,0.));
#16676=CARTESIAN_POINT('',(-4153.84919091543,2099.64272894757,0.));
#16677=CARTESIAN_POINT('',(-4153.84919091543,2099.64272894757,5.));
#16678=CARTESIAN_POINT('',(-4153.84919091543,2099.64272894757,5.));
#16679=CARTESIAN_POINT('',(-4153.84919091543,2099.64272894757,0.));
#16680=CARTESIAN_POINT('Origin',(-4153.75158155758,2099.48643049157,0.));
#16681=CARTESIAN_POINT('',(-4153.75158155758,2099.48643049157,0.));
#16682=CARTESIAN_POINT('',(-4153.68991087492,2099.38767938111,0.));
#16683=CARTESIAN_POINT('',(-4153.75158155758,2099.48643049157,5.));
#16684=CARTESIAN_POINT('',(-4153.68991087492,2099.38767938111,5.));
#16685=CARTESIAN_POINT('',(-4153.75158155758,2099.48643049157,0.));
#16686=CARTESIAN_POINT('Origin',(-4144.77587938444,2081.30732587452,0.));
#16687=CARTESIAN_POINT('',(-4152.59124873661,2100.01462594876,0.));
#16688=CARTESIAN_POINT('Origin',(-4144.77587938444,2081.30732587452,0.));
#16689=CARTESIAN_POINT('',(-4152.59124873661,2100.01462594876,5.));
#16690=CARTESIAN_POINT('Origin',(-4144.77587938444,2081.30732587452,5.));
#16691=CARTESIAN_POINT('',(-4152.59124873661,2100.01462594876,0.));
#16692=CARTESIAN_POINT('Origin',(-4152.68379245828,2100.29921972642,0.));
#16693=CARTESIAN_POINT('',(-4152.68379245828,2100.29921972642,0.));
#16694=CARTESIAN_POINT('',(-4152.68379245828,2100.29921972642,0.));
#16695=CARTESIAN_POINT('',(-4152.68379245828,2100.29921972642,5.));
#16696=CARTESIAN_POINT('',(-4152.68379245828,2100.29921972642,5.));
#16697=CARTESIAN_POINT('',(-4152.68379245828,2100.29921972642,0.));
#16698=CARTESIAN_POINT('Origin',(-4152.75285884473,2100.65828228323,0.));
#16699=CARTESIAN_POINT('',(-4152.75285884473,2100.65828228323,0.));
#16700=CARTESIAN_POINT('',(-4152.75285884473,2100.65828228323,0.));
#16701=CARTESIAN_POINT('',(-4152.75285884473,2100.65828228323,5.));
#16702=CARTESIAN_POINT('',(-4152.75285884473,2100.65828228323,5.));
#16703=CARTESIAN_POINT('',(-4152.75285884473,2100.65828228323,0.));
#16704=CARTESIAN_POINT('Origin',(-4152.77128413604,2100.84372804214,0.));
#16705=CARTESIAN_POINT('',(-4152.77128413604,2100.84372804214,0.));
#16706=CARTESIAN_POINT('',(-4152.77128413604,2100.84372804214,0.));
#16707=CARTESIAN_POINT('',(-4152.77128413604,2100.84372804214,5.));
#16708=CARTESIAN_POINT('',(-4152.77128413604,2100.84372804214,5.));
#16709=CARTESIAN_POINT('',(-4152.77128413604,2100.84372804214,0.));
#16710=CARTESIAN_POINT('Origin',(-4152.80559292315,2101.25952166444,0.));
#16711=CARTESIAN_POINT('',(-4152.80559292315,2101.25952166444,0.));
#16712=CARTESIAN_POINT('',(-4152.80559292315,2101.25952166444,0.));
#16713=CARTESIAN_POINT('',(-4152.80559292315,2101.25952166444,5.));
#16714=CARTESIAN_POINT('',(-4152.80559292315,2101.25952166444,5.));
#16715=CARTESIAN_POINT('',(-4152.80559292315,2101.25952166444,0.));
#16716=CARTESIAN_POINT('Origin',(-4152.81423918793,2101.47144909078,0.));
#16717=CARTESIAN_POINT('',(-4152.81423918793,2101.47144909078,0.));
#16718=CARTESIAN_POINT('',(-4152.81423918793,2101.47144909078,0.));
#16719=CARTESIAN_POINT('',(-4152.81423918793,2101.47144909078,5.));
#16720=CARTESIAN_POINT('',(-4152.81423918793,2101.47144909078,5.));
#16721=CARTESIAN_POINT('',(-4152.81423918793,2101.47144909078,0.));
#16722=CARTESIAN_POINT('Origin',(-4152.7933268479,2102.19942630918,0.));
#16723=CARTESIAN_POINT('',(-4152.7933268479,2102.19942630918,0.));
#16724=CARTESIAN_POINT('',(-4152.7933268479,2102.19942630918,0.));
#16725=CARTESIAN_POINT('',(-4152.7933268479,2102.19942630918,5.));
#16726=CARTESIAN_POINT('',(-4152.7933268479,2102.19942630918,5.));
#16727=CARTESIAN_POINT('',(-4152.7933268479,2102.19942630918,0.));
#16728=CARTESIAN_POINT('Origin',(-4152.76676752399,2102.63880648225,0.));
#16729=CARTESIAN_POINT('',(-4152.76676752399,2102.63880648225,0.));
#16730=CARTESIAN_POINT('',(-4152.76676752399,2102.63880648225,0.));
#16731=CARTESIAN_POINT('',(-4152.76676752399,2102.63880648225,5.));
#16732=CARTESIAN_POINT('',(-4152.76676752399,2102.63880648225,5.));
#16733=CARTESIAN_POINT('',(-4152.76676752399,2102.63880648225,0.));
#16734=CARTESIAN_POINT('Origin',(-4152.01174139374,2102.91306293874,0.));
#16735=CARTESIAN_POINT('',(-4152.01174139374,2102.91306293874,0.));
#16736=CARTESIAN_POINT('',(-4152.01174139374,2102.91306293874,0.));
#16737=CARTESIAN_POINT('',(-4152.01174139374,2102.91306293874,5.));
#16738=CARTESIAN_POINT('',(-4152.01174139374,2102.91306293874,5.));
#16739=CARTESIAN_POINT('',(-4152.01174139374,2102.91306293874,0.));
#16740=CARTESIAN_POINT('Origin',(-4151.85417849145,2102.74661265313,0.));
#16741=CARTESIAN_POINT('',(-4151.85417849145,2102.74661265313,0.));
#16742=CARTESIAN_POINT('',(-4151.85417849145,2102.74661265313,0.));
#16743=CARTESIAN_POINT('',(-4151.85417849145,2102.74661265313,5.));
#16744=CARTESIAN_POINT('',(-4151.85417849145,2102.74661265313,5.));
#16745=CARTESIAN_POINT('',(-4151.85417849145,2102.74661265313,0.));
#16746=CARTESIAN_POINT('Origin',(-4151.46494922809,2102.34078278038,0.));
#16747=CARTESIAN_POINT('',(-4151.46494922809,2102.34078278038,0.));
#16748=CARTESIAN_POINT('',(-4151.46494922809,2102.34078278038,0.));
#16749=CARTESIAN_POINT('',(-4151.46494922809,2102.34078278038,5.));
#16750=CARTESIAN_POINT('',(-4151.46494922809,2102.34078278038,5.));
#16751=CARTESIAN_POINT('',(-4151.46494922809,2102.34078278038,0.));
#16752=CARTESIAN_POINT('Origin',(-4151.18435741207,2101.99683640532,0.));
#16753=CARTESIAN_POINT('',(-4151.18435741207,2101.99683640532,0.));
#16754=CARTESIAN_POINT('',(-4151.18435741207,2101.99683640532,0.));
#16755=CARTESIAN_POINT('',(-4151.18435741207,2101.99683640532,5.));
#16756=CARTESIAN_POINT('',(-4151.18435741207,2101.99683640532,5.));
#16757=CARTESIAN_POINT('',(-4151.18435741207,2101.99683640532,0.));
#16758=CARTESIAN_POINT('Origin',(-4151.0897130326,2101.88301923138,0.));
#16759=CARTESIAN_POINT('',(-4151.0897130326,2101.88301923138,0.));
#16760=CARTESIAN_POINT('',(-4151.0897130326,2101.88301923138,0.));
#16761=CARTESIAN_POINT('',(-4151.0897130326,2101.88301923138,5.));
#16762=CARTESIAN_POINT('',(-4151.0897130326,2101.88301923138,5.));
#16763=CARTESIAN_POINT('',(-4151.0897130326,2101.88301923138,0.));
#16764=CARTESIAN_POINT('Origin',(-4150.75598092994,2101.39927143277,0.));
#16765=CARTESIAN_POINT('',(-4150.75598092994,2101.39927143277,0.));
#16766=CARTESIAN_POINT('',(-4150.75598092994,2101.39927143277,0.));
#16767=CARTESIAN_POINT('',(-4150.75598092994,2101.39927143277,5.));
#16768=CARTESIAN_POINT('',(-4150.75598092994,2101.39927143277,5.));
#16769=CARTESIAN_POINT('',(-4150.75598092994,2101.39927143277,0.));
#16770=CARTESIAN_POINT('Origin',(-4150.52742386385,2100.97578514207,0.));
#16771=CARTESIAN_POINT('',(-4150.52742386385,2100.97578514207,0.));
#16772=CARTESIAN_POINT('',(-4150.52742386385,2100.97578514207,0.));
#16773=CARTESIAN_POINT('',(-4150.52742386385,2100.97578514207,5.));
#16774=CARTESIAN_POINT('',(-4150.52742386385,2100.97578514207,5.));
#16775=CARTESIAN_POINT('',(-4150.52742386385,2100.97578514207,0.));
#16776=CARTESIAN_POINT('Origin',(-4150.44541933244,2100.77266406723,0.));
#16777=CARTESIAN_POINT('',(-4150.44541933244,2100.77266406723,0.));
#16778=CARTESIAN_POINT('',(-4150.41485253749,2100.69695166285,0.));
#16779=CARTESIAN_POINT('',(-4150.44541933244,2100.77266406723,5.));
#16780=CARTESIAN_POINT('',(-4150.41485253749,2100.69695166285,5.));
#16781=CARTESIAN_POINT('',(-4150.44541933244,2100.77266406723,0.));
#16782=CARTESIAN_POINT('Origin',(-4144.77587938444,2081.30732587452,0.));
#16783=CARTESIAN_POINT('',(-4149.21909464442,2101.08865323979,0.));
#16784=CARTESIAN_POINT('Origin',(-4144.77587938444,2081.30732587452,0.));
#16785=CARTESIAN_POINT('',(-4149.21909464442,2101.08865323979,5.));
#16786=CARTESIAN_POINT('Origin',(-4144.77587938444,2081.30732587452,5.));
#16787=CARTESIAN_POINT('',(-4149.21909464442,2101.08865323979,0.));
#16788=CARTESIAN_POINT('Origin',(-4149.2657320005,2101.41993303252,0.));
#16789=CARTESIAN_POINT('',(-4149.2657320005,2101.41993303252,0.));
#16790=CARTESIAN_POINT('',(-4149.2657320005,2101.41993303252,0.));
#16791=CARTESIAN_POINT('',(-4149.2657320005,2101.41993303252,5.));
#16792=CARTESIAN_POINT('',(-4149.2657320005,2101.41993303252,5.));
#16793=CARTESIAN_POINT('',(-4149.2657320005,2101.41993303252,0.));
#16794=CARTESIAN_POINT('Origin',(-4149.27139855469,2101.78553387443,0.));
#16795=CARTESIAN_POINT('',(-4149.27139855469,2101.78553387443,0.));
#16796=CARTESIAN_POINT('',(-4149.27139855469,2101.78553387443,0.));
#16797=CARTESIAN_POINT('',(-4149.27139855469,2101.78553387443,5.));
#16798=CARTESIAN_POINT('',(-4149.27139855469,2101.78553387443,5.));
#16799=CARTESIAN_POINT('',(-4149.27139855469,2101.78553387443,0.));
#16800=CARTESIAN_POINT('Origin',(-4149.25734160633,2101.97136181383,0.));
#16801=CARTESIAN_POINT('',(-4149.25734160633,2101.97136181383,0.));
#16802=CARTESIAN_POINT('',(-4149.25734160633,2101.97136181383,0.));
#16803=CARTESIAN_POINT('',(-4149.25734160633,2101.97136181383,5.));
#16804=CARTESIAN_POINT('',(-4149.25734160633,2101.97136181383,5.));
#16805=CARTESIAN_POINT('',(-4149.25734160633,2101.97136181383,0.));
#16806=CARTESIAN_POINT('Origin',(-4149.21892736107,2102.38679625508,0.));
#16807=CARTESIAN_POINT('',(-4149.21892736107,2102.38679625508,0.));
#16808=CARTESIAN_POINT('',(-4149.21892736107,2102.38679625508,0.));
#16809=CARTESIAN_POINT('',(-4149.21892736107,2102.38679625508,5.));
#16810=CARTESIAN_POINT('',(-4149.21892736107,2102.38679625508,5.));
#16811=CARTESIAN_POINT('',(-4149.21892736107,2102.38679625508,0.));
#16812=CARTESIAN_POINT('Origin',(-4149.19064145828,2102.59700543574,0.));
#16813=CARTESIAN_POINT('',(-4149.19064145828,2102.59700543574,0.));
#16814=CARTESIAN_POINT('',(-4149.19064145828,2102.59700543574,0.));
#16815=CARTESIAN_POINT('',(-4149.19064145828,2102.59700543574,5.));
#16816=CARTESIAN_POINT('',(-4149.19064145828,2102.59700543574,5.));
#16817=CARTESIAN_POINT('',(-4149.19064145828,2102.59700543574,0.));
#16818=CARTESIAN_POINT('Origin',(-4149.04363490633,2103.3102916547,0.));
#16819=CARTESIAN_POINT('',(-4149.04363490633,2103.3102916547,0.));
#16820=CARTESIAN_POINT('',(-4149.04363490633,2103.3102916547,0.));
#16821=CARTESIAN_POINT('',(-4149.04363490633,2103.3102916547,5.));
#16822=CARTESIAN_POINT('',(-4149.04363490633,2103.3102916547,5.));
#16823=CARTESIAN_POINT('',(-4149.04363490633,2103.3102916547,0.));
#16824=CARTESIAN_POINT('Origin',(-4148.94118151188,2103.73838467746,0.));
#16825=CARTESIAN_POINT('',(-4148.94118151188,2103.73838467746,0.));
#16826=CARTESIAN_POINT('',(-4148.94118151188,2103.73838467746,0.));
#16827=CARTESIAN_POINT('',(-4148.94118151188,2103.73838467746,5.));
#16828=CARTESIAN_POINT('',(-4148.94118151188,2103.73838467746,5.));
#16829=CARTESIAN_POINT('',(-4148.94118151188,2103.73838467746,0.));
#16830=CARTESIAN_POINT('Origin',(-4148.15000179119,2103.87736565052,0.));
#16831=CARTESIAN_POINT('',(-4148.15000179119,2103.87736565052,0.));
#16832=CARTESIAN_POINT('',(-4148.15000179119,2103.87736565052,0.));
#16833=CARTESIAN_POINT('',(-4148.15000179119,2103.87736565052,5.));
#16834=CARTESIAN_POINT('',(-4148.15000179119,2103.87736565052,5.));
#16835=CARTESIAN_POINT('',(-4148.15000179119,2103.87736565052,0.));
#16836=CARTESIAN_POINT('Origin',(-4148.0237364122,2103.68608360791,0.));
#16837=CARTESIAN_POINT('',(-4148.0237364122,2103.68608360791,0.));
#16838=CARTESIAN_POINT('',(-4148.0237364122,2103.68608360791,0.));
#16839=CARTESIAN_POINT('',(-4148.0237364122,2103.68608360791,5.));
#16840=CARTESIAN_POINT('',(-4148.0237364122,2103.68608360791,5.));
#16841=CARTESIAN_POINT('',(-4148.0237364122,2103.68608360791,0.));
#16842=CARTESIAN_POINT('Origin',(-4147.71089203379,2103.21883025055,0.));
#16843=CARTESIAN_POINT('',(-4147.71089203379,2103.21883025055,0.));
#16844=CARTESIAN_POINT('',(-4147.71089203379,2103.21883025055,0.));
#16845=CARTESIAN_POINT('',(-4147.71089203379,2103.21883025055,5.));
#16846=CARTESIAN_POINT('',(-4147.71089203379,2103.21883025055,5.));
#16847=CARTESIAN_POINT('',(-4147.71089203379,2103.21883025055,0.));
#16848=CARTESIAN_POINT('Origin',(-4147.49428869918,2102.83138493624,0.));
#16849=CARTESIAN_POINT('',(-4147.49428869918,2102.83138493624,0.));
#16850=CARTESIAN_POINT('',(-4147.49428869918,2102.83138493624,0.));
#16851=CARTESIAN_POINT('',(-4147.49428869918,2102.83138493624,5.));
#16852=CARTESIAN_POINT('',(-4147.49428869918,2102.83138493624,5.));
#16853=CARTESIAN_POINT('',(-4147.49428869918,2102.83138493624,0.));
#16854=CARTESIAN_POINT('Origin',(-4147.42084632534,2102.7028620769,0.));
#16855=CARTESIAN_POINT('',(-4147.42084632534,2102.7028620769,0.));
#16856=CARTESIAN_POINT('',(-4147.42084632534,2102.7028620769,0.));
#16857=CARTESIAN_POINT('',(-4147.42084632534,2102.7028620769,5.));
#16858=CARTESIAN_POINT('',(-4147.42084632534,2102.7028620769,5.));
#16859=CARTESIAN_POINT('',(-4147.42084632534,2102.7028620769,0.));
#16860=CARTESIAN_POINT('Origin',(-4147.1761862869,2102.16851152287,0.));
#16861=CARTESIAN_POINT('',(-4147.1761862869,2102.16851152287,0.));
#16862=CARTESIAN_POINT('',(-4147.1761862869,2102.16851152287,0.));
#16863=CARTESIAN_POINT('',(-4147.1761862869,2102.16851152287,5.));
#16864=CARTESIAN_POINT('',(-4147.1761862869,2102.16851152287,5.));
#16865=CARTESIAN_POINT('',(-4147.1761862869,2102.16851152287,0.));
#16866=CARTESIAN_POINT('Origin',(-4147.02463913885,2101.71177042248,0.));
#16867=CARTESIAN_POINT('',(-4147.02463913885,2101.71177042248,0.));
#16868=CARTESIAN_POINT('',(-4147.02463913885,2101.71177042248,0.));
#16869=CARTESIAN_POINT('',(-4147.02463913885,2101.71177042248,5.));
#16870=CARTESIAN_POINT('',(-4147.02463913885,2101.71177042248,5.));
#16871=CARTESIAN_POINT('',(-4147.02463913885,2101.71177042248,0.));
#16872=CARTESIAN_POINT('Origin',(-4146.97167319702,2101.46226481541,0.));
#16873=CARTESIAN_POINT('',(-4146.97167319702,2101.46226481541,0.));
#16874=CARTESIAN_POINT('',(-4146.96219694942,2101.41762524466,0.));
#16875=CARTESIAN_POINT('',(-4146.97167319702,2101.46226481541,5.));
#16876=CARTESIAN_POINT('',(-4146.96219694942,2101.41762524466,5.));
#16877=CARTESIAN_POINT('',(-4146.97167319702,2101.46226481541,0.));
#16878=CARTESIAN_POINT('Origin',(-4144.77587938444,2081.30732587452,0.));
#16879=CARTESIAN_POINT('',(-4145.71783942521,2101.55962908823,0.));
#16880=CARTESIAN_POINT('Origin',(-4144.77587938444,2081.30732587452,0.));
#16881=CARTESIAN_POINT('',(-4145.71783942521,2101.55962908823,5.));
#16882=CARTESIAN_POINT('Origin',(-4144.77587938444,2081.30732587452,5.));
#16883=CARTESIAN_POINT('',(-4145.71783942521,2101.55962908823,0.));
#16884=CARTESIAN_POINT('Origin',(-4145.70498973812,2101.93008021563,0.));
#16885=CARTESIAN_POINT('',(-4145.70498973812,2101.93008021563,0.));
#16886=CARTESIAN_POINT('',(-4145.70498973812,2101.93008021563,0.));
#16887=CARTESIAN_POINT('',(-4145.70498973812,2101.93008021563,5.));
#16888=CARTESIAN_POINT('',(-4145.70498973812,2101.93008021563,5.));
#16889=CARTESIAN_POINT('',(-4145.70498973812,2101.93008021563,0.));
#16890=CARTESIAN_POINT('Origin',(-4145.64708428467,2102.29111074605,0.));
#16891=CARTESIAN_POINT('',(-4145.64708428467,2102.29111074605,0.));
#16892=CARTESIAN_POINT('',(-4145.64708428467,2102.29111074605,0.));
#16893=CARTESIAN_POINT('',(-4145.64708428467,2102.29111074605,5.));
#16894=CARTESIAN_POINT('',(-4145.64708428467,2102.29111074605,5.));
#16895=CARTESIAN_POINT('',(-4145.64708428467,2102.29111074605,0.));
#16896=CARTESIAN_POINT('Origin',(-4145.6009722099,2102.47167457804,0.));
#16897=CARTESIAN_POINT('',(-4145.6009722099,2102.47167457804,0.));
#16898=CARTESIAN_POINT('',(-4145.6009722099,2102.47167457804,0.));
#16899=CARTESIAN_POINT('',(-4145.6009722099,2102.47167457804,5.));
#16900=CARTESIAN_POINT('',(-4145.6009722099,2102.47167457804,5.));
#16901=CARTESIAN_POINT('',(-4145.6009722099,2102.47167457804,0.));
#16902=CARTESIAN_POINT('Origin',(-4145.49100212969,2102.87412707297,0.));
#16903=CARTESIAN_POINT('',(-4145.49100212969,2102.87412707297,0.));
#16904=CARTESIAN_POINT('',(-4145.49100212969,2102.87412707297,0.));
#16905=CARTESIAN_POINT('',(-4145.49100212969,2102.87412707297,5.));
#16906=CARTESIAN_POINT('',(-4145.49100212969,2102.87412707297,5.));
#16907=CARTESIAN_POINT('',(-4145.49100212969,2102.87412707297,0.));
#16908=CARTESIAN_POINT('Origin',(-4145.42664351216,2103.07623090836,0.));
#16909=CARTESIAN_POINT('',(-4145.42664351216,2103.07623090836,0.));
#16910=CARTESIAN_POINT('',(-4145.42664351216,2103.07623090836,0.));
#16911=CARTESIAN_POINT('',(-4145.42664351216,2103.07623090836,5.));
#16912=CARTESIAN_POINT('',(-4145.42664351216,2103.07623090836,5.));
#16913=CARTESIAN_POINT('',(-4145.42664351216,2103.07623090836,0.));
#16914=CARTESIAN_POINT('Origin',(-4145.15800946799,2103.75315328706,0.));
#16915=CARTESIAN_POINT('',(-4145.15800946799,2103.75315328706,0.));
#16916=CARTESIAN_POINT('',(-4145.15800946799,2103.75315328706,0.));
#16917=CARTESIAN_POINT('',(-4145.15800946799,2103.75315328706,5.));
#16918=CARTESIAN_POINT('',(-4145.15800946799,2103.75315328706,5.));
#16919=CARTESIAN_POINT('',(-4145.15800946799,2103.75315328706,0.));
#16920=CARTESIAN_POINT('Origin',(-4144.98277499753,2104.15695176964,0.));
#16921=CARTESIAN_POINT('',(-4144.98277499753,2104.15695176964,0.));
#16922=CARTESIAN_POINT('',(-4144.98277499753,2104.15695176964,0.));
#16923=CARTESIAN_POINT('',(-4144.98277499753,2104.15695176964,5.));
#16924=CARTESIAN_POINT('',(-4144.98277499753,2104.15695176964,5.));
#16925=CARTESIAN_POINT('',(-4144.98277499753,2104.15695176964,0.));
#16926=CARTESIAN_POINT('Origin',(-4144.17948128187,2104.15643439272,0.));
#16927=CARTESIAN_POINT('',(-4144.17948128187,2104.15643439272,0.));
#16928=CARTESIAN_POINT('',(-4144.17948128187,2104.15643439272,0.));
#16929=CARTESIAN_POINT('',(-4144.17948128187,2104.15643439272,5.));
#16930=CARTESIAN_POINT('',(-4144.17948128187,2104.15643439272,5.));
#16931=CARTESIAN_POINT('',(-4144.17948128187,2104.15643439272,0.));
#16932=CARTESIAN_POINT('Origin',(-4144.08834993582,2103.94613260118,0.));
#16933=CARTESIAN_POINT('',(-4144.08834993582,2103.94613260118,0.));
#16934=CARTESIAN_POINT('',(-4144.08834993582,2103.94613260118,0.));
#16935=CARTESIAN_POINT('',(-4144.08834993582,2103.94613260118,5.));
#16936=CARTESIAN_POINT('',(-4144.08834993582,2103.94613260118,5.));
#16937=CARTESIAN_POINT('',(-4144.08834993582,2103.94613260118,0.));
#16938=CARTESIAN_POINT('Origin',(-4143.86139606049,2103.43165301603,0.));
#16939=CARTESIAN_POINT('',(-4143.86139606049,2103.43165301603,0.));
#16940=CARTESIAN_POINT('',(-4143.86139606049,2103.43165301603,0.));
#16941=CARTESIAN_POINT('',(-4143.86139606049,2103.43165301603,5.));
#16942=CARTESIAN_POINT('',(-4143.86139606049,2103.43165301603,5.));
#16943=CARTESIAN_POINT('',(-4143.86139606049,2103.43165301603,0.));
#16944=CARTESIAN_POINT('Origin',(-4143.71536259002,2103.0124810923,0.));
#16945=CARTESIAN_POINT('',(-4143.71536259002,2103.0124810923,0.));
#16946=CARTESIAN_POINT('',(-4143.71536259002,2103.0124810923,0.));
#16947=CARTESIAN_POINT('',(-4143.71536259002,2103.0124810923,5.));
#16948=CARTESIAN_POINT('',(-4143.71536259002,2103.0124810923,5.));
#16949=CARTESIAN_POINT('',(-4143.71536259002,2103.0124810923,0.));
#16950=CARTESIAN_POINT('Origin',(-4143.66535373117,2102.87315764961,0.));
#16951=CARTESIAN_POINT('',(-4143.66535373117,2102.87315764961,0.));
#16952=CARTESIAN_POINT('',(-4143.66535373117,2102.87315764961,0.));
#16953=CARTESIAN_POINT('',(-4143.66535373117,2102.87315764961,5.));
#16954=CARTESIAN_POINT('',(-4143.66535373117,2102.87315764961,5.));
#16955=CARTESIAN_POINT('',(-4143.66535373117,2102.87315764961,0.));
#16956=CARTESIAN_POINT('Origin',(-4143.5171996284,2102.30444031134,0.));
#16957=CARTESIAN_POINT('',(-4143.5171996284,2102.30444031134,0.));
#16958=CARTESIAN_POINT('',(-4143.5171996284,2102.30444031134,0.));
#16959=CARTESIAN_POINT('',(-4143.5171996284,2102.30444031134,5.));
#16960=CARTESIAN_POINT('',(-4143.5171996284,2102.30444031134,5.));
#16961=CARTESIAN_POINT('',(-4143.5171996284,2102.30444031134,0.));
#16962=CARTESIAN_POINT('Origin',(-4143.44726010434,2101.82827474415,0.));
#16963=CARTESIAN_POINT('',(-4143.44726010434,2101.82827474415,0.));
#16964=CARTESIAN_POINT('',(-4143.44726010434,2101.82827474415,0.));
#16965=CARTESIAN_POINT('',(-4143.44726010434,2101.82827474415,5.));
#16966=CARTESIAN_POINT('',(-4143.44726010434,2101.82827474415,5.));
#16967=CARTESIAN_POINT('',(-4143.44726010434,2101.82827474415,0.));
#16968=CARTESIAN_POINT('Origin',(-4143.71229135579,2101.5536058954,0.));
#16969=CARTESIAN_POINT('',(-4143.71229135579,2101.5536058954,0.));
#16970=CARTESIAN_POINT('',(-4143.71229135579,2101.5536058954,0.));
#16971=CARTESIAN_POINT('',(-4143.71229135579,2101.5536058954,5.));
#16972=CARTESIAN_POINT('',(-4143.71229135579,2101.5536058954,5.));
#16973=CARTESIAN_POINT('',(-4143.71229135579,2101.5536058954,0.));
#16974=CARTESIAN_POINT('Origin',(-4144.77587938444,2081.30732587452,0.));
#16975=CARTESIAN_POINT('',(-4142.49887831708,2101.45325202146,0.));
#16976=CARTESIAN_POINT('Origin',(-4144.77587938444,2081.30732587452,0.));
#16977=CARTESIAN_POINT('',(-4142.49887831708,2101.45325202146,5.));
#16978=CARTESIAN_POINT('Origin',(-4144.77587938444,2081.30732587452,5.));
#16979=CARTESIAN_POINT('',(-4142.49887831708,2101.45325202146,0.));
#16980=CARTESIAN_POINT('Origin',(-4142.1917747468,2101.42785338802,0.));
#16981=CARTESIAN_POINT('',(-4142.1917747468,2101.42785338802,0.));
#16982=CARTESIAN_POINT('',(-4142.1917747468,2101.42785338802,0.));
#16983=CARTESIAN_POINT('',(-4142.1917747468,2101.42785338802,5.));
#16984=CARTESIAN_POINT('',(-4142.1917747468,2101.42785338802,5.));
#16985=CARTESIAN_POINT('',(-4142.1917747468,2101.42785338802,0.));
#16986=CARTESIAN_POINT('Origin',(-4142.10975702296,2101.81416071173,0.));
#16987=CARTESIAN_POINT('',(-4142.10975702296,2101.81416071173,0.));
#16988=CARTESIAN_POINT('',(-4142.10975702296,2101.81416071173,0.));
#16989=CARTESIAN_POINT('',(-4142.10975702296,2101.81416071173,5.));
#16990=CARTESIAN_POINT('',(-4142.10975702296,2101.81416071173,5.));
#16991=CARTESIAN_POINT('',(-4142.10975702296,2101.81416071173,0.));
#16992=CARTESIAN_POINT('Origin',(-4141.99003898977,2102.15965120069,0.));
#16993=CARTESIAN_POINT('',(-4141.99003898977,2102.15965120069,0.));
#16994=CARTESIAN_POINT('',(-4141.99003898977,2102.15965120069,0.));
#16995=CARTESIAN_POINT('',(-4141.99003898977,2102.15965120069,5.));
#16996=CARTESIAN_POINT('',(-4141.99003898977,2102.15965120069,5.));
#16997=CARTESIAN_POINT('',(-4141.99003898977,2102.15965120069,0.));
#16998=CARTESIAN_POINT('Origin',(-4141.91327288066,2102.32946458459,0.));
#16999=CARTESIAN_POINT('',(-4141.91327288066,2102.32946458459,0.));
#17000=CARTESIAN_POINT('',(-4141.91327288066,2102.32946458459,0.));
#17001=CARTESIAN_POINT('',(-4141.91327288066,2102.32946458459,5.));
#17002=CARTESIAN_POINT('',(-4141.91327288066,2102.32946458459,5.));
#17003=CARTESIAN_POINT('',(-4141.91327288066,2102.32946458459,0.));
#17004=CARTESIAN_POINT('Origin',(-4141.73508835072,2102.70670681779,0.));
#17005=CARTESIAN_POINT('',(-4141.73508835072,2102.70670681779,0.));
#17006=CARTESIAN_POINT('',(-4141.73508835072,2102.70670681779,0.));
#17007=CARTESIAN_POINT('',(-4141.73508835072,2102.70670681779,5.));
#17008=CARTESIAN_POINT('',(-4141.73508835072,2102.70670681779,5.));
#17009=CARTESIAN_POINT('',(-4141.73508835072,2102.70670681779,0.));
#17010=CARTESIAN_POINT('Origin',(-4141.63661252249,2102.89456448515,0.));
#17011=CARTESIAN_POINT('',(-4141.63661252249,2102.89456448515,0.));
#17012=CARTESIAN_POINT('',(-4141.63661252249,2102.89456448515,0.));
#17013=CARTESIAN_POINT('',(-4141.63661252249,2102.89456448515,5.));
#17014=CARTESIAN_POINT('',(-4141.63661252249,2102.89456448515,5.));
#17015=CARTESIAN_POINT('',(-4141.63661252249,2102.89456448515,0.));
#17016=CARTESIAN_POINT('Origin',(-4141.25451329558,2103.51455507965,0.));
#17017=CARTESIAN_POINT('',(-4141.25451329558,2103.51455507965,0.));
#17018=CARTESIAN_POINT('',(-4141.25451329558,2103.51455507965,0.));
#17019=CARTESIAN_POINT('',(-4141.25451329558,2103.51455507965,5.));
#17020=CARTESIAN_POINT('',(-4141.25451329558,2103.51455507965,5.));
#17021=CARTESIAN_POINT('',(-4141.25451329558,2103.51455507965,0.));
#17022=CARTESIAN_POINT('Origin',(-4141.01182215983,2103.88178980949,0.));
#17023=CARTESIAN_POINT('',(-4141.01182215983,2103.88178980949,0.));
#17024=CARTESIAN_POINT('',(-4141.01182215983,2103.88178980949,0.));
#17025=CARTESIAN_POINT('',(-4141.01182215983,2103.88178980949,5.));
#17026=CARTESIAN_POINT('',(-4141.01182215983,2103.88178980949,5.));
#17027=CARTESIAN_POINT('',(-4141.01182215983,2103.88178980949,0.));
#17028=CARTESIAN_POINT('Origin',(-4140.22082212226,2103.74178980284,0.));
#17029=CARTESIAN_POINT('',(-4140.22082212226,2103.74178980284,0.));
#17030=CARTESIAN_POINT('',(-4140.22082212226,2103.74178980284,0.));
#17031=CARTESIAN_POINT('',(-4140.22082212226,2103.74178980284,5.));
#17032=CARTESIAN_POINT('',(-4140.22082212226,2103.74178980284,5.));
#17033=CARTESIAN_POINT('',(-4140.22082212226,2103.74178980284,0.));
#17034=CARTESIAN_POINT('Origin',(-4140.167593789,2103.51885817589,0.));
#17035=CARTESIAN_POINT('',(-4140.167593789,2103.51885817589,0.));
#17036=CARTESIAN_POINT('',(-4140.167593789,2103.51885817589,0.));
#17037=CARTESIAN_POINT('',(-4140.167593789,2103.51885817589,5.));
#17038=CARTESIAN_POINT('',(-4140.167593789,2103.51885817589,5.));
#17039=CARTESIAN_POINT('',(-4140.167593789,2103.51885817589,0.));
#17040=CARTESIAN_POINT('Origin',(-4140.03342629541,2102.9727845648,0.));
#17041=CARTESIAN_POINT('',(-4140.03342629541,2102.9727845648,0.));
#17042=CARTESIAN_POINT('',(-4140.03342629541,2102.9727845648,0.));
#17043=CARTESIAN_POINT('',(-4140.03342629541,2102.9727845648,5.));
#17044=CARTESIAN_POINT('',(-4140.03342629541,2102.9727845648,5.));
#17045=CARTESIAN_POINT('',(-4140.03342629541,2102.9727845648,0.));
#17046=CARTESIAN_POINT('Origin',(-4139.96239984217,2102.53462235843,0.));
#17047=CARTESIAN_POINT('',(-4139.96239984217,2102.53462235843,0.));
#17048=CARTESIAN_POINT('',(-4139.96239984217,2102.53462235843,0.));
#17049=CARTESIAN_POINT('',(-4139.96239984217,2102.53462235843,5.));
#17050=CARTESIAN_POINT('',(-4139.96239984217,2102.53462235843,5.));
#17051=CARTESIAN_POINT('',(-4139.96239984217,2102.53462235843,0.));
#17052=CARTESIAN_POINT('Origin',(-4139.93734399219,2102.38873160469,0.));
#17053=CARTESIAN_POINT('',(-4139.93734399219,2102.38873160469,0.));
#17054=CARTESIAN_POINT('',(-4139.93734399219,2102.38873160469,0.));
#17055=CARTESIAN_POINT('',(-4139.93734399219,2102.38873160469,5.));
#17056=CARTESIAN_POINT('',(-4139.93734399219,2102.38873160469,5.));
#17057=CARTESIAN_POINT('',(-4139.93734399219,2102.38873160469,0.));
#17058=CARTESIAN_POINT('Origin',(-4139.89019741253,2101.80292767073,0.));
#17059=CARTESIAN_POINT('',(-4139.89019741253,2101.80292767073,0.));
#17060=CARTESIAN_POINT('',(-4139.89019741253,2101.80292767073,0.));
#17061=CARTESIAN_POINT('',(-4139.89019741253,2101.80292767073,5.));
#17062=CARTESIAN_POINT('',(-4139.89019741253,2101.80292767073,5.));
#17063=CARTESIAN_POINT('',(-4139.89019741253,2101.80292767073,0.));
#17064=CARTESIAN_POINT('Origin',(-4139.90400433244,2101.32189925179,0.));
#17065=CARTESIAN_POINT('',(-4139.90400433244,2101.32189925179,0.));
#17066=CARTESIAN_POINT('',(-4139.90400433244,2101.32189925179,0.));
#17067=CARTESIAN_POINT('',(-4139.90400433244,2101.32189925179,5.));
#17068=CARTESIAN_POINT('',(-4139.90400433244,2101.32189925179,5.));
#17069=CARTESIAN_POINT('',(-4139.90400433244,2101.32189925179,0.));
#17070=CARTESIAN_POINT('Origin',(-4139.94593144368,2101.02413671218,0.));
#17071=CARTESIAN_POINT('',(-4139.94593144368,2101.02413671218,0.));
#17072=CARTESIAN_POINT('',(-4139.94593144368,2101.02413671218,0.));
#17073=CARTESIAN_POINT('',(-4139.94593144368,2101.02413671218,5.));
#17074=CARTESIAN_POINT('',(-4139.94593144368,2101.02413671218,5.));
#17075=CARTESIAN_POINT('',(-4139.94593144368,2101.02413671218,0.));
#17076=CARTESIAN_POINT('Origin',(-4138.74063401115,2100.70081305167,0.));
#17077=CARTESIAN_POINT('',(-4138.74063401115,2100.70081305167,0.));
#17078=CARTESIAN_POINT('',(-4138.74063401115,2100.70081305167,0.));
#17079=CARTESIAN_POINT('',(-4138.74063401115,2100.70081305167,5.));
#17080=CARTESIAN_POINT('',(-4138.74063401115,2100.70081305167,5.));
#17081=CARTESIAN_POINT('',(-4138.74063401115,2100.70081305167,0.));
#17082=CARTESIAN_POINT('Origin',(-4138.5892731818,2101.07569667628,0.));
#17083=CARTESIAN_POINT('',(-4138.5892731818,2101.07569667628,0.));
#17084=CARTESIAN_POINT('',(-4138.5892731818,2101.07569667628,0.));
#17085=CARTESIAN_POINT('',(-4138.5892731818,2101.07569667628,5.));
#17086=CARTESIAN_POINT('',(-4138.5892731818,2101.07569667628,5.));
#17087=CARTESIAN_POINT('',(-4138.5892731818,2101.07569667628,0.));
#17088=CARTESIAN_POINT('Origin',(-4138.41138014072,2101.39514957011,0.));
#17089=CARTESIAN_POINT('',(-4138.41138014072,2101.39514957011,0.));
#17090=CARTESIAN_POINT('',(-4138.41138014072,2101.39514957011,0.));
#17091=CARTESIAN_POINT('',(-4138.41138014072,2101.39514957011,5.));
#17092=CARTESIAN_POINT('',(-4138.41138014072,2101.39514957011,5.));
#17093=CARTESIAN_POINT('',(-4138.41138014072,2101.39514957011,0.));
#17094=CARTESIAN_POINT('Origin',(-4138.30629249665,2101.54905281219,0.));
#17095=CARTESIAN_POINT('',(-4138.30629249665,2101.54905281219,0.));
#17096=CARTESIAN_POINT('',(-4138.30629249665,2101.54905281219,0.));
#17097=CARTESIAN_POINT('',(-4138.30629249665,2101.54905281219,5.));
#17098=CARTESIAN_POINT('',(-4138.30629249665,2101.54905281219,5.));
#17099=CARTESIAN_POINT('',(-4138.30629249665,2101.54905281219,0.));
#17100=CARTESIAN_POINT('Origin',(-4138.06530756376,2101.88962246929,0.));
#17101=CARTESIAN_POINT('',(-4138.06530756376,2101.88962246929,0.));
#17102=CARTESIAN_POINT('',(-4138.06530756376,2101.88962246929,0.));
#17103=CARTESIAN_POINT('',(-4138.06530756376,2101.88962246929,5.));
#17104=CARTESIAN_POINT('',(-4138.06530756376,2101.88962246929,5.));
#17105=CARTESIAN_POINT('',(-4138.06530756376,2101.88962246929,0.));
#17106=CARTESIAN_POINT('Origin',(-4137.93570666304,2102.05752600845,0.));
#17107=CARTESIAN_POINT('',(-4137.93570666304,2102.05752600845,0.));
#17108=CARTESIAN_POINT('',(-4137.93570666304,2102.05752600845,0.));
#17109=CARTESIAN_POINT('',(-4137.93570666304,2102.05752600845,5.));
#17110=CARTESIAN_POINT('',(-4137.93570666304,2102.05752600845,5.));
#17111=CARTESIAN_POINT('',(-4137.93570666304,2102.05752600845,0.));
#17112=CARTESIAN_POINT('Origin',(-4137.45175214506,2102.60174671827,0.));
#17113=CARTESIAN_POINT('',(-4137.45175214506,2102.60174671827,0.));
#17114=CARTESIAN_POINT('',(-4137.45175214506,2102.60174671827,0.));
#17115=CARTESIAN_POINT('',(-4137.45175214506,2102.60174671827,5.));
#17116=CARTESIAN_POINT('',(-4137.45175214506,2102.60174671827,5.));
#17117=CARTESIAN_POINT('',(-4137.45175214506,2102.60174671827,0.));
#17118=CARTESIAN_POINT('Origin',(-4137.14897839137,2102.92125945393,0.));
#17119=CARTESIAN_POINT('',(-4137.14897839137,2102.92125945393,0.));
#17120=CARTESIAN_POINT('',(-4137.14897839137,2102.92125945393,0.));
#17121=CARTESIAN_POINT('',(-4137.14897839137,2102.92125945393,5.));
#17122=CARTESIAN_POINT('',(-4137.14897839137,2102.92125945393,5.));
#17123=CARTESIAN_POINT('',(-4137.14897839137,2102.92125945393,0.));
#17124=CARTESIAN_POINT('Origin',(-4136.39430616777,2102.6460306469,0.));
#17125=CARTESIAN_POINT('',(-4136.39430616777,2102.6460306469,0.));
#17126=CARTESIAN_POINT('',(-4136.39430616777,2102.6460306469,0.));
#17127=CARTESIAN_POINT('',(-4136.39430616777,2102.6460306469,5.));
#17128=CARTESIAN_POINT('',(-4136.39430616777,2102.6460306469,5.));
#17129=CARTESIAN_POINT('',(-4136.39430616777,2102.6460306469,0.));
#17130=CARTESIAN_POINT('Origin',(-4136.38059816325,2102.41724284922,0.));
#17131=CARTESIAN_POINT('',(-4136.38059816325,2102.41724284922,0.));
#17132=CARTESIAN_POINT('',(-4136.38059816325,2102.41724284922,0.));
#17133=CARTESIAN_POINT('',(-4136.38059816325,2102.41724284922,5.));
#17134=CARTESIAN_POINT('',(-4136.38059816325,2102.41724284922,5.));
#17135=CARTESIAN_POINT('',(-4136.38059816325,2102.41724284922,0.));
#17136=CARTESIAN_POINT('Origin',(-4136.3432936628,2101.85616738253,0.));
#17137=CARTESIAN_POINT('',(-4136.3432936628,2101.85616738253,0.));
#17138=CARTESIAN_POINT('',(-4136.3432936628,2101.85616738253,0.));
#17139=CARTESIAN_POINT('',(-4136.3432936628,2101.85616738253,5.));
#17140=CARTESIAN_POINT('',(-4136.3432936628,2101.85616738253,5.));
#17141=CARTESIAN_POINT('',(-4136.3432936628,2101.85616738253,0.));
#17142=CARTESIAN_POINT('Origin',(-4136.34943232964,2101.41232823046,0.));
#17143=CARTESIAN_POINT('',(-4136.34943232964,2101.41232823046,0.));
#17144=CARTESIAN_POINT('',(-4136.34943232964,2101.41232823046,0.));
#17145=CARTESIAN_POINT('',(-4136.34943232964,2101.41232823046,5.));
#17146=CARTESIAN_POINT('',(-4136.34943232964,2101.41232823046,5.));
#17147=CARTESIAN_POINT('',(-4136.34943232964,2101.41232823046,0.));
#17148=CARTESIAN_POINT('Origin',(-4136.35009079785,2101.26430298239,0.));
#17149=CARTESIAN_POINT('',(-4136.35009079785,2101.26430298239,0.));
#17150=CARTESIAN_POINT('',(-4136.35009079785,2101.26430298239,0.));
#17151=CARTESIAN_POINT('',(-4136.35009079785,2101.26430298239,5.));
#17152=CARTESIAN_POINT('',(-4136.35009079785,2101.26430298239,5.));
#17153=CARTESIAN_POINT('',(-4136.35009079785,2101.26430298239,0.));
#17154=CARTESIAN_POINT('Origin',(-4136.40538426628,2100.67921180885,0.));
#17155=CARTESIAN_POINT('',(-4136.40538426628,2100.67921180885,0.));
#17156=CARTESIAN_POINT('',(-4136.40538426628,2100.67921180885,0.));
#17157=CARTESIAN_POINT('',(-4136.40538426628,2100.67921180885,5.));
#17158=CARTESIAN_POINT('',(-4136.40538426628,2100.67921180885,5.));
#17159=CARTESIAN_POINT('',(-4136.40538426628,2100.67921180885,0.));
#17160=CARTESIAN_POINT('Origin',(-4136.5025111364,2100.20788883893,0.));
#17161=CARTESIAN_POINT('',(-4136.5025111364,2100.20788883893,0.));
#17162=CARTESIAN_POINT('',(-4136.5025111364,2100.20788883893,0.));
#17163=CARTESIAN_POINT('',(-4136.5025111364,2100.20788883893,5.));
#17164=CARTESIAN_POINT('',(-4136.5025111364,2100.20788883893,5.));
#17165=CARTESIAN_POINT('',(-4136.5025111364,2100.20788883893,0.));
#17166=CARTESIAN_POINT('Origin',(-4136.59550720299,2099.92193054783,0.));
#17167=CARTESIAN_POINT('',(-4136.59550720299,2099.92193054783,0.));
#17168=CARTESIAN_POINT('',(-4136.59550720299,2099.92193054783,0.));
#17169=CARTESIAN_POINT('',(-4136.59550720299,2099.92193054783,5.));
#17170=CARTESIAN_POINT('',(-4136.59550720299,2099.92193054783,5.));
#17171=CARTESIAN_POINT('',(-4136.59550720299,2099.92193054783,0.));
#17172=CARTESIAN_POINT('Origin',(-4135.46466551119,2099.39422119752,0.));
#17173=CARTESIAN_POINT('',(-4135.46466551119,2099.39422119752,0.));
#17174=CARTESIAN_POINT('',(-4135.46466551119,2099.39422119752,0.));
#17175=CARTESIAN_POINT('',(-4135.46466551119,2099.39422119752,5.));
#17176=CARTESIAN_POINT('',(-4135.46466551119,2099.39422119752,5.));
#17177=CARTESIAN_POINT('',(-4135.46466551119,2099.39422119752,0.));
#17178=CARTESIAN_POINT('Origin',(-4135.2505063347,2099.73712596533,0.));
#17179=CARTESIAN_POINT('',(-4135.2505063347,2099.73712596533,0.));
#17180=CARTESIAN_POINT('',(-4135.2505063347,2099.73712596533,0.));
#17181=CARTESIAN_POINT('',(-4135.2505063347,2099.73712596533,5.));
#17182=CARTESIAN_POINT('',(-4135.2505063347,2099.73712596533,5.));
#17183=CARTESIAN_POINT('',(-4135.2505063347,2099.73712596533,0.));
#17184=CARTESIAN_POINT('Origin',(-4135.01984347578,2100.02083484949,0.));
#17185=CARTESIAN_POINT('',(-4135.01984347578,2100.02083484949,0.));
#17186=CARTESIAN_POINT('',(-4135.01984347578,2100.02083484949,0.));
#17187=CARTESIAN_POINT('',(-4135.01984347578,2100.02083484949,5.));
#17188=CARTESIAN_POINT('',(-4135.01984347578,2100.02083484949,5.));
#17189=CARTESIAN_POINT('',(-4135.01984347578,2100.02083484949,0.));
#17190=CARTESIAN_POINT('Origin',(-4134.88962733162,2100.15415167761,0.));
#17191=CARTESIAN_POINT('',(-4134.88962733162,2100.15415167761,0.));
#17192=CARTESIAN_POINT('',(-4134.88962733162,2100.15415167761,0.));
#17193=CARTESIAN_POINT('',(-4134.88962733162,2100.15415167761,5.));
#17194=CARTESIAN_POINT('',(-4134.88962733162,2100.15415167761,5.));
#17195=CARTESIAN_POINT('',(-4134.88962733162,2100.15415167761,0.));
#17196=CARTESIAN_POINT('Origin',(-4134.59316420103,2100.44770072193,0.));
#17197=CARTESIAN_POINT('',(-4134.59316420103,2100.44770072193,0.));
#17198=CARTESIAN_POINT('',(-4134.59316420103,2100.44770072193,0.));
#17199=CARTESIAN_POINT('',(-4134.59316420103,2100.44770072193,5.));
#17200=CARTESIAN_POINT('',(-4134.59316420103,2100.44770072193,5.));
#17201=CARTESIAN_POINT('',(-4134.59316420103,2100.44770072193,0.));
#17202=CARTESIAN_POINT('Origin',(-4134.43637608561,2100.59054846882,0.));
#17203=CARTESIAN_POINT('',(-4134.43637608561,2100.59054846882,0.));
#17204=CARTESIAN_POINT('',(-4134.43637608561,2100.59054846882,0.));
#17205=CARTESIAN_POINT('',(-4134.43637608561,2100.59054846882,5.));
#17206=CARTESIAN_POINT('',(-4134.43637608561,2100.59054846882,5.));
#17207=CARTESIAN_POINT('',(-4134.43637608561,2100.59054846882,0.));
#17208=CARTESIAN_POINT('Origin',(-4133.86527098968,2101.04246342307,0.));
#17209=CARTESIAN_POINT('',(-4133.86527098968,2101.04246342307,0.));
#17210=CARTESIAN_POINT('',(-4133.86527098968,2101.04246342307,0.));
#17211=CARTESIAN_POINT('',(-4133.86527098968,2101.04246342307,5.));
#17212=CARTESIAN_POINT('',(-4133.86527098968,2101.04246342307,5.));
#17213=CARTESIAN_POINT('',(-4133.86527098968,2101.04246342307,0.));
#17214=CARTESIAN_POINT('Origin',(-4133.51161424535,2101.30454593177,0.));
#17215=CARTESIAN_POINT('',(-4133.51161424535,2101.30454593177,0.));
#17216=CARTESIAN_POINT('',(-4133.51161424535,2101.30454593177,0.));
#17217=CARTESIAN_POINT('',(-4133.51161424535,2101.30454593177,5.));
#17218=CARTESIAN_POINT('',(-4133.51161424535,2101.30454593177,5.));
#17219=CARTESIAN_POINT('',(-4133.51161424535,2101.30454593177,0.));
#17220=CARTESIAN_POINT('Origin',(-4132.81620016935,2100.90245101239,0.));
#17221=CARTESIAN_POINT('',(-4132.81620016935,2100.90245101239,0.));
#17222=CARTESIAN_POINT('',(-4132.81620016935,2100.90245101239,0.));
#17223=CARTESIAN_POINT('',(-4132.81620016935,2100.90245101239,5.));
#17224=CARTESIAN_POINT('',(-4132.81620016935,2100.90245101239,5.));
#17225=CARTESIAN_POINT('',(-4132.81620016935,2100.90245101239,0.));
#17226=CARTESIAN_POINT('Origin',(-4132.84242900436,2100.67475864543,0.));
#17227=CARTESIAN_POINT('',(-4132.84242900436,2100.67475864543,0.));
#17228=CARTESIAN_POINT('',(-4132.84242900436,2100.67475864543,0.));
#17229=CARTESIAN_POINT('',(-4132.84242900436,2100.67475864543,5.));
#17230=CARTESIAN_POINT('',(-4132.84242900436,2100.67475864543,5.));
#17231=CARTESIAN_POINT('',(-4132.84242900436,2100.67475864543,0.));
#17232=CARTESIAN_POINT('Origin',(-4132.90312097541,2100.1157293173,0.));
#17233=CARTESIAN_POINT('',(-4132.90312097541,2100.1157293173,0.));
#17234=CARTESIAN_POINT('',(-4132.90312097541,2100.1157293173,0.));
#17235=CARTESIAN_POINT('',(-4132.90312097541,2100.1157293173,5.));
#17236=CARTESIAN_POINT('',(-4132.90312097541,2100.1157293173,5.));
#17237=CARTESIAN_POINT('',(-4132.90312097541,2100.1157293173,0.));
#17238=CARTESIAN_POINT('Origin',(-4132.98623824204,2099.67969904756,0.));
#17239=CARTESIAN_POINT('',(-4132.98623824204,2099.67969904756,0.));
#17240=CARTESIAN_POINT('',(-4132.98623824204,2099.67969904756,0.));
#17241=CARTESIAN_POINT('',(-4132.98623824204,2099.67969904756,5.));
#17242=CARTESIAN_POINT('',(-4132.98623824204,2099.67969904756,5.));
#17243=CARTESIAN_POINT('',(-4132.98623824204,2099.67969904756,0.));
#17244=CARTESIAN_POINT('Origin',(-4133.01259102122,2099.53403697742,0.));
#17245=CARTESIAN_POINT('',(-4133.01259102122,2099.53403697742,0.));
#17246=CARTESIAN_POINT('',(-4133.01259102122,2099.53403697742,0.));
#17247=CARTESIAN_POINT('',(-4133.01259102122,2099.53403697742,5.));
#17248=CARTESIAN_POINT('',(-4133.01259102122,2099.53403697742,5.));
#17249=CARTESIAN_POINT('',(-4133.01259102122,2099.53403697742,0.));
#17250=CARTESIAN_POINT('Origin',(-4133.16864447367,2098.96743626352,0.));
#17251=CARTESIAN_POINT('',(-4133.16864447367,2098.96743626352,0.));
#17252=CARTESIAN_POINT('',(-4133.16864447367,2098.96743626352,0.));
#17253=CARTESIAN_POINT('',(-4133.16864447367,2098.96743626352,5.));
#17254=CARTESIAN_POINT('',(-4133.16864447367,2098.96743626352,5.));
#17255=CARTESIAN_POINT('',(-4133.16864447367,2098.96743626352,0.));
#17256=CARTESIAN_POINT('Origin',(-4133.34614014321,2098.52013965258,0.));
#17257=CARTESIAN_POINT('',(-4133.34614014321,2098.52013965258,0.));
#17258=CARTESIAN_POINT('',(-4133.34614014321,2098.52013965258,0.));
#17259=CARTESIAN_POINT('',(-4133.34614014321,2098.52013965258,5.));
#17260=CARTESIAN_POINT('',(-4133.34614014321,2098.52013965258,5.));
#17261=CARTESIAN_POINT('',(-4133.34614014321,2098.52013965258,0.));
#17262=CARTESIAN_POINT('Origin',(-4133.48737952673,2098.25467430795,0.));
#17263=CARTESIAN_POINT('',(-4133.48737952673,2098.25467430795,0.));
#17264=CARTESIAN_POINT('',(-4133.48737952673,2098.25467430795,0.));
#17265=CARTESIAN_POINT('',(-4133.48737952673,2098.25467430795,5.));
#17266=CARTESIAN_POINT('',(-4133.48737952673,2098.25467430795,5.));
#17267=CARTESIAN_POINT('',(-4133.48737952673,2098.25467430795,0.));
#17268=CARTESIAN_POINT('Origin',(-4132.46535362824,2097.53861344942,0.));
#17269=CARTESIAN_POINT('',(-4132.46535362824,2097.53861344942,0.));
#17270=CARTESIAN_POINT('',(-4132.46535362824,2097.53861344942,0.));
#17271=CARTESIAN_POINT('',(-4132.46535362824,2097.53861344942,5.));
#17272=CARTESIAN_POINT('',(-4132.46535362824,2097.53861344942,5.));
#17273=CARTESIAN_POINT('',(-4132.46535362824,2097.53861344942,0.));
#17274=CARTESIAN_POINT('Origin',(-4132.19490322281,2097.83912037258,0.));
#17275=CARTESIAN_POINT('',(-4132.19490322281,2097.83912037258,0.));
#17276=CARTESIAN_POINT('',(-4132.19490322281,2097.83912037258,0.));
#17277=CARTESIAN_POINT('',(-4132.19490322281,2097.83912037258,5.));
#17278=CARTESIAN_POINT('',(-4132.19490322281,2097.83912037258,5.));
#17279=CARTESIAN_POINT('',(-4132.19490322281,2097.83912037258,0.));
#17280=CARTESIAN_POINT('Origin',(-4131.91847912028,2098.07846489619,0.));
#17281=CARTESIAN_POINT('',(-4131.91847912028,2098.07846489619,0.));
#17282=CARTESIAN_POINT('',(-4131.91847912028,2098.07846489619,0.));
#17283=CARTESIAN_POINT('',(-4131.91847912028,2098.07846489619,5.));
#17284=CARTESIAN_POINT('',(-4131.91847912028,2098.07846489619,5.));
#17285=CARTESIAN_POINT('',(-4131.91847912028,2098.07846489619,0.));
#17286=CARTESIAN_POINT('Origin',(-4131.76709102769,2098.187144546,0.));
#17287=CARTESIAN_POINT('',(-4131.76709102769,2098.187144546,0.));
#17288=CARTESIAN_POINT('',(-4131.76709102769,2098.187144546,0.));
#17289=CARTESIAN_POINT('',(-4131.76709102769,2098.187144546,5.));
#17290=CARTESIAN_POINT('',(-4131.76709102769,2098.187144546,5.));
#17291=CARTESIAN_POINT('',(-4131.76709102769,2098.187144546,0.));
#17292=CARTESIAN_POINT('Origin',(-4131.42415758161,2098.42475363836,0.));
#17293=CARTESIAN_POINT('',(-4131.42415758161,2098.42475363836,0.));
#17294=CARTESIAN_POINT('',(-4131.42415758161,2098.42475363836,0.));
#17295=CARTESIAN_POINT('',(-4131.42415758161,2098.42475363836,5.));
#17296=CARTESIAN_POINT('',(-4131.42415758161,2098.42475363836,5.));
#17297=CARTESIAN_POINT('',(-4131.42415758161,2098.42475363836,0.));
#17298=CARTESIAN_POINT('Origin',(-4131.24494617903,2098.53820523647,0.));
#17299=CARTESIAN_POINT('',(-4131.24494617903,2098.53820523647,0.));
#17300=CARTESIAN_POINT('',(-4131.24494617903,2098.53820523647,0.));
#17301=CARTESIAN_POINT('',(-4131.24494617903,2098.53820523647,5.));
#17302=CARTESIAN_POINT('',(-4131.24494617903,2098.53820523647,5.));
#17303=CARTESIAN_POINT('',(-4131.24494617903,2098.53820523647,0.));
#17304=CARTESIAN_POINT('Origin',(-4130.60404324451,2098.88408322796,0.));
#17305=CARTESIAN_POINT('',(-4130.60404324451,2098.88408322796,0.));
#17306=CARTESIAN_POINT('',(-4130.60404324451,2098.88408322796,0.));
#17307=CARTESIAN_POINT('',(-4130.60404324451,2098.88408322796,5.));
#17308=CARTESIAN_POINT('',(-4130.60404324451,2098.88408322796,5.));
#17309=CARTESIAN_POINT('',(-4130.60404324451,2098.88408322796,0.));
#17310=CARTESIAN_POINT('Origin',(-4130.21024919075,2099.08077226528,0.));
#17311=CARTESIAN_POINT('',(-4130.21024919075,2099.08077226528,0.));
#17312=CARTESIAN_POINT('',(-4130.21024919075,2099.08077226528,0.));
#17313=CARTESIAN_POINT('',(-4130.21024919075,2099.08077226528,5.));
#17314=CARTESIAN_POINT('',(-4130.21024919075,2099.08077226528,5.));
#17315=CARTESIAN_POINT('',(-4130.21024919075,2099.08077226528,0.));
#17316=CARTESIAN_POINT('Origin',(-4129.59522306715,2098.56402868421,0.));
#17317=CARTESIAN_POINT('',(-4129.59522306715,2098.56402868421,0.));
#17318=CARTESIAN_POINT('',(-4129.59522306715,2098.56402868421,0.));
#17319=CARTESIAN_POINT('',(-4129.59522306715,2098.56402868421,5.));
#17320=CARTESIAN_POINT('',(-4129.59522306715,2098.56402868421,5.));
#17321=CARTESIAN_POINT('',(-4129.59522306715,2098.56402868421,0.));
#17322=CARTESIAN_POINT('Origin',(-4129.66059179182,2098.34435006533,0.));
#17323=CARTESIAN_POINT('',(-4129.66059179182,2098.34435006533,0.));
#17324=CARTESIAN_POINT('',(-4129.66059179182,2098.34435006533,0.));
#17325=CARTESIAN_POINT('',(-4129.66059179182,2098.34435006533,5.));
#17326=CARTESIAN_POINT('',(-4129.66059179182,2098.34435006533,5.));
#17327=CARTESIAN_POINT('',(-4129.66059179182,2098.34435006533,0.));
#17328=CARTESIAN_POINT('Origin',(-4129.81743613955,2097.80435269899,0.));
#17329=CARTESIAN_POINT('',(-4129.81743613955,2097.80435269899,0.));
#17330=CARTESIAN_POINT('',(-4129.81743613955,2097.80435269899,0.));
#17331=CARTESIAN_POINT('',(-4129.81743613955,2097.80435269899,5.));
#17332=CARTESIAN_POINT('',(-4129.81743613955,2097.80435269899,5.));
#17333=CARTESIAN_POINT('',(-4129.81743613955,2097.80435269899,0.));
#17334=CARTESIAN_POINT('Origin',(-4129.97500652988,2097.38937987068,0.));
#17335=CARTESIAN_POINT('',(-4129.97500652988,2097.38937987068,0.));
#17336=CARTESIAN_POINT('',(-4129.97500652988,2097.38937987068,0.));
#17337=CARTESIAN_POINT('',(-4129.97500652988,2097.38937987068,5.));
#17338=CARTESIAN_POINT('',(-4129.97500652988,2097.38937987068,5.));
#17339=CARTESIAN_POINT('',(-4129.97500652988,2097.38937987068,0.));
#17340=CARTESIAN_POINT('Origin',(-4130.02625290416,2097.25050684677,0.));
#17341=CARTESIAN_POINT('',(-4130.02625290416,2097.25050684677,0.));
#17342=CARTESIAN_POINT('',(-4130.02625290416,2097.25050684677,0.));
#17343=CARTESIAN_POINT('',(-4130.02625290416,2097.25050684677,5.));
#17344=CARTESIAN_POINT('',(-4130.02625290416,2097.25050684677,5.));
#17345=CARTESIAN_POINT('',(-4130.02625290416,2097.25050684677,0.));
#17346=CARTESIAN_POINT('Origin',(-4130.27832473546,2096.7196124685,0.));
#17347=CARTESIAN_POINT('',(-4130.27832473546,2096.7196124685,0.));
#17348=CARTESIAN_POINT('',(-4130.27832473546,2096.7196124685,0.));
#17349=CARTESIAN_POINT('',(-4130.27832473546,2096.7196124685,5.));
#17350=CARTESIAN_POINT('',(-4130.27832473546,2096.7196124685,5.));
#17351=CARTESIAN_POINT('',(-4130.27832473546,2096.7196124685,0.));
#17352=CARTESIAN_POINT('Origin',(-4130.53079608831,2096.30993309771,0.));
#17353=CARTESIAN_POINT('',(-4130.53079608831,2096.30993309771,0.));
#17354=CARTESIAN_POINT('',(-4130.53079608831,2096.30993309771,0.));
#17355=CARTESIAN_POINT('',(-4130.53079608831,2096.30993309771,5.));
#17356=CARTESIAN_POINT('',(-4130.53079608831,2096.30993309771,5.));
#17357=CARTESIAN_POINT('',(-4130.53079608831,2096.30993309771,0.));
#17358=CARTESIAN_POINT('Origin',(-4130.71598730156,2096.07302672973,0.));
#17359=CARTESIAN_POINT('',(-4130.71598730156,2096.07302672973,0.));
#17360=CARTESIAN_POINT('',(-4130.71598730156,2096.07302672973,0.));
#17361=CARTESIAN_POINT('',(-4130.71598730156,2096.07302672973,5.));
#17362=CARTESIAN_POINT('',(-4130.71598730156,2096.07302672973,5.));
#17363=CARTESIAN_POINT('',(-4130.71598730156,2096.07302672973,0.));
#17364=CARTESIAN_POINT('Origin',(-4129.83383093613,2095.19037150981,0.));
#17365=CARTESIAN_POINT('',(-4129.83383093613,2095.19037150981,0.));
#17366=CARTESIAN_POINT('',(-4129.83383093613,2095.19037150981,0.));
#17367=CARTESIAN_POINT('',(-4129.83383093613,2095.19037150981,5.));
#17368=CARTESIAN_POINT('',(-4129.83383093613,2095.19037150981,5.));
#17369=CARTESIAN_POINT('',(-4129.83383093613,2095.19037150981,0.));
#17370=CARTESIAN_POINT('Origin',(-4129.51530680047,2095.43934983752,0.));
#17371=CARTESIAN_POINT('',(-4129.51530680047,2095.43934983752,0.));
#17372=CARTESIAN_POINT('',(-4129.51530680047,2095.43934983752,0.));
#17373=CARTESIAN_POINT('',(-4129.51530680047,2095.43934983752,5.));
#17374=CARTESIAN_POINT('',(-4129.51530680047,2095.43934983752,5.));
#17375=CARTESIAN_POINT('',(-4129.51530680047,2095.43934983752,0.));
#17376=CARTESIAN_POINT('Origin',(-4129.20152046083,2095.62705763835,0.));
#17377=CARTESIAN_POINT('',(-4129.20152046083,2095.62705763835,0.));
#17378=CARTESIAN_POINT('',(-4129.20152046083,2095.62705763835,0.));
#17379=CARTESIAN_POINT('',(-4129.20152046083,2095.62705763835,5.));
#17380=CARTESIAN_POINT('',(-4129.20152046083,2095.62705763835,5.));
#17381=CARTESIAN_POINT('',(-4129.20152046083,2095.62705763835,0.));
#17382=CARTESIAN_POINT('Origin',(-4129.03356027039,2095.70779793367,0.));
#17383=CARTESIAN_POINT('',(-4129.03356027039,2095.70779793367,0.));
#17384=CARTESIAN_POINT('',(-4129.03356027039,2095.70779793367,0.));
#17385=CARTESIAN_POINT('',(-4129.03356027039,2095.70779793367,5.));
#17386=CARTESIAN_POINT('',(-4129.03356027039,2095.70779793367,5.));
#17387=CARTESIAN_POINT('',(-4129.03356027039,2095.70779793367,0.));
#17388=CARTESIAN_POINT('Origin',(-4128.65457636803,2095.88224744204,0.));
#17389=CARTESIAN_POINT('',(-4128.65457636803,2095.88224744204,0.));
#17390=CARTESIAN_POINT('',(-4128.65457636803,2095.88224744204,0.));
#17391=CARTESIAN_POINT('',(-4128.65457636803,2095.88224744204,5.));
#17392=CARTESIAN_POINT('',(-4128.65457636803,2095.88224744204,5.));
#17393=CARTESIAN_POINT('',(-4128.65457636803,2095.88224744204,0.));
#17394=CARTESIAN_POINT('Origin',(-4128.45838692608,2095.96285572198,0.));
#17395=CARTESIAN_POINT('',(-4128.45838692608,2095.96285572198,0.));
#17396=CARTESIAN_POINT('',(-4128.45838692608,2095.96285572198,0.));
#17397=CARTESIAN_POINT('',(-4128.45838692608,2095.96285572198,5.));
#17398=CARTESIAN_POINT('',(-4128.45838692608,2095.96285572198,5.));
#17399=CARTESIAN_POINT('',(-4128.45838692608,2095.96285572198,0.));
#17400=CARTESIAN_POINT('Origin',(-4127.76715966432,2096.19218742296,0.));
#17401=CARTESIAN_POINT('',(-4127.76715966432,2096.19218742296,0.));
#17402=CARTESIAN_POINT('',(-4127.76715966432,2096.19218742296,0.));
#17403=CARTESIAN_POINT('',(-4127.76715966432,2096.19218742296,5.));
#17404=CARTESIAN_POINT('',(-4127.76715966432,2096.19218742296,5.));
#17405=CARTESIAN_POINT('',(-4127.76715966432,2096.19218742296,0.));
#17406=CARTESIAN_POINT('Origin',(-4127.34519353419,2096.31750669203,0.));
#17407=CARTESIAN_POINT('',(-4127.34519353419,2096.31750669203,0.));
#17408=CARTESIAN_POINT('',(-4127.34519353419,2096.31750669203,0.));
#17409=CARTESIAN_POINT('',(-4127.34519353419,2096.31750669203,5.));
#17410=CARTESIAN_POINT('',(-4127.34519353419,2096.31750669203,5.));
#17411=CARTESIAN_POINT('',(-4127.34519353419,2096.31750669203,0.));
#17412=CARTESIAN_POINT('Origin',(-4126.82924262054,2095.70181544149,0.));
#17413=CARTESIAN_POINT('',(-4126.82924262054,2095.70181544149,0.));
#17414=CARTESIAN_POINT('',(-4126.82924262054,2095.70181544149,0.));
#17415=CARTESIAN_POINT('',(-4126.82924262054,2095.70181544149,5.));
#17416=CARTESIAN_POINT('',(-4126.82924262054,2095.70181544149,5.));
#17417=CARTESIAN_POINT('',(-4126.82924262054,2095.70181544149,0.));
#17418=CARTESIAN_POINT('Origin',(-4126.93176503923,2095.49682539436,0.));
#17419=CARTESIAN_POINT('',(-4126.93176503923,2095.49682539436,0.));
#17420=CARTESIAN_POINT('',(-4126.93176503923,2095.49682539436,0.));
#17421=CARTESIAN_POINT('',(-4126.93176503923,2095.49682539436,5.));
#17422=CARTESIAN_POINT('',(-4126.93176503923,2095.49682539436,5.));
#17423=CARTESIAN_POINT('',(-4126.93176503923,2095.49682539436,0.));
#17424=CARTESIAN_POINT('Origin',(-4127.17999612751,2094.99226753654,0.));
#17425=CARTESIAN_POINT('',(-4127.17999612751,2094.99226753654,0.));
#17426=CARTESIAN_POINT('',(-4127.17999612751,2094.99226753654,0.));
#17427=CARTESIAN_POINT('',(-4127.17999612751,2094.99226753654,5.));
#17428=CARTESIAN_POINT('',(-4127.17999612751,2094.99226753654,5.));
#17429=CARTESIAN_POINT('',(-4127.17999612751,2094.99226753654,0.));
#17430=CARTESIAN_POINT('Origin',(-4127.40723194497,2094.61096088907,0.));
#17431=CARTESIAN_POINT('',(-4127.40723194497,2094.61096088907,0.));
#17432=CARTESIAN_POINT('',(-4127.40723194497,2094.61096088907,0.));
#17433=CARTESIAN_POINT('',(-4127.40723194497,2094.61096088907,5.));
#17434=CARTESIAN_POINT('',(-4127.40723194497,2094.61096088907,5.));
#17435=CARTESIAN_POINT('',(-4127.40723194497,2094.61096088907,0.));
#17436=CARTESIAN_POINT('Origin',(-4127.4818148192,2094.48309649795,0.));
#17437=CARTESIAN_POINT('',(-4127.4818148192,2094.48309649795,0.));
#17438=CARTESIAN_POINT('',(-4127.4818148192,2094.48309649795,0.));
#17439=CARTESIAN_POINT('',(-4127.4818148192,2094.48309649795,5.));
#17440=CARTESIAN_POINT('',(-4127.4818148192,2094.48309649795,5.));
#17441=CARTESIAN_POINT('',(-4127.4818148192,2094.48309649795,0.));
#17442=CARTESIAN_POINT('Origin',(-4127.8222459543,2094.00403941234,0.));
#17443=CARTESIAN_POINT('',(-4127.8222459543,2094.00403941234,0.));
#17444=CARTESIAN_POINT('',(-4127.8222459543,2094.00403941234,0.));
#17445=CARTESIAN_POINT('',(-4127.8222459543,2094.00403941234,5.));
#17446=CARTESIAN_POINT('',(-4127.8222459543,2094.00403941234,5.));
#17447=CARTESIAN_POINT('',(-4127.8222459543,2094.00403941234,0.));
#17448=CARTESIAN_POINT('Origin',(-4128.14202177617,2093.64442518207,0.));
#17449=CARTESIAN_POINT('',(-4128.14202177617,2093.64442518207,0.));
#17450=CARTESIAN_POINT('',(-4128.14202177617,2093.64442518207,0.));
#17451=CARTESIAN_POINT('',(-4128.14202177617,2093.64442518207,5.));
#17452=CARTESIAN_POINT('',(-4128.14202177617,2093.64442518207,5.));
#17453=CARTESIAN_POINT('',(-4128.14202177617,2093.64442518207,0.));
#17454=CARTESIAN_POINT('Origin',(-4128.36553787785,2093.44327607085,0.));
#17455=CARTESIAN_POINT('',(-4128.36553787785,2093.44327607085,0.));
#17456=CARTESIAN_POINT('',(-4128.36553787785,2093.44327607085,0.));
#17457=CARTESIAN_POINT('',(-4128.36553787785,2093.44327607085,5.));
#17458=CARTESIAN_POINT('',(-4128.36553787785,2093.44327607085,5.));
#17459=CARTESIAN_POINT('',(-4128.36553787785,2093.44327607085,0.));
#17460=CARTESIAN_POINT('Origin',(-4127.65005492024,2092.42084552177,0.));
#17461=CARTESIAN_POINT('',(-4127.65005492024,2092.42084552177,0.));
#17462=CARTESIAN_POINT('',(-4127.65005492024,2092.42084552177,0.));
#17463=CARTESIAN_POINT('',(-4127.65005492024,2092.42084552177,5.));
#17464=CARTESIAN_POINT('',(-4127.65005492024,2092.42084552177,5.));
#17465=CARTESIAN_POINT('',(-4127.65005492024,2092.42084552177,0.));
#17466=CARTESIAN_POINT('Origin',(-4127.29313524904,2092.61073017353,0.));
#17467=CARTESIAN_POINT('',(-4127.29313524904,2092.61073017353,0.));
#17468=CARTESIAN_POINT('',(-4127.29313524904,2092.61073017353,0.));
#17469=CARTESIAN_POINT('',(-4127.29313524904,2092.61073017353,5.));
#17470=CARTESIAN_POINT('',(-4127.29313524904,2092.61073017353,5.));
#17471=CARTESIAN_POINT('',(-4127.29313524904,2092.61073017353,0.));
#17472=CARTESIAN_POINT('Origin',(-4126.95152091142,2092.74109784503,0.));
#17473=CARTESIAN_POINT('',(-4126.95152091142,2092.74109784503,0.));
#17474=CARTESIAN_POINT('',(-4126.95152091142,2092.74109784503,0.));
#17475=CARTESIAN_POINT('',(-4126.95152091142,2092.74109784503,5.));
#17476=CARTESIAN_POINT('',(-4126.95152091142,2092.74109784503,5.));
#17477=CARTESIAN_POINT('',(-4126.95152091142,2092.74109784503,0.));
#17478=CARTESIAN_POINT('Origin',(-4126.77209200854,2092.79144553285,0.));
#17479=CARTESIAN_POINT('',(-4126.77209200854,2092.79144553285,0.));
#17480=CARTESIAN_POINT('',(-4126.77209200854,2092.79144553285,0.));
#17481=CARTESIAN_POINT('',(-4126.77209200854,2092.79144553285,5.));
#17482=CARTESIAN_POINT('',(-4126.77209200854,2092.79144553285,5.));
#17483=CARTESIAN_POINT('',(-4126.77209200854,2092.79144553285,0.));
#17484=CARTESIAN_POINT('Origin',(-4126.368572884,2092.89743489719,0.));
#17485=CARTESIAN_POINT('',(-4126.368572884,2092.89743489719,0.));
#17486=CARTESIAN_POINT('',(-4126.368572884,2092.89743489719,0.));
#17487=CARTESIAN_POINT('',(-4126.368572884,2092.89743489719,5.));
#17488=CARTESIAN_POINT('',(-4126.368572884,2092.89743489719,5.));
#17489=CARTESIAN_POINT('',(-4126.368572884,2092.89743489719,0.));
#17490=CARTESIAN_POINT('Origin',(-4126.16136651959,2092.94275061716,0.));
#17491=CARTESIAN_POINT('',(-4126.16136651959,2092.94275061716,0.));
#17492=CARTESIAN_POINT('',(-4126.16136651959,2092.94275061716,0.));
#17493=CARTESIAN_POINT('',(-4126.16136651959,2092.94275061716,5.));
#17494=CARTESIAN_POINT('',(-4126.16136651959,2092.94275061716,5.));
#17495=CARTESIAN_POINT('',(-4126.16136651959,2092.94275061716,0.));
#17496=CARTESIAN_POINT('Origin',(-4125.44081752116,2093.04856789993,0.));
#17497=CARTESIAN_POINT('',(-4125.44081752116,2093.04856789993,0.));
#17498=CARTESIAN_POINT('',(-4125.44081752116,2093.04856789993,0.));
#17499=CARTESIAN_POINT('',(-4125.44081752116,2093.04856789993,5.));
#17500=CARTESIAN_POINT('',(-4125.44081752116,2093.04856789993,5.));
#17501=CARTESIAN_POINT('',(-4125.44081752116,2093.04856789993,0.));
#17502=CARTESIAN_POINT('Origin',(-4125.00350054201,2093.09870963819,0.));
#17503=CARTESIAN_POINT('',(-4125.00350054201,2093.09870963819,0.));
#17504=CARTESIAN_POINT('',(-4125.00350054201,2093.09870963819,0.));
#17505=CARTESIAN_POINT('',(-4125.00350054201,2093.09870963819,5.));
#17506=CARTESIAN_POINT('',(-4125.00350054201,2093.09870963819,5.));
#17507=CARTESIAN_POINT('',(-4125.00350054201,2093.09870963819,0.));
#17508=CARTESIAN_POINT('Origin',(-4124.60230174572,2092.40277818527,0.));
#17509=CARTESIAN_POINT('',(-4124.60230174572,2092.40277818527,0.));
#17510=CARTESIAN_POINT('',(-4124.60230174572,2092.40277818527,0.));
#17511=CARTESIAN_POINT('',(-4124.60230174572,2092.40277818527,5.));
#17512=CARTESIAN_POINT('',(-4124.60230174572,2092.40277818527,5.));
#17513=CARTESIAN_POINT('',(-4124.60230174572,2092.40277818527,0.));
#17514=CARTESIAN_POINT('Origin',(-4124.73886276664,2092.21870522874,0.));
#17515=CARTESIAN_POINT('',(-4124.73886276664,2092.21870522874,0.));
#17516=CARTESIAN_POINT('',(-4124.73886276664,2092.21870522874,0.));
#17517=CARTESIAN_POINT('',(-4124.73886276664,2092.21870522874,5.));
#17518=CARTESIAN_POINT('',(-4124.73886276664,2092.21870522874,5.));
#17519=CARTESIAN_POINT('',(-4124.73886276664,2092.21870522874,0.));
#17520=CARTESIAN_POINT('Origin',(-4125.07093821945,2091.76491761464,0.));
#17521=CARTESIAN_POINT('',(-4125.07093821945,2091.76491761464,0.));
#17522=CARTESIAN_POINT('',(-4125.07093821945,2091.76491761464,0.));
#17523=CARTESIAN_POINT('',(-4125.07093821945,2091.76491761464,5.));
#17524=CARTESIAN_POINT('',(-4125.07093821945,2091.76491761464,5.));
#17525=CARTESIAN_POINT('',(-4125.07093821945,2091.76491761464,0.));
#17526=CARTESIAN_POINT('Origin',(-4125.36093501871,2091.42886295754,0.));
#17527=CARTESIAN_POINT('',(-4125.36093501871,2091.42886295754,0.));
#17528=CARTESIAN_POINT('',(-4125.36093501871,2091.42886295754,0.));
#17529=CARTESIAN_POINT('',(-4125.36093501871,2091.42886295754,5.));
#17530=CARTESIAN_POINT('',(-4125.36093501871,2091.42886295754,5.));
#17531=CARTESIAN_POINT('',(-4125.36093501871,2091.42886295754,0.));
#17532=CARTESIAN_POINT('Origin',(-4125.45658823,2091.31589229402,0.));
#17533=CARTESIAN_POINT('',(-4125.45658823,2091.31589229402,0.));
#17534=CARTESIAN_POINT('',(-4125.45658823,2091.31589229402,0.));
#17535=CARTESIAN_POINT('',(-4125.45658823,2091.31589229402,5.));
#17536=CARTESIAN_POINT('',(-4125.45658823,2091.31589229402,5.));
#17537=CARTESIAN_POINT('',(-4125.45658823,2091.31589229402,0.));
#17538=CARTESIAN_POINT('Origin',(-4125.87503484113,2090.90322840822,0.));
#17539=CARTESIAN_POINT('',(-4125.87503484113,2090.90322840822,0.));
#17540=CARTESIAN_POINT('',(-4125.87503484113,2090.90322840822,0.));
#17541=CARTESIAN_POINT('',(-4125.87503484113,2090.90322840822,5.));
#17542=CARTESIAN_POINT('',(-4125.87503484113,2090.90322840822,5.));
#17543=CARTESIAN_POINT('',(-4125.87503484113,2090.90322840822,0.));
#17544=CARTESIAN_POINT('Origin',(-4126.25239890548,2090.60460601488,0.));
#17545=CARTESIAN_POINT('',(-4126.25239890548,2090.60460601488,0.));
#17546=CARTESIAN_POINT('',(-4126.25239890548,2090.60460601488,0.));
#17547=CARTESIAN_POINT('',(-4126.25239890548,2090.60460601488,5.));
#17548=CARTESIAN_POINT('',(-4126.25239890548,2090.60460601488,5.));
#17549=CARTESIAN_POINT('',(-4126.25239890548,2090.60460601488,0.));
#17550=CARTESIAN_POINT('Origin',(-4126.50744847194,2090.44532597437,0.));
#17551=CARTESIAN_POINT('',(-4126.50744847194,2090.44532597437,0.));
#17552=CARTESIAN_POINT('',(-4126.50744847194,2090.44532597437,0.));
#17553=CARTESIAN_POINT('',(-4126.50744847194,2090.44532597437,5.));
#17554=CARTESIAN_POINT('',(-4126.50744847194,2090.44532597437,5.));
#17555=CARTESIAN_POINT('',(-4126.50744847194,2090.44532597437,0.));
#17556=CARTESIAN_POINT('Origin',(-4125.98037850978,2089.31418613098,0.));
#17557=CARTESIAN_POINT('',(-4125.98037850978,2089.31418613098,0.));
#17558=CARTESIAN_POINT('',(-4125.98037850978,2089.31418613098,0.));
#17559=CARTESIAN_POINT('',(-4125.98037850978,2089.31418613098,5.));
#17560=CARTESIAN_POINT('',(-4125.98037850978,2089.31418613098,5.));
#17561=CARTESIAN_POINT('',(-4125.98037850978,2089.31418613098,0.));
#17562=CARTESIAN_POINT('Origin',(-4125.59590812663,2089.43920755773,0.));
#17563=CARTESIAN_POINT('',(-4125.59590812663,2089.43920755773,0.));
#17564=CARTESIAN_POINT('',(-4125.59590812663,2089.43920755773,0.));
#17565=CARTESIAN_POINT('',(-4125.59590812663,2089.43920755773,5.));
#17566=CARTESIAN_POINT('',(-4125.59590812663,2089.43920755773,5.));
#17567=CARTESIAN_POINT('',(-4125.59590812663,2089.43920755773,0.));
#17568=CARTESIAN_POINT('Origin',(-4125.23684556982,2089.50827394418,0.));
#17569=CARTESIAN_POINT('',(-4125.23684556982,2089.50827394418,0.));
#17570=CARTESIAN_POINT('',(-4125.23684556982,2089.50827394418,0.));
#17571=CARTESIAN_POINT('',(-4125.23684556982,2089.50827394418,5.));
#17572=CARTESIAN_POINT('',(-4125.23684556982,2089.50827394418,5.));
#17573=CARTESIAN_POINT('',(-4125.23684556982,2089.50827394418,0.));
#17574=CARTESIAN_POINT('Origin',(-4125.05139981091,2089.52669923548,0.));
#17575=CARTESIAN_POINT('',(-4125.05139981091,2089.52669923548,0.));
#17576=CARTESIAN_POINT('',(-4125.05139981091,2089.52669923548,0.));
#17577=CARTESIAN_POINT('',(-4125.05139981091,2089.52669923548,5.));
#17578=CARTESIAN_POINT('',(-4125.05139981091,2089.52669923548,5.));
#17579=CARTESIAN_POINT('',(-4125.05139981091,2089.52669923548,0.));
#17580=CARTESIAN_POINT('Origin',(-4124.63560618861,2089.5610080226,0.));
#17581=CARTESIAN_POINT('',(-4124.63560618861,2089.5610080226,0.));
#17582=CARTESIAN_POINT('',(-4124.63560618861,2089.5610080226,0.));
#17583=CARTESIAN_POINT('',(-4124.63560618861,2089.5610080226,5.));
#17584=CARTESIAN_POINT('',(-4124.63560618861,2089.5610080226,5.));
#17585=CARTESIAN_POINT('',(-4124.63560618861,2089.5610080226,0.));
#17586=CARTESIAN_POINT('Origin',(-4124.42367876227,2089.56965428737,0.));
#17587=CARTESIAN_POINT('',(-4124.42367876227,2089.56965428737,0.));
#17588=CARTESIAN_POINT('',(-4124.42367876227,2089.56965428737,0.));
#17589=CARTESIAN_POINT('',(-4124.42367876227,2089.56965428737,5.));
#17590=CARTESIAN_POINT('',(-4124.42367876227,2089.56965428737,5.));
#17591=CARTESIAN_POINT('',(-4124.42367876227,2089.56965428737,0.));
#17592=CARTESIAN_POINT('Origin',(-4123.69570154387,2089.54874194735,0.));
#17593=CARTESIAN_POINT('',(-4123.69570154387,2089.54874194735,0.));
#17594=CARTESIAN_POINT('',(-4123.69570154387,2089.54874194735,0.));
#17595=CARTESIAN_POINT('',(-4123.69570154387,2089.54874194735,5.));
#17596=CARTESIAN_POINT('',(-4123.69570154387,2089.54874194735,5.));
#17597=CARTESIAN_POINT('',(-4123.69570154387,2089.54874194735,0.));
#17598=CARTESIAN_POINT('Origin',(-4123.2563213708,2089.52218262344,0.));
#17599=CARTESIAN_POINT('',(-4123.2563213708,2089.52218262344,0.));
#17600=CARTESIAN_POINT('',(-4123.2563213708,2089.52218262344,0.));
#17601=CARTESIAN_POINT('',(-4123.2563213708,2089.52218262344,5.));
#17602=CARTESIAN_POINT('',(-4123.2563213708,2089.52218262344,5.));
#17603=CARTESIAN_POINT('',(-4123.2563213708,2089.52218262344,0.));
#17604=CARTESIAN_POINT('Origin',(-4122.98206491431,2088.76715649319,0.));
#17605=CARTESIAN_POINT('',(-4122.98206491431,2088.76715649319,0.));
#17606=CARTESIAN_POINT('',(-4122.98206491431,2088.76715649319,0.));
#17607=CARTESIAN_POINT('',(-4122.98206491431,2088.76715649319,5.));
#17608=CARTESIAN_POINT('',(-4122.98206491431,2088.76715649319,5.));
#17609=CARTESIAN_POINT('',(-4122.98206491431,2088.76715649319,0.));
#17610=CARTESIAN_POINT('Origin',(-4123.14851519992,2088.6095935909,0.));
#17611=CARTESIAN_POINT('',(-4123.14851519992,2088.6095935909,0.));
#17612=CARTESIAN_POINT('',(-4123.14851519992,2088.6095935909,0.));
#17613=CARTESIAN_POINT('',(-4123.14851519992,2088.6095935909,5.));
#17614=CARTESIAN_POINT('',(-4123.14851519992,2088.6095935909,5.));
#17615=CARTESIAN_POINT('',(-4123.14851519992,2088.6095935909,0.));
#17616=CARTESIAN_POINT('Origin',(-4123.55434507267,2088.22036432754,0.));
#17617=CARTESIAN_POINT('',(-4123.55434507267,2088.22036432754,0.));
#17618=CARTESIAN_POINT('',(-4123.55434507267,2088.22036432754,0.));
#17619=CARTESIAN_POINT('',(-4123.55434507267,2088.22036432754,5.));
#17620=CARTESIAN_POINT('',(-4123.55434507267,2088.22036432754,5.));
#17621=CARTESIAN_POINT('',(-4123.55434507267,2088.22036432754,0.));
#17622=CARTESIAN_POINT('Origin',(-4123.89829144773,2087.93977251151,0.));
#17623=CARTESIAN_POINT('',(-4123.89829144773,2087.93977251151,0.));
#17624=CARTESIAN_POINT('',(-4123.89829144773,2087.93977251151,0.));
#17625=CARTESIAN_POINT('',(-4123.89829144773,2087.93977251151,5.));
#17626=CARTESIAN_POINT('',(-4123.89829144773,2087.93977251151,5.));
#17627=CARTESIAN_POINT('',(-4123.89829144773,2087.93977251151,0.));
#17628=CARTESIAN_POINT('Origin',(-4124.01210862167,2087.84512813205,0.));
#17629=CARTESIAN_POINT('',(-4124.01210862167,2087.84512813205,0.));
#17630=CARTESIAN_POINT('',(-4124.01210862167,2087.84512813205,0.));
#17631=CARTESIAN_POINT('',(-4124.01210862167,2087.84512813205,5.));
#17632=CARTESIAN_POINT('',(-4124.01210862167,2087.84512813205,5.));
#17633=CARTESIAN_POINT('',(-4124.01210862167,2087.84512813205,0.));
#17634=CARTESIAN_POINT('Origin',(-4124.49585642028,2087.51139602939,0.));
#17635=CARTESIAN_POINT('',(-4124.49585642028,2087.51139602939,0.));
#17636=CARTESIAN_POINT('',(-4124.49585642028,2087.51139602939,0.));
#17637=CARTESIAN_POINT('',(-4124.49585642028,2087.51139602939,5.));
#17638=CARTESIAN_POINT('',(-4124.49585642028,2087.51139602939,5.));
#17639=CARTESIAN_POINT('',(-4124.49585642028,2087.51139602939,0.));
#17640=CARTESIAN_POINT('Origin',(-4124.91934271098,2087.2828389633,0.));
#17641=CARTESIAN_POINT('',(-4124.91934271098,2087.2828389633,0.));
#17642=CARTESIAN_POINT('',(-4124.91934271098,2087.2828389633,0.));
#17643=CARTESIAN_POINT('',(-4124.91934271098,2087.2828389633,5.));
#17644=CARTESIAN_POINT('',(-4124.91934271098,2087.2828389633,5.));
#17645=CARTESIAN_POINT('',(-4124.91934271098,2087.2828389633,0.));
#17646=CARTESIAN_POINT('Origin',(-4125.1981761902,2087.17026763694,0.));
#17647=CARTESIAN_POINT('',(-4125.1981761902,2087.17026763694,0.));
#17648=CARTESIAN_POINT('',(-4125.1981761902,2087.17026763694,0.));
#17649=CARTESIAN_POINT('',(-4125.1981761902,2087.17026763694,5.));
#17650=CARTESIAN_POINT('',(-4125.1981761902,2087.17026763694,5.));
#17651=CARTESIAN_POINT('',(-4125.1981761902,2087.17026763694,0.));
#17652=CARTESIAN_POINT('Origin',(-4124.87553397758,2085.96478761099,0.));
#17653=CARTESIAN_POINT('',(-4124.87553397758,2085.96478761099,0.));
#17654=CARTESIAN_POINT('',(-4124.87553397758,2085.96478761099,0.));
#17655=CARTESIAN_POINT('',(-4124.87553397758,2085.96478761099,5.));
#17656=CARTESIAN_POINT('',(-4124.87553397758,2085.96478761099,5.));
#17657=CARTESIAN_POINT('',(-4124.87553397758,2085.96478761099,0.));
#17658=CARTESIAN_POINT('Origin',(-4124.47519482053,2086.02114709995,0.));
#17659=CARTESIAN_POINT('',(-4124.47519482053,2086.02114709995,0.));
#17660=CARTESIAN_POINT('',(-4124.47519482053,2086.02114709995,0.));
#17661=CARTESIAN_POINT('',(-4124.47519482053,2086.02114709995,5.));
#17662=CARTESIAN_POINT('',(-4124.47519482053,2086.02114709995,5.));
#17663=CARTESIAN_POINT('',(-4124.47519482053,2086.02114709995,0.));
#17664=CARTESIAN_POINT('Origin',(-4124.10959397862,2086.02681365414,0.));
#17665=CARTESIAN_POINT('',(-4124.10959397862,2086.02681365414,0.));
#17666=CARTESIAN_POINT('',(-4124.10959397862,2086.02681365414,0.));
#17667=CARTESIAN_POINT('',(-4124.10959397862,2086.02681365414,5.));
#17668=CARTESIAN_POINT('',(-4124.10959397862,2086.02681365414,5.));
#17669=CARTESIAN_POINT('',(-4124.10959397862,2086.02681365414,0.));
#17670=CARTESIAN_POINT('Origin',(-4123.92376603922,2086.01275670578,0.));
#17671=CARTESIAN_POINT('',(-4123.92376603922,2086.01275670578,0.));
#17672=CARTESIAN_POINT('',(-4123.92376603922,2086.01275670578,0.));
#17673=CARTESIAN_POINT('',(-4123.92376603922,2086.01275670578,5.));
#17674=CARTESIAN_POINT('',(-4123.92376603922,2086.01275670578,5.));
#17675=CARTESIAN_POINT('',(-4123.92376603922,2086.01275670578,0.));
#17676=CARTESIAN_POINT('Origin',(-4123.50833159797,2085.97434246052,0.));
#17677=CARTESIAN_POINT('',(-4123.50833159797,2085.97434246052,0.));
#17678=CARTESIAN_POINT('',(-4123.50833159797,2085.97434246052,0.));
#17679=CARTESIAN_POINT('',(-4123.50833159797,2085.97434246052,5.));
#17680=CARTESIAN_POINT('',(-4123.50833159797,2085.97434246052,5.));
#17681=CARTESIAN_POINT('',(-4123.50833159797,2085.97434246052,0.));
#17682=CARTESIAN_POINT('Origin',(-4123.29812241731,2085.94605655773,0.));
#17683=CARTESIAN_POINT('',(-4123.29812241731,2085.94605655773,0.));
#17684=CARTESIAN_POINT('',(-4123.29812241731,2085.94605655773,0.));
#17685=CARTESIAN_POINT('',(-4123.29812241731,2085.94605655773,5.));
#17686=CARTESIAN_POINT('',(-4123.29812241731,2085.94605655773,5.));
#17687=CARTESIAN_POINT('',(-4123.29812241731,2085.94605655773,0.));
#17688=CARTESIAN_POINT('Origin',(-4122.58483619835,2085.79905000578,0.));
#17689=CARTESIAN_POINT('',(-4122.58483619835,2085.79905000578,0.));
#17690=CARTESIAN_POINT('',(-4122.58483619835,2085.79905000578,0.));
#17691=CARTESIAN_POINT('',(-4122.58483619835,2085.79905000578,5.));
#17692=CARTESIAN_POINT('',(-4122.58483619835,2085.79905000578,5.));
#17693=CARTESIAN_POINT('',(-4122.58483619835,2085.79905000578,0.));
#17694=CARTESIAN_POINT('Origin',(-4122.15674317559,2085.69659661132,0.));
#17695=CARTESIAN_POINT('',(-4122.15674317559,2085.69659661132,0.));
#17696=CARTESIAN_POINT('',(-4122.15674317559,2085.69659661132,0.));
#17697=CARTESIAN_POINT('',(-4122.15674317559,2085.69659661132,5.));
#17698=CARTESIAN_POINT('',(-4122.15674317559,2085.69659661132,5.));
#17699=CARTESIAN_POINT('',(-4122.15674317559,2085.69659661132,0.));
#17700=CARTESIAN_POINT('Origin',(-4122.01776220253,2084.90541689064,0.));
#17701=CARTESIAN_POINT('',(-4122.01776220253,2084.90541689064,0.));
#17702=CARTESIAN_POINT('',(-4122.01776220253,2084.90541689064,0.));
#17703=CARTESIAN_POINT('',(-4122.01776220253,2084.90541689064,5.));
#17704=CARTESIAN_POINT('',(-4122.01776220253,2084.90541689064,5.));
#17705=CARTESIAN_POINT('',(-4122.01776220253,2084.90541689064,0.));
#17706=CARTESIAN_POINT('Origin',(-4122.20904424514,2084.77915151165,0.));
#17707=CARTESIAN_POINT('',(-4122.20904424514,2084.77915151165,0.));
#17708=CARTESIAN_POINT('',(-4122.20904424514,2084.77915151165,0.));
#17709=CARTESIAN_POINT('',(-4122.20904424514,2084.77915151165,5.));
#17710=CARTESIAN_POINT('',(-4122.20904424514,2084.77915151165,5.));
#17711=CARTESIAN_POINT('',(-4122.20904424514,2084.77915151165,0.));
#17712=CARTESIAN_POINT('Origin',(-4122.6762976025,2084.46630713324,0.));
#17713=CARTESIAN_POINT('',(-4122.6762976025,2084.46630713324,0.));
#17714=CARTESIAN_POINT('',(-4122.6762976025,2084.46630713324,0.));
#17715=CARTESIAN_POINT('',(-4122.6762976025,2084.46630713324,5.));
#17716=CARTESIAN_POINT('',(-4122.6762976025,2084.46630713324,5.));
#17717=CARTESIAN_POINT('',(-4122.6762976025,2084.46630713324,0.));
#17718=CARTESIAN_POINT('Origin',(-4123.06374291681,2084.24970379863,0.));
#17719=CARTESIAN_POINT('',(-4123.06374291681,2084.24970379863,0.));
#17720=CARTESIAN_POINT('',(-4123.06374291681,2084.24970379863,0.));
#17721=CARTESIAN_POINT('',(-4123.06374291681,2084.24970379863,5.));
#17722=CARTESIAN_POINT('',(-4123.06374291681,2084.24970379863,5.));
#17723=CARTESIAN_POINT('',(-4123.06374291681,2084.24970379863,0.));
#17724=CARTESIAN_POINT('Origin',(-4123.19226577615,2084.17626142479,0.));
#17725=CARTESIAN_POINT('',(-4123.19226577615,2084.17626142479,0.));
#17726=CARTESIAN_POINT('',(-4123.19226577615,2084.17626142479,0.));
#17727=CARTESIAN_POINT('',(-4123.19226577615,2084.17626142479,5.));
#17728=CARTESIAN_POINT('',(-4123.19226577615,2084.17626142479,5.));
#17729=CARTESIAN_POINT('',(-4123.19226577615,2084.17626142479,0.));
#17730=CARTESIAN_POINT('Origin',(-4123.72661633018,2083.93160138634,0.));
#17731=CARTESIAN_POINT('',(-4123.72661633018,2083.93160138634,0.));
#17732=CARTESIAN_POINT('',(-4123.72661633018,2083.93160138634,0.));
#17733=CARTESIAN_POINT('',(-4123.72661633018,2083.93160138634,5.));
#17734=CARTESIAN_POINT('',(-4123.72661633018,2083.93160138634,5.));
#17735=CARTESIAN_POINT('',(-4123.72661633018,2083.93160138634,0.));
#17736=CARTESIAN_POINT('Origin',(-4124.18335743057,2083.7800542383,0.));
#17737=CARTESIAN_POINT('',(-4124.18335743057,2083.7800542383,0.));
#17738=CARTESIAN_POINT('',(-4124.18335743057,2083.7800542383,0.));
#17739=CARTESIAN_POINT('',(-4124.18335743057,2083.7800542383,5.));
#17740=CARTESIAN_POINT('',(-4124.18335743057,2083.7800542383,5.));
#17741=CARTESIAN_POINT('',(-4124.18335743057,2083.7800542383,0.));
#17742=CARTESIAN_POINT('Origin',(-4124.47750260839,2083.71761204887,0.));
#17743=CARTESIAN_POINT('',(-4124.47750260839,2083.71761204887,0.));
#17744=CARTESIAN_POINT('',(-4124.47750260839,2083.71761204887,0.));
#17745=CARTESIAN_POINT('',(-4124.47750260839,2083.71761204887,5.));
#17746=CARTESIAN_POINT('',(-4124.47750260839,2083.71761204887,5.));
#17747=CARTESIAN_POINT('',(-4124.47750260839,2083.71761204887,0.));
#17748=CARTESIAN_POINT('Origin',(-4124.36909146567,2082.47441974096,0.));
#17749=CARTESIAN_POINT('',(-4124.36909146567,2082.47441974096,0.));
#17750=CARTESIAN_POINT('',(-4124.36909146567,2082.47441974096,0.));
#17751=CARTESIAN_POINT('',(-4124.36909146567,2082.47441974096,5.));
#17752=CARTESIAN_POINT('',(-4124.36909146567,2082.47441974096,5.));
#17753=CARTESIAN_POINT('',(-4124.36909146567,2082.47441974096,0.));
#17754=CARTESIAN_POINT('Origin',(-4123.96504763742,2082.46040483757,0.));
#17755=CARTESIAN_POINT('',(-4123.96504763742,2082.46040483757,0.));
#17756=CARTESIAN_POINT('',(-4123.96504763742,2082.46040483757,0.));
#17757=CARTESIAN_POINT('',(-4123.96504763742,2082.46040483757,5.));
#17758=CARTESIAN_POINT('',(-4123.96504763742,2082.46040483757,5.));
#17759=CARTESIAN_POINT('',(-4123.96504763742,2082.46040483757,0.));
#17760=CARTESIAN_POINT('Origin',(-4123.604017107,2082.40249938411,0.));
#17761=CARTESIAN_POINT('',(-4123.604017107,2082.40249938411,0.));
#17762=CARTESIAN_POINT('',(-4123.604017107,2082.40249938411,0.));
#17763=CARTESIAN_POINT('',(-4123.604017107,2082.40249938411,5.));
#17764=CARTESIAN_POINT('',(-4123.604017107,2082.40249938411,5.));
#17765=CARTESIAN_POINT('',(-4123.604017107,2082.40249938411,0.));
#17766=CARTESIAN_POINT('Origin',(-4123.42345327501,2082.35638730935,0.));
#17767=CARTESIAN_POINT('',(-4123.42345327501,2082.35638730935,0.));
#17768=CARTESIAN_POINT('',(-4123.42345327501,2082.35638730935,0.));
#17769=CARTESIAN_POINT('',(-4123.42345327501,2082.35638730935,5.));
#17770=CARTESIAN_POINT('',(-4123.42345327501,2082.35638730935,5.));
#17771=CARTESIAN_POINT('',(-4123.42345327501,2082.35638730935,0.));
#17772=CARTESIAN_POINT('Origin',(-4123.02100078008,2082.24641722913,0.));
#17773=CARTESIAN_POINT('',(-4123.02100078008,2082.24641722913,0.));
#17774=CARTESIAN_POINT('',(-4123.02100078008,2082.24641722913,0.));
#17775=CARTESIAN_POINT('',(-4123.02100078008,2082.24641722913,5.));
#17776=CARTESIAN_POINT('',(-4123.02100078008,2082.24641722913,5.));
#17777=CARTESIAN_POINT('',(-4123.02100078008,2082.24641722913,0.));
#17778=CARTESIAN_POINT('Origin',(-4122.81889694469,2082.18205861161,0.));
#17779=CARTESIAN_POINT('',(-4122.81889694469,2082.18205861161,0.));
#17780=CARTESIAN_POINT('',(-4122.81889694469,2082.18205861161,0.));
#17781=CARTESIAN_POINT('',(-4122.81889694469,2082.18205861161,5.));
#17782=CARTESIAN_POINT('',(-4122.81889694469,2082.18205861161,5.));
#17783=CARTESIAN_POINT('',(-4122.81889694469,2082.18205861161,0.));
#17784=CARTESIAN_POINT('Origin',(-4122.141974566,2081.91342456743,0.));
#17785=CARTESIAN_POINT('',(-4122.141974566,2081.91342456743,0.));
#17786=CARTESIAN_POINT('',(-4122.141974566,2081.91342456743,0.));
#17787=CARTESIAN_POINT('',(-4122.141974566,2081.91342456743,5.));
#17788=CARTESIAN_POINT('',(-4122.141974566,2081.91342456743,5.));
#17789=CARTESIAN_POINT('',(-4122.141974566,2081.91342456743,0.));
#17790=CARTESIAN_POINT('Origin',(-4121.73817608341,2081.73819009697,0.));
#17791=CARTESIAN_POINT('',(-4121.73817608341,2081.73819009697,0.));
#17792=CARTESIAN_POINT('',(-4121.73817608341,2081.73819009697,0.));
#17793=CARTESIAN_POINT('',(-4121.73817608341,2081.73819009697,5.));
#17794=CARTESIAN_POINT('',(-4121.73817608341,2081.73819009697,5.));
#17795=CARTESIAN_POINT('',(-4121.73817608341,2081.73819009697,0.));
#17796=CARTESIAN_POINT('Origin',(-4121.73869346033,2080.93489638131,0.));
#17797=CARTESIAN_POINT('',(-4121.73869346033,2080.93489638131,0.));
#17798=CARTESIAN_POINT('',(-4121.73869346033,2080.93489638131,0.));
#17799=CARTESIAN_POINT('',(-4121.73869346033,2080.93489638131,5.));
#17800=CARTESIAN_POINT('',(-4121.73869346033,2080.93489638131,5.));
#17801=CARTESIAN_POINT('',(-4121.73869346033,2080.93489638131,0.));
#17802=CARTESIAN_POINT('Origin',(-4121.94899525187,2080.84376503527,0.));
#17803=CARTESIAN_POINT('',(-4121.94899525187,2080.84376503527,0.));
#17804=CARTESIAN_POINT('',(-4121.94899525187,2080.84376503527,0.));
#17805=CARTESIAN_POINT('',(-4121.94899525187,2080.84376503527,5.));
#17806=CARTESIAN_POINT('',(-4121.94899525187,2080.84376503527,5.));
#17807=CARTESIAN_POINT('',(-4121.94899525187,2080.84376503527,0.));
#17808=CARTESIAN_POINT('Origin',(-4122.46347483702,2080.61681115994,0.));
#17809=CARTESIAN_POINT('',(-4122.46347483702,2080.61681115994,0.));
#17810=CARTESIAN_POINT('',(-4122.46347483702,2080.61681115994,0.));
#17811=CARTESIAN_POINT('',(-4122.46347483702,2080.61681115994,5.));
#17812=CARTESIAN_POINT('',(-4122.46347483702,2080.61681115994,5.));
#17813=CARTESIAN_POINT('',(-4122.46347483702,2080.61681115994,0.));
#17814=CARTESIAN_POINT('Origin',(-4122.88264676075,2080.47077768946,0.));
#17815=CARTESIAN_POINT('',(-4122.88264676075,2080.47077768946,0.));
#17816=CARTESIAN_POINT('',(-4122.88264676075,2080.47077768946,0.));
#17817=CARTESIAN_POINT('',(-4122.88264676075,2080.47077768946,5.));
#17818=CARTESIAN_POINT('',(-4122.88264676075,2080.47077768946,5.));
#17819=CARTESIAN_POINT('',(-4122.88264676075,2080.47077768946,0.));
#17820=CARTESIAN_POINT('Origin',(-4123.02197020344,2080.42076883062,0.));
#17821=CARTESIAN_POINT('',(-4123.02197020344,2080.42076883062,0.));
#17822=CARTESIAN_POINT('',(-4123.02197020344,2080.42076883062,0.));
#17823=CARTESIAN_POINT('',(-4123.02197020344,2080.42076883062,5.));
#17824=CARTESIAN_POINT('',(-4123.02197020344,2080.42076883062,5.));
#17825=CARTESIAN_POINT('',(-4123.02197020344,2080.42076883062,0.));
#17826=CARTESIAN_POINT('Origin',(-4123.59068754171,2080.27261472785,0.));
#17827=CARTESIAN_POINT('',(-4123.59068754171,2080.27261472785,0.));
#17828=CARTESIAN_POINT('',(-4123.59068754171,2080.27261472785,0.));
#17829=CARTESIAN_POINT('',(-4123.59068754171,2080.27261472785,5.));
#17830=CARTESIAN_POINT('',(-4123.59068754171,2080.27261472785,5.));
#17831=CARTESIAN_POINT('',(-4123.59068754171,2080.27261472785,0.));
#17832=CARTESIAN_POINT('Origin',(-4124.06680560458,2080.20268218126,0.));
#17833=CARTESIAN_POINT('',(-4124.06680560458,2080.20268218126,0.));
#17834=CARTESIAN_POINT('',(-4124.06680560458,2080.20268218126,0.));
#17835=CARTESIAN_POINT('',(-4124.06680560458,2080.20268218126,5.));
#17836=CARTESIAN_POINT('',(-4124.06680560458,2080.20268218126,5.));
#17837=CARTESIAN_POINT('',(-4124.06680560458,2080.20268218126,0.));
#17838=CARTESIAN_POINT('Origin',(-4124.36732502861,2080.19226640309,0.));
#17839=CARTESIAN_POINT('',(-4124.36732502861,2080.19226640309,0.));
#17840=CARTESIAN_POINT('',(-4124.36732502861,2080.19226640309,0.));
#17841=CARTESIAN_POINT('',(-4124.36732502861,2080.19226640309,5.));
#17842=CARTESIAN_POINT('',(-4124.36732502861,2080.19226640309,5.));
#17843=CARTESIAN_POINT('',(-4124.36732502861,2080.19226640309,0.));
#17844=CARTESIAN_POINT('Origin',(-4124.47643897351,2078.9491355824,0.));
#17845=CARTESIAN_POINT('',(-4124.47643897351,2078.9491355824,0.));
#17846=CARTESIAN_POINT('',(-4124.47643897351,2078.9491355824,0.));
#17847=CARTESIAN_POINT('',(-4124.47643897351,2078.9491355824,5.));
#17848=CARTESIAN_POINT('',(-4124.47643897351,2078.9491355824,5.));
#17849=CARTESIAN_POINT('',(-4124.47643897351,2078.9491355824,0.));
#17850=CARTESIAN_POINT('Origin',(-4124.08096714132,2078.86517212241,0.));
#17851=CARTESIAN_POINT('',(-4124.08096714132,2078.86517212241,0.));
#17852=CARTESIAN_POINT('',(-4124.08096714132,2078.86517212241,0.));
#17853=CARTESIAN_POINT('',(-4124.08096714132,2078.86517212241,5.));
#17854=CARTESIAN_POINT('',(-4124.08096714132,2078.86517212241,5.));
#17855=CARTESIAN_POINT('',(-4124.08096714132,2078.86517212241,0.));
#17856=CARTESIAN_POINT('Origin',(-4123.73547665236,2078.74545408922,0.));
#17857=CARTESIAN_POINT('',(-4123.73547665236,2078.74545408922,0.));
#17858=CARTESIAN_POINT('',(-4123.73547665236,2078.74545408922,0.));
#17859=CARTESIAN_POINT('',(-4123.73547665236,2078.74545408922,5.));
#17860=CARTESIAN_POINT('',(-4123.73547665236,2078.74545408922,5.));
#17861=CARTESIAN_POINT('',(-4123.73547665236,2078.74545408922,0.));
#17862=CARTESIAN_POINT('Origin',(-4123.56566326846,2078.6686879801,0.));
#17863=CARTESIAN_POINT('',(-4123.56566326846,2078.6686879801,0.));
#17864=CARTESIAN_POINT('',(-4123.56566326846,2078.6686879801,0.));
#17865=CARTESIAN_POINT('',(-4123.56566326846,2078.6686879801,5.));
#17866=CARTESIAN_POINT('',(-4123.56566326846,2078.6686879801,5.));
#17867=CARTESIAN_POINT('',(-4123.56566326846,2078.6686879801,0.));
#17868=CARTESIAN_POINT('Origin',(-4123.18842103526,2078.49050345017,0.));
#17869=CARTESIAN_POINT('',(-4123.18842103526,2078.49050345017,0.));
#17870=CARTESIAN_POINT('',(-4123.18842103526,2078.49050345017,0.));
#17871=CARTESIAN_POINT('',(-4123.18842103526,2078.49050345017,5.));
#17872=CARTESIAN_POINT('',(-4123.18842103526,2078.49050345017,5.));
#17873=CARTESIAN_POINT('',(-4123.18842103526,2078.49050345017,0.));
#17874=CARTESIAN_POINT('Origin',(-4123.0005633679,2078.39202762194,0.));
#17875=CARTESIAN_POINT('',(-4123.0005633679,2078.39202762194,0.));
#17876=CARTESIAN_POINT('',(-4123.0005633679,2078.39202762194,0.));
#17877=CARTESIAN_POINT('',(-4123.0005633679,2078.39202762194,5.));
#17878=CARTESIAN_POINT('',(-4123.0005633679,2078.39202762194,5.));
#17879=CARTESIAN_POINT('',(-4123.0005633679,2078.39202762194,0.));
#17880=CARTESIAN_POINT('Origin',(-4122.3805727734,2078.00992839503,0.));
#17881=CARTESIAN_POINT('',(-4122.3805727734,2078.00992839503,0.));
#17882=CARTESIAN_POINT('',(-4122.3805727734,2078.00992839503,0.));
#17883=CARTESIAN_POINT('',(-4122.3805727734,2078.00992839503,5.));
#17884=CARTESIAN_POINT('',(-4122.3805727734,2078.00992839503,5.));
#17885=CARTESIAN_POINT('',(-4122.3805727734,2078.00992839503,0.));
#17886=CARTESIAN_POINT('Origin',(-4122.01333804356,2077.76723725928,0.));
#17887=CARTESIAN_POINT('',(-4122.01333804356,2077.76723725928,0.));
#17888=CARTESIAN_POINT('',(-4122.01333804356,2077.76723725928,0.));
#17889=CARTESIAN_POINT('',(-4122.01333804356,2077.76723725928,5.));
#17890=CARTESIAN_POINT('',(-4122.01333804356,2077.76723725928,5.));
#17891=CARTESIAN_POINT('',(-4122.01333804356,2077.76723725928,0.));
#17892=CARTESIAN_POINT('Origin',(-4122.15333805021,2076.97623722171,0.));
#17893=CARTESIAN_POINT('',(-4122.15333805021,2076.97623722171,0.));
#17894=CARTESIAN_POINT('',(-4122.15333805021,2076.97623722171,0.));
#17895=CARTESIAN_POINT('',(-4122.15333805021,2076.97623722171,5.));
#17896=CARTESIAN_POINT('',(-4122.15333805021,2076.97623722171,5.));
#17897=CARTESIAN_POINT('',(-4122.15333805021,2076.97623722171,0.));
#17898=CARTESIAN_POINT('Origin',(-4122.37626967716,2076.92300888845,0.));
#17899=CARTESIAN_POINT('',(-4122.37626967716,2076.92300888845,0.));
#17900=CARTESIAN_POINT('',(-4122.37626967716,2076.92300888845,0.));
#17901=CARTESIAN_POINT('',(-4122.37626967716,2076.92300888845,5.));
#17902=CARTESIAN_POINT('',(-4122.37626967716,2076.92300888845,5.));
#17903=CARTESIAN_POINT('',(-4122.37626967716,2076.92300888845,0.));
#17904=CARTESIAN_POINT('Origin',(-4122.92234328826,2076.78884139485,0.));
#17905=CARTESIAN_POINT('',(-4122.92234328826,2076.78884139485,0.));
#17906=CARTESIAN_POINT('',(-4122.92234328826,2076.78884139485,0.));
#17907=CARTESIAN_POINT('',(-4122.92234328826,2076.78884139485,5.));
#17908=CARTESIAN_POINT('',(-4122.92234328826,2076.78884139485,5.));
#17909=CARTESIAN_POINT('',(-4122.92234328826,2076.78884139485,0.));
#17910=CARTESIAN_POINT('Origin',(-4123.36050549462,2076.71781494161,0.));
#17911=CARTESIAN_POINT('',(-4123.36050549462,2076.71781494161,0.));
#17912=CARTESIAN_POINT('',(-4123.36050549462,2076.71781494161,0.));
#17913=CARTESIAN_POINT('',(-4123.36050549462,2076.71781494161,5.));
#17914=CARTESIAN_POINT('',(-4123.36050549462,2076.71781494161,5.));
#17915=CARTESIAN_POINT('',(-4123.36050549462,2076.71781494161,0.));
#17916=CARTESIAN_POINT('Origin',(-4123.50639624836,2076.69275909163,0.));
#17917=CARTESIAN_POINT('',(-4123.50639624836,2076.69275909163,0.));
#17918=CARTESIAN_POINT('',(-4123.50639624836,2076.69275909163,0.));
#17919=CARTESIAN_POINT('',(-4123.50639624836,2076.69275909163,5.));
#17920=CARTESIAN_POINT('',(-4123.50639624836,2076.69275909163,5.));
#17921=CARTESIAN_POINT('',(-4123.50639624836,2076.69275909163,0.));
#17922=CARTESIAN_POINT('Origin',(-4124.09220018232,2076.64561251198,0.));
#17923=CARTESIAN_POINT('',(-4124.09220018232,2076.64561251198,0.));
#17924=CARTESIAN_POINT('',(-4124.09220018232,2076.64561251198,0.));
#17925=CARTESIAN_POINT('',(-4124.09220018232,2076.64561251198,5.));
#17926=CARTESIAN_POINT('',(-4124.09220018232,2076.64561251198,5.));
#17927=CARTESIAN_POINT('',(-4124.09220018232,2076.64561251198,0.));
#17928=CARTESIAN_POINT('Origin',(-4124.57322860126,2076.65941943189,0.));
#17929=CARTESIAN_POINT('',(-4124.57322860126,2076.65941943189,0.));
#17930=CARTESIAN_POINT('',(-4124.57322860126,2076.65941943189,0.));
#17931=CARTESIAN_POINT('',(-4124.57322860126,2076.65941943189,5.));
#17932=CARTESIAN_POINT('',(-4124.57322860126,2076.65941943189,5.));
#17933=CARTESIAN_POINT('',(-4124.57322860126,2076.65941943189,0.));
#17934=CARTESIAN_POINT('Origin',(-4124.87099114088,2076.70134654313,0.));
#17935=CARTESIAN_POINT('',(-4124.87099114088,2076.70134654313,0.));
#17936=CARTESIAN_POINT('',(-4124.87099114088,2076.70134654313,0.));
#17937=CARTESIAN_POINT('',(-4124.87099114088,2076.70134654313,5.));
#17938=CARTESIAN_POINT('',(-4124.87099114088,2076.70134654313,5.));
#17939=CARTESIAN_POINT('',(-4124.87099114088,2076.70134654313,0.));
#17940=CARTESIAN_POINT('Origin',(-4125.19431480138,2075.49604911059,0.));
#17941=CARTESIAN_POINT('',(-4125.19431480138,2075.49604911059,0.));
#17942=CARTESIAN_POINT('',(-4125.19431480138,2075.49604911059,0.));
#17943=CARTESIAN_POINT('',(-4125.19431480138,2075.49604911059,5.));
#17944=CARTESIAN_POINT('',(-4125.19431480138,2075.49604911059,5.));
#17945=CARTESIAN_POINT('',(-4125.19431480138,2075.49604911059,0.));
#17946=CARTESIAN_POINT('Origin',(-4124.81943117677,2075.34468828125,0.));
#17947=CARTESIAN_POINT('',(-4124.81943117677,2075.34468828125,0.));
#17948=CARTESIAN_POINT('',(-4124.81943117677,2075.34468828125,0.));
#17949=CARTESIAN_POINT('',(-4124.81943117677,2075.34468828125,5.));
#17950=CARTESIAN_POINT('',(-4124.81943117677,2075.34468828125,5.));
#17951=CARTESIAN_POINT('',(-4124.81943117677,2075.34468828125,0.));
#17952=CARTESIAN_POINT('Origin',(-4124.49997828294,2075.16679524017,0.));
#17953=CARTESIAN_POINT('',(-4124.49997828294,2075.16679524017,0.));
#17954=CARTESIAN_POINT('',(-4124.49997828294,2075.16679524017,0.));
#17955=CARTESIAN_POINT('',(-4124.49997828294,2075.16679524017,5.));
#17956=CARTESIAN_POINT('',(-4124.49997828294,2075.16679524017,5.));
#17957=CARTESIAN_POINT('',(-4124.49997828294,2075.16679524017,0.));
#17958=CARTESIAN_POINT('Origin',(-4124.34607504086,2075.06170759609,0.));
#17959=CARTESIAN_POINT('',(-4124.34607504086,2075.06170759609,0.));
#17960=CARTESIAN_POINT('',(-4124.34607504086,2075.06170759609,0.));
#17961=CARTESIAN_POINT('',(-4124.34607504086,2075.06170759609,5.));
#17962=CARTESIAN_POINT('',(-4124.34607504086,2075.06170759609,5.));
#17963=CARTESIAN_POINT('',(-4124.34607504086,2075.06170759609,0.));
#17964=CARTESIAN_POINT('Origin',(-4124.00550538376,2074.82072266321,0.));
#17965=CARTESIAN_POINT('',(-4124.00550538376,2074.82072266321,0.));
#17966=CARTESIAN_POINT('',(-4124.00550538376,2074.82072266321,0.));
#17967=CARTESIAN_POINT('',(-4124.00550538376,2074.82072266321,5.));
#17968=CARTESIAN_POINT('',(-4124.00550538376,2074.82072266321,5.));
#17969=CARTESIAN_POINT('',(-4124.00550538376,2074.82072266321,0.));
#17970=CARTESIAN_POINT('Origin',(-4123.8376018446,2074.69112176249,0.));
#17971=CARTESIAN_POINT('',(-4123.8376018446,2074.69112176249,0.));
#17972=CARTESIAN_POINT('',(-4123.8376018446,2074.69112176249,0.));
#17973=CARTESIAN_POINT('',(-4123.8376018446,2074.69112176249,5.));
#17974=CARTESIAN_POINT('',(-4123.8376018446,2074.69112176249,5.));
#17975=CARTESIAN_POINT('',(-4123.8376018446,2074.69112176249,0.));
#17976=CARTESIAN_POINT('Origin',(-4123.29338113478,2074.20716724451,0.));
#17977=CARTESIAN_POINT('',(-4123.29338113478,2074.20716724451,0.));
#17978=CARTESIAN_POINT('',(-4123.29338113478,2074.20716724451,0.));
#17979=CARTESIAN_POINT('',(-4123.29338113478,2074.20716724451,5.));
#17980=CARTESIAN_POINT('',(-4123.29338113478,2074.20716724451,5.));
#17981=CARTESIAN_POINT('',(-4123.29338113478,2074.20716724451,0.));
#17982=CARTESIAN_POINT('Origin',(-4122.97386839912,2073.90439349082,0.));
#17983=CARTESIAN_POINT('',(-4122.97386839912,2073.90439349082,0.));
#17984=CARTESIAN_POINT('',(-4122.97386839912,2073.90439349082,0.));
#17985=CARTESIAN_POINT('',(-4122.97386839912,2073.90439349082,5.));
#17986=CARTESIAN_POINT('',(-4122.97386839912,2073.90439349082,5.));
#17987=CARTESIAN_POINT('',(-4122.97386839912,2073.90439349082,0.));
#17988=CARTESIAN_POINT('Origin',(-4123.24909720615,2073.14972126722,0.));
#17989=CARTESIAN_POINT('',(-4123.24909720615,2073.14972126722,0.));
#17990=CARTESIAN_POINT('',(-4123.24909720615,2073.14972126722,0.));
#17991=CARTESIAN_POINT('',(-4123.24909720615,2073.14972126722,5.));
#17992=CARTESIAN_POINT('',(-4123.24909720615,2073.14972126722,5.));
#17993=CARTESIAN_POINT('',(-4123.24909720615,2073.14972126722,0.));
#17994=CARTESIAN_POINT('Origin',(-4123.47788500383,2073.1360132627,0.));
#17995=CARTESIAN_POINT('',(-4123.47788500383,2073.1360132627,0.));
#17996=CARTESIAN_POINT('',(-4123.47788500383,2073.1360132627,0.));
#17997=CARTESIAN_POINT('',(-4123.47788500383,2073.1360132627,5.));
#17998=CARTESIAN_POINT('',(-4123.47788500383,2073.1360132627,5.));
#17999=CARTESIAN_POINT('',(-4123.47788500383,2073.1360132627,0.));
#18000=CARTESIAN_POINT('Origin',(-4124.03896047052,2073.09870876225,0.));
#18001=CARTESIAN_POINT('',(-4124.03896047052,2073.09870876225,0.));
#18002=CARTESIAN_POINT('',(-4124.03896047052,2073.09870876225,0.));
#18003=CARTESIAN_POINT('',(-4124.03896047052,2073.09870876225,5.));
#18004=CARTESIAN_POINT('',(-4124.03896047052,2073.09870876225,5.));
#18005=CARTESIAN_POINT('',(-4124.03896047052,2073.09870876225,0.));
#18006=CARTESIAN_POINT('Origin',(-4124.48279962259,2073.10484742908,0.));
#18007=CARTESIAN_POINT('',(-4124.48279962259,2073.10484742908,0.));
#18008=CARTESIAN_POINT('',(-4124.48279962259,2073.10484742908,0.));
#18009=CARTESIAN_POINT('',(-4124.48279962259,2073.10484742908,5.));
#18010=CARTESIAN_POINT('',(-4124.48279962259,2073.10484742908,5.));
#18011=CARTESIAN_POINT('',(-4124.48279962259,2073.10484742908,0.));
#18012=CARTESIAN_POINT('Origin',(-4124.63082487066,2073.10550589729,0.));
#18013=CARTESIAN_POINT('',(-4124.63082487066,2073.10550589729,0.));
#18014=CARTESIAN_POINT('',(-4124.63082487066,2073.10550589729,0.));
#18015=CARTESIAN_POINT('',(-4124.63082487066,2073.10550589729,5.));
#18016=CARTESIAN_POINT('',(-4124.63082487066,2073.10550589729,5.));
#18017=CARTESIAN_POINT('',(-4124.63082487066,2073.10550589729,0.));
#18018=CARTESIAN_POINT('Origin',(-4125.2159160442,2073.16079936572,0.));
#18019=CARTESIAN_POINT('',(-4125.2159160442,2073.16079936572,0.));
#18020=CARTESIAN_POINT('',(-4125.2159160442,2073.16079936572,0.));
#18021=CARTESIAN_POINT('',(-4125.2159160442,2073.16079936572,5.));
#18022=CARTESIAN_POINT('',(-4125.2159160442,2073.16079936572,5.));
#18023=CARTESIAN_POINT('',(-4125.2159160442,2073.16079936572,0.));
#18024=CARTESIAN_POINT('Origin',(-4125.68479199326,2073.25742197127,0.));
#18025=CARTESIAN_POINT('',(-4125.68479199326,2073.25742197127,0.));
#18026=CARTESIAN_POINT('',(-4125.68479199326,2073.25742197127,0.));
#18027=CARTESIAN_POINT('',(-4125.68479199326,2073.25742197127,5.));
#18028=CARTESIAN_POINT('',(-4125.68479199326,2073.25742197127,5.));
#18029=CARTESIAN_POINT('',(-4125.68479199326,2073.25742197127,0.));
#18030=CARTESIAN_POINT('Origin',(-4126.16788085014,2073.25838403562,0.));
#18031=CARTESIAN_POINT('',(-4126.16788085014,2073.25838403562,0.));
#18032=CARTESIAN_POINT('',(-4126.16788085014,2073.25838403562,0.));
#18033=CARTESIAN_POINT('',(-4126.16788085014,2073.25838403562,5.));
#18034=CARTESIAN_POINT('',(-4126.16788085014,2073.25838403562,5.));
#18035=CARTESIAN_POINT('',(-4126.16788085014,2073.25838403562,0.));
#18036=CARTESIAN_POINT('Origin',(-4144.77587938444,2081.30732587452,0.));
#18037=CARTESIAN_POINT('',(-4126.61631399721,2072.29215759403,0.));
#18038=CARTESIAN_POINT('Origin',(-4144.77587938444,2081.30732587452,0.));
#18039=CARTESIAN_POINT('',(-4126.61631399721,2072.29215759403,5.));
#18040=CARTESIAN_POINT('Origin',(-4144.77587938444,2081.30732587452,5.));
#18041=CARTESIAN_POINT('',(-4126.61631399721,2072.29215759403,0.));
#18042=CARTESIAN_POINT('Origin',(-4126.15800188772,2072.00592143415,0.));
#18043=CARTESIAN_POINT('',(-4126.15800188772,2072.00592143415,0.));
#18044=CARTESIAN_POINT('',(-4126.15800188772,2072.00592143415,0.));
#18045=CARTESIAN_POINT('',(-4126.15800188772,2072.00592143415,5.));
#18046=CARTESIAN_POINT('',(-4126.15800188772,2072.00592143415,5.));
#18047=CARTESIAN_POINT('',(-4126.15800188772,2072.00592143415,0.));
#18048=CARTESIAN_POINT('Origin',(-4125.87429300356,2071.77525857522,0.));
#18049=CARTESIAN_POINT('',(-4125.87429300356,2071.77525857522,0.));
#18050=CARTESIAN_POINT('',(-4125.87429300356,2071.77525857522,0.));
#18051=CARTESIAN_POINT('',(-4125.87429300356,2071.77525857522,5.));
#18052=CARTESIAN_POINT('',(-4125.87429300356,2071.77525857522,5.));
#18053=CARTESIAN_POINT('',(-4125.87429300356,2071.77525857522,0.));
#18054=CARTESIAN_POINT('Origin',(-4125.74097617544,2071.64504243106,0.));
#18055=CARTESIAN_POINT('',(-4125.74097617544,2071.64504243106,0.));
#18056=CARTESIAN_POINT('',(-4125.74097617544,2071.64504243106,0.));
#18057=CARTESIAN_POINT('',(-4125.74097617544,2071.64504243106,5.));
#18058=CARTESIAN_POINT('',(-4125.74097617544,2071.64504243106,5.));
#18059=CARTESIAN_POINT('',(-4125.74097617544,2071.64504243106,0.));
#18060=CARTESIAN_POINT('Origin',(-4125.44742713112,2071.34857930048,0.));
#18061=CARTESIAN_POINT('',(-4125.44742713112,2071.34857930048,0.));
#18062=CARTESIAN_POINT('',(-4125.44742713112,2071.34857930048,0.));
#18063=CARTESIAN_POINT('',(-4125.44742713112,2071.34857930048,5.));
#18064=CARTESIAN_POINT('',(-4125.44742713112,2071.34857930048,5.));
#18065=CARTESIAN_POINT('',(-4125.44742713112,2071.34857930048,0.));
#18066=CARTESIAN_POINT('Origin',(-4125.30457938423,2071.19179118505,0.));
#18067=CARTESIAN_POINT('',(-4125.30457938423,2071.19179118505,0.));
#18068=CARTESIAN_POINT('',(-4125.30457938423,2071.19179118505,0.));
#18069=CARTESIAN_POINT('',(-4125.30457938423,2071.19179118505,5.));
#18070=CARTESIAN_POINT('',(-4125.30457938423,2071.19179118505,5.));
#18071=CARTESIAN_POINT('',(-4125.30457938423,2071.19179118505,0.));
#18072=CARTESIAN_POINT('Origin',(-4124.85266442997,2070.62068608913,0.));
#18073=CARTESIAN_POINT('',(-4124.85266442997,2070.62068608913,0.));
#18074=CARTESIAN_POINT('',(-4124.85266442997,2070.62068608913,0.));
#18075=CARTESIAN_POINT('',(-4124.85266442997,2070.62068608913,5.));
#18076=CARTESIAN_POINT('',(-4124.85266442997,2070.62068608913,5.));
#18077=CARTESIAN_POINT('',(-4124.85266442997,2070.62068608913,0.));
#18078=CARTESIAN_POINT('Origin',(-4124.59058192128,2070.2670293448,0.));
#18079=CARTESIAN_POINT('',(-4124.59058192128,2070.2670293448,0.));
#18080=CARTESIAN_POINT('',(-4124.59058192128,2070.2670293448,0.));
#18081=CARTESIAN_POINT('',(-4124.59058192128,2070.2670293448,5.));
#18082=CARTESIAN_POINT('',(-4124.59058192128,2070.2670293448,5.));
#18083=CARTESIAN_POINT('',(-4124.59058192128,2070.2670293448,0.));
#18084=CARTESIAN_POINT('Origin',(-4124.99267684066,2069.57161526879,0.));
#18085=CARTESIAN_POINT('',(-4124.99267684066,2069.57161526879,0.));
#18086=CARTESIAN_POINT('',(-4124.99267684066,2069.57161526879,0.));
#18087=CARTESIAN_POINT('',(-4124.99267684066,2069.57161526879,5.));
#18088=CARTESIAN_POINT('',(-4124.99267684066,2069.57161526879,5.));
#18089=CARTESIAN_POINT('',(-4124.99267684066,2069.57161526879,0.));
#18090=CARTESIAN_POINT('Origin',(-4125.22036920762,2069.59784410381,0.));
#18091=CARTESIAN_POINT('',(-4125.22036920762,2069.59784410381,0.));
#18092=CARTESIAN_POINT('',(-4125.22036920762,2069.59784410381,0.));
#18093=CARTESIAN_POINT('',(-4125.22036920762,2069.59784410381,5.));
#18094=CARTESIAN_POINT('',(-4125.22036920762,2069.59784410381,5.));
#18095=CARTESIAN_POINT('',(-4125.22036920762,2069.59784410381,0.));
#18096=CARTESIAN_POINT('Origin',(-4125.77939853575,2069.65853607486,0.));
#18097=CARTESIAN_POINT('',(-4125.77939853575,2069.65853607486,0.));
#18098=CARTESIAN_POINT('',(-4125.77939853575,2069.65853607486,0.));
#18099=CARTESIAN_POINT('',(-4125.77939853575,2069.65853607486,5.));
#18100=CARTESIAN_POINT('',(-4125.77939853575,2069.65853607486,5.));
#18101=CARTESIAN_POINT('',(-4125.77939853575,2069.65853607486,0.));
#18102=CARTESIAN_POINT('Origin',(-4126.2154288055,2069.74165334149,0.));
#18103=CARTESIAN_POINT('',(-4126.2154288055,2069.74165334149,0.));
#18104=CARTESIAN_POINT('',(-4126.2154288055,2069.74165334149,0.));
#18105=CARTESIAN_POINT('',(-4126.2154288055,2069.74165334149,5.));
#18106=CARTESIAN_POINT('',(-4126.2154288055,2069.74165334149,5.));
#18107=CARTESIAN_POINT('',(-4126.2154288055,2069.74165334149,0.));
#18108=CARTESIAN_POINT('Origin',(-4126.36109087563,2069.76800612067,0.));
#18109=CARTESIAN_POINT('',(-4126.36109087563,2069.76800612067,0.));
#18110=CARTESIAN_POINT('',(-4126.36109087563,2069.76800612067,0.));
#18111=CARTESIAN_POINT('',(-4126.36109087563,2069.76800612067,5.));
#18112=CARTESIAN_POINT('',(-4126.36109087563,2069.76800612067,5.));
#18113=CARTESIAN_POINT('',(-4126.36109087563,2069.76800612067,0.));
#18114=CARTESIAN_POINT('Origin',(-4126.92769158953,2069.92405957312,0.));
#18115=CARTESIAN_POINT('',(-4126.92769158953,2069.92405957312,0.));
#18116=CARTESIAN_POINT('',(-4126.92769158953,2069.92405957312,0.));
#18117=CARTESIAN_POINT('',(-4126.92769158953,2069.92405957312,5.));
#18118=CARTESIAN_POINT('',(-4126.92769158953,2069.92405957312,5.));
#18119=CARTESIAN_POINT('',(-4126.92769158953,2069.92405957312,0.));
#18120=CARTESIAN_POINT('Origin',(-4127.37498820047,2070.10155524266,0.));
#18121=CARTESIAN_POINT('',(-4127.37498820047,2070.10155524266,0.));
#18122=CARTESIAN_POINT('',(-4127.37498820047,2070.10155524266,0.));
#18123=CARTESIAN_POINT('',(-4127.37498820047,2070.10155524266,5.));
#18124=CARTESIAN_POINT('',(-4127.37498820047,2070.10155524266,5.));
#18125=CARTESIAN_POINT('',(-4127.37498820047,2070.10155524266,0.));
#18126=CARTESIAN_POINT('Origin',(-4127.6404535451,2070.24279462618,0.));
#18127=CARTESIAN_POINT('',(-4127.6404535451,2070.24279462618,0.));
#18128=CARTESIAN_POINT('',(-4127.6404535451,2070.24279462618,0.));
#18129=CARTESIAN_POINT('',(-4127.6404535451,2070.24279462618,5.));
#18130=CARTESIAN_POINT('',(-4127.6404535451,2070.24279462618,5.));
#18131=CARTESIAN_POINT('',(-4127.6404535451,2070.24279462618,0.));
#18132=CARTESIAN_POINT('Origin',(-4128.35651440363,2069.22076872769,0.));
#18133=CARTESIAN_POINT('',(-4128.35651440363,2069.22076872769,0.));
#18134=CARTESIAN_POINT('',(-4128.35651440363,2069.22076872769,0.));
#18135=CARTESIAN_POINT('',(-4128.35651440363,2069.22076872769,5.));
#18136=CARTESIAN_POINT('',(-4128.35651440363,2069.22076872769,5.));
#18137=CARTESIAN_POINT('',(-4128.35651440363,2069.22076872769,0.));
#18138=CARTESIAN_POINT('Origin',(-4128.05600748047,2068.95031832225,0.));
#18139=CARTESIAN_POINT('',(-4128.05600748047,2068.95031832225,0.));
#18140=CARTESIAN_POINT('',(-4128.05600748047,2068.95031832225,0.));
#18141=CARTESIAN_POINT('',(-4128.05600748047,2068.95031832225,5.));
#18142=CARTESIAN_POINT('',(-4128.05600748047,2068.95031832225,5.));
#18143=CARTESIAN_POINT('',(-4128.05600748047,2068.95031832225,0.));
#18144=CARTESIAN_POINT('Origin',(-4127.81666295686,2068.67389421973,0.));
#18145=CARTESIAN_POINT('',(-4127.81666295686,2068.67389421973,0.));
#18146=CARTESIAN_POINT('',(-4127.81666295686,2068.67389421973,0.));
#18147=CARTESIAN_POINT('',(-4127.81666295686,2068.67389421973,5.));
#18148=CARTESIAN_POINT('',(-4127.81666295686,2068.67389421973,5.));
#18149=CARTESIAN_POINT('',(-4127.81666295686,2068.67389421973,0.));
#18150=CARTESIAN_POINT('Origin',(-4127.70798330705,2068.52250612714,0.));
#18151=CARTESIAN_POINT('',(-4127.70798330705,2068.52250612714,0.));
#18152=CARTESIAN_POINT('',(-4127.70798330705,2068.52250612714,0.));
#18153=CARTESIAN_POINT('',(-4127.70798330705,2068.52250612714,5.));
#18154=CARTESIAN_POINT('',(-4127.70798330705,2068.52250612714,5.));
#18155=CARTESIAN_POINT('',(-4127.70798330705,2068.52250612714,0.));
#18156=CARTESIAN_POINT('Origin',(-4127.47037421469,2068.17957268106,0.));
#18157=CARTESIAN_POINT('',(-4127.47037421469,2068.17957268106,0.));
#18158=CARTESIAN_POINT('',(-4127.47037421469,2068.17957268106,0.));
#18159=CARTESIAN_POINT('',(-4127.47037421469,2068.17957268106,5.));
#18160=CARTESIAN_POINT('',(-4127.47037421469,2068.17957268106,5.));
#18161=CARTESIAN_POINT('',(-4127.47037421469,2068.17957268106,0.));
#18162=CARTESIAN_POINT('Origin',(-4127.35692261658,2068.00036127847,0.));
#18163=CARTESIAN_POINT('',(-4127.35692261658,2068.00036127847,0.));
#18164=CARTESIAN_POINT('',(-4127.35692261658,2068.00036127847,0.));
#18165=CARTESIAN_POINT('',(-4127.35692261658,2068.00036127847,5.));
#18166=CARTESIAN_POINT('',(-4127.35692261658,2068.00036127847,5.));
#18167=CARTESIAN_POINT('',(-4127.35692261658,2068.00036127847,0.));
#18168=CARTESIAN_POINT('Origin',(-4127.01104462509,2067.35945834395,0.));
#18169=CARTESIAN_POINT('',(-4127.01104462509,2067.35945834395,0.));
#18170=CARTESIAN_POINT('',(-4127.01104462509,2067.35945834395,0.));
#18171=CARTESIAN_POINT('',(-4127.01104462509,2067.35945834395,5.));
#18172=CARTESIAN_POINT('',(-4127.01104462509,2067.35945834395,5.));
#18173=CARTESIAN_POINT('',(-4127.01104462509,2067.35945834395,0.));
#18174=CARTESIAN_POINT('Origin',(-4126.81435558777,2066.9656642902,0.));
#18175=CARTESIAN_POINT('',(-4126.81435558777,2066.9656642902,0.));
#18176=CARTESIAN_POINT('',(-4126.81435558777,2066.9656642902,0.));
#18177=CARTESIAN_POINT('',(-4126.81435558777,2066.9656642902,5.));
#18178=CARTESIAN_POINT('',(-4126.81435558777,2066.9656642902,5.));
#18179=CARTESIAN_POINT('',(-4126.81435558777,2066.9656642902,0.));
#18180=CARTESIAN_POINT('Origin',(-4127.33109916884,2066.3506381666,0.));
#18181=CARTESIAN_POINT('',(-4127.33109916884,2066.3506381666,0.));
#18182=CARTESIAN_POINT('',(-4127.33109916884,2066.3506381666,0.));
#18183=CARTESIAN_POINT('',(-4127.33109916884,2066.3506381666,5.));
#18184=CARTESIAN_POINT('',(-4127.33109916884,2066.3506381666,5.));
#18185=CARTESIAN_POINT('',(-4127.33109916884,2066.3506381666,0.));
#18186=CARTESIAN_POINT('Origin',(-4127.55077778773,2066.41600689126,0.));
#18187=CARTESIAN_POINT('',(-4127.55077778773,2066.41600689126,0.));
#18188=CARTESIAN_POINT('',(-4127.55077778773,2066.41600689126,0.));
#18189=CARTESIAN_POINT('',(-4127.55077778773,2066.41600689126,5.));
#18190=CARTESIAN_POINT('',(-4127.55077778773,2066.41600689126,5.));
#18191=CARTESIAN_POINT('',(-4127.55077778773,2066.41600689126,0.));
#18192=CARTESIAN_POINT('Origin',(-4128.09077515406,2066.572851239,0.));
#18193=CARTESIAN_POINT('',(-4128.09077515406,2066.572851239,0.));
#18194=CARTESIAN_POINT('',(-4128.09077515406,2066.572851239,0.));
#18195=CARTESIAN_POINT('',(-4128.09077515406,2066.572851239,5.));
#18196=CARTESIAN_POINT('',(-4128.09077515406,2066.572851239,5.));
#18197=CARTESIAN_POINT('',(-4128.09077515406,2066.572851239,0.));
#18198=CARTESIAN_POINT('Origin',(-4128.50574798237,2066.73042162933,0.));
#18199=CARTESIAN_POINT('',(-4128.50574798237,2066.73042162933,0.));
#18200=CARTESIAN_POINT('',(-4128.50574798237,2066.73042162933,0.));
#18201=CARTESIAN_POINT('',(-4128.50574798237,2066.73042162933,5.));
#18202=CARTESIAN_POINT('',(-4128.50574798237,2066.73042162933,5.));
#18203=CARTESIAN_POINT('',(-4128.50574798237,2066.73042162933,0.));
#18204=CARTESIAN_POINT('Origin',(-4128.64462100628,2066.78166800361,0.));
#18205=CARTESIAN_POINT('',(-4128.64462100628,2066.78166800361,0.));
#18206=CARTESIAN_POINT('',(-4128.64462100628,2066.78166800361,0.));
#18207=CARTESIAN_POINT('',(-4128.64462100628,2066.78166800361,5.));
#18208=CARTESIAN_POINT('',(-4128.64462100628,2066.78166800361,5.));
#18209=CARTESIAN_POINT('',(-4128.64462100628,2066.78166800361,0.));
#18210=CARTESIAN_POINT('Origin',(-4129.17551538455,2067.0337398349,0.));
#18211=CARTESIAN_POINT('',(-4129.17551538455,2067.0337398349,0.));
#18212=CARTESIAN_POINT('',(-4129.17551538455,2067.0337398349,0.));
#18213=CARTESIAN_POINT('',(-4129.17551538455,2067.0337398349,5.));
#18214=CARTESIAN_POINT('',(-4129.17551538455,2067.0337398349,5.));
#18215=CARTESIAN_POINT('',(-4129.17551538455,2067.0337398349,0.));
#18216=CARTESIAN_POINT('Origin',(-4129.58519475534,2067.28621118776,0.));
#18217=CARTESIAN_POINT('',(-4129.58519475534,2067.28621118776,0.));
#18218=CARTESIAN_POINT('',(-4129.58519475534,2067.28621118776,0.));
#18219=CARTESIAN_POINT('',(-4129.58519475534,2067.28621118776,5.));
#18220=CARTESIAN_POINT('',(-4129.58519475534,2067.28621118776,5.));
#18221=CARTESIAN_POINT('',(-4129.58519475534,2067.28621118776,0.));
#18222=CARTESIAN_POINT('Origin',(-4129.82210112332,2067.47140240101,0.));
#18223=CARTESIAN_POINT('',(-4129.82210112332,2067.47140240101,0.));
#18224=CARTESIAN_POINT('',(-4129.82210112332,2067.47140240101,0.));
#18225=CARTESIAN_POINT('',(-4129.82210112332,2067.47140240101,5.));
#18226=CARTESIAN_POINT('',(-4129.82210112332,2067.47140240101,5.));
#18227=CARTESIAN_POINT('',(-4129.82210112332,2067.47140240101,0.));
#18228=CARTESIAN_POINT('Origin',(-4130.70475634324,2066.58924603557,0.));
#18229=CARTESIAN_POINT('',(-4130.70475634324,2066.58924603557,0.));
#18230=CARTESIAN_POINT('',(-4130.70475634324,2066.58924603557,0.));
#18231=CARTESIAN_POINT('',(-4130.70475634324,2066.58924603557,5.));
#18232=CARTESIAN_POINT('',(-4130.70475634324,2066.58924603557,5.));
#18233=CARTESIAN_POINT('',(-4130.70475634324,2066.58924603557,0.));
#18234=CARTESIAN_POINT('Origin',(-4130.45577801553,2066.27072189992,0.));
#18235=CARTESIAN_POINT('',(-4130.45577801553,2066.27072189992,0.));
#18236=CARTESIAN_POINT('',(-4130.45577801553,2066.27072189992,0.));
#18237=CARTESIAN_POINT('',(-4130.45577801553,2066.27072189992,5.));
#18238=CARTESIAN_POINT('',(-4130.45577801553,2066.27072189992,5.));
#18239=CARTESIAN_POINT('',(-4130.45577801553,2066.27072189992,0.));
#18240=CARTESIAN_POINT('Origin',(-4130.2680702147,2065.95693556027,0.));
#18241=CARTESIAN_POINT('',(-4130.2680702147,2065.95693556027,0.));
#18242=CARTESIAN_POINT('',(-4130.2680702147,2065.95693556027,0.));
#18243=CARTESIAN_POINT('',(-4130.2680702147,2065.95693556027,5.));
#18244=CARTESIAN_POINT('',(-4130.2680702147,2065.95693556027,5.));
#18245=CARTESIAN_POINT('',(-4130.2680702147,2065.95693556027,0.));
#18246=CARTESIAN_POINT('Origin',(-4130.18732991938,2065.78897536984,0.));
#18247=CARTESIAN_POINT('',(-4130.18732991938,2065.78897536984,0.));
#18248=CARTESIAN_POINT('',(-4130.18732991938,2065.78897536984,0.));
#18249=CARTESIAN_POINT('',(-4130.18732991938,2065.78897536984,5.));
#18250=CARTESIAN_POINT('',(-4130.18732991938,2065.78897536984,5.));
#18251=CARTESIAN_POINT('',(-4130.18732991938,2065.78897536984,0.));
#18252=CARTESIAN_POINT('Origin',(-4130.01288041101,2065.40999146748,0.));
#18253=CARTESIAN_POINT('',(-4130.01288041101,2065.40999146748,0.));
#18254=CARTESIAN_POINT('',(-4130.01288041101,2065.40999146748,0.));
#18255=CARTESIAN_POINT('',(-4130.01288041101,2065.40999146748,5.));
#18256=CARTESIAN_POINT('',(-4130.01288041101,2065.40999146748,5.));
#18257=CARTESIAN_POINT('',(-4130.01288041101,2065.40999146748,0.));
#18258=CARTESIAN_POINT('Origin',(-4129.93227213107,2065.21380202553,0.));
#18259=CARTESIAN_POINT('',(-4129.93227213107,2065.21380202553,0.));
#18260=CARTESIAN_POINT('',(-4129.93227213107,2065.21380202553,0.));
#18261=CARTESIAN_POINT('',(-4129.93227213107,2065.21380202553,5.));
#18262=CARTESIAN_POINT('',(-4129.93227213107,2065.21380202553,5.));
#18263=CARTESIAN_POINT('',(-4129.93227213107,2065.21380202553,0.));
#18264=CARTESIAN_POINT('Origin',(-4129.70294043009,2064.52257476377,0.));
#18265=CARTESIAN_POINT('',(-4129.70294043009,2064.52257476377,0.));
#18266=CARTESIAN_POINT('',(-4129.70294043009,2064.52257476377,0.));
#18267=CARTESIAN_POINT('',(-4129.70294043009,2064.52257476377,5.));
#18268=CARTESIAN_POINT('',(-4129.70294043009,2064.52257476377,5.));
#18269=CARTESIAN_POINT('',(-4129.70294043009,2064.52257476377,0.));
#18270=CARTESIAN_POINT('Origin',(-4129.57762116102,2064.10060863364,0.));
#18271=CARTESIAN_POINT('',(-4129.57762116102,2064.10060863364,0.));
#18272=CARTESIAN_POINT('',(-4129.57762116102,2064.10060863364,0.));
#18273=CARTESIAN_POINT('',(-4129.57762116102,2064.10060863364,5.));
#18274=CARTESIAN_POINT('',(-4129.57762116102,2064.10060863364,5.));
#18275=CARTESIAN_POINT('',(-4129.57762116102,2064.10060863364,0.));
#18276=CARTESIAN_POINT('Origin',(-4130.19331241156,2063.58465771998,0.));
#18277=CARTESIAN_POINT('',(-4130.19331241156,2063.58465771998,0.));
#18278=CARTESIAN_POINT('',(-4130.19331241156,2063.58465771998,0.));
#18279=CARTESIAN_POINT('',(-4130.19331241156,2063.58465771998,5.));
#18280=CARTESIAN_POINT('',(-4130.19331241156,2063.58465771998,5.));
#18281=CARTESIAN_POINT('',(-4130.19331241156,2063.58465771998,0.));
#18282=CARTESIAN_POINT('Origin',(-4130.39830245869,2063.68718013868,0.));
#18283=CARTESIAN_POINT('',(-4130.39830245869,2063.68718013868,0.));
#18284=CARTESIAN_POINT('',(-4130.39830245869,2063.68718013868,0.));
#18285=CARTESIAN_POINT('',(-4130.39830245869,2063.68718013868,5.));
#18286=CARTESIAN_POINT('',(-4130.39830245869,2063.68718013868,5.));
#18287=CARTESIAN_POINT('',(-4130.39830245869,2063.68718013868,0.));
#18288=CARTESIAN_POINT('Origin',(-4130.90286031651,2063.93541122695,0.));
#18289=CARTESIAN_POINT('',(-4130.90286031651,2063.93541122695,0.));
#18290=CARTESIAN_POINT('',(-4130.90286031651,2063.93541122695,0.));
#18291=CARTESIAN_POINT('',(-4130.90286031651,2063.93541122695,5.));
#18292=CARTESIAN_POINT('',(-4130.90286031651,2063.93541122695,5.));
#18293=CARTESIAN_POINT('',(-4130.90286031651,2063.93541122695,0.));
#18294=CARTESIAN_POINT('Origin',(-4131.28416696398,2064.16264704442,0.));
#18295=CARTESIAN_POINT('',(-4131.28416696398,2064.16264704442,0.));
#18296=CARTESIAN_POINT('',(-4131.28416696398,2064.16264704442,0.));
#18297=CARTESIAN_POINT('',(-4131.28416696398,2064.16264704442,5.));
#18298=CARTESIAN_POINT('',(-4131.28416696398,2064.16264704442,5.));
#18299=CARTESIAN_POINT('',(-4131.28416696398,2064.16264704442,0.));
#18300=CARTESIAN_POINT('Origin',(-4131.4120313551,2064.23722991865,0.));
#18301=CARTESIAN_POINT('',(-4131.4120313551,2064.23722991865,0.));
#18302=CARTESIAN_POINT('',(-4131.4120313551,2064.23722991865,0.));
#18303=CARTESIAN_POINT('',(-4131.4120313551,2064.23722991865,5.));
#18304=CARTESIAN_POINT('',(-4131.4120313551,2064.23722991865,5.));
#18305=CARTESIAN_POINT('',(-4131.4120313551,2064.23722991865,0.));
#18306=CARTESIAN_POINT('Origin',(-4131.89108844071,2064.57766105374,0.));
#18307=CARTESIAN_POINT('',(-4131.89108844071,2064.57766105374,0.));
#18308=CARTESIAN_POINT('',(-4131.89108844071,2064.57766105374,0.));
#18309=CARTESIAN_POINT('',(-4131.89108844071,2064.57766105374,5.));
#18310=CARTESIAN_POINT('',(-4131.89108844071,2064.57766105374,5.));
#18311=CARTESIAN_POINT('',(-4131.89108844071,2064.57766105374,0.));
#18312=CARTESIAN_POINT('Origin',(-4132.25070267098,2064.89743687562,0.));
#18313=CARTESIAN_POINT('',(-4132.25070267098,2064.89743687562,0.));
#18314=CARTESIAN_POINT('',(-4132.25070267098,2064.89743687562,0.));
#18315=CARTESIAN_POINT('',(-4132.25070267098,2064.89743687562,5.));
#18316=CARTESIAN_POINT('',(-4132.25070267098,2064.89743687562,5.));
#18317=CARTESIAN_POINT('',(-4132.25070267098,2064.89743687562,0.));
#18318=CARTESIAN_POINT('Origin',(-4132.4518517822,2065.12095297729,0.));
#18319=CARTESIAN_POINT('',(-4132.4518517822,2065.12095297729,0.));
#18320=CARTESIAN_POINT('',(-4132.4518517822,2065.12095297729,0.));
#18321=CARTESIAN_POINT('',(-4132.4518517822,2065.12095297729,5.));
#18322=CARTESIAN_POINT('',(-4132.4518517822,2065.12095297729,5.));
#18323=CARTESIAN_POINT('',(-4132.4518517822,2065.12095297729,0.));
#18324=CARTESIAN_POINT('Origin',(-4133.47428233128,2064.40547001969,0.));
#18325=CARTESIAN_POINT('',(-4133.47428233128,2064.40547001969,0.));
#18326=CARTESIAN_POINT('',(-4133.47428233128,2064.40547001969,0.));
#18327=CARTESIAN_POINT('',(-4133.47428233128,2064.40547001969,5.));
#18328=CARTESIAN_POINT('',(-4133.47428233128,2064.40547001969,5.));
#18329=CARTESIAN_POINT('',(-4133.47428233128,2064.40547001969,0.));
#18330=CARTESIAN_POINT('Origin',(-4133.28439767952,2064.04855034849,0.));
#18331=CARTESIAN_POINT('',(-4133.28439767952,2064.04855034849,0.));
#18332=CARTESIAN_POINT('',(-4133.28439767952,2064.04855034849,0.));
#18333=CARTESIAN_POINT('',(-4133.28439767952,2064.04855034849,5.));
#18334=CARTESIAN_POINT('',(-4133.28439767952,2064.04855034849,5.));
#18335=CARTESIAN_POINT('',(-4133.28439767952,2064.04855034849,0.));
#18336=CARTESIAN_POINT('Origin',(-4133.15403000802,2063.70693601087,0.));
#18337=CARTESIAN_POINT('',(-4133.15403000802,2063.70693601087,0.));
#18338=CARTESIAN_POINT('',(-4133.15403000802,2063.70693601087,0.));
#18339=CARTESIAN_POINT('',(-4133.15403000802,2063.70693601087,5.));
#18340=CARTESIAN_POINT('',(-4133.15403000802,2063.70693601087,5.));
#18341=CARTESIAN_POINT('',(-4133.15403000802,2063.70693601087,0.));
#18342=CARTESIAN_POINT('Origin',(-4133.1036823202,2063.52750710798,0.));
#18343=CARTESIAN_POINT('',(-4133.1036823202,2063.52750710798,0.));
#18344=CARTESIAN_POINT('',(-4133.1036823202,2063.52750710798,0.));
#18345=CARTESIAN_POINT('',(-4133.1036823202,2063.52750710798,5.));
#18346=CARTESIAN_POINT('',(-4133.1036823202,2063.52750710798,5.));
#18347=CARTESIAN_POINT('',(-4133.1036823202,2063.52750710798,0.));
#18348=CARTESIAN_POINT('Origin',(-4132.99769295586,2063.12398798345,0.));
#18349=CARTESIAN_POINT('',(-4132.99769295586,2063.12398798345,0.));
#18350=CARTESIAN_POINT('',(-4132.99769295586,2063.12398798345,0.));
#18351=CARTESIAN_POINT('',(-4132.99769295586,2063.12398798345,5.));
#18352=CARTESIAN_POINT('',(-4132.99769295586,2063.12398798345,5.));
#18353=CARTESIAN_POINT('',(-4132.99769295586,2063.12398798345,0.));
#18354=CARTESIAN_POINT('Origin',(-4132.95237723589,2062.91678161904,0.));
#18355=CARTESIAN_POINT('',(-4132.95237723589,2062.91678161904,0.));
#18356=CARTESIAN_POINT('',(-4132.95237723589,2062.91678161904,0.));
#18357=CARTESIAN_POINT('',(-4132.95237723589,2062.91678161904,5.));
#18358=CARTESIAN_POINT('',(-4132.95237723589,2062.91678161904,5.));
#18359=CARTESIAN_POINT('',(-4132.95237723589,2062.91678161904,0.));
#18360=CARTESIAN_POINT('Origin',(-4132.84655995312,2062.19623262061,0.));
#18361=CARTESIAN_POINT('',(-4132.84655995312,2062.19623262061,0.));
#18362=CARTESIAN_POINT('',(-4132.84655995312,2062.19623262061,0.));
#18363=CARTESIAN_POINT('',(-4132.84655995312,2062.19623262061,5.));
#18364=CARTESIAN_POINT('',(-4132.84655995312,2062.19623262061,5.));
#18365=CARTESIAN_POINT('',(-4132.84655995312,2062.19623262061,0.));
#18366=CARTESIAN_POINT('Origin',(-4132.79641821486,2061.75891564145,0.));
#18367=CARTESIAN_POINT('',(-4132.79641821486,2061.75891564145,0.));
#18368=CARTESIAN_POINT('',(-4132.79641821486,2061.75891564145,0.));
#18369=CARTESIAN_POINT('',(-4132.79641821486,2061.75891564145,5.));
#18370=CARTESIAN_POINT('',(-4132.79641821486,2061.75891564145,5.));
#18371=CARTESIAN_POINT('',(-4132.79641821486,2061.75891564145,0.));
#18372=CARTESIAN_POINT('Origin',(-4133.49234966778,2061.35771684517,0.));
#18373=CARTESIAN_POINT('',(-4133.49234966778,2061.35771684517,0.));
#18374=CARTESIAN_POINT('',(-4133.49234966778,2061.35771684517,0.));
#18375=CARTESIAN_POINT('',(-4133.49234966778,2061.35771684517,5.));
#18376=CARTESIAN_POINT('',(-4133.49234966778,2061.35771684517,5.));
#18377=CARTESIAN_POINT('',(-4133.49234966778,2061.35771684517,0.));
#18378=CARTESIAN_POINT('Origin',(-4133.67642262431,2061.49427786609,0.));
#18379=CARTESIAN_POINT('',(-4133.67642262431,2061.49427786609,0.));
#18380=CARTESIAN_POINT('',(-4133.67642262431,2061.49427786609,0.));
#18381=CARTESIAN_POINT('',(-4133.67642262431,2061.49427786609,5.));
#18382=CARTESIAN_POINT('',(-4133.67642262431,2061.49427786609,5.));
#18383=CARTESIAN_POINT('',(-4133.67642262431,2061.49427786609,0.));
#18384=CARTESIAN_POINT('Origin',(-4134.13021023841,2061.82635331889,0.));
#18385=CARTESIAN_POINT('',(-4134.13021023841,2061.82635331889,0.));
#18386=CARTESIAN_POINT('',(-4134.13021023841,2061.82635331889,0.));
#18387=CARTESIAN_POINT('',(-4134.13021023841,2061.82635331889,5.));
#18388=CARTESIAN_POINT('',(-4134.13021023841,2061.82635331889,5.));
#18389=CARTESIAN_POINT('',(-4134.13021023841,2061.82635331889,0.));
#18390=CARTESIAN_POINT('Origin',(-4134.46626489551,2062.11635011816,0.));
#18391=CARTESIAN_POINT('',(-4134.46626489551,2062.11635011816,0.));
#18392=CARTESIAN_POINT('',(-4134.46626489551,2062.11635011816,0.));
#18393=CARTESIAN_POINT('',(-4134.46626489551,2062.11635011816,5.));
#18394=CARTESIAN_POINT('',(-4134.46626489551,2062.11635011816,5.));
#18395=CARTESIAN_POINT('',(-4134.46626489551,2062.11635011816,0.));
#18396=CARTESIAN_POINT('Origin',(-4134.57923555903,2062.21200332945,0.));
#18397=CARTESIAN_POINT('',(-4134.57923555903,2062.21200332945,0.));
#18398=CARTESIAN_POINT('',(-4134.57923555903,2062.21200332945,0.));
#18399=CARTESIAN_POINT('',(-4134.57923555903,2062.21200332945,5.));
#18400=CARTESIAN_POINT('',(-4134.57923555903,2062.21200332945,5.));
#18401=CARTESIAN_POINT('',(-4134.57923555903,2062.21200332945,0.));
#18402=CARTESIAN_POINT('Origin',(-4134.99189944484,2062.63044994057,0.));
#18403=CARTESIAN_POINT('',(-4134.99189944484,2062.63044994057,0.));
#18404=CARTESIAN_POINT('',(-4134.99189944484,2062.63044994057,0.));
#18405=CARTESIAN_POINT('',(-4134.99189944484,2062.63044994057,5.));
#18406=CARTESIAN_POINT('',(-4134.99189944484,2062.63044994057,5.));
#18407=CARTESIAN_POINT('',(-4134.99189944484,2062.63044994057,0.));
#18408=CARTESIAN_POINT('Origin',(-4135.29052183817,2063.00781400493,0.));
#18409=CARTESIAN_POINT('',(-4135.29052183817,2063.00781400493,0.));
#18410=CARTESIAN_POINT('',(-4135.29052183817,2063.00781400493,0.));
#18411=CARTESIAN_POINT('',(-4135.29052183817,2063.00781400493,5.));
#18412=CARTESIAN_POINT('',(-4135.29052183817,2063.00781400493,5.));
#18413=CARTESIAN_POINT('',(-4135.29052183817,2063.00781400493,0.));
#18414=CARTESIAN_POINT('Origin',(-4135.44980187868,2063.26286357139,0.));
#18415=CARTESIAN_POINT('',(-4135.44980187868,2063.26286357139,0.));
#18416=CARTESIAN_POINT('',(-4135.44980187868,2063.26286357139,0.));
#18417=CARTESIAN_POINT('',(-4135.44980187868,2063.26286357139,5.));
#18418=CARTESIAN_POINT('',(-4135.44980187868,2063.26286357139,5.));
#18419=CARTESIAN_POINT('',(-4135.44980187868,2063.26286357139,0.));
#18420=CARTESIAN_POINT('Origin',(-4136.58094172207,2062.73579360923,0.));
#18421=CARTESIAN_POINT('',(-4136.58094172207,2062.73579360923,0.));
#18422=CARTESIAN_POINT('',(-4136.58094172207,2062.73579360923,0.));
#18423=CARTESIAN_POINT('',(-4136.58094172207,2062.73579360923,5.));
#18424=CARTESIAN_POINT('',(-4136.58094172207,2062.73579360923,5.));
#18425=CARTESIAN_POINT('',(-4136.58094172207,2062.73579360923,0.));
#18426=CARTESIAN_POINT('Origin',(-4136.45592029532,2062.35132322608,0.));
#18427=CARTESIAN_POINT('',(-4136.45592029532,2062.35132322608,0.));
#18428=CARTESIAN_POINT('',(-4136.45592029532,2062.35132322608,0.));
#18429=CARTESIAN_POINT('',(-4136.45592029532,2062.35132322608,5.));
#18430=CARTESIAN_POINT('',(-4136.45592029532,2062.35132322608,5.));
#18431=CARTESIAN_POINT('',(-4136.45592029532,2062.35132322608,0.));
#18432=CARTESIAN_POINT('Origin',(-4136.38685390887,2061.99226066927,0.));
#18433=CARTESIAN_POINT('',(-4136.38685390887,2061.99226066927,0.));
#18434=CARTESIAN_POINT('',(-4136.38685390887,2061.99226066927,0.));
#18435=CARTESIAN_POINT('',(-4136.38685390887,2061.99226066927,5.));
#18436=CARTESIAN_POINT('',(-4136.38685390887,2061.99226066927,5.));
#18437=CARTESIAN_POINT('',(-4136.38685390887,2061.99226066927,0.));
#18438=CARTESIAN_POINT('Origin',(-4136.36842861757,2061.80681491036,0.));
#18439=CARTESIAN_POINT('',(-4136.36842861757,2061.80681491036,0.));
#18440=CARTESIAN_POINT('',(-4136.36842861757,2061.80681491036,0.));
#18441=CARTESIAN_POINT('',(-4136.36842861757,2061.80681491036,5.));
#18442=CARTESIAN_POINT('',(-4136.36842861757,2061.80681491036,5.));
#18443=CARTESIAN_POINT('',(-4136.36842861757,2061.80681491036,0.));
#18444=CARTESIAN_POINT('Origin',(-4136.33411983045,2061.39102128806,0.));
#18445=CARTESIAN_POINT('',(-4136.33411983045,2061.39102128806,0.));
#18446=CARTESIAN_POINT('',(-4136.33411983045,2061.39102128806,0.));
#18447=CARTESIAN_POINT('',(-4136.33411983045,2061.39102128806,5.));
#18448=CARTESIAN_POINT('',(-4136.33411983045,2061.39102128806,5.));
#18449=CARTESIAN_POINT('',(-4136.33411983045,2061.39102128806,0.));
#18450=CARTESIAN_POINT('Origin',(-4136.32547356568,2061.17909386172,0.));
#18451=CARTESIAN_POINT('',(-4136.32547356568,2061.17909386172,0.));
#18452=CARTESIAN_POINT('',(-4136.32547356568,2061.17909386172,0.));
#18453=CARTESIAN_POINT('',(-4136.32547356568,2061.17909386172,5.));
#18454=CARTESIAN_POINT('',(-4136.32547356568,2061.17909386172,5.));
#18455=CARTESIAN_POINT('',(-4136.32547356568,2061.17909386172,0.));
#18456=CARTESIAN_POINT('Origin',(-4136.3463859057,2060.45111664332,0.));
#18457=CARTESIAN_POINT('',(-4136.3463859057,2060.45111664332,0.));
#18458=CARTESIAN_POINT('',(-4136.3463859057,2060.45111664332,0.));
#18459=CARTESIAN_POINT('',(-4136.3463859057,2060.45111664332,5.));
#18460=CARTESIAN_POINT('',(-4136.3463859057,2060.45111664332,5.));
#18461=CARTESIAN_POINT('',(-4136.3463859057,2060.45111664332,0.));
#18462=CARTESIAN_POINT('Origin',(-4136.37294522961,2060.01173647025,0.));
#18463=CARTESIAN_POINT('',(-4136.37294522961,2060.01173647025,0.));
#18464=CARTESIAN_POINT('',(-4136.37294522961,2060.01173647025,0.));
#18465=CARTESIAN_POINT('',(-4136.37294522961,2060.01173647025,5.));
#18466=CARTESIAN_POINT('',(-4136.37294522961,2060.01173647025,5.));
#18467=CARTESIAN_POINT('',(-4136.37294522961,2060.01173647025,0.));
#18468=CARTESIAN_POINT('Origin',(-4137.12797135987,2059.73748001376,0.));
#18469=CARTESIAN_POINT('',(-4137.12797135987,2059.73748001376,0.));
#18470=CARTESIAN_POINT('',(-4137.12797135987,2059.73748001376,0.));
#18471=CARTESIAN_POINT('',(-4137.12797135987,2059.73748001376,5.));
#18472=CARTESIAN_POINT('',(-4137.12797135987,2059.73748001376,5.));
#18473=CARTESIAN_POINT('',(-4137.12797135987,2059.73748001376,0.));
#18474=CARTESIAN_POINT('Origin',(-4137.28553426215,2059.90393029937,0.));
#18475=CARTESIAN_POINT('',(-4137.28553426215,2059.90393029937,0.));
#18476=CARTESIAN_POINT('',(-4137.28553426215,2059.90393029937,0.));
#18477=CARTESIAN_POINT('',(-4137.28553426215,2059.90393029937,5.));
#18478=CARTESIAN_POINT('',(-4137.28553426215,2059.90393029937,5.));
#18479=CARTESIAN_POINT('',(-4137.28553426215,2059.90393029937,0.));
#18480=CARTESIAN_POINT('Origin',(-4137.67476352551,2060.30976017211,0.));
#18481=CARTESIAN_POINT('',(-4137.67476352551,2060.30976017211,0.));
#18482=CARTESIAN_POINT('',(-4137.67476352551,2060.30976017211,0.));
#18483=CARTESIAN_POINT('',(-4137.67476352551,2060.30976017211,5.));
#18484=CARTESIAN_POINT('',(-4137.67476352551,2060.30976017211,5.));
#18485=CARTESIAN_POINT('',(-4137.67476352551,2060.30976017211,0.));
#18486=CARTESIAN_POINT('Origin',(-4137.95535534154,2060.65370654718,0.));
#18487=CARTESIAN_POINT('',(-4137.95535534154,2060.65370654718,0.));
#18488=CARTESIAN_POINT('',(-4137.95535534154,2060.65370654718,0.));
#18489=CARTESIAN_POINT('',(-4137.95535534154,2060.65370654718,5.));
#18490=CARTESIAN_POINT('',(-4137.95535534154,2060.65370654718,5.));
#18491=CARTESIAN_POINT('',(-4137.95535534154,2060.65370654718,0.));
#18492=CARTESIAN_POINT('Origin',(-4138.049999721,2060.76752372111,0.));
#18493=CARTESIAN_POINT('',(-4138.049999721,2060.76752372111,0.));
#18494=CARTESIAN_POINT('',(-4138.049999721,2060.76752372111,0.));
#18495=CARTESIAN_POINT('',(-4138.049999721,2060.76752372111,5.));
#18496=CARTESIAN_POINT('',(-4138.049999721,2060.76752372111,5.));
#18497=CARTESIAN_POINT('',(-4138.049999721,2060.76752372111,0.));
#18498=CARTESIAN_POINT('Origin',(-4138.38373182366,2061.25127151973,0.));
#18499=CARTESIAN_POINT('',(-4138.38373182366,2061.25127151973,0.));
#18500=CARTESIAN_POINT('',(-4138.38373182366,2061.25127151973,0.));
#18501=CARTESIAN_POINT('',(-4138.38373182366,2061.25127151973,5.));
#18502=CARTESIAN_POINT('',(-4138.38373182366,2061.25127151973,5.));
#18503=CARTESIAN_POINT('',(-4138.38373182366,2061.25127151973,0.));
#18504=CARTESIAN_POINT('Origin',(-4138.61228888975,2061.67475781043,0.));
#18505=CARTESIAN_POINT('',(-4138.61228888975,2061.67475781043,0.));
#18506=CARTESIAN_POINT('',(-4138.61228888975,2061.67475781043,0.));
#18507=CARTESIAN_POINT('',(-4138.61228888975,2061.67475781043,5.));
#18508=CARTESIAN_POINT('',(-4138.61228888975,2061.67475781043,5.));
#18509=CARTESIAN_POINT('',(-4138.61228888975,2061.67475781043,0.));
#18510=CARTESIAN_POINT('Origin',(-4138.72486021611,2061.95359128965,0.));
#18511=CARTESIAN_POINT('',(-4138.72486021611,2061.95359128965,0.));
#18512=CARTESIAN_POINT('',(-4138.72486021611,2061.95359128965,0.));
#18513=CARTESIAN_POINT('',(-4138.72486021611,2061.95359128965,5.));
#18514=CARTESIAN_POINT('',(-4138.72486021611,2061.95359128965,5.));
#18515=CARTESIAN_POINT('',(-4138.72486021611,2061.95359128965,0.));
#18516=CARTESIAN_POINT('Origin',(-4138.80887543708,2061.93110493052,0.));
#18517=CARTESIAN_POINT('',(-4138.80887543708,2061.93110493052,0.));
#18518=CARTESIAN_POINT('',(-4139.93034024206,2061.63094907703,0.));
#18519=CARTESIAN_POINT('',(-4138.80887543708,2061.93110493052,5.));
#18520=CARTESIAN_POINT('',(-4139.93034024206,2061.63094907703,5.));
#18521=CARTESIAN_POINT('',(-4138.80887543708,2061.93110493052,0.));
#18522=CARTESIAN_POINT('Origin',(-4144.77587938444,2081.30732587452,0.));
#18523=CARTESIAN_POINT('',(-4139.92894368611,2061.62102890138,0.));
#18524=CARTESIAN_POINT('Origin',(-4144.77587938444,2081.30732587452,0.));
#18525=CARTESIAN_POINT('',(-4139.92894368611,2061.62102890138,5.));
#18526=CARTESIAN_POINT('Origin',(-4144.77587938444,2081.30732587452,5.));
#18527=CARTESIAN_POINT('',(-4139.92894368611,2061.62102890138,0.));
#18528=CARTESIAN_POINT('Origin',(-4139.8739807531,2061.23060991998,0.));
#18529=CARTESIAN_POINT('',(-4139.8739807531,2061.23060991998,0.));
#18530=CARTESIAN_POINT('',(-4139.8739807531,2061.23060991998,0.));
#18531=CARTESIAN_POINT('',(-4139.8739807531,2061.23060991998,5.));
#18532=CARTESIAN_POINT('',(-4139.8739807531,2061.23060991998,5.));
#18533=CARTESIAN_POINT('',(-4139.8739807531,2061.23060991998,0.));
#18534=CARTESIAN_POINT('Origin',(-4139.86831419891,2060.86500907807,0.));
#18535=CARTESIAN_POINT('',(-4139.86831419891,2060.86500907807,0.));
#18536=CARTESIAN_POINT('',(-4139.86831419891,2060.86500907807,0.));
#18537=CARTESIAN_POINT('',(-4139.86831419891,2060.86500907807,5.));
#18538=CARTESIAN_POINT('',(-4139.86831419891,2060.86500907807,5.));
#18539=CARTESIAN_POINT('',(-4139.86831419891,2060.86500907807,0.));
#18540=CARTESIAN_POINT('Origin',(-4139.88237114728,2060.67918113867,0.));
#18541=CARTESIAN_POINT('',(-4139.88237114728,2060.67918113867,0.));
#18542=CARTESIAN_POINT('',(-4139.88237114728,2060.67918113867,0.));
#18543=CARTESIAN_POINT('',(-4139.88237114728,2060.67918113867,5.));
#18544=CARTESIAN_POINT('',(-4139.88237114728,2060.67918113867,5.));
#18545=CARTESIAN_POINT('',(-4139.88237114728,2060.67918113867,0.));
#18546=CARTESIAN_POINT('Origin',(-4139.92078539253,2060.26374669742,0.));
#18547=CARTESIAN_POINT('',(-4139.92078539253,2060.26374669742,0.));
#18548=CARTESIAN_POINT('',(-4139.92078539253,2060.26374669742,0.));
#18549=CARTESIAN_POINT('',(-4139.92078539253,2060.26374669742,5.));
#18550=CARTESIAN_POINT('',(-4139.92078539253,2060.26374669742,5.));
#18551=CARTESIAN_POINT('',(-4139.92078539253,2060.26374669742,0.));
#18552=CARTESIAN_POINT('Origin',(-4139.94907129532,2060.05353751676,0.));
#18553=CARTESIAN_POINT('',(-4139.94907129532,2060.05353751676,0.));
#18554=CARTESIAN_POINT('',(-4139.94907129532,2060.05353751676,0.));
#18555=CARTESIAN_POINT('',(-4139.94907129532,2060.05353751676,5.));
#18556=CARTESIAN_POINT('',(-4139.94907129532,2060.05353751676,5.));
#18557=CARTESIAN_POINT('',(-4139.94907129532,2060.05353751676,0.));
#18558=CARTESIAN_POINT('Origin',(-4140.09607784727,2059.3402512978,0.));
#18559=CARTESIAN_POINT('',(-4140.09607784727,2059.3402512978,0.));
#18560=CARTESIAN_POINT('',(-4140.09607784727,2059.3402512978,0.));
#18561=CARTESIAN_POINT('',(-4140.09607784727,2059.3402512978,5.));
#18562=CARTESIAN_POINT('',(-4140.09607784727,2059.3402512978,5.));
#18563=CARTESIAN_POINT('',(-4140.09607784727,2059.3402512978,0.));
#18564=CARTESIAN_POINT('Origin',(-4140.19853124173,2058.91215827504,0.));
#18565=CARTESIAN_POINT('',(-4140.19853124173,2058.91215827504,0.));
#18566=CARTESIAN_POINT('',(-4140.19853124173,2058.91215827504,0.));
#18567=CARTESIAN_POINT('',(-4140.19853124173,2058.91215827504,5.));
#18568=CARTESIAN_POINT('',(-4140.19853124173,2058.91215827504,5.));
#18569=CARTESIAN_POINT('',(-4140.19853124173,2058.91215827504,0.));
#18570=CARTESIAN_POINT('Origin',(-4140.98971096241,2058.77317730198,0.));
#18571=CARTESIAN_POINT('',(-4140.98971096241,2058.77317730198,0.));
#18572=CARTESIAN_POINT('',(-4140.98971096241,2058.77317730198,0.));
#18573=CARTESIAN_POINT('',(-4140.98971096241,2058.77317730198,5.));
#18574=CARTESIAN_POINT('',(-4140.98971096241,2058.77317730198,5.));
#18575=CARTESIAN_POINT('',(-4140.98971096241,2058.77317730198,0.));
#18576=CARTESIAN_POINT('Origin',(-4141.1159763414,2058.96445934459,0.));
#18577=CARTESIAN_POINT('',(-4141.1159763414,2058.96445934459,0.));
#18578=CARTESIAN_POINT('',(-4141.1159763414,2058.96445934459,0.));
#18579=CARTESIAN_POINT('',(-4141.1159763414,2058.96445934459,5.));
#18580=CARTESIAN_POINT('',(-4141.1159763414,2058.96445934459,5.));
#18581=CARTESIAN_POINT('',(-4141.1159763414,2058.96445934459,0.));
#18582=CARTESIAN_POINT('Origin',(-4141.42882071981,2059.43171270195,0.));
#18583=CARTESIAN_POINT('',(-4141.42882071981,2059.43171270195,0.));
#18584=CARTESIAN_POINT('',(-4141.42882071981,2059.43171270195,0.));
#18585=CARTESIAN_POINT('',(-4141.42882071981,2059.43171270195,5.));
#18586=CARTESIAN_POINT('',(-4141.42882071981,2059.43171270195,5.));
#18587=CARTESIAN_POINT('',(-4141.42882071981,2059.43171270195,0.));
#18588=CARTESIAN_POINT('Origin',(-4141.64542405442,2059.81915801626,0.));
#18589=CARTESIAN_POINT('',(-4141.64542405442,2059.81915801626,0.));
#18590=CARTESIAN_POINT('',(-4141.64542405442,2059.81915801626,0.));
#18591=CARTESIAN_POINT('',(-4141.64542405442,2059.81915801626,5.));
#18592=CARTESIAN_POINT('',(-4141.64542405442,2059.81915801626,5.));
#18593=CARTESIAN_POINT('',(-4141.64542405442,2059.81915801626,0.));
#18594=CARTESIAN_POINT('Origin',(-4141.71886642826,2059.94768087559,0.));
#18595=CARTESIAN_POINT('',(-4141.71886642826,2059.94768087559,0.));
#18596=CARTESIAN_POINT('',(-4141.71886642826,2059.94768087559,0.));
#18597=CARTESIAN_POINT('',(-4141.71886642826,2059.94768087559,5.));
#18598=CARTESIAN_POINT('',(-4141.71886642826,2059.94768087559,5.));
#18599=CARTESIAN_POINT('',(-4141.71886642826,2059.94768087559,0.));
#18600=CARTESIAN_POINT('Origin',(-4141.96352646671,2060.48203142963,0.));
#18601=CARTESIAN_POINT('',(-4141.96352646671,2060.48203142963,0.));
#18602=CARTESIAN_POINT('',(-4141.96352646671,2060.48203142963,0.));
#18603=CARTESIAN_POINT('',(-4141.96352646671,2060.48203142963,5.));
#18604=CARTESIAN_POINT('',(-4141.96352646671,2060.48203142963,5.));
#18605=CARTESIAN_POINT('',(-4141.96352646671,2060.48203142963,0.));
#18606=CARTESIAN_POINT('Origin',(-4142.11507361475,2060.93877253002,0.));
#18607=CARTESIAN_POINT('',(-4142.11507361475,2060.93877253002,0.));
#18608=CARTESIAN_POINT('',(-4142.11507361475,2060.93877253002,0.));
#18609=CARTESIAN_POINT('',(-4142.11507361475,2060.93877253002,5.));
#18610=CARTESIAN_POINT('',(-4142.11507361475,2060.93877253002,5.));
#18611=CARTESIAN_POINT('',(-4142.11507361475,2060.93877253002,0.));
#18612=CARTESIAN_POINT('Origin',(-4142.17078138407,2061.20119400917,0.));
#18613=CARTESIAN_POINT('',(-4142.17078138407,2061.20119400917,0.));
#18614=CARTESIAN_POINT('',(-4142.17751580418,2061.23291770784,0.));
#18615=CARTESIAN_POINT('',(-4142.17078138407,2061.20119400917,5.));
#18616=CARTESIAN_POINT('',(-4142.17751580418,2061.23291770784,5.));
#18617=CARTESIAN_POINT('',(-4142.17078138407,2061.20119400917,0.));
#18618=CARTESIAN_POINT('Origin',(-4144.77587938444,2081.30732587452,0.));
#18619=CARTESIAN_POINT('',(-4143.42230865924,2061.07836345748,0.));
#18620=CARTESIAN_POINT('Origin',(-4144.77587938444,2081.30732587452,0.));
#18621=CARTESIAN_POINT('',(-4143.42230865924,2061.07836345748,5.));
#18622=CARTESIAN_POINT('Origin',(-4144.77587938444,2081.30732587452,5.));
#18623=CARTESIAN_POINT('',(-4143.42230865924,2061.07836345748,0.));
#18624=CARTESIAN_POINT('Origin',(-4143.43472301548,2060.72046273687,0.));
#18625=CARTESIAN_POINT('',(-4143.43472301548,2060.72046273687,0.));
#18626=CARTESIAN_POINT('',(-4143.43472301548,2060.72046273687,0.));
#18627=CARTESIAN_POINT('',(-4143.43472301548,2060.72046273687,5.));
#18628=CARTESIAN_POINT('',(-4143.43472301548,2060.72046273687,5.));
#18629=CARTESIAN_POINT('',(-4143.43472301548,2060.72046273687,0.));
#18630=CARTESIAN_POINT('Origin',(-4143.49262846894,2060.35943220644,0.));
#18631=CARTESIAN_POINT('',(-4143.49262846894,2060.35943220644,0.));
#18632=CARTESIAN_POINT('',(-4143.49262846894,2060.35943220644,0.));
#18633=CARTESIAN_POINT('',(-4143.49262846894,2060.35943220644,5.));
#18634=CARTESIAN_POINT('',(-4143.49262846894,2060.35943220644,5.));
#18635=CARTESIAN_POINT('',(-4143.49262846894,2060.35943220644,0.));
#18636=CARTESIAN_POINT('Origin',(-4143.5387405437,2060.17886837446,0.));
#18637=CARTESIAN_POINT('',(-4143.5387405437,2060.17886837446,0.));
#18638=CARTESIAN_POINT('',(-4143.5387405437,2060.17886837446,0.));
#18639=CARTESIAN_POINT('',(-4143.5387405437,2060.17886837446,5.));
#18640=CARTESIAN_POINT('',(-4143.5387405437,2060.17886837446,5.));
#18641=CARTESIAN_POINT('',(-4143.5387405437,2060.17886837446,0.));
#18642=CARTESIAN_POINT('Origin',(-4143.64871062392,2059.77641587953,0.));
#18643=CARTESIAN_POINT('',(-4143.64871062392,2059.77641587953,0.));
#18644=CARTESIAN_POINT('',(-4143.64871062392,2059.77641587953,0.));
#18645=CARTESIAN_POINT('',(-4143.64871062392,2059.77641587953,5.));
#18646=CARTESIAN_POINT('',(-4143.64871062392,2059.77641587953,5.));
#18647=CARTESIAN_POINT('',(-4143.64871062392,2059.77641587953,0.));
#18648=CARTESIAN_POINT('Origin',(-4143.71306924144,2059.57431204414,0.));
#18649=CARTESIAN_POINT('',(-4143.71306924144,2059.57431204414,0.));
#18650=CARTESIAN_POINT('',(-4143.71306924144,2059.57431204414,0.));
#18651=CARTESIAN_POINT('',(-4143.71306924144,2059.57431204414,5.));
#18652=CARTESIAN_POINT('',(-4143.71306924144,2059.57431204414,5.));
#18653=CARTESIAN_POINT('',(-4143.71306924144,2059.57431204414,0.));
#18654=CARTESIAN_POINT('Origin',(-4143.98170328562,2058.89738966544,0.));
#18655=CARTESIAN_POINT('',(-4143.98170328562,2058.89738966544,0.));
#18656=CARTESIAN_POINT('',(-4143.98170328562,2058.89738966544,0.));
#18657=CARTESIAN_POINT('',(-4143.98170328562,2058.89738966544,5.));
#18658=CARTESIAN_POINT('',(-4143.98170328562,2058.89738966544,5.));
#18659=CARTESIAN_POINT('',(-4143.98170328562,2058.89738966544,0.));
#18660=CARTESIAN_POINT('Origin',(-4144.15693775608,2058.49359118286,0.));
#18661=CARTESIAN_POINT('',(-4144.15693775608,2058.49359118286,0.));
#18662=CARTESIAN_POINT('',(-4144.15693775608,2058.49359118286,0.));
#18663=CARTESIAN_POINT('',(-4144.15693775608,2058.49359118286,5.));
#18664=CARTESIAN_POINT('',(-4144.15693775608,2058.49359118286,5.));
#18665=CARTESIAN_POINT('',(-4144.15693775608,2058.49359118286,0.));
#18666=CARTESIAN_POINT('Origin',(-4144.96023147174,2058.49410855977,0.));
#18667=CARTESIAN_POINT('',(-4144.96023147174,2058.49410855977,0.));
#18668=CARTESIAN_POINT('',(-4144.96023147174,2058.49410855977,0.));
#18669=CARTESIAN_POINT('',(-4144.96023147174,2058.49410855977,5.));
#18670=CARTESIAN_POINT('',(-4144.96023147174,2058.49410855977,5.));
#18671=CARTESIAN_POINT('',(-4144.96023147174,2058.49410855977,0.));
#18672=CARTESIAN_POINT('Origin',(-4145.05136281778,2058.70441035131,0.));
#18673=CARTESIAN_POINT('',(-4145.05136281778,2058.70441035131,0.));
#18674=CARTESIAN_POINT('',(-4145.05136281778,2058.70441035131,0.));
#18675=CARTESIAN_POINT('',(-4145.05136281778,2058.70441035131,5.));
#18676=CARTESIAN_POINT('',(-4145.05136281778,2058.70441035131,5.));
#18677=CARTESIAN_POINT('',(-4145.05136281778,2058.70441035131,0.));
#18678=CARTESIAN_POINT('Origin',(-4145.27831669311,2059.21888993647,0.));
#18679=CARTESIAN_POINT('',(-4145.27831669311,2059.21888993647,0.));
#18680=CARTESIAN_POINT('',(-4145.27831669311,2059.21888993647,0.));
#18681=CARTESIAN_POINT('',(-4145.27831669311,2059.21888993647,5.));
#18682=CARTESIAN_POINT('',(-4145.27831669311,2059.21888993647,5.));
#18683=CARTESIAN_POINT('',(-4145.27831669311,2059.21888993647,0.));
#18684=CARTESIAN_POINT('Origin',(-4145.42435016359,2059.6380618602,0.));
#18685=CARTESIAN_POINT('',(-4145.42435016359,2059.6380618602,0.));
#18686=CARTESIAN_POINT('',(-4145.42435016359,2059.6380618602,0.));
#18687=CARTESIAN_POINT('',(-4145.42435016359,2059.6380618602,5.));
#18688=CARTESIAN_POINT('',(-4145.42435016359,2059.6380618602,5.));
#18689=CARTESIAN_POINT('',(-4145.42435016359,2059.6380618602,0.));
#18690=CARTESIAN_POINT('Origin',(-4145.47435902243,2059.77738530289,0.));
#18691=CARTESIAN_POINT('',(-4145.47435902243,2059.77738530289,0.));
#18692=CARTESIAN_POINT('',(-4145.47435902243,2059.77738530289,0.));
#18693=CARTESIAN_POINT('',(-4145.47435902243,2059.77738530289,5.));
#18694=CARTESIAN_POINT('',(-4145.47435902243,2059.77738530289,5.));
#18695=CARTESIAN_POINT('',(-4145.47435902243,2059.77738530289,0.));
#18696=CARTESIAN_POINT('Origin',(-4145.6225131252,2060.34610264115,0.));
#18697=CARTESIAN_POINT('',(-4145.6225131252,2060.34610264115,0.));
#18698=CARTESIAN_POINT('',(-4145.6225131252,2060.34610264115,0.));
#18699=CARTESIAN_POINT('',(-4145.6225131252,2060.34610264115,5.));
#18700=CARTESIAN_POINT('',(-4145.6225131252,2060.34610264115,5.));
#18701=CARTESIAN_POINT('',(-4145.6225131252,2060.34610264115,0.));
#18702=CARTESIAN_POINT('Origin',(-4145.69244567179,2060.82222070403,0.));
#18703=CARTESIAN_POINT('',(-4145.69244567179,2060.82222070403,0.));
#18704=CARTESIAN_POINT('',(-4145.69244567179,2060.82222070403,0.));
#18705=CARTESIAN_POINT('',(-4145.69244567179,2060.82222070403,5.));
#18706=CARTESIAN_POINT('',(-4145.69244567179,2060.82222070403,5.));
#18707=CARTESIAN_POINT('',(-4145.69244567179,2060.82222070403,0.));
#18708=CARTESIAN_POINT('Origin',(-4145.70048669809,2061.05422301363,0.));
#18709=CARTESIAN_POINT('',(-4145.70048669809,2061.05422301363,0.));
#18710=CARTESIAN_POINT('',(-4145.70286144996,2061.12274012806,0.));
#18711=CARTESIAN_POINT('',(-4145.70048669809,2061.05422301363,5.));
#18712=CARTESIAN_POINT('',(-4145.70286144996,2061.12274012806,5.));
#18713=CARTESIAN_POINT('',(-4145.70048669809,2061.05422301363,0.));
#18714=CARTESIAN_POINT('Origin',(-4144.77587938444,2081.30732587452,0.));
#18715=CARTESIAN_POINT('',(-4146.96306287277,2061.15145073682,0.));
#18716=CARTESIAN_POINT('Origin',(-4144.77587938444,2081.30732587452,0.));
#18717=CARTESIAN_POINT('',(-4146.96306287277,2061.15145073682,5.));
#18718=CARTESIAN_POINT('Origin',(-4144.77587938444,2081.30732587452,5.));
#18719=CARTESIAN_POINT('',(-4146.96306287277,2061.15145073682,0.));
#18720=CARTESIAN_POINT('Origin',(-4147.02995573064,2060.83638224077,0.));
#18721=CARTESIAN_POINT('',(-4147.02995573064,2060.83638224077,0.));
#18722=CARTESIAN_POINT('',(-4147.02995573064,2060.83638224077,0.));
#18723=CARTESIAN_POINT('',(-4147.02995573064,2060.83638224077,5.));
#18724=CARTESIAN_POINT('',(-4147.02995573064,2060.83638224077,5.));
#18725=CARTESIAN_POINT('',(-4147.02995573064,2060.83638224077,0.));
#18726=CARTESIAN_POINT('Origin',(-4147.14967376383,2060.4908917518,0.));
#18727=CARTESIAN_POINT('',(-4147.14967376383,2060.4908917518,0.));
#18728=CARTESIAN_POINT('',(-4147.14967376383,2060.4908917518,0.));
#18729=CARTESIAN_POINT('',(-4147.14967376383,2060.4908917518,5.));
#18730=CARTESIAN_POINT('',(-4147.14967376383,2060.4908917518,5.));
#18731=CARTESIAN_POINT('',(-4147.14967376383,2060.4908917518,0.));
#18732=CARTESIAN_POINT('Origin',(-4147.22643987295,2060.32107836791,0.));
#18733=CARTESIAN_POINT('',(-4147.22643987295,2060.32107836791,0.));
#18734=CARTESIAN_POINT('',(-4147.22643987295,2060.32107836791,0.));
#18735=CARTESIAN_POINT('',(-4147.22643987295,2060.32107836791,5.));
#18736=CARTESIAN_POINT('',(-4147.22643987295,2060.32107836791,5.));
#18737=CARTESIAN_POINT('',(-4147.22643987295,2060.32107836791,0.));
#18738=CARTESIAN_POINT('Origin',(-4147.40462440288,2059.94383613471,0.));
#18739=CARTESIAN_POINT('',(-4147.40462440288,2059.94383613471,0.));
#18740=CARTESIAN_POINT('',(-4147.40462440288,2059.94383613471,0.));
#18741=CARTESIAN_POINT('',(-4147.40462440288,2059.94383613471,5.));
#18742=CARTESIAN_POINT('',(-4147.40462440288,2059.94383613471,5.));
#18743=CARTESIAN_POINT('',(-4147.40462440288,2059.94383613471,0.));
#18744=CARTESIAN_POINT('Origin',(-4147.50310023111,2059.75597846735,0.));
#18745=CARTESIAN_POINT('',(-4147.50310023111,2059.75597846735,0.));
#18746=CARTESIAN_POINT('',(-4147.50310023111,2059.75597846735,0.));
#18747=CARTESIAN_POINT('',(-4147.50310023111,2059.75597846735,5.));
#18748=CARTESIAN_POINT('',(-4147.50310023111,2059.75597846735,5.));
#18749=CARTESIAN_POINT('',(-4147.50310023111,2059.75597846735,0.));
#18750=CARTESIAN_POINT('Origin',(-4147.88519945802,2059.13598787285,0.));
#18751=CARTESIAN_POINT('',(-4147.88519945802,2059.13598787285,0.));
#18752=CARTESIAN_POINT('',(-4147.88519945802,2059.13598787285,0.));
#18753=CARTESIAN_POINT('',(-4147.88519945802,2059.13598787285,5.));
#18754=CARTESIAN_POINT('',(-4147.88519945802,2059.13598787285,5.));
#18755=CARTESIAN_POINT('',(-4147.88519945802,2059.13598787285,0.));
#18756=CARTESIAN_POINT('Origin',(-4148.12789059377,2058.76875314301,0.));
#18757=CARTESIAN_POINT('',(-4148.12789059377,2058.76875314301,0.));
#18758=CARTESIAN_POINT('',(-4148.12789059377,2058.76875314301,0.));
#18759=CARTESIAN_POINT('',(-4148.12789059377,2058.76875314301,5.));
#18760=CARTESIAN_POINT('',(-4148.12789059377,2058.76875314301,5.));
#18761=CARTESIAN_POINT('',(-4148.12789059377,2058.76875314301,0.));
#18762=CARTESIAN_POINT('Origin',(-4148.91889063134,2058.90875314966,0.));
#18763=CARTESIAN_POINT('',(-4148.91889063134,2058.90875314966,0.));
#18764=CARTESIAN_POINT('',(-4148.91889063134,2058.90875314966,0.));
#18765=CARTESIAN_POINT('',(-4148.91889063134,2058.90875314966,5.));
#18766=CARTESIAN_POINT('',(-4148.91889063134,2058.90875314966,5.));
#18767=CARTESIAN_POINT('',(-4148.91889063134,2058.90875314966,0.));
#18768=CARTESIAN_POINT('Origin',(-4148.9721189646,2059.13168477661,0.));
#18769=CARTESIAN_POINT('',(-4148.9721189646,2059.13168477661,0.));
#18770=CARTESIAN_POINT('',(-4148.9721189646,2059.13168477661,0.));
#18771=CARTESIAN_POINT('',(-4148.9721189646,2059.13168477661,5.));
#18772=CARTESIAN_POINT('',(-4148.9721189646,2059.13168477661,5.));
#18773=CARTESIAN_POINT('',(-4148.9721189646,2059.13168477661,0.));
#18774=CARTESIAN_POINT('Origin',(-4149.1062864582,2059.6777583877,0.));
#18775=CARTESIAN_POINT('',(-4149.1062864582,2059.6777583877,0.));
#18776=CARTESIAN_POINT('',(-4149.1062864582,2059.6777583877,0.));
#18777=CARTESIAN_POINT('',(-4149.1062864582,2059.6777583877,5.));
#18778=CARTESIAN_POINT('',(-4149.1062864582,2059.6777583877,5.));
#18779=CARTESIAN_POINT('',(-4149.1062864582,2059.6777583877,0.));
#18780=CARTESIAN_POINT('Origin',(-4149.17731291144,2060.11592059406,0.));
#18781=CARTESIAN_POINT('',(-4149.17731291144,2060.11592059406,0.));
#18782=CARTESIAN_POINT('',(-4149.17731291144,2060.11592059406,0.));
#18783=CARTESIAN_POINT('',(-4149.17731291144,2060.11592059406,5.));
#18784=CARTESIAN_POINT('',(-4149.17731291144,2060.11592059406,5.));
#18785=CARTESIAN_POINT('',(-4149.17731291144,2060.11592059406,0.));
#18786=CARTESIAN_POINT('Origin',(-4149.20236876142,2060.26181134781,0.));
#18787=CARTESIAN_POINT('',(-4149.20236876142,2060.26181134781,0.));
#18788=CARTESIAN_POINT('',(-4149.20236876142,2060.26181134781,0.));
#18789=CARTESIAN_POINT('',(-4149.20236876142,2060.26181134781,5.));
#18790=CARTESIAN_POINT('',(-4149.20236876142,2060.26181134781,5.));
#18791=CARTESIAN_POINT('',(-4149.20236876142,2060.26181134781,0.));
#18792=CARTESIAN_POINT('Origin',(-4149.24951534107,2060.84761528176,0.));
#18793=CARTESIAN_POINT('',(-4149.24951534107,2060.84761528176,0.));
#18794=CARTESIAN_POINT('',(-4149.24951534107,2060.84761528176,0.));
#18795=CARTESIAN_POINT('',(-4149.24951534107,2060.84761528176,5.));
#18796=CARTESIAN_POINT('',(-4149.24951534107,2060.84761528176,5.));
#18797=CARTESIAN_POINT('',(-4149.24951534107,2060.84761528176,0.));
#18798=CARTESIAN_POINT('Origin',(-4149.23570842116,2061.32864370071,0.));
#18799=CARTESIAN_POINT('',(-4149.23570842116,2061.32864370071,0.));
#18800=CARTESIAN_POINT('',(-4149.23570842116,2061.32864370071,0.));
#18801=CARTESIAN_POINT('',(-4149.23570842116,2061.32864370071,5.));
#18802=CARTESIAN_POINT('',(-4149.23570842116,2061.32864370071,5.));
#18803=CARTESIAN_POINT('',(-4149.23570842116,2061.32864370071,0.));
#18804=CARTESIAN_POINT('Origin',(-4149.20826162611,2061.52356834866,0.));
#18805=CARTESIAN_POINT('',(-4149.20826162611,2061.52356834866,0.));
#18806=CARTESIAN_POINT('',(-4149.19378130992,2061.62640624032,0.));
#18807=CARTESIAN_POINT('',(-4149.20826162611,2061.52356834866,5.));
#18808=CARTESIAN_POINT('',(-4149.19378130992,2061.62640624032,5.));
#18809=CARTESIAN_POINT('',(-4149.20826162611,2061.52356834866,0.));
#18810=CARTESIAN_POINT('Origin',(-4144.77587938444,2081.30732587452,0.));
#18811=CARTESIAN_POINT('',(-4150.44287880392,2061.84124789877,0.));
#18812=CARTESIAN_POINT('Origin',(-4144.77587938444,2081.30732587452,0.));
#18813=CARTESIAN_POINT('',(-4150.44287880392,2061.84124789877,5.));
#18814=CARTESIAN_POINT('Origin',(-4144.77587938444,2081.30732587452,5.));
#18815=CARTESIAN_POINT('',(-4150.44287880392,2061.84124789877,0.));
#18816=CARTESIAN_POINT('Origin',(-4150.5504395718,2061.57484627622,0.));
#18817=CARTESIAN_POINT('',(-4150.5504395718,2061.57484627622,0.));
#18818=CARTESIAN_POINT('',(-4150.5504395718,2061.57484627622,0.));
#18819=CARTESIAN_POINT('',(-4150.5504395718,2061.57484627622,5.));
#18820=CARTESIAN_POINT('',(-4150.5504395718,2061.57484627622,5.));
#18821=CARTESIAN_POINT('',(-4150.5504395718,2061.57484627622,0.));
#18822=CARTESIAN_POINT('Origin',(-4150.72833261288,2061.25539338239,0.));
#18823=CARTESIAN_POINT('',(-4150.72833261288,2061.25539338239,0.));
#18824=CARTESIAN_POINT('',(-4150.72833261288,2061.25539338239,0.));
#18825=CARTESIAN_POINT('',(-4150.72833261288,2061.25539338239,5.));
#18826=CARTESIAN_POINT('',(-4150.72833261288,2061.25539338239,5.));
#18827=CARTESIAN_POINT('',(-4150.72833261288,2061.25539338239,0.));
#18828=CARTESIAN_POINT('Origin',(-4150.83342025696,2061.10149014031,0.));
#18829=CARTESIAN_POINT('',(-4150.83342025696,2061.10149014031,0.));
#18830=CARTESIAN_POINT('',(-4150.83342025696,2061.10149014031,0.));
#18831=CARTESIAN_POINT('',(-4150.83342025696,2061.10149014031,5.));
#18832=CARTESIAN_POINT('',(-4150.83342025696,2061.10149014031,5.));
#18833=CARTESIAN_POINT('',(-4150.83342025696,2061.10149014031,0.));
#18834=CARTESIAN_POINT('Origin',(-4151.07440518984,2060.76092048321,0.));
#18835=CARTESIAN_POINT('',(-4151.07440518984,2060.76092048321,0.));
#18836=CARTESIAN_POINT('',(-4151.07440518984,2060.76092048321,0.));
#18837=CARTESIAN_POINT('',(-4151.07440518984,2060.76092048321,5.));
#18838=CARTESIAN_POINT('',(-4151.07440518984,2060.76092048321,5.));
#18839=CARTESIAN_POINT('',(-4151.07440518984,2060.76092048321,0.));
#18840=CARTESIAN_POINT('Origin',(-4151.20400609056,2060.59301694405,0.));
#18841=CARTESIAN_POINT('',(-4151.20400609056,2060.59301694405,0.));
#18842=CARTESIAN_POINT('',(-4151.20400609056,2060.59301694405,0.));
#18843=CARTESIAN_POINT('',(-4151.20400609056,2060.59301694405,5.));
#18844=CARTESIAN_POINT('',(-4151.20400609056,2060.59301694405,5.));
#18845=CARTESIAN_POINT('',(-4151.20400609056,2060.59301694405,0.));
#18846=CARTESIAN_POINT('Origin',(-4151.68796060854,2060.04879623423,0.));
#18847=CARTESIAN_POINT('',(-4151.68796060854,2060.04879623423,0.));
#18848=CARTESIAN_POINT('',(-4151.68796060854,2060.04879623423,0.));
#18849=CARTESIAN_POINT('',(-4151.68796060854,2060.04879623423,5.));
#18850=CARTESIAN_POINT('',(-4151.68796060854,2060.04879623423,5.));
#18851=CARTESIAN_POINT('',(-4151.68796060854,2060.04879623423,0.));
#18852=CARTESIAN_POINT('Origin',(-4151.99073436223,2059.72928349857,0.));
#18853=CARTESIAN_POINT('',(-4151.99073436223,2059.72928349857,0.));
#18854=CARTESIAN_POINT('',(-4151.99073436223,2059.72928349857,0.));
#18855=CARTESIAN_POINT('',(-4151.99073436223,2059.72928349857,5.));
#18856=CARTESIAN_POINT('',(-4151.99073436223,2059.72928349857,5.));
#18857=CARTESIAN_POINT('',(-4151.99073436223,2059.72928349857,0.));
#18858=CARTESIAN_POINT('Origin',(-4152.74540658583,2060.0045123056,0.));
#18859=CARTESIAN_POINT('',(-4152.74540658583,2060.0045123056,0.));
#18860=CARTESIAN_POINT('',(-4152.74540658583,2060.0045123056,0.));
#18861=CARTESIAN_POINT('',(-4152.74540658583,2060.0045123056,5.));
#18862=CARTESIAN_POINT('',(-4152.74540658583,2060.0045123056,5.));
#18863=CARTESIAN_POINT('',(-4152.74540658583,2060.0045123056,0.));
#18864=CARTESIAN_POINT('Origin',(-4152.75911459035,2060.23330010328,0.));
#18865=CARTESIAN_POINT('',(-4152.75911459035,2060.23330010328,0.));
#18866=CARTESIAN_POINT('',(-4152.75911459035,2060.23330010328,0.));
#18867=CARTESIAN_POINT('',(-4152.75911459035,2060.23330010328,5.));
#18868=CARTESIAN_POINT('',(-4152.75911459035,2060.23330010328,5.));
#18869=CARTESIAN_POINT('',(-4152.75911459035,2060.23330010328,0.));
#18870=CARTESIAN_POINT('Origin',(-4152.7964190908,2060.79437556996,0.));
#18871=CARTESIAN_POINT('',(-4152.7964190908,2060.79437556996,0.));
#18872=CARTESIAN_POINT('',(-4152.7964190908,2060.79437556996,0.));
#18873=CARTESIAN_POINT('',(-4152.7964190908,2060.79437556996,5.));
#18874=CARTESIAN_POINT('',(-4152.7964190908,2060.79437556996,5.));
#18875=CARTESIAN_POINT('',(-4152.7964190908,2060.79437556996,0.));
#18876=CARTESIAN_POINT('Origin',(-4152.79028042397,2061.23821472204,0.));
#18877=CARTESIAN_POINT('',(-4152.79028042397,2061.23821472204,0.));
#18878=CARTESIAN_POINT('',(-4152.79028042397,2061.23821472204,0.));
#18879=CARTESIAN_POINT('',(-4152.79028042397,2061.23821472204,5.));
#18880=CARTESIAN_POINT('',(-4152.79028042397,2061.23821472204,5.));
#18881=CARTESIAN_POINT('',(-4152.79028042397,2061.23821472204,0.));
#18882=CARTESIAN_POINT('Origin',(-4152.78962195576,2061.38623997011,0.));
#18883=CARTESIAN_POINT('',(-4152.78962195576,2061.38623997011,0.));
#18884=CARTESIAN_POINT('',(-4152.78962195576,2061.38623997011,0.));
#18885=CARTESIAN_POINT('',(-4152.78962195576,2061.38623997011,5.));
#18886=CARTESIAN_POINT('',(-4152.78962195576,2061.38623997011,5.));
#18887=CARTESIAN_POINT('',(-4152.78962195576,2061.38623997011,0.));
#18888=CARTESIAN_POINT('Origin',(-4152.73432848733,2061.97133114365,0.));
#18889=CARTESIAN_POINT('',(-4152.73432848733,2061.97133114365,0.));
#18890=CARTESIAN_POINT('',(-4152.73432848733,2061.97133114365,0.));
#18891=CARTESIAN_POINT('',(-4152.73432848733,2061.97133114365,5.));
#18892=CARTESIAN_POINT('',(-4152.73432848733,2061.97133114365,5.));
#18893=CARTESIAN_POINT('',(-4152.73432848733,2061.97133114365,0.));
#18894=CARTESIAN_POINT('Origin',(-4152.6372016172,2062.44265411357,0.));
#18895=CARTESIAN_POINT('',(-4152.6372016172,2062.44265411357,0.));
#18896=CARTESIAN_POINT('',(-4152.6372016172,2062.44265411357,0.));
#18897=CARTESIAN_POINT('',(-4152.6372016172,2062.44265411357,5.));
#18898=CARTESIAN_POINT('',(-4152.6372016172,2062.44265411357,5.));
#18899=CARTESIAN_POINT('',(-4152.6372016172,2062.44265411357,0.));
#18900=CARTESIAN_POINT('Origin',(-4152.58664787646,2062.59810435832,0.));
#18901=CARTESIAN_POINT('',(-4152.58664787646,2062.59810435832,0.));
#18902=CARTESIAN_POINT('',(-4152.54420555061,2062.72861240467,0.));
#18903=CARTESIAN_POINT('',(-4152.58664787646,2062.59810435832,5.));
#18904=CARTESIAN_POINT('',(-4152.54420555061,2062.72861240467,5.));
#18905=CARTESIAN_POINT('',(-4152.58664787646,2062.59810435832,0.));
#18906=CARTESIAN_POINT('Origin',(-4144.77587938444,2081.30732587452,0.));
#18907=CARTESIAN_POINT('',(-4153.75423369651,2063.12953095805,0.));
#18908=CARTESIAN_POINT('Origin',(-4144.77587938444,2081.30732587452,0.));
#18909=CARTESIAN_POINT('',(-4153.75423369651,2063.12953095805,5.));
#18910=CARTESIAN_POINT('Origin',(-4144.77587938444,2081.30732587452,5.));
#18911=CARTESIAN_POINT('',(-4153.75423369651,2063.12953095805,0.));
#18912=CARTESIAN_POINT('Origin',(-4153.8892064189,2062.91341698717,0.));
#18913=CARTESIAN_POINT('',(-4153.8892064189,2062.91341698717,0.));
#18914=CARTESIAN_POINT('',(-4153.8892064189,2062.91341698717,0.));
#18915=CARTESIAN_POINT('',(-4153.8892064189,2062.91341698717,5.));
#18916=CARTESIAN_POINT('',(-4153.8892064189,2062.91341698717,5.));
#18917=CARTESIAN_POINT('',(-4153.8892064189,2062.91341698717,0.));
#18918=CARTESIAN_POINT('Origin',(-4154.11986927783,2062.629708103,0.));
#18919=CARTESIAN_POINT('',(-4154.11986927783,2062.629708103,0.));
#18920=CARTESIAN_POINT('',(-4154.11986927783,2062.629708103,0.));
#18921=CARTESIAN_POINT('',(-4154.11986927783,2062.629708103,5.));
#18922=CARTESIAN_POINT('',(-4154.11986927783,2062.629708103,5.));
#18923=CARTESIAN_POINT('',(-4154.11986927783,2062.629708103,0.));
#18924=CARTESIAN_POINT('Origin',(-4154.25008542199,2062.49639127488,0.));
#18925=CARTESIAN_POINT('',(-4154.25008542199,2062.49639127488,0.));
#18926=CARTESIAN_POINT('',(-4154.25008542199,2062.49639127488,0.));
#18927=CARTESIAN_POINT('',(-4154.25008542199,2062.49639127488,5.));
#18928=CARTESIAN_POINT('',(-4154.25008542199,2062.49639127488,5.));
#18929=CARTESIAN_POINT('',(-4154.25008542199,2062.49639127488,0.));
#18930=CARTESIAN_POINT('Origin',(-4154.54654855257,2062.20284223057,0.));
#18931=CARTESIAN_POINT('',(-4154.54654855257,2062.20284223057,0.));
#18932=CARTESIAN_POINT('',(-4154.54654855257,2062.20284223057,0.));
#18933=CARTESIAN_POINT('',(-4154.54654855257,2062.20284223057,5.));
#18934=CARTESIAN_POINT('',(-4154.54654855257,2062.20284223057,5.));
#18935=CARTESIAN_POINT('',(-4154.54654855257,2062.20284223057,0.));
#18936=CARTESIAN_POINT('Origin',(-4154.703336668,2062.05999448368,0.));
#18937=CARTESIAN_POINT('',(-4154.703336668,2062.05999448368,0.));
#18938=CARTESIAN_POINT('',(-4154.703336668,2062.05999448368,0.));
#18939=CARTESIAN_POINT('',(-4154.703336668,2062.05999448368,5.));
#18940=CARTESIAN_POINT('',(-4154.703336668,2062.05999448368,5.));
#18941=CARTESIAN_POINT('',(-4154.703336668,2062.05999448368,0.));
#18942=CARTESIAN_POINT('Origin',(-4155.27444176392,2061.60807952942,0.));
#18943=CARTESIAN_POINT('',(-4155.27444176392,2061.60807952942,0.));
#18944=CARTESIAN_POINT('',(-4155.27444176392,2061.60807952942,0.));
#18945=CARTESIAN_POINT('',(-4155.27444176392,2061.60807952942,5.));
#18946=CARTESIAN_POINT('',(-4155.27444176392,2061.60807952942,5.));
#18947=CARTESIAN_POINT('',(-4155.27444176392,2061.60807952942,0.));
#18948=CARTESIAN_POINT('Origin',(-4155.62809850825,2061.34599702073,0.));
#18949=CARTESIAN_POINT('',(-4155.62809850825,2061.34599702073,0.));
#18950=CARTESIAN_POINT('',(-4155.62809850825,2061.34599702073,0.));
#18951=CARTESIAN_POINT('',(-4155.62809850825,2061.34599702073,5.));
#18952=CARTESIAN_POINT('',(-4155.62809850825,2061.34599702073,5.));
#18953=CARTESIAN_POINT('',(-4155.62809850825,2061.34599702073,0.));
#18954=CARTESIAN_POINT('Origin',(-4156.32351258426,2061.74809194011,0.));
#18955=CARTESIAN_POINT('',(-4156.32351258426,2061.74809194011,0.));
#18956=CARTESIAN_POINT('',(-4156.32351258426,2061.74809194011,0.));
#18957=CARTESIAN_POINT('',(-4156.32351258426,2061.74809194011,5.));
#18958=CARTESIAN_POINT('',(-4156.32351258426,2061.74809194011,5.));
#18959=CARTESIAN_POINT('',(-4156.32351258426,2061.74809194011,0.));
#18960=CARTESIAN_POINT('Origin',(-4156.29728374924,2061.97578430707,0.));
#18961=CARTESIAN_POINT('',(-4156.29728374924,2061.97578430707,0.));
#18962=CARTESIAN_POINT('',(-4156.29728374924,2061.97578430707,0.));
#18963=CARTESIAN_POINT('',(-4156.29728374924,2061.97578430707,5.));
#18964=CARTESIAN_POINT('',(-4156.29728374924,2061.97578430707,5.));
#18965=CARTESIAN_POINT('',(-4156.29728374924,2061.97578430707,0.));
#18966=CARTESIAN_POINT('Origin',(-4156.23659177819,2062.5348136352,0.));
#18967=CARTESIAN_POINT('',(-4156.23659177819,2062.5348136352,0.));
#18968=CARTESIAN_POINT('',(-4156.23659177819,2062.5348136352,0.));
#18969=CARTESIAN_POINT('',(-4156.23659177819,2062.5348136352,5.));
#18970=CARTESIAN_POINT('',(-4156.23659177819,2062.5348136352,5.));
#18971=CARTESIAN_POINT('',(-4156.23659177819,2062.5348136352,0.));
#18972=CARTESIAN_POINT('Origin',(-4156.15347451156,2062.97084390494,0.));
#18973=CARTESIAN_POINT('',(-4156.15347451156,2062.97084390494,0.));
#18974=CARTESIAN_POINT('',(-4156.15347451156,2062.97084390494,0.));
#18975=CARTESIAN_POINT('',(-4156.15347451156,2062.97084390494,5.));
#18976=CARTESIAN_POINT('',(-4156.15347451156,2062.97084390494,5.));
#18977=CARTESIAN_POINT('',(-4156.15347451156,2062.97084390494,0.));
#18978=CARTESIAN_POINT('Origin',(-4156.12712173238,2063.11650597508,0.));
#18979=CARTESIAN_POINT('',(-4156.12712173238,2063.11650597508,0.));
#18980=CARTESIAN_POINT('',(-4156.12712173238,2063.11650597508,0.));
#18981=CARTESIAN_POINT('',(-4156.12712173238,2063.11650597508,5.));
#18982=CARTESIAN_POINT('',(-4156.12712173238,2063.11650597508,5.));
#18983=CARTESIAN_POINT('',(-4156.12712173238,2063.11650597508,0.));
#18984=CARTESIAN_POINT('Origin',(-4155.97106827993,2063.68310668898,0.));
#18985=CARTESIAN_POINT('',(-4155.97106827993,2063.68310668898,0.));
#18986=CARTESIAN_POINT('',(-4155.97106827993,2063.68310668898,0.));
#18987=CARTESIAN_POINT('',(-4155.97106827993,2063.68310668898,5.));
#18988=CARTESIAN_POINT('',(-4155.97106827993,2063.68310668898,5.));
#18989=CARTESIAN_POINT('',(-4155.97106827993,2063.68310668898,0.));
#18990=CARTESIAN_POINT('Origin',(-4155.79357261039,2064.13040329992,0.));
#18991=CARTESIAN_POINT('',(-4155.79357261039,2064.13040329992,0.));
#18992=CARTESIAN_POINT('',(-4155.79357261039,2064.13040329992,0.));
#18993=CARTESIAN_POINT('',(-4155.79357261039,2064.13040329992,5.));
#18994=CARTESIAN_POINT('',(-4155.79357261039,2064.13040329992,5.));
#18995=CARTESIAN_POINT('',(-4155.79357261039,2064.13040329992,0.));
#18996=CARTESIAN_POINT('Origin',(-4155.73109516075,2064.2478322867,0.));
#18997=CARTESIAN_POINT('',(-4155.73109516075,2064.2478322867,0.));
#18998=CARTESIAN_POINT('',(-4155.65233322687,2064.39586864455,0.));
#18999=CARTESIAN_POINT('',(-4155.73109516075,2064.2478322867,5.));
#19000=CARTESIAN_POINT('',(-4155.65233322687,2064.39586864455,5.));
#19001=CARTESIAN_POINT('',(-4155.73109516075,2064.2478322867,0.));
#19002=CARTESIAN_POINT('Origin',(-4144.77587938444,2081.30732587452,0.));
#19003=CARTESIAN_POINT('',(-4156.79389017029,2064.97911437021,0.));
#19004=CARTESIAN_POINT('Origin',(-4144.77587938444,2081.30732587452,0.));
#19005=CARTESIAN_POINT('',(-4156.79389017029,2064.97911437021,5.));
#19006=CARTESIAN_POINT('Origin',(-4144.77587938444,2081.30732587452,5.));
#19007=CARTESIAN_POINT('',(-4156.79389017029,2064.97911437021,0.));
#19008=CARTESIAN_POINT('Origin',(-4156.9448095308,2064.81142257992,0.));
#19009=CARTESIAN_POINT('',(-4156.9448095308,2064.81142257992,0.));
#19010=CARTESIAN_POINT('',(-4156.9448095308,2064.81142257992,0.));
#19011=CARTESIAN_POINT('',(-4156.9448095308,2064.81142257992,5.));
#19012=CARTESIAN_POINT('',(-4156.9448095308,2064.81142257992,5.));
#19013=CARTESIAN_POINT('',(-4156.9448095308,2064.81142257992,0.));
#19014=CARTESIAN_POINT('Origin',(-4157.22123363332,2064.57207805631,0.));
#19015=CARTESIAN_POINT('',(-4157.22123363332,2064.57207805631,0.));
#19016=CARTESIAN_POINT('',(-4157.22123363332,2064.57207805631,0.));
#19017=CARTESIAN_POINT('',(-4157.22123363332,2064.57207805631,5.));
#19018=CARTESIAN_POINT('',(-4157.22123363332,2064.57207805631,5.));
#19019=CARTESIAN_POINT('',(-4157.22123363332,2064.57207805631,0.));
#19020=CARTESIAN_POINT('Origin',(-4157.37262172591,2064.4633984065,0.));
#19021=CARTESIAN_POINT('',(-4157.37262172591,2064.4633984065,0.));
#19022=CARTESIAN_POINT('',(-4157.37262172591,2064.4633984065,0.));
#19023=CARTESIAN_POINT('',(-4157.37262172591,2064.4633984065,5.));
#19024=CARTESIAN_POINT('',(-4157.37262172591,2064.4633984065,5.));
#19025=CARTESIAN_POINT('',(-4157.37262172591,2064.4633984065,0.));
#19026=CARTESIAN_POINT('Origin',(-4157.715555172,2064.22578931414,0.));
#19027=CARTESIAN_POINT('',(-4157.715555172,2064.22578931414,0.));
#19028=CARTESIAN_POINT('',(-4157.715555172,2064.22578931414,0.));
#19029=CARTESIAN_POINT('',(-4157.715555172,2064.22578931414,5.));
#19030=CARTESIAN_POINT('',(-4157.715555172,2064.22578931414,5.));
#19031=CARTESIAN_POINT('',(-4157.715555172,2064.22578931414,0.));
#19032=CARTESIAN_POINT('Origin',(-4157.89476657458,2064.11233771603,0.));
#19033=CARTESIAN_POINT('',(-4157.89476657458,2064.11233771603,0.));
#19034=CARTESIAN_POINT('',(-4157.89476657458,2064.11233771603,0.));
#19035=CARTESIAN_POINT('',(-4157.89476657458,2064.11233771603,5.));
#19036=CARTESIAN_POINT('',(-4157.89476657458,2064.11233771603,5.));
#19037=CARTESIAN_POINT('',(-4157.89476657458,2064.11233771603,0.));
#19038=CARTESIAN_POINT('Origin',(-4158.5356695091,2063.76645972454,0.));
#19039=CARTESIAN_POINT('',(-4158.5356695091,2063.76645972454,0.));
#19040=CARTESIAN_POINT('',(-4158.5356695091,2063.76645972454,0.));
#19041=CARTESIAN_POINT('',(-4158.5356695091,2063.76645972454,5.));
#19042=CARTESIAN_POINT('',(-4158.5356695091,2063.76645972454,5.));
#19043=CARTESIAN_POINT('',(-4158.5356695091,2063.76645972454,0.));
#19044=CARTESIAN_POINT('Origin',(-4158.92946356285,2063.56977068722,0.));
#19045=CARTESIAN_POINT('',(-4158.92946356285,2063.56977068722,0.));
#19046=CARTESIAN_POINT('',(-4158.92946356285,2063.56977068722,0.));
#19047=CARTESIAN_POINT('',(-4158.92946356285,2063.56977068722,5.));
#19048=CARTESIAN_POINT('',(-4158.92946356285,2063.56977068722,5.));
#19049=CARTESIAN_POINT('',(-4158.92946356285,2063.56977068722,0.));
#19050=CARTESIAN_POINT('Origin',(-4159.54448968645,2064.08651426829,0.));
#19051=CARTESIAN_POINT('',(-4159.54448968645,2064.08651426829,0.));
#19052=CARTESIAN_POINT('',(-4159.54448968645,2064.08651426829,0.));
#19053=CARTESIAN_POINT('',(-4159.54448968645,2064.08651426829,5.));
#19054=CARTESIAN_POINT('',(-4159.54448968645,2064.08651426829,5.));
#19055=CARTESIAN_POINT('',(-4159.54448968645,2064.08651426829,0.));
#19056=CARTESIAN_POINT('Origin',(-4159.47912096179,2064.30619288717,0.));
#19057=CARTESIAN_POINT('',(-4159.47912096179,2064.30619288717,0.));
#19058=CARTESIAN_POINT('',(-4159.47912096179,2064.30619288717,0.));
#19059=CARTESIAN_POINT('',(-4159.47912096179,2064.30619288717,5.));
#19060=CARTESIAN_POINT('',(-4159.47912096179,2064.30619288717,5.));
#19061=CARTESIAN_POINT('',(-4159.47912096179,2064.30619288717,0.));
#19062=CARTESIAN_POINT('Origin',(-4159.32227661406,2064.84619025351,0.));
#19063=CARTESIAN_POINT('',(-4159.32227661406,2064.84619025351,0.));
#19064=CARTESIAN_POINT('',(-4159.32227661406,2064.84619025351,0.));
#19065=CARTESIAN_POINT('',(-4159.32227661406,2064.84619025351,5.));
#19066=CARTESIAN_POINT('',(-4159.32227661406,2064.84619025351,5.));
#19067=CARTESIAN_POINT('',(-4159.32227661406,2064.84619025351,0.));
#19068=CARTESIAN_POINT('Origin',(-4159.16470622372,2065.26116308182,0.));
#19069=CARTESIAN_POINT('',(-4159.16470622372,2065.26116308182,0.));
#19070=CARTESIAN_POINT('',(-4159.16470622372,2065.26116308182,0.));
#19071=CARTESIAN_POINT('',(-4159.16470622372,2065.26116308182,5.));
#19072=CARTESIAN_POINT('',(-4159.16470622372,2065.26116308182,5.));
#19073=CARTESIAN_POINT('',(-4159.16470622372,2065.26116308182,0.));
#19074=CARTESIAN_POINT('Origin',(-4159.11345984944,2065.40003610573,0.));
#19075=CARTESIAN_POINT('',(-4159.11345984944,2065.40003610573,0.));
#19076=CARTESIAN_POINT('',(-4159.11345984944,2065.40003610573,0.));
#19077=CARTESIAN_POINT('',(-4159.11345984944,2065.40003610573,5.));
#19078=CARTESIAN_POINT('',(-4159.11345984944,2065.40003610573,5.));
#19079=CARTESIAN_POINT('',(-4159.11345984944,2065.40003610573,0.));
#19080=CARTESIAN_POINT('Origin',(-4158.86138801815,2065.930930484,0.));
#19081=CARTESIAN_POINT('',(-4158.86138801815,2065.930930484,0.));
#19082=CARTESIAN_POINT('',(-4158.86138801815,2065.930930484,0.));
#19083=CARTESIAN_POINT('',(-4158.86138801815,2065.930930484,5.));
#19084=CARTESIAN_POINT('',(-4158.86138801815,2065.930930484,5.));
#19085=CARTESIAN_POINT('',(-4158.86138801815,2065.930930484,0.));
#19086=CARTESIAN_POINT('Origin',(-4158.60772277557,2066.34254715178,0.));
#19087=CARTESIAN_POINT('',(-4158.60772277557,2066.34254715178,0.));
#19088=CARTESIAN_POINT('',(-4158.60772277557,2066.34254715178,0.));
#19089=CARTESIAN_POINT('',(-4158.60772277557,2066.34254715178,5.));
#19090=CARTESIAN_POINT('',(-4158.60772277557,2066.34254715178,5.));
#19091=CARTESIAN_POINT('',(-4158.60772277557,2066.34254715178,0.));
#19092=CARTESIAN_POINT('Origin',(-4158.67138022028,2066.5439207558,0.));
#19093=CARTESIAN_POINT('',(-4158.67138022028,2066.5439207558,0.));
#19094=CARTESIAN_POINT('',(-4158.67138022028,2066.5439207558,0.));
#19095=CARTESIAN_POINT('',(-4158.67138022028,2066.5439207558,5.));
#19096=CARTESIAN_POINT('',(-4158.67138022028,2066.5439207558,5.));
#19097=CARTESIAN_POINT('',(-4158.67138022028,2066.5439207558,0.));
#19098=CARTESIAN_POINT('Origin',(-4159.58289869339,2067.2436377776,0.));
#19099=CARTESIAN_POINT('',(-4159.58289869339,2067.2436377776,0.));
#19100=CARTESIAN_POINT('',(-4159.58289869339,2067.2436377776,0.));
#19101=CARTESIAN_POINT('',(-4159.58289869339,2067.2436377776,5.));
#19102=CARTESIAN_POINT('',(-4159.58289869339,2067.2436377776,5.));
#19103=CARTESIAN_POINT('',(-4159.58289869339,2067.2436377776,0.));
#19104=CARTESIAN_POINT('Origin',(-4159.62440595313,2067.21119311498,0.));
#19105=CARTESIAN_POINT('',(-4159.62440595313,2067.21119311498,0.));
#19106=CARTESIAN_POINT('',(-4159.62440595313,2067.21119311498,0.));
#19107=CARTESIAN_POINT('',(-4159.62440595313,2067.21119311498,5.));
#19108=CARTESIAN_POINT('',(-4159.62440595313,2067.21119311498,5.));
#19109=CARTESIAN_POINT('',(-4159.62440595313,2067.21119311498,0.));
#19110=CARTESIAN_POINT('Origin',(-4159.93819229278,2067.02348531415,0.));
#19111=CARTESIAN_POINT('',(-4159.93819229278,2067.02348531415,0.));
#19112=CARTESIAN_POINT('',(-4159.93819229278,2067.02348531415,0.));
#19113=CARTESIAN_POINT('',(-4159.93819229278,2067.02348531415,5.));
#19114=CARTESIAN_POINT('',(-4159.93819229278,2067.02348531415,5.));
#19115=CARTESIAN_POINT('',(-4159.93819229278,2067.02348531415,0.));
#19116=CARTESIAN_POINT('Origin',(-4160.10615248321,2066.94274501882,0.));
#19117=CARTESIAN_POINT('',(-4160.10615248321,2066.94274501882,0.));
#19118=CARTESIAN_POINT('',(-4160.10615248321,2066.94274501882,0.));
#19119=CARTESIAN_POINT('',(-4160.10615248321,2066.94274501882,5.));
#19120=CARTESIAN_POINT('',(-4160.10615248321,2066.94274501882,5.));
#19121=CARTESIAN_POINT('',(-4160.10615248321,2066.94274501882,0.));
#19122=CARTESIAN_POINT('Origin',(-4160.48513638557,2066.76829551045,0.));
#19123=CARTESIAN_POINT('',(-4160.48513638557,2066.76829551045,0.));
#19124=CARTESIAN_POINT('',(-4160.48513638557,2066.76829551045,0.));
#19125=CARTESIAN_POINT('',(-4160.48513638557,2066.76829551045,5.));
#19126=CARTESIAN_POINT('',(-4160.48513638557,2066.76829551045,5.));
#19127=CARTESIAN_POINT('',(-4160.48513638557,2066.76829551045,0.));
#19128=CARTESIAN_POINT('Origin',(-4160.68132582753,2066.68768723052,0.));
#19129=CARTESIAN_POINT('',(-4160.68132582753,2066.68768723052,0.));
#19130=CARTESIAN_POINT('',(-4160.68132582753,2066.68768723052,0.));
#19131=CARTESIAN_POINT('',(-4160.68132582753,2066.68768723052,5.));
#19132=CARTESIAN_POINT('',(-4160.68132582753,2066.68768723052,5.));
#19133=CARTESIAN_POINT('',(-4160.68132582753,2066.68768723052,0.));
#19134=CARTESIAN_POINT('Origin',(-4161.37255308929,2066.45835552954,0.));
#19135=CARTESIAN_POINT('',(-4161.37255308929,2066.45835552954,0.));
#19136=CARTESIAN_POINT('',(-4161.37255308929,2066.45835552954,0.));
#19137=CARTESIAN_POINT('',(-4161.37255308929,2066.45835552954,5.));
#19138=CARTESIAN_POINT('',(-4161.37255308929,2066.45835552954,5.));
#19139=CARTESIAN_POINT('',(-4161.37255308929,2066.45835552954,0.));
#19140=CARTESIAN_POINT('Origin',(-4161.79451921941,2066.33303626047,0.));
#19141=CARTESIAN_POINT('',(-4161.79451921941,2066.33303626047,0.));
#19142=CARTESIAN_POINT('',(-4161.79451921941,2066.33303626047,0.));
#19143=CARTESIAN_POINT('',(-4161.79451921941,2066.33303626047,5.));
#19144=CARTESIAN_POINT('',(-4161.79451921941,2066.33303626047,5.));
#19145=CARTESIAN_POINT('',(-4161.79451921941,2066.33303626047,0.));
#19146=CARTESIAN_POINT('Origin',(-4162.31047013307,2066.94872751101,0.));
#19147=CARTESIAN_POINT('',(-4162.31047013307,2066.94872751101,0.));
#19148=CARTESIAN_POINT('',(-4162.31047013307,2066.94872751101,0.));
#19149=CARTESIAN_POINT('',(-4162.31047013307,2066.94872751101,5.));
#19150=CARTESIAN_POINT('',(-4162.31047013307,2066.94872751101,5.));
#19151=CARTESIAN_POINT('',(-4162.31047013307,2066.94872751101,0.));
#19152=CARTESIAN_POINT('Origin',(-4162.20794771437,2067.15371755814,0.));
#19153=CARTESIAN_POINT('',(-4162.20794771437,2067.15371755814,0.));
#19154=CARTESIAN_POINT('',(-4162.20794771437,2067.15371755814,0.));
#19155=CARTESIAN_POINT('',(-4162.20794771437,2067.15371755814,5.));
#19156=CARTESIAN_POINT('',(-4162.20794771437,2067.15371755814,5.));
#19157=CARTESIAN_POINT('',(-4162.20794771437,2067.15371755814,0.));
#19158=CARTESIAN_POINT('Origin',(-4161.9597166261,2067.65827541595,0.));
#19159=CARTESIAN_POINT('',(-4161.9597166261,2067.65827541595,0.));
#19160=CARTESIAN_POINT('',(-4161.9597166261,2067.65827541595,0.));
#19161=CARTESIAN_POINT('',(-4161.9597166261,2067.65827541595,5.));
#19162=CARTESIAN_POINT('',(-4161.9597166261,2067.65827541595,5.));
#19163=CARTESIAN_POINT('',(-4161.9597166261,2067.65827541595,0.));
#19164=CARTESIAN_POINT('Origin',(-4161.73248080863,2068.03958206342,0.));
#19165=CARTESIAN_POINT('',(-4161.73248080863,2068.03958206342,0.));
#19166=CARTESIAN_POINT('',(-4161.73248080863,2068.03958206342,0.));
#19167=CARTESIAN_POINT('',(-4161.73248080863,2068.03958206342,5.));
#19168=CARTESIAN_POINT('',(-4161.73248080863,2068.03958206342,5.));
#19169=CARTESIAN_POINT('',(-4161.73248080863,2068.03958206342,0.));
#19170=CARTESIAN_POINT('Origin',(-4161.6578979344,2068.16744645455,0.));
#19171=CARTESIAN_POINT('',(-4161.6578979344,2068.16744645455,0.));
#19172=CARTESIAN_POINT('',(-4161.6578979344,2068.16744645455,0.));
#19173=CARTESIAN_POINT('',(-4161.6578979344,2068.16744645455,5.));
#19174=CARTESIAN_POINT('',(-4161.6578979344,2068.16744645455,5.));
#19175=CARTESIAN_POINT('',(-4161.6578979344,2068.16744645455,0.));
#19176=CARTESIAN_POINT('Origin',(-4161.31746679931,2068.64650354015,0.));
#19177=CARTESIAN_POINT('',(-4161.31746679931,2068.64650354015,0.));
#19178=CARTESIAN_POINT('',(-4161.31746679931,2068.64650354015,0.));
#19179=CARTESIAN_POINT('',(-4161.31746679931,2068.64650354015,5.));
#19180=CARTESIAN_POINT('',(-4161.31746679931,2068.64650354015,5.));
#19181=CARTESIAN_POINT('',(-4161.31746679931,2068.64650354015,0.));
#19182=CARTESIAN_POINT('Origin',(-4160.99769097743,2069.00611777043,0.));
#19183=CARTESIAN_POINT('',(-4160.99769097743,2069.00611777043,0.));
#19184=CARTESIAN_POINT('',(-4160.99769097743,2069.00611777043,0.));
#19185=CARTESIAN_POINT('',(-4160.99769097743,2069.00611777043,5.));
#19186=CARTESIAN_POINT('',(-4160.99769097743,2069.00611777043,5.));
#19187=CARTESIAN_POINT('',(-4160.99769097743,2069.00611777043,0.));
#19188=CARTESIAN_POINT('Origin',(-4160.93483442363,2069.06268434365,0.));
#19189=CARTESIAN_POINT('',(-4160.93483442363,2069.06268434365,0.));
#19190=CARTESIAN_POINT('',(-4160.77417487576,2069.20726688165,0.));
#19191=CARTESIAN_POINT('',(-4160.93483442363,2069.06268434365,5.));
#19192=CARTESIAN_POINT('',(-4160.77417487576,2069.20726688165,5.));
#19193=CARTESIAN_POINT('',(-4160.93483442363,2069.06268434365,0.));
#19194=CARTESIAN_POINT('Origin',(-4144.77587938444,2081.30732587452,0.));
#19195=CARTESIAN_POINT('',(-4161.68713484626,2070.12463778608,0.));
#19196=CARTESIAN_POINT('Origin',(-4144.77587938444,2081.30732587452,0.));
#19197=CARTESIAN_POINT('',(-4161.68713484626,2070.12463778608,5.));
#19198=CARTESIAN_POINT('Origin',(-4144.77587938444,2081.30732587452,5.));
#19199=CARTESIAN_POINT('',(-4161.68713484626,2070.12463778608,0.));
#19200=CARTESIAN_POINT('Origin',(-4161.84657750456,2070.03981277897,0.));
#19201=CARTESIAN_POINT('',(-4161.84657750456,2070.03981277897,0.));
#19202=CARTESIAN_POINT('',(-4161.84657750456,2070.03981277897,0.));
#19203=CARTESIAN_POINT('',(-4161.84657750456,2070.03981277897,5.));
#19204=CARTESIAN_POINT('',(-4161.84657750456,2070.03981277897,5.));
#19205=CARTESIAN_POINT('',(-4161.84657750456,2070.03981277897,0.));
#19206=CARTESIAN_POINT('Origin',(-4162.18819184218,2069.90944510747,0.));
#19207=CARTESIAN_POINT('',(-4162.18819184218,2069.90944510747,0.));
#19208=CARTESIAN_POINT('',(-4162.18819184218,2069.90944510747,0.));
#19209=CARTESIAN_POINT('',(-4162.18819184218,2069.90944510747,5.));
#19210=CARTESIAN_POINT('',(-4162.18819184218,2069.90944510747,5.));
#19211=CARTESIAN_POINT('',(-4162.18819184218,2069.90944510747,0.));
#19212=CARTESIAN_POINT('Origin',(-4162.36762074507,2069.85909741965,0.));
#19213=CARTESIAN_POINT('',(-4162.36762074507,2069.85909741965,0.));
#19214=CARTESIAN_POINT('',(-4162.36762074507,2069.85909741965,0.));
#19215=CARTESIAN_POINT('',(-4162.36762074507,2069.85909741965,5.));
#19216=CARTESIAN_POINT('',(-4162.36762074507,2069.85909741965,5.));
#19217=CARTESIAN_POINT('',(-4162.36762074507,2069.85909741965,0.));
#19218=CARTESIAN_POINT('Origin',(-4162.7711398696,2069.7531080553,0.));
#19219=CARTESIAN_POINT('',(-4162.7711398696,2069.7531080553,0.));
#19220=CARTESIAN_POINT('',(-4162.7711398696,2069.7531080553,0.));
#19221=CARTESIAN_POINT('',(-4162.7711398696,2069.7531080553,5.));
#19222=CARTESIAN_POINT('',(-4162.7711398696,2069.7531080553,5.));
#19223=CARTESIAN_POINT('',(-4162.7711398696,2069.7531080553,0.));
#19224=CARTESIAN_POINT('Origin',(-4162.97834623401,2069.70779233534,0.));
#19225=CARTESIAN_POINT('',(-4162.97834623401,2069.70779233534,0.));
#19226=CARTESIAN_POINT('',(-4162.97834623401,2069.70779233534,0.));
#19227=CARTESIAN_POINT('',(-4162.97834623401,2069.70779233534,5.));
#19228=CARTESIAN_POINT('',(-4162.97834623401,2069.70779233534,5.));
#19229=CARTESIAN_POINT('',(-4162.97834623401,2069.70779233534,0.));
#19230=CARTESIAN_POINT('Origin',(-4163.69889523244,2069.60197505256,0.));
#19231=CARTESIAN_POINT('',(-4163.69889523244,2069.60197505256,0.));
#19232=CARTESIAN_POINT('',(-4163.69889523244,2069.60197505256,0.));
#19233=CARTESIAN_POINT('',(-4163.69889523244,2069.60197505256,5.));
#19234=CARTESIAN_POINT('',(-4163.69889523244,2069.60197505256,5.));
#19235=CARTESIAN_POINT('',(-4163.69889523244,2069.60197505256,0.));
#19236=CARTESIAN_POINT('Origin',(-4164.1362122116,2069.55183331431,0.));
#19237=CARTESIAN_POINT('',(-4164.1362122116,2069.55183331431,0.));
#19238=CARTESIAN_POINT('',(-4164.1362122116,2069.55183331431,0.));
#19239=CARTESIAN_POINT('',(-4164.1362122116,2069.55183331431,5.));
#19240=CARTESIAN_POINT('',(-4164.1362122116,2069.55183331431,5.));
#19241=CARTESIAN_POINT('',(-4164.1362122116,2069.55183331431,0.));
#19242=CARTESIAN_POINT('Origin',(-4164.53741100788,2070.24776476723,0.));
#19243=CARTESIAN_POINT('',(-4164.53741100788,2070.24776476723,0.));
#19244=CARTESIAN_POINT('',(-4164.53741100788,2070.24776476723,0.));
#19245=CARTESIAN_POINT('',(-4164.53741100788,2070.24776476723,5.));
#19246=CARTESIAN_POINT('',(-4164.53741100788,2070.24776476723,5.));
#19247=CARTESIAN_POINT('',(-4164.53741100788,2070.24776476723,0.));
#19248=CARTESIAN_POINT('Origin',(-4164.40084998696,2070.43183772376,0.));
#19249=CARTESIAN_POINT('',(-4164.40084998696,2070.43183772376,0.));
#19250=CARTESIAN_POINT('',(-4164.40084998696,2070.43183772376,0.));
#19251=CARTESIAN_POINT('',(-4164.40084998696,2070.43183772376,5.));
#19252=CARTESIAN_POINT('',(-4164.40084998696,2070.43183772376,5.));
#19253=CARTESIAN_POINT('',(-4164.40084998696,2070.43183772376,0.));
#19254=CARTESIAN_POINT('Origin',(-4164.06877453416,2070.88562533785,0.));
#19255=CARTESIAN_POINT('',(-4164.06877453416,2070.88562533785,0.));
#19256=CARTESIAN_POINT('',(-4164.06877453416,2070.88562533785,0.));
#19257=CARTESIAN_POINT('',(-4164.06877453416,2070.88562533785,5.));
#19258=CARTESIAN_POINT('',(-4164.06877453416,2070.88562533785,5.));
#19259=CARTESIAN_POINT('',(-4164.06877453416,2070.88562533785,0.));
#19260=CARTESIAN_POINT('Origin',(-4163.77877773489,2071.22167999496,0.));
#19261=CARTESIAN_POINT('',(-4163.77877773489,2071.22167999496,0.));
#19262=CARTESIAN_POINT('',(-4163.77877773489,2071.22167999496,0.));
#19263=CARTESIAN_POINT('',(-4163.77877773489,2071.22167999496,5.));
#19264=CARTESIAN_POINT('',(-4163.77877773489,2071.22167999496,5.));
#19265=CARTESIAN_POINT('',(-4163.77877773489,2071.22167999496,0.));
#19266=CARTESIAN_POINT('Origin',(-4163.6831245236,2071.33465065848,0.));
#19267=CARTESIAN_POINT('',(-4163.6831245236,2071.33465065848,0.));
#19268=CARTESIAN_POINT('',(-4163.6831245236,2071.33465065848,0.));
#19269=CARTESIAN_POINT('',(-4163.6831245236,2071.33465065848,5.));
#19270=CARTESIAN_POINT('',(-4163.6831245236,2071.33465065848,5.));
#19271=CARTESIAN_POINT('',(-4163.6831245236,2071.33465065848,0.));
#19272=CARTESIAN_POINT('Origin',(-4163.26467791248,2071.74731454428,0.));
#19273=CARTESIAN_POINT('',(-4163.26467791248,2071.74731454428,0.));
#19274=CARTESIAN_POINT('',(-4163.26467791248,2071.74731454428,0.));
#19275=CARTESIAN_POINT('',(-4163.26467791248,2071.74731454428,5.));
#19276=CARTESIAN_POINT('',(-4163.26467791248,2071.74731454428,5.));
#19277=CARTESIAN_POINT('',(-4163.26467791248,2071.74731454428,0.));
#19278=CARTESIAN_POINT('Origin',(-4162.88731384812,2072.04593693762,0.));
#19279=CARTESIAN_POINT('',(-4162.88731384812,2072.04593693762,0.));
#19280=CARTESIAN_POINT('',(-4162.88731384812,2072.04593693762,0.));
#19281=CARTESIAN_POINT('',(-4162.88731384812,2072.04593693762,5.));
#19282=CARTESIAN_POINT('',(-4162.88731384812,2072.04593693762,5.));
#19283=CARTESIAN_POINT('',(-4162.88731384812,2072.04593693762,0.));
#19284=CARTESIAN_POINT('Origin',(-4162.82958387846,2072.08198966272,0.));
#19285=CARTESIAN_POINT('',(-4162.82958387846,2072.08198966272,0.));
#19286=CARTESIAN_POINT('',(-4162.63226428166,2072.20521697813,0.));
#19287=CARTESIAN_POINT('',(-4162.82958387846,2072.08198966272,5.));
#19288=CARTESIAN_POINT('',(-4162.63226428166,2072.20521697813,5.));
#19289=CARTESIAN_POINT('',(-4162.82958387846,2072.08198966272,0.));
#19290=CARTESIAN_POINT('Origin',(-4144.77587938444,2081.30732587452,0.));
#19291=CARTESIAN_POINT('',(-4163.3857567952,2073.2627291205,0.));
#19292=CARTESIAN_POINT('Origin',(-4144.77587938444,2081.30732587452,0.));
#19293=CARTESIAN_POINT('',(-4163.3857567952,2073.2627291205,5.));
#19294=CARTESIAN_POINT('Origin',(-4144.77587938444,2081.30732587452,5.));
#19295=CARTESIAN_POINT('',(-4163.3857567952,2073.2627291205,0.));
#19296=CARTESIAN_POINT('Origin',(-4163.54380462697,2073.21133539477,0.));
#19297=CARTESIAN_POINT('',(-4163.54380462697,2073.21133539477,0.));
#19298=CARTESIAN_POINT('',(-4163.54380462697,2073.21133539477,0.));
#19299=CARTESIAN_POINT('',(-4163.54380462697,2073.21133539477,5.));
#19300=CARTESIAN_POINT('',(-4163.54380462697,2073.21133539477,5.));
#19301=CARTESIAN_POINT('',(-4163.54380462697,2073.21133539477,0.));
#19302=CARTESIAN_POINT('Origin',(-4163.90286718378,2073.14226900832,0.));
#19303=CARTESIAN_POINT('',(-4163.90286718378,2073.14226900832,0.));
#19304=CARTESIAN_POINT('',(-4163.90286718378,2073.14226900832,0.));
#19305=CARTESIAN_POINT('',(-4163.90286718378,2073.14226900832,5.));
#19306=CARTESIAN_POINT('',(-4163.90286718378,2073.14226900832,5.));
#19307=CARTESIAN_POINT('',(-4163.90286718378,2073.14226900832,0.));
#19308=CARTESIAN_POINT('Origin',(-4164.08831294269,2073.12384371701,0.));
#19309=CARTESIAN_POINT('',(-4164.08831294269,2073.12384371701,0.));
#19310=CARTESIAN_POINT('',(-4164.08831294269,2073.12384371701,0.));
#19311=CARTESIAN_POINT('',(-4164.08831294269,2073.12384371701,5.));
#19312=CARTESIAN_POINT('',(-4164.08831294269,2073.12384371701,5.));
#19313=CARTESIAN_POINT('',(-4164.08831294269,2073.12384371701,0.));
#19314=CARTESIAN_POINT('Origin',(-4164.50410656499,2073.0895349299,0.));
#19315=CARTESIAN_POINT('',(-4164.50410656499,2073.0895349299,0.));
#19316=CARTESIAN_POINT('',(-4164.50410656499,2073.0895349299,0.));
#19317=CARTESIAN_POINT('',(-4164.50410656499,2073.0895349299,5.));
#19318=CARTESIAN_POINT('',(-4164.50410656499,2073.0895349299,5.));
#19319=CARTESIAN_POINT('',(-4164.50410656499,2073.0895349299,0.));
#19320=CARTESIAN_POINT('Origin',(-4164.71603399133,2073.08088866512,0.));
#19321=CARTESIAN_POINT('',(-4164.71603399133,2073.08088866512,0.));
#19322=CARTESIAN_POINT('',(-4164.71603399133,2073.08088866512,0.));
#19323=CARTESIAN_POINT('',(-4164.71603399133,2073.08088866512,5.));
#19324=CARTESIAN_POINT('',(-4164.71603399133,2073.08088866512,5.));
#19325=CARTESIAN_POINT('',(-4164.71603399133,2073.08088866512,0.));
#19326=CARTESIAN_POINT('Origin',(-4165.44401120973,2073.10180100515,0.));
#19327=CARTESIAN_POINT('',(-4165.44401120973,2073.10180100515,0.));
#19328=CARTESIAN_POINT('',(-4165.44401120973,2073.10180100515,0.));
#19329=CARTESIAN_POINT('',(-4165.44401120973,2073.10180100515,5.));
#19330=CARTESIAN_POINT('',(-4165.44401120973,2073.10180100515,5.));
#19331=CARTESIAN_POINT('',(-4165.44401120973,2073.10180100515,0.));
#19332=CARTESIAN_POINT('Origin',(-4165.8833913828,2073.12836032906,0.));
#19333=CARTESIAN_POINT('',(-4165.8833913828,2073.12836032906,0.));
#19334=CARTESIAN_POINT('',(-4165.8833913828,2073.12836032906,0.));
#19335=CARTESIAN_POINT('',(-4165.8833913828,2073.12836032906,5.));
#19336=CARTESIAN_POINT('',(-4165.8833913828,2073.12836032906,5.));
#19337=CARTESIAN_POINT('',(-4165.8833913828,2073.12836032906,0.));
#19338=CARTESIAN_POINT('Origin',(-4166.15764783929,2073.88338645931,0.));
#19339=CARTESIAN_POINT('',(-4166.15764783929,2073.88338645931,0.));
#19340=CARTESIAN_POINT('',(-4166.15764783929,2073.88338645931,0.));
#19341=CARTESIAN_POINT('',(-4166.15764783929,2073.88338645931,5.));
#19342=CARTESIAN_POINT('',(-4166.15764783929,2073.88338645931,5.));
#19343=CARTESIAN_POINT('',(-4166.15764783929,2073.88338645931,0.));
#19344=CARTESIAN_POINT('Origin',(-4165.99119755368,2074.0409493616,0.));
#19345=CARTESIAN_POINT('',(-4165.99119755368,2074.0409493616,0.));
#19346=CARTESIAN_POINT('',(-4165.99119755368,2074.0409493616,0.));
#19347=CARTESIAN_POINT('',(-4165.99119755368,2074.0409493616,5.));
#19348=CARTESIAN_POINT('',(-4165.99119755368,2074.0409493616,5.));
#19349=CARTESIAN_POINT('',(-4165.99119755368,2074.0409493616,0.));
#19350=CARTESIAN_POINT('Origin',(-4165.58536768094,2074.43017862496,0.));
#19351=CARTESIAN_POINT('',(-4165.58536768094,2074.43017862496,0.));
#19352=CARTESIAN_POINT('',(-4165.58536768094,2074.43017862496,0.));
#19353=CARTESIAN_POINT('',(-4165.58536768094,2074.43017862496,5.));
#19354=CARTESIAN_POINT('',(-4165.58536768094,2074.43017862496,5.));
#19355=CARTESIAN_POINT('',(-4165.58536768094,2074.43017862496,0.));
#19356=CARTESIAN_POINT('Origin',(-4165.24142130587,2074.71077044098,0.));
#19357=CARTESIAN_POINT('',(-4165.24142130587,2074.71077044098,0.));
#19358=CARTESIAN_POINT('',(-4165.24142130587,2074.71077044098,0.));
#19359=CARTESIAN_POINT('',(-4165.24142130587,2074.71077044098,5.));
#19360=CARTESIAN_POINT('',(-4165.24142130587,2074.71077044098,5.));
#19361=CARTESIAN_POINT('',(-4165.24142130587,2074.71077044098,0.));
#19362=CARTESIAN_POINT('Origin',(-4165.12760413194,2074.80541482045,0.));
#19363=CARTESIAN_POINT('',(-4165.12760413194,2074.80541482045,0.));
#19364=CARTESIAN_POINT('',(-4165.12760413194,2074.80541482045,0.));
#19365=CARTESIAN_POINT('',(-4165.12760413194,2074.80541482045,5.));
#19366=CARTESIAN_POINT('',(-4165.12760413194,2074.80541482045,5.));
#19367=CARTESIAN_POINT('',(-4165.12760413194,2074.80541482045,0.));
#19368=CARTESIAN_POINT('Origin',(-4164.64385633332,2075.13914692311,0.));
#19369=CARTESIAN_POINT('',(-4164.64385633332,2075.13914692311,0.));
#19370=CARTESIAN_POINT('',(-4164.64385633332,2075.13914692311,0.));
#19371=CARTESIAN_POINT('',(-4164.64385633332,2075.13914692311,5.));
#19372=CARTESIAN_POINT('',(-4164.64385633332,2075.13914692311,5.));
#19373=CARTESIAN_POINT('',(-4164.64385633332,2075.13914692311,0.));
#19374=CARTESIAN_POINT('Origin',(-4164.22037004262,2075.3677039892,0.));
#19375=CARTESIAN_POINT('',(-4164.22037004262,2075.3677039892,0.));
#19376=CARTESIAN_POINT('',(-4164.22037004262,2075.3677039892,0.));
#19377=CARTESIAN_POINT('',(-4164.22037004262,2075.3677039892,5.));
#19378=CARTESIAN_POINT('',(-4164.22037004262,2075.3677039892,5.));
#19379=CARTESIAN_POINT('',(-4164.22037004262,2075.3677039892,0.));
#19380=CARTESIAN_POINT('Origin',(-4164.16708956081,2075.38921451413,0.));
#19381=CARTESIAN_POINT('',(-4164.16708956081,2075.38921451413,0.));
#19382=CARTESIAN_POINT('',(-4163.9415365634,2075.48027531556,0.));
#19383=CARTESIAN_POINT('',(-4164.16708956081,2075.38921451413,5.));
#19384=CARTESIAN_POINT('',(-4163.9415365634,2075.48027531556,5.));
#19385=CARTESIAN_POINT('',(-4164.16708956081,2075.38921451413,0.));
#19386=CARTESIAN_POINT('Origin',(-4144.77587938444,2081.30732587452,0.));
#19387=CARTESIAN_POINT('',(-4164.50822383663,2076.65139883489,0.));
#19388=CARTESIAN_POINT('Origin',(-4144.77587938444,2081.30732587452,0.));
#19389=CARTESIAN_POINT('',(-4164.50822383663,2076.65139883489,5.));
#19390=CARTESIAN_POINT('Origin',(-4144.77587938444,2081.30732587452,5.));
#19391=CARTESIAN_POINT('',(-4164.50822383663,2076.65139883489,0.));
#19392=CARTESIAN_POINT('Origin',(-4164.66451793307,2076.62939585255,0.));
#19393=CARTESIAN_POINT('',(-4164.66451793307,2076.62939585255,0.));
#19394=CARTESIAN_POINT('',(-4164.66451793307,2076.62939585255,0.));
#19395=CARTESIAN_POINT('',(-4164.66451793307,2076.62939585255,5.));
#19396=CARTESIAN_POINT('',(-4164.66451793307,2076.62939585255,5.));
#19397=CARTESIAN_POINT('',(-4164.66451793307,2076.62939585255,0.));
#19398=CARTESIAN_POINT('Origin',(-4165.03011877498,2076.62372929836,0.));
#19399=CARTESIAN_POINT('',(-4165.03011877498,2076.62372929836,0.));
#19400=CARTESIAN_POINT('',(-4165.03011877498,2076.62372929836,0.));
#19401=CARTESIAN_POINT('',(-4165.03011877498,2076.62372929836,5.));
#19402=CARTESIAN_POINT('',(-4165.03011877498,2076.62372929836,5.));
#19403=CARTESIAN_POINT('',(-4165.03011877498,2076.62372929836,0.));
#19404=CARTESIAN_POINT('Origin',(-4165.21594671438,2076.63778624672,0.));
#19405=CARTESIAN_POINT('',(-4165.21594671438,2076.63778624672,0.));
#19406=CARTESIAN_POINT('',(-4165.21594671438,2076.63778624672,0.));
#19407=CARTESIAN_POINT('',(-4165.21594671438,2076.63778624672,5.));
#19408=CARTESIAN_POINT('',(-4165.21594671438,2076.63778624672,5.));
#19409=CARTESIAN_POINT('',(-4165.21594671438,2076.63778624672,0.));
#19410=CARTESIAN_POINT('Origin',(-4165.63138115563,2076.67620049198,0.));
#19411=CARTESIAN_POINT('',(-4165.63138115563,2076.67620049198,0.));
#19412=CARTESIAN_POINT('',(-4165.63138115563,2076.67620049198,0.));
#19413=CARTESIAN_POINT('',(-4165.63138115563,2076.67620049198,5.));
#19414=CARTESIAN_POINT('',(-4165.63138115563,2076.67620049198,5.));
#19415=CARTESIAN_POINT('',(-4165.63138115563,2076.67620049198,0.));
#19416=CARTESIAN_POINT('Origin',(-4165.84159033629,2076.70448639477,0.));
#19417=CARTESIAN_POINT('',(-4165.84159033629,2076.70448639477,0.));
#19418=CARTESIAN_POINT('',(-4165.84159033629,2076.70448639477,0.));
#19419=CARTESIAN_POINT('',(-4165.84159033629,2076.70448639477,5.));
#19420=CARTESIAN_POINT('',(-4165.84159033629,2076.70448639477,5.));
#19421=CARTESIAN_POINT('',(-4165.84159033629,2076.70448639477,0.));
#19422=CARTESIAN_POINT('Origin',(-4166.55487655525,2076.85149294672,0.));
#19423=CARTESIAN_POINT('',(-4166.55487655525,2076.85149294672,0.));
#19424=CARTESIAN_POINT('',(-4166.55487655525,2076.85149294672,0.));
#19425=CARTESIAN_POINT('',(-4166.55487655525,2076.85149294672,5.));
#19426=CARTESIAN_POINT('',(-4166.55487655525,2076.85149294672,5.));
#19427=CARTESIAN_POINT('',(-4166.55487655525,2076.85149294672,0.));
#19428=CARTESIAN_POINT('Origin',(-4166.98296957801,2076.95394634117,0.));
#19429=CARTESIAN_POINT('',(-4166.98296957801,2076.95394634117,0.));
#19430=CARTESIAN_POINT('',(-4166.98296957801,2076.95394634117,0.));
#19431=CARTESIAN_POINT('',(-4166.98296957801,2076.95394634117,5.));
#19432=CARTESIAN_POINT('',(-4166.98296957801,2076.95394634117,5.));
#19433=CARTESIAN_POINT('',(-4166.98296957801,2076.95394634117,0.));
#19434=CARTESIAN_POINT('Origin',(-4167.12195055107,2077.74512606186,0.));
#19435=CARTESIAN_POINT('',(-4167.12195055107,2077.74512606186,0.));
#19436=CARTESIAN_POINT('',(-4167.12195055107,2077.74512606186,0.));
#19437=CARTESIAN_POINT('',(-4167.12195055107,2077.74512606186,5.));
#19438=CARTESIAN_POINT('',(-4167.12195055107,2077.74512606186,5.));
#19439=CARTESIAN_POINT('',(-4167.12195055107,2077.74512606186,0.));
#19440=CARTESIAN_POINT('Origin',(-4166.93066850846,2077.87139144085,0.));
#19441=CARTESIAN_POINT('',(-4166.93066850846,2077.87139144085,0.));
#19442=CARTESIAN_POINT('',(-4166.93066850846,2077.87139144085,0.));
#19443=CARTESIAN_POINT('',(-4166.93066850846,2077.87139144085,5.));
#19444=CARTESIAN_POINT('',(-4166.93066850846,2077.87139144085,5.));
#19445=CARTESIAN_POINT('',(-4166.93066850846,2077.87139144085,0.));
#19446=CARTESIAN_POINT('Origin',(-4166.4634151511,2078.18423581926,0.));
#19447=CARTESIAN_POINT('',(-4166.4634151511,2078.18423581926,0.));
#19448=CARTESIAN_POINT('',(-4166.4634151511,2078.18423581926,0.));
#19449=CARTESIAN_POINT('',(-4166.4634151511,2078.18423581926,5.));
#19450=CARTESIAN_POINT('',(-4166.4634151511,2078.18423581926,5.));
#19451=CARTESIAN_POINT('',(-4166.4634151511,2078.18423581926,0.));
#19452=CARTESIAN_POINT('Origin',(-4166.07596983679,2078.40083915387,0.));
#19453=CARTESIAN_POINT('',(-4166.07596983679,2078.40083915387,0.));
#19454=CARTESIAN_POINT('',(-4166.07596983679,2078.40083915387,0.));
#19455=CARTESIAN_POINT('',(-4166.07596983679,2078.40083915387,5.));
#19456=CARTESIAN_POINT('',(-4166.07596983679,2078.40083915387,5.));
#19457=CARTESIAN_POINT('',(-4166.07596983679,2078.40083915387,0.));
#19458=CARTESIAN_POINT('Origin',(-4165.94744697746,2078.47428152771,0.));
#19459=CARTESIAN_POINT('',(-4165.94744697746,2078.47428152771,0.));
#19460=CARTESIAN_POINT('',(-4165.94744697746,2078.47428152771,0.));
#19461=CARTESIAN_POINT('',(-4165.94744697746,2078.47428152771,5.));
#19462=CARTESIAN_POINT('',(-4165.94744697746,2078.47428152771,5.));
#19463=CARTESIAN_POINT('',(-4165.94744697746,2078.47428152771,0.));
#19464=CARTESIAN_POINT('Origin',(-4165.41309642342,2078.71894156615,0.));
#19465=CARTESIAN_POINT('',(-4165.41309642342,2078.71894156615,0.));
#19466=CARTESIAN_POINT('',(-4165.41309642342,2078.71894156615,0.));
#19467=CARTESIAN_POINT('',(-4165.41309642342,2078.71894156615,5.));
#19468=CARTESIAN_POINT('',(-4165.41309642342,2078.71894156615,5.));
#19469=CARTESIAN_POINT('',(-4165.41309642342,2078.71894156615,0.));
#19470=CARTESIAN_POINT('Origin',(-4164.95635532303,2078.8704887142,0.));
#19471=CARTESIAN_POINT('',(-4164.95635532303,2078.8704887142,0.));
#19472=CARTESIAN_POINT('',(-4164.95635532303,2078.8704887142,0.));
#19473=CARTESIAN_POINT('',(-4164.95635532303,2078.8704887142,5.));
#19474=CARTESIAN_POINT('',(-4164.95635532303,2078.8704887142,5.));
#19475=CARTESIAN_POINT('',(-4164.95635532303,2078.8704887142,0.));
#19476=CARTESIAN_POINT('Origin',(-4164.90442877531,2078.8815118673,0.));
#19477=CARTESIAN_POINT('',(-4164.90442877531,2078.8815118673,0.));
#19478=CARTESIAN_POINT('',(-4164.66221014521,2078.93293090363,0.));
#19479=CARTESIAN_POINT('',(-4164.90442877531,2078.8815118673,5.));
#19480=CARTESIAN_POINT('',(-4164.66221014521,2078.93293090363,5.));
#19481=CARTESIAN_POINT('',(-4164.90442877531,2078.8815118673,0.));
#19482=CARTESIAN_POINT('Origin',(-4144.77587938444,2081.30732587452,0.));
#19483=CARTESIAN_POINT('Origin',(-4144.77587938444,2081.30732587452,0.));
#19484=CARTESIAN_POINT('Origin',(-4144.77587938444,2081.30732587452,5.));
#19485=CARTESIAN_POINT('Origin',(-4145.95160940174,2081.30732587452,5.));
#19486=CARTESIAN_POINT('Origin',(-4145.95160940174,2081.30732587452,0.));
#19487=UNCERTAINTY_MEASURE_WITH_UNIT(LENGTH_MEASURE(0.01),#19491,
'DISTANCE_ACCURACY_VALUE',
'Maximum model space distance between geometric entities at asserted c
onnectivities');
#19488=UNCERTAINTY_MEASURE_WITH_UNIT(LENGTH_MEASURE(0.01),#19491,
'DISTANCE_ACCURACY_VALUE',
'Maximum model space distance between geometric entities at asserted c
onnectivities');
#19489=(
GEOMETRIC_REPRESENTATION_CONTEXT(3)
GLOBAL_UNCERTAINTY_ASSIGNED_CONTEXT((#19487))
GLOBAL_UNIT_ASSIGNED_CONTEXT((#19491,#19493,#19494))
REPRESENTATION_CONTEXT('','3D')
);
#19490=(
GEOMETRIC_REPRESENTATION_CONTEXT(3)
GLOBAL_UNCERTAINTY_ASSIGNED_CONTEXT((#19488))
GLOBAL_UNIT_ASSIGNED_CONTEXT((#19491,#19493,#19494))
REPRESENTATION_CONTEXT('','3D')
);
#19491=(
LENGTH_UNIT()
NAMED_UNIT(*)
SI_UNIT(.MILLI.,.METRE.)
);
#19492=(
LENGTH_UNIT()
NAMED_UNIT(*)
SI_UNIT($,.METRE.)
);
#19493=(
NAMED_UNIT(*)
PLANE_ANGLE_UNIT()
SI_UNIT($,.RADIAN.)
);
#19494=(
NAMED_UNIT(*)
SI_UNIT($,.STERADIAN.)
SOLID_ANGLE_UNIT()
);
#19495=SHAPE_DEFINITION_REPRESENTATION(#19496,#19497);
#19496=PRODUCT_DEFINITION_SHAPE('',$,#19499);
#19497=SHAPE_REPRESENTATION('',(#12319),#19489);
#19498=PRODUCT_DEFINITION_CONTEXT('part definition',#19503,'design');
#19499=PRODUCT_DEFINITION('2026-05-07-19-20-22-366','FusionComponent',#19500,
#19498);
#19500=PRODUCT_DEFINITION_FORMATION('',$,#19505);
#19501=PRODUCT_RELATED_PRODUCT_CATEGORY('FusionComponent',
'FusionComponent',(#19505));
#19502=APPLICATION_PROTOCOL_DEFINITION('international standard',
'automotive_design',2009,#19503);
#19503=APPLICATION_CONTEXT(
'Core Data for Automotive Mechanical Design Process');
#19504=PRODUCT_CONTEXT('part definition',#19503,'mechanical');
#19505=PRODUCT('2026-05-07-19-20-22-366','FusionComponent',$,(#19504));
#19506=PRESENTATION_STYLE_ASSIGNMENT((#19507));
#19507=SURFACE_STYLE_USAGE(.BOTH.,#19508);
#19508=SURFACE_SIDE_STYLE('',(#19509));
#19509=SURFACE_STYLE_FILL_AREA(#19510);
#19510=FILL_AREA_STYLE('Acier - Satin\X\E9',(#19511));
#19511=FILL_AREA_STYLE_COLOUR('Acier - Satin\X\E9',#19512);
#19512=COLOUR_RGB('Acier - Satin\X\E9',0.627450980392157,0.627450980392157,
0.627450980392157);
ENDSEC;
END-ISO-10303-21;
