ISO-10303-21;
HEADER;
/* Generated by software containing ST-Developer
 * from STEP Tools, Inc. (www.steptools.com) 
 */

FILE_DESCRIPTION(
/* description */ (''),
/* implementation_level */ '2;1');

FILE_NAME(
/* name */ 'head_nozzle.step',
/* time_stamp */ '2026-04-30T10:59:45+02:00',
/* author */ (''),
/* organization */ (''),
/* preprocessor_version */ 'ST-DEVELOPER v20.1',
/* originating_system */ 'Autodesk Translation Framework v15.8.0.0',
/* authorisation */ '');

FILE_SCHEMA (('AUTOMOTIVE_DESIGN { 1 0 10303 214 3 1 1 }'));
ENDSEC;

DATA;
#10=MECHANICAL_DESIGN_GEOMETRIC_PRESENTATION_REPRESENTATION('',(#13),#5170);
#11=SHAPE_REPRESENTATION_RELATIONSHIP('SRR','None',#5177,#12);
#12=ADVANCED_BREP_SHAPE_REPRESENTATION('',(#14),#5169);
#13=STYLED_ITEM('',(#5187),#14);
#14=MANIFOLD_SOLID_BREP('Corps1',#3262);
#15=ELLIPSE('',#3297,1.75012460229403,1.75);
#16=ELLIPSE('',#3299,1.75012460229403,1.75);
#17=ELLIPSE('',#3301,1.75012460229403,1.75);
#18=CYLINDRICAL_SURFACE('',#3296,1.75);
#19=CYLINDRICAL_SURFACE('',#3298,1.75);
#20=CYLINDRICAL_SURFACE('',#3300,1.75);
#21=CYLINDRICAL_SURFACE('',#3308,10.);
#22=CYLINDRICAL_SURFACE('',#3310,11.0000000000002);
#23=CYLINDRICAL_SURFACE('',#3353,11.0000000000002);
#24=CYLINDRICAL_SURFACE('',#3441,5.99999999999966);
#25=CYLINDRICAL_SURFACE('',#3445,7.00000000000045);
#26=FACE_BOUND('',#224,.T.);
#27=FACE_BOUND('',#225,.T.);
#28=FACE_BOUND('',#226,.T.);
#29=FACE_BOUND('',#227,.T.);
#30=FACE_BOUND('',#228,.T.);
#31=FACE_BOUND('',#237,.T.);
#32=FACE_BOUND('',#241,.T.);
#33=FACE_BOUND('',#242,.T.);
#34=FACE_BOUND('',#243,.T.);
#35=FACE_BOUND('',#249,.T.);
#36=FACE_BOUND('',#253,.T.);
#37=FACE_BOUND('',#255,.T.);
#38=FACE_BOUND('',#256,.T.);
#39=FACE_BOUND('',#257,.T.);
#40=FACE_BOUND('',#258,.T.);
#41=FACE_BOUND('',#259,.T.);
#42=FACE_BOUND('',#261,.T.);
#43=FACE_BOUND('',#262,.T.);
#44=FACE_BOUND('',#263,.T.);
#45=FACE_BOUND('',#386,.T.);
#46=FACE_BOUND('',#389,.T.);
#47=CIRCLE('',#3280,11.0000000000002);
#48=CIRCLE('',#3289,5.99999999999966);
#49=CIRCLE('',#3293,1.75);
#50=CIRCLE('',#3294,1.75);
#51=CIRCLE('',#3295,1.75);
#52=CIRCLE('',#3304,11.0000000000002);
#53=CIRCLE('',#3305,11.0000000000002);
#54=CIRCLE('',#3306,11.0000000000002);
#55=CIRCLE('',#3307,10.);
#56=CIRCLE('',#3309,10.);
#57=CIRCLE('',#3311,11.0000000000002);
#58=CIRCLE('',#3312,11.0000000000002);
#59=CIRCLE('',#3313,11.0000000000002);
#60=CIRCLE('',#3316,11.0000000000002);
#61=CIRCLE('',#3440,7.00000000000045);
#62=CIRCLE('',#3442,5.99999999999966);
#63=CIRCLE('',#3444,7.00000000000045);
#64=FACE_OUTER_BOUND('',#220,.T.);
#65=FACE_OUTER_BOUND('',#221,.T.);
#66=FACE_OUTER_BOUND('',#222,.T.);
#67=FACE_OUTER_BOUND('',#223,.T.);
#68=FACE_OUTER_BOUND('',#229,.T.);
#69=FACE_OUTER_BOUND('',#230,.T.);
#70=FACE_OUTER_BOUND('',#231,.T.);
#71=FACE_OUTER_BOUND('',#232,.T.);
#72=FACE_OUTER_BOUND('',#233,.T.);
#73=FACE_OUTER_BOUND('',#234,.T.);
#74=FACE_OUTER_BOUND('',#235,.T.);
#75=FACE_OUTER_BOUND('',#236,.T.);
#76=FACE_OUTER_BOUND('',#238,.T.);
#77=FACE_OUTER_BOUND('',#239,.T.);
#78=FACE_OUTER_BOUND('',#240,.T.);
#79=FACE_OUTER_BOUND('',#244,.T.);
#80=FACE_OUTER_BOUND('',#245,.T.);
#81=FACE_OUTER_BOUND('',#246,.T.);
#82=FACE_OUTER_BOUND('',#247,.T.);
#83=FACE_OUTER_BOUND('',#248,.T.);
#84=FACE_OUTER_BOUND('',#250,.T.);
#85=FACE_OUTER_BOUND('',#251,.T.);
#86=FACE_OUTER_BOUND('',#252,.T.);
#87=FACE_OUTER_BOUND('',#254,.T.);
#88=FACE_OUTER_BOUND('',#260,.T.);
#89=FACE_OUTER_BOUND('',#264,.T.);
#90=FACE_OUTER_BOUND('',#265,.T.);
#91=FACE_OUTER_BOUND('',#266,.T.);
#92=FACE_OUTER_BOUND('',#267,.T.);
#93=FACE_OUTER_BOUND('',#268,.T.);
#94=FACE_OUTER_BOUND('',#269,.T.);
#95=FACE_OUTER_BOUND('',#270,.T.);
#96=FACE_OUTER_BOUND('',#271,.T.);
#97=FACE_OUTER_BOUND('',#272,.T.);
#98=FACE_OUTER_BOUND('',#273,.T.);
#99=FACE_OUTER_BOUND('',#274,.T.);
#100=FACE_OUTER_BOUND('',#275,.T.);
#101=FACE_OUTER_BOUND('',#276,.T.);
#102=FACE_OUTER_BOUND('',#277,.T.);
#103=FACE_OUTER_BOUND('',#278,.T.);
#104=FACE_OUTER_BOUND('',#279,.T.);
#105=FACE_OUTER_BOUND('',#280,.T.);
#106=FACE_OUTER_BOUND('',#281,.T.);
#107=FACE_OUTER_BOUND('',#282,.T.);
#108=FACE_OUTER_BOUND('',#283,.T.);
#109=FACE_OUTER_BOUND('',#284,.T.);
#110=FACE_OUTER_BOUND('',#285,.T.);
#111=FACE_OUTER_BOUND('',#286,.T.);
#112=FACE_OUTER_BOUND('',#287,.T.);
#113=FACE_OUTER_BOUND('',#288,.T.);
#114=FACE_OUTER_BOUND('',#289,.T.);
#115=FACE_OUTER_BOUND('',#290,.T.);
#116=FACE_OUTER_BOUND('',#291,.T.);
#117=FACE_OUTER_BOUND('',#292,.T.);
#118=FACE_OUTER_BOUND('',#293,.T.);
#119=FACE_OUTER_BOUND('',#294,.T.);
#120=FACE_OUTER_BOUND('',#295,.T.);
#121=FACE_OUTER_BOUND('',#296,.T.);
#122=FACE_OUTER_BOUND('',#297,.T.);
#123=FACE_OUTER_BOUND('',#298,.T.);
#124=FACE_OUTER_BOUND('',#299,.T.);
#125=FACE_OUTER_BOUND('',#300,.T.);
#126=FACE_OUTER_BOUND('',#301,.T.);
#127=FACE_OUTER_BOUND('',#302,.T.);
#128=FACE_OUTER_BOUND('',#303,.T.);
#129=FACE_OUTER_BOUND('',#304,.T.);
#130=FACE_OUTER_BOUND('',#305,.T.);
#131=FACE_OUTER_BOUND('',#306,.T.);
#132=FACE_OUTER_BOUND('',#307,.T.);
#133=FACE_OUTER_BOUND('',#308,.T.);
#134=FACE_OUTER_BOUND('',#309,.T.);
#135=FACE_OUTER_BOUND('',#310,.T.);
#136=FACE_OUTER_BOUND('',#311,.T.);
#137=FACE_OUTER_BOUND('',#312,.T.);
#138=FACE_OUTER_BOUND('',#313,.T.);
#139=FACE_OUTER_BOUND('',#314,.T.);
#140=FACE_OUTER_BOUND('',#315,.T.);
#141=FACE_OUTER_BOUND('',#316,.T.);
#142=FACE_OUTER_BOUND('',#317,.T.);
#143=FACE_OUTER_BOUND('',#318,.T.);
#144=FACE_OUTER_BOUND('',#319,.T.);
#145=FACE_OUTER_BOUND('',#320,.T.);
#146=FACE_OUTER_BOUND('',#321,.T.);
#147=FACE_OUTER_BOUND('',#322,.T.);
#148=FACE_OUTER_BOUND('',#323,.T.);
#149=FACE_OUTER_BOUND('',#324,.T.);
#150=FACE_OUTER_BOUND('',#325,.T.);
#151=FACE_OUTER_BOUND('',#326,.T.);
#152=FACE_OUTER_BOUND('',#327,.T.);
#153=FACE_OUTER_BOUND('',#328,.T.);
#154=FACE_OUTER_BOUND('',#329,.T.);
#155=FACE_OUTER_BOUND('',#330,.T.);
#156=FACE_OUTER_BOUND('',#331,.T.);
#157=FACE_OUTER_BOUND('',#332,.T.);
#158=FACE_OUTER_BOUND('',#333,.T.);
#159=FACE_OUTER_BOUND('',#334,.T.);
#160=FACE_OUTER_BOUND('',#335,.T.);
#161=FACE_OUTER_BOUND('',#336,.T.);
#162=FACE_OUTER_BOUND('',#337,.T.);
#163=FACE_OUTER_BOUND('',#338,.T.);
#164=FACE_OUTER_BOUND('',#339,.T.);
#165=FACE_OUTER_BOUND('',#340,.T.);
#166=FACE_OUTER_BOUND('',#341,.T.);
#167=FACE_OUTER_BOUND('',#342,.T.);
#168=FACE_OUTER_BOUND('',#343,.T.);
#169=FACE_OUTER_BOUND('',#344,.T.);
#170=FACE_OUTER_BOUND('',#345,.T.);
#171=FACE_OUTER_BOUND('',#346,.T.);
#172=FACE_OUTER_BOUND('',#347,.T.);
#173=FACE_OUTER_BOUND('',#348,.T.);
#174=FACE_OUTER_BOUND('',#349,.T.);
#175=FACE_OUTER_BOUND('',#350,.T.);
#176=FACE_OUTER_BOUND('',#351,.T.);
#177=FACE_OUTER_BOUND('',#352,.T.);
#178=FACE_OUTER_BOUND('',#353,.T.);
#179=FACE_OUTER_BOUND('',#354,.T.);
#180=FACE_OUTER_BOUND('',#355,.T.);
#181=FACE_OUTER_BOUND('',#356,.T.);
#182=FACE_OUTER_BOUND('',#357,.T.);
#183=FACE_OUTER_BOUND('',#358,.T.);
#184=FACE_OUTER_BOUND('',#359,.T.);
#185=FACE_OUTER_BOUND('',#360,.T.);
#186=FACE_OUTER_BOUND('',#361,.T.);
#187=FACE_OUTER_BOUND('',#362,.T.);
#188=FACE_OUTER_BOUND('',#363,.T.);
#189=FACE_OUTER_BOUND('',#364,.T.);
#190=FACE_OUTER_BOUND('',#365,.T.);
#191=FACE_OUTER_BOUND('',#366,.T.);
#192=FACE_OUTER_BOUND('',#367,.T.);
#193=FACE_OUTER_BOUND('',#368,.T.);
#194=FACE_OUTER_BOUND('',#369,.T.);
#195=FACE_OUTER_BOUND('',#370,.T.);
#196=FACE_OUTER_BOUND('',#371,.T.);
#197=FACE_OUTER_BOUND('',#372,.T.);
#198=FACE_OUTER_BOUND('',#373,.T.);
#199=FACE_OUTER_BOUND('',#374,.T.);
#200=FACE_OUTER_BOUND('',#375,.T.);
#201=FACE_OUTER_BOUND('',#376,.T.);
#202=FACE_OUTER_BOUND('',#377,.T.);
#203=FACE_OUTER_BOUND('',#378,.T.);
#204=FACE_OUTER_BOUND('',#379,.T.);
#205=FACE_OUTER_BOUND('',#380,.T.);
#206=FACE_OUTER_BOUND('',#381,.T.);
#207=FACE_OUTER_BOUND('',#382,.T.);
#208=FACE_OUTER_BOUND('',#383,.T.);
#209=FACE_OUTER_BOUND('',#384,.T.);
#210=FACE_OUTER_BOUND('',#385,.T.);
#211=FACE_OUTER_BOUND('',#387,.T.);
#212=FACE_OUTER_BOUND('',#388,.T.);
#213=FACE_OUTER_BOUND('',#390,.T.);
#214=FACE_OUTER_BOUND('',#391,.T.);
#215=FACE_OUTER_BOUND('',#392,.T.);
#216=FACE_OUTER_BOUND('',#393,.T.);
#217=FACE_OUTER_BOUND('',#394,.T.);
#218=FACE_OUTER_BOUND('',#395,.T.);
#219=FACE_OUTER_BOUND('',#396,.T.);
#220=EDGE_LOOP('',(#2040,#2041,#2042,#2043));
#221=EDGE_LOOP('',(#2044,#2045,#2046,#2047));
#222=EDGE_LOOP('',(#2048,#2049,#2050,#2051));
#223=EDGE_LOOP('',(#2052,#2053,#2054,#2055,#2056,#2057,#2058,#2059,#2060,
#2061,#2062,#2063,#2064,#2065,#2066,#2067,#2068,#2069,#2070,#2071,#2072,
#2073,#2074,#2075,#2076,#2077,#2078,#2079,#2080,#2081,#2082,#2083,#2084,
#2085,#2086,#2087,#2088,#2089,#2090,#2091,#2092,#2093,#2094,#2095,#2096,
#2097,#2098,#2099,#2100,#2101,#2102,#2103,#2104,#2105,#2106,#2107,#2108,
#2109,#2110,#2111,#2112,#2113,#2114,#2115,#2116,#2117,#2118,#2119,#2120,
#2121,#2122,#2123,#2124,#2125,#2126,#2127,#2128,#2129,#2130,#2131,#2132,
#2133,#2134,#2135,#2136,#2137,#2138,#2139));
#224=EDGE_LOOP('',(#2140));
#225=EDGE_LOOP('',(#2141,#2142,#2143,#2144,#2145,#2146,#2147,#2148,#2149,
#2150,#2151,#2152));
#226=EDGE_LOOP('',(#2153,#2154,#2155,#2156,#2157,#2158,#2159,#2160,#2161,
#2162,#2163));
#227=EDGE_LOOP('',(#2164,#2165,#2166,#2167,#2168,#2169,#2170,#2171,#2172,
#2173));
#228=EDGE_LOOP('',(#2174,#2175,#2176,#2177,#2178,#2179,#2180,#2181,#2182,
#2183,#2184));
#229=EDGE_LOOP('',(#2185,#2186,#2187,#2188));
#230=EDGE_LOOP('',(#2189,#2190,#2191,#2192));
#231=EDGE_LOOP('',(#2193,#2194,#2195,#2196));
#232=EDGE_LOOP('',(#2197,#2198,#2199,#2200));
#233=EDGE_LOOP('',(#2201,#2202,#2203,#2204));
#234=EDGE_LOOP('',(#2205,#2206,#2207,#2208));
#235=EDGE_LOOP('',(#2209,#2210,#2211,#2212,#2213,#2214));
#236=EDGE_LOOP('',(#2215,#2216,#2217,#2218,#2219,#2220,#2221,#2222,#2223));
#237=EDGE_LOOP('',(#2224));
#238=EDGE_LOOP('',(#2225,#2226,#2227,#2228));
#239=EDGE_LOOP('',(#2229,#2230,#2231,#2232));
#240=EDGE_LOOP('',(#2233,#2234,#2235,#2236));
#241=EDGE_LOOP('',(#2237));
#242=EDGE_LOOP('',(#2238));
#243=EDGE_LOOP('',(#2239));
#244=EDGE_LOOP('',(#2240,#2241,#2242,#2243));
#245=EDGE_LOOP('',(#2244,#2245,#2246,#2247));
#246=EDGE_LOOP('',(#2248,#2249,#2250,#2251));
#247=EDGE_LOOP('',(#2252,#2253,#2254,#2255,#2256,#2257,#2258,#2259,#2260,
#2261));
#248=EDGE_LOOP('',(#2262,#2263,#2264));
#249=EDGE_LOOP('',(#2265));
#250=EDGE_LOOP('',(#2266,#2267,#2268,#2269));
#251=EDGE_LOOP('',(#2270,#2271,#2272,#2273,#2274,#2275,#2276,#2277));
#252=EDGE_LOOP('',(#2278));
#253=EDGE_LOOP('',(#2279));
#254=EDGE_LOOP('',(#2280,#2281,#2282,#2283,#2284,#2285,#2286,#2287,#2288,
#2289,#2290,#2291,#2292,#2293,#2294,#2295,#2296,#2297,#2298,#2299,#2300,
#2301,#2302,#2303,#2304,#2305,#2306,#2307,#2308,#2309,#2310,#2311,#2312,
#2313,#2314,#2315,#2316,#2317,#2318,#2319,#2320,#2321,#2322,#2323,#2324,
#2325,#2326,#2327,#2328,#2329,#2330,#2331,#2332,#2333,#2334,#2335,#2336,
#2337,#2338,#2339,#2340,#2341,#2342,#2343,#2344,#2345,#2346,#2347,#2348,
#2349,#2350,#2351,#2352,#2353,#2354,#2355,#2356,#2357,#2358,#2359,#2360,
#2361,#2362,#2363,#2364,#2365));
#255=EDGE_LOOP('',(#2366,#2367,#2368,#2369,#2370,#2371,#2372,#2373,#2374,
#2375,#2376));
#256=EDGE_LOOP('',(#2377,#2378,#2379,#2380,#2381,#2382,#2383,#2384,#2385,
#2386,#2387,#2388));
#257=EDGE_LOOP('',(#2389,#2390,#2391,#2392,#2393,#2394,#2395,#2396,#2397,
#2398));
#258=EDGE_LOOP('',(#2399,#2400,#2401,#2402,#2403,#2404,#2405,#2406,#2407,
#2408,#2409));
#259=EDGE_LOOP('',(#2410,#2411,#2412));
#260=EDGE_LOOP('',(#2413,#2414,#2415,#2416,#2417,#2418,#2419,#2420));
#261=EDGE_LOOP('',(#2421));
#262=EDGE_LOOP('',(#2422));
#263=EDGE_LOOP('',(#2423));
#264=EDGE_LOOP('',(#2424,#2425,#2426,#2427));
#265=EDGE_LOOP('',(#2428,#2429,#2430,#2431));
#266=EDGE_LOOP('',(#2432,#2433,#2434,#2435));
#267=EDGE_LOOP('',(#2436,#2437,#2438,#2439));
#268=EDGE_LOOP('',(#2440,#2441,#2442,#2443));
#269=EDGE_LOOP('',(#2444,#2445,#2446,#2447));
#270=EDGE_LOOP('',(#2448,#2449,#2450,#2451));
#271=EDGE_LOOP('',(#2452,#2453,#2454,#2455));
#272=EDGE_LOOP('',(#2456,#2457,#2458,#2459));
#273=EDGE_LOOP('',(#2460,#2461,#2462,#2463));
#274=EDGE_LOOP('',(#2464,#2465,#2466,#2467));
#275=EDGE_LOOP('',(#2468,#2469,#2470,#2471));
#276=EDGE_LOOP('',(#2472,#2473,#2474,#2475));
#277=EDGE_LOOP('',(#2476,#2477,#2478,#2479));
#278=EDGE_LOOP('',(#2480,#2481,#2482,#2483));
#279=EDGE_LOOP('',(#2484,#2485,#2486,#2487));
#280=EDGE_LOOP('',(#2488,#2489,#2490,#2491));
#281=EDGE_LOOP('',(#2492,#2493,#2494,#2495));
#282=EDGE_LOOP('',(#2496,#2497,#2498,#2499));
#283=EDGE_LOOP('',(#2500,#2501,#2502,#2503));
#284=EDGE_LOOP('',(#2504,#2505,#2506,#2507));
#285=EDGE_LOOP('',(#2508,#2509,#2510,#2511));
#286=EDGE_LOOP('',(#2512,#2513,#2514,#2515));
#287=EDGE_LOOP('',(#2516,#2517,#2518,#2519));
#288=EDGE_LOOP('',(#2520,#2521,#2522,#2523));
#289=EDGE_LOOP('',(#2524,#2525,#2526,#2527));
#290=EDGE_LOOP('',(#2528,#2529,#2530,#2531));
#291=EDGE_LOOP('',(#2532,#2533,#2534,#2535));
#292=EDGE_LOOP('',(#2536,#2537,#2538,#2539));
#293=EDGE_LOOP('',(#2540,#2541,#2542,#2543));
#294=EDGE_LOOP('',(#2544,#2545,#2546,#2547));
#295=EDGE_LOOP('',(#2548,#2549,#2550,#2551));
#296=EDGE_LOOP('',(#2552,#2553,#2554,#2555));
#297=EDGE_LOOP('',(#2556,#2557,#2558,#2559));
#298=EDGE_LOOP('',(#2560,#2561,#2562,#2563));
#299=EDGE_LOOP('',(#2564,#2565,#2566,#2567,#2568,#2569,#2570,#2571));
#300=EDGE_LOOP('',(#2572,#2573,#2574,#2575,#2576,#2577));
#301=EDGE_LOOP('',(#2578,#2579,#2580,#2581));
#302=EDGE_LOOP('',(#2582,#2583,#2584,#2585));
#303=EDGE_LOOP('',(#2586,#2587,#2588,#2589));
#304=EDGE_LOOP('',(#2590,#2591,#2592,#2593));
#305=EDGE_LOOP('',(#2594,#2595,#2596,#2597));
#306=EDGE_LOOP('',(#2598,#2599,#2600,#2601));
#307=EDGE_LOOP('',(#2602,#2603,#2604,#2605));
#308=EDGE_LOOP('',(#2606,#2607,#2608,#2609));
#309=EDGE_LOOP('',(#2610,#2611,#2612,#2613));
#310=EDGE_LOOP('',(#2614,#2615,#2616,#2617));
#311=EDGE_LOOP('',(#2618,#2619,#2620,#2621));
#312=EDGE_LOOP('',(#2622,#2623,#2624,#2625));
#313=EDGE_LOOP('',(#2626,#2627,#2628,#2629));
#314=EDGE_LOOP('',(#2630,#2631,#2632,#2633));
#315=EDGE_LOOP('',(#2634,#2635,#2636,#2637));
#316=EDGE_LOOP('',(#2638,#2639,#2640,#2641));
#317=EDGE_LOOP('',(#2642,#2643,#2644,#2645));
#318=EDGE_LOOP('',(#2646,#2647,#2648,#2649));
#319=EDGE_LOOP('',(#2650,#2651,#2652,#2653));
#320=EDGE_LOOP('',(#2654,#2655,#2656,#2657));
#321=EDGE_LOOP('',(#2658,#2659,#2660,#2661));
#322=EDGE_LOOP('',(#2662,#2663,#2664,#2665));
#323=EDGE_LOOP('',(#2666,#2667,#2668,#2669));
#324=EDGE_LOOP('',(#2670,#2671,#2672,#2673));
#325=EDGE_LOOP('',(#2674,#2675,#2676,#2677));
#326=EDGE_LOOP('',(#2678,#2679,#2680,#2681));
#327=EDGE_LOOP('',(#2682,#2683,#2684,#2685));
#328=EDGE_LOOP('',(#2686,#2687,#2688,#2689));
#329=EDGE_LOOP('',(#2690,#2691,#2692,#2693));
#330=EDGE_LOOP('',(#2694,#2695,#2696,#2697));
#331=EDGE_LOOP('',(#2698,#2699,#2700,#2701));
#332=EDGE_LOOP('',(#2702,#2703,#2704,#2705));
#333=EDGE_LOOP('',(#2706,#2707,#2708,#2709));
#334=EDGE_LOOP('',(#2710,#2711,#2712,#2713));
#335=EDGE_LOOP('',(#2714,#2715,#2716,#2717));
#336=EDGE_LOOP('',(#2718,#2719,#2720,#2721));
#337=EDGE_LOOP('',(#2722,#2723,#2724,#2725));
#338=EDGE_LOOP('',(#2726,#2727,#2728,#2729));
#339=EDGE_LOOP('',(#2730,#2731,#2732,#2733));
#340=EDGE_LOOP('',(#2734,#2735,#2736,#2737));
#341=EDGE_LOOP('',(#2738,#2739,#2740,#2741));
#342=EDGE_LOOP('',(#2742,#2743,#2744,#2745));
#343=EDGE_LOOP('',(#2746,#2747,#2748,#2749));
#344=EDGE_LOOP('',(#2750,#2751,#2752,#2753));
#345=EDGE_LOOP('',(#2754,#2755,#2756,#2757));
#346=EDGE_LOOP('',(#2758,#2759,#2760,#2761));
#347=EDGE_LOOP('',(#2762,#2763,#2764,#2765));
#348=EDGE_LOOP('',(#2766,#2767,#2768,#2769));
#349=EDGE_LOOP('',(#2770,#2771,#2772,#2773));
#350=EDGE_LOOP('',(#2774,#2775,#2776,#2777));
#351=EDGE_LOOP('',(#2778,#2779,#2780,#2781));
#352=EDGE_LOOP('',(#2782,#2783,#2784,#2785));
#353=EDGE_LOOP('',(#2786,#2787,#2788,#2789));
#354=EDGE_LOOP('',(#2790,#2791,#2792,#2793));
#355=EDGE_LOOP('',(#2794,#2795,#2796,#2797));
#356=EDGE_LOOP('',(#2798,#2799,#2800,#2801));
#357=EDGE_LOOP('',(#2802,#2803,#2804,#2805));
#358=EDGE_LOOP('',(#2806,#2807,#2808,#2809));
#359=EDGE_LOOP('',(#2810,#2811,#2812,#2813));
#360=EDGE_LOOP('',(#2814,#2815,#2816,#2817));
#361=EDGE_LOOP('',(#2818,#2819,#2820,#2821));
#362=EDGE_LOOP('',(#2822,#2823,#2824,#2825));
#363=EDGE_LOOP('',(#2826,#2827,#2828,#2829));
#364=EDGE_LOOP('',(#2830,#2831,#2832,#2833));
#365=EDGE_LOOP('',(#2834,#2835,#2836,#2837));
#366=EDGE_LOOP('',(#2838,#2839,#2840,#2841));
#367=EDGE_LOOP('',(#2842,#2843,#2844,#2845));
#368=EDGE_LOOP('',(#2846,#2847,#2848,#2849));
#369=EDGE_LOOP('',(#2850,#2851,#2852,#2853));
#370=EDGE_LOOP('',(#2854,#2855,#2856,#2857));
#371=EDGE_LOOP('',(#2858,#2859,#2860,#2861));
#372=EDGE_LOOP('',(#2862,#2863,#2864,#2865));
#373=EDGE_LOOP('',(#2866,#2867,#2868,#2869));
#374=EDGE_LOOP('',(#2870,#2871,#2872,#2873));
#375=EDGE_LOOP('',(#2874,#2875,#2876,#2877));
#376=EDGE_LOOP('',(#2878,#2879,#2880,#2881));
#377=EDGE_LOOP('',(#2882,#2883,#2884,#2885));
#378=EDGE_LOOP('',(#2886,#2887,#2888,#2889));
#379=EDGE_LOOP('',(#2890,#2891,#2892,#2893));
#380=EDGE_LOOP('',(#2894,#2895,#2896,#2897));
#381=EDGE_LOOP('',(#2898,#2899,#2900,#2901));
#382=EDGE_LOOP('',(#2902,#2903,#2904,#2905));
#383=EDGE_LOOP('',(#2906,#2907,#2908,#2909));
#384=EDGE_LOOP('',(#2910,#2911,#2912,#2913));
#385=EDGE_LOOP('',(#2914,#2915,#2916,#2917,#2918,#2919,#2920,#2921,#2922));
#386=EDGE_LOOP('',(#2923));
#387=EDGE_LOOP('',(#2924,#2925,#2926,#2927));
#388=EDGE_LOOP('',(#2928));
#389=EDGE_LOOP('',(#2929));
#390=EDGE_LOOP('',(#2930,#2931,#2932,#2933));
#391=EDGE_LOOP('',(#2934,#2935,#2936,#2937));
#392=EDGE_LOOP('',(#2938,#2939,#2940,#2941));
#393=EDGE_LOOP('',(#2942,#2943,#2944,#2945));
#394=EDGE_LOOP('',(#2946,#2947,#2948,#2949));
#395=EDGE_LOOP('',(#2950,#2951,#2952,#2953));
#396=EDGE_LOOP('',(#2954,#2955,#2956,#2957));
#397=LINE('',#4249,#836);
#398=LINE('',#4251,#837);
#399=LINE('',#4253,#838);
#400=LINE('',#4254,#839);
#401=LINE('',#4258,#840);
#402=LINE('',#4260,#841);
#403=LINE('',#4262,#842);
#404=LINE('',#4263,#843);
#405=LINE('',#4266,#844);
#406=LINE('',#4268,#845);
#407=LINE('',#4269,#846);
#408=LINE('',#4273,#847);
#409=LINE('',#4275,#848);
#410=LINE('',#4277,#849);
#411=LINE('',#4279,#850);
#412=LINE('',#4281,#851);
#413=LINE('',#4283,#852);
#414=LINE('',#4285,#853);
#415=LINE('',#4287,#854);
#416=LINE('',#4289,#855);
#417=LINE('',#4291,#856);
#418=LINE('',#4293,#857);
#419=LINE('',#4295,#858);
#420=LINE('',#4297,#859);
#421=LINE('',#4299,#860);
#422=LINE('',#4301,#861);
#423=LINE('',#4303,#862);
#424=LINE('',#4305,#863);
#425=LINE('',#4307,#864);
#426=LINE('',#4309,#865);
#427=LINE('',#4311,#866);
#428=LINE('',#4313,#867);
#429=LINE('',#4315,#868);
#430=LINE('',#4317,#869);
#431=LINE('',#4319,#870);
#432=LINE('',#4321,#871);
#433=LINE('',#4323,#872);
#434=LINE('',#4325,#873);
#435=LINE('',#4327,#874);
#436=LINE('',#4329,#875);
#437=LINE('',#4331,#876);
#438=LINE('',#4333,#877);
#439=LINE('',#4335,#878);
#440=LINE('',#4337,#879);
#441=LINE('',#4339,#880);
#442=LINE('',#4341,#881);
#443=LINE('',#4343,#882);
#444=LINE('',#4345,#883);
#445=LINE('',#4347,#884);
#446=LINE('',#4349,#885);
#447=LINE('',#4351,#886);
#448=LINE('',#4353,#887);
#449=LINE('',#4355,#888);
#450=LINE('',#4357,#889);
#451=LINE('',#4359,#890);
#452=LINE('',#4361,#891);
#453=LINE('',#4363,#892);
#454=LINE('',#4365,#893);
#455=LINE('',#4367,#894);
#456=LINE('',#4369,#895);
#457=LINE('',#4371,#896);
#458=LINE('',#4373,#897);
#459=LINE('',#4375,#898);
#460=LINE('',#4377,#899);
#461=LINE('',#4379,#900);
#462=LINE('',#4381,#901);
#463=LINE('',#4383,#902);
#464=LINE('',#4385,#903);
#465=LINE('',#4387,#904);
#466=LINE('',#4389,#905);
#467=LINE('',#4391,#906);
#468=LINE('',#4393,#907);
#469=LINE('',#4395,#908);
#470=LINE('',#4397,#909);
#471=LINE('',#4399,#910);
#472=LINE('',#4401,#911);
#473=LINE('',#4403,#912);
#474=LINE('',#4405,#913);
#475=LINE('',#4407,#914);
#476=LINE('',#4409,#915);
#477=LINE('',#4411,#916);
#478=LINE('',#4413,#917);
#479=LINE('',#4415,#918);
#480=LINE('',#4417,#919);
#481=LINE('',#4419,#920);
#482=LINE('',#4421,#921);
#483=LINE('',#4423,#922);
#484=LINE('',#4425,#923);
#485=LINE('',#4427,#924);
#486=LINE('',#4429,#925);
#487=LINE('',#4431,#926);
#488=LINE('',#4433,#927);
#489=LINE('',#4435,#928);
#490=LINE('',#4437,#929);
#491=LINE('',#4439,#930);
#492=LINE('',#4441,#931);
#493=LINE('',#4443,#932);
#494=LINE('',#4445,#933);
#495=LINE('',#4446,#934);
#496=LINE('',#4450,#935);
#497=LINE('',#4452,#936);
#498=LINE('',#4454,#937);
#499=LINE('',#4456,#938);
#500=LINE('',#4458,#939);
#501=LINE('',#4460,#940);
#502=LINE('',#4462,#941);
#503=LINE('',#4464,#942);
#504=LINE('',#4466,#943);
#505=LINE('',#4467,#944);
#506=LINE('',#4470,#945);
#507=LINE('',#4472,#946);
#508=LINE('',#4474,#947);
#509=LINE('',#4476,#948);
#510=LINE('',#4478,#949);
#511=LINE('',#4480,#950);
#512=LINE('',#4482,#951);
#513=LINE('',#4484,#952);
#514=LINE('',#4486,#953);
#515=LINE('',#4488,#954);
#516=LINE('',#4489,#955);
#517=LINE('',#4492,#956);
#518=LINE('',#4494,#957);
#519=LINE('',#4496,#958);
#520=LINE('',#4498,#959);
#521=LINE('',#4500,#960);
#522=LINE('',#4502,#961);
#523=LINE('',#4504,#962);
#524=LINE('',#4506,#963);
#525=LINE('',#4508,#964);
#526=LINE('',#4509,#965);
#527=LINE('',#4511,#966);
#528=LINE('',#4513,#967);
#529=LINE('',#4515,#968);
#530=LINE('',#4517,#969);
#531=LINE('',#4519,#970);
#532=LINE('',#4521,#971);
#533=LINE('',#4523,#972);
#534=LINE('',#4525,#973);
#535=LINE('',#4527,#974);
#536=LINE('',#4528,#975);
#537=LINE('',#4531,#976);
#538=LINE('',#4533,#977);
#539=LINE('',#4534,#978);
#540=LINE('',#4537,#979);
#541=LINE('',#4538,#980);
#542=LINE('',#4541,#981);
#543=LINE('',#4542,#982);
#544=LINE('',#4545,#983);
#545=LINE('',#4547,#984);
#546=LINE('',#4548,#985);
#547=LINE('',#4551,#986);
#548=LINE('',#4552,#987);
#549=LINE('',#4555,#988);
#550=LINE('',#4556,#989);
#551=LINE('',#4560,#990);
#552=LINE('',#4562,#991);
#553=LINE('',#4564,#992);
#554=LINE('',#4566,#993);
#555=LINE('',#4568,#994);
#556=LINE('',#4569,#995);
#557=LINE('',#4573,#996);
#558=LINE('',#4575,#997);
#559=LINE('',#4577,#998);
#560=LINE('',#4579,#999);
#561=LINE('',#4581,#1000);
#562=LINE('',#4583,#1001);
#563=LINE('',#4585,#1002);
#564=LINE('',#4587,#1003);
#565=LINE('',#4588,#1004);
#566=LINE('',#4592,#1005);
#567=LINE('',#4593,#1006);
#568=LINE('',#4595,#1007);
#569=LINE('',#4596,#1008);
#570=LINE('',#4606,#1009);
#571=LINE('',#4610,#1010);
#572=LINE('',#4614,#1011);
#573=LINE('',#4618,#1012);
#574=LINE('',#4620,#1013);
#575=LINE('',#4622,#1014);
#576=LINE('',#4624,#1015);
#577=LINE('',#4625,#1016);
#578=LINE('',#4626,#1017);
#579=LINE('',#4639,#1018);
#580=LINE('',#4644,#1019);
#581=LINE('',#4646,#1020);
#582=LINE('',#4649,#1021);
#583=LINE('',#4654,#1022);
#584=LINE('',#4656,#1023);
#585=LINE('',#4658,#1024);
#586=LINE('',#4660,#1025);
#587=LINE('',#4662,#1026);
#588=LINE('',#4664,#1027);
#589=LINE('',#4666,#1028);
#590=LINE('',#4668,#1029);
#591=LINE('',#4670,#1030);
#592=LINE('',#4672,#1031);
#593=LINE('',#4674,#1032);
#594=LINE('',#4676,#1033);
#595=LINE('',#4678,#1034);
#596=LINE('',#4680,#1035);
#597=LINE('',#4682,#1036);
#598=LINE('',#4684,#1037);
#599=LINE('',#4686,#1038);
#600=LINE('',#4688,#1039);
#601=LINE('',#4690,#1040);
#602=LINE('',#4692,#1041);
#603=LINE('',#4694,#1042);
#604=LINE('',#4696,#1043);
#605=LINE('',#4698,#1044);
#606=LINE('',#4700,#1045);
#607=LINE('',#4702,#1046);
#608=LINE('',#4704,#1047);
#609=LINE('',#4706,#1048);
#610=LINE('',#4708,#1049);
#611=LINE('',#4710,#1050);
#612=LINE('',#4712,#1051);
#613=LINE('',#4714,#1052);
#614=LINE('',#4716,#1053);
#615=LINE('',#4718,#1054);
#616=LINE('',#4720,#1055);
#617=LINE('',#4722,#1056);
#618=LINE('',#4724,#1057);
#619=LINE('',#4726,#1058);
#620=LINE('',#4728,#1059);
#621=LINE('',#4730,#1060);
#622=LINE('',#4732,#1061);
#623=LINE('',#4734,#1062);
#624=LINE('',#4736,#1063);
#625=LINE('',#4738,#1064);
#626=LINE('',#4740,#1065);
#627=LINE('',#4742,#1066);
#628=LINE('',#4744,#1067);
#629=LINE('',#4746,#1068);
#630=LINE('',#4748,#1069);
#631=LINE('',#4750,#1070);
#632=LINE('',#4752,#1071);
#633=LINE('',#4754,#1072);
#634=LINE('',#4756,#1073);
#635=LINE('',#4758,#1074);
#636=LINE('',#4760,#1075);
#637=LINE('',#4762,#1076);
#638=LINE('',#4764,#1077);
#639=LINE('',#4766,#1078);
#640=LINE('',#4768,#1079);
#641=LINE('',#4770,#1080);
#642=LINE('',#4772,#1081);
#643=LINE('',#4774,#1082);
#644=LINE('',#4776,#1083);
#645=LINE('',#4778,#1084);
#646=LINE('',#4780,#1085);
#647=LINE('',#4782,#1086);
#648=LINE('',#4784,#1087);
#649=LINE('',#4786,#1088);
#650=LINE('',#4788,#1089);
#651=LINE('',#4790,#1090);
#652=LINE('',#4792,#1091);
#653=LINE('',#4794,#1092);
#654=LINE('',#4796,#1093);
#655=LINE('',#4798,#1094);
#656=LINE('',#4800,#1095);
#657=LINE('',#4802,#1096);
#658=LINE('',#4804,#1097);
#659=LINE('',#4806,#1098);
#660=LINE('',#4808,#1099);
#661=LINE('',#4810,#1100);
#662=LINE('',#4812,#1101);
#663=LINE('',#4814,#1102);
#664=LINE('',#4816,#1103);
#665=LINE('',#4818,#1104);
#666=LINE('',#4820,#1105);
#667=LINE('',#4821,#1106);
#668=LINE('',#4823,#1107);
#669=LINE('',#4825,#1108);
#670=LINE('',#4827,#1109);
#671=LINE('',#4829,#1110);
#672=LINE('',#4831,#1111);
#673=LINE('',#4833,#1112);
#674=LINE('',#4835,#1113);
#675=LINE('',#4837,#1114);
#676=LINE('',#4839,#1115);
#677=LINE('',#4840,#1116);
#678=LINE('',#4842,#1117);
#679=LINE('',#4844,#1118);
#680=LINE('',#4846,#1119);
#681=LINE('',#4848,#1120);
#682=LINE('',#4850,#1121);
#683=LINE('',#4852,#1122);
#684=LINE('',#4854,#1123);
#685=LINE('',#4856,#1124);
#686=LINE('',#4858,#1125);
#687=LINE('',#4859,#1126);
#688=LINE('',#4861,#1127);
#689=LINE('',#4863,#1128);
#690=LINE('',#4865,#1129);
#691=LINE('',#4867,#1130);
#692=LINE('',#4869,#1131);
#693=LINE('',#4871,#1132);
#694=LINE('',#4872,#1133);
#695=LINE('',#4874,#1134);
#696=LINE('',#4876,#1135);
#697=LINE('',#4878,#1136);
#698=LINE('',#4880,#1137);
#699=LINE('',#4882,#1138);
#700=LINE('',#4884,#1139);
#701=LINE('',#4886,#1140);
#702=LINE('',#4887,#1141);
#703=LINE('',#4891,#1142);
#704=LINE('',#4892,#1143);
#705=LINE('',#4893,#1144);
#706=LINE('',#4895,#1145);
#707=LINE('',#4897,#1146);
#708=LINE('',#4899,#1147);
#709=LINE('',#4901,#1148);
#710=LINE('',#4903,#1149);
#711=LINE('',#4905,#1150);
#712=LINE('',#4907,#1151);
#713=LINE('',#4909,#1152);
#714=LINE('',#4911,#1153);
#715=LINE('',#4914,#1154);
#716=LINE('',#4915,#1155);
#717=LINE('',#4917,#1156);
#718=LINE('',#4919,#1157);
#719=LINE('',#4921,#1158);
#720=LINE('',#4924,#1159);
#721=LINE('',#4927,#1160);
#722=LINE('',#4929,#1161);
#723=LINE('',#4931,#1162);
#724=LINE('',#4933,#1163);
#725=LINE('',#4935,#1164);
#726=LINE('',#4937,#1165);
#727=LINE('',#4939,#1166);
#728=LINE('',#4942,#1167);
#729=LINE('',#4943,#1168);
#730=LINE('',#4945,#1169);
#731=LINE('',#4947,#1170);
#732=LINE('',#4949,#1171);
#733=LINE('',#4951,#1172);
#734=LINE('',#4954,#1173);
#735=LINE('',#4956,#1174);
#736=LINE('',#4958,#1175);
#737=LINE('',#4961,#1176);
#738=LINE('',#4963,#1177);
#739=LINE('',#4965,#1178);
#740=LINE('',#4967,#1179);
#741=LINE('',#4969,#1180);
#742=LINE('',#4971,#1181);
#743=LINE('',#4973,#1182);
#744=LINE('',#4975,#1183);
#745=LINE('',#4977,#1184);
#746=LINE('',#4979,#1185);
#747=LINE('',#4981,#1186);
#748=LINE('',#4983,#1187);
#749=LINE('',#4985,#1188);
#750=LINE('',#4987,#1189);
#751=LINE('',#4989,#1190);
#752=LINE('',#4991,#1191);
#753=LINE('',#4993,#1192);
#754=LINE('',#4995,#1193);
#755=LINE('',#4997,#1194);
#756=LINE('',#4999,#1195);
#757=LINE('',#5001,#1196);
#758=LINE('',#5003,#1197);
#759=LINE('',#5005,#1198);
#760=LINE('',#5007,#1199);
#761=LINE('',#5009,#1200);
#762=LINE('',#5011,#1201);
#763=LINE('',#5013,#1202);
#764=LINE('',#5015,#1203);
#765=LINE('',#5017,#1204);
#766=LINE('',#5019,#1205);
#767=LINE('',#5021,#1206);
#768=LINE('',#5023,#1207);
#769=LINE('',#5025,#1208);
#770=LINE('',#5027,#1209);
#771=LINE('',#5029,#1210);
#772=LINE('',#5031,#1211);
#773=LINE('',#5033,#1212);
#774=LINE('',#5035,#1213);
#775=LINE('',#5037,#1214);
#776=LINE('',#5039,#1215);
#777=LINE('',#5041,#1216);
#778=LINE('',#5043,#1217);
#779=LINE('',#5045,#1218);
#780=LINE('',#5047,#1219);
#781=LINE('',#5049,#1220);
#782=LINE('',#5051,#1221);
#783=LINE('',#5053,#1222);
#784=LINE('',#5055,#1223);
#785=LINE('',#5057,#1224);
#786=LINE('',#5059,#1225);
#787=LINE('',#5061,#1226);
#788=LINE('',#5063,#1227);
#789=LINE('',#5065,#1228);
#790=LINE('',#5067,#1229);
#791=LINE('',#5069,#1230);
#792=LINE('',#5071,#1231);
#793=LINE('',#5073,#1232);
#794=LINE('',#5075,#1233);
#795=LINE('',#5077,#1234);
#796=LINE('',#5079,#1235);
#797=LINE('',#5081,#1236);
#798=LINE('',#5083,#1237);
#799=LINE('',#5085,#1238);
#800=LINE('',#5087,#1239);
#801=LINE('',#5089,#1240);
#802=LINE('',#5091,#1241);
#803=LINE('',#5093,#1242);
#804=LINE('',#5095,#1243);
#805=LINE('',#5097,#1244);
#806=LINE('',#5099,#1245);
#807=LINE('',#5101,#1246);
#808=LINE('',#5103,#1247);
#809=LINE('',#5105,#1248);
#810=LINE('',#5107,#1249);
#811=LINE('',#5109,#1250);
#812=LINE('',#5111,#1251);
#813=LINE('',#5113,#1252);
#814=LINE('',#5115,#1253);
#815=LINE('',#5117,#1254);
#816=LINE('',#5119,#1255);
#817=LINE('',#5121,#1256);
#818=LINE('',#5123,#1257);
#819=LINE('',#5125,#1258);
#820=LINE('',#5127,#1259);
#821=LINE('',#5131,#1260);
#822=LINE('',#5132,#1261);
#823=LINE('',#5135,#1262);
#824=LINE('',#5137,#1263);
#825=LINE('',#5139,#1264);
#826=LINE('',#5141,#1265);
#827=LINE('',#5143,#1266);
#828=LINE('',#5144,#1267);
#829=LINE('',#5149,#1268);
#830=LINE('',#5155,#1269);
#831=LINE('',#5157,#1270);
#832=LINE('',#5158,#1271);
#833=LINE('',#5160,#1272);
#834=LINE('',#5163,#1273);
#835=LINE('',#5165,#1274);
#836=VECTOR('',#3456,10.);
#837=VECTOR('',#3457,10.);
#838=VECTOR('',#3458,10.);
#839=VECTOR('',#3459,10.);
#840=VECTOR('',#3462,10.);
#841=VECTOR('',#3463,10.);
#842=VECTOR('',#3464,10.);
#843=VECTOR('',#3465,10.);
#844=VECTOR('',#3468,10.);
#845=VECTOR('',#3469,10.);
#846=VECTOR('',#3470,10.);
#847=VECTOR('',#3473,10.);
#848=VECTOR('',#3474,10.);
#849=VECTOR('',#3475,10.);
#850=VECTOR('',#3476,10.);
#851=VECTOR('',#3477,10.);
#852=VECTOR('',#3478,10.);
#853=VECTOR('',#3479,10.);
#854=VECTOR('',#3480,10.);
#855=VECTOR('',#3481,10.);
#856=VECTOR('',#3482,10.);
#857=VECTOR('',#3483,10.);
#858=VECTOR('',#3484,10.);
#859=VECTOR('',#3485,10.);
#860=VECTOR('',#3486,10.);
#861=VECTOR('',#3487,10.);
#862=VECTOR('',#3488,9.99999999999999);
#863=VECTOR('',#3489,10.);
#864=VECTOR('',#3490,10.);
#865=VECTOR('',#3491,10.);
#866=VECTOR('',#3492,10.);
#867=VECTOR('',#3493,10.);
#868=VECTOR('',#3494,10.);
#869=VECTOR('',#3495,10.);
#870=VECTOR('',#3496,10.);
#871=VECTOR('',#3497,10.);
#872=VECTOR('',#3498,9.99999999999999);
#873=VECTOR('',#3499,10.);
#874=VECTOR('',#3500,10.);
#875=VECTOR('',#3501,10.);
#876=VECTOR('',#3502,10.);
#877=VECTOR('',#3503,10.);
#878=VECTOR('',#3504,10.);
#879=VECTOR('',#3505,10.);
#880=VECTOR('',#3506,10.);
#881=VECTOR('',#3507,10.);
#882=VECTOR('',#3508,10.);
#883=VECTOR('',#3509,10.);
#884=VECTOR('',#3510,10.);
#885=VECTOR('',#3511,10.);
#886=VECTOR('',#3512,10.);
#887=VECTOR('',#3513,10.);
#888=VECTOR('',#3514,10.);
#889=VECTOR('',#3515,10.);
#890=VECTOR('',#3516,10.);
#891=VECTOR('',#3517,10.);
#892=VECTOR('',#3518,10.);
#893=VECTOR('',#3519,10.);
#894=VECTOR('',#3520,10.);
#895=VECTOR('',#3521,10.);
#896=VECTOR('',#3522,10.);
#897=VECTOR('',#3523,10.);
#898=VECTOR('',#3524,10.);
#899=VECTOR('',#3525,10.);
#900=VECTOR('',#3526,10.);
#901=VECTOR('',#3527,10.);
#902=VECTOR('',#3528,9.99999999999999);
#903=VECTOR('',#3529,10.);
#904=VECTOR('',#3530,10.);
#905=VECTOR('',#3531,10.);
#906=VECTOR('',#3532,10.);
#907=VECTOR('',#3533,10.);
#908=VECTOR('',#3534,10.);
#909=VECTOR('',#3535,10.);
#910=VECTOR('',#3536,10.);
#911=VECTOR('',#3537,10.);
#912=VECTOR('',#3538,10.);
#913=VECTOR('',#3539,10.);
#914=VECTOR('',#3540,9.99999999999999);
#915=VECTOR('',#3541,10.);
#916=VECTOR('',#3542,10.);
#917=VECTOR('',#3543,10.);
#918=VECTOR('',#3544,10.);
#919=VECTOR('',#3545,10.);
#920=VECTOR('',#3546,9.99999999999999);
#921=VECTOR('',#3547,10.);
#922=VECTOR('',#3548,10.);
#923=VECTOR('',#3549,10.);
#924=VECTOR('',#3550,10.);
#925=VECTOR('',#3551,10.);
#926=VECTOR('',#3552,10.);
#927=VECTOR('',#3553,10.);
#928=VECTOR('',#3554,10.);
#929=VECTOR('',#3555,10.);
#930=VECTOR('',#3556,10.);
#931=VECTOR('',#3557,10.);
#932=VECTOR('',#3558,10.);
#933=VECTOR('',#3559,10.);
#934=VECTOR('',#3560,10.);
#935=VECTOR('',#3563,10.);
#936=VECTOR('',#3564,10.);
#937=VECTOR('',#3565,10.);
#938=VECTOR('',#3566,10.);
#939=VECTOR('',#3567,10.);
#940=VECTOR('',#3568,10.);
#941=VECTOR('',#3569,10.);
#942=VECTOR('',#3570,10.);
#943=VECTOR('',#3571,10.);
#944=VECTOR('',#3572,10.);
#945=VECTOR('',#3573,10.);
#946=VECTOR('',#3574,10.);
#947=VECTOR('',#3575,10.);
#948=VECTOR('',#3576,10.);
#949=VECTOR('',#3577,10.);
#950=VECTOR('',#3578,10.);
#951=VECTOR('',#3579,10.);
#952=VECTOR('',#3580,10.);
#953=VECTOR('',#3581,10.);
#954=VECTOR('',#3582,10.);
#955=VECTOR('',#3583,10.);
#956=VECTOR('',#3584,10.);
#957=VECTOR('',#3585,10.);
#958=VECTOR('',#3586,10.);
#959=VECTOR('',#3587,10.);
#960=VECTOR('',#3588,10.);
#961=VECTOR('',#3589,10.);
#962=VECTOR('',#3590,10.);
#963=VECTOR('',#3591,10.);
#964=VECTOR('',#3592,10.);
#965=VECTOR('',#3593,10.);
#966=VECTOR('',#3594,10.);
#967=VECTOR('',#3595,10.);
#968=VECTOR('',#3596,10.);
#969=VECTOR('',#3597,10.);
#970=VECTOR('',#3598,10.);
#971=VECTOR('',#3599,10.);
#972=VECTOR('',#3600,10.);
#973=VECTOR('',#3601,10.);
#974=VECTOR('',#3602,9.99999999999999);
#975=VECTOR('',#3603,10.);
#976=VECTOR('',#3606,10.);
#977=VECTOR('',#3607,10.);
#978=VECTOR('',#3608,10.);
#979=VECTOR('',#3611,10.);
#980=VECTOR('',#3612,10.);
#981=VECTOR('',#3615,10.);
#982=VECTOR('',#3616,10.);
#983=VECTOR('',#3619,10.);
#984=VECTOR('',#3620,10.);
#985=VECTOR('',#3621,10.);
#986=VECTOR('',#3624,10.);
#987=VECTOR('',#3625,10.);
#988=VECTOR('',#3628,10.);
#989=VECTOR('',#3629,10.);
#990=VECTOR('',#3632,10.);
#991=VECTOR('',#3633,10.);
#992=VECTOR('',#3634,10.);
#993=VECTOR('',#3635,10.);
#994=VECTOR('',#3636,10.);
#995=VECTOR('',#3637,10.);
#996=VECTOR('',#3640,10.);
#997=VECTOR('',#3641,10.);
#998=VECTOR('',#3642,10.);
#999=VECTOR('',#3643,10.);
#1000=VECTOR('',#3644,10.);
#1001=VECTOR('',#3645,9.99999999999999);
#1002=VECTOR('',#3646,10.);
#1003=VECTOR('',#3647,10.);
#1004=VECTOR('',#3648,10.);
#1005=VECTOR('',#3653,10.);
#1006=VECTOR('',#3654,10.);
#1007=VECTOR('',#3657,10.);
#1008=VECTOR('',#3658,10.);
#1009=VECTOR('',#3669,1.75);
#1010=VECTOR('',#3674,1.75);
#1011=VECTOR('',#3679,1.75);
#1012=VECTOR('',#3684,10.);
#1013=VECTOR('',#3685,10.);
#1014=VECTOR('',#3686,10.);
#1015=VECTOR('',#3687,10.);
#1016=VECTOR('',#3688,10.);
#1017=VECTOR('',#3689,10.);
#1018=VECTOR('',#3704,10.);
#1019=VECTOR('',#3709,10.);
#1020=VECTOR('',#3710,10.);
#1021=VECTOR('',#3713,11.0000000000002);
#1022=VECTOR('',#3720,10.);
#1023=VECTOR('',#3721,10.);
#1024=VECTOR('',#3722,10.);
#1025=VECTOR('',#3723,10.);
#1026=VECTOR('',#3724,10.);
#1027=VECTOR('',#3725,10.);
#1028=VECTOR('',#3726,10.);
#1029=VECTOR('',#3727,10.);
#1030=VECTOR('',#3728,10.);
#1031=VECTOR('',#3729,10.);
#1032=VECTOR('',#3730,10.);
#1033=VECTOR('',#3731,10.);
#1034=VECTOR('',#3732,9.99999999999999);
#1035=VECTOR('',#3733,10.);
#1036=VECTOR('',#3734,10.);
#1037=VECTOR('',#3735,10.);
#1038=VECTOR('',#3736,10.);
#1039=VECTOR('',#3737,10.);
#1040=VECTOR('',#3738,9.99999999999999);
#1041=VECTOR('',#3739,10.);
#1042=VECTOR('',#3740,10.);
#1043=VECTOR('',#3741,10.);
#1044=VECTOR('',#3742,10.);
#1045=VECTOR('',#3743,10.);
#1046=VECTOR('',#3744,10.);
#1047=VECTOR('',#3745,10.);
#1048=VECTOR('',#3746,10.);
#1049=VECTOR('',#3747,10.);
#1050=VECTOR('',#3748,10.);
#1051=VECTOR('',#3749,10.);
#1052=VECTOR('',#3750,9.99999999999999);
#1053=VECTOR('',#3751,10.);
#1054=VECTOR('',#3752,10.);
#1055=VECTOR('',#3753,10.);
#1056=VECTOR('',#3754,10.);
#1057=VECTOR('',#3755,10.);
#1058=VECTOR('',#3756,10.);
#1059=VECTOR('',#3757,10.);
#1060=VECTOR('',#3758,10.);
#1061=VECTOR('',#3759,10.);
#1062=VECTOR('',#3760,10.);
#1063=VECTOR('',#3761,10.);
#1064=VECTOR('',#3762,10.);
#1065=VECTOR('',#3763,10.);
#1066=VECTOR('',#3764,10.);
#1067=VECTOR('',#3765,10.);
#1068=VECTOR('',#3766,10.);
#1069=VECTOR('',#3767,10.);
#1070=VECTOR('',#3768,10.);
#1071=VECTOR('',#3769,10.);
#1072=VECTOR('',#3770,10.);
#1073=VECTOR('',#3771,10.);
#1074=VECTOR('',#3772,10.);
#1075=VECTOR('',#3773,10.);
#1076=VECTOR('',#3774,10.);
#1077=VECTOR('',#3775,10.);
#1078=VECTOR('',#3776,10.);
#1079=VECTOR('',#3777,10.);
#1080=VECTOR('',#3778,10.);
#1081=VECTOR('',#3779,10.);
#1082=VECTOR('',#3780,9.99999999999999);
#1083=VECTOR('',#3781,10.);
#1084=VECTOR('',#3782,10.);
#1085=VECTOR('',#3783,10.);
#1086=VECTOR('',#3784,10.);
#1087=VECTOR('',#3785,10.);
#1088=VECTOR('',#3786,10.);
#1089=VECTOR('',#3787,10.);
#1090=VECTOR('',#3788,10.);
#1091=VECTOR('',#3789,10.);
#1092=VECTOR('',#3790,9.99999999999999);
#1093=VECTOR('',#3791,10.);
#1094=VECTOR('',#3792,10.);
#1095=VECTOR('',#3793,10.);
#1096=VECTOR('',#3794,10.);
#1097=VECTOR('',#3795,10.);
#1098=VECTOR('',#3796,10.);
#1099=VECTOR('',#3797,10.);
#1100=VECTOR('',#3798,10.);
#1101=VECTOR('',#3799,10.);
#1102=VECTOR('',#3800,10.);
#1103=VECTOR('',#3801,10.);
#1104=VECTOR('',#3802,10.);
#1105=VECTOR('',#3803,10.);
#1106=VECTOR('',#3804,10.);
#1107=VECTOR('',#3805,10.);
#1108=VECTOR('',#3806,10.);
#1109=VECTOR('',#3807,9.99999999999999);
#1110=VECTOR('',#3808,10.);
#1111=VECTOR('',#3809,10.);
#1112=VECTOR('',#3810,10.);
#1113=VECTOR('',#3811,10.);
#1114=VECTOR('',#3812,10.);
#1115=VECTOR('',#3813,10.);
#1116=VECTOR('',#3814,10.);
#1117=VECTOR('',#3815,10.);
#1118=VECTOR('',#3816,10.);
#1119=VECTOR('',#3817,10.);
#1120=VECTOR('',#3818,10.);
#1121=VECTOR('',#3819,10.);
#1122=VECTOR('',#3820,10.);
#1123=VECTOR('',#3821,10.);
#1124=VECTOR('',#3822,10.);
#1125=VECTOR('',#3823,10.);
#1126=VECTOR('',#3824,10.);
#1127=VECTOR('',#3825,10.);
#1128=VECTOR('',#3826,10.);
#1129=VECTOR('',#3827,10.);
#1130=VECTOR('',#3828,10.);
#1131=VECTOR('',#3829,10.);
#1132=VECTOR('',#3830,10.);
#1133=VECTOR('',#3831,10.);
#1134=VECTOR('',#3832,10.);
#1135=VECTOR('',#3833,10.);
#1136=VECTOR('',#3834,10.);
#1137=VECTOR('',#3835,10.);
#1138=VECTOR('',#3836,10.);
#1139=VECTOR('',#3837,10.);
#1140=VECTOR('',#3838,10.);
#1141=VECTOR('',#3839,10.);
#1142=VECTOR('',#3844,10.);
#1143=VECTOR('',#3845,10.);
#1144=VECTOR('',#3846,10.);
#1145=VECTOR('',#3849,10.);
#1146=VECTOR('',#3852,10.);
#1147=VECTOR('',#3855,10.);
#1148=VECTOR('',#3858,10.);
#1149=VECTOR('',#3861,10.);
#1150=VECTOR('',#3864,10.);
#1151=VECTOR('',#3867,10.);
#1152=VECTOR('',#3870,10.);
#1153=VECTOR('',#3873,10.);
#1154=VECTOR('',#3878,10.);
#1155=VECTOR('',#3879,10.);
#1156=VECTOR('',#3882,10.);
#1157=VECTOR('',#3885,10.);
#1158=VECTOR('',#3888,10.);
#1159=VECTOR('',#3893,10.);
#1160=VECTOR('',#3898,10.);
#1161=VECTOR('',#3901,10.);
#1162=VECTOR('',#3904,10.);
#1163=VECTOR('',#3907,10.);
#1164=VECTOR('',#3910,10.);
#1165=VECTOR('',#3913,10.);
#1166=VECTOR('',#3916,10.);
#1167=VECTOR('',#3921,10.);
#1168=VECTOR('',#3922,10.);
#1169=VECTOR('',#3925,10.);
#1170=VECTOR('',#3928,10.);
#1171=VECTOR('',#3931,10.);
#1172=VECTOR('',#3934,10.);
#1173=VECTOR('',#3939,10.);
#1174=VECTOR('',#3942,10.);
#1175=VECTOR('',#3945,10.);
#1176=VECTOR('',#3950,11.0000000000002);
#1177=VECTOR('',#3953,10.);
#1178=VECTOR('',#3956,10.);
#1179=VECTOR('',#3959,10.);
#1180=VECTOR('',#3962,10.);
#1181=VECTOR('',#3965,10.);
#1182=VECTOR('',#3968,10.);
#1183=VECTOR('',#3971,10.);
#1184=VECTOR('',#3974,10.);
#1185=VECTOR('',#3977,10.);
#1186=VECTOR('',#3980,10.);
#1187=VECTOR('',#3983,10.);
#1188=VECTOR('',#3986,10.);
#1189=VECTOR('',#3989,10.);
#1190=VECTOR('',#3992,10.);
#1191=VECTOR('',#3995,10.);
#1192=VECTOR('',#3998,10.);
#1193=VECTOR('',#4001,10.);
#1194=VECTOR('',#4004,10.);
#1195=VECTOR('',#4007,10.);
#1196=VECTOR('',#4010,10.);
#1197=VECTOR('',#4013,10.);
#1198=VECTOR('',#4016,10.);
#1199=VECTOR('',#4019,10.);
#1200=VECTOR('',#4022,10.);
#1201=VECTOR('',#4025,10.);
#1202=VECTOR('',#4028,10.);
#1203=VECTOR('',#4031,10.);
#1204=VECTOR('',#4034,10.);
#1205=VECTOR('',#4037,10.);
#1206=VECTOR('',#4040,10.);
#1207=VECTOR('',#4043,10.);
#1208=VECTOR('',#4046,10.);
#1209=VECTOR('',#4049,10.);
#1210=VECTOR('',#4052,10.);
#1211=VECTOR('',#4055,10.);
#1212=VECTOR('',#4058,10.);
#1213=VECTOR('',#4061,10.);
#1214=VECTOR('',#4064,10.);
#1215=VECTOR('',#4067,10.);
#1216=VECTOR('',#4070,10.);
#1217=VECTOR('',#4073,10.);
#1218=VECTOR('',#4076,10.);
#1219=VECTOR('',#4079,10.);
#1220=VECTOR('',#4082,10.);
#1221=VECTOR('',#4085,10.);
#1222=VECTOR('',#4088,10.);
#1223=VECTOR('',#4091,10.);
#1224=VECTOR('',#4094,10.);
#1225=VECTOR('',#4097,10.);
#1226=VECTOR('',#4100,10.);
#1227=VECTOR('',#4103,10.);
#1228=VECTOR('',#4106,10.);
#1229=VECTOR('',#4109,10.);
#1230=VECTOR('',#4112,10.);
#1231=VECTOR('',#4115,10.);
#1232=VECTOR('',#4118,10.);
#1233=VECTOR('',#4121,10.);
#1234=VECTOR('',#4124,10.);
#1235=VECTOR('',#4127,10.);
#1236=VECTOR('',#4130,10.);
#1237=VECTOR('',#4133,10.);
#1238=VECTOR('',#4136,10.);
#1239=VECTOR('',#4139,10.);
#1240=VECTOR('',#4142,10.);
#1241=VECTOR('',#4145,10.);
#1242=VECTOR('',#4148,10.);
#1243=VECTOR('',#4151,10.);
#1244=VECTOR('',#4154,10.);
#1245=VECTOR('',#4157,10.);
#1246=VECTOR('',#4160,10.);
#1247=VECTOR('',#4163,10.);
#1248=VECTOR('',#4166,10.);
#1249=VECTOR('',#4169,10.);
#1250=VECTOR('',#4172,10.);
#1251=VECTOR('',#4175,10.);
#1252=VECTOR('',#4178,10.);
#1253=VECTOR('',#4181,10.);
#1254=VECTOR('',#4184,10.);
#1255=VECTOR('',#4187,10.);
#1256=VECTOR('',#4190,10.);
#1257=VECTOR('',#4193,10.);
#1258=VECTOR('',#4196,10.);
#1259=VECTOR('',#4199,10.);
#1260=VECTOR('',#4204,10.);
#1261=VECTOR('',#4205,10.);
#1262=VECTOR('',#4208,10.);
#1263=VECTOR('',#4209,10.);
#1264=VECTOR('',#4210,9.99999999999999);
#1265=VECTOR('',#4211,10.);
#1266=VECTOR('',#4212,10.);
#1267=VECTOR('',#4213,10.);
#1268=VECTOR('',#4218,5.99999999999966);
#1269=VECTOR('',#4227,7.00000000000045);
#1270=VECTOR('',#4230,10.);
#1271=VECTOR('',#4231,10.);
#1272=VECTOR('',#4234,10.);
#1273=VECTOR('',#4239,10.);
#1274=VECTOR('',#4242,10.);
#1275=VERTEX_POINT('',#4247);
#1276=VERTEX_POINT('',#4248);
#1277=VERTEX_POINT('',#4250);
#1278=VERTEX_POINT('',#4252);
#1279=VERTEX_POINT('',#4256);
#1280=VERTEX_POINT('',#4257);
#1281=VERTEX_POINT('',#4259);
#1282=VERTEX_POINT('',#4261);
#1283=VERTEX_POINT('',#4265);
#1284=VERTEX_POINT('',#4267);
#1285=VERTEX_POINT('',#4271);
#1286=VERTEX_POINT('',#4272);
#1287=VERTEX_POINT('',#4274);
#1288=VERTEX_POINT('',#4276);
#1289=VERTEX_POINT('',#4278);
#1290=VERTEX_POINT('',#4280);
#1291=VERTEX_POINT('',#4282);
#1292=VERTEX_POINT('',#4284);
#1293=VERTEX_POINT('',#4286);
#1294=VERTEX_POINT('',#4288);
#1295=VERTEX_POINT('',#4290);
#1296=VERTEX_POINT('',#4292);
#1297=VERTEX_POINT('',#4294);
#1298=VERTEX_POINT('',#4296);
#1299=VERTEX_POINT('',#4298);
#1300=VERTEX_POINT('',#4300);
#1301=VERTEX_POINT('',#4302);
#1302=VERTEX_POINT('',#4304);
#1303=VERTEX_POINT('',#4306);
#1304=VERTEX_POINT('',#4308);
#1305=VERTEX_POINT('',#4310);
#1306=VERTEX_POINT('',#4312);
#1307=VERTEX_POINT('',#4314);
#1308=VERTEX_POINT('',#4316);
#1309=VERTEX_POINT('',#4318);
#1310=VERTEX_POINT('',#4320);
#1311=VERTEX_POINT('',#4322);
#1312=VERTEX_POINT('',#4324);
#1313=VERTEX_POINT('',#4326);
#1314=VERTEX_POINT('',#4328);
#1315=VERTEX_POINT('',#4330);
#1316=VERTEX_POINT('',#4332);
#1317=VERTEX_POINT('',#4334);
#1318=VERTEX_POINT('',#4336);
#1319=VERTEX_POINT('',#4338);
#1320=VERTEX_POINT('',#4340);
#1321=VERTEX_POINT('',#4342);
#1322=VERTEX_POINT('',#4344);
#1323=VERTEX_POINT('',#4346);
#1324=VERTEX_POINT('',#4348);
#1325=VERTEX_POINT('',#4350);
#1326=VERTEX_POINT('',#4352);
#1327=VERTEX_POINT('',#4354);
#1328=VERTEX_POINT('',#4356);
#1329=VERTEX_POINT('',#4358);
#1330=VERTEX_POINT('',#4360);
#1331=VERTEX_POINT('',#4362);
#1332=VERTEX_POINT('',#4364);
#1333=VERTEX_POINT('',#4366);
#1334=VERTEX_POINT('',#4368);
#1335=VERTEX_POINT('',#4370);
#1336=VERTEX_POINT('',#4372);
#1337=VERTEX_POINT('',#4374);
#1338=VERTEX_POINT('',#4376);
#1339=VERTEX_POINT('',#4378);
#1340=VERTEX_POINT('',#4380);
#1341=VERTEX_POINT('',#4382);
#1342=VERTEX_POINT('',#4384);
#1343=VERTEX_POINT('',#4386);
#1344=VERTEX_POINT('',#4388);
#1345=VERTEX_POINT('',#4390);
#1346=VERTEX_POINT('',#4392);
#1347=VERTEX_POINT('',#4394);
#1348=VERTEX_POINT('',#4396);
#1349=VERTEX_POINT('',#4398);
#1350=VERTEX_POINT('',#4400);
#1351=VERTEX_POINT('',#4402);
#1352=VERTEX_POINT('',#4404);
#1353=VERTEX_POINT('',#4406);
#1354=VERTEX_POINT('',#4408);
#1355=VERTEX_POINT('',#4410);
#1356=VERTEX_POINT('',#4412);
#1357=VERTEX_POINT('',#4414);
#1358=VERTEX_POINT('',#4416);
#1359=VERTEX_POINT('',#4418);
#1360=VERTEX_POINT('',#4420);
#1361=VERTEX_POINT('',#4422);
#1362=VERTEX_POINT('',#4424);
#1363=VERTEX_POINT('',#4426);
#1364=VERTEX_POINT('',#4428);
#1365=VERTEX_POINT('',#4430);
#1366=VERTEX_POINT('',#4432);
#1367=VERTEX_POINT('',#4434);
#1368=VERTEX_POINT('',#4436);
#1369=VERTEX_POINT('',#4438);
#1370=VERTEX_POINT('',#4440);
#1371=VERTEX_POINT('',#4442);
#1372=VERTEX_POINT('',#4444);
#1373=VERTEX_POINT('',#4447);
#1374=VERTEX_POINT('',#4449);
#1375=VERTEX_POINT('',#4451);
#1376=VERTEX_POINT('',#4453);
#1377=VERTEX_POINT('',#4455);
#1378=VERTEX_POINT('',#4457);
#1379=VERTEX_POINT('',#4459);
#1380=VERTEX_POINT('',#4461);
#1381=VERTEX_POINT('',#4463);
#1382=VERTEX_POINT('',#4465);
#1383=VERTEX_POINT('',#4468);
#1384=VERTEX_POINT('',#4469);
#1385=VERTEX_POINT('',#4471);
#1386=VERTEX_POINT('',#4473);
#1387=VERTEX_POINT('',#4475);
#1388=VERTEX_POINT('',#4477);
#1389=VERTEX_POINT('',#4479);
#1390=VERTEX_POINT('',#4481);
#1391=VERTEX_POINT('',#4483);
#1392=VERTEX_POINT('',#4485);
#1393=VERTEX_POINT('',#4487);
#1394=VERTEX_POINT('',#4490);
#1395=VERTEX_POINT('',#4491);
#1396=VERTEX_POINT('',#4493);
#1397=VERTEX_POINT('',#4495);
#1398=VERTEX_POINT('',#4497);
#1399=VERTEX_POINT('',#4499);
#1400=VERTEX_POINT('',#4501);
#1401=VERTEX_POINT('',#4503);
#1402=VERTEX_POINT('',#4505);
#1403=VERTEX_POINT('',#4507);
#1404=VERTEX_POINT('',#4510);
#1405=VERTEX_POINT('',#4512);
#1406=VERTEX_POINT('',#4514);
#1407=VERTEX_POINT('',#4516);
#1408=VERTEX_POINT('',#4518);
#1409=VERTEX_POINT('',#4520);
#1410=VERTEX_POINT('',#4522);
#1411=VERTEX_POINT('',#4524);
#1412=VERTEX_POINT('',#4526);
#1413=VERTEX_POINT('',#4530);
#1414=VERTEX_POINT('',#4532);
#1415=VERTEX_POINT('',#4536);
#1416=VERTEX_POINT('',#4540);
#1417=VERTEX_POINT('',#4544);
#1418=VERTEX_POINT('',#4546);
#1419=VERTEX_POINT('',#4550);
#1420=VERTEX_POINT('',#4554);
#1421=VERTEX_POINT('',#4558);
#1422=VERTEX_POINT('',#4559);
#1423=VERTEX_POINT('',#4561);
#1424=VERTEX_POINT('',#4563);
#1425=VERTEX_POINT('',#4565);
#1426=VERTEX_POINT('',#4567);
#1427=VERTEX_POINT('',#4571);
#1428=VERTEX_POINT('',#4572);
#1429=VERTEX_POINT('',#4574);
#1430=VERTEX_POINT('',#4576);
#1431=VERTEX_POINT('',#4578);
#1432=VERTEX_POINT('',#4580);
#1433=VERTEX_POINT('',#4582);
#1434=VERTEX_POINT('',#4584);
#1435=VERTEX_POINT('',#4586);
#1436=VERTEX_POINT('',#4589);
#1437=VERTEX_POINT('',#4598);
#1438=VERTEX_POINT('',#4600);
#1439=VERTEX_POINT('',#4602);
#1440=VERTEX_POINT('',#4605);
#1441=VERTEX_POINT('',#4609);
#1442=VERTEX_POINT('',#4613);
#1443=VERTEX_POINT('',#4617);
#1444=VERTEX_POINT('',#4619);
#1445=VERTEX_POINT('',#4621);
#1446=VERTEX_POINT('',#4623);
#1447=VERTEX_POINT('',#4628);
#1448=VERTEX_POINT('',#4629);
#1449=VERTEX_POINT('',#4631);
#1450=VERTEX_POINT('',#4634);
#1451=VERTEX_POINT('',#4637);
#1452=VERTEX_POINT('',#4641);
#1453=VERTEX_POINT('',#4642);
#1454=VERTEX_POINT('',#4645);
#1455=VERTEX_POINT('',#4648);
#1456=VERTEX_POINT('',#4653);
#1457=VERTEX_POINT('',#4655);
#1458=VERTEX_POINT('',#4657);
#1459=VERTEX_POINT('',#4659);
#1460=VERTEX_POINT('',#4661);
#1461=VERTEX_POINT('',#4663);
#1462=VERTEX_POINT('',#4665);
#1463=VERTEX_POINT('',#4667);
#1464=VERTEX_POINT('',#4669);
#1465=VERTEX_POINT('',#4671);
#1466=VERTEX_POINT('',#4673);
#1467=VERTEX_POINT('',#4675);
#1468=VERTEX_POINT('',#4677);
#1469=VERTEX_POINT('',#4679);
#1470=VERTEX_POINT('',#4681);
#1471=VERTEX_POINT('',#4683);
#1472=VERTEX_POINT('',#4685);
#1473=VERTEX_POINT('',#4687);
#1474=VERTEX_POINT('',#4689);
#1475=VERTEX_POINT('',#4691);
#1476=VERTEX_POINT('',#4693);
#1477=VERTEX_POINT('',#4695);
#1478=VERTEX_POINT('',#4697);
#1479=VERTEX_POINT('',#4699);
#1480=VERTEX_POINT('',#4701);
#1481=VERTEX_POINT('',#4703);
#1482=VERTEX_POINT('',#4705);
#1483=VERTEX_POINT('',#4707);
#1484=VERTEX_POINT('',#4709);
#1485=VERTEX_POINT('',#4711);
#1486=VERTEX_POINT('',#4713);
#1487=VERTEX_POINT('',#4715);
#1488=VERTEX_POINT('',#4717);
#1489=VERTEX_POINT('',#4719);
#1490=VERTEX_POINT('',#4721);
#1491=VERTEX_POINT('',#4723);
#1492=VERTEX_POINT('',#4725);
#1493=VERTEX_POINT('',#4727);
#1494=VERTEX_POINT('',#4729);
#1495=VERTEX_POINT('',#4731);
#1496=VERTEX_POINT('',#4733);
#1497=VERTEX_POINT('',#4735);
#1498=VERTEX_POINT('',#4737);
#1499=VERTEX_POINT('',#4739);
#1500=VERTEX_POINT('',#4741);
#1501=VERTEX_POINT('',#4743);
#1502=VERTEX_POINT('',#4745);
#1503=VERTEX_POINT('',#4747);
#1504=VERTEX_POINT('',#4749);
#1505=VERTEX_POINT('',#4751);
#1506=VERTEX_POINT('',#4753);
#1507=VERTEX_POINT('',#4755);
#1508=VERTEX_POINT('',#4757);
#1509=VERTEX_POINT('',#4759);
#1510=VERTEX_POINT('',#4761);
#1511=VERTEX_POINT('',#4763);
#1512=VERTEX_POINT('',#4765);
#1513=VERTEX_POINT('',#4767);
#1514=VERTEX_POINT('',#4769);
#1515=VERTEX_POINT('',#4771);
#1516=VERTEX_POINT('',#4773);
#1517=VERTEX_POINT('',#4775);
#1518=VERTEX_POINT('',#4777);
#1519=VERTEX_POINT('',#4779);
#1520=VERTEX_POINT('',#4781);
#1521=VERTEX_POINT('',#4783);
#1522=VERTEX_POINT('',#4785);
#1523=VERTEX_POINT('',#4787);
#1524=VERTEX_POINT('',#4789);
#1525=VERTEX_POINT('',#4791);
#1526=VERTEX_POINT('',#4793);
#1527=VERTEX_POINT('',#4795);
#1528=VERTEX_POINT('',#4797);
#1529=VERTEX_POINT('',#4799);
#1530=VERTEX_POINT('',#4801);
#1531=VERTEX_POINT('',#4803);
#1532=VERTEX_POINT('',#4805);
#1533=VERTEX_POINT('',#4807);
#1534=VERTEX_POINT('',#4809);
#1535=VERTEX_POINT('',#4811);
#1536=VERTEX_POINT('',#4813);
#1537=VERTEX_POINT('',#4815);
#1538=VERTEX_POINT('',#4817);
#1539=VERTEX_POINT('',#4819);
#1540=VERTEX_POINT('',#4822);
#1541=VERTEX_POINT('',#4824);
#1542=VERTEX_POINT('',#4826);
#1543=VERTEX_POINT('',#4828);
#1544=VERTEX_POINT('',#4830);
#1545=VERTEX_POINT('',#4832);
#1546=VERTEX_POINT('',#4834);
#1547=VERTEX_POINT('',#4836);
#1548=VERTEX_POINT('',#4838);
#1549=VERTEX_POINT('',#4841);
#1550=VERTEX_POINT('',#4843);
#1551=VERTEX_POINT('',#4845);
#1552=VERTEX_POINT('',#4847);
#1553=VERTEX_POINT('',#4849);
#1554=VERTEX_POINT('',#4851);
#1555=VERTEX_POINT('',#4853);
#1556=VERTEX_POINT('',#4855);
#1557=VERTEX_POINT('',#4857);
#1558=VERTEX_POINT('',#4860);
#1559=VERTEX_POINT('',#4862);
#1560=VERTEX_POINT('',#4864);
#1561=VERTEX_POINT('',#4866);
#1562=VERTEX_POINT('',#4868);
#1563=VERTEX_POINT('',#4870);
#1564=VERTEX_POINT('',#4873);
#1565=VERTEX_POINT('',#4875);
#1566=VERTEX_POINT('',#4877);
#1567=VERTEX_POINT('',#4879);
#1568=VERTEX_POINT('',#4881);
#1569=VERTEX_POINT('',#4883);
#1570=VERTEX_POINT('',#4885);
#1571=VERTEX_POINT('',#4890);
#1572=VERTEX_POINT('',#5130);
#1573=VERTEX_POINT('',#5134);
#1574=VERTEX_POINT('',#5136);
#1575=VERTEX_POINT('',#5138);
#1576=VERTEX_POINT('',#5140);
#1577=VERTEX_POINT('',#5142);
#1578=VERTEX_POINT('',#5145);
#1579=VERTEX_POINT('',#5148);
#1580=VERTEX_POINT('',#5152);
#1581=EDGE_CURVE('',#1275,#1276,#397,.T.);
#1582=EDGE_CURVE('',#1275,#1277,#398,.T.);
#1583=EDGE_CURVE('',#1278,#1277,#399,.T.);
#1584=EDGE_CURVE('',#1276,#1278,#400,.T.);
#1585=EDGE_CURVE('',#1279,#1280,#401,.T.);
#1586=EDGE_CURVE('',#1279,#1281,#402,.T.);
#1587=EDGE_CURVE('',#1282,#1281,#403,.T.);
#1588=EDGE_CURVE('',#1282,#1280,#404,.T.);
#1589=EDGE_CURVE('',#1283,#1279,#405,.T.);
#1590=EDGE_CURVE('',#1283,#1284,#406,.T.);
#1591=EDGE_CURVE('',#1281,#1284,#407,.T.);
#1592=EDGE_CURVE('',#1285,#1286,#408,.T.);
#1593=EDGE_CURVE('',#1286,#1287,#409,.T.);
#1594=EDGE_CURVE('',#1287,#1288,#410,.T.);
#1595=EDGE_CURVE('',#1288,#1289,#411,.T.);
#1596=EDGE_CURVE('',#1289,#1290,#412,.T.);
#1597=EDGE_CURVE('',#1290,#1291,#413,.T.);
#1598=EDGE_CURVE('',#1291,#1292,#414,.T.);
#1599=EDGE_CURVE('',#1292,#1293,#415,.T.);
#1600=EDGE_CURVE('',#1293,#1294,#416,.T.);
#1601=EDGE_CURVE('',#1294,#1295,#417,.T.);
#1602=EDGE_CURVE('',#1295,#1296,#418,.T.);
#1603=EDGE_CURVE('',#1296,#1297,#419,.T.);
#1604=EDGE_CURVE('',#1297,#1298,#420,.T.);
#1605=EDGE_CURVE('',#1298,#1299,#421,.T.);
#1606=EDGE_CURVE('',#1299,#1300,#422,.T.);
#1607=EDGE_CURVE('',#1300,#1301,#423,.T.);
#1608=EDGE_CURVE('',#1301,#1302,#424,.T.);
#1609=EDGE_CURVE('',#1302,#1303,#425,.T.);
#1610=EDGE_CURVE('',#1303,#1304,#426,.T.);
#1611=EDGE_CURVE('',#1304,#1305,#427,.T.);
#1612=EDGE_CURVE('',#1305,#1306,#428,.T.);
#1613=EDGE_CURVE('',#1306,#1307,#429,.T.);
#1614=EDGE_CURVE('',#1307,#1308,#430,.T.);
#1615=EDGE_CURVE('',#1308,#1309,#431,.T.);
#1616=EDGE_CURVE('',#1309,#1310,#432,.T.);
#1617=EDGE_CURVE('',#1310,#1311,#433,.T.);
#1618=EDGE_CURVE('',#1311,#1312,#434,.T.);
#1619=EDGE_CURVE('',#1312,#1313,#435,.T.);
#1620=EDGE_CURVE('',#1313,#1314,#436,.T.);
#1621=EDGE_CURVE('',#1314,#1315,#437,.T.);
#1622=EDGE_CURVE('',#1315,#1316,#438,.T.);
#1623=EDGE_CURVE('',#1316,#1317,#439,.T.);
#1624=EDGE_CURVE('',#1317,#1318,#440,.T.);
#1625=EDGE_CURVE('',#1318,#1319,#441,.T.);
#1626=EDGE_CURVE('',#1319,#1320,#442,.T.);
#1627=EDGE_CURVE('',#1320,#1321,#443,.T.);
#1628=EDGE_CURVE('',#1321,#1322,#444,.T.);
#1629=EDGE_CURVE('',#1322,#1323,#445,.T.);
#1630=EDGE_CURVE('',#1323,#1324,#446,.T.);
#1631=EDGE_CURVE('',#1324,#1325,#447,.T.);
#1632=EDGE_CURVE('',#1325,#1326,#448,.T.);
#1633=EDGE_CURVE('',#1326,#1327,#449,.T.);
#1634=EDGE_CURVE('',#1327,#1328,#450,.T.);
#1635=EDGE_CURVE('',#1328,#1329,#451,.T.);
#1636=EDGE_CURVE('',#1329,#1330,#452,.T.);
#1637=EDGE_CURVE('',#1330,#1331,#453,.T.);
#1638=EDGE_CURVE('',#1331,#1332,#454,.T.);
#1639=EDGE_CURVE('',#1332,#1333,#455,.T.);
#1640=EDGE_CURVE('',#1333,#1334,#456,.T.);
#1641=EDGE_CURVE('',#1334,#1335,#457,.T.);
#1642=EDGE_CURVE('',#1335,#1336,#458,.T.);
#1643=EDGE_CURVE('',#1336,#1337,#459,.T.);
#1644=EDGE_CURVE('',#1337,#1338,#460,.T.);
#1645=EDGE_CURVE('',#1338,#1339,#461,.T.);
#1646=EDGE_CURVE('',#1339,#1340,#462,.T.);
#1647=EDGE_CURVE('',#1340,#1341,#463,.T.);
#1648=EDGE_CURVE('',#1341,#1342,#464,.T.);
#1649=EDGE_CURVE('',#1342,#1343,#465,.T.);
#1650=EDGE_CURVE('',#1343,#1344,#466,.T.);
#1651=EDGE_CURVE('',#1344,#1345,#467,.T.);
#1652=EDGE_CURVE('',#1345,#1346,#468,.T.);
#1653=EDGE_CURVE('',#1346,#1347,#469,.T.);
#1654=EDGE_CURVE('',#1347,#1348,#470,.T.);
#1655=EDGE_CURVE('',#1348,#1349,#471,.T.);
#1656=EDGE_CURVE('',#1349,#1350,#472,.T.);
#1657=EDGE_CURVE('',#1350,#1351,#473,.T.);
#1658=EDGE_CURVE('',#1351,#1352,#474,.T.);
#1659=EDGE_CURVE('',#1352,#1353,#475,.T.);
#1660=EDGE_CURVE('',#1353,#1354,#476,.T.);
#1661=EDGE_CURVE('',#1354,#1355,#477,.T.);
#1662=EDGE_CURVE('',#1355,#1356,#478,.T.);
#1663=EDGE_CURVE('',#1356,#1357,#479,.T.);
#1664=EDGE_CURVE('',#1357,#1358,#480,.T.);
#1665=EDGE_CURVE('',#1358,#1359,#481,.T.);
#1666=EDGE_CURVE('',#1359,#1360,#482,.T.);
#1667=EDGE_CURVE('',#1360,#1361,#483,.T.);
#1668=EDGE_CURVE('',#1361,#1362,#484,.T.);
#1669=EDGE_CURVE('',#1362,#1363,#485,.T.);
#1670=EDGE_CURVE('',#1363,#1364,#486,.T.);
#1671=EDGE_CURVE('',#1364,#1365,#487,.T.);
#1672=EDGE_CURVE('',#1365,#1366,#488,.T.);
#1673=EDGE_CURVE('',#1366,#1367,#489,.T.);
#1674=EDGE_CURVE('',#1367,#1368,#490,.T.);
#1675=EDGE_CURVE('',#1368,#1369,#491,.T.);
#1676=EDGE_CURVE('',#1369,#1370,#492,.T.);
#1677=EDGE_CURVE('',#1370,#1371,#493,.T.);
#1678=EDGE_CURVE('',#1371,#1372,#494,.T.);
#1679=EDGE_CURVE('',#1372,#1285,#495,.T.);
#1680=EDGE_CURVE('',#1373,#1373,#47,.T.);
#1681=EDGE_CURVE('',#1374,#1283,#496,.T.);
#1682=EDGE_CURVE('',#1280,#1375,#497,.T.);
#1683=EDGE_CURVE('',#1375,#1376,#498,.T.);
#1684=EDGE_CURVE('',#1376,#1377,#499,.T.);
#1685=EDGE_CURVE('',#1377,#1378,#500,.T.);
#1686=EDGE_CURVE('',#1378,#1379,#501,.T.);
#1687=EDGE_CURVE('',#1379,#1380,#502,.T.);
#1688=EDGE_CURVE('',#1380,#1381,#503,.T.);
#1689=EDGE_CURVE('',#1381,#1382,#504,.T.);
#1690=EDGE_CURVE('',#1382,#1374,#505,.T.);
#1691=EDGE_CURVE('',#1383,#1384,#506,.T.);
#1692=EDGE_CURVE('',#1384,#1385,#507,.T.);
#1693=EDGE_CURVE('',#1385,#1386,#508,.T.);
#1694=EDGE_CURVE('',#1386,#1387,#509,.T.);
#1695=EDGE_CURVE('',#1387,#1388,#510,.T.);
#1696=EDGE_CURVE('',#1388,#1389,#511,.T.);
#1697=EDGE_CURVE('',#1389,#1390,#512,.T.);
#1698=EDGE_CURVE('',#1390,#1391,#513,.T.);
#1699=EDGE_CURVE('',#1391,#1392,#514,.T.);
#1700=EDGE_CURVE('',#1392,#1393,#515,.T.);
#1701=EDGE_CURVE('',#1393,#1383,#516,.T.);
#1702=EDGE_CURVE('',#1394,#1395,#517,.T.);
#1703=EDGE_CURVE('',#1395,#1396,#518,.T.);
#1704=EDGE_CURVE('',#1396,#1397,#519,.T.);
#1705=EDGE_CURVE('',#1397,#1398,#520,.T.);
#1706=EDGE_CURVE('',#1398,#1399,#521,.T.);
#1707=EDGE_CURVE('',#1399,#1400,#522,.T.);
#1708=EDGE_CURVE('',#1400,#1401,#523,.T.);
#1709=EDGE_CURVE('',#1401,#1402,#524,.T.);
#1710=EDGE_CURVE('',#1402,#1403,#525,.T.);
#1711=EDGE_CURVE('',#1403,#1394,#526,.T.);
#1712=EDGE_CURVE('',#1404,#1275,#527,.T.);
#1713=EDGE_CURVE('',#1276,#1405,#528,.T.);
#1714=EDGE_CURVE('',#1405,#1406,#529,.T.);
#1715=EDGE_CURVE('',#1406,#1407,#530,.T.);
#1716=EDGE_CURVE('',#1407,#1408,#531,.T.);
#1717=EDGE_CURVE('',#1408,#1409,#532,.T.);
#1718=EDGE_CURVE('',#1409,#1410,#533,.T.);
#1719=EDGE_CURVE('',#1410,#1411,#534,.T.);
#1720=EDGE_CURVE('',#1411,#1412,#535,.T.);
#1721=EDGE_CURVE('',#1412,#1404,#536,.T.);
#1722=EDGE_CURVE('',#1396,#1413,#537,.T.);
#1723=EDGE_CURVE('',#1414,#1413,#538,.T.);
#1724=EDGE_CURVE('',#1414,#1397,#539,.T.);
#1725=EDGE_CURVE('',#1395,#1415,#540,.T.);
#1726=EDGE_CURVE('',#1413,#1415,#541,.T.);
#1727=EDGE_CURVE('',#1416,#1394,#542,.T.);
#1728=EDGE_CURVE('',#1415,#1416,#543,.T.);
#1729=EDGE_CURVE('',#1385,#1417,#544,.T.);
#1730=EDGE_CURVE('',#1418,#1417,#545,.T.);
#1731=EDGE_CURVE('',#1418,#1386,#546,.T.);
#1732=EDGE_CURVE('',#1384,#1419,#547,.T.);
#1733=EDGE_CURVE('',#1417,#1419,#548,.T.);
#1734=EDGE_CURVE('',#1420,#1383,#549,.T.);
#1735=EDGE_CURVE('',#1419,#1420,#550,.T.);
#1736=EDGE_CURVE('',#1421,#1422,#551,.T.);
#1737=EDGE_CURVE('',#1422,#1423,#552,.T.);
#1738=EDGE_CURVE('',#1423,#1424,#553,.T.);
#1739=EDGE_CURVE('',#1424,#1425,#554,.T.);
#1740=EDGE_CURVE('',#1425,#1426,#555,.T.);
#1741=EDGE_CURVE('',#1426,#1421,#556,.T.);
#1742=EDGE_CURVE('',#1427,#1428,#557,.T.);
#1743=EDGE_CURVE('',#1428,#1429,#558,.T.);
#1744=EDGE_CURVE('',#1429,#1430,#559,.T.);
#1745=EDGE_CURVE('',#1430,#1431,#560,.T.);
#1746=EDGE_CURVE('',#1431,#1432,#561,.T.);
#1747=EDGE_CURVE('',#1432,#1433,#562,.T.);
#1748=EDGE_CURVE('',#1433,#1434,#563,.T.);
#1749=EDGE_CURVE('',#1434,#1435,#564,.T.);
#1750=EDGE_CURVE('',#1435,#1427,#565,.T.);
#1751=EDGE_CURVE('',#1436,#1436,#48,.T.);
#1752=EDGE_CURVE('',#1370,#1421,#566,.T.);
#1753=EDGE_CURVE('',#1426,#1371,#567,.T.);
#1754=EDGE_CURVE('',#1424,#1285,#568,.T.);
#1755=EDGE_CURVE('',#1372,#1425,#569,.T.);
#1756=EDGE_CURVE('',#1437,#1437,#49,.T.);
#1757=EDGE_CURVE('',#1438,#1438,#50,.T.);
#1758=EDGE_CURVE('',#1439,#1439,#51,.T.);
#1759=EDGE_CURVE('',#1437,#1440,#570,.T.);
#1760=EDGE_CURVE('',#1440,#1440,#15,.T.);
#1761=EDGE_CURVE('',#1438,#1441,#571,.T.);
#1762=EDGE_CURVE('',#1441,#1441,#16,.T.);
#1763=EDGE_CURVE('',#1439,#1442,#572,.T.);
#1764=EDGE_CURVE('',#1442,#1442,#17,.T.);
#1765=EDGE_CURVE('',#1435,#1443,#573,.T.);
#1766=EDGE_CURVE('',#1444,#1443,#574,.T.);
#1767=EDGE_CURVE('',#1445,#1444,#575,.T.);
#1768=EDGE_CURVE('',#1445,#1446,#576,.T.);
#1769=EDGE_CURVE('',#1446,#1286,#577,.T.);
#1770=EDGE_CURVE('',#1427,#1423,#578,.T.);
#1771=EDGE_CURVE('',#1447,#1448,#52,.T.);
#1772=EDGE_CURVE('',#1447,#1449,#53,.T.);
#1773=EDGE_CURVE('',#1448,#1449,#54,.T.);
#1774=EDGE_CURVE('',#1450,#1450,#55,.T.);
#1775=EDGE_CURVE('',#1451,#1451,#56,.T.);
#1776=EDGE_CURVE('',#1451,#1450,#579,.T.);
#1777=EDGE_CURVE('',#1452,#1453,#57,.T.);
#1778=EDGE_CURVE('',#1449,#1452,#580,.T.);
#1779=EDGE_CURVE('',#1454,#1447,#581,.T.);
#1780=EDGE_CURVE('',#1453,#1454,#58,.T.);
#1781=EDGE_CURVE('',#1453,#1455,#582,.T.);
#1782=EDGE_CURVE('',#1455,#1455,#59,.T.);
#1783=EDGE_CURVE('',#1445,#1456,#583,.T.);
#1784=EDGE_CURVE('',#1457,#1456,#584,.T.);
#1785=EDGE_CURVE('',#1458,#1457,#585,.T.);
#1786=EDGE_CURVE('',#1459,#1458,#586,.T.);
#1787=EDGE_CURVE('',#1460,#1459,#587,.T.);
#1788=EDGE_CURVE('',#1461,#1460,#588,.T.);
#1789=EDGE_CURVE('',#1462,#1461,#589,.T.);
#1790=EDGE_CURVE('',#1463,#1462,#590,.T.);
#1791=EDGE_CURVE('',#1464,#1463,#591,.T.);
#1792=EDGE_CURVE('',#1465,#1464,#592,.T.);
#1793=EDGE_CURVE('',#1466,#1465,#593,.T.);
#1794=EDGE_CURVE('',#1467,#1466,#594,.T.);
#1795=EDGE_CURVE('',#1468,#1467,#595,.T.);
#1796=EDGE_CURVE('',#1469,#1468,#596,.T.);
#1797=EDGE_CURVE('',#1470,#1469,#597,.T.);
#1798=EDGE_CURVE('',#1471,#1470,#598,.T.);
#1799=EDGE_CURVE('',#1472,#1471,#599,.T.);
#1800=EDGE_CURVE('',#1473,#1472,#600,.T.);
#1801=EDGE_CURVE('',#1474,#1473,#601,.T.);
#1802=EDGE_CURVE('',#1475,#1474,#602,.T.);
#1803=EDGE_CURVE('',#1476,#1475,#603,.T.);
#1804=EDGE_CURVE('',#1477,#1476,#604,.T.);
#1805=EDGE_CURVE('',#1478,#1477,#605,.T.);
#1806=EDGE_CURVE('',#1479,#1478,#606,.T.);
#1807=EDGE_CURVE('',#1480,#1479,#607,.T.);
#1808=EDGE_CURVE('',#1481,#1480,#608,.T.);
#1809=EDGE_CURVE('',#1482,#1481,#609,.T.);
#1810=EDGE_CURVE('',#1483,#1482,#610,.T.);
#1811=EDGE_CURVE('',#1484,#1483,#611,.T.);
#1812=EDGE_CURVE('',#1485,#1484,#612,.T.);
#1813=EDGE_CURVE('',#1486,#1485,#613,.T.);
#1814=EDGE_CURVE('',#1487,#1486,#614,.T.);
#1815=EDGE_CURVE('',#1488,#1487,#615,.T.);
#1816=EDGE_CURVE('',#1489,#1488,#616,.T.);
#1817=EDGE_CURVE('',#1490,#1489,#617,.T.);
#1818=EDGE_CURVE('',#1491,#1490,#618,.T.);
#1819=EDGE_CURVE('',#1492,#1491,#619,.T.);
#1820=EDGE_CURVE('',#1493,#1492,#620,.T.);
#1821=EDGE_CURVE('',#1494,#1493,#621,.T.);
#1822=EDGE_CURVE('',#1495,#1494,#622,.T.);
#1823=EDGE_CURVE('',#1496,#1495,#623,.T.);
#1824=EDGE_CURVE('',#1497,#1496,#624,.T.);
#1825=EDGE_CURVE('',#1498,#1497,#625,.T.);
#1826=EDGE_CURVE('',#1499,#1498,#626,.T.);
#1827=EDGE_CURVE('',#1500,#1499,#627,.T.);
#1828=EDGE_CURVE('',#1501,#1500,#628,.T.);
#1829=EDGE_CURVE('',#1502,#1501,#629,.T.);
#1830=EDGE_CURVE('',#1503,#1502,#630,.T.);
#1831=EDGE_CURVE('',#1504,#1503,#631,.T.);
#1832=EDGE_CURVE('',#1505,#1504,#632,.T.);
#1833=EDGE_CURVE('',#1506,#1505,#633,.T.);
#1834=EDGE_CURVE('',#1507,#1506,#634,.T.);
#1835=EDGE_CURVE('',#1508,#1507,#635,.T.);
#1836=EDGE_CURVE('',#1509,#1508,#636,.T.);
#1837=EDGE_CURVE('',#1510,#1509,#637,.T.);
#1838=EDGE_CURVE('',#1511,#1510,#638,.T.);
#1839=EDGE_CURVE('',#1512,#1511,#639,.T.);
#1840=EDGE_CURVE('',#1513,#1512,#640,.T.);
#1841=EDGE_CURVE('',#1514,#1513,#641,.T.);
#1842=EDGE_CURVE('',#1515,#1514,#642,.T.);
#1843=EDGE_CURVE('',#1516,#1515,#643,.T.);
#1844=EDGE_CURVE('',#1517,#1516,#644,.T.);
#1845=EDGE_CURVE('',#1518,#1517,#645,.T.);
#1846=EDGE_CURVE('',#1519,#1518,#646,.T.);
#1847=EDGE_CURVE('',#1520,#1519,#647,.T.);
#1848=EDGE_CURVE('',#1521,#1520,#648,.T.);
#1849=EDGE_CURVE('',#1522,#1521,#649,.T.);
#1850=EDGE_CURVE('',#1523,#1522,#650,.T.);
#1851=EDGE_CURVE('',#1524,#1523,#651,.T.);
#1852=EDGE_CURVE('',#1525,#1524,#652,.T.);
#1853=EDGE_CURVE('',#1526,#1525,#653,.T.);
#1854=EDGE_CURVE('',#1527,#1526,#654,.T.);
#1855=EDGE_CURVE('',#1528,#1527,#655,.T.);
#1856=EDGE_CURVE('',#1529,#1528,#656,.T.);
#1857=EDGE_CURVE('',#1530,#1529,#657,.T.);
#1858=EDGE_CURVE('',#1531,#1530,#658,.T.);
#1859=EDGE_CURVE('',#1532,#1531,#659,.T.);
#1860=EDGE_CURVE('',#1533,#1532,#660,.T.);
#1861=EDGE_CURVE('',#1534,#1533,#661,.T.);
#1862=EDGE_CURVE('',#1535,#1534,#662,.T.);
#1863=EDGE_CURVE('',#1536,#1535,#663,.T.);
#1864=EDGE_CURVE('',#1537,#1536,#664,.T.);
#1865=EDGE_CURVE('',#1538,#1537,#665,.T.);
#1866=EDGE_CURVE('',#1539,#1538,#666,.T.);
#1867=EDGE_CURVE('',#1446,#1539,#667,.T.);
#1868=EDGE_CURVE('',#1277,#1540,#668,.T.);
#1869=EDGE_CURVE('',#1541,#1540,#669,.T.);
#1870=EDGE_CURVE('',#1542,#1541,#670,.T.);
#1871=EDGE_CURVE('',#1543,#1542,#671,.T.);
#1872=EDGE_CURVE('',#1544,#1543,#672,.T.);
#1873=EDGE_CURVE('',#1545,#1544,#673,.T.);
#1874=EDGE_CURVE('',#1546,#1545,#674,.T.);
#1875=EDGE_CURVE('',#1547,#1546,#675,.T.);
#1876=EDGE_CURVE('',#1548,#1547,#676,.T.);
#1877=EDGE_CURVE('',#1548,#1278,#677,.T.);
#1878=EDGE_CURVE('',#1284,#1549,#678,.T.);
#1879=EDGE_CURVE('',#1550,#1549,#679,.T.);
#1880=EDGE_CURVE('',#1551,#1550,#680,.T.);
#1881=EDGE_CURVE('',#1552,#1551,#681,.T.);
#1882=EDGE_CURVE('',#1553,#1552,#682,.T.);
#1883=EDGE_CURVE('',#1554,#1553,#683,.T.);
#1884=EDGE_CURVE('',#1555,#1554,#684,.T.);
#1885=EDGE_CURVE('',#1556,#1555,#685,.T.);
#1886=EDGE_CURVE('',#1557,#1556,#686,.T.);
#1887=EDGE_CURVE('',#1282,#1557,#687,.T.);
#1888=EDGE_CURVE('',#1558,#1416,#688,.T.);
#1889=EDGE_CURVE('',#1559,#1558,#689,.T.);
#1890=EDGE_CURVE('',#1560,#1559,#690,.T.);
#1891=EDGE_CURVE('',#1561,#1560,#691,.T.);
#1892=EDGE_CURVE('',#1562,#1561,#692,.T.);
#1893=EDGE_CURVE('',#1563,#1562,#693,.T.);
#1894=EDGE_CURVE('',#1414,#1563,#694,.T.);
#1895=EDGE_CURVE('',#1564,#1420,#695,.T.);
#1896=EDGE_CURVE('',#1565,#1564,#696,.T.);
#1897=EDGE_CURVE('',#1566,#1565,#697,.T.);
#1898=EDGE_CURVE('',#1567,#1566,#698,.T.);
#1899=EDGE_CURVE('',#1568,#1567,#699,.T.);
#1900=EDGE_CURVE('',#1569,#1568,#700,.T.);
#1901=EDGE_CURVE('',#1570,#1569,#701,.T.);
#1902=EDGE_CURVE('',#1418,#1570,#702,.T.);
#1903=EDGE_CURVE('',#1452,#1454,#60,.T.);
#1904=EDGE_CURVE('',#1571,#1428,#703,.T.);
#1905=EDGE_CURVE('',#1456,#1422,#704,.T.);
#1906=EDGE_CURVE('',#1571,#1444,#705,.T.);
#1907=EDGE_CURVE('',#1540,#1404,#706,.T.);
#1908=EDGE_CURVE('',#1541,#1412,#707,.T.);
#1909=EDGE_CURVE('',#1542,#1411,#708,.T.);
#1910=EDGE_CURVE('',#1543,#1410,#709,.T.);
#1911=EDGE_CURVE('',#1544,#1409,#710,.T.);
#1912=EDGE_CURVE('',#1545,#1408,#711,.T.);
#1913=EDGE_CURVE('',#1546,#1407,#712,.T.);
#1914=EDGE_CURVE('',#1547,#1406,#713,.T.);
#1915=EDGE_CURVE('',#1548,#1405,#714,.T.);
#1916=EDGE_CURVE('',#1559,#1402,#715,.T.);
#1917=EDGE_CURVE('',#1560,#1401,#716,.T.);
#1918=EDGE_CURVE('',#1561,#1400,#717,.T.);
#1919=EDGE_CURVE('',#1562,#1399,#718,.T.);
#1920=EDGE_CURVE('',#1563,#1398,#719,.T.);
#1921=EDGE_CURVE('',#1558,#1403,#720,.T.);
#1922=EDGE_CURVE('',#1564,#1393,#721,.T.);
#1923=EDGE_CURVE('',#1565,#1392,#722,.T.);
#1924=EDGE_CURVE('',#1566,#1391,#723,.T.);
#1925=EDGE_CURVE('',#1567,#1390,#724,.T.);
#1926=EDGE_CURVE('',#1568,#1389,#725,.T.);
#1927=EDGE_CURVE('',#1569,#1388,#726,.T.);
#1928=EDGE_CURVE('',#1570,#1387,#727,.T.);
#1929=EDGE_CURVE('',#1552,#1380,#728,.T.);
#1930=EDGE_CURVE('',#1553,#1379,#729,.T.);
#1931=EDGE_CURVE('',#1554,#1378,#730,.T.);
#1932=EDGE_CURVE('',#1555,#1377,#731,.T.);
#1933=EDGE_CURVE('',#1556,#1376,#732,.T.);
#1934=EDGE_CURVE('',#1557,#1375,#733,.T.);
#1935=EDGE_CURVE('',#1549,#1374,#734,.T.);
#1936=EDGE_CURVE('',#1550,#1382,#735,.T.);
#1937=EDGE_CURVE('',#1551,#1381,#736,.T.);
#1938=EDGE_CURVE('',#1448,#1373,#737,.T.);
#1939=EDGE_CURVE('',#1457,#1369,#738,.T.);
#1940=EDGE_CURVE('',#1458,#1368,#739,.T.);
#1941=EDGE_CURVE('',#1459,#1367,#740,.T.);
#1942=EDGE_CURVE('',#1460,#1366,#741,.T.);
#1943=EDGE_CURVE('',#1461,#1365,#742,.T.);
#1944=EDGE_CURVE('',#1462,#1364,#743,.T.);
#1945=EDGE_CURVE('',#1463,#1363,#744,.T.);
#1946=EDGE_CURVE('',#1464,#1362,#745,.T.);
#1947=EDGE_CURVE('',#1465,#1361,#746,.T.);
#1948=EDGE_CURVE('',#1466,#1360,#747,.T.);
#1949=EDGE_CURVE('',#1467,#1359,#748,.T.);
#1950=EDGE_CURVE('',#1468,#1358,#749,.T.);
#1951=EDGE_CURVE('',#1469,#1357,#750,.T.);
#1952=EDGE_CURVE('',#1470,#1356,#751,.T.);
#1953=EDGE_CURVE('',#1471,#1355,#752,.T.);
#1954=EDGE_CURVE('',#1472,#1354,#753,.T.);
#1955=EDGE_CURVE('',#1473,#1353,#754,.T.);
#1956=EDGE_CURVE('',#1474,#1352,#755,.T.);
#1957=EDGE_CURVE('',#1475,#1351,#756,.T.);
#1958=EDGE_CURVE('',#1476,#1350,#757,.T.);
#1959=EDGE_CURVE('',#1477,#1349,#758,.T.);
#1960=EDGE_CURVE('',#1478,#1348,#759,.T.);
#1961=EDGE_CURVE('',#1479,#1347,#760,.T.);
#1962=EDGE_CURVE('',#1480,#1346,#761,.T.);
#1963=EDGE_CURVE('',#1481,#1345,#762,.T.);
#1964=EDGE_CURVE('',#1482,#1344,#763,.T.);
#1965=EDGE_CURVE('',#1483,#1343,#764,.T.);
#1966=EDGE_CURVE('',#1484,#1342,#765,.T.);
#1967=EDGE_CURVE('',#1485,#1341,#766,.T.);
#1968=EDGE_CURVE('',#1486,#1340,#767,.T.);
#1969=EDGE_CURVE('',#1487,#1339,#768,.T.);
#1970=EDGE_CURVE('',#1488,#1338,#769,.T.);
#1971=EDGE_CURVE('',#1489,#1337,#770,.T.);
#1972=EDGE_CURVE('',#1490,#1336,#771,.T.);
#1973=EDGE_CURVE('',#1491,#1335,#772,.T.);
#1974=EDGE_CURVE('',#1492,#1334,#773,.T.);
#1975=EDGE_CURVE('',#1493,#1333,#774,.T.);
#1976=EDGE_CURVE('',#1494,#1332,#775,.T.);
#1977=EDGE_CURVE('',#1495,#1331,#776,.T.);
#1978=EDGE_CURVE('',#1496,#1330,#777,.T.);
#1979=EDGE_CURVE('',#1497,#1329,#778,.T.);
#1980=EDGE_CURVE('',#1498,#1328,#779,.T.);
#1981=EDGE_CURVE('',#1499,#1327,#780,.T.);
#1982=EDGE_CURVE('',#1500,#1326,#781,.T.);
#1983=EDGE_CURVE('',#1501,#1325,#782,.T.);
#1984=EDGE_CURVE('',#1502,#1324,#783,.T.);
#1985=EDGE_CURVE('',#1503,#1323,#784,.T.);
#1986=EDGE_CURVE('',#1504,#1322,#785,.T.);
#1987=EDGE_CURVE('',#1505,#1321,#786,.T.);
#1988=EDGE_CURVE('',#1506,#1320,#787,.T.);
#1989=EDGE_CURVE('',#1507,#1319,#788,.T.);
#1990=EDGE_CURVE('',#1508,#1318,#789,.T.);
#1991=EDGE_CURVE('',#1509,#1317,#790,.T.);
#1992=EDGE_CURVE('',#1510,#1316,#791,.T.);
#1993=EDGE_CURVE('',#1511,#1315,#792,.T.);
#1994=EDGE_CURVE('',#1512,#1314,#793,.T.);
#1995=EDGE_CURVE('',#1513,#1313,#794,.T.);
#1996=EDGE_CURVE('',#1514,#1312,#795,.T.);
#1997=EDGE_CURVE('',#1515,#1311,#796,.T.);
#1998=EDGE_CURVE('',#1516,#1310,#797,.T.);
#1999=EDGE_CURVE('',#1517,#1309,#798,.T.);
#2000=EDGE_CURVE('',#1518,#1308,#799,.T.);
#2001=EDGE_CURVE('',#1519,#1307,#800,.T.);
#2002=EDGE_CURVE('',#1520,#1306,#801,.T.);
#2003=EDGE_CURVE('',#1521,#1305,#802,.T.);
#2004=EDGE_CURVE('',#1522,#1304,#803,.T.);
#2005=EDGE_CURVE('',#1523,#1303,#804,.T.);
#2006=EDGE_CURVE('',#1524,#1302,#805,.T.);
#2007=EDGE_CURVE('',#1525,#1301,#806,.T.);
#2008=EDGE_CURVE('',#1526,#1300,#807,.T.);
#2009=EDGE_CURVE('',#1527,#1299,#808,.T.);
#2010=EDGE_CURVE('',#1528,#1298,#809,.T.);
#2011=EDGE_CURVE('',#1529,#1297,#810,.T.);
#2012=EDGE_CURVE('',#1530,#1296,#811,.T.);
#2013=EDGE_CURVE('',#1531,#1295,#812,.T.);
#2014=EDGE_CURVE('',#1532,#1294,#813,.T.);
#2015=EDGE_CURVE('',#1533,#1293,#814,.T.);
#2016=EDGE_CURVE('',#1534,#1292,#815,.T.);
#2017=EDGE_CURVE('',#1535,#1291,#816,.T.);
#2018=EDGE_CURVE('',#1536,#1290,#817,.T.);
#2019=EDGE_CURVE('',#1537,#1289,#818,.T.);
#2020=EDGE_CURVE('',#1538,#1288,#819,.T.);
#2021=EDGE_CURVE('',#1539,#1287,#820,.T.);
#2022=EDGE_CURVE('',#1572,#1571,#821,.T.);
#2023=EDGE_CURVE('',#1429,#1572,#822,.T.);
#2024=EDGE_CURVE('',#1443,#1573,#823,.T.);
#2025=EDGE_CURVE('',#1573,#1574,#824,.T.);
#2026=EDGE_CURVE('',#1574,#1575,#825,.T.);
#2027=EDGE_CURVE('',#1575,#1576,#826,.T.);
#2028=EDGE_CURVE('',#1576,#1577,#827,.T.);
#2029=EDGE_CURVE('',#1577,#1572,#828,.T.);
#2030=EDGE_CURVE('',#1578,#1578,#61,.T.);
#2031=EDGE_CURVE('',#1436,#1579,#829,.T.);
#2032=EDGE_CURVE('',#1579,#1579,#62,.T.);
#2033=EDGE_CURVE('',#1580,#1580,#63,.T.);
#2034=EDGE_CURVE('',#1580,#1578,#830,.T.);
#2035=EDGE_CURVE('',#1432,#1575,#831,.T.);
#2036=EDGE_CURVE('',#1574,#1433,#832,.T.);
#2037=EDGE_CURVE('',#1573,#1434,#833,.T.);
#2038=EDGE_CURVE('',#1577,#1430,#834,.T.);
#2039=EDGE_CURVE('',#1576,#1431,#835,.T.);
#2040=ORIENTED_EDGE('',*,*,#1581,.F.);
#2041=ORIENTED_EDGE('',*,*,#1582,.T.);
#2042=ORIENTED_EDGE('',*,*,#1583,.F.);
#2043=ORIENTED_EDGE('',*,*,#1584,.F.);
#2044=ORIENTED_EDGE('',*,*,#1585,.F.);
#2045=ORIENTED_EDGE('',*,*,#1586,.T.);
#2046=ORIENTED_EDGE('',*,*,#1587,.F.);
#2047=ORIENTED_EDGE('',*,*,#1588,.T.);
#2048=ORIENTED_EDGE('',*,*,#1589,.F.);
#2049=ORIENTED_EDGE('',*,*,#1590,.T.);
#2050=ORIENTED_EDGE('',*,*,#1591,.F.);
#2051=ORIENTED_EDGE('',*,*,#1586,.F.);
#2052=ORIENTED_EDGE('',*,*,#1592,.T.);
#2053=ORIENTED_EDGE('',*,*,#1593,.T.);
#2054=ORIENTED_EDGE('',*,*,#1594,.T.);
#2055=ORIENTED_EDGE('',*,*,#1595,.T.);
#2056=ORIENTED_EDGE('',*,*,#1596,.T.);
#2057=ORIENTED_EDGE('',*,*,#1597,.T.);
#2058=ORIENTED_EDGE('',*,*,#1598,.T.);
#2059=ORIENTED_EDGE('',*,*,#1599,.T.);
#2060=ORIENTED_EDGE('',*,*,#1600,.T.);
#2061=ORIENTED_EDGE('',*,*,#1601,.T.);
#2062=ORIENTED_EDGE('',*,*,#1602,.T.);
#2063=ORIENTED_EDGE('',*,*,#1603,.T.);
#2064=ORIENTED_EDGE('',*,*,#1604,.T.);
#2065=ORIENTED_EDGE('',*,*,#1605,.T.);
#2066=ORIENTED_EDGE('',*,*,#1606,.T.);
#2067=ORIENTED_EDGE('',*,*,#1607,.T.);
#2068=ORIENTED_EDGE('',*,*,#1608,.T.);
#2069=ORIENTED_EDGE('',*,*,#1609,.T.);
#2070=ORIENTED_EDGE('',*,*,#1610,.T.);
#2071=ORIENTED_EDGE('',*,*,#1611,.T.);
#2072=ORIENTED_EDGE('',*,*,#1612,.T.);
#2073=ORIENTED_EDGE('',*,*,#1613,.T.);
#2074=ORIENTED_EDGE('',*,*,#1614,.T.);
#2075=ORIENTED_EDGE('',*,*,#1615,.T.);
#2076=ORIENTED_EDGE('',*,*,#1616,.T.);
#2077=ORIENTED_EDGE('',*,*,#1617,.T.);
#2078=ORIENTED_EDGE('',*,*,#1618,.T.);
#2079=ORIENTED_EDGE('',*,*,#1619,.T.);
#2080=ORIENTED_EDGE('',*,*,#1620,.T.);
#2081=ORIENTED_EDGE('',*,*,#1621,.T.);
#2082=ORIENTED_EDGE('',*,*,#1622,.T.);
#2083=ORIENTED_EDGE('',*,*,#1623,.T.);
#2084=ORIENTED_EDGE('',*,*,#1624,.T.);
#2085=ORIENTED_EDGE('',*,*,#1625,.T.);
#2086=ORIENTED_EDGE('',*,*,#1626,.T.);
#2087=ORIENTED_EDGE('',*,*,#1627,.T.);
#2088=ORIENTED_EDGE('',*,*,#1628,.T.);
#2089=ORIENTED_EDGE('',*,*,#1629,.T.);
#2090=ORIENTED_EDGE('',*,*,#1630,.T.);
#2091=ORIENTED_EDGE('',*,*,#1631,.T.);
#2092=ORIENTED_EDGE('',*,*,#1632,.T.);
#2093=ORIENTED_EDGE('',*,*,#1633,.T.);
#2094=ORIENTED_EDGE('',*,*,#1634,.T.);
#2095=ORIENTED_EDGE('',*,*,#1635,.T.);
#2096=ORIENTED_EDGE('',*,*,#1636,.T.);
#2097=ORIENTED_EDGE('',*,*,#1637,.T.);
#2098=ORIENTED_EDGE('',*,*,#1638,.T.);
#2099=ORIENTED_EDGE('',*,*,#1639,.T.);
#2100=ORIENTED_EDGE('',*,*,#1640,.T.);
#2101=ORIENTED_EDGE('',*,*,#1641,.T.);
#2102=ORIENTED_EDGE('',*,*,#1642,.T.);
#2103=ORIENTED_EDGE('',*,*,#1643,.T.);
#2104=ORIENTED_EDGE('',*,*,#1644,.T.);
#2105=ORIENTED_EDGE('',*,*,#1645,.T.);
#2106=ORIENTED_EDGE('',*,*,#1646,.T.);
#2107=ORIENTED_EDGE('',*,*,#1647,.T.);
#2108=ORIENTED_EDGE('',*,*,#1648,.T.);
#2109=ORIENTED_EDGE('',*,*,#1649,.T.);
#2110=ORIENTED_EDGE('',*,*,#1650,.T.);
#2111=ORIENTED_EDGE('',*,*,#1651,.T.);
#2112=ORIENTED_EDGE('',*,*,#1652,.T.);
#2113=ORIENTED_EDGE('',*,*,#1653,.T.);
#2114=ORIENTED_EDGE('',*,*,#1654,.T.);
#2115=ORIENTED_EDGE('',*,*,#1655,.T.);
#2116=ORIENTED_EDGE('',*,*,#1656,.T.);
#2117=ORIENTED_EDGE('',*,*,#1657,.T.);
#2118=ORIENTED_EDGE('',*,*,#1658,.T.);
#2119=ORIENTED_EDGE('',*,*,#1659,.T.);
#2120=ORIENTED_EDGE('',*,*,#1660,.T.);
#2121=ORIENTED_EDGE('',*,*,#1661,.T.);
#2122=ORIENTED_EDGE('',*,*,#1662,.T.);
#2123=ORIENTED_EDGE('',*,*,#1663,.T.);
#2124=ORIENTED_EDGE('',*,*,#1664,.T.);
#2125=ORIENTED_EDGE('',*,*,#1665,.T.);
#2126=ORIENTED_EDGE('',*,*,#1666,.T.);
#2127=ORIENTED_EDGE('',*,*,#1667,.T.);
#2128=ORIENTED_EDGE('',*,*,#1668,.T.);
#2129=ORIENTED_EDGE('',*,*,#1669,.T.);
#2130=ORIENTED_EDGE('',*,*,#1670,.T.);
#2131=ORIENTED_EDGE('',*,*,#1671,.T.);
#2132=ORIENTED_EDGE('',*,*,#1672,.T.);
#2133=ORIENTED_EDGE('',*,*,#1673,.T.);
#2134=ORIENTED_EDGE('',*,*,#1674,.T.);
#2135=ORIENTED_EDGE('',*,*,#1675,.T.);
#2136=ORIENTED_EDGE('',*,*,#1676,.T.);
#2137=ORIENTED_EDGE('',*,*,#1677,.T.);
#2138=ORIENTED_EDGE('',*,*,#1678,.T.);
#2139=ORIENTED_EDGE('',*,*,#1679,.T.);
#2140=ORIENTED_EDGE('',*,*,#1680,.T.);
#2141=ORIENTED_EDGE('',*,*,#1681,.T.);
#2142=ORIENTED_EDGE('',*,*,#1589,.T.);
#2143=ORIENTED_EDGE('',*,*,#1585,.T.);
#2144=ORIENTED_EDGE('',*,*,#1682,.T.);
#2145=ORIENTED_EDGE('',*,*,#1683,.T.);
#2146=ORIENTED_EDGE('',*,*,#1684,.T.);
#2147=ORIENTED_EDGE('',*,*,#1685,.T.);
#2148=ORIENTED_EDGE('',*,*,#1686,.T.);
#2149=ORIENTED_EDGE('',*,*,#1687,.T.);
#2150=ORIENTED_EDGE('',*,*,#1688,.T.);
#2151=ORIENTED_EDGE('',*,*,#1689,.T.);
#2152=ORIENTED_EDGE('',*,*,#1690,.T.);
#2153=ORIENTED_EDGE('',*,*,#1691,.T.);
#2154=ORIENTED_EDGE('',*,*,#1692,.T.);
#2155=ORIENTED_EDGE('',*,*,#1693,.T.);
#2156=ORIENTED_EDGE('',*,*,#1694,.T.);
#2157=ORIENTED_EDGE('',*,*,#1695,.T.);
#2158=ORIENTED_EDGE('',*,*,#1696,.T.);
#2159=ORIENTED_EDGE('',*,*,#1697,.T.);
#2160=ORIENTED_EDGE('',*,*,#1698,.T.);
#2161=ORIENTED_EDGE('',*,*,#1699,.T.);
#2162=ORIENTED_EDGE('',*,*,#1700,.T.);
#2163=ORIENTED_EDGE('',*,*,#1701,.T.);
#2164=ORIENTED_EDGE('',*,*,#1702,.T.);
#2165=ORIENTED_EDGE('',*,*,#1703,.T.);
#2166=ORIENTED_EDGE('',*,*,#1704,.T.);
#2167=ORIENTED_EDGE('',*,*,#1705,.T.);
#2168=ORIENTED_EDGE('',*,*,#1706,.T.);
#2169=ORIENTED_EDGE('',*,*,#1707,.T.);
#2170=ORIENTED_EDGE('',*,*,#1708,.T.);
#2171=ORIENTED_EDGE('',*,*,#1709,.T.);
#2172=ORIENTED_EDGE('',*,*,#1710,.T.);
#2173=ORIENTED_EDGE('',*,*,#1711,.T.);
#2174=ORIENTED_EDGE('',*,*,#1712,.T.);
#2175=ORIENTED_EDGE('',*,*,#1581,.T.);
#2176=ORIENTED_EDGE('',*,*,#1713,.T.);
#2177=ORIENTED_EDGE('',*,*,#1714,.T.);
#2178=ORIENTED_EDGE('',*,*,#1715,.T.);
#2179=ORIENTED_EDGE('',*,*,#1716,.T.);
#2180=ORIENTED_EDGE('',*,*,#1717,.T.);
#2181=ORIENTED_EDGE('',*,*,#1718,.T.);
#2182=ORIENTED_EDGE('',*,*,#1719,.T.);
#2183=ORIENTED_EDGE('',*,*,#1720,.T.);
#2184=ORIENTED_EDGE('',*,*,#1721,.T.);
#2185=ORIENTED_EDGE('',*,*,#1704,.F.);
#2186=ORIENTED_EDGE('',*,*,#1722,.T.);
#2187=ORIENTED_EDGE('',*,*,#1723,.F.);
#2188=ORIENTED_EDGE('',*,*,#1724,.T.);
#2189=ORIENTED_EDGE('',*,*,#1703,.F.);
#2190=ORIENTED_EDGE('',*,*,#1725,.T.);
#2191=ORIENTED_EDGE('',*,*,#1726,.F.);
#2192=ORIENTED_EDGE('',*,*,#1722,.F.);
#2193=ORIENTED_EDGE('',*,*,#1702,.F.);
#2194=ORIENTED_EDGE('',*,*,#1727,.F.);
#2195=ORIENTED_EDGE('',*,*,#1728,.F.);
#2196=ORIENTED_EDGE('',*,*,#1725,.F.);
#2197=ORIENTED_EDGE('',*,*,#1693,.F.);
#2198=ORIENTED_EDGE('',*,*,#1729,.T.);
#2199=ORIENTED_EDGE('',*,*,#1730,.F.);
#2200=ORIENTED_EDGE('',*,*,#1731,.T.);
#2201=ORIENTED_EDGE('',*,*,#1692,.F.);
#2202=ORIENTED_EDGE('',*,*,#1732,.T.);
#2203=ORIENTED_EDGE('',*,*,#1733,.F.);
#2204=ORIENTED_EDGE('',*,*,#1729,.F.);
#2205=ORIENTED_EDGE('',*,*,#1691,.F.);
#2206=ORIENTED_EDGE('',*,*,#1734,.F.);
#2207=ORIENTED_EDGE('',*,*,#1735,.F.);
#2208=ORIENTED_EDGE('',*,*,#1732,.F.);
#2209=ORIENTED_EDGE('',*,*,#1736,.T.);
#2210=ORIENTED_EDGE('',*,*,#1737,.T.);
#2211=ORIENTED_EDGE('',*,*,#1738,.T.);
#2212=ORIENTED_EDGE('',*,*,#1739,.T.);
#2213=ORIENTED_EDGE('',*,*,#1740,.T.);
#2214=ORIENTED_EDGE('',*,*,#1741,.T.);
#2215=ORIENTED_EDGE('',*,*,#1742,.T.);
#2216=ORIENTED_EDGE('',*,*,#1743,.T.);
#2217=ORIENTED_EDGE('',*,*,#1744,.T.);
#2218=ORIENTED_EDGE('',*,*,#1745,.T.);
#2219=ORIENTED_EDGE('',*,*,#1746,.T.);
#2220=ORIENTED_EDGE('',*,*,#1747,.T.);
#2221=ORIENTED_EDGE('',*,*,#1748,.T.);
#2222=ORIENTED_EDGE('',*,*,#1749,.T.);
#2223=ORIENTED_EDGE('',*,*,#1750,.T.);
#2224=ORIENTED_EDGE('',*,*,#1751,.T.);
#2225=ORIENTED_EDGE('',*,*,#1752,.T.);
#2226=ORIENTED_EDGE('',*,*,#1741,.F.);
#2227=ORIENTED_EDGE('',*,*,#1753,.T.);
#2228=ORIENTED_EDGE('',*,*,#1677,.F.);
#2229=ORIENTED_EDGE('',*,*,#1754,.T.);
#2230=ORIENTED_EDGE('',*,*,#1679,.F.);
#2231=ORIENTED_EDGE('',*,*,#1755,.T.);
#2232=ORIENTED_EDGE('',*,*,#1739,.F.);
#2233=ORIENTED_EDGE('',*,*,#1755,.F.);
#2234=ORIENTED_EDGE('',*,*,#1678,.F.);
#2235=ORIENTED_EDGE('',*,*,#1753,.F.);
#2236=ORIENTED_EDGE('',*,*,#1740,.F.);
#2237=ORIENTED_EDGE('',*,*,#1756,.T.);
#2238=ORIENTED_EDGE('',*,*,#1757,.T.);
#2239=ORIENTED_EDGE('',*,*,#1758,.T.);
#2240=ORIENTED_EDGE('',*,*,#1756,.F.);
#2241=ORIENTED_EDGE('',*,*,#1759,.T.);
#2242=ORIENTED_EDGE('',*,*,#1760,.F.);
#2243=ORIENTED_EDGE('',*,*,#1759,.F.);
#2244=ORIENTED_EDGE('',*,*,#1757,.F.);
#2245=ORIENTED_EDGE('',*,*,#1761,.T.);
#2246=ORIENTED_EDGE('',*,*,#1762,.F.);
#2247=ORIENTED_EDGE('',*,*,#1761,.F.);
#2248=ORIENTED_EDGE('',*,*,#1758,.F.);
#2249=ORIENTED_EDGE('',*,*,#1763,.T.);
#2250=ORIENTED_EDGE('',*,*,#1764,.F.);
#2251=ORIENTED_EDGE('',*,*,#1763,.F.);
#2252=ORIENTED_EDGE('',*,*,#1765,.T.);
#2253=ORIENTED_EDGE('',*,*,#1766,.F.);
#2254=ORIENTED_EDGE('',*,*,#1767,.F.);
#2255=ORIENTED_EDGE('',*,*,#1768,.T.);
#2256=ORIENTED_EDGE('',*,*,#1769,.T.);
#2257=ORIENTED_EDGE('',*,*,#1592,.F.);
#2258=ORIENTED_EDGE('',*,*,#1754,.F.);
#2259=ORIENTED_EDGE('',*,*,#1738,.F.);
#2260=ORIENTED_EDGE('',*,*,#1770,.F.);
#2261=ORIENTED_EDGE('',*,*,#1750,.F.);
#2262=ORIENTED_EDGE('',*,*,#1771,.F.);
#2263=ORIENTED_EDGE('',*,*,#1772,.T.);
#2264=ORIENTED_EDGE('',*,*,#1773,.F.);
#2265=ORIENTED_EDGE('',*,*,#1774,.T.);
#2266=ORIENTED_EDGE('',*,*,#1775,.T.);
#2267=ORIENTED_EDGE('',*,*,#1776,.T.);
#2268=ORIENTED_EDGE('',*,*,#1774,.F.);
#2269=ORIENTED_EDGE('',*,*,#1776,.F.);
#2270=ORIENTED_EDGE('',*,*,#1777,.F.);
#2271=ORIENTED_EDGE('',*,*,#1778,.F.);
#2272=ORIENTED_EDGE('',*,*,#1772,.F.);
#2273=ORIENTED_EDGE('',*,*,#1779,.F.);
#2274=ORIENTED_EDGE('',*,*,#1780,.F.);
#2275=ORIENTED_EDGE('',*,*,#1781,.T.);
#2276=ORIENTED_EDGE('',*,*,#1782,.T.);
#2277=ORIENTED_EDGE('',*,*,#1781,.F.);
#2278=ORIENTED_EDGE('',*,*,#1782,.F.);
#2279=ORIENTED_EDGE('',*,*,#1775,.F.);
#2280=ORIENTED_EDGE('',*,*,#1783,.T.);
#2281=ORIENTED_EDGE('',*,*,#1784,.F.);
#2282=ORIENTED_EDGE('',*,*,#1785,.F.);
#2283=ORIENTED_EDGE('',*,*,#1786,.F.);
#2284=ORIENTED_EDGE('',*,*,#1787,.F.);
#2285=ORIENTED_EDGE('',*,*,#1788,.F.);
#2286=ORIENTED_EDGE('',*,*,#1789,.F.);
#2287=ORIENTED_EDGE('',*,*,#1790,.F.);
#2288=ORIENTED_EDGE('',*,*,#1791,.F.);
#2289=ORIENTED_EDGE('',*,*,#1792,.F.);
#2290=ORIENTED_EDGE('',*,*,#1793,.F.);
#2291=ORIENTED_EDGE('',*,*,#1794,.F.);
#2292=ORIENTED_EDGE('',*,*,#1795,.F.);
#2293=ORIENTED_EDGE('',*,*,#1796,.F.);
#2294=ORIENTED_EDGE('',*,*,#1797,.F.);
#2295=ORIENTED_EDGE('',*,*,#1798,.F.);
#2296=ORIENTED_EDGE('',*,*,#1799,.F.);
#2297=ORIENTED_EDGE('',*,*,#1800,.F.);
#2298=ORIENTED_EDGE('',*,*,#1801,.F.);
#2299=ORIENTED_EDGE('',*,*,#1802,.F.);
#2300=ORIENTED_EDGE('',*,*,#1803,.F.);
#2301=ORIENTED_EDGE('',*,*,#1804,.F.);
#2302=ORIENTED_EDGE('',*,*,#1805,.F.);
#2303=ORIENTED_EDGE('',*,*,#1806,.F.);
#2304=ORIENTED_EDGE('',*,*,#1807,.F.);
#2305=ORIENTED_EDGE('',*,*,#1808,.F.);
#2306=ORIENTED_EDGE('',*,*,#1809,.F.);
#2307=ORIENTED_EDGE('',*,*,#1810,.F.);
#2308=ORIENTED_EDGE('',*,*,#1811,.F.);
#2309=ORIENTED_EDGE('',*,*,#1812,.F.);
#2310=ORIENTED_EDGE('',*,*,#1813,.F.);
#2311=ORIENTED_EDGE('',*,*,#1814,.F.);
#2312=ORIENTED_EDGE('',*,*,#1815,.F.);
#2313=ORIENTED_EDGE('',*,*,#1816,.F.);
#2314=ORIENTED_EDGE('',*,*,#1817,.F.);
#2315=ORIENTED_EDGE('',*,*,#1818,.F.);
#2316=ORIENTED_EDGE('',*,*,#1819,.F.);
#2317=ORIENTED_EDGE('',*,*,#1820,.F.);
#2318=ORIENTED_EDGE('',*,*,#1821,.F.);
#2319=ORIENTED_EDGE('',*,*,#1822,.F.);
#2320=ORIENTED_EDGE('',*,*,#1823,.F.);
#2321=ORIENTED_EDGE('',*,*,#1824,.F.);
#2322=ORIENTED_EDGE('',*,*,#1825,.F.);
#2323=ORIENTED_EDGE('',*,*,#1826,.F.);
#2324=ORIENTED_EDGE('',*,*,#1827,.F.);
#2325=ORIENTED_EDGE('',*,*,#1828,.F.);
#2326=ORIENTED_EDGE('',*,*,#1829,.F.);
#2327=ORIENTED_EDGE('',*,*,#1830,.F.);
#2328=ORIENTED_EDGE('',*,*,#1831,.F.);
#2329=ORIENTED_EDGE('',*,*,#1832,.F.);
#2330=ORIENTED_EDGE('',*,*,#1833,.F.);
#2331=ORIENTED_EDGE('',*,*,#1834,.F.);
#2332=ORIENTED_EDGE('',*,*,#1835,.F.);
#2333=ORIENTED_EDGE('',*,*,#1836,.F.);
#2334=ORIENTED_EDGE('',*,*,#1837,.F.);
#2335=ORIENTED_EDGE('',*,*,#1838,.F.);
#2336=ORIENTED_EDGE('',*,*,#1839,.F.);
#2337=ORIENTED_EDGE('',*,*,#1840,.F.);
#2338=ORIENTED_EDGE('',*,*,#1841,.F.);
#2339=ORIENTED_EDGE('',*,*,#1842,.F.);
#2340=ORIENTED_EDGE('',*,*,#1843,.F.);
#2341=ORIENTED_EDGE('',*,*,#1844,.F.);
#2342=ORIENTED_EDGE('',*,*,#1845,.F.);
#2343=ORIENTED_EDGE('',*,*,#1846,.F.);
#2344=ORIENTED_EDGE('',*,*,#1847,.F.);
#2345=ORIENTED_EDGE('',*,*,#1848,.F.);
#2346=ORIENTED_EDGE('',*,*,#1849,.F.);
#2347=ORIENTED_EDGE('',*,*,#1850,.F.);
#2348=ORIENTED_EDGE('',*,*,#1851,.F.);
#2349=ORIENTED_EDGE('',*,*,#1852,.F.);
#2350=ORIENTED_EDGE('',*,*,#1853,.F.);
#2351=ORIENTED_EDGE('',*,*,#1854,.F.);
#2352=ORIENTED_EDGE('',*,*,#1855,.F.);
#2353=ORIENTED_EDGE('',*,*,#1856,.F.);
#2354=ORIENTED_EDGE('',*,*,#1857,.F.);
#2355=ORIENTED_EDGE('',*,*,#1858,.F.);
#2356=ORIENTED_EDGE('',*,*,#1859,.F.);
#2357=ORIENTED_EDGE('',*,*,#1860,.F.);
#2358=ORIENTED_EDGE('',*,*,#1861,.F.);
#2359=ORIENTED_EDGE('',*,*,#1862,.F.);
#2360=ORIENTED_EDGE('',*,*,#1863,.F.);
#2361=ORIENTED_EDGE('',*,*,#1864,.F.);
#2362=ORIENTED_EDGE('',*,*,#1865,.F.);
#2363=ORIENTED_EDGE('',*,*,#1866,.F.);
#2364=ORIENTED_EDGE('',*,*,#1867,.F.);
#2365=ORIENTED_EDGE('',*,*,#1768,.F.);
#2366=ORIENTED_EDGE('',*,*,#1868,.T.);
#2367=ORIENTED_EDGE('',*,*,#1869,.F.);
#2368=ORIENTED_EDGE('',*,*,#1870,.F.);
#2369=ORIENTED_EDGE('',*,*,#1871,.F.);
#2370=ORIENTED_EDGE('',*,*,#1872,.F.);
#2371=ORIENTED_EDGE('',*,*,#1873,.F.);
#2372=ORIENTED_EDGE('',*,*,#1874,.F.);
#2373=ORIENTED_EDGE('',*,*,#1875,.F.);
#2374=ORIENTED_EDGE('',*,*,#1876,.F.);
#2375=ORIENTED_EDGE('',*,*,#1877,.T.);
#2376=ORIENTED_EDGE('',*,*,#1583,.T.);
#2377=ORIENTED_EDGE('',*,*,#1878,.T.);
#2378=ORIENTED_EDGE('',*,*,#1879,.F.);
#2379=ORIENTED_EDGE('',*,*,#1880,.F.);
#2380=ORIENTED_EDGE('',*,*,#1881,.F.);
#2381=ORIENTED_EDGE('',*,*,#1882,.F.);
#2382=ORIENTED_EDGE('',*,*,#1883,.F.);
#2383=ORIENTED_EDGE('',*,*,#1884,.F.);
#2384=ORIENTED_EDGE('',*,*,#1885,.F.);
#2385=ORIENTED_EDGE('',*,*,#1886,.F.);
#2386=ORIENTED_EDGE('',*,*,#1887,.F.);
#2387=ORIENTED_EDGE('',*,*,#1587,.T.);
#2388=ORIENTED_EDGE('',*,*,#1591,.T.);
#2389=ORIENTED_EDGE('',*,*,#1728,.T.);
#2390=ORIENTED_EDGE('',*,*,#1888,.F.);
#2391=ORIENTED_EDGE('',*,*,#1889,.F.);
#2392=ORIENTED_EDGE('',*,*,#1890,.F.);
#2393=ORIENTED_EDGE('',*,*,#1891,.F.);
#2394=ORIENTED_EDGE('',*,*,#1892,.F.);
#2395=ORIENTED_EDGE('',*,*,#1893,.F.);
#2396=ORIENTED_EDGE('',*,*,#1894,.F.);
#2397=ORIENTED_EDGE('',*,*,#1723,.T.);
#2398=ORIENTED_EDGE('',*,*,#1726,.T.);
#2399=ORIENTED_EDGE('',*,*,#1735,.T.);
#2400=ORIENTED_EDGE('',*,*,#1895,.F.);
#2401=ORIENTED_EDGE('',*,*,#1896,.F.);
#2402=ORIENTED_EDGE('',*,*,#1897,.F.);
#2403=ORIENTED_EDGE('',*,*,#1898,.F.);
#2404=ORIENTED_EDGE('',*,*,#1899,.F.);
#2405=ORIENTED_EDGE('',*,*,#1900,.F.);
#2406=ORIENTED_EDGE('',*,*,#1901,.F.);
#2407=ORIENTED_EDGE('',*,*,#1902,.F.);
#2408=ORIENTED_EDGE('',*,*,#1730,.T.);
#2409=ORIENTED_EDGE('',*,*,#1733,.T.);
#2410=ORIENTED_EDGE('',*,*,#1777,.T.);
#2411=ORIENTED_EDGE('',*,*,#1780,.T.);
#2412=ORIENTED_EDGE('',*,*,#1903,.F.);
#2413=ORIENTED_EDGE('',*,*,#1904,.T.);
#2414=ORIENTED_EDGE('',*,*,#1742,.F.);
#2415=ORIENTED_EDGE('',*,*,#1770,.T.);
#2416=ORIENTED_EDGE('',*,*,#1737,.F.);
#2417=ORIENTED_EDGE('',*,*,#1905,.F.);
#2418=ORIENTED_EDGE('',*,*,#1783,.F.);
#2419=ORIENTED_EDGE('',*,*,#1767,.T.);
#2420=ORIENTED_EDGE('',*,*,#1906,.F.);
#2421=ORIENTED_EDGE('',*,*,#1760,.T.);
#2422=ORIENTED_EDGE('',*,*,#1762,.T.);
#2423=ORIENTED_EDGE('',*,*,#1764,.T.);
#2424=ORIENTED_EDGE('',*,*,#1868,.F.);
#2425=ORIENTED_EDGE('',*,*,#1582,.F.);
#2426=ORIENTED_EDGE('',*,*,#1712,.F.);
#2427=ORIENTED_EDGE('',*,*,#1907,.F.);
#2428=ORIENTED_EDGE('',*,*,#1869,.T.);
#2429=ORIENTED_EDGE('',*,*,#1907,.T.);
#2430=ORIENTED_EDGE('',*,*,#1721,.F.);
#2431=ORIENTED_EDGE('',*,*,#1908,.F.);
#2432=ORIENTED_EDGE('',*,*,#1870,.T.);
#2433=ORIENTED_EDGE('',*,*,#1908,.T.);
#2434=ORIENTED_EDGE('',*,*,#1720,.F.);
#2435=ORIENTED_EDGE('',*,*,#1909,.F.);
#2436=ORIENTED_EDGE('',*,*,#1871,.T.);
#2437=ORIENTED_EDGE('',*,*,#1909,.T.);
#2438=ORIENTED_EDGE('',*,*,#1719,.F.);
#2439=ORIENTED_EDGE('',*,*,#1910,.F.);
#2440=ORIENTED_EDGE('',*,*,#1872,.T.);
#2441=ORIENTED_EDGE('',*,*,#1910,.T.);
#2442=ORIENTED_EDGE('',*,*,#1718,.F.);
#2443=ORIENTED_EDGE('',*,*,#1911,.F.);
#2444=ORIENTED_EDGE('',*,*,#1873,.T.);
#2445=ORIENTED_EDGE('',*,*,#1911,.T.);
#2446=ORIENTED_EDGE('',*,*,#1717,.F.);
#2447=ORIENTED_EDGE('',*,*,#1912,.F.);
#2448=ORIENTED_EDGE('',*,*,#1874,.T.);
#2449=ORIENTED_EDGE('',*,*,#1912,.T.);
#2450=ORIENTED_EDGE('',*,*,#1716,.F.);
#2451=ORIENTED_EDGE('',*,*,#1913,.F.);
#2452=ORIENTED_EDGE('',*,*,#1875,.T.);
#2453=ORIENTED_EDGE('',*,*,#1913,.T.);
#2454=ORIENTED_EDGE('',*,*,#1715,.F.);
#2455=ORIENTED_EDGE('',*,*,#1914,.F.);
#2456=ORIENTED_EDGE('',*,*,#1876,.T.);
#2457=ORIENTED_EDGE('',*,*,#1914,.T.);
#2458=ORIENTED_EDGE('',*,*,#1714,.F.);
#2459=ORIENTED_EDGE('',*,*,#1915,.F.);
#2460=ORIENTED_EDGE('',*,*,#1877,.F.);
#2461=ORIENTED_EDGE('',*,*,#1915,.T.);
#2462=ORIENTED_EDGE('',*,*,#1713,.F.);
#2463=ORIENTED_EDGE('',*,*,#1584,.T.);
#2464=ORIENTED_EDGE('',*,*,#1890,.T.);
#2465=ORIENTED_EDGE('',*,*,#1916,.T.);
#2466=ORIENTED_EDGE('',*,*,#1709,.F.);
#2467=ORIENTED_EDGE('',*,*,#1917,.F.);
#2468=ORIENTED_EDGE('',*,*,#1891,.T.);
#2469=ORIENTED_EDGE('',*,*,#1917,.T.);
#2470=ORIENTED_EDGE('',*,*,#1708,.F.);
#2471=ORIENTED_EDGE('',*,*,#1918,.F.);
#2472=ORIENTED_EDGE('',*,*,#1892,.T.);
#2473=ORIENTED_EDGE('',*,*,#1918,.T.);
#2474=ORIENTED_EDGE('',*,*,#1707,.F.);
#2475=ORIENTED_EDGE('',*,*,#1919,.F.);
#2476=ORIENTED_EDGE('',*,*,#1893,.T.);
#2477=ORIENTED_EDGE('',*,*,#1919,.T.);
#2478=ORIENTED_EDGE('',*,*,#1706,.F.);
#2479=ORIENTED_EDGE('',*,*,#1920,.F.);
#2480=ORIENTED_EDGE('',*,*,#1894,.T.);
#2481=ORIENTED_EDGE('',*,*,#1920,.T.);
#2482=ORIENTED_EDGE('',*,*,#1705,.F.);
#2483=ORIENTED_EDGE('',*,*,#1724,.F.);
#2484=ORIENTED_EDGE('',*,*,#1888,.T.);
#2485=ORIENTED_EDGE('',*,*,#1727,.T.);
#2486=ORIENTED_EDGE('',*,*,#1711,.F.);
#2487=ORIENTED_EDGE('',*,*,#1921,.F.);
#2488=ORIENTED_EDGE('',*,*,#1889,.T.);
#2489=ORIENTED_EDGE('',*,*,#1921,.T.);
#2490=ORIENTED_EDGE('',*,*,#1710,.F.);
#2491=ORIENTED_EDGE('',*,*,#1916,.F.);
#2492=ORIENTED_EDGE('',*,*,#1895,.T.);
#2493=ORIENTED_EDGE('',*,*,#1734,.T.);
#2494=ORIENTED_EDGE('',*,*,#1701,.F.);
#2495=ORIENTED_EDGE('',*,*,#1922,.F.);
#2496=ORIENTED_EDGE('',*,*,#1896,.T.);
#2497=ORIENTED_EDGE('',*,*,#1922,.T.);
#2498=ORIENTED_EDGE('',*,*,#1700,.F.);
#2499=ORIENTED_EDGE('',*,*,#1923,.F.);
#2500=ORIENTED_EDGE('',*,*,#1897,.T.);
#2501=ORIENTED_EDGE('',*,*,#1923,.T.);
#2502=ORIENTED_EDGE('',*,*,#1699,.F.);
#2503=ORIENTED_EDGE('',*,*,#1924,.F.);
#2504=ORIENTED_EDGE('',*,*,#1898,.T.);
#2505=ORIENTED_EDGE('',*,*,#1924,.T.);
#2506=ORIENTED_EDGE('',*,*,#1698,.F.);
#2507=ORIENTED_EDGE('',*,*,#1925,.F.);
#2508=ORIENTED_EDGE('',*,*,#1899,.T.);
#2509=ORIENTED_EDGE('',*,*,#1925,.T.);
#2510=ORIENTED_EDGE('',*,*,#1697,.F.);
#2511=ORIENTED_EDGE('',*,*,#1926,.F.);
#2512=ORIENTED_EDGE('',*,*,#1900,.T.);
#2513=ORIENTED_EDGE('',*,*,#1926,.T.);
#2514=ORIENTED_EDGE('',*,*,#1696,.F.);
#2515=ORIENTED_EDGE('',*,*,#1927,.F.);
#2516=ORIENTED_EDGE('',*,*,#1901,.T.);
#2517=ORIENTED_EDGE('',*,*,#1927,.T.);
#2518=ORIENTED_EDGE('',*,*,#1695,.F.);
#2519=ORIENTED_EDGE('',*,*,#1928,.F.);
#2520=ORIENTED_EDGE('',*,*,#1902,.T.);
#2521=ORIENTED_EDGE('',*,*,#1928,.T.);
#2522=ORIENTED_EDGE('',*,*,#1694,.F.);
#2523=ORIENTED_EDGE('',*,*,#1731,.F.);
#2524=ORIENTED_EDGE('',*,*,#1882,.T.);
#2525=ORIENTED_EDGE('',*,*,#1929,.T.);
#2526=ORIENTED_EDGE('',*,*,#1687,.F.);
#2527=ORIENTED_EDGE('',*,*,#1930,.F.);
#2528=ORIENTED_EDGE('',*,*,#1883,.T.);
#2529=ORIENTED_EDGE('',*,*,#1930,.T.);
#2530=ORIENTED_EDGE('',*,*,#1686,.F.);
#2531=ORIENTED_EDGE('',*,*,#1931,.F.);
#2532=ORIENTED_EDGE('',*,*,#1884,.T.);
#2533=ORIENTED_EDGE('',*,*,#1931,.T.);
#2534=ORIENTED_EDGE('',*,*,#1685,.F.);
#2535=ORIENTED_EDGE('',*,*,#1932,.F.);
#2536=ORIENTED_EDGE('',*,*,#1885,.T.);
#2537=ORIENTED_EDGE('',*,*,#1932,.T.);
#2538=ORIENTED_EDGE('',*,*,#1684,.F.);
#2539=ORIENTED_EDGE('',*,*,#1933,.F.);
#2540=ORIENTED_EDGE('',*,*,#1886,.T.);
#2541=ORIENTED_EDGE('',*,*,#1933,.T.);
#2542=ORIENTED_EDGE('',*,*,#1683,.F.);
#2543=ORIENTED_EDGE('',*,*,#1934,.F.);
#2544=ORIENTED_EDGE('',*,*,#1887,.T.);
#2545=ORIENTED_EDGE('',*,*,#1934,.T.);
#2546=ORIENTED_EDGE('',*,*,#1682,.F.);
#2547=ORIENTED_EDGE('',*,*,#1588,.F.);
#2548=ORIENTED_EDGE('',*,*,#1878,.F.);
#2549=ORIENTED_EDGE('',*,*,#1590,.F.);
#2550=ORIENTED_EDGE('',*,*,#1681,.F.);
#2551=ORIENTED_EDGE('',*,*,#1935,.F.);
#2552=ORIENTED_EDGE('',*,*,#1879,.T.);
#2553=ORIENTED_EDGE('',*,*,#1935,.T.);
#2554=ORIENTED_EDGE('',*,*,#1690,.F.);
#2555=ORIENTED_EDGE('',*,*,#1936,.F.);
#2556=ORIENTED_EDGE('',*,*,#1880,.T.);
#2557=ORIENTED_EDGE('',*,*,#1936,.T.);
#2558=ORIENTED_EDGE('',*,*,#1689,.F.);
#2559=ORIENTED_EDGE('',*,*,#1937,.F.);
#2560=ORIENTED_EDGE('',*,*,#1881,.T.);
#2561=ORIENTED_EDGE('',*,*,#1937,.T.);
#2562=ORIENTED_EDGE('',*,*,#1688,.F.);
#2563=ORIENTED_EDGE('',*,*,#1929,.F.);
#2564=ORIENTED_EDGE('',*,*,#1771,.T.);
#2565=ORIENTED_EDGE('',*,*,#1938,.T.);
#2566=ORIENTED_EDGE('',*,*,#1680,.F.);
#2567=ORIENTED_EDGE('',*,*,#1938,.F.);
#2568=ORIENTED_EDGE('',*,*,#1773,.T.);
#2569=ORIENTED_EDGE('',*,*,#1778,.T.);
#2570=ORIENTED_EDGE('',*,*,#1903,.T.);
#2571=ORIENTED_EDGE('',*,*,#1779,.T.);
#2572=ORIENTED_EDGE('',*,*,#1784,.T.);
#2573=ORIENTED_EDGE('',*,*,#1905,.T.);
#2574=ORIENTED_EDGE('',*,*,#1736,.F.);
#2575=ORIENTED_EDGE('',*,*,#1752,.F.);
#2576=ORIENTED_EDGE('',*,*,#1676,.F.);
#2577=ORIENTED_EDGE('',*,*,#1939,.F.);
#2578=ORIENTED_EDGE('',*,*,#1785,.T.);
#2579=ORIENTED_EDGE('',*,*,#1939,.T.);
#2580=ORIENTED_EDGE('',*,*,#1675,.F.);
#2581=ORIENTED_EDGE('',*,*,#1940,.F.);
#2582=ORIENTED_EDGE('',*,*,#1786,.T.);
#2583=ORIENTED_EDGE('',*,*,#1940,.T.);
#2584=ORIENTED_EDGE('',*,*,#1674,.F.);
#2585=ORIENTED_EDGE('',*,*,#1941,.F.);
#2586=ORIENTED_EDGE('',*,*,#1787,.T.);
#2587=ORIENTED_EDGE('',*,*,#1941,.T.);
#2588=ORIENTED_EDGE('',*,*,#1673,.F.);
#2589=ORIENTED_EDGE('',*,*,#1942,.F.);
#2590=ORIENTED_EDGE('',*,*,#1788,.T.);
#2591=ORIENTED_EDGE('',*,*,#1942,.T.);
#2592=ORIENTED_EDGE('',*,*,#1672,.F.);
#2593=ORIENTED_EDGE('',*,*,#1943,.F.);
#2594=ORIENTED_EDGE('',*,*,#1789,.T.);
#2595=ORIENTED_EDGE('',*,*,#1943,.T.);
#2596=ORIENTED_EDGE('',*,*,#1671,.F.);
#2597=ORIENTED_EDGE('',*,*,#1944,.F.);
#2598=ORIENTED_EDGE('',*,*,#1790,.T.);
#2599=ORIENTED_EDGE('',*,*,#1944,.T.);
#2600=ORIENTED_EDGE('',*,*,#1670,.F.);
#2601=ORIENTED_EDGE('',*,*,#1945,.F.);
#2602=ORIENTED_EDGE('',*,*,#1791,.T.);
#2603=ORIENTED_EDGE('',*,*,#1945,.T.);
#2604=ORIENTED_EDGE('',*,*,#1669,.F.);
#2605=ORIENTED_EDGE('',*,*,#1946,.F.);
#2606=ORIENTED_EDGE('',*,*,#1792,.T.);
#2607=ORIENTED_EDGE('',*,*,#1946,.T.);
#2608=ORIENTED_EDGE('',*,*,#1668,.F.);
#2609=ORIENTED_EDGE('',*,*,#1947,.F.);
#2610=ORIENTED_EDGE('',*,*,#1793,.T.);
#2611=ORIENTED_EDGE('',*,*,#1947,.T.);
#2612=ORIENTED_EDGE('',*,*,#1667,.F.);
#2613=ORIENTED_EDGE('',*,*,#1948,.F.);
#2614=ORIENTED_EDGE('',*,*,#1794,.T.);
#2615=ORIENTED_EDGE('',*,*,#1948,.T.);
#2616=ORIENTED_EDGE('',*,*,#1666,.F.);
#2617=ORIENTED_EDGE('',*,*,#1949,.F.);
#2618=ORIENTED_EDGE('',*,*,#1795,.T.);
#2619=ORIENTED_EDGE('',*,*,#1949,.T.);
#2620=ORIENTED_EDGE('',*,*,#1665,.F.);
#2621=ORIENTED_EDGE('',*,*,#1950,.F.);
#2622=ORIENTED_EDGE('',*,*,#1796,.T.);
#2623=ORIENTED_EDGE('',*,*,#1950,.T.);
#2624=ORIENTED_EDGE('',*,*,#1664,.F.);
#2625=ORIENTED_EDGE('',*,*,#1951,.F.);
#2626=ORIENTED_EDGE('',*,*,#1797,.T.);
#2627=ORIENTED_EDGE('',*,*,#1951,.T.);
#2628=ORIENTED_EDGE('',*,*,#1663,.F.);
#2629=ORIENTED_EDGE('',*,*,#1952,.F.);
#2630=ORIENTED_EDGE('',*,*,#1798,.T.);
#2631=ORIENTED_EDGE('',*,*,#1952,.T.);
#2632=ORIENTED_EDGE('',*,*,#1662,.F.);
#2633=ORIENTED_EDGE('',*,*,#1953,.F.);
#2634=ORIENTED_EDGE('',*,*,#1799,.T.);
#2635=ORIENTED_EDGE('',*,*,#1953,.T.);
#2636=ORIENTED_EDGE('',*,*,#1661,.F.);
#2637=ORIENTED_EDGE('',*,*,#1954,.F.);
#2638=ORIENTED_EDGE('',*,*,#1800,.T.);
#2639=ORIENTED_EDGE('',*,*,#1954,.T.);
#2640=ORIENTED_EDGE('',*,*,#1660,.F.);
#2641=ORIENTED_EDGE('',*,*,#1955,.F.);
#2642=ORIENTED_EDGE('',*,*,#1801,.T.);
#2643=ORIENTED_EDGE('',*,*,#1955,.T.);
#2644=ORIENTED_EDGE('',*,*,#1659,.F.);
#2645=ORIENTED_EDGE('',*,*,#1956,.F.);
#2646=ORIENTED_EDGE('',*,*,#1802,.T.);
#2647=ORIENTED_EDGE('',*,*,#1956,.T.);
#2648=ORIENTED_EDGE('',*,*,#1658,.F.);
#2649=ORIENTED_EDGE('',*,*,#1957,.F.);
#2650=ORIENTED_EDGE('',*,*,#1803,.T.);
#2651=ORIENTED_EDGE('',*,*,#1957,.T.);
#2652=ORIENTED_EDGE('',*,*,#1657,.F.);
#2653=ORIENTED_EDGE('',*,*,#1958,.F.);
#2654=ORIENTED_EDGE('',*,*,#1804,.T.);
#2655=ORIENTED_EDGE('',*,*,#1958,.T.);
#2656=ORIENTED_EDGE('',*,*,#1656,.F.);
#2657=ORIENTED_EDGE('',*,*,#1959,.F.);
#2658=ORIENTED_EDGE('',*,*,#1805,.T.);
#2659=ORIENTED_EDGE('',*,*,#1959,.T.);
#2660=ORIENTED_EDGE('',*,*,#1655,.F.);
#2661=ORIENTED_EDGE('',*,*,#1960,.F.);
#2662=ORIENTED_EDGE('',*,*,#1806,.T.);
#2663=ORIENTED_EDGE('',*,*,#1960,.T.);
#2664=ORIENTED_EDGE('',*,*,#1654,.F.);
#2665=ORIENTED_EDGE('',*,*,#1961,.F.);
#2666=ORIENTED_EDGE('',*,*,#1807,.T.);
#2667=ORIENTED_EDGE('',*,*,#1961,.T.);
#2668=ORIENTED_EDGE('',*,*,#1653,.F.);
#2669=ORIENTED_EDGE('',*,*,#1962,.F.);
#2670=ORIENTED_EDGE('',*,*,#1808,.T.);
#2671=ORIENTED_EDGE('',*,*,#1962,.T.);
#2672=ORIENTED_EDGE('',*,*,#1652,.F.);
#2673=ORIENTED_EDGE('',*,*,#1963,.F.);
#2674=ORIENTED_EDGE('',*,*,#1809,.T.);
#2675=ORIENTED_EDGE('',*,*,#1963,.T.);
#2676=ORIENTED_EDGE('',*,*,#1651,.F.);
#2677=ORIENTED_EDGE('',*,*,#1964,.F.);
#2678=ORIENTED_EDGE('',*,*,#1810,.T.);
#2679=ORIENTED_EDGE('',*,*,#1964,.T.);
#2680=ORIENTED_EDGE('',*,*,#1650,.F.);
#2681=ORIENTED_EDGE('',*,*,#1965,.F.);
#2682=ORIENTED_EDGE('',*,*,#1811,.T.);
#2683=ORIENTED_EDGE('',*,*,#1965,.T.);
#2684=ORIENTED_EDGE('',*,*,#1649,.F.);
#2685=ORIENTED_EDGE('',*,*,#1966,.F.);
#2686=ORIENTED_EDGE('',*,*,#1812,.T.);
#2687=ORIENTED_EDGE('',*,*,#1966,.T.);
#2688=ORIENTED_EDGE('',*,*,#1648,.F.);
#2689=ORIENTED_EDGE('',*,*,#1967,.F.);
#2690=ORIENTED_EDGE('',*,*,#1813,.T.);
#2691=ORIENTED_EDGE('',*,*,#1967,.T.);
#2692=ORIENTED_EDGE('',*,*,#1647,.F.);
#2693=ORIENTED_EDGE('',*,*,#1968,.F.);
#2694=ORIENTED_EDGE('',*,*,#1814,.T.);
#2695=ORIENTED_EDGE('',*,*,#1968,.T.);
#2696=ORIENTED_EDGE('',*,*,#1646,.F.);
#2697=ORIENTED_EDGE('',*,*,#1969,.F.);
#2698=ORIENTED_EDGE('',*,*,#1815,.T.);
#2699=ORIENTED_EDGE('',*,*,#1969,.T.);
#2700=ORIENTED_EDGE('',*,*,#1645,.F.);
#2701=ORIENTED_EDGE('',*,*,#1970,.F.);
#2702=ORIENTED_EDGE('',*,*,#1816,.T.);
#2703=ORIENTED_EDGE('',*,*,#1970,.T.);
#2704=ORIENTED_EDGE('',*,*,#1644,.F.);
#2705=ORIENTED_EDGE('',*,*,#1971,.F.);
#2706=ORIENTED_EDGE('',*,*,#1817,.T.);
#2707=ORIENTED_EDGE('',*,*,#1971,.T.);
#2708=ORIENTED_EDGE('',*,*,#1643,.F.);
#2709=ORIENTED_EDGE('',*,*,#1972,.F.);
#2710=ORIENTED_EDGE('',*,*,#1818,.T.);
#2711=ORIENTED_EDGE('',*,*,#1972,.T.);
#2712=ORIENTED_EDGE('',*,*,#1642,.F.);
#2713=ORIENTED_EDGE('',*,*,#1973,.F.);
#2714=ORIENTED_EDGE('',*,*,#1819,.T.);
#2715=ORIENTED_EDGE('',*,*,#1973,.T.);
#2716=ORIENTED_EDGE('',*,*,#1641,.F.);
#2717=ORIENTED_EDGE('',*,*,#1974,.F.);
#2718=ORIENTED_EDGE('',*,*,#1820,.T.);
#2719=ORIENTED_EDGE('',*,*,#1974,.T.);
#2720=ORIENTED_EDGE('',*,*,#1640,.F.);
#2721=ORIENTED_EDGE('',*,*,#1975,.F.);
#2722=ORIENTED_EDGE('',*,*,#1821,.T.);
#2723=ORIENTED_EDGE('',*,*,#1975,.T.);
#2724=ORIENTED_EDGE('',*,*,#1639,.F.);
#2725=ORIENTED_EDGE('',*,*,#1976,.F.);
#2726=ORIENTED_EDGE('',*,*,#1822,.T.);
#2727=ORIENTED_EDGE('',*,*,#1976,.T.);
#2728=ORIENTED_EDGE('',*,*,#1638,.F.);
#2729=ORIENTED_EDGE('',*,*,#1977,.F.);
#2730=ORIENTED_EDGE('',*,*,#1823,.T.);
#2731=ORIENTED_EDGE('',*,*,#1977,.T.);
#2732=ORIENTED_EDGE('',*,*,#1637,.F.);
#2733=ORIENTED_EDGE('',*,*,#1978,.F.);
#2734=ORIENTED_EDGE('',*,*,#1824,.T.);
#2735=ORIENTED_EDGE('',*,*,#1978,.T.);
#2736=ORIENTED_EDGE('',*,*,#1636,.F.);
#2737=ORIENTED_EDGE('',*,*,#1979,.F.);
#2738=ORIENTED_EDGE('',*,*,#1825,.T.);
#2739=ORIENTED_EDGE('',*,*,#1979,.T.);
#2740=ORIENTED_EDGE('',*,*,#1635,.F.);
#2741=ORIENTED_EDGE('',*,*,#1980,.F.);
#2742=ORIENTED_EDGE('',*,*,#1826,.T.);
#2743=ORIENTED_EDGE('',*,*,#1980,.T.);
#2744=ORIENTED_EDGE('',*,*,#1634,.F.);
#2745=ORIENTED_EDGE('',*,*,#1981,.F.);
#2746=ORIENTED_EDGE('',*,*,#1827,.T.);
#2747=ORIENTED_EDGE('',*,*,#1981,.T.);
#2748=ORIENTED_EDGE('',*,*,#1633,.F.);
#2749=ORIENTED_EDGE('',*,*,#1982,.F.);
#2750=ORIENTED_EDGE('',*,*,#1828,.T.);
#2751=ORIENTED_EDGE('',*,*,#1982,.T.);
#2752=ORIENTED_EDGE('',*,*,#1632,.F.);
#2753=ORIENTED_EDGE('',*,*,#1983,.F.);
#2754=ORIENTED_EDGE('',*,*,#1829,.T.);
#2755=ORIENTED_EDGE('',*,*,#1983,.T.);
#2756=ORIENTED_EDGE('',*,*,#1631,.F.);
#2757=ORIENTED_EDGE('',*,*,#1984,.F.);
#2758=ORIENTED_EDGE('',*,*,#1830,.T.);
#2759=ORIENTED_EDGE('',*,*,#1984,.T.);
#2760=ORIENTED_EDGE('',*,*,#1630,.F.);
#2761=ORIENTED_EDGE('',*,*,#1985,.F.);
#2762=ORIENTED_EDGE('',*,*,#1831,.T.);
#2763=ORIENTED_EDGE('',*,*,#1985,.T.);
#2764=ORIENTED_EDGE('',*,*,#1629,.F.);
#2765=ORIENTED_EDGE('',*,*,#1986,.F.);
#2766=ORIENTED_EDGE('',*,*,#1832,.T.);
#2767=ORIENTED_EDGE('',*,*,#1986,.T.);
#2768=ORIENTED_EDGE('',*,*,#1628,.F.);
#2769=ORIENTED_EDGE('',*,*,#1987,.F.);
#2770=ORIENTED_EDGE('',*,*,#1833,.T.);
#2771=ORIENTED_EDGE('',*,*,#1987,.T.);
#2772=ORIENTED_EDGE('',*,*,#1627,.F.);
#2773=ORIENTED_EDGE('',*,*,#1988,.F.);
#2774=ORIENTED_EDGE('',*,*,#1834,.T.);
#2775=ORIENTED_EDGE('',*,*,#1988,.T.);
#2776=ORIENTED_EDGE('',*,*,#1626,.F.);
#2777=ORIENTED_EDGE('',*,*,#1989,.F.);
#2778=ORIENTED_EDGE('',*,*,#1835,.T.);
#2779=ORIENTED_EDGE('',*,*,#1989,.T.);
#2780=ORIENTED_EDGE('',*,*,#1625,.F.);
#2781=ORIENTED_EDGE('',*,*,#1990,.F.);
#2782=ORIENTED_EDGE('',*,*,#1836,.T.);
#2783=ORIENTED_EDGE('',*,*,#1990,.T.);
#2784=ORIENTED_EDGE('',*,*,#1624,.F.);
#2785=ORIENTED_EDGE('',*,*,#1991,.F.);
#2786=ORIENTED_EDGE('',*,*,#1837,.T.);
#2787=ORIENTED_EDGE('',*,*,#1991,.T.);
#2788=ORIENTED_EDGE('',*,*,#1623,.F.);
#2789=ORIENTED_EDGE('',*,*,#1992,.F.);
#2790=ORIENTED_EDGE('',*,*,#1838,.T.);
#2791=ORIENTED_EDGE('',*,*,#1992,.T.);
#2792=ORIENTED_EDGE('',*,*,#1622,.F.);
#2793=ORIENTED_EDGE('',*,*,#1993,.F.);
#2794=ORIENTED_EDGE('',*,*,#1839,.T.);
#2795=ORIENTED_EDGE('',*,*,#1993,.T.);
#2796=ORIENTED_EDGE('',*,*,#1621,.F.);
#2797=ORIENTED_EDGE('',*,*,#1994,.F.);
#2798=ORIENTED_EDGE('',*,*,#1840,.T.);
#2799=ORIENTED_EDGE('',*,*,#1994,.T.);
#2800=ORIENTED_EDGE('',*,*,#1620,.F.);
#2801=ORIENTED_EDGE('',*,*,#1995,.F.);
#2802=ORIENTED_EDGE('',*,*,#1841,.T.);
#2803=ORIENTED_EDGE('',*,*,#1995,.T.);
#2804=ORIENTED_EDGE('',*,*,#1619,.F.);
#2805=ORIENTED_EDGE('',*,*,#1996,.F.);
#2806=ORIENTED_EDGE('',*,*,#1842,.T.);
#2807=ORIENTED_EDGE('',*,*,#1996,.T.);
#2808=ORIENTED_EDGE('',*,*,#1618,.F.);
#2809=ORIENTED_EDGE('',*,*,#1997,.F.);
#2810=ORIENTED_EDGE('',*,*,#1843,.T.);
#2811=ORIENTED_EDGE('',*,*,#1997,.T.);
#2812=ORIENTED_EDGE('',*,*,#1617,.F.);
#2813=ORIENTED_EDGE('',*,*,#1998,.F.);
#2814=ORIENTED_EDGE('',*,*,#1844,.T.);
#2815=ORIENTED_EDGE('',*,*,#1998,.T.);
#2816=ORIENTED_EDGE('',*,*,#1616,.F.);
#2817=ORIENTED_EDGE('',*,*,#1999,.F.);
#2818=ORIENTED_EDGE('',*,*,#1845,.T.);
#2819=ORIENTED_EDGE('',*,*,#1999,.T.);
#2820=ORIENTED_EDGE('',*,*,#1615,.F.);
#2821=ORIENTED_EDGE('',*,*,#2000,.F.);
#2822=ORIENTED_EDGE('',*,*,#1846,.T.);
#2823=ORIENTED_EDGE('',*,*,#2000,.T.);
#2824=ORIENTED_EDGE('',*,*,#1614,.F.);
#2825=ORIENTED_EDGE('',*,*,#2001,.F.);
#2826=ORIENTED_EDGE('',*,*,#1847,.T.);
#2827=ORIENTED_EDGE('',*,*,#2001,.T.);
#2828=ORIENTED_EDGE('',*,*,#1613,.F.);
#2829=ORIENTED_EDGE('',*,*,#2002,.F.);
#2830=ORIENTED_EDGE('',*,*,#1848,.T.);
#2831=ORIENTED_EDGE('',*,*,#2002,.T.);
#2832=ORIENTED_EDGE('',*,*,#1612,.F.);
#2833=ORIENTED_EDGE('',*,*,#2003,.F.);
#2834=ORIENTED_EDGE('',*,*,#1849,.T.);
#2835=ORIENTED_EDGE('',*,*,#2003,.T.);
#2836=ORIENTED_EDGE('',*,*,#1611,.F.);
#2837=ORIENTED_EDGE('',*,*,#2004,.F.);
#2838=ORIENTED_EDGE('',*,*,#1850,.T.);
#2839=ORIENTED_EDGE('',*,*,#2004,.T.);
#2840=ORIENTED_EDGE('',*,*,#1610,.F.);
#2841=ORIENTED_EDGE('',*,*,#2005,.F.);
#2842=ORIENTED_EDGE('',*,*,#1851,.T.);
#2843=ORIENTED_EDGE('',*,*,#2005,.T.);
#2844=ORIENTED_EDGE('',*,*,#1609,.F.);
#2845=ORIENTED_EDGE('',*,*,#2006,.F.);
#2846=ORIENTED_EDGE('',*,*,#1852,.T.);
#2847=ORIENTED_EDGE('',*,*,#2006,.T.);
#2848=ORIENTED_EDGE('',*,*,#1608,.F.);
#2849=ORIENTED_EDGE('',*,*,#2007,.F.);
#2850=ORIENTED_EDGE('',*,*,#1853,.T.);
#2851=ORIENTED_EDGE('',*,*,#2007,.T.);
#2852=ORIENTED_EDGE('',*,*,#1607,.F.);
#2853=ORIENTED_EDGE('',*,*,#2008,.F.);
#2854=ORIENTED_EDGE('',*,*,#1854,.T.);
#2855=ORIENTED_EDGE('',*,*,#2008,.T.);
#2856=ORIENTED_EDGE('',*,*,#1606,.F.);
#2857=ORIENTED_EDGE('',*,*,#2009,.F.);
#2858=ORIENTED_EDGE('',*,*,#1855,.T.);
#2859=ORIENTED_EDGE('',*,*,#2009,.T.);
#2860=ORIENTED_EDGE('',*,*,#1605,.F.);
#2861=ORIENTED_EDGE('',*,*,#2010,.F.);
#2862=ORIENTED_EDGE('',*,*,#1856,.T.);
#2863=ORIENTED_EDGE('',*,*,#2010,.T.);
#2864=ORIENTED_EDGE('',*,*,#1604,.F.);
#2865=ORIENTED_EDGE('',*,*,#2011,.F.);
#2866=ORIENTED_EDGE('',*,*,#1857,.T.);
#2867=ORIENTED_EDGE('',*,*,#2011,.T.);
#2868=ORIENTED_EDGE('',*,*,#1603,.F.);
#2869=ORIENTED_EDGE('',*,*,#2012,.F.);
#2870=ORIENTED_EDGE('',*,*,#1858,.T.);
#2871=ORIENTED_EDGE('',*,*,#2012,.T.);
#2872=ORIENTED_EDGE('',*,*,#1602,.F.);
#2873=ORIENTED_EDGE('',*,*,#2013,.F.);
#2874=ORIENTED_EDGE('',*,*,#1859,.T.);
#2875=ORIENTED_EDGE('',*,*,#2013,.T.);
#2876=ORIENTED_EDGE('',*,*,#1601,.F.);
#2877=ORIENTED_EDGE('',*,*,#2014,.F.);
#2878=ORIENTED_EDGE('',*,*,#1860,.T.);
#2879=ORIENTED_EDGE('',*,*,#2014,.T.);
#2880=ORIENTED_EDGE('',*,*,#1600,.F.);
#2881=ORIENTED_EDGE('',*,*,#2015,.F.);
#2882=ORIENTED_EDGE('',*,*,#1861,.T.);
#2883=ORIENTED_EDGE('',*,*,#2015,.T.);
#2884=ORIENTED_EDGE('',*,*,#1599,.F.);
#2885=ORIENTED_EDGE('',*,*,#2016,.F.);
#2886=ORIENTED_EDGE('',*,*,#1862,.T.);
#2887=ORIENTED_EDGE('',*,*,#2016,.T.);
#2888=ORIENTED_EDGE('',*,*,#1598,.F.);
#2889=ORIENTED_EDGE('',*,*,#2017,.F.);
#2890=ORIENTED_EDGE('',*,*,#1863,.T.);
#2891=ORIENTED_EDGE('',*,*,#2017,.T.);
#2892=ORIENTED_EDGE('',*,*,#1597,.F.);
#2893=ORIENTED_EDGE('',*,*,#2018,.F.);
#2894=ORIENTED_EDGE('',*,*,#1864,.T.);
#2895=ORIENTED_EDGE('',*,*,#2018,.T.);
#2896=ORIENTED_EDGE('',*,*,#1596,.F.);
#2897=ORIENTED_EDGE('',*,*,#2019,.F.);
#2898=ORIENTED_EDGE('',*,*,#1865,.T.);
#2899=ORIENTED_EDGE('',*,*,#2019,.T.);
#2900=ORIENTED_EDGE('',*,*,#1595,.F.);
#2901=ORIENTED_EDGE('',*,*,#2020,.F.);
#2902=ORIENTED_EDGE('',*,*,#1866,.T.);
#2903=ORIENTED_EDGE('',*,*,#2020,.T.);
#2904=ORIENTED_EDGE('',*,*,#1594,.F.);
#2905=ORIENTED_EDGE('',*,*,#2021,.F.);
#2906=ORIENTED_EDGE('',*,*,#1867,.T.);
#2907=ORIENTED_EDGE('',*,*,#2021,.T.);
#2908=ORIENTED_EDGE('',*,*,#1593,.F.);
#2909=ORIENTED_EDGE('',*,*,#1769,.F.);
#2910=ORIENTED_EDGE('',*,*,#1904,.F.);
#2911=ORIENTED_EDGE('',*,*,#2022,.F.);
#2912=ORIENTED_EDGE('',*,*,#2023,.F.);
#2913=ORIENTED_EDGE('',*,*,#1743,.F.);
#2914=ORIENTED_EDGE('',*,*,#1906,.T.);
#2915=ORIENTED_EDGE('',*,*,#1766,.T.);
#2916=ORIENTED_EDGE('',*,*,#2024,.T.);
#2917=ORIENTED_EDGE('',*,*,#2025,.T.);
#2918=ORIENTED_EDGE('',*,*,#2026,.T.);
#2919=ORIENTED_EDGE('',*,*,#2027,.T.);
#2920=ORIENTED_EDGE('',*,*,#2028,.T.);
#2921=ORIENTED_EDGE('',*,*,#2029,.T.);
#2922=ORIENTED_EDGE('',*,*,#2022,.T.);
#2923=ORIENTED_EDGE('',*,*,#2030,.T.);
#2924=ORIENTED_EDGE('',*,*,#1751,.F.);
#2925=ORIENTED_EDGE('',*,*,#2031,.T.);
#2926=ORIENTED_EDGE('',*,*,#2032,.F.);
#2927=ORIENTED_EDGE('',*,*,#2031,.F.);
#2928=ORIENTED_EDGE('',*,*,#2033,.F.);
#2929=ORIENTED_EDGE('',*,*,#2032,.T.);
#2930=ORIENTED_EDGE('',*,*,#2033,.T.);
#2931=ORIENTED_EDGE('',*,*,#2034,.T.);
#2932=ORIENTED_EDGE('',*,*,#2030,.F.);
#2933=ORIENTED_EDGE('',*,*,#2034,.F.);
#2934=ORIENTED_EDGE('',*,*,#2035,.T.);
#2935=ORIENTED_EDGE('',*,*,#2026,.F.);
#2936=ORIENTED_EDGE('',*,*,#2036,.T.);
#2937=ORIENTED_EDGE('',*,*,#1747,.F.);
#2938=ORIENTED_EDGE('',*,*,#2036,.F.);
#2939=ORIENTED_EDGE('',*,*,#2025,.F.);
#2940=ORIENTED_EDGE('',*,*,#2037,.T.);
#2941=ORIENTED_EDGE('',*,*,#1748,.F.);
#2942=ORIENTED_EDGE('',*,*,#1765,.F.);
#2943=ORIENTED_EDGE('',*,*,#1749,.F.);
#2944=ORIENTED_EDGE('',*,*,#2037,.F.);
#2945=ORIENTED_EDGE('',*,*,#2024,.F.);
#2946=ORIENTED_EDGE('',*,*,#2023,.T.);
#2947=ORIENTED_EDGE('',*,*,#2029,.F.);
#2948=ORIENTED_EDGE('',*,*,#2038,.T.);
#2949=ORIENTED_EDGE('',*,*,#1744,.F.);
#2950=ORIENTED_EDGE('',*,*,#2038,.F.);
#2951=ORIENTED_EDGE('',*,*,#2028,.F.);
#2952=ORIENTED_EDGE('',*,*,#2039,.T.);
#2953=ORIENTED_EDGE('',*,*,#1745,.F.);
#2954=ORIENTED_EDGE('',*,*,#2039,.F.);
#2955=ORIENTED_EDGE('',*,*,#2027,.F.);
#2956=ORIENTED_EDGE('',*,*,#2035,.F.);
#2957=ORIENTED_EDGE('',*,*,#1746,.F.);
#2958=PLANE('',#3276);
#2959=PLANE('',#3277);
#2960=PLANE('',#3278);
#2961=PLANE('',#3279);
#2962=PLANE('',#3281);
#2963=PLANE('',#3282);
#2964=PLANE('',#3283);
#2965=PLANE('',#3284);
#2966=PLANE('',#3285);
#2967=PLANE('',#3286);
#2968=PLANE('',#3287);
#2969=PLANE('',#3288);
#2970=PLANE('',#3290);
#2971=PLANE('',#3291);
#2972=PLANE('',#3292);
#2973=PLANE('',#3302);
#2974=PLANE('',#3303);
#2975=PLANE('',#3314);
#2976=PLANE('',#3315);
#2977=PLANE('',#3317);
#2978=PLANE('',#3318);
#2979=PLANE('',#3319);
#2980=PLANE('',#3320);
#2981=PLANE('',#3321);
#2982=PLANE('',#3322);
#2983=PLANE('',#3323);
#2984=PLANE('',#3324);
#2985=PLANE('',#3325);
#2986=PLANE('',#3326);
#2987=PLANE('',#3327);
#2988=PLANE('',#3328);
#2989=PLANE('',#3329);
#2990=PLANE('',#3330);
#2991=PLANE('',#3331);
#2992=PLANE('',#3332);
#2993=PLANE('',#3333);
#2994=PLANE('',#3334);
#2995=PLANE('',#3335);
#2996=PLANE('',#3336);
#2997=PLANE('',#3337);
#2998=PLANE('',#3338);
#2999=PLANE('',#3339);
#3000=PLANE('',#3340);
#3001=PLANE('',#3341);
#3002=PLANE('',#3342);
#3003=PLANE('',#3343);
#3004=PLANE('',#3344);
#3005=PLANE('',#3345);
#3006=PLANE('',#3346);
#3007=PLANE('',#3347);
#3008=PLANE('',#3348);
#3009=PLANE('',#3349);
#3010=PLANE('',#3350);
#3011=PLANE('',#3351);
#3012=PLANE('',#3352);
#3013=PLANE('',#3354);
#3014=PLANE('',#3355);
#3015=PLANE('',#3356);
#3016=PLANE('',#3357);
#3017=PLANE('',#3358);
#3018=PLANE('',#3359);
#3019=PLANE('',#3360);
#3020=PLANE('',#3361);
#3021=PLANE('',#3362);
#3022=PLANE('',#3363);
#3023=PLANE('',#3364);
#3024=PLANE('',#3365);
#3025=PLANE('',#3366);
#3026=PLANE('',#3367);
#3027=PLANE('',#3368);
#3028=PLANE('',#3369);
#3029=PLANE('',#3370);
#3030=PLANE('',#3371);
#3031=PLANE('',#3372);
#3032=PLANE('',#3373);
#3033=PLANE('',#3374);
#3034=PLANE('',#3375);
#3035=PLANE('',#3376);
#3036=PLANE('',#3377);
#3037=PLANE('',#3378);
#3038=PLANE('',#3379);
#3039=PLANE('',#3380);
#3040=PLANE('',#3381);
#3041=PLANE('',#3382);
#3042=PLANE('',#3383);
#3043=PLANE('',#3384);
#3044=PLANE('',#3385);
#3045=PLANE('',#3386);
#3046=PLANE('',#3387);
#3047=PLANE('',#3388);
#3048=PLANE('',#3389);
#3049=PLANE('',#3390);
#3050=PLANE('',#3391);
#3051=PLANE('',#3392);
#3052=PLANE('',#3393);
#3053=PLANE('',#3394);
#3054=PLANE('',#3395);
#3055=PLANE('',#3396);
#3056=PLANE('',#3397);
#3057=PLANE('',#3398);
#3058=PLANE('',#3399);
#3059=PLANE('',#3400);
#3060=PLANE('',#3401);
#3061=PLANE('',#3402);
#3062=PLANE('',#3403);
#3063=PLANE('',#3404);
#3064=PLANE('',#3405);
#3065=PLANE('',#3406);
#3066=PLANE('',#3407);
#3067=PLANE('',#3408);
#3068=PLANE('',#3409);
#3069=PLANE('',#3410);
#3070=PLANE('',#3411);
#3071=PLANE('',#3412);
#3072=PLANE('',#3413);
#3073=PLANE('',#3414);
#3074=PLANE('',#3415);
#3075=PLANE('',#3416);
#3076=PLANE('',#3417);
#3077=PLANE('',#3418);
#3078=PLANE('',#3419);
#3079=PLANE('',#3420);
#3080=PLANE('',#3421);
#3081=PLANE('',#3422);
#3082=PLANE('',#3423);
#3083=PLANE('',#3424);
#3084=PLANE('',#3425);
#3085=PLANE('',#3426);
#3086=PLANE('',#3427);
#3087=PLANE('',#3428);
#3088=PLANE('',#3429);
#3089=PLANE('',#3430);
#3090=PLANE('',#3431);
#3091=PLANE('',#3432);
#3092=PLANE('',#3433);
#3093=PLANE('',#3434);
#3094=PLANE('',#3435);
#3095=PLANE('',#3436);
#3096=PLANE('',#3437);
#3097=PLANE('',#3438);
#3098=PLANE('',#3439);
#3099=PLANE('',#3443);
#3100=PLANE('',#3446);
#3101=PLANE('',#3447);
#3102=PLANE('',#3448);
#3103=PLANE('',#3449);
#3104=PLANE('',#3450);
#3105=PLANE('',#3451);
#3106=ADVANCED_FACE('',(#64),#2958,.F.);
#3107=ADVANCED_FACE('',(#65),#2959,.F.);
#3108=ADVANCED_FACE('',(#66),#2960,.F.);
#3109=ADVANCED_FACE('',(#67,#26,#27,#28,#29,#30),#2961,.T.);
#3110=ADVANCED_FACE('',(#68),#2962,.F.);
#3111=ADVANCED_FACE('',(#69),#2963,.F.);
#3112=ADVANCED_FACE('',(#70),#2964,.F.);
#3113=ADVANCED_FACE('',(#71),#2965,.F.);
#3114=ADVANCED_FACE('',(#72),#2966,.F.);
#3115=ADVANCED_FACE('',(#73),#2967,.F.);
#3116=ADVANCED_FACE('',(#74),#2968,.T.);
#3117=ADVANCED_FACE('',(#75,#31),#2969,.F.);
#3118=ADVANCED_FACE('',(#76),#2970,.T.);
#3119=ADVANCED_FACE('',(#77),#2971,.T.);
#3120=ADVANCED_FACE('',(#78,#32,#33,#34),#2972,.T.);
#3121=ADVANCED_FACE('',(#79),#18,.F.);
#3122=ADVANCED_FACE('',(#80),#19,.F.);
#3123=ADVANCED_FACE('',(#81),#20,.F.);
#3124=ADVANCED_FACE('',(#82),#2973,.T.);
#3125=ADVANCED_FACE('',(#83,#35),#2974,.T.);
#3126=ADVANCED_FACE('',(#84),#21,.F.);
#3127=ADVANCED_FACE('',(#85),#22,.T.);
#3128=ADVANCED_FACE('',(#86,#36),#2975,.F.);
#3129=ADVANCED_FACE('',(#87,#37,#38,#39,#40,#41),#2976,.F.);
#3130=ADVANCED_FACE('',(#88,#42,#43,#44),#2977,.T.);
#3131=ADVANCED_FACE('',(#89),#2978,.T.);
#3132=ADVANCED_FACE('',(#90),#2979,.T.);
#3133=ADVANCED_FACE('',(#91),#2980,.T.);
#3134=ADVANCED_FACE('',(#92),#2981,.T.);
#3135=ADVANCED_FACE('',(#93),#2982,.T.);
#3136=ADVANCED_FACE('',(#94),#2983,.T.);
#3137=ADVANCED_FACE('',(#95),#2984,.T.);
#3138=ADVANCED_FACE('',(#96),#2985,.T.);
#3139=ADVANCED_FACE('',(#97),#2986,.T.);
#3140=ADVANCED_FACE('',(#98),#2987,.T.);
#3141=ADVANCED_FACE('',(#99),#2988,.T.);
#3142=ADVANCED_FACE('',(#100),#2989,.T.);
#3143=ADVANCED_FACE('',(#101),#2990,.T.);
#3144=ADVANCED_FACE('',(#102),#2991,.T.);
#3145=ADVANCED_FACE('',(#103),#2992,.T.);
#3146=ADVANCED_FACE('',(#104),#2993,.T.);
#3147=ADVANCED_FACE('',(#105),#2994,.T.);
#3148=ADVANCED_FACE('',(#106),#2995,.T.);
#3149=ADVANCED_FACE('',(#107),#2996,.T.);
#3150=ADVANCED_FACE('',(#108),#2997,.T.);
#3151=ADVANCED_FACE('',(#109),#2998,.T.);
#3152=ADVANCED_FACE('',(#110),#2999,.T.);
#3153=ADVANCED_FACE('',(#111),#3000,.T.);
#3154=ADVANCED_FACE('',(#112),#3001,.T.);
#3155=ADVANCED_FACE('',(#113),#3002,.T.);
#3156=ADVANCED_FACE('',(#114),#3003,.T.);
#3157=ADVANCED_FACE('',(#115),#3004,.T.);
#3158=ADVANCED_FACE('',(#116),#3005,.T.);
#3159=ADVANCED_FACE('',(#117),#3006,.T.);
#3160=ADVANCED_FACE('',(#118),#3007,.T.);
#3161=ADVANCED_FACE('',(#119),#3008,.T.);
#3162=ADVANCED_FACE('',(#120),#3009,.T.);
#3163=ADVANCED_FACE('',(#121),#3010,.T.);
#3164=ADVANCED_FACE('',(#122),#3011,.T.);
#3165=ADVANCED_FACE('',(#123),#3012,.T.);
#3166=ADVANCED_FACE('',(#124),#23,.F.);
#3167=ADVANCED_FACE('',(#125),#3013,.T.);
#3168=ADVANCED_FACE('',(#126),#3014,.T.);
#3169=ADVANCED_FACE('',(#127),#3015,.T.);
#3170=ADVANCED_FACE('',(#128),#3016,.T.);
#3171=ADVANCED_FACE('',(#129),#3017,.T.);
#3172=ADVANCED_FACE('',(#130),#3018,.T.);
#3173=ADVANCED_FACE('',(#131),#3019,.T.);
#3174=ADVANCED_FACE('',(#132),#3020,.T.);
#3175=ADVANCED_FACE('',(#133),#3021,.T.);
#3176=ADVANCED_FACE('',(#134),#3022,.T.);
#3177=ADVANCED_FACE('',(#135),#3023,.T.);
#3178=ADVANCED_FACE('',(#136),#3024,.T.);
#3179=ADVANCED_FACE('',(#137),#3025,.T.);
#3180=ADVANCED_FACE('',(#138),#3026,.T.);
#3181=ADVANCED_FACE('',(#139),#3027,.T.);
#3182=ADVANCED_FACE('',(#140),#3028,.T.);
#3183=ADVANCED_FACE('',(#141),#3029,.T.);
#3184=ADVANCED_FACE('',(#142),#3030,.T.);
#3185=ADVANCED_FACE('',(#143),#3031,.T.);
#3186=ADVANCED_FACE('',(#144),#3032,.T.);
#3187=ADVANCED_FACE('',(#145),#3033,.T.);
#3188=ADVANCED_FACE('',(#146),#3034,.T.);
#3189=ADVANCED_FACE('',(#147),#3035,.T.);
#3190=ADVANCED_FACE('',(#148),#3036,.T.);
#3191=ADVANCED_FACE('',(#149),#3037,.T.);
#3192=ADVANCED_FACE('',(#150),#3038,.T.);
#3193=ADVANCED_FACE('',(#151),#3039,.T.);
#3194=ADVANCED_FACE('',(#152),#3040,.T.);
#3195=ADVANCED_FACE('',(#153),#3041,.T.);
#3196=ADVANCED_FACE('',(#154),#3042,.T.);
#3197=ADVANCED_FACE('',(#155),#3043,.T.);
#3198=ADVANCED_FACE('',(#156),#3044,.T.);
#3199=ADVANCED_FACE('',(#157),#3045,.T.);
#3200=ADVANCED_FACE('',(#158),#3046,.T.);
#3201=ADVANCED_FACE('',(#159),#3047,.T.);
#3202=ADVANCED_FACE('',(#160),#3048,.T.);
#3203=ADVANCED_FACE('',(#161),#3049,.T.);
#3204=ADVANCED_FACE('',(#162),#3050,.T.);
#3205=ADVANCED_FACE('',(#163),#3051,.T.);
#3206=ADVANCED_FACE('',(#164),#3052,.T.);
#3207=ADVANCED_FACE('',(#165),#3053,.T.);
#3208=ADVANCED_FACE('',(#166),#3054,.T.);
#3209=ADVANCED_FACE('',(#167),#3055,.T.);
#3210=ADVANCED_FACE('',(#168),#3056,.T.);
#3211=ADVANCED_FACE('',(#169),#3057,.T.);
#3212=ADVANCED_FACE('',(#170),#3058,.T.);
#3213=ADVANCED_FACE('',(#171),#3059,.T.);
#3214=ADVANCED_FACE('',(#172),#3060,.T.);
#3215=ADVANCED_FACE('',(#173),#3061,.T.);
#3216=ADVANCED_FACE('',(#174),#3062,.T.);
#3217=ADVANCED_FACE('',(#175),#3063,.T.);
#3218=ADVANCED_FACE('',(#176),#3064,.T.);
#3219=ADVANCED_FACE('',(#177),#3065,.T.);
#3220=ADVANCED_FACE('',(#178),#3066,.T.);
#3221=ADVANCED_FACE('',(#179),#3067,.T.);
#3222=ADVANCED_FACE('',(#180),#3068,.T.);
#3223=ADVANCED_FACE('',(#181),#3069,.T.);
#3224=ADVANCED_FACE('',(#182),#3070,.T.);
#3225=ADVANCED_FACE('',(#183),#3071,.T.);
#3226=ADVANCED_FACE('',(#184),#3072,.T.);
#3227=ADVANCED_FACE('',(#185),#3073,.T.);
#3228=ADVANCED_FACE('',(#186),#3074,.T.);
#3229=ADVANCED_FACE('',(#187),#3075,.T.);
#3230=ADVANCED_FACE('',(#188),#3076,.T.);
#3231=ADVANCED_FACE('',(#189),#3077,.T.);
#3232=ADVANCED_FACE('',(#190),#3078,.T.);
#3233=ADVANCED_FACE('',(#191),#3079,.T.);
#3234=ADVANCED_FACE('',(#192),#3080,.T.);
#3235=ADVANCED_FACE('',(#193),#3081,.T.);
#3236=ADVANCED_FACE('',(#194),#3082,.T.);
#3237=ADVANCED_FACE('',(#195),#3083,.T.);
#3238=ADVANCED_FACE('',(#196),#3084,.T.);
#3239=ADVANCED_FACE('',(#197),#3085,.T.);
#3240=ADVANCED_FACE('',(#198),#3086,.T.);
#3241=ADVANCED_FACE('',(#199),#3087,.T.);
#3242=ADVANCED_FACE('',(#200),#3088,.T.);
#3243=ADVANCED_FACE('',(#201),#3089,.T.);
#3244=ADVANCED_FACE('',(#202),#3090,.T.);
#3245=ADVANCED_FACE('',(#203),#3091,.T.);
#3246=ADVANCED_FACE('',(#204),#3092,.T.);
#3247=ADVANCED_FACE('',(#205),#3093,.T.);
#3248=ADVANCED_FACE('',(#206),#3094,.T.);
#3249=ADVANCED_FACE('',(#207),#3095,.T.);
#3250=ADVANCED_FACE('',(#208),#3096,.T.);
#3251=ADVANCED_FACE('',(#209),#3097,.T.);
#3252=ADVANCED_FACE('',(#210,#45),#3098,.T.);
#3253=ADVANCED_FACE('',(#211),#24,.F.);
#3254=ADVANCED_FACE('',(#212,#46),#3099,.T.);
#3255=ADVANCED_FACE('',(#213),#25,.F.);
#3256=ADVANCED_FACE('',(#214),#3100,.T.);
#3257=ADVANCED_FACE('',(#215),#3101,.T.);
#3258=ADVANCED_FACE('',(#216),#3102,.T.);
#3259=ADVANCED_FACE('',(#217),#3103,.T.);
#3260=ADVANCED_FACE('',(#218),#3104,.T.);
#3261=ADVANCED_FACE('',(#219),#3105,.T.);
#3262=CLOSED_SHELL('',(#3106,#3107,#3108,#3109,#3110,#3111,#3112,#3113,
#3114,#3115,#3116,#3117,#3118,#3119,#3120,#3121,#3122,#3123,#3124,#3125,
#3126,#3127,#3128,#3129,#3130,#3131,#3132,#3133,#3134,#3135,#3136,#3137,
#3138,#3139,#3140,#3141,#3142,#3143,#3144,#3145,#3146,#3147,#3148,#3149,
#3150,#3151,#3152,#3153,#3154,#3155,#3156,#3157,#3158,#3159,#3160,#3161,
#3162,#3163,#3164,#3165,#3166,#3167,#3168,#3169,#3170,#3171,#3172,#3173,
#3174,#3175,#3176,#3177,#3178,#3179,#3180,#3181,#3182,#3183,#3184,#3185,
#3186,#3187,#3188,#3189,#3190,#3191,#3192,#3193,#3194,#3195,#3196,#3197,
#3198,#3199,#3200,#3201,#3202,#3203,#3204,#3205,#3206,#3207,#3208,#3209,
#3210,#3211,#3212,#3213,#3214,#3215,#3216,#3217,#3218,#3219,#3220,#3221,
#3222,#3223,#3224,#3225,#3226,#3227,#3228,#3229,#3230,#3231,#3232,#3233,
#3234,#3235,#3236,#3237,#3238,#3239,#3240,#3241,#3242,#3243,#3244,#3245,
#3246,#3247,#3248,#3249,#3250,#3251,#3252,#3253,#3254,#3255,#3256,#3257,
#3258,#3259,#3260,#3261));
#3263=DERIVED_UNIT_ELEMENT(#3265,1.);
#3264=DERIVED_UNIT_ELEMENT(#5172,-3.);
#3265=(
MASS_UNIT()
NAMED_UNIT(*)
SI_UNIT(.KILO.,.GRAM.)
);
#3266=DERIVED_UNIT((#3263,#3264));
#3267=MEASURE_REPRESENTATION_ITEM('density measure',
POSITIVE_RATIO_MEASURE(7850.),#3266);
#3268=PROPERTY_DEFINITION_REPRESENTATION(#3273,#3270);
#3269=PROPERTY_DEFINITION_REPRESENTATION(#3274,#3271);
#3270=REPRESENTATION('material name',(#3272),#5169);
#3271=REPRESENTATION('density',(#3267),#5169);
#3272=DESCRIPTIVE_REPRESENTATION_ITEM('Acier','Acier');
#3273=PROPERTY_DEFINITION('material property','material name',#5179);
#3274=PROPERTY_DEFINITION('material property','density of part',#5179);
#3275=AXIS2_PLACEMENT_3D('',#4245,#3452,#3453);
#3276=AXIS2_PLACEMENT_3D('',#4246,#3454,#3455);
#3277=AXIS2_PLACEMENT_3D('',#4255,#3460,#3461);
#3278=AXIS2_PLACEMENT_3D('',#4264,#3466,#3467);
#3279=AXIS2_PLACEMENT_3D('',#4270,#3471,#3472);
#3280=AXIS2_PLACEMENT_3D('',#4448,#3561,#3562);
#3281=AXIS2_PLACEMENT_3D('',#4529,#3604,#3605);
#3282=AXIS2_PLACEMENT_3D('',#4535,#3609,#3610);
#3283=AXIS2_PLACEMENT_3D('',#4539,#3613,#3614);
#3284=AXIS2_PLACEMENT_3D('',#4543,#3617,#3618);
#3285=AXIS2_PLACEMENT_3D('',#4549,#3622,#3623);
#3286=AXIS2_PLACEMENT_3D('',#4553,#3626,#3627);
#3287=AXIS2_PLACEMENT_3D('',#4557,#3630,#3631);
#3288=AXIS2_PLACEMENT_3D('',#4570,#3638,#3639);
#3289=AXIS2_PLACEMENT_3D('',#4590,#3649,#3650);
#3290=AXIS2_PLACEMENT_3D('',#4591,#3651,#3652);
#3291=AXIS2_PLACEMENT_3D('',#4594,#3655,#3656);
#3292=AXIS2_PLACEMENT_3D('',#4597,#3659,#3660);
#3293=AXIS2_PLACEMENT_3D('',#4599,#3661,#3662);
#3294=AXIS2_PLACEMENT_3D('',#4601,#3663,#3664);
#3295=AXIS2_PLACEMENT_3D('',#4603,#3665,#3666);
#3296=AXIS2_PLACEMENT_3D('',#4604,#3667,#3668);
#3297=AXIS2_PLACEMENT_3D('',#4607,#3670,#3671);
#3298=AXIS2_PLACEMENT_3D('',#4608,#3672,#3673);
#3299=AXIS2_PLACEMENT_3D('',#4611,#3675,#3676);
#3300=AXIS2_PLACEMENT_3D('',#4612,#3677,#3678);
#3301=AXIS2_PLACEMENT_3D('',#4615,#3680,#3681);
#3302=AXIS2_PLACEMENT_3D('',#4616,#3682,#3683);
#3303=AXIS2_PLACEMENT_3D('',#4627,#3690,#3691);
#3304=AXIS2_PLACEMENT_3D('',#4630,#3692,#3693);
#3305=AXIS2_PLACEMENT_3D('',#4632,#3694,#3695);
#3306=AXIS2_PLACEMENT_3D('',#4633,#3696,#3697);
#3307=AXIS2_PLACEMENT_3D('',#4635,#3698,#3699);
#3308=AXIS2_PLACEMENT_3D('',#4636,#3700,#3701);
#3309=AXIS2_PLACEMENT_3D('',#4638,#3702,#3703);
#3310=AXIS2_PLACEMENT_3D('',#4640,#3705,#3706);
#3311=AXIS2_PLACEMENT_3D('',#4643,#3707,#3708);
#3312=AXIS2_PLACEMENT_3D('',#4647,#3711,#3712);
#3313=AXIS2_PLACEMENT_3D('',#4650,#3714,#3715);
#3314=AXIS2_PLACEMENT_3D('',#4651,#3716,#3717);
#3315=AXIS2_PLACEMENT_3D('',#4652,#3718,#3719);
#3316=AXIS2_PLACEMENT_3D('',#4888,#3840,#3841);
#3317=AXIS2_PLACEMENT_3D('',#4889,#3842,#3843);
#3318=AXIS2_PLACEMENT_3D('',#4894,#3847,#3848);
#3319=AXIS2_PLACEMENT_3D('',#4896,#3850,#3851);
#3320=AXIS2_PLACEMENT_3D('',#4898,#3853,#3854);
#3321=AXIS2_PLACEMENT_3D('',#4900,#3856,#3857);
#3322=AXIS2_PLACEMENT_3D('',#4902,#3859,#3860);
#3323=AXIS2_PLACEMENT_3D('',#4904,#3862,#3863);
#3324=AXIS2_PLACEMENT_3D('',#4906,#3865,#3866);
#3325=AXIS2_PLACEMENT_3D('',#4908,#3868,#3869);
#3326=AXIS2_PLACEMENT_3D('',#4910,#3871,#3872);
#3327=AXIS2_PLACEMENT_3D('',#4912,#3874,#3875);
#3328=AXIS2_PLACEMENT_3D('',#4913,#3876,#3877);
#3329=AXIS2_PLACEMENT_3D('',#4916,#3880,#3881);
#3330=AXIS2_PLACEMENT_3D('',#4918,#3883,#3884);
#3331=AXIS2_PLACEMENT_3D('',#4920,#3886,#3887);
#3332=AXIS2_PLACEMENT_3D('',#4922,#3889,#3890);
#3333=AXIS2_PLACEMENT_3D('',#4923,#3891,#3892);
#3334=AXIS2_PLACEMENT_3D('',#4925,#3894,#3895);
#3335=AXIS2_PLACEMENT_3D('',#4926,#3896,#3897);
#3336=AXIS2_PLACEMENT_3D('',#4928,#3899,#3900);
#3337=AXIS2_PLACEMENT_3D('',#4930,#3902,#3903);
#3338=AXIS2_PLACEMENT_3D('',#4932,#3905,#3906);
#3339=AXIS2_PLACEMENT_3D('',#4934,#3908,#3909);
#3340=AXIS2_PLACEMENT_3D('',#4936,#3911,#3912);
#3341=AXIS2_PLACEMENT_3D('',#4938,#3914,#3915);
#3342=AXIS2_PLACEMENT_3D('',#4940,#3917,#3918);
#3343=AXIS2_PLACEMENT_3D('',#4941,#3919,#3920);
#3344=AXIS2_PLACEMENT_3D('',#4944,#3923,#3924);
#3345=AXIS2_PLACEMENT_3D('',#4946,#3926,#3927);
#3346=AXIS2_PLACEMENT_3D('',#4948,#3929,#3930);
#3347=AXIS2_PLACEMENT_3D('',#4950,#3932,#3933);
#3348=AXIS2_PLACEMENT_3D('',#4952,#3935,#3936);
#3349=AXIS2_PLACEMENT_3D('',#4953,#3937,#3938);
#3350=AXIS2_PLACEMENT_3D('',#4955,#3940,#3941);
#3351=AXIS2_PLACEMENT_3D('',#4957,#3943,#3944);
#3352=AXIS2_PLACEMENT_3D('',#4959,#3946,#3947);
#3353=AXIS2_PLACEMENT_3D('',#4960,#3948,#3949);
#3354=AXIS2_PLACEMENT_3D('',#4962,#3951,#3952);
#3355=AXIS2_PLACEMENT_3D('',#4964,#3954,#3955);
#3356=AXIS2_PLACEMENT_3D('',#4966,#3957,#3958);
#3357=AXIS2_PLACEMENT_3D('',#4968,#3960,#3961);
#3358=AXIS2_PLACEMENT_3D('',#4970,#3963,#3964);
#3359=AXIS2_PLACEMENT_3D('',#4972,#3966,#3967);
#3360=AXIS2_PLACEMENT_3D('',#4974,#3969,#3970);
#3361=AXIS2_PLACEMENT_3D('',#4976,#3972,#3973);
#3362=AXIS2_PLACEMENT_3D('',#4978,#3975,#3976);
#3363=AXIS2_PLACEMENT_3D('',#4980,#3978,#3979);
#3364=AXIS2_PLACEMENT_3D('',#4982,#3981,#3982);
#3365=AXIS2_PLACEMENT_3D('',#4984,#3984,#3985);
#3366=AXIS2_PLACEMENT_3D('',#4986,#3987,#3988);
#3367=AXIS2_PLACEMENT_3D('',#4988,#3990,#3991);
#3368=AXIS2_PLACEMENT_3D('',#4990,#3993,#3994);
#3369=AXIS2_PLACEMENT_3D('',#4992,#3996,#3997);
#3370=AXIS2_PLACEMENT_3D('',#4994,#3999,#4000);
#3371=AXIS2_PLACEMENT_3D('',#4996,#4002,#4003);
#3372=AXIS2_PLACEMENT_3D('',#4998,#4005,#4006);
#3373=AXIS2_PLACEMENT_3D('',#5000,#4008,#4009);
#3374=AXIS2_PLACEMENT_3D('',#5002,#4011,#4012);
#3375=AXIS2_PLACEMENT_3D('',#5004,#4014,#4015);
#3376=AXIS2_PLACEMENT_3D('',#5006,#4017,#4018);
#3377=AXIS2_PLACEMENT_3D('',#5008,#4020,#4021);
#3378=AXIS2_PLACEMENT_3D('',#5010,#4023,#4024);
#3379=AXIS2_PLACEMENT_3D('',#5012,#4026,#4027);
#3380=AXIS2_PLACEMENT_3D('',#5014,#4029,#4030);
#3381=AXIS2_PLACEMENT_3D('',#5016,#4032,#4033);
#3382=AXIS2_PLACEMENT_3D('',#5018,#4035,#4036);
#3383=AXIS2_PLACEMENT_3D('',#5020,#4038,#4039);
#3384=AXIS2_PLACEMENT_3D('',#5022,#4041,#4042);
#3385=AXIS2_PLACEMENT_3D('',#5024,#4044,#4045);
#3386=AXIS2_PLACEMENT_3D('',#5026,#4047,#4048);
#3387=AXIS2_PLACEMENT_3D('',#5028,#4050,#4051);
#3388=AXIS2_PLACEMENT_3D('',#5030,#4053,#4054);
#3389=AXIS2_PLACEMENT_3D('',#5032,#4056,#4057);
#3390=AXIS2_PLACEMENT_3D('',#5034,#4059,#4060);
#3391=AXIS2_PLACEMENT_3D('',#5036,#4062,#4063);
#3392=AXIS2_PLACEMENT_3D('',#5038,#4065,#4066);
#3393=AXIS2_PLACEMENT_3D('',#5040,#4068,#4069);
#3394=AXIS2_PLACEMENT_3D('',#5042,#4071,#4072);
#3395=AXIS2_PLACEMENT_3D('',#5044,#4074,#4075);
#3396=AXIS2_PLACEMENT_3D('',#5046,#4077,#4078);
#3397=AXIS2_PLACEMENT_3D('',#5048,#4080,#4081);
#3398=AXIS2_PLACEMENT_3D('',#5050,#4083,#4084);
#3399=AXIS2_PLACEMENT_3D('',#5052,#4086,#4087);
#3400=AXIS2_PLACEMENT_3D('',#5054,#4089,#4090);
#3401=AXIS2_PLACEMENT_3D('',#5056,#4092,#4093);
#3402=AXIS2_PLACEMENT_3D('',#5058,#4095,#4096);
#3403=AXIS2_PLACEMENT_3D('',#5060,#4098,#4099);
#3404=AXIS2_PLACEMENT_3D('',#5062,#4101,#4102);
#3405=AXIS2_PLACEMENT_3D('',#5064,#4104,#4105);
#3406=AXIS2_PLACEMENT_3D('',#5066,#4107,#4108);
#3407=AXIS2_PLACEMENT_3D('',#5068,#4110,#4111);
#3408=AXIS2_PLACEMENT_3D('',#5070,#4113,#4114);
#3409=AXIS2_PLACEMENT_3D('',#5072,#4116,#4117);
#3410=AXIS2_PLACEMENT_3D('',#5074,#4119,#4120);
#3411=AXIS2_PLACEMENT_3D('',#5076,#4122,#4123);
#3412=AXIS2_PLACEMENT_3D('',#5078,#4125,#4126);
#3413=AXIS2_PLACEMENT_3D('',#5080,#4128,#4129);
#3414=AXIS2_PLACEMENT_3D('',#5082,#4131,#4132);
#3415=AXIS2_PLACEMENT_3D('',#5084,#4134,#4135);
#3416=AXIS2_PLACEMENT_3D('',#5086,#4137,#4138);
#3417=AXIS2_PLACEMENT_3D('',#5088,#4140,#4141);
#3418=AXIS2_PLACEMENT_3D('',#5090,#4143,#4144);
#3419=AXIS2_PLACEMENT_3D('',#5092,#4146,#4147);
#3420=AXIS2_PLACEMENT_3D('',#5094,#4149,#4150);
#3421=AXIS2_PLACEMENT_3D('',#5096,#4152,#4153);
#3422=AXIS2_PLACEMENT_3D('',#5098,#4155,#4156);
#3423=AXIS2_PLACEMENT_3D('',#5100,#4158,#4159);
#3424=AXIS2_PLACEMENT_3D('',#5102,#4161,#4162);
#3425=AXIS2_PLACEMENT_3D('',#5104,#4164,#4165);
#3426=AXIS2_PLACEMENT_3D('',#5106,#4167,#4168);
#3427=AXIS2_PLACEMENT_3D('',#5108,#4170,#4171);
#3428=AXIS2_PLACEMENT_3D('',#5110,#4173,#4174);
#3429=AXIS2_PLACEMENT_3D('',#5112,#4176,#4177);
#3430=AXIS2_PLACEMENT_3D('',#5114,#4179,#4180);
#3431=AXIS2_PLACEMENT_3D('',#5116,#4182,#4183);
#3432=AXIS2_PLACEMENT_3D('',#5118,#4185,#4186);
#3433=AXIS2_PLACEMENT_3D('',#5120,#4188,#4189);
#3434=AXIS2_PLACEMENT_3D('',#5122,#4191,#4192);
#3435=AXIS2_PLACEMENT_3D('',#5124,#4194,#4195);
#3436=AXIS2_PLACEMENT_3D('',#5126,#4197,#4198);
#3437=AXIS2_PLACEMENT_3D('',#5128,#4200,#4201);
#3438=AXIS2_PLACEMENT_3D('',#5129,#4202,#4203);
#3439=AXIS2_PLACEMENT_3D('',#5133,#4206,#4207);
#3440=AXIS2_PLACEMENT_3D('',#5146,#4214,#4215);
#3441=AXIS2_PLACEMENT_3D('',#5147,#4216,#4217);
#3442=AXIS2_PLACEMENT_3D('',#5150,#4219,#4220);
#3443=AXIS2_PLACEMENT_3D('',#5151,#4221,#4222);
#3444=AXIS2_PLACEMENT_3D('',#5153,#4223,#4224);
#3445=AXIS2_PLACEMENT_3D('',#5154,#4225,#4226);
#3446=AXIS2_PLACEMENT_3D('',#5156,#4228,#4229);
#3447=AXIS2_PLACEMENT_3D('',#5159,#4232,#4233);
#3448=AXIS2_PLACEMENT_3D('',#5161,#4235,#4236);
#3449=AXIS2_PLACEMENT_3D('',#5162,#4237,#4238);
#3450=AXIS2_PLACEMENT_3D('',#5164,#4240,#4241);
#3451=AXIS2_PLACEMENT_3D('',#5166,#4243,#4244);
#3452=DIRECTION('axis',(0.,0.,1.));
#3453=DIRECTION('refdir',(1.,0.,0.));
#3454=DIRECTION('center_axis',(-0.00163992664118279,0.999998655319402,0.));
#3455=DIRECTION('ref_axis',(0.999998655319402,0.00163992664118279,-4.96996409066128E-16));
#3456=DIRECTION('',(0.999998655319402,0.00163992664118279,3.59994592373543E-16));
#3457=DIRECTION('',(0.,0.,-1.));
#3458=DIRECTION('',(-0.999998655319402,-0.00163992664118279,-3.59994592373543E-16));
#3459=DIRECTION('',(0.,0.,-1.));
#3460=DIRECTION('center_axis',(0.999998655319408,0.00163992663715361,0.));
#3461=DIRECTION('ref_axis',(0.00163992663715361,-0.999998655319408,3.53263404337498E-17));
#3462=DIRECTION('',(0.00163992663715361,-0.999998655319408,1.35365796296663E-15));
#3463=DIRECTION('',(0.,0.,-1.));
#3464=DIRECTION('',(-0.00163992663715361,0.999998655319408,-1.35365796296663E-15));
#3465=DIRECTION('',(-2.63677968348484E-16,1.45716771982069E-16,1.));
#3466=DIRECTION('center_axis',(-0.00163992663715727,0.999998655319408,0.));
#3467=DIRECTION('ref_axis',(0.999998655319408,0.00163992663715727,-4.96996409065987E-16));
#3468=DIRECTION('',(0.999998655319408,0.00163992663715727,3.59994592378992E-16));
#3469=DIRECTION('',(0.,0.,-1.));
#3470=DIRECTION('',(-0.999998655319408,-0.00163992663715727,-3.59994592378992E-16));
#3471=DIRECTION('center_axis',(-3.6221400805232E-16,1.35306577800777E-15,
1.));
#3472=DIRECTION('ref_axis',(-1.,-8.604228440845E-15,-3.62214008052308E-16));
#3473=DIRECTION('',(-0.0127451135111313,-0.999918777742267,1.34833942030247E-15));
#3474=DIRECTION('',(0.00375767925402723,-0.999992939898389,1.35441730928947E-15));
#3475=DIRECTION('',(-0.00238629074121277,-0.999997152804196,1.35219757763081E-15));
#3476=DIRECTION('',(0.98822672983423,-0.152996504669693,5.64963899301062E-16));
#3477=DIRECTION('',(0.00163992663857356,-0.999998655319406,1.35365796296715E-15));
#3478=DIRECTION('',(-0.999998655319363,-0.00163992666462894,-3.59994592341805E-16));
#3479=DIRECTION('',(-0.00238629074123779,-0.999997152804196,1.3521975776308E-15));
#3480=DIRECTION('',(0.999998655319383,0.00163992665269892,3.59994592357955E-16));
#3481=DIRECTION('',(0.00163992663913328,-0.999998655319405,1.35365796296735E-15));
#3482=DIRECTION('',(-0.995923694347956,0.0901997507553025,-4.82783708975878E-16));
#3483=DIRECTION('',(-0.00238629074128738,-0.999997152804196,1.35219757763079E-15));
#3484=DIRECTION('',(0.999998655319396,0.0016399266446605,3.59994592368836E-16));
#3485=DIRECTION('',(0.00163992663909262,-0.999998655319405,1.35365796296733E-15));
#3486=DIRECTION('',(-0.999998655319391,-0.00163992664791358,-3.59994592364432E-16));
#3487=DIRECTION('',(-0.00238629074103428,-0.999997152804196,1.35219757763088E-15));
#3488=DIRECTION('',(0.999998655319396,0.00163992664434703,3.5999459236926E-16));
#3489=DIRECTION('',(0.00163992663930544,-0.999998655319405,1.35365796296741E-15));
#3490=DIRECTION('',(-0.998582703845825,0.0532220215696611,-4.33713539554019E-16));
#3491=DIRECTION('',(-0.00238629074107205,-0.999997152804196,1.35219757763086E-15));
#3492=DIRECTION('',(0.9999986553194,0.00163992664197256,3.59994592372474E-16));
#3493=DIRECTION('',(0.00163992663880061,-0.999998655319406,1.35365796296723E-15));
#3494=DIRECTION('',(-0.999998655319405,-0.00163992663923648,-3.59994592376178E-16));
#3495=DIRECTION('',(-0.00238629074117862,-0.999997152804196,1.35219757763083E-15));
#3496=DIRECTION('',(0.999998655319408,0.00163992663744859,3.59994592378598E-16));
#3497=DIRECTION('',(0.00685641251081665,-0.999976494527487,1.35551746221372E-15));
#3498=DIRECTION('',(0.0459805424473899,-0.998942335531057,1.36828948498252E-15));
#3499=DIRECTION('',(0.119899149701221,-0.992786076605088,1.38673401671229E-15));
#3500=DIRECTION('',(0.999999768440121,0.000680528988860895,3.61293123692318E-16));
#3501=DIRECTION('',(0.000259040014988531,-0.999999966449135,1.35315956053332E-15));
#3502=DIRECTION('',(0.428889169476692,-0.903357116707226,1.3776512650227E-15));
#3503=DIRECTION('',(0.587895217044033,-0.808937088886861,1.30748897441435E-15));
#3504=DIRECTION('',(0.624691970338974,-0.780871271205447,1.2828423764721E-15));
#3505=DIRECTION('',(0.868245482759812,-0.496134842222536,9.85793752572352E-16));
#3506=DIRECTION('',(0.899554384787108,-0.436808778311847,9.16862208641921E-16));
#3507=DIRECTION('',(0.98582424946623,-0.167781253912182,5.84098425494139E-16));
#3508=DIRECTION('',(0.997681065532895,-0.0680624086933953,4.53466973476391E-16));
#3509=DIRECTION('',(0.999998655319405,0.00163992663910186,3.5999459237636E-16));
#3510=DIRECTION('',(0.999509115156066,0.0313293587540335,3.19645519508496E-16));
#3511=DIRECTION('',(-0.00163992663910698,0.999998655319405,-1.35365796296734E-15));
#3512=DIRECTION('',(-0.900480487818276,0.434896414170731,-9.14610101658276E-16));
#3513=DIRECTION('',(-0.721880894693234,0.692017321948588,-1.19782032832045E-15));
#3514=DIRECTION('',(-0.523888717213761,0.85178671742175,-1.34228328954033E-15));
#3515=DIRECTION('',(-0.347496904528402,0.93768112988541,-1.39461249410662E-15));
#3516=DIRECTION('',(-0.235036585316897,0.971986524372932,-1.4002952464203E-15));
#3517=DIRECTION('',(-0.1181560802002,0.992995035592688,-1.38638538777714E-15));
#3518=DIRECTION('',(-0.12353409115357,0.992340328880602,-1.38744751743316E-15));
#3519=DIRECTION('',(-0.0016399266390752,0.999998655319405,-1.35365796296733E-15));
#3520=DIRECTION('',(0.2762296473863,0.961091661552029,-1.20036598905201E-15));
#3521=DIRECTION('',(0.381187912123424,0.924497580121757,-1.11283443604243E-15));
#3522=DIRECTION('',(0.490932105847032,0.871197834850729,-1.00096549047057E-15));
#3523=DIRECTION('',(0.674176649230156,0.738570135892861,-7.55137749282242E-16));
#3524=DIRECTION('',(0.736352284025258,0.676598340088702,-6.48764947295617E-16));
#3525=DIRECTION('',(0.907381501351737,0.420307995408923,-2.40038074373717E-16));
#3526=DIRECTION('',(0.996786936719318,0.0800987065171345,2.52671372872276E-16));
#3527=DIRECTION('',(0.999297934542977,-0.0374651573884375,4.12652532439186E-16));
#3528=DIRECTION('',(0.972752736820477,-0.231845019373444,6.66046229163365E-16));
#3529=DIRECTION('',(0.888476582534416,-0.458921956641829,9.42770258328844E-16));
#3530=DIRECTION('',(0.814199793827947,-0.580584787718838,1.08048397817206E-15));
#3531=DIRECTION('',(0.623971083729829,-0.781447430521736,1.2833608426976E-15));
#3532=DIRECTION('',(0.553104118587778,-0.833112137710907,1.32759758244345E-15));
#3533=DIRECTION('',(0.352804951641303,-0.935696887938278,1.39385033325236E-15));
#3534=DIRECTION('',(0.0016399266391254,-0.999998655319405,1.35365796296735E-15));
#3535=DIRECTION('',(-0.099860211765047,-0.995001476434201,1.31013167928195E-15));
#3536=DIRECTION('',(-0.197527458704128,-0.980297354407268,1.25485959000242E-15));
#3537=DIRECTION('',(-0.231845340821704,-0.972752660206729,1.23222070484446E-15));
#3538=DIRECTION('',(-0.49119716935139,-0.871048414740066,1.00066730551798E-15));
#3539=DIRECTION('',(-0.767262633011802,-0.641333027360822,5.8985249809607E-16));
#3540=DIRECTION('',(-0.899117034703635,-0.437708302303876,2.66575339749135E-16));
#3541=DIRECTION('',(0.00163992663886297,-0.999998655319406,1.35365796296725E-15));
#3542=DIRECTION('',(0.999996747017366,-0.00255067729965578,3.65664063941348E-16));
#3543=DIRECTION('',(0.949933486105726,0.312452191502992,-7.86891522007618E-17));
#3544=DIRECTION('',(0.791299148610395,0.611429192473229,-5.40684279823894E-16));
#3545=DIRECTION('',(0.570114630960624,0.821565157224083,-9.05128193113965E-16));
#3546=DIRECTION('',(0.437633230557481,0.899153577266878,-1.05809704807597E-15));
#3547=DIRECTION('',(0.350188995801042,0.936679063083967,-1.14054502549038E-15));
#3548=DIRECTION('',(0.46796823020891,-0.883745288822034,1.36527015508581E-15));
#3549=DIRECTION('',(0.999996202675303,-0.00275583652881573,3.65941460705046E-16));
#3550=DIRECTION('',(0.462635668164949,0.886548497568842,-1.03198531297063E-15));
#3551=DIRECTION('',(0.281014195840488,0.959703611401001,-1.19675483542218E-15));
#3552=DIRECTION('',(0.308524458880166,0.951216409799947,-1.17530649074657E-15));
#3553=DIRECTION('',(0.092281245222596,0.995732982169501,-1.31386666250704E-15));
#3554=DIRECTION('',(0.0535692077167638,0.9985641391441,-1.3317194463864E-15));
#3555=DIRECTION('',(0.00259021564630135,0.999996645385826,-1.35212302660317E-15));
#3556=DIRECTION('',(-0.00222015875030946,0.999997535444525,-1.35386661590156E-15));
#3557=DIRECTION('',(-0.00552036152831132,0.99998476268821,-1.35504471319771E-15));
#3558=DIRECTION('',(0.00641246943871461,0.99997943990649,0.));
#3559=DIRECTION('',(-0.99997943990649,0.00641246943866696,-3.70883053848425E-16));
#3560=DIRECTION('',(-0.00641246943871461,-0.99997943990649,0.));
#3561=DIRECTION('center_axis',(3.6221400805232E-16,-1.35306577800777E-15,
-1.));
#3562=DIRECTION('ref_axis',(-1.,-8.604228440845E-15,-3.62214008052308E-16));
#3563=DIRECTION('',(-0.00163992663912304,0.999998655319405,-1.35365796296735E-15));
#3564=DIRECTION('',(0.000419912982047179,-0.99999991183654,1.35321775708107E-15));
#3565=DIRECTION('',(-0.196160402667087,-0.980571821145951,1.25572612840014E-15));
#3566=DIRECTION('',(-0.270144182116752,-0.962819879763848,1.2049086227375E-15));
#3567=DIRECTION('',(-0.892358708413747,-0.451326861064294,2.87450106006829E-16));
#3568=DIRECTION('',(-0.984797353666774,0.173707144962202,-5.91744589834751E-16));
#3569=DIRECTION('',(-0.967201030519395,0.254012138611957,-6.9402889381117E-16));
#3570=DIRECTION('',(-0.609186769247238,0.793026784020636,-1.29367338384337E-15));
#3571=DIRECTION('',(-0.425320980274465,0.905042575649548,-1.37863935372537E-15));
#3572=DIRECTION('',(-0.999998655319406,-0.00163992663883191,-3.59994592376726E-16));
#3573=DIRECTION('',(-0.00167383767632155,0.999998599132735,-1.35367016999578E-15));
#3574=DIRECTION('',(0.999998599132736,0.00167383767625521,3.59948688160892E-16));
#3575=DIRECTION('',(0.00167383767632155,-0.999998599132735,1.35367016999578E-15));
#3576=DIRECTION('',(0.00163992663909877,-0.999998655319405,1.35365796296734E-15));
#3577=DIRECTION('',(-0.999998655319401,-0.00163992664153848,-3.59994592373058E-16));
#3578=DIRECTION('',(-0.438338556746483,-0.898809940793609,1.05737660629801E-15));
#3579=DIRECTION('',(-0.987422895782038,-0.158101312092639,-1.43736929873165E-16));
#3580=DIRECTION('',(-0.78009644669183,0.625659279367597,-1.12912002022892E-15));
#3581=DIRECTION('',(-0.491665612411496,0.870784086655256,-1.35631631978005E-15));
#3582=DIRECTION('',(-0.999998655319403,-0.00163992664049594,-3.59994592374479E-16));
#3583=DIRECTION('',(-0.00163992663908844,0.999998655319405,-1.35365796296733E-15));
#3584=DIRECTION('',(-0.00167383767433203,0.999998599132739,-1.35367016999507E-15));
#3585=DIRECTION('',(0.999999022170582,0.00139844838269435,3.60321461219873E-16));
#3586=DIRECTION('',(0.00106143509754027,-0.999999436677608,1.35344948245649E-15));
#3587=DIRECTION('',(0.00145435655223914,-0.99999894242295,1.35359113535238E-15));
#3588=DIRECTION('',(-0.593417754103805,-0.804894632305618,8.74131158711535E-16));
#3589=DIRECTION('',(-0.919028645004468,-0.394190752886533,2.00480968715927E-16));
#3590=DIRECTION('',(-0.99541255225254,0.0956757587797634,-4.90007965206807E-16));
#3591=DIRECTION('',(-0.924958911466174,0.380067115256385,-8.49288881605424E-16));
#3592=DIRECTION('',(-0.423635635171471,0.905832682460102,-1.37909796460699E-15));
#3593=DIRECTION('',(-0.00163992663907601,0.999998655319405,-1.35365796296733E-15));
#3594=DIRECTION('',(-0.00163992663905194,0.999998655319405,-1.35365796296732E-15));
#3595=DIRECTION('',(0.00163992664113264,-0.999998655319402,1.35365796296807E-15));
#3596=DIRECTION('',(-0.999998655319285,-0.00163992671216557,-3.5999459227755E-16));
#3597=DIRECTION('',(-0.362055195643244,-0.932156658136245,1.13012781031614E-15));
#3598=DIRECTION('',(-0.606792107871238,-0.794860577601619,8.55710044393684E-16));
#3599=DIRECTION('',(-0.929720526959496,-0.368265857432043,1.61530130461474E-16));
#3600=DIRECTION('',(-0.984193941237608,-0.177094003374435,-1.16868996700159E-16));
#3601=DIRECTION('',(-0.893795729372587,0.448474295980633,-9.30560555723615E-16));
#3602=DIRECTION('',(-0.370510568467908,0.928828250352877,-1.39096983722982E-15));
#3603=DIRECTION('',(-0.999998655319407,-0.00163992663817713,-3.59994592377612E-16));
#3604=DIRECTION('center_axis',(0.999999436677608,0.00106143509754027,0.));
#3605=DIRECTION('ref_axis',(0.00106143509754027,-0.999999436677608,3.56138429908082E-17));
#3606=DIRECTION('',(0.,0.,-1.));
#3607=DIRECTION('',(-0.00106143509754027,0.999999436677608,-1.35344948245649E-15));
#3608=DIRECTION('',(-2.63677968348484E-16,1.45716771982069E-16,1.));
#3609=DIRECTION('center_axis',(-0.00139844838269435,0.999999022170582,0.));
#3610=DIRECTION('ref_axis',(0.999999022170582,0.00139844838269435,-4.96987864022782E-16));
#3611=DIRECTION('',(0.,0.,-1.));
#3612=DIRECTION('',(-0.999999022170582,-0.00139844838269435,-3.60321461219873E-16));
#3613=DIRECTION('center_axis',(-0.999998599132739,-0.00167383767433203,
0.));
#3614=DIRECTION('ref_axis',(-0.00167383767433203,0.999998599132739,-3.5309486726601E-17));
#3615=DIRECTION('',(-2.63677968348484E-16,1.45716771982069E-16,1.));
#3616=DIRECTION('',(0.00167383767433203,-0.999998599132739,1.35367016999507E-15));
#3617=DIRECTION('center_axis',(0.999998599132735,0.00167383767632155,0.));
#3618=DIRECTION('ref_axis',(0.00167383767632155,-0.999998599132735,3.53094867256123E-17));
#3619=DIRECTION('',(0.,0.,-1.));
#3620=DIRECTION('',(-0.00167383767632155,0.999998599132735,-1.35367016999578E-15));
#3621=DIRECTION('',(-2.63677968348484E-16,1.45716771982069E-16,1.));
#3622=DIRECTION('center_axis',(-0.00167383767625521,0.999998599132736,0.));
#3623=DIRECTION('ref_axis',(0.999998599132736,0.00167383767625521,-4.96997606734778E-16));
#3624=DIRECTION('',(0.,0.,-1.));
#3625=DIRECTION('',(-0.999998599132736,-0.00167383767625521,-3.59948688160892E-16));
#3626=DIRECTION('center_axis',(-0.999998599132735,-0.00167383767632155,
0.));
#3627=DIRECTION('ref_axis',(-0.00167383767632155,0.999998599132735,-3.53094867256123E-17));
#3628=DIRECTION('',(-2.63677968348484E-16,1.45716771982069E-16,1.));
#3629=DIRECTION('',(0.00167383767632155,-0.999998599132735,1.35367016999578E-15));
#3630=DIRECTION('center_axis',(0.,0.,-1.));
#3631=DIRECTION('ref_axis',(-1.,0.,0.));
#3632=DIRECTION('',(0.00552036152831132,-0.99998476268821,1.35504471319771E-15));
#3633=DIRECTION('',(-0.999984762688211,-0.00552036152830731,-3.54739076618362E-16));
#3634=DIRECTION('',(0.0127451135111313,0.999918777742267,-1.34833942030247E-15));
#3635=DIRECTION('',(0.00641246943871461,0.99997943990649,0.));
#3636=DIRECTION('',(0.99997943990649,-0.00641246943866696,3.70883053848425E-16));
#3637=DIRECTION('',(-0.00641246943871461,-0.99997943990649,0.));
#3638=DIRECTION('center_axis',(-9.8536039703826E-17,1.2073490060257E-15,
1.));
#3639=DIRECTION('ref_axis',(-1.,-2.05743895609198E-30,-9.8536039703826E-17));
#3640=DIRECTION('',(0.999984762688211,0.00552036152830731,9.18695352753622E-17));
#3641=DIRECTION('',(0.00552036152830271,-0.999984762688211,1.20787456383519E-15));
#3642=DIRECTION('',(0.00222015875030085,-0.999997535444525,1.20756479609787E-15));
#3643=DIRECTION('',(-0.999997535444525,-0.00222015875030113,-9.58552903958945E-17));
#3644=DIRECTION('',(0.00238629074122138,0.999997152804196,-1.20711043282746E-15));
#3645=DIRECTION('',(-0.00375767925401862,0.999992939898389,-1.20771074885121E-15));
#3646=DIRECTION('',(0.0127451135111399,0.999918777742266,-1.2059950894026E-15));
#3647=DIRECTION('',(0.999984762688211,0.00552036152829871,9.18695352753726E-17));
#3648=DIRECTION('',(-0.0127451135111313,-0.999918777742267,1.2059950894026E-15));
#3649=DIRECTION('center_axis',(-9.8536039703826E-17,1.2073490060257E-15,
1.));
#3650=DIRECTION('ref_axis',(-1.,-2.05743895609198E-30,-9.8536039703826E-17));
#3651=DIRECTION('center_axis',(0.99997943990649,-0.00641246943871461,2.64606951451841E-16));
#3652=DIRECTION('ref_axis',(2.63677968348484E-16,-1.45716771982069E-16,
-1.));
#3653=DIRECTION('',(2.63677968348484E-16,-1.45716771982069E-16,-1.));
#3654=DIRECTION('',(0.,0.,1.));
#3655=DIRECTION('center_axis',(-0.99997943990649,0.00641246943871461,-2.64606951451841E-16));
#3656=DIRECTION('ref_axis',(-2.63677968348484E-16,1.45716771982069E-16,
1.));
#3657=DIRECTION('',(-2.63677968348484E-16,1.45716771982069E-16,1.));
#3658=DIRECTION('',(0.,0.,-1.));
#3659=DIRECTION('center_axis',(0.00641246943866696,0.99997943990649,-1.44022949117927E-16));
#3660=DIRECTION('ref_axis',(-0.99997943990649,0.00641246943866696,-3.70883053848425E-16));
#3661=DIRECTION('center_axis',(-0.00641246943866696,-0.99997943990649,1.44022949117927E-16));
#3662=DIRECTION('ref_axis',(-2.28059956069261E-16,1.45488367870853E-16,
1.));
#3663=DIRECTION('center_axis',(-0.00641246943866696,-0.99997943990649,1.44022949117927E-16));
#3664=DIRECTION('ref_axis',(-2.28059956069261E-16,1.45488367870853E-16,
1.));
#3665=DIRECTION('center_axis',(-0.00641246943866696,-0.99997943990649,1.44022949117927E-16));
#3666=DIRECTION('ref_axis',(-2.28059956069261E-16,1.45488367870853E-16,
1.));
#3667=DIRECTION('center_axis',(-0.00641246943864627,-0.999979439906491,
1.77493703674728E-29));
#3668=DIRECTION('ref_axis',(-2.28983498828946E-16,1.46837987824026E-18,
1.));
#3669=DIRECTION('',(-0.00641246943864627,-0.999979439906491,1.77493703674728E-29));
#3670=DIRECTION('center_axis',(-0.00552036152830731,0.999984762688211,-1.47170149362515E-16));
#3671=DIRECTION('ref_axis',(-0.999984762688211,-0.00552036152830731,-2.28971903748191E-16));
#3672=DIRECTION('center_axis',(-0.00641246943864627,-0.999979439906491,
1.77493703674728E-29));
#3673=DIRECTION('ref_axis',(-2.28983498828946E-16,1.46837987824026E-18,
1.));
#3674=DIRECTION('',(-0.00641246943864627,-0.999979439906491,1.77493703674728E-29));
#3675=DIRECTION('center_axis',(-0.00552036152830731,0.999984762688211,-1.47170149362515E-16));
#3676=DIRECTION('ref_axis',(-0.999984762688211,-0.00552036152830731,-2.28971903748191E-16));
#3677=DIRECTION('center_axis',(-0.00641246943864627,-0.999979439906491,
1.77493703674728E-29));
#3678=DIRECTION('ref_axis',(-2.28983498828946E-16,1.46837987824026E-18,
1.));
#3679=DIRECTION('',(-0.00641246943864627,-0.999979439906491,1.77493703674728E-29));
#3680=DIRECTION('center_axis',(-0.00552036152830731,0.999984762688211,-1.47170149362515E-16));
#3681=DIRECTION('ref_axis',(-0.999984762688211,-0.00552036152830731,-2.28971903748191E-16));
#3682=DIRECTION('center_axis',(-0.999918777742267,0.0127451135111313,-2.65513728627967E-16));
#3683=DIRECTION('ref_axis',(-0.0127451135111313,-0.999918777742267,1.34833942030247E-15));
#3684=DIRECTION('',(-2.65553981556515E-16,-1.46597632100941E-18,1.));
#3685=DIRECTION('',(0.0127451135111313,0.999918777742267,-1.2059950894026E-15));
#3686=DIRECTION('',(2.63677968348484E-16,-1.45716771982069E-16,-1.));
#3687=DIRECTION('',(-0.0127451135111313,-0.999918777742267,1.34833942030247E-15));
#3688=DIRECTION('',(-2.63677968348484E-16,1.45716771982069E-16,1.));
#3689=DIRECTION('',(0.,0.,-1.));
#3690=DIRECTION('center_axis',(-2.09558342166359E-16,4.96112380875228E-16,
1.));
#3691=DIRECTION('ref_axis',(-1.,-1.16018306073329E-14,-2.09558342166353E-16));
#3692=DIRECTION('center_axis',(2.09558342166359E-16,-4.96112380875228E-16,
-1.));
#3693=DIRECTION('ref_axis',(-1.,-8.604228440845E-15,-2.09558342166355E-16));
#3694=DIRECTION('center_axis',(-2.09558342166359E-16,4.96112380875228E-16,
1.));
#3695=DIRECTION('ref_axis',(-1.,-1.16018306073329E-14,-2.09558342166353E-16));
#3696=DIRECTION('center_axis',(2.09558342166359E-16,-4.96112380875228E-16,
-1.));
#3697=DIRECTION('ref_axis',(-1.,-8.604228440845E-15,-2.09558342166355E-16));
#3698=DIRECTION('center_axis',(2.09558342166359E-16,-4.96112380875228E-16,
-1.));
#3699=DIRECTION('ref_axis',(-1.,-1.16018306073329E-14,-2.09558342166353E-16));
#3700=DIRECTION('center_axis',(-1.11022302462519E-16,-7.11236625150474E-16,
1.));
#3701=DIRECTION('ref_axis',(-1.,-1.16018306073329E-14,-1.11022302462527E-16));
#3702=DIRECTION('center_axis',(2.09558342166359E-16,-4.96112380875228E-16,
-1.));
#3703=DIRECTION('ref_axis',(-1.,-1.16018306073329E-14,-2.09558342166353E-16));
#3704=DIRECTION('',(-1.11022302462519E-16,-7.11236625150474E-16,1.));
#3705=DIRECTION('center_axis',(-1.11022302462519E-16,-7.11236625150474E-16,
1.));
#3706=DIRECTION('ref_axis',(-1.,-1.16018306073329E-14,-1.11022302462527E-16));
#3707=DIRECTION('center_axis',(-3.6221400805232E-16,1.35306577800777E-15,
1.));
#3708=DIRECTION('ref_axis',(-1.,-1.16018306073329E-14,-3.62214008052304E-16));
#3709=DIRECTION('',(1.11022302462519E-16,7.11236625150474E-16,-1.));
#3710=DIRECTION('',(-1.11022302462519E-16,-7.11236625150474E-16,1.));
#3711=DIRECTION('center_axis',(-3.6221400805232E-16,1.35306577800777E-15,
1.));
#3712=DIRECTION('ref_axis',(-1.,-1.16018306073329E-14,-3.62214008052304E-16));
#3713=DIRECTION('',(1.11022302462519E-16,7.11236625150474E-16,-1.));
#3714=DIRECTION('center_axis',(-2.09558342166359E-16,4.96112380875228E-16,
1.));
#3715=DIRECTION('ref_axis',(-1.,-1.16018306073329E-14,-2.09558342166353E-16));
#3716=DIRECTION('center_axis',(-2.09558342166359E-16,4.96112380875228E-16,
1.));
#3717=DIRECTION('ref_axis',(-1.,-1.16018306073329E-14,-2.09558342166353E-16));
#3718=DIRECTION('center_axis',(-3.6221400805232E-16,1.35306577800777E-15,
1.));
#3719=DIRECTION('ref_axis',(-1.,-8.604228440845E-15,-3.62214008052308E-16));
#3720=DIRECTION('',(0.999984762688211,0.00552036152830731,3.54739076618362E-16));
#3721=DIRECTION('',(-0.00552036152831132,0.99998476268821,-1.35504471319771E-15));
#3722=DIRECTION('',(-0.00222015875030946,0.999997535444525,-1.35386661590156E-15));
#3723=DIRECTION('',(0.00259021564630135,0.999996645385826,-1.35212302660317E-15));
#3724=DIRECTION('',(0.0535692077167638,0.9985641391441,-1.3317194463864E-15));
#3725=DIRECTION('',(0.092281245222596,0.995732982169501,-1.31386666250704E-15));
#3726=DIRECTION('',(0.308524458880166,0.951216409799947,-1.17530649074657E-15));
#3727=DIRECTION('',(0.281014195840488,0.959703611401001,-1.19675483542218E-15));
#3728=DIRECTION('',(0.462635668164949,0.886548497568842,-1.03198531297063E-15));
#3729=DIRECTION('',(0.999996202675303,-0.00275583652881573,3.65941460705046E-16));
#3730=DIRECTION('',(0.46796823020891,-0.883745288822034,1.36527015508581E-15));
#3731=DIRECTION('',(0.350188995801042,0.936679063083967,-1.14054502549038E-15));
#3732=DIRECTION('',(0.437633230557481,0.899153577266878,-1.05809704807597E-15));
#3733=DIRECTION('',(0.570114630960624,0.821565157224083,-9.05128193113965E-16));
#3734=DIRECTION('',(0.791299148610395,0.611429192473229,-5.40684279823894E-16));
#3735=DIRECTION('',(0.949933486105726,0.312452191502992,-7.86891522007618E-17));
#3736=DIRECTION('',(0.999996747017366,-0.00255067729965578,3.65664063941348E-16));
#3737=DIRECTION('',(0.00163992663886297,-0.999998655319406,1.35365796296725E-15));
#3738=DIRECTION('',(-0.899117034703635,-0.437708302303876,2.66575339749135E-16));
#3739=DIRECTION('',(-0.767262633011802,-0.641333027360822,5.8985249809607E-16));
#3740=DIRECTION('',(-0.49119716935139,-0.871048414740066,1.00066730551798E-15));
#3741=DIRECTION('',(-0.231845340821704,-0.972752660206729,1.23222070484446E-15));
#3742=DIRECTION('',(-0.197527458704128,-0.980297354407268,1.25485959000242E-15));
#3743=DIRECTION('',(-0.099860211765047,-0.995001476434201,1.31013167928195E-15));
#3744=DIRECTION('',(0.0016399266391254,-0.999998655319405,1.35365796296735E-15));
#3745=DIRECTION('',(0.352804951641303,-0.935696887938278,1.39385033325236E-15));
#3746=DIRECTION('',(0.553104118587778,-0.833112137710907,1.32759758244345E-15));
#3747=DIRECTION('',(0.623971083729829,-0.781447430521736,1.2833608426976E-15));
#3748=DIRECTION('',(0.814199793827947,-0.580584787718838,1.08048397817206E-15));
#3749=DIRECTION('',(0.888476582534416,-0.458921956641829,9.42770258328844E-16));
#3750=DIRECTION('',(0.972752736820477,-0.231845019373444,6.66046229163365E-16));
#3751=DIRECTION('',(0.999297934542977,-0.0374651573884375,4.12652532439186E-16));
#3752=DIRECTION('',(0.996786936719318,0.0800987065171345,2.52671372872276E-16));
#3753=DIRECTION('',(0.907381501351737,0.420307995408923,-2.40038074373717E-16));
#3754=DIRECTION('',(0.736352284025258,0.676598340088702,-6.48764947295617E-16));
#3755=DIRECTION('',(0.674176649230156,0.738570135892861,-7.55137749282242E-16));
#3756=DIRECTION('',(0.490932105847032,0.871197834850729,-1.00096549047057E-15));
#3757=DIRECTION('',(0.381187912123424,0.924497580121757,-1.11283443604243E-15));
#3758=DIRECTION('',(0.2762296473863,0.961091661552029,-1.20036598905201E-15));
#3759=DIRECTION('',(-0.0016399266390752,0.999998655319405,-1.35365796296733E-15));
#3760=DIRECTION('',(-0.12353409115357,0.992340328880602,-1.38744751743316E-15));
#3761=DIRECTION('',(-0.1181560802002,0.992995035592688,-1.38638538777714E-15));
#3762=DIRECTION('',(-0.235036585316897,0.971986524372932,-1.4002952464203E-15));
#3763=DIRECTION('',(-0.347496904528402,0.93768112988541,-1.39461249410662E-15));
#3764=DIRECTION('',(-0.523888717213761,0.85178671742175,-1.34228328954033E-15));
#3765=DIRECTION('',(-0.721880894693234,0.692017321948588,-1.19782032832045E-15));
#3766=DIRECTION('',(-0.900480487818276,0.434896414170731,-9.14610101658276E-16));
#3767=DIRECTION('',(-0.00163992663910698,0.999998655319405,-1.35365796296734E-15));
#3768=DIRECTION('',(0.999509115156066,0.0313293587540335,3.19645519508496E-16));
#3769=DIRECTION('',(0.999998655319405,0.00163992663910186,3.5999459237636E-16));
#3770=DIRECTION('',(0.997681065532895,-0.0680624086933953,4.53466973476391E-16));
#3771=DIRECTION('',(0.98582424946623,-0.167781253912182,5.84098425494139E-16));
#3772=DIRECTION('',(0.899554384787108,-0.436808778311847,9.16862208641921E-16));
#3773=DIRECTION('',(0.868245482759812,-0.496134842222536,9.85793752572352E-16));
#3774=DIRECTION('',(0.624691970338974,-0.780871271205447,1.2828423764721E-15));
#3775=DIRECTION('',(0.587895217044033,-0.808937088886861,1.30748897441435E-15));
#3776=DIRECTION('',(0.428889169476692,-0.903357116707226,1.3776512650227E-15));
#3777=DIRECTION('',(0.000259040014988531,-0.999999966449135,1.35315956053332E-15));
#3778=DIRECTION('',(0.999999768440121,0.000680528988860895,3.61293123692318E-16));
#3779=DIRECTION('',(0.119899149701221,-0.992786076605088,1.38673401671229E-15));
#3780=DIRECTION('',(0.0459805424473899,-0.998942335531057,1.36828948498252E-15));
#3781=DIRECTION('',(0.00685641251081665,-0.999976494527487,1.35551746221372E-15));
#3782=DIRECTION('',(0.999998655319408,0.00163992663744859,3.59994592378598E-16));
#3783=DIRECTION('',(-0.00238629074117862,-0.999997152804196,1.35219757763083E-15));
#3784=DIRECTION('',(-0.999998655319405,-0.00163992663923648,-3.59994592376178E-16));
#3785=DIRECTION('',(0.00163992663880061,-0.999998655319406,1.35365796296723E-15));
#3786=DIRECTION('',(0.9999986553194,0.00163992664197256,3.59994592372474E-16));
#3787=DIRECTION('',(-0.00238629074107205,-0.999997152804196,1.35219757763086E-15));
#3788=DIRECTION('',(-0.998582703845825,0.0532220215696611,-4.33713539554019E-16));
#3789=DIRECTION('',(0.00163992663930544,-0.999998655319405,1.35365796296741E-15));
#3790=DIRECTION('',(0.999998655319396,0.00163992664434703,3.5999459236926E-16));
#3791=DIRECTION('',(-0.00238629074103428,-0.999997152804196,1.35219757763088E-15));
#3792=DIRECTION('',(-0.999998655319391,-0.00163992664791358,-3.59994592364432E-16));
#3793=DIRECTION('',(0.00163992663909262,-0.999998655319405,1.35365796296733E-15));
#3794=DIRECTION('',(0.999998655319396,0.0016399266446605,3.59994592368836E-16));
#3795=DIRECTION('',(-0.00238629074128738,-0.999997152804196,1.35219757763079E-15));
#3796=DIRECTION('',(-0.995923694347956,0.0901997507553025,-4.82783708975878E-16));
#3797=DIRECTION('',(0.00163992663913328,-0.999998655319405,1.35365796296735E-15));
#3798=DIRECTION('',(0.999998655319383,0.00163992665269892,3.59994592357955E-16));
#3799=DIRECTION('',(-0.00238629074123779,-0.999997152804196,1.3521975776308E-15));
#3800=DIRECTION('',(-0.999998655319363,-0.00163992666462894,-3.59994592341805E-16));
#3801=DIRECTION('',(0.00163992663857356,-0.999998655319406,1.35365796296715E-15));
#3802=DIRECTION('',(0.98822672983423,-0.152996504669693,5.64963899301062E-16));
#3803=DIRECTION('',(-0.00238629074121277,-0.999997152804196,1.35219757763081E-15));
#3804=DIRECTION('',(0.00375767925402723,-0.999992939898389,1.35441730928947E-15));
#3805=DIRECTION('',(0.00163992664113264,-0.999998655319402,1.35365796296807E-15));
#3806=DIRECTION('',(-0.999998655319407,-0.00163992663817713,-3.59994592377612E-16));
#3807=DIRECTION('',(-0.370510568467908,0.928828250352877,-1.39096983722982E-15));
#3808=DIRECTION('',(-0.893795729372587,0.448474295980633,-9.30560555723615E-16));
#3809=DIRECTION('',(-0.984193941237608,-0.177094003374435,-1.16868996700159E-16));
#3810=DIRECTION('',(-0.929720526959496,-0.368265857432043,1.61530130461474E-16));
#3811=DIRECTION('',(-0.606792107871238,-0.794860577601619,8.55710044393684E-16));
#3812=DIRECTION('',(-0.362055195643244,-0.932156658136245,1.13012781031614E-15));
#3813=DIRECTION('',(-0.999998655319285,-0.00163992671216557,-3.5999459227755E-16));
#3814=DIRECTION('',(-0.00163992664113264,0.999998655319402,-1.35365796296807E-15));
#3815=DIRECTION('',(0.00163992663715361,-0.999998655319408,1.35365796296663E-15));
#3816=DIRECTION('',(-0.999998655319406,-0.00163992663883191,-3.59994592376726E-16));
#3817=DIRECTION('',(-0.425320980274465,0.905042575649548,-1.37863935372537E-15));
#3818=DIRECTION('',(-0.609186769247238,0.793026784020636,-1.29367338384337E-15));
#3819=DIRECTION('',(-0.967201030519395,0.254012138611957,-6.9402889381117E-16));
#3820=DIRECTION('',(-0.984797353666774,0.173707144962202,-5.91744589834751E-16));
#3821=DIRECTION('',(-0.892358708413747,-0.451326861064294,2.87450106006829E-16));
#3822=DIRECTION('',(-0.270144182116752,-0.962819879763848,1.2049086227375E-15));
#3823=DIRECTION('',(-0.196160402667087,-0.980571821145951,1.25572612840014E-15));
#3824=DIRECTION('',(0.000419912982047179,-0.99999991183654,1.35321775708107E-15));
#3825=DIRECTION('',(-0.00163992663907601,0.999998655319405,-1.35365796296733E-15));
#3826=DIRECTION('',(-0.423635635171471,0.905832682460102,-1.37909796460699E-15));
#3827=DIRECTION('',(-0.924958911466174,0.380067115256385,-8.49288881605424E-16));
#3828=DIRECTION('',(-0.99541255225254,0.0956757587797634,-4.90007965206807E-16));
#3829=DIRECTION('',(-0.919028645004468,-0.394190752886533,2.00480968715927E-16));
#3830=DIRECTION('',(-0.593417754103805,-0.804894632305618,8.74131158711535E-16));
#3831=DIRECTION('',(0.00145435655223914,-0.99999894242295,1.35359113535238E-15));
#3832=DIRECTION('',(-0.00163992663908844,0.999998655319405,-1.35365796296733E-15));
#3833=DIRECTION('',(-0.999998655319403,-0.00163992664049594,-3.59994592374479E-16));
#3834=DIRECTION('',(-0.491665612411496,0.870784086655256,-1.35631631978005E-15));
#3835=DIRECTION('',(-0.78009644669183,0.625659279367597,-1.12912002022892E-15));
#3836=DIRECTION('',(-0.987422895782038,-0.158101312092639,-1.43736929873165E-16));
#3837=DIRECTION('',(-0.438338556746483,-0.898809940793609,1.05737660629801E-15));
#3838=DIRECTION('',(-0.999998655319401,-0.00163992664153848,-3.59994592373058E-16));
#3839=DIRECTION('',(0.00163992663909877,-0.999998655319405,1.35365796296734E-15));
#3840=DIRECTION('center_axis',(3.6221400805232E-16,-1.35306577800777E-15,
-1.));
#3841=DIRECTION('ref_axis',(-1.,-8.604228440845E-15,-3.62214008052308E-16));
#3842=DIRECTION('center_axis',(0.00552036152830731,-0.999984762688211,1.47170149362515E-16));
#3843=DIRECTION('ref_axis',(-0.999984762688211,-0.00552036152830731,-3.54739076618362E-16));
#3844=DIRECTION('',(0.,0.,-1.));
#3845=DIRECTION('',(2.63677968348484E-16,-1.45716771982069E-16,-1.));
#3846=DIRECTION('',(-0.999984762688211,-0.00552036152830731,-9.18695352753622E-17));
#3847=DIRECTION('center_axis',(0.999998655319405,0.00163992663905194,2.63438648969706E-16));
#3848=DIRECTION('ref_axis',(-0.00163992663905194,0.999998655319405,-1.35365796296732E-15));
#3849=DIRECTION('',(-2.63677968348484E-16,1.45716771982069E-16,1.));
#3850=DIRECTION('center_axis',(-0.00163992663817713,0.999998655319407,-1.46148988563749E-16));
#3851=DIRECTION('ref_axis',(-0.999998655319407,-0.00163992663817713,-3.59994592377612E-16));
#3852=DIRECTION('',(-2.63677968348484E-16,1.45716771982069E-16,1.));
#3853=DIRECTION('center_axis',(0.928828250352878,0.370510568467908,1.90921941975338E-16));
#3854=DIRECTION('ref_axis',(-0.370510568467908,0.928828250352877,-1.39096983722982E-15));
#3855=DIRECTION('',(-2.63677968348484E-16,1.45716771982069E-16,1.));
#3856=DIRECTION('center_axis',(0.448474295980633,0.893795729372587,-1.19882372748427E-17));
#3857=DIRECTION('ref_axis',(-0.893795729372587,0.448474295980633,-9.30560555723616E-16));
#3858=DIRECTION('',(-2.63677968348484E-16,1.45716771982069E-16,1.));
#3859=DIRECTION('center_axis',(-0.177094003374435,0.984193941237608,-1.90109351137925E-16));
#3860=DIRECTION('ref_axis',(-0.984193941237608,-0.177094003374435,-1.16868996700159E-16));
#3861=DIRECTION('',(-2.63677968348484E-16,1.45716771982069E-16,1.));
#3862=DIRECTION('center_axis',(-0.368265857432043,0.929720526959496,-2.325794671338E-16));
#3863=DIRECTION('ref_axis',(-0.929720526959496,-0.368265857432043,1.61530130461474E-16));
#3864=DIRECTION('',(-2.63677968348484E-16,1.45716771982069E-16,1.));
#3865=DIRECTION('center_axis',(-0.794860577601619,0.606792107871238,-2.9800700944549E-16));
#3866=DIRECTION('ref_axis',(-0.606792107871238,-0.794860577601619,8.55710044393684E-16));
#3867=DIRECTION('',(-2.63677968348484E-16,1.45716771982069E-16,1.));
#3868=DIRECTION('center_axis',(-0.932156658136245,0.362055195643244,-2.98546688188347E-16));
#3869=DIRECTION('ref_axis',(-0.362055195643244,-0.932156658136245,1.13012781031614E-15));
#3870=DIRECTION('',(-2.63677968348484E-16,1.45716771982069E-16,1.));
#3871=DIRECTION('center_axis',(-0.00163992671216557,0.999998655319285,-1.4614898858324E-16));
#3872=DIRECTION('ref_axis',(-0.999998655319285,-0.00163992671216557,-3.5999459227755E-16));
#3873=DIRECTION('',(-2.63677968348484E-16,1.45716771982069E-16,1.));
#3874=DIRECTION('center_axis',(-0.999998655319405,-0.00163992663905199,
-2.63438648969706E-16));
#3875=DIRECTION('ref_axis',(0.00163992663905199,-0.999998655319405,1.35365796296732E-15));
#3876=DIRECTION('center_axis',(0.380067115256385,0.924958911466174,-3.45667020080268E-17));
#3877=DIRECTION('ref_axis',(-0.924958911466174,0.380067115256385,-8.49288881605424E-16));
#3878=DIRECTION('',(-2.63677968348484E-16,1.45716771982069E-16,1.));
#3879=DIRECTION('',(-2.63677968348484E-16,1.45716771982069E-16,1.));
#3880=DIRECTION('center_axis',(0.0956757587797634,0.99541255225254,-1.19820714209425E-16));
#3881=DIRECTION('ref_axis',(-0.99541255225254,0.0956757587797635,-4.90007965206807E-16));
#3882=DIRECTION('',(-2.63677968348484E-16,1.45716771982069E-16,1.));
#3883=DIRECTION('center_axis',(-0.394190752886533,0.919028645004468,-2.37857304371986E-16));
#3884=DIRECTION('ref_axis',(-0.919028645004468,-0.394190752886533,2.00480968715927E-16));
#3885=DIRECTION('',(-2.63677968348484E-16,1.45716771982069E-16,1.));
#3886=DIRECTION('center_axis',(-0.804894632305618,0.593417754103805,-2.98703900945801E-16));
#3887=DIRECTION('ref_axis',(-0.593417754103805,-0.804894632305618,8.74131158711535E-16));
#3888=DIRECTION('',(-2.63677968348484E-16,1.45716771982069E-16,1.));
#3889=DIRECTION('center_axis',(-0.99999894242295,-0.00145435655223914,-2.63465765346613E-16));
#3890=DIRECTION('ref_axis',(0.00145435655223914,-0.99999894242295,1.35359113535238E-15));
#3891=DIRECTION('center_axis',(0.999998655319405,0.00163992663907601,2.63438648969703E-16));
#3892=DIRECTION('ref_axis',(-0.00163992663907601,0.999998655319405,-1.35365796296733E-15));
#3893=DIRECTION('',(-2.63677968348484E-16,1.45716771982069E-16,1.));
#3894=DIRECTION('center_axis',(0.905832682460102,0.423635635171471,1.77117304120977E-16));
#3895=DIRECTION('ref_axis',(-0.423635635171471,0.905832682460102,-1.379097964607E-15));
#3896=DIRECTION('center_axis',(0.999998655319405,0.00163992663908844,2.63438648969701E-16));
#3897=DIRECTION('ref_axis',(-0.00163992663908844,0.999998655319405,-1.35365796296733E-15));
#3898=DIRECTION('',(-2.63677968348484E-16,1.45716771982069E-16,1.));
#3899=DIRECTION('center_axis',(-0.00163992664049594,0.999998655319403,-1.4614898856436E-16));
#3900=DIRECTION('ref_axis',(-0.999998655319403,-0.00163992664049594,-3.59994592374479E-16));
#3901=DIRECTION('',(-2.63677968348484E-16,1.45716771982069E-16,1.));
#3902=DIRECTION('center_axis',(0.870784086655256,0.491665612411496,1.57962652904258E-16));
#3903=DIRECTION('ref_axis',(-0.491665612411496,0.870784086655256,-1.35631631978005E-15));
#3904=DIRECTION('',(-2.63677968348484E-16,1.45716771982069E-16,1.));
#3905=DIRECTION('center_axis',(0.625659279367597,0.78009644669183,5.12994316154086E-17));
#3906=DIRECTION('ref_axis',(-0.78009644669183,0.625659279367597,-1.12912002022892E-15));
#3907=DIRECTION('',(-2.63677968348484E-16,1.45716771982069E-16,1.));
#3908=DIRECTION('center_axis',(-0.158101312092639,0.987422895782038,-1.85571909720362E-16));
#3909=DIRECTION('ref_axis',(-0.987422895782038,-0.158101312092639,-1.43736929873165E-16));
#3910=DIRECTION('',(-2.63677968348484E-16,1.45716771982069E-16,1.));
#3911=DIRECTION('center_axis',(-0.898809940793609,0.438338556746483,-3.00869658644256E-16));
#3912=DIRECTION('ref_axis',(-0.438338556746483,-0.898809940793609,1.05737660629801E-15));
#3913=DIRECTION('',(-2.63677968348484E-16,1.45716771982069E-16,1.));
#3914=DIRECTION('center_axis',(-0.00163992664153848,0.999998655319401,-1.46148988564634E-16));
#3915=DIRECTION('ref_axis',(-0.999998655319401,-0.00163992664153848,-3.59994592373058E-16));
#3916=DIRECTION('',(-2.63677968348484E-16,1.45716771982069E-16,1.));
#3917=DIRECTION('center_axis',(-0.999998655319405,-0.00163992663909878,
-2.634386489697E-16));
#3918=DIRECTION('ref_axis',(0.00163992663909878,-0.999998655319405,1.35365796296734E-15));
#3919=DIRECTION('center_axis',(0.254012138611957,0.967201030519395,-7.39600073799628E-17));
#3920=DIRECTION('ref_axis',(-0.967201030519395,0.254012138611957,-6.9402889381117E-16));
#3921=DIRECTION('',(-2.63677968348484E-16,1.45716771982069E-16,1.));
#3922=DIRECTION('',(-2.63677968348484E-16,1.45716771982069E-16,1.));
#3923=DIRECTION('center_axis',(0.173707144962202,0.984797353666774,-9.76987443615576E-17));
#3924=DIRECTION('ref_axis',(-0.984797353666774,0.173707144962202,-5.91744589834751E-16));
#3925=DIRECTION('',(-2.63677968348484E-16,1.45716771982069E-16,1.));
#3926=DIRECTION('center_axis',(-0.451326861064294,0.892358708413747,-2.49036580226671E-16));
#3927=DIRECTION('ref_axis',(-0.892358708413747,-0.451326861064294,2.87450106006829E-16));
#3928=DIRECTION('',(-2.63677968348484E-16,1.45716771982069E-16,1.));
#3929=DIRECTION('center_axis',(-0.962819879763848,0.270144182116752,-2.93238927969452E-16));
#3930=DIRECTION('ref_axis',(-0.270144182116752,-0.962819879763848,1.2049086227375E-15));
#3931=DIRECTION('',(-2.63677968348484E-16,1.45716771982069E-16,1.));
#3932=DIRECTION('center_axis',(-0.980571821145951,0.196160402667087,-2.87139046286888E-16));
#3933=DIRECTION('ref_axis',(-0.196160402667087,-0.980571821145951,1.25572612840014E-15));
#3934=DIRECTION('',(-2.63677968348484E-16,1.45716771982069E-16,1.));
#3935=DIRECTION('center_axis',(-0.99999991183654,-0.000419912982047179,
-2.63616756737464E-16));
#3936=DIRECTION('ref_axis',(0.000419912982047179,-0.99999991183654,1.35321775708107E-15));
#3937=DIRECTION('center_axis',(0.999998655319405,0.00163992663912304,2.63438648969696E-16));
#3938=DIRECTION('ref_axis',(-0.00163992663912304,0.999998655319405,-1.35365796296735E-15));
#3939=DIRECTION('',(-2.63677968348484E-16,1.45716771982069E-16,1.));
#3940=DIRECTION('center_axis',(-0.00163992663883191,0.999998655319406,-1.46148988563921E-16));
#3941=DIRECTION('ref_axis',(-0.999998655319405,-0.00163992663883191,-3.59994592376726E-16));
#3942=DIRECTION('',(-2.63677968348484E-16,1.45716771982069E-16,1.));
#3943=DIRECTION('center_axis',(0.905042575649548,0.425320980274465,1.76663387314307E-16));
#3944=DIRECTION('ref_axis',(-0.425320980274465,0.905042575649548,-1.37863935372537E-15));
#3945=DIRECTION('',(-2.63677968348484E-16,1.45716771982069E-16,1.));
#3946=DIRECTION('center_axis',(0.793026784020636,0.609186769247238,1.203349617076E-16));
#3947=DIRECTION('ref_axis',(-0.609186769247238,0.793026784020636,-1.29367338384337E-15));
#3948=DIRECTION('center_axis',(-2.63677968348484E-16,1.45716771982069E-16,
1.));
#3949=DIRECTION('ref_axis',(-1.,-8.604228440845E-15,-2.63677968348483E-16));
#3950=DIRECTION('',(-2.63677968348484E-16,1.45716771982069E-16,1.));
#3951=DIRECTION('center_axis',(0.999984762688211,0.00552036152831132,2.62869541342988E-16));
#3952=DIRECTION('ref_axis',(-0.00552036152831132,0.99998476268821,-1.35504471319771E-15));
#3953=DIRECTION('',(-2.63677968348484E-16,1.45716771982069E-16,1.));
#3954=DIRECTION('center_axis',(0.999997535444525,0.00222015875030946,2.6335380413312E-16));
#3955=DIRECTION('ref_axis',(-0.00222015875030946,0.999997535444525,-1.35386661590156E-15));
#3956=DIRECTION('',(-2.63677968348484E-16,1.45716771982069E-16,1.));
#3957=DIRECTION('center_axis',(0.999996645385826,-0.00259021564630135,2.6405452167335E-16));
#3958=DIRECTION('ref_axis',(0.00259021564630135,0.999996645385826,-1.35212302660317E-15));
#3959=DIRECTION('',(-2.63677968348484E-16,1.45716771982069E-16,1.));
#3960=DIRECTION('center_axis',(0.9985641391441,-0.0535692077167638,2.71105295501293E-16));
#3961=DIRECTION('ref_axis',(0.0535692077167638,0.9985641391441,-1.3317194463864E-15));
#3962=DIRECTION('',(-2.63677968348484E-16,1.45716771982069E-16,1.));
#3963=DIRECTION('center_axis',(0.995732982169501,-0.092281245222596,2.75999774924353E-16));
#3964=DIRECTION('ref_axis',(0.092281245222596,0.995732982169501,-1.31386666250704E-15));
#3965=DIRECTION('',(-2.63677968348484E-16,1.45716771982069E-16,1.));
#3966=DIRECTION('center_axis',(0.951216409799947,-0.308524458880166,2.95771998621321E-16));
#3967=DIRECTION('ref_axis',(0.308524458880166,0.951216409799947,-1.17530649074657E-15));
#3968=DIRECTION('',(-2.63677968348484E-16,1.45716771982069E-16,1.));
#3969=DIRECTION('center_axis',(0.959703611401001,-0.281014195840488,2.94001179969932E-16));
#3970=DIRECTION('ref_axis',(0.281014195840488,0.959703611401001,-1.19675483542218E-15));
#3971=DIRECTION('',(-2.63677968348484E-16,1.45716771982069E-16,1.));
#3972=DIRECTION('center_axis',(0.886548497568842,-0.462635668164949,3.01177082850117E-16));
#3973=DIRECTION('ref_axis',(0.462635668164949,0.886548497568842,-1.03198531297063E-15));
#3974=DIRECTION('',(-2.63677968348484E-16,1.45716771982069E-16,1.));
#3975=DIRECTION('center_axis',(-0.00275583652881573,-0.999996202675303,
1.44989565271154E-16));
#3976=DIRECTION('ref_axis',(0.999996202675303,-0.00275583652881573,3.65941460705046E-16));
#3977=DIRECTION('',(-2.63677968348484E-16,1.45716771982069E-16,1.));
#3978=DIRECTION('center_axis',(-0.883745288822034,-0.46796823020891,-1.64833342397934E-16));
#3979=DIRECTION('ref_axis',(0.46796823020891,-0.883745288822034,1.36527015508581E-15));
#3980=DIRECTION('',(-2.63677968348484E-16,1.45716771982069E-16,1.));
#3981=DIRECTION('center_axis',(0.936679063083967,-0.350188995801042,2.98010042400312E-16));
#3982=DIRECTION('ref_axis',(0.350188995801042,0.936679063083967,-1.14054502549038E-15));
#3983=DIRECTION('',(-2.63677968348484E-16,1.45716771982069E-16,1.));
#3984=DIRECTION('center_axis',(0.899153577266878,-0.437633230557481,3.00857490155922E-16));
#3985=DIRECTION('ref_axis',(0.437633230557481,0.899153577266878,-1.05809704807597E-15));
#3986=DIRECTION('',(-2.63677968348484E-16,1.45716771982069E-16,1.));
#3987=DIRECTION('center_axis',(0.821565157224083,-0.570114630960624,2.9970389520608E-16));
#3988=DIRECTION('ref_axis',(0.570114630960624,0.821565157224083,-9.05128193113965E-16));
#3989=DIRECTION('',(-2.63677968348484E-16,1.45716771982069E-16,1.));
#3990=DIRECTION('center_axis',(0.611429192473229,-0.791299148610395,2.76525964867961E-16));
#3991=DIRECTION('ref_axis',(0.791299148610395,0.611429192473229,-5.40684279823894E-16));
#3992=DIRECTION('',(-2.63677968348484E-16,1.45716771982069E-16,1.));
#3993=DIRECTION('center_axis',(0.312452191502992,-0.949933486105726,2.20808000254541E-16));
#3994=DIRECTION('ref_axis',(0.949933486105726,0.312452191502992,-7.86891522007618E-17));
#3995=DIRECTION('',(-2.63677968348484E-16,1.45716771982069E-16,1.));
#3996=DIRECTION('center_axis',(-0.00255067729965578,-0.999996747017366,
1.45043740559655E-16));
#3997=DIRECTION('ref_axis',(0.999996747017366,-0.00255067729965578,3.65664063941348E-16));
#3998=DIRECTION('',(-2.63677968348484E-16,1.45716771982069E-16,1.));
#3999=DIRECTION('center_axis',(-0.999998655319405,-0.00163992663886297,
-2.63438648969734E-16));
#4000=DIRECTION('ref_axis',(0.00163992663886297,-0.999998655319406,1.35365796296725E-15));
#4001=DIRECTION('',(-2.63677968348484E-16,1.45716771982069E-16,1.));
#4002=DIRECTION('center_axis',(-0.437708302303876,0.899117034703636,-2.46430467811854E-16));
#4003=DIRECTION('ref_axis',(-0.899117034703635,-0.437708302303876,2.66575339749135E-16));
#4004=DIRECTION('',(-2.63677968348484E-16,1.45716771982069E-16,1.));
#4005=DIRECTION('center_axis',(-0.641333027360822,0.767262633011802,-2.80908423834227E-16));
#4006=DIRECTION('ref_axis',(-0.767262633011802,-0.641333027360822,5.8985249809607E-16));
#4007=DIRECTION('',(-2.63677968348484E-16,1.45716771982069E-16,1.));
#4008=DIRECTION('center_axis',(-0.871048414740066,0.49119716935139,-3.01251942256442E-16));
#4009=DIRECTION('ref_axis',(-0.49119716935139,-0.871048414740066,1.00066730551798E-15));
#4010=DIRECTION('',(-2.63677968348484E-16,1.45716771982069E-16,1.));
#4011=DIRECTION('center_axis',(-0.972752660206729,0.231845340821704,-2.90277199812515E-16));
#4012=DIRECTION('ref_axis',(-0.231845340821704,-0.972752660206729,1.23222070484446E-15));
#4013=DIRECTION('',(-2.63677968348484E-16,1.45716771982069E-16,1.));
#4014=DIRECTION('center_axis',(-0.980297354407268,0.197527458704128,-2.87265878447689E-16));
#4015=DIRECTION('ref_axis',(-0.197527458704128,-0.980297354407268,1.25485959000242E-15));
#4016=DIRECTION('',(-2.63677968348484E-16,1.45716771982069E-16,1.));
#4017=DIRECTION('center_axis',(-0.995001476434201,0.099860211765047,-2.7691127551776E-16));
#4018=DIRECTION('ref_axis',(-0.099860211765047,-0.995001476434201,1.31013167928195E-15));
#4019=DIRECTION('',(-2.63677968348484E-16,1.45716771982069E-16,1.));
#4020=DIRECTION('center_axis',(-0.999998655319405,-0.0016399266391254,-2.63438648969696E-16));
#4021=DIRECTION('ref_axis',(0.0016399266391254,-0.999998655319405,1.35365796296735E-15));
#4022=DIRECTION('',(-2.63677968348484E-16,1.45716771982069E-16,1.));
#4023=DIRECTION('center_axis',(-0.935696887938278,-0.352804951641303,-1.95313055709103E-16));
#4024=DIRECTION('ref_axis',(0.352804951641303,-0.935696887938278,1.39385033325236E-15));
#4025=DIRECTION('',(-2.63677968348484E-16,1.45716771982069E-16,1.));
#4026=DIRECTION('center_axis',(-0.833112137710907,-0.553104118587778,-1.39076769147476E-16));
#4027=DIRECTION('ref_axis',(0.553104118587778,-0.833112137710907,1.32759758244345E-15));
#4028=DIRECTION('',(-2.63677968348484E-16,1.45716771982069E-16,1.));
#4029=DIRECTION('center_axis',(-0.781447430521736,-0.623971083729829,-1.1512741871985E-16));
#4030=DIRECTION('ref_axis',(0.623971083729829,-0.781447430521736,1.2833608426976E-15));
#4031=DIRECTION('',(-2.63677968348484E-16,1.45716771982069E-16,1.));
#4032=DIRECTION('center_axis',(-0.580584787718838,-0.814199793827947,-3.44448515746641E-17));
#4033=DIRECTION('ref_axis',(0.814199793827947,-0.580584787718838,1.08048397817206E-15));
#4034=DIRECTION('',(-2.63677968348484E-16,1.45716771982069E-16,1.));
#4035=DIRECTION('center_axis',(-0.458921956641829,-0.888476582534416,8.45833043074724E-18));
#4036=DIRECTION('ref_axis',(0.888476582534416,-0.458921956641829,9.42770258328844E-16));
#4037=DIRECTION('',(-2.63677968348484E-16,1.45716771982069E-16,1.));
#4038=DIRECTION('center_axis',(-0.231845019373444,-0.972752736820477,8.06139650660986E-17));
#4039=DIRECTION('ref_axis',(0.972752736820477,-0.231845019373444,6.66046229163365E-16));
#4040=DIRECTION('',(-2.63677968348484E-16,1.45716771982069E-16,1.));
#4041=DIRECTION('center_axis',(-0.0374651573884375,-0.999297934542977,1.35735732685912E-16));
#4042=DIRECTION('ref_axis',(0.999297934542977,-0.0374651573884375,4.12652532439186E-16));
#4043=DIRECTION('',(-2.63677968348484E-16,1.45716771982069E-16,1.));
#4044=DIRECTION('center_axis',(0.0800987065171345,-0.996786936719318,1.66368838974414E-16));
#4045=DIRECTION('ref_axis',(0.996786936719318,0.0800987065171345,2.52671372872276E-16));
#4046=DIRECTION('',(-2.63677968348484E-16,1.45716771982069E-16,1.));
#4047=DIRECTION('center_axis',(0.420307995408923,-0.907381501351737,2.43046661643267E-16));
#4048=DIRECTION('ref_axis',(0.907381501351737,0.420307995408923,-2.40038074373717E-16));
#4049=DIRECTION('',(-2.63677968348484E-16,1.45716771982069E-16,1.));
#4050=DIRECTION('center_axis',(0.676598340088702,-0.736352284025258,2.8570295357233E-16));
#4051=DIRECTION('ref_axis',(0.736352284025258,0.676598340088702,-6.48764947295617E-16));
#4052=DIRECTION('',(-2.63677968348484E-16,1.45716771982069E-16,1.));
#4053=DIRECTION('center_axis',(0.738570135892861,-0.674176649230156,2.92983517986599E-16));
#4054=DIRECTION('ref_axis',(0.674176649230156,0.738570135892861,-7.55137749282242E-16));
#4055=DIRECTION('',(-2.63677968348484E-16,1.45716771982069E-16,1.));
#4056=DIRECTION('center_axis',(0.871197834850729,-0.490932105847032,3.01252716849427E-16));
#4057=DIRECTION('ref_axis',(0.490932105847032,0.871197834850729,-1.00096549047057E-15));
#4058=DIRECTION('',(-2.63677968348484E-16,1.45716771982069E-16,1.));
#4059=DIRECTION('center_axis',(0.924497580121757,-0.381187912123424,2.99315115742804E-16));
#4060=DIRECTION('ref_axis',(0.381187912123424,0.924497580121757,-1.11283443604243E-15));
#4061=DIRECTION('',(-2.63677968348484E-16,1.45716771982069E-16,1.));
#4062=DIRECTION('center_axis',(0.961091661552029,-0.2762296473863,2.93669989257584E-16));
#4063=DIRECTION('ref_axis',(0.2762296473863,0.961091661552029,-1.20036598905201E-15));
#4064=DIRECTION('',(-2.63677968348484E-16,1.45716771982069E-16,1.));
#4065=DIRECTION('center_axis',(0.999998655319405,0.0016399266390752,2.63438648969703E-16));
#4066=DIRECTION('ref_axis',(-0.0016399266390752,0.999998655319405,-1.35365796296733E-15));
#4067=DIRECTION('',(-2.63677968348484E-16,1.45716771982069E-16,1.));
#4068=DIRECTION('center_axis',(0.992340328880602,0.12353409115357,2.43657292836866E-16));
#4069=DIRECTION('ref_axis',(-0.12353409115357,0.992340328880602,-1.38744751743316E-15));
#4070=DIRECTION('',(-2.63677968348484E-16,1.45716771982069E-16,1.));
#4071=DIRECTION('center_axis',(0.992995035592688,0.1181560802002,2.44613590968383E-16));
#4072=DIRECTION('ref_axis',(-0.1181560802002,0.992995035592688,-1.38638538777714E-15));
#4073=DIRECTION('',(-2.63677968348484E-16,1.45716771982069E-16,1.));
#4074=DIRECTION('center_axis',(0.971986524372932,0.235036585316897,2.22042659498692E-16));
#4075=DIRECTION('ref_axis',(-0.235036585316897,0.971986524372932,-1.4002952464203E-15));
#4076=DIRECTION('',(-2.63677968348484E-16,1.45716771982069E-16,1.));
#4077=DIRECTION('center_axis',(0.93768112988541,0.347496904528402,1.96609728085255E-16));
#4078=DIRECTION('ref_axis',(-0.347496904528402,0.93768112988541,-1.39461249410662E-15));
#4079=DIRECTION('',(-2.63677968348484E-16,1.45716771982069E-16,1.));
#4080=DIRECTION('center_axis',(0.85178671742175,0.523888717213761,1.48258018365775E-16));
#4081=DIRECTION('ref_axis',(-0.523888717213761,0.85178671742175,-1.34228328954033E-15));
#4082=DIRECTION('',(-2.63677968348484E-16,1.45716771982069E-16,1.));
#4083=DIRECTION('center_axis',(0.692017321948588,0.721880894693234,7.72795677831361E-17));
#4084=DIRECTION('ref_axis',(-0.721880894693234,0.692017321948588,-1.19782032832045E-15));
#4085=DIRECTION('',(-2.63677968348484E-16,1.45716771982069E-16,1.));
#4086=DIRECTION('center_axis',(0.434896414170731,0.900480487818276,-1.65425069871392E-17));
#4087=DIRECTION('ref_axis',(-0.900480487818276,0.434896414170731,-9.14610101658276E-16));
#4088=DIRECTION('',(-2.63677968348484E-16,1.45716771982069E-16,1.));
#4089=DIRECTION('center_axis',(0.999998655319405,0.00163992663910698,2.63438648969698E-16));
#4090=DIRECTION('ref_axis',(-0.00163992663910698,0.999998655319405,-1.35365796296734E-15));
#4091=DIRECTION('',(-2.63677968348484E-16,1.45716771982069E-16,1.));
#4092=DIRECTION('center_axis',(0.0313293587540335,-0.999509115156066,1.53906103493121E-16));
#4093=DIRECTION('ref_axis',(0.999509115156066,0.0313293587540335,3.19645519508496E-16));
#4094=DIRECTION('',(-2.63677968348484E-16,1.45716771982069E-16,1.));
#4095=DIRECTION('center_axis',(0.00163992663910186,-0.999998655319405,1.46148988563993E-16));
#4096=DIRECTION('ref_axis',(0.999998655319405,0.00163992663910186,3.5999459237636E-16));
#4097=DIRECTION('',(-2.63677968348484E-16,1.45716771982069E-16,1.));
#4098=DIRECTION('center_axis',(-0.0680624086933953,-0.997681065532895,1.27432306691906E-16));
#4099=DIRECTION('ref_axis',(0.997681065532895,-0.0680624086933953,4.53466973476391E-16));
#4100=DIRECTION('',(-2.63677968348484E-16,1.45716771982069E-16,1.));
#4101=DIRECTION('center_axis',(-0.167781253912182,-0.98582424946623,9.94109072153401E-17));
#4102=DIRECTION('ref_axis',(0.98582424946623,-0.167781253912182,5.84098425494139E-16));
#4103=DIRECTION('',(-2.63677968348484E-16,1.45716771982069E-16,1.));
#4104=DIRECTION('center_axis',(-0.436808778311847,-0.899554384787108,1.59033099514425E-17));
#4105=DIRECTION('ref_axis',(0.899554384787108,-0.436808778311847,9.16862208641921E-16));
#4106=DIRECTION('',(-2.63677968348484E-16,1.45716771982069E-16,1.));
#4107=DIRECTION('center_axis',(-0.496134842222536,-0.868245482759812,-4.30189818836056E-18));
#4108=DIRECTION('ref_axis',(0.868245482759812,-0.496134842222536,9.85793752572352E-16));
#4109=DIRECTION('',(-2.63677968348484E-16,1.45716771982069E-16,1.));
#4110=DIRECTION('center_axis',(-0.780871271205447,-0.624691970338974,-1.14870452932236E-16));
#4111=DIRECTION('ref_axis',(0.624691970338974,-0.780871271205447,1.2828423764721E-15));
#4112=DIRECTION('',(-2.63677968348484E-16,1.45716771982069E-16,1.));
#4113=DIRECTION('center_axis',(-0.808937088886861,-0.587895217044033,-1.2763269482807E-16));
#4114=DIRECTION('ref_axis',(0.587895217044033,-0.808937088886861,1.30748897441435E-15));
#4115=DIRECTION('',(-2.63677968348484E-16,1.45716771982069E-16,1.));
#4116=DIRECTION('center_axis',(-0.903357116707226,-0.428889169476692,-1.75699023912291E-16));
#4117=DIRECTION('ref_axis',(0.428889169476692,-0.903357116707226,1.3776512650227E-15));
#4118=DIRECTION('',(-2.63677968348484E-16,1.45716771982069E-16,1.));
#4119=DIRECTION('center_axis',(-0.999999966449135,-0.000259040014988531,
-2.63640213027061E-16));
#4120=DIRECTION('ref_axis',(0.000259040014988531,-0.999999966449135,1.35315956053332E-15));
#4121=DIRECTION('',(-2.63677968348484E-16,1.45716771982069E-16,1.));
#4122=DIRECTION('center_axis',(0.000680528988860895,-0.999999768440121,
1.45896178741096E-16));
#4123=DIRECTION('ref_axis',(0.999999768440121,0.000680528988860895,3.61293123692318E-16));
#4124=DIRECTION('',(-2.63677968348484E-16,1.45716771982069E-16,1.));
#4125=DIRECTION('center_axis',(-0.992786076605088,-0.119899149701221,-2.44304498626035E-16));
#4126=DIRECTION('ref_axis',(0.119899149701221,-0.992786076605088,1.38673401671229E-15));
#4127=DIRECTION('',(-2.63677968348484E-16,1.45716771982069E-16,1.));
#4128=DIRECTION('center_axis',(-0.998942335531057,-0.0459805424473899,-2.566989493107E-16));
#4129=DIRECTION('ref_axis',(0.0459805424473899,-0.998942335531058,1.36828948498252E-15));
#4130=DIRECTION('',(-2.63677968348484E-16,1.45716771982069E-16,1.));
#4131=DIRECTION('center_axis',(-0.999976494527487,-0.00685641251081665,
-2.62672676174793E-16));
#4132=DIRECTION('ref_axis',(0.00685641251081665,-0.999976494527487,1.35551746221372E-15));
#4133=DIRECTION('',(-2.63677968348484E-16,1.45716771982069E-16,1.));
#4134=DIRECTION('center_axis',(0.00163992663744859,-0.999998655319408,1.46148988563557E-16));
#4135=DIRECTION('ref_axis',(0.999998655319408,0.00163992663744859,3.59994592378598E-16));
#4136=DIRECTION('',(-2.63677968348484E-16,1.45716771982069E-16,1.));
#4137=DIRECTION('center_axis',(-0.999997152804196,0.00238629074117862,-2.64024940189494E-16));
#4138=DIRECTION('ref_axis',(-0.00238629074117862,-0.999997152804196,1.35219757763083E-15));
#4139=DIRECTION('',(-2.63677968348484E-16,1.45716771982069E-16,1.));
#4140=DIRECTION('center_axis',(-0.00163992663923648,0.999998655319405,-1.46148988564028E-16));
#4141=DIRECTION('ref_axis',(-0.999998655319405,-0.00163992663923648,-3.59994592376178E-16));
#4142=DIRECTION('',(-2.63677968348484E-16,1.45716771982069E-16,1.));
#4143=DIRECTION('center_axis',(-0.999998655319406,-0.00163992663880061,
-2.63438648969743E-16));
#4144=DIRECTION('ref_axis',(0.00163992663880061,-0.999998655319406,1.35365796296723E-15));
#4145=DIRECTION('',(-2.63677968348484E-16,1.45716771982069E-16,1.));
#4146=DIRECTION('center_axis',(0.00163992664197256,-0.9999986553194,1.46148988564749E-16));
#4147=DIRECTION('ref_axis',(0.9999986553194,0.00163992664197256,3.59994592372474E-16));
#4148=DIRECTION('',(-2.63677968348484E-16,1.45716771982069E-16,1.));
#4149=DIRECTION('center_axis',(-0.999997152804196,0.00238629074107205,-2.64024940189478E-16));
#4150=DIRECTION('ref_axis',(-0.00238629074107205,-0.999997152804196,1.35219757763087E-15));
#4151=DIRECTION('',(-2.63677968348484E-16,1.45716771982069E-16,1.));
#4152=DIRECTION('center_axis',(0.0532220215696611,0.998582703845825,-1.31476773642653E-16));
#4153=DIRECTION('ref_axis',(-0.998582703845825,0.0532220215696611,-4.33713539554019E-16));
#4154=DIRECTION('',(-2.63677968348484E-16,1.45716771982069E-16,1.));
#4155=DIRECTION('center_axis',(-0.999998655319405,-0.00163992663930544,
-2.63438648969669E-16));
#4156=DIRECTION('ref_axis',(0.00163992663930544,-0.999998655319405,1.35365796296741E-15));
#4157=DIRECTION('',(-2.63677968348484E-16,1.45716771982069E-16,1.));
#4158=DIRECTION('center_axis',(0.00163992664434703,-0.999998655319396,1.46148988565374E-16));
#4159=DIRECTION('ref_axis',(0.999998655319396,0.00163992664434703,3.5999459236926E-16));
#4160=DIRECTION('',(-2.63677968348484E-16,1.45716771982069E-16,1.));
#4161=DIRECTION('center_axis',(-0.999997152804196,0.00238629074103428,-2.64024940189473E-16));
#4162=DIRECTION('ref_axis',(-0.00238629074103428,-0.999997152804196,1.35219757763088E-15));
#4163=DIRECTION('',(-2.63677968348484E-16,1.45716771982069E-16,1.));
#4164=DIRECTION('center_axis',(-0.00163992664791358,0.999998655319391,-1.46148988566314E-16));
#4165=DIRECTION('ref_axis',(-0.999998655319391,-0.00163992664791358,-3.59994592364432E-16));
#4166=DIRECTION('',(-2.63677968348484E-16,1.45716771982069E-16,1.));
#4167=DIRECTION('center_axis',(-0.999998655319405,-0.00163992663909263,
-2.634386489697E-16));
#4168=DIRECTION('ref_axis',(0.00163992663909263,-0.999998655319405,1.35365796296733E-15));
#4169=DIRECTION('',(-2.63677968348484E-16,1.45716771982069E-16,1.));
#4170=DIRECTION('center_axis',(0.0016399266446605,-0.999998655319396,1.46148988565457E-16));
#4171=DIRECTION('ref_axis',(0.999998655319396,0.0016399266446605,3.59994592368836E-16));
#4172=DIRECTION('',(-2.63677968348484E-16,1.45716771982069E-16,1.));
#4173=DIRECTION('center_axis',(-0.999997152804196,0.00238629074128738,-2.6402494018951E-16));
#4174=DIRECTION('ref_axis',(-0.00238629074128738,-0.999997152804196,1.35219757763079E-15));
#4175=DIRECTION('',(-2.63677968348484E-16,1.45716771982069E-16,1.));
#4176=DIRECTION('center_axis',(0.0901997507553025,0.995923694347956,-1.21339098856143E-16));
#4177=DIRECTION('ref_axis',(-0.995923694347956,0.0901997507553025,-4.82783708975878E-16));
#4178=DIRECTION('',(-2.63677968348484E-16,1.45716771982069E-16,1.));
#4179=DIRECTION('center_axis',(-0.999998655319405,-0.00163992663913328,
-2.63438648969695E-16));
#4180=DIRECTION('ref_axis',(0.00163992663913328,-0.999998655319405,1.35365796296735E-15));
#4181=DIRECTION('',(-2.63677968348484E-16,1.45716771982069E-16,1.));
#4182=DIRECTION('center_axis',(0.00163992665269892,-0.999998655319383,1.46148988567575E-16));
#4183=DIRECTION('ref_axis',(0.999998655319383,0.00163992665269892,3.59994592357955E-16));
#4184=DIRECTION('',(-2.63677968348484E-16,1.45716771982069E-16,1.));
#4185=DIRECTION('center_axis',(-0.999997152804196,0.00238629074123779,-2.64024940189502E-16));
#4186=DIRECTION('ref_axis',(-0.00238629074123779,-0.999997152804196,1.3521975776308E-15));
#4187=DIRECTION('',(-2.63677968348484E-16,1.45716771982069E-16,1.));
#4188=DIRECTION('center_axis',(-0.00163992666462894,0.999998655319363,-1.46148988570717E-16));
#4189=DIRECTION('ref_axis',(-0.999998655319363,-0.00163992666462894,-3.59994592341805E-16));
#4190=DIRECTION('',(-2.63677968348484E-16,1.45716771982069E-16,1.));
#4191=DIRECTION('center_axis',(-0.999998655319406,-0.00163992663857356,
-2.63438648969776E-16));
#4192=DIRECTION('ref_axis',(0.00163992663857356,-0.999998655319406,1.35365796296715E-15));
#4193=DIRECTION('',(-2.63677968348484E-16,1.45716771982069E-16,1.));
#4194=DIRECTION('center_axis',(-0.152996504669693,-0.98822672983423,1.03659401542116E-16));
#4195=DIRECTION('ref_axis',(0.98822672983423,-0.152996504669693,5.64963899301062E-16));
#4196=DIRECTION('',(-2.63677968348484E-16,1.45716771982069E-16,1.));
#4197=DIRECTION('center_axis',(-0.999997152804196,0.00238629074121277,-2.64024940189499E-16));
#4198=DIRECTION('ref_axis',(-0.00238629074121277,-0.999997152804196,1.35219757763081E-15));
#4199=DIRECTION('',(-2.63677968348484E-16,1.45716771982069E-16,1.));
#4200=DIRECTION('center_axis',(-0.999992939898389,-0.00375767925402723,
-2.63128549864194E-16));
#4201=DIRECTION('ref_axis',(0.00375767925402723,-0.99999293989839,1.35441730928947E-15));
#4202=DIRECTION('center_axis',(0.999984762688211,0.00552036152830271,0.));
#4203=DIRECTION('ref_axis',(-0.00552036152830271,0.999984762688211,-1.20787456383519E-15));
#4204=DIRECTION('',(-0.00552036152830271,0.999984762688211,-1.20787456383519E-15));
#4205=DIRECTION('',(0.,0.,1.));
#4206=DIRECTION('center_axis',(-9.8536039703826E-17,1.2073490060257E-15,
1.));
#4207=DIRECTION('ref_axis',(-1.,-2.05743895609198E-30,-9.8536039703826E-17));
#4208=DIRECTION('',(-0.999984762688211,-0.00552036152829871,-9.18695352753726E-17));
#4209=DIRECTION('',(-0.0127451135111399,-0.999918777742266,1.2059950894026E-15));
#4210=DIRECTION('',(0.00375767925401862,-0.999992939898389,1.20771074885121E-15));
#4211=DIRECTION('',(-0.00238629074122138,-0.999997152804196,1.20711043282746E-15));
#4212=DIRECTION('',(0.999997535444525,0.00222015875030113,9.58552903958945E-17));
#4213=DIRECTION('',(-0.00222015875030085,0.999997535444525,-1.20756479609787E-15));
#4214=DIRECTION('center_axis',(9.8536039703826E-17,-1.2073490060257E-15,
-1.));
#4215=DIRECTION('ref_axis',(-1.,-2.05743895609198E-30,-9.8536039703826E-17));
#4216=DIRECTION('center_axis',(0.,0.,1.));
#4217=DIRECTION('ref_axis',(-1.,-2.05743895609198E-30,0.));
#4218=DIRECTION('',(0.,0.,1.));
#4219=DIRECTION('center_axis',(9.8536039703826E-17,-1.2073490060257E-15,
-1.));
#4220=DIRECTION('ref_axis',(-1.,-2.05743895609198E-30,-9.8536039703826E-17));
#4221=DIRECTION('center_axis',(-9.8536039703826E-17,1.2073490060257E-15,
1.));
#4222=DIRECTION('ref_axis',(-1.,-2.05743895609198E-30,-9.8536039703826E-17));
#4223=DIRECTION('center_axis',(9.8536039703826E-17,-1.2073490060257E-15,
-1.));
#4224=DIRECTION('ref_axis',(-1.,-2.1764063456861E-30,-9.8536039703826E-17));
#4225=DIRECTION('center_axis',(0.,0.,1.));
#4226=DIRECTION('ref_axis',(-1.,-2.05743895609198E-30,0.));
#4227=DIRECTION('',(0.,0.,1.));
#4228=DIRECTION('center_axis',(-0.999992939898389,-0.00375767925401862,
0.));
#4229=DIRECTION('ref_axis',(0.00375767925401862,-0.99999293989839,1.20771074885121E-15));
#4230=DIRECTION('',(0.,0.,1.));
#4231=DIRECTION('',(0.,0.,-1.));
#4232=DIRECTION('center_axis',(-0.999918777742267,0.0127451135111399,0.));
#4233=DIRECTION('ref_axis',(-0.0127451135111399,-0.999918777742267,1.2059950894026E-15));
#4234=DIRECTION('',(0.,0.,-1.));
#4235=DIRECTION('center_axis',(-0.00552036152829871,0.999984762688211,0.));
#4236=DIRECTION('ref_axis',(-0.999984762688211,-0.00552036152829871,-9.18695352753726E-17));
#4237=DIRECTION('center_axis',(0.999997535444525,0.00222015875030085,0.));
#4238=DIRECTION('ref_axis',(-0.00222015875030085,0.999997535444525,-1.20756479609787E-15));
#4239=DIRECTION('',(0.,0.,-1.));
#4240=DIRECTION('center_axis',(0.00222015875030113,-0.999997535444525,0.));
#4241=DIRECTION('ref_axis',(0.999997535444525,0.00222015875030113,9.58552903958945E-17));
#4242=DIRECTION('',(0.,0.,-1.));
#4243=DIRECTION('center_axis',(-0.999997152804196,0.00238629074122138,0.));
#4244=DIRECTION('ref_axis',(-0.00238629074122138,-0.999997152804196,1.20711043282746E-15));
#4245=CARTESIAN_POINT('',(0.,0.,0.));
#4246=CARTESIAN_POINT('Origin',(-4032.83785567761,2023.75649591684,238.017483194703));
#4247=CARTESIAN_POINT('',(-4032.83785567761,2023.75649591684,238.017483194703));
#4248=CARTESIAN_POINT('',(-4029.33686093465,2023.76223729911,238.017483194703));
#4249=CARTESIAN_POINT('',(-4039.74276950054,2023.74517234948,238.017483194703));
#4250=CARTESIAN_POINT('',(-4032.83785567761,2023.75649591684,230.017483194703));
#4251=CARTESIAN_POINT('',(-4032.83785567761,2023.75649591684,238.017483194703));
#4252=CARTESIAN_POINT('',(-4029.33686093465,2023.76223729911,230.017483194703));
#4253=CARTESIAN_POINT('',(-4039.74276950054,2023.74517234948,230.017483194703));
#4254=CARTESIAN_POINT('',(-4029.33686093465,2023.76223729911,238.017483194703));
#4255=CARTESIAN_POINT('Origin',(-4060.39182329546,2023.71130937057,238.017483194703));
#4256=CARTESIAN_POINT('',(-4060.39182329546,2023.71130937057,238.017483194703));
#4257=CARTESIAN_POINT('',(-4060.38854344223,2021.71131205995,238.017483194704));
#4258=CARTESIAN_POINT('',(-4060.41075745283,2035.25702823051,238.017483194703));
#4259=CARTESIAN_POINT('',(-4060.39182329546,2023.71130937057,230.017483194703));
#4260=CARTESIAN_POINT('',(-4060.39182329546,2023.71130937057,238.017483194703));
#4261=CARTESIAN_POINT('',(-4060.38854344223,2021.71131205995,230.017483194704));
#4262=CARTESIAN_POINT('',(-4060.41075745283,2035.25702823051,230.017483194703));
#4263=CARTESIAN_POINT('',(-4060.38854344223,2021.71131205995,230.017483194704));
#4264=CARTESIAN_POINT('Origin',(-4063.89181858907,2023.70556962734,238.017483194703));
#4265=CARTESIAN_POINT('',(-4063.89181858907,2023.70556962734,238.017483194703));
#4266=CARTESIAN_POINT('',(-4055.26975095631,2023.71970920473,238.017483194703));
#4267=CARTESIAN_POINT('',(-4063.89181858907,2023.70556962734,230.017483194703));
#4268=CARTESIAN_POINT('',(-4063.89181858907,2023.70556962734,238.017483194703));
#4269=CARTESIAN_POINT('',(-4055.26975095631,2023.71970920473,230.017483194703));
#4270=CARTESIAN_POINT('Origin',(-4046.68555163828,2046.82528650201,238.017483194703));
#4271=CARTESIAN_POINT('',(-4074.33353799587,2088.37800306662,238.017483194703));
#4272=CARTESIAN_POINT('',(-4074.43518412225,2080.40334906539,238.017483194703));
#4273=CARTESIAN_POINT('',(-4074.33353799587,2088.37800306662,238.017483194703));
#4274=CARTESIAN_POINT('',(-4074.39786103289,2070.47093511124,238.017483194703));
#4275=CARTESIAN_POINT('',(-4074.43518412225,2080.40334906539,238.017483194703));
#4276=CARTESIAN_POINT('',(-4074.43975321627,2052.91562913851,238.017483194703));
#4277=CARTESIAN_POINT('',(-4074.39786103289,2070.47093511124,238.017483194703));
#4278=CARTESIAN_POINT('',(-4074.43472896226,2052.91485128736,238.017483194703));
#4279=CARTESIAN_POINT('',(-4074.43975321627,2052.91562913851,238.017483194703));
#4280=CARTESIAN_POINT('',(-4074.43266178789,2051.65432441791,238.017483194703));
#4281=CARTESIAN_POINT('',(-4074.43472896226,2052.91485128736,238.017483194703));
#4282=CARTESIAN_POINT('',(-4074.44276310414,2051.65430785247,238.017483194703));
#4283=CARTESIAN_POINT('',(-4074.43266178789,2051.65432441791,238.017483194703));
#4284=CARTESIAN_POINT('',(-4074.44468406628,2050.84931094399,238.017483194703));
#4285=CARTESIAN_POINT('',(-4074.44276310414,2051.65430785247,238.017483194703));
#4286=CARTESIAN_POINT('',(-4074.43134165895,2050.84933282459,238.017483194703));
#4287=CARTESIAN_POINT('',(-4074.44468406628,2050.84931094399,238.017483194703));
#4288=CARTESIAN_POINT('',(-4074.42917654341,2049.52908313506,238.017483194703));
#4289=CARTESIAN_POINT('',(-4074.43134165895,2050.84933282459,238.017483194703));
#4290=CARTESIAN_POINT('',(-4074.44783049107,2049.53077260328,238.017483194703));
#4291=CARTESIAN_POINT('',(-4074.42917654341,2049.52908313506,238.017483194703));
#4292=CARTESIAN_POINT('',(-4074.45631019114,2045.97727604932,238.017483194703));
#4293=CARTESIAN_POINT('',(-4074.44783049107,2049.53077260328,238.017483194703));
#4294=CARTESIAN_POINT('',(-4074.42335192115,2045.97733009854,238.017483194703));
#4295=CARTESIAN_POINT('',(-4074.45631019114,2045.97727604932,238.017483194703));
#4296=CARTESIAN_POINT('',(-4074.42122864456,2044.68259307002,238.017483194703));
#4297=CARTESIAN_POINT('',(-4074.42335192115,2045.97733009854,238.017483194703));
#4298=CARTESIAN_POINT('',(-4074.45939983932,2044.68253047198,238.017483194703));
#4299=CARTESIAN_POINT('',(-4074.42122864456,2044.68259307002,238.017483194703));
#4300=CARTESIAN_POINT('',(-4074.46735641527,2041.34825390704,238.017483194703));
#4301=CARTESIAN_POINT('',(-4074.45939983932,2044.68253047198,238.017483194703));
#4302=CARTESIAN_POINT('',(-4074.41576070435,2041.34833852033,238.017483194703));
#4303=CARTESIAN_POINT('',(-4074.46735641527,2041.34825390704,238.017483194703));
#4304=CARTESIAN_POINT('',(-4074.41433722921,2040.48032821292,238.017483194703));
#4305=CARTESIAN_POINT('',(-4074.41576070435,2041.34833852033,238.017483194703));
#4306=CARTESIAN_POINT('',(-4074.46942053851,2040.4832640189,238.017483194703));
#4307=CARTESIAN_POINT('',(-4074.41433722921,2040.48032821292,238.017483194703));
#4308=CARTESIAN_POINT('',(-4074.47860785857,2036.63323277741,238.017483194703));
#4309=CARTESIAN_POINT('',(-4074.46942053851,2040.4832640189,238.017483194703));
#4310=CARTESIAN_POINT('',(-4074.40802845625,2036.63334852261,238.017483194703));
#4311=CARTESIAN_POINT('',(-4074.47860785857,2036.63323277741,238.017483194703));
#4312=CARTESIAN_POINT('',(-4074.40600972697,2035.40236262906,238.017483194703));
#4313=CARTESIAN_POINT('',(-4074.40802845625,2036.63334852261,238.017483194703));
#4314=CARTESIAN_POINT('',(-4074.48154537657,2035.40223875597,238.017483194703));
#4315=CARTESIAN_POINT('',(-4074.40600972697,2035.40236262906,238.017483194703));
#4316=CARTESIAN_POINT('',(-4074.48792166295,2032.7301971184,238.017483194703));
#4317=CARTESIAN_POINT('',(-4074.48154537657,2035.40223875597,238.017483194703));
#4318=CARTESIAN_POINT('',(-4074.40162779775,2032.73033863419,238.017483194703));
#4319=CARTESIAN_POINT('',(-4074.48792166295,2032.7301971184,238.017483194703));
#4320=CARTESIAN_POINT('',(-4074.30219193336,2018.22807131213,238.017483194703));
#4321=CARTESIAN_POINT('',(-4074.40162779775,2032.73033863419,238.017483194703));
#4322=CARTESIAN_POINT('',(-4074.19440882696,2015.88644804478,238.017483194703));
#4323=CARTESIAN_POINT('',(-4074.30219193336,2018.22807131213,238.017483194703));
#4324=CARTESIAN_POINT('',(-4074.10846143788,2015.17478852585,238.017483194703));
#4325=CARTESIAN_POINT('',(-4074.19440882696,2015.88644804478,238.017483194703));
#4326=CARTESIAN_POINT('',(-4069.52802605604,2015.17790564563,238.017483194704));
#4327=CARTESIAN_POINT('',(-4074.10846143788,2015.17478852585,238.017483194703));
#4328=CARTESIAN_POINT('',(-4069.52746129415,2012.99769474322,238.017483194704));
#4329=CARTESIAN_POINT('',(-4069.52802605604,2015.17790564563,238.017483194704));
#4330=CARTESIAN_POINT('',(-4069.52444023013,2012.99133156159,238.017483194704));
#4331=CARTESIAN_POINT('',(-4069.52746129415,2012.99769474322,238.017483194704));
#4332=CARTESIAN_POINT('',(-4068.78295893659,2011.97106178957,238.017483194704));
#4333=CARTESIAN_POINT('',(-4069.52444023013,2012.99133156159,238.017483194704));
#4334=CARTESIAN_POINT('',(-4068.49498418956,2011.61109044775,238.017483194704));
#4335=CARTESIAN_POINT('',(-4068.78295893659,2011.97106178957,238.017483194704));
#4336=CARTESIAN_POINT('',(-4067.9905129732,2011.32282433833,238.017483194704));
#4337=CARTESIAN_POINT('',(-4068.49498418956,2011.61109044775,238.017483194704));
#4338=CARTESIAN_POINT('',(-4067.48911357325,2011.07935305629,238.017483194704));
#4339=CARTESIAN_POINT('',(-4067.9905129732,2011.32282433833,238.017483194704));
#4340=CARTESIAN_POINT('',(-4066.90889561421,2010.98060351065,238.017483194704));
#4341=CARTESIAN_POINT('',(-4067.48911357325,2011.07935305629,238.017483194704));
#4342=CARTESIAN_POINT('',(-4066.49390111816,2010.95229233389,238.017483194704));
#4343=CARTESIAN_POINT('',(-4066.90889561421,2010.98060351065,238.017483194704));
#4344=CARTESIAN_POINT('',(-4058.98891395657,2010.96459997881,238.017483194704));
#4345=CARTESIAN_POINT('',(-4066.49390111816,2010.95229233389,238.017483194704));
#4346=CARTESIAN_POINT('',(-4050.59433371808,2011.22772595925,238.017483194704));
#4347=CARTESIAN_POINT('',(-4058.98891395657,2010.96459997881,238.017483194704));
#4348=CARTESIAN_POINT('',(-4050.59982267786,2014.57479787452,238.017483194704));
#4349=CARTESIAN_POINT('',(-4050.59433371808,2011.22772595925,238.017483194704));
#4350=CARTESIAN_POINT('',(-4052.39013388548,2015.43944728667,238.017483194704));
#4351=CARTESIAN_POINT('',(-4050.59982267786,2014.57479787452,238.017483194704));
#4352=CARTESIAN_POINT('',(-4055.88665722811,2018.7913225579,238.017483194704));
#4353=CARTESIAN_POINT('',(-4052.39013388548,2015.43944728667,238.017483194704));
#4354=CARTESIAN_POINT('',(-4056.21417091107,2019.32382458697,238.017483194704));
#4355=CARTESIAN_POINT('',(-4055.88665722811,2018.7913225579,238.017483194704));
#4356=CARTESIAN_POINT('',(-4057.93877752445,2023.97748065345,238.017483194704));
#4357=CARTESIAN_POINT('',(-4056.21417091107,2019.32382458697,238.017483194704));
#4358=CARTESIAN_POINT('',(-4057.93907863594,2023.9787258907,238.017483194704));
#4359=CARTESIAN_POINT('',(-4057.93877752445,2023.97748065345,238.017483194704));
#4360=CARTESIAN_POINT('',(-4057.94224045525,2024.00529812354,238.017483194704));
#4361=CARTESIAN_POINT('',(-4057.93907863594,2023.9787258907,238.017483194704));
#4362=CARTESIAN_POINT('',(-4058.11761217386,2025.41404632658,238.017483194704));
#4363=CARTESIAN_POINT('',(-4057.94224045525,2024.00529812354,238.017483194704));
#4364=CARTESIAN_POINT('',(-4058.13615153251,2036.71902380076,238.017483194704));
#4365=CARTESIAN_POINT('',(-4058.11761217386,2025.41404632658,238.017483194704));
#4366=CARTESIAN_POINT('',(-4057.73322531817,2038.1209335106,238.017483194703));
#4367=CARTESIAN_POINT('',(-4058.13615153251,2036.71902380076,238.017483194704));
#4368=CARTESIAN_POINT('',(-4057.00601942745,2039.884630797,238.017483194703));
#4369=CARTESIAN_POINT('',(-4057.73322531817,2038.1209335106,238.017483194703));
#4370=CARTESIAN_POINT('',(-4055.85484944839,2041.92747293619,238.017483194703));
#4371=CARTESIAN_POINT('',(-4057.00601942745,2039.884630797,238.017483194703));
#4372=CARTESIAN_POINT('',(-4054.6115825195,2043.28948959113,238.017483194703));
#4373=CARTESIAN_POINT('',(-4055.85484944839,2041.92747293619,238.017483194703));
#4374=CARTESIAN_POINT('',(-4053.35806149006,2044.44128916612,238.017483194703));
#4375=CARTESIAN_POINT('',(-4054.6115825195,2043.28948959113,238.017483194703));
#4376=CARTESIAN_POINT('',(-4048.87670382133,2046.51709791431,238.017483194703));
#4377=CARTESIAN_POINT('',(-4053.35806149006,2044.44128916612,238.017483194703));
#4378=CARTESIAN_POINT('',(-4048.87566018427,2046.51718177775,238.017483194703));
#4379=CARTESIAN_POINT('',(-4048.87670382133,2046.51709791431,238.017483194703));
#4380=CARTESIAN_POINT('',(-4043.91617906084,2046.33124349605,238.017483194703));
#4381=CARTESIAN_POINT('',(-4048.87566018427,2046.51718177775,238.017483194703));
#4382=CARTESIAN_POINT('',(-4043.294868934,2046.18316099477,238.017483194703));
#4383=CARTESIAN_POINT('',(-4043.91617906084,2046.33124349605,238.017483194703));
#4384=CARTESIAN_POINT('',(-4040.7958633223,2044.89235764945,238.017483194703));
#4385=CARTESIAN_POINT('',(-4043.294868934,2046.18316099477,238.017483194703));
#4386=CARTESIAN_POINT('',(-4038.61589864081,2043.33788128943,238.017483194703));
#4387=CARTESIAN_POINT('',(-4040.7958633223,2044.89235764945,238.017483194703));
#4388=CARTESIAN_POINT('',(-4037.52604494947,2041.97297290032,238.017483194703));
#4389=CARTESIAN_POINT('',(-4038.61589864081,2043.33788128943,238.017483194703));
#4390=CARTESIAN_POINT('',(-4036.53525687526,2040.48060004902,238.017483194703));
#4391=CARTESIAN_POINT('',(-4037.52604494947,2041.97297290032,238.017483194703));
#4392=CARTESIAN_POINT('',(-4035.13117758408,2036.7567503211,238.017483194704));
#4393=CARTESIAN_POINT('',(-4036.53525687526,2040.48060004902,238.017483194703));
#4394=CARTESIAN_POINT('',(-4035.11263822543,2025.45177284692,238.017483194704));
#4395=CARTESIAN_POINT('',(-4035.13117758408,2036.7567503211,238.017483194704));
#4396=CARTESIAN_POINT('',(-4035.13239173833,2025.25494996671,238.017483194704));
#4397=CARTESIAN_POINT('',(-4035.11263822543,2025.45177284692,238.017483194704));
#4398=CARTESIAN_POINT('',(-4035.90763333637,2021.40754924293,238.017483194704));
#4399=CARTESIAN_POINT('',(-4035.13239173833,2025.25494996671,238.017483194704));
#4400=CARTESIAN_POINT('',(-4035.90878165435,2021.40273124932,238.017483194704));
#4401=CARTESIAN_POINT('',(-4035.90763333637,2021.40754924293,238.017483194704));
#4402=CARTESIAN_POINT('',(-4037.8827624861,2017.90223698448,238.017483194704));
#4403=CARTESIAN_POINT('',(-4035.90878165435,2021.40273124932,238.017483194704));
#4404=CARTESIAN_POINT('',(-4040.80640922754,2015.45844377086,238.017483194704));
#4405=CARTESIAN_POINT('',(-4037.8827624861,2017.90223698448,238.017483194704));
#4406=CARTESIAN_POINT('',(-4042.59483217372,2014.58780341887,238.017483194704));
#4407=CARTESIAN_POINT('',(-4040.80640922754,2015.45844377086,238.017483194704));
#4408=CARTESIAN_POINT('',(-4042.58934341413,2011.24085357375,238.017483194704));
#4409=CARTESIAN_POINT('',(-4042.59483217372,2014.58780341887,238.017483194704));
#4410=CARTESIAN_POINT('',(-4026.06143041399,2011.19869606411,238.017483194704));
#4411=CARTESIAN_POINT('',(-4042.58934341413,2011.24085357375,238.017483194704));
#4412=CARTESIAN_POINT('',(-4025.69445286706,2011.3194023456,238.017483194704));
#4413=CARTESIAN_POINT('',(-4026.06143041399,2011.19869606411,238.017483194704));
#4414=CARTESIAN_POINT('',(-4024.69072233185,2012.09497521419,238.017483194704));
#4415=CARTESIAN_POINT('',(-4025.69445286706,2011.3194023456,238.017483194704));
#4416=CARTESIAN_POINT('',(-4024.36324490785,2012.56688739943,238.017483194704));
#4417=CARTESIAN_POINT('',(-4024.69072233185,2012.09497521419,238.017483194704));
#4418=CARTESIAN_POINT('',(-4023.69250744398,2013.94497285533,238.017483194704));
#4419=CARTESIAN_POINT('',(-4024.36324490785,2012.56688739943,238.017483194704));
#4420=CARTESIAN_POINT('',(-4023.5834238663,2014.23674759572,238.017483194704));
#4421=CARTESIAN_POINT('',(-4023.69250744398,2013.94497285533,238.017483194704));
#4422=CARTESIAN_POINT('',(-4023.52596051868,2014.12822962493,238.017483194704));
#4423=CARTESIAN_POINT('',(-4023.5834238663,2014.23674759572,238.017483194704));
#4424=CARTESIAN_POINT('',(-4019.31881304495,2014.11663537021,238.017483194704));
#4425=CARTESIAN_POINT('',(-4023.52596051868,2014.12822962493,238.017483194704));
#4426=CARTESIAN_POINT('',(-4019.30915405516,2014.13514488748,238.017483194704));
#4427=CARTESIAN_POINT('',(-4019.31881304495,2014.11663537021,238.017483194704));
#4428=CARTESIAN_POINT('',(-4019.27521032574,2014.25106757107,238.017483194704));
#4429=CARTESIAN_POINT('',(-4019.30915405516,2014.13514488748,238.017483194704));
#4430=CARTESIAN_POINT('',(-4019.13707254636,2014.67696224093,238.017483194704));
#4431=CARTESIAN_POINT('',(-4019.27521032574,2014.25106757107,238.017483194704));
#4432=CARTESIAN_POINT('',(-4018.97411384706,2016.43531900387,238.017483194704));
#4433=CARTESIAN_POINT('',(-4019.13707254636,2014.67696224093,238.017483194704));
#4434=CARTESIAN_POINT('',(-4018.9066734827,2017.69245033453,238.017483194704));
#4435=CARTESIAN_POINT('',(-4018.97411384706,2016.43531900387,238.017483194704));
#4436=CARTESIAN_POINT('',(-4018.88318161362,2026.76188449672,238.017483194704));
#4437=CARTESIAN_POINT('',(-4018.9066734827,2017.69245033453,238.017483194704));
#4438=CARTESIAN_POINT('',(-4018.98042431518,2070.56166317609,238.017483194703));
#4439=CARTESIAN_POINT('',(-4018.88318161362,2026.76188449672,238.017483194704));
#4440=CARTESIAN_POINT('',(-4019.07682234037,2088.02366378095,238.017483194703));
#4441=CARTESIAN_POINT('',(-4018.98042431518,2070.56166317609,238.017483194703));
#4442=CARTESIAN_POINT('',(-4019.04475999318,2093.02356098048,238.017483194703));
#4443=CARTESIAN_POINT('',(-4019.07682234037,2088.02366378095,238.017483194703));
#4444=CARTESIAN_POINT('',(-4074.30147564868,2093.37790026615,238.017483194703));
#4445=CARTESIAN_POINT('',(-4019.04475999318,2093.02356098048,238.017483194703));
#4446=CARTESIAN_POINT('',(-4074.33353799587,2088.37800306662,238.017483194703));
#4447=CARTESIAN_POINT('',(-4035.49958488767,2068.14648017469,238.017483194703));
#4448=CARTESIAN_POINT('Origin',(-4046.49958488767,2068.14648017469,238.017483194703));
#4449=CARTESIAN_POINT('',(-4063.87541767119,2013.70457599544,238.017483194704));
#4450=CARTESIAN_POINT('',(-4063.87541767119,2013.70457599544,238.017483194704));
#4451=CARTESIAN_POINT('',(-4060.38551053169,2014.48860069077,238.017483194704));
#4452=CARTESIAN_POINT('',(-4060.38854344223,2021.71131205995,238.017483194704));
#4453=CARTESIAN_POINT('',(-4060.71734625989,2012.82981145554,238.017483194704));
#4454=CARTESIAN_POINT('',(-4060.38551053169,2014.48860069077,238.017483194704));
#4455=CARTESIAN_POINT('',(-4060.79707075012,2012.54566569493,238.017483194704));
#4456=CARTESIAN_POINT('',(-4060.71734625989,2012.82981145554,238.017483194704));
#4457=CARTESIAN_POINT('',(-4061.92815015107,2011.9736014445,238.017483194704));
#4458=CARTESIAN_POINT('',(-4060.79707075012,2012.54566569493,238.017483194704));
#4459=CARTESIAN_POINT('',(-4061.96529306297,2011.9801530352,238.017483194704));
#4460=CARTESIAN_POINT('',(-4061.92815015107,2011.9736014445,238.017483194704));
#4461=CARTESIAN_POINT('',(-4062.95412637311,2012.23984637289,238.017483194704));
#4462=CARTESIAN_POINT('',(-4061.96529306297,2011.9801530352,238.017483194704));
#4463=CARTESIAN_POINT('',(-4063.39209177472,2012.80998070851,238.017483194704));
#4464=CARTESIAN_POINT('',(-4062.95412637311,2012.23984637289,238.017483194704));
#4465=CARTESIAN_POINT('',(-4063.81255154479,2013.70467909141,238.017483194704));
#4466=CARTESIAN_POINT('',(-4063.39209177472,2012.80998070851,238.017483194704));
#4467=CARTESIAN_POINT('',(-4063.81255154479,2013.70467909141,238.017483194704));
#4468=CARTESIAN_POINT('',(-4063.885430477,2050.3012399387,238.017483194703));
#4469=CARTESIAN_POINT('',(-4063.88877815231,2052.30123713694,238.017483194703));
#4470=CARTESIAN_POINT('',(-4063.88249729539,2048.54887320724,238.017483194703));
#4471=CARTESIAN_POINT('',(-4060.38878305334,2052.30709556881,238.017483194703));
#4472=CARTESIAN_POINT('',(-4055.29177191454,2052.31562715005,238.017483194703));
#4473=CARTESIAN_POINT('',(-4060.38543537803,2050.30709837057,238.017483194703));
#4474=CARTESIAN_POINT('',(-4060.3841760341,2049.55473023824,238.017483194703));
#4475=CARTESIAN_POINT('',(-4060.37675403145,2045.01336468067,238.017483194703));
#4476=CARTESIAN_POINT('',(-4060.38543537803,2050.30709837057,238.017483194703));
#4477=CARTESIAN_POINT('',(-4060.41103285499,2045.01330846583,238.017483194703));
#4478=CARTESIAN_POINT('',(-4060.37675403145,2045.01336468067,238.017483194703));
#4479=CARTESIAN_POINT('',(-4061.11211103926,2043.57575287872,238.017483194703));
#4480=CARTESIAN_POINT('',(-4060.41103285499,2045.01330846583,238.017483194703));
#4481=CARTESIAN_POINT('',(-4062.71980148181,2043.31833736861,238.017483194703));
#4482=CARTESIAN_POINT('',(-4061.11211103926,2043.57575287872,238.017483194703));
#4483=CARTESIAN_POINT('',(-4063.01005445058,2043.5511284088,238.017483194703));
#4484=CARTESIAN_POINT('',(-4062.71980148181,2043.31833736861,238.017483194703));
#4485=CARTESIAN_POINT('',(-4063.83246837876,2045.00769755503,238.017483194703));
#4486=CARTESIAN_POINT('',(-4063.01005445058,2043.5511284088,238.017483194703));
#4487=CARTESIAN_POINT('',(-4063.87674932507,2045.00762493743,238.017483194703));
#4488=CARTESIAN_POINT('',(-4063.83246837876,2045.00769755503,238.017483194703));
#4489=CARTESIAN_POINT('',(-4063.87674932507,2045.00762493743,238.017483194703));
#4490=CARTESIAN_POINT('',(-4032.93147525597,2050.35305190773,238.017483194703));
#4491=CARTESIAN_POINT('',(-4032.93482293128,2052.35304910597,238.017483194703));
#4492=CARTESIAN_POINT('',(-4032.92854207437,2048.60068517627,238.017483194703));
#4493=CARTESIAN_POINT('',(-4029.43328630533,2052.35794582899,238.017483194703));
#4494=CARTESIAN_POINT('',(-4039.81403898048,2052.34342886801,238.017483194703));
#4495=CARTESIAN_POINT('',(-4029.43116343517,2050.35794695566,238.017483194703));
#4496=CARTESIAN_POINT('',(-4029.43035974617,2049.60077535698,238.017483194703));
#4497=CARTESIAN_POINT('',(-4029.42283385688,2044.63062412701,238.017483194703));
#4498=CARTESIAN_POINT('',(-4029.43116343517,2050.35794695566,238.017483194703));
#4499=CARTESIAN_POINT('',(-4030.32547296973,2043.40631061124,238.017483194703));
#4500=CARTESIAN_POINT('',(-4029.42283385688,2044.63062412701,238.017483194703));
#4501=CARTESIAN_POINT('',(-4030.44376998152,2043.35557052997,238.017483194703));
#4502=CARTESIAN_POINT('',(-4030.32547296973,2043.40631061124,238.017483194703));
#4503=CARTESIAN_POINT('',(-4031.87136874387,2043.49278659633,238.017483194703));
#4504=CARTESIAN_POINT('',(-4030.44376998152,2043.35557052997,238.017483194703));
#4505=CARTESIAN_POINT('',(-4032.2665387911,2043.65516260895,238.017483194703));
#4506=CARTESIAN_POINT('',(-4031.87136874387,2043.49278659633,238.017483194703));
#4507=CARTESIAN_POINT('',(-4032.92279238264,2045.05838722426,238.017483194703));
#4508=CARTESIAN_POINT('',(-4032.2665387911,2043.65516260895,238.017483194703));
#4509=CARTESIAN_POINT('',(-4032.92279238264,2045.05838722426,238.017483194703));
#4510=CARTESIAN_POINT('',(-4032.82145475972,2013.75550228494,238.017483194704));
#4511=CARTESIAN_POINT('',(-4032.82145475972,2013.75550228494,238.017483194704));
#4512=CARTESIAN_POINT('',(-4029.32046001676,2013.76124366721,238.017483194704));
#4513=CARTESIAN_POINT('',(-4029.35579509206,2035.30795615905,238.017483194703));
#4514=CARTESIAN_POINT('',(-4029.3234011444,2013.76123884397,238.017483194704));
#4515=CARTESIAN_POINT('',(-4029.32046001676,2013.76124366721,238.017483194704));
#4516=CARTESIAN_POINT('',(-4029.59880265102,2013.05218301173,238.017483194704));
#4517=CARTESIAN_POINT('',(-4029.3234011444,2013.76123884397,238.017483194704));
#4518=CARTESIAN_POINT('',(-4030.0330121407,2012.4833951167,238.017483194704));
#4519=CARTESIAN_POINT('',(-4029.59880265102,2013.05218301173,238.017483194704));
#4520=CARTESIAN_POINT('',(-4031.18504942305,2012.02706874197,238.017483194704));
#4521=CARTESIAN_POINT('',(-4030.0330121407,2012.4833951167,238.017483194704));
#4522=CARTESIAN_POINT('',(-4031.20225269764,2012.02397321715,238.017483194704));
#4523=CARTESIAN_POINT('',(-4031.18504942305,2012.02706874197,238.017483194704));
#4524=CARTESIAN_POINT('',(-4032.3468953636,2012.59831341245,238.017483194704));
#4525=CARTESIAN_POINT('',(-4031.20225269764,2012.02397321715,238.017483194704));
#4526=CARTESIAN_POINT('',(-4032.80850769461,2013.75552351721,238.017483194704));
#4527=CARTESIAN_POINT('',(-4032.3468953636,2012.59831341245,238.017483194704));
#4528=CARTESIAN_POINT('',(-4032.80850769461,2013.75552351721,238.017483194704));
#4529=CARTESIAN_POINT('Origin',(-4029.43328630533,2052.35794582899,238.017483194703));
#4530=CARTESIAN_POINT('',(-4029.43328630533,2052.35794582899,230.017483194703));
#4531=CARTESIAN_POINT('',(-4029.43328630533,2052.35794582899,238.017483194703));
#4532=CARTESIAN_POINT('',(-4029.43116343517,2050.35794695566,230.017483194703));
#4533=CARTESIAN_POINT('',(-4029.43035974617,2049.60077535698,230.017483194703));
#4534=CARTESIAN_POINT('',(-4029.43116343517,2050.35794695566,230.017483194703));
#4535=CARTESIAN_POINT('Origin',(-4032.93482293128,2052.35304910597,238.017483194703));
#4536=CARTESIAN_POINT('',(-4032.93482293128,2052.35304910597,230.017483194703));
#4537=CARTESIAN_POINT('',(-4032.93482293128,2052.35304910597,238.017483194703));
#4538=CARTESIAN_POINT('',(-4039.81403898048,2052.34342886801,230.017483194703));
#4539=CARTESIAN_POINT('Origin',(-4032.93147525593,2050.35305190771,238.017483194703));
#4540=CARTESIAN_POINT('',(-4032.93147525597,2050.35305190773,230.017483194703));
#4541=CARTESIAN_POINT('',(-4032.93147525597,2050.35305190773,230.017483194703));
#4542=CARTESIAN_POINT('',(-4032.92854207437,2048.60068517627,230.017483194703));
#4543=CARTESIAN_POINT('Origin',(-4060.38878305334,2052.30709556881,238.017483194703));
#4544=CARTESIAN_POINT('',(-4060.38878305334,2052.30709556881,230.017483194703));
#4545=CARTESIAN_POINT('',(-4060.38878305334,2052.30709556881,238.017483194703));
#4546=CARTESIAN_POINT('',(-4060.38543537803,2050.30709837057,230.017483194703));
#4547=CARTESIAN_POINT('',(-4060.3841760341,2049.55473023824,230.017483194703));
#4548=CARTESIAN_POINT('',(-4060.38543537803,2050.30709837057,230.017483194703));
#4549=CARTESIAN_POINT('Origin',(-4063.88877815231,2052.30123713694,238.017483194703));
#4550=CARTESIAN_POINT('',(-4063.88877815231,2052.30123713694,230.017483194703));
#4551=CARTESIAN_POINT('',(-4063.88877815231,2052.30123713694,238.017483194703));
#4552=CARTESIAN_POINT('',(-4055.29177191454,2052.31562715005,230.017483194703));
#4553=CARTESIAN_POINT('Origin',(-4063.88543047696,2050.30123993868,238.017483194703));
#4554=CARTESIAN_POINT('',(-4063.885430477,2050.3012399387,230.017483194703));
#4555=CARTESIAN_POINT('',(-4063.885430477,2050.3012399387,230.017483194703));
#4556=CARTESIAN_POINT('',(-4063.88249729539,2048.54887320724,230.017483194703));
#4557=CARTESIAN_POINT('Origin',(-4046.72862598925,2085.38532929659,175.017483194703));
#4558=CARTESIAN_POINT('',(-4019.07682234037,2088.02366378095,175.017483194703));
#4559=CARTESIAN_POINT('',(-4019.04742385237,2082.69828067012,175.017483194703));
#4560=CARTESIAN_POINT('',(-4018.98042431518,2070.56166317609,175.017483194703));
#4561=CARTESIAN_POINT('',(-4074.40982812612,2082.39265552655,175.017483194703));
#4562=CARTESIAN_POINT('',(-4019.04742385237,2082.69828067012,175.017483194703));
#4563=CARTESIAN_POINT('',(-4074.33353799587,2088.37800306662,175.017483194703));
#4564=CARTESIAN_POINT('',(-4074.33353799587,2088.37800306662,175.017483194703));
#4565=CARTESIAN_POINT('',(-4074.30147564868,2093.37790026615,175.017483194703));
#4566=CARTESIAN_POINT('',(-4074.33353799587,2088.37800306662,175.017483194703));
#4567=CARTESIAN_POINT('',(-4019.04475999318,2093.02356098048,175.017483194703));
#4568=CARTESIAN_POINT('',(-4019.04475999318,2093.02356098048,175.017483194703));
#4569=CARTESIAN_POINT('',(-4019.07682234037,2088.02366378095,175.017483194703));
#4570=CARTESIAN_POINT('Origin',(-4046.73087638143,2068.95344999251,175.163117360661));
#4571=CARTESIAN_POINT('',(-4074.40982812612,2082.39265552655,175.163117360661));
#4572=CARTESIAN_POINT('',(-4019.08646345241,2082.69806515413,175.163117360661));
#4573=CARTESIAN_POINT('',(-4032.92666593788,2082.62166106859,175.163117360661));
#4574=CARTESIAN_POINT('',(-4019.02081360803,2070.80593748865,175.163117360661));
#4575=CARTESIAN_POINT('',(-4019.02081360803,2070.80593748865,175.163117360661));
#4576=CARTESIAN_POINT('',(-4018.98591618816,2055.08754173828,175.163117360661));
#4577=CARTESIAN_POINT('',(-4018.92357090648,2027.00615880927,175.163117360661));
#4578=CARTESIAN_POINT('',(-4074.47583657469,2054.96434500235,175.163117360661));
#4579=CARTESIAN_POINT('',(-4074.48014250912,2054.96433544247,175.163117360661));
#4580=CARTESIAN_POINT('',(-4074.43825032574,2070.71520942379,175.163117360661));
#4581=CARTESIAN_POINT('',(-4074.43825032574,2070.71520942379,175.163117360661));
#4582=CARTESIAN_POINT('',(-4074.47557341511,2080.64762337795,175.163117360661));
#4583=CARTESIAN_POINT('',(-4074.47557341511,2080.64762337795,175.163117360661));
#4584=CARTESIAN_POINT('',(-4074.45021741898,2082.6369298391,175.163117360661));
#4585=CARTESIAN_POINT('',(-4074.37392728872,2088.62227737918,175.163117360661));
#4586=CARTESIAN_POINT('',(-4074.40671150813,2082.63717001112,175.163117360661));
#4587=CARTESIAN_POINT('',(-4019.08781314522,2082.94255498267,175.163117360661));
#4588=CARTESIAN_POINT('',(-4074.49321521444,2075.8505156423,175.163117360661));
#4589=CARTESIAN_POINT('',(-4040.53997418053,2068.39075448724,175.163117360661));
#4590=CARTESIAN_POINT('Origin',(-4046.53997418053,2068.39075448724,175.163117360661));
#4591=CARTESIAN_POINT('Origin',(-4019.07682234037,2088.02366378095,233.017483194703));
#4592=CARTESIAN_POINT('',(-4019.07682234037,2088.02366378095,230.017483194703));
#4593=CARTESIAN_POINT('',(-4019.04475999318,2093.02356098048,233.017483194703));
#4594=CARTESIAN_POINT('Origin',(-4074.33353799587,2088.37800306662,180.017483194703));
#4595=CARTESIAN_POINT('',(-4074.33353799587,2088.37800306662,230.017483194703));
#4596=CARTESIAN_POINT('',(-4074.30147564868,2093.37790026615,180.017483194703));
#4597=CARTESIAN_POINT('Origin',(-4019.04475999318,2093.02356098048,230.017483194703));
#4598=CARTESIAN_POINT('',(-4059.00824957358,2093.27983090501,221.290958280356));
#4599=CARTESIAN_POINT('Origin',(-4059.00824957358,2093.27983090501,223.040958280356));
#4600=CARTESIAN_POINT('',(-4035.50921588805,2093.12914097147,221.290958280356));
#4601=CARTESIAN_POINT('Origin',(-4035.50921588805,2093.12914097147,223.040958280356));
#4602=CARTESIAN_POINT('',(-4047.00233067316,2093.20284173408,194.290958280357));
#4603=CARTESIAN_POINT('Origin',(-4047.00233067316,2093.20284173408,196.040958280357));
#4604=CARTESIAN_POINT('Origin',(-4059.07237426797,2083.28003650593,223.040958280356));
#4605=CARTESIAN_POINT('',(-4059.07752191834,2082.47729668958,221.290958280356));
#4606=CARTESIAN_POINT('',(-4059.07237426797,2083.28003650593,221.290958280356));
#4607=CARTESIAN_POINT('Origin',(-4059.07752191834,2082.47729668958,223.040958280356));
#4608=CARTESIAN_POINT('Origin',(-4035.57334058243,2083.12934657238,223.040958280356));
#4609=CARTESIAN_POINT('',(-4035.5766899791,2082.60703175492,221.290958280356));
#4610=CARTESIAN_POINT('',(-4035.57334058243,2083.12934657238,221.290958280356));
#4611=CARTESIAN_POINT('Origin',(-4035.5766899791,2082.60703175492,223.040958280356));
#4612=CARTESIAN_POINT('Origin',(-4047.06645536754,2083.20304733499,196.040958280357));
#4613=CARTESIAN_POINT('',(-4047.07068427,2082.54357978419,194.290958280357));
#4614=CARTESIAN_POINT('',(-4047.06645536754,2083.20304733499,194.290958280357));
#4615=CARTESIAN_POINT('Origin',(-4047.07068427,2082.54357978419,196.040958280357));
#4616=CARTESIAN_POINT('Origin',(-4074.40982812612,2082.39265552655,230.017483194703));
#4617=CARTESIAN_POINT('',(-4074.40671150813,2082.63717001112,183.163117360661));
#4618=CARTESIAN_POINT('',(-4074.40671150812,2082.63717001111,205.090300277682));
#4619=CARTESIAN_POINT('',(-4074.40982812612,2082.39265552655,183.163117360661));
#4620=CARTESIAN_POINT('',(-4074.49321521444,2075.8505156423,183.163117360661));
#4621=CARTESIAN_POINT('',(-4074.40982812612,2082.39265552655,230.017483194703));
#4622=CARTESIAN_POINT('',(-4074.40982812612,2082.39265552655,230.017483194703));
#4623=CARTESIAN_POINT('',(-4074.43518412225,2080.40334906539,230.017483194703));
#4624=CARTESIAN_POINT('',(-4074.33353799587,2088.37800306662,230.017483194703));
#4625=CARTESIAN_POINT('',(-4074.43518412225,2080.40334906539,230.017483194703));
#4626=CARTESIAN_POINT('',(-4074.40982812612,2082.39265552655,180.017483194703));
#4627=CARTESIAN_POINT('Origin',(-4046.49124523913,2068.16328776591,230.991028168893));
#4628=CARTESIAN_POINT('',(-4056.3491074431,2073.04412301897,230.991028168893));
#4629=CARTESIAN_POINT('',(-4035.49958488767,2068.14648017469,230.991028168893));
#4630=CARTESIAN_POINT('Origin',(-4046.49958488767,2068.14648017469,230.991028168893));
#4631=CARTESIAN_POINT('',(-4036.6417226837,2063.26564492163,230.991028168893));
#4632=CARTESIAN_POINT('Origin',(-4046.49124523913,2068.16328776591,230.991028168893));
#4633=CARTESIAN_POINT('Origin',(-4046.49958488767,2068.14648017469,230.991028168893));
#4634=CARTESIAN_POINT('',(-4036.49124523913,2068.16328776591,230.991028168894));
#4635=CARTESIAN_POINT('Origin',(-4046.49124523913,2068.16328776591,230.991028168893));
#4636=CARTESIAN_POINT('Origin',(-4046.49124523913,2068.16328776591,229.991028168893));
#4637=CARTESIAN_POINT('',(-4036.49124523913,2068.16328776591,229.991028168894));
#4638=CARTESIAN_POINT('Origin',(-4046.49124523913,2068.16328776591,229.991028168893));
#4639=CARTESIAN_POINT('',(-4036.49124523913,2068.16328776591,229.991028168893));
#4640=CARTESIAN_POINT('Origin',(-4046.49124523913,2068.16328776591,229.991028168893));
#4641=CARTESIAN_POINT('',(-4036.6417226837,2063.26564492163,230.017483194703));
#4642=CARTESIAN_POINT('',(-4035.49124523913,2068.16328776591,230.017483194703));
#4643=CARTESIAN_POINT('Origin',(-4046.49124523913,2068.16328776591,230.017483194703));
#4644=CARTESIAN_POINT('',(-4036.6417226837,2063.26564492163,229.991028168893));
#4645=CARTESIAN_POINT('',(-4056.3491074431,2073.04412301897,230.017483194703));
#4646=CARTESIAN_POINT('',(-4056.3491074431,2073.04412301897,229.991028168893));
#4647=CARTESIAN_POINT('Origin',(-4046.49124523913,2068.16328776591,230.017483194703));
#4648=CARTESIAN_POINT('',(-4035.49124523913,2068.16328776591,229.991028168894));
#4649=CARTESIAN_POINT('',(-4035.49124523913,2068.16328776591,229.991028168893));
#4650=CARTESIAN_POINT('Origin',(-4046.49124523913,2068.16328776591,229.991028168893));
#4651=CARTESIAN_POINT('Origin',(-4046.49124523913,2068.16328776591,229.991028168893));
#4652=CARTESIAN_POINT('Origin',(-4046.68555163828,2046.82528650201,230.017483194703));
#4653=CARTESIAN_POINT('',(-4019.04742385237,2082.69828067012,230.017483194703));
#4654=CARTESIAN_POINT('',(-4032.96508105748,2082.62144900001,230.017483194703));
#4655=CARTESIAN_POINT('',(-4018.98042431518,2070.56166317609,230.017483194703));
#4656=CARTESIAN_POINT('',(-4018.98042431518,2070.56166317609,230.017483194703));
#4657=CARTESIAN_POINT('',(-4018.88318161362,2026.76188449672,230.017483194704));
#4658=CARTESIAN_POINT('',(-4018.88318161362,2026.76188449672,230.017483194704));
#4659=CARTESIAN_POINT('',(-4018.9066734827,2017.69245033453,230.017483194704));
#4660=CARTESIAN_POINT('',(-4018.9066734827,2017.69245033453,230.017483194704));
#4661=CARTESIAN_POINT('',(-4018.97411384706,2016.43531900387,230.017483194704));
#4662=CARTESIAN_POINT('',(-4018.97411384706,2016.43531900387,230.017483194704));
#4663=CARTESIAN_POINT('',(-4019.13707254636,2014.67696224093,230.017483194704));
#4664=CARTESIAN_POINT('',(-4019.13707254636,2014.67696224093,230.017483194704));
#4665=CARTESIAN_POINT('',(-4019.27521032574,2014.25106757107,230.017483194704));
#4666=CARTESIAN_POINT('',(-4019.27521032574,2014.25106757107,230.017483194704));
#4667=CARTESIAN_POINT('',(-4019.30915405516,2014.13514488748,230.017483194704));
#4668=CARTESIAN_POINT('',(-4019.30915405516,2014.13514488748,230.017483194704));
#4669=CARTESIAN_POINT('',(-4019.31881304495,2014.11663537021,230.017483194704));
#4670=CARTESIAN_POINT('',(-4019.31881304495,2014.11663537021,230.017483194704));
#4671=CARTESIAN_POINT('',(-4023.52596051868,2014.12822962493,230.017483194704));
#4672=CARTESIAN_POINT('',(-4023.52596051868,2014.12822962493,230.017483194704));
#4673=CARTESIAN_POINT('',(-4023.5834238663,2014.23674759572,230.017483194704));
#4674=CARTESIAN_POINT('',(-4023.5834238663,2014.23674759572,230.017483194704));
#4675=CARTESIAN_POINT('',(-4023.69250744398,2013.94497285533,230.017483194704));
#4676=CARTESIAN_POINT('',(-4023.69250744398,2013.94497285533,230.017483194704));
#4677=CARTESIAN_POINT('',(-4024.36324490785,2012.56688739943,230.017483194704));
#4678=CARTESIAN_POINT('',(-4024.36324490785,2012.56688739943,230.017483194704));
#4679=CARTESIAN_POINT('',(-4024.69072233185,2012.09497521419,230.017483194704));
#4680=CARTESIAN_POINT('',(-4024.69072233185,2012.09497521419,230.017483194704));
#4681=CARTESIAN_POINT('',(-4025.69445286706,2011.3194023456,230.017483194704));
#4682=CARTESIAN_POINT('',(-4025.69445286706,2011.3194023456,230.017483194704));
#4683=CARTESIAN_POINT('',(-4026.06143041399,2011.19869606411,230.017483194704));
#4684=CARTESIAN_POINT('',(-4026.06143041399,2011.19869606411,230.017483194704));
#4685=CARTESIAN_POINT('',(-4042.58934341413,2011.24085357375,230.017483194704));
#4686=CARTESIAN_POINT('',(-4042.58934341413,2011.24085357375,230.017483194704));
#4687=CARTESIAN_POINT('',(-4042.59483217372,2014.58780341887,230.017483194704));
#4688=CARTESIAN_POINT('',(-4042.59483217372,2014.58780341887,230.017483194704));
#4689=CARTESIAN_POINT('',(-4040.80640922754,2015.45844377086,230.017483194704));
#4690=CARTESIAN_POINT('',(-4040.80640922754,2015.45844377086,230.017483194704));
#4691=CARTESIAN_POINT('',(-4037.8827624861,2017.90223698448,230.017483194704));
#4692=CARTESIAN_POINT('',(-4037.8827624861,2017.90223698448,230.017483194704));
#4693=CARTESIAN_POINT('',(-4035.90878165435,2021.40273124932,230.017483194704));
#4694=CARTESIAN_POINT('',(-4035.90878165435,2021.40273124932,230.017483194704));
#4695=CARTESIAN_POINT('',(-4035.90763333637,2021.40754924293,230.017483194704));
#4696=CARTESIAN_POINT('',(-4035.90763333637,2021.40754924293,230.017483194704));
#4697=CARTESIAN_POINT('',(-4035.13239173833,2025.25494996671,230.017483194704));
#4698=CARTESIAN_POINT('',(-4035.13239173833,2025.25494996671,230.017483194704));
#4699=CARTESIAN_POINT('',(-4035.11263822543,2025.45177284692,230.017483194704));
#4700=CARTESIAN_POINT('',(-4035.11263822543,2025.45177284692,230.017483194704));
#4701=CARTESIAN_POINT('',(-4035.13117758408,2036.7567503211,230.017483194704));
#4702=CARTESIAN_POINT('',(-4035.13117758408,2036.7567503211,230.017483194704));
#4703=CARTESIAN_POINT('',(-4036.53525687526,2040.48060004902,230.017483194703));
#4704=CARTESIAN_POINT('',(-4036.53525687526,2040.48060004902,230.017483194703));
#4705=CARTESIAN_POINT('',(-4037.52604494947,2041.97297290032,230.017483194703));
#4706=CARTESIAN_POINT('',(-4037.52604494947,2041.97297290032,230.017483194703));
#4707=CARTESIAN_POINT('',(-4038.61589864081,2043.33788128943,230.017483194703));
#4708=CARTESIAN_POINT('',(-4038.61589864081,2043.33788128943,230.017483194703));
#4709=CARTESIAN_POINT('',(-4040.7958633223,2044.89235764945,230.017483194703));
#4710=CARTESIAN_POINT('',(-4040.7958633223,2044.89235764945,230.017483194703));
#4711=CARTESIAN_POINT('',(-4043.294868934,2046.18316099477,230.017483194703));
#4712=CARTESIAN_POINT('',(-4043.294868934,2046.18316099477,230.017483194703));
#4713=CARTESIAN_POINT('',(-4043.91617906084,2046.33124349605,230.017483194703));
#4714=CARTESIAN_POINT('',(-4043.91617906084,2046.33124349605,230.017483194703));
#4715=CARTESIAN_POINT('',(-4048.87566018427,2046.51718177775,230.017483194703));
#4716=CARTESIAN_POINT('',(-4048.87566018427,2046.51718177775,230.017483194703));
#4717=CARTESIAN_POINT('',(-4048.87670382133,2046.51709791431,230.017483194703));
#4718=CARTESIAN_POINT('',(-4048.87670382133,2046.51709791431,230.017483194703));
#4719=CARTESIAN_POINT('',(-4053.35806149006,2044.44128916612,230.017483194703));
#4720=CARTESIAN_POINT('',(-4053.35806149006,2044.44128916612,230.017483194703));
#4721=CARTESIAN_POINT('',(-4054.6115825195,2043.28948959113,230.017483194703));
#4722=CARTESIAN_POINT('',(-4054.6115825195,2043.28948959113,230.017483194703));
#4723=CARTESIAN_POINT('',(-4055.85484944839,2041.92747293619,230.017483194703));
#4724=CARTESIAN_POINT('',(-4055.85484944839,2041.92747293619,230.017483194703));
#4725=CARTESIAN_POINT('',(-4057.00601942745,2039.884630797,230.017483194703));
#4726=CARTESIAN_POINT('',(-4057.00601942745,2039.884630797,230.017483194703));
#4727=CARTESIAN_POINT('',(-4057.73322531817,2038.1209335106,230.017483194703));
#4728=CARTESIAN_POINT('',(-4057.73322531817,2038.1209335106,230.017483194703));
#4729=CARTESIAN_POINT('',(-4058.13615153251,2036.71902380076,230.017483194704));
#4730=CARTESIAN_POINT('',(-4058.13615153251,2036.71902380076,230.017483194704));
#4731=CARTESIAN_POINT('',(-4058.11761217386,2025.41404632658,230.017483194704));
#4732=CARTESIAN_POINT('',(-4058.11761217386,2025.41404632658,230.017483194704));
#4733=CARTESIAN_POINT('',(-4057.94224045525,2024.00529812354,230.017483194704));
#4734=CARTESIAN_POINT('',(-4057.94224045525,2024.00529812354,230.017483194704));
#4735=CARTESIAN_POINT('',(-4057.93907863594,2023.9787258907,230.017483194704));
#4736=CARTESIAN_POINT('',(-4057.93907863594,2023.9787258907,230.017483194704));
#4737=CARTESIAN_POINT('',(-4057.93877752445,2023.97748065345,230.017483194704));
#4738=CARTESIAN_POINT('',(-4057.93877752445,2023.97748065345,230.017483194704));
#4739=CARTESIAN_POINT('',(-4056.21417091107,2019.32382458697,230.017483194704));
#4740=CARTESIAN_POINT('',(-4056.21417091107,2019.32382458697,230.017483194704));
#4741=CARTESIAN_POINT('',(-4055.88665722811,2018.7913225579,230.017483194704));
#4742=CARTESIAN_POINT('',(-4055.88665722811,2018.7913225579,230.017483194704));
#4743=CARTESIAN_POINT('',(-4052.39013388548,2015.43944728667,230.017483194704));
#4744=CARTESIAN_POINT('',(-4052.39013388548,2015.43944728667,230.017483194704));
#4745=CARTESIAN_POINT('',(-4050.59982267786,2014.57479787452,230.017483194704));
#4746=CARTESIAN_POINT('',(-4050.59982267786,2014.57479787452,230.017483194704));
#4747=CARTESIAN_POINT('',(-4050.59433371808,2011.22772595925,230.017483194704));
#4748=CARTESIAN_POINT('',(-4050.59433371808,2011.22772595925,230.017483194704));
#4749=CARTESIAN_POINT('',(-4058.98891395657,2010.96459997881,230.017483194704));
#4750=CARTESIAN_POINT('',(-4058.98891395657,2010.96459997881,230.017483194704));
#4751=CARTESIAN_POINT('',(-4066.49390111816,2010.95229233389,230.017483194704));
#4752=CARTESIAN_POINT('',(-4066.49390111816,2010.95229233389,230.017483194704));
#4753=CARTESIAN_POINT('',(-4066.90889561421,2010.98060351065,230.017483194704));
#4754=CARTESIAN_POINT('',(-4066.90889561421,2010.98060351065,230.017483194704));
#4755=CARTESIAN_POINT('',(-4067.48911357325,2011.07935305629,230.017483194704));
#4756=CARTESIAN_POINT('',(-4067.48911357325,2011.07935305629,230.017483194704));
#4757=CARTESIAN_POINT('',(-4067.9905129732,2011.32282433833,230.017483194704));
#4758=CARTESIAN_POINT('',(-4067.9905129732,2011.32282433833,230.017483194704));
#4759=CARTESIAN_POINT('',(-4068.49498418956,2011.61109044775,230.017483194704));
#4760=CARTESIAN_POINT('',(-4068.49498418956,2011.61109044775,230.017483194704));
#4761=CARTESIAN_POINT('',(-4068.78295893659,2011.97106178957,230.017483194704));
#4762=CARTESIAN_POINT('',(-4068.78295893659,2011.97106178957,230.017483194704));
#4763=CARTESIAN_POINT('',(-4069.52444023013,2012.99133156159,230.017483194704));
#4764=CARTESIAN_POINT('',(-4069.52444023013,2012.99133156159,230.017483194704));
#4765=CARTESIAN_POINT('',(-4069.52746129415,2012.99769474322,230.017483194704));
#4766=CARTESIAN_POINT('',(-4069.52746129415,2012.99769474322,230.017483194704));
#4767=CARTESIAN_POINT('',(-4069.52802605604,2015.17790564563,230.017483194704));
#4768=CARTESIAN_POINT('',(-4069.52802605604,2015.17790564563,230.017483194704));
#4769=CARTESIAN_POINT('',(-4074.10846143788,2015.17478852585,230.017483194703));
#4770=CARTESIAN_POINT('',(-4074.10846143788,2015.17478852585,230.017483194703));
#4771=CARTESIAN_POINT('',(-4074.19440882696,2015.88644804478,230.017483194703));
#4772=CARTESIAN_POINT('',(-4074.19440882696,2015.88644804478,230.017483194703));
#4773=CARTESIAN_POINT('',(-4074.30219193336,2018.22807131213,230.017483194703));
#4774=CARTESIAN_POINT('',(-4074.30219193336,2018.22807131213,230.017483194703));
#4775=CARTESIAN_POINT('',(-4074.40162779775,2032.73033863419,230.017483194703));
#4776=CARTESIAN_POINT('',(-4074.40162779775,2032.73033863419,230.017483194703));
#4777=CARTESIAN_POINT('',(-4074.48792166295,2032.7301971184,230.017483194703));
#4778=CARTESIAN_POINT('',(-4074.48792166295,2032.7301971184,230.017483194703));
#4779=CARTESIAN_POINT('',(-4074.48154537657,2035.40223875597,230.017483194703));
#4780=CARTESIAN_POINT('',(-4074.48154537657,2035.40223875597,230.017483194703));
#4781=CARTESIAN_POINT('',(-4074.40600972697,2035.40236262906,230.017483194703));
#4782=CARTESIAN_POINT('',(-4074.40600972697,2035.40236262906,230.017483194703));
#4783=CARTESIAN_POINT('',(-4074.40802845625,2036.63334852261,230.017483194703));
#4784=CARTESIAN_POINT('',(-4074.40802845625,2036.63334852261,230.017483194703));
#4785=CARTESIAN_POINT('',(-4074.47860785857,2036.63323277741,230.017483194703));
#4786=CARTESIAN_POINT('',(-4074.47860785857,2036.63323277741,230.017483194703));
#4787=CARTESIAN_POINT('',(-4074.46942053851,2040.4832640189,230.017483194703));
#4788=CARTESIAN_POINT('',(-4074.46942053851,2040.4832640189,230.017483194703));
#4789=CARTESIAN_POINT('',(-4074.41433722921,2040.48032821292,230.017483194703));
#4790=CARTESIAN_POINT('',(-4074.41433722921,2040.48032821292,230.017483194703));
#4791=CARTESIAN_POINT('',(-4074.41576070435,2041.34833852033,230.017483194703));
#4792=CARTESIAN_POINT('',(-4074.41576070435,2041.34833852033,230.017483194703));
#4793=CARTESIAN_POINT('',(-4074.46735641527,2041.34825390704,230.017483194703));
#4794=CARTESIAN_POINT('',(-4074.46735641527,2041.34825390704,230.017483194703));
#4795=CARTESIAN_POINT('',(-4074.45939983932,2044.68253047198,230.017483194703));
#4796=CARTESIAN_POINT('',(-4074.45939983932,2044.68253047198,230.017483194703));
#4797=CARTESIAN_POINT('',(-4074.42122864456,2044.68259307002,230.017483194703));
#4798=CARTESIAN_POINT('',(-4074.42122864456,2044.68259307002,230.017483194703));
#4799=CARTESIAN_POINT('',(-4074.42335192115,2045.97733009854,230.017483194703));
#4800=CARTESIAN_POINT('',(-4074.42335192115,2045.97733009854,230.017483194703));
#4801=CARTESIAN_POINT('',(-4074.45631019114,2045.97727604932,230.017483194703));
#4802=CARTESIAN_POINT('',(-4074.45631019114,2045.97727604932,230.017483194703));
#4803=CARTESIAN_POINT('',(-4074.44783049107,2049.53077260328,230.017483194703));
#4804=CARTESIAN_POINT('',(-4074.44783049107,2049.53077260328,230.017483194703));
#4805=CARTESIAN_POINT('',(-4074.42917654341,2049.52908313506,230.017483194703));
#4806=CARTESIAN_POINT('',(-4074.42917654341,2049.52908313506,230.017483194703));
#4807=CARTESIAN_POINT('',(-4074.43134165895,2050.84933282459,230.017483194703));
#4808=CARTESIAN_POINT('',(-4074.43134165895,2050.84933282459,230.017483194703));
#4809=CARTESIAN_POINT('',(-4074.44468406628,2050.84931094399,230.017483194703));
#4810=CARTESIAN_POINT('',(-4074.44468406628,2050.84931094399,230.017483194703));
#4811=CARTESIAN_POINT('',(-4074.44276310414,2051.65430785247,230.017483194703));
#4812=CARTESIAN_POINT('',(-4074.44276310414,2051.65430785247,230.017483194703));
#4813=CARTESIAN_POINT('',(-4074.43266178789,2051.65432441791,230.017483194703));
#4814=CARTESIAN_POINT('',(-4074.43266178789,2051.65432441791,230.017483194703));
#4815=CARTESIAN_POINT('',(-4074.43472896226,2052.91485128736,230.017483194703));
#4816=CARTESIAN_POINT('',(-4074.43472896226,2052.91485128736,230.017483194703));
#4817=CARTESIAN_POINT('',(-4074.43975321627,2052.91562913851,230.017483194703));
#4818=CARTESIAN_POINT('',(-4074.43975321627,2052.91562913851,230.017483194703));
#4819=CARTESIAN_POINT('',(-4074.39786103289,2070.47093511124,230.017483194703));
#4820=CARTESIAN_POINT('',(-4074.39786103289,2070.47093511124,230.017483194703));
#4821=CARTESIAN_POINT('',(-4074.43518412225,2080.40334906539,230.017483194703));
#4822=CARTESIAN_POINT('',(-4032.82145475972,2013.75550228494,230.017483194704));
#4823=CARTESIAN_POINT('',(-4032.85514990838,2034.30221612146,230.017483194703));
#4824=CARTESIAN_POINT('',(-4032.80850769461,2013.75552351721,230.017483194704));
#4825=CARTESIAN_POINT('',(-4032.80850769461,2013.75552351721,230.017483194704));
#4826=CARTESIAN_POINT('',(-4032.3468953636,2012.59831341245,230.017483194704));
#4827=CARTESIAN_POINT('',(-4032.3468953636,2012.59831341245,230.017483194704));
#4828=CARTESIAN_POINT('',(-4031.20225269764,2012.02397321715,230.017483194704));
#4829=CARTESIAN_POINT('',(-4031.20225269764,2012.02397321715,230.017483194704));
#4830=CARTESIAN_POINT('',(-4031.18504942305,2012.02706874197,230.017483194704));
#4831=CARTESIAN_POINT('',(-4031.18504942305,2012.02706874197,230.017483194704));
#4832=CARTESIAN_POINT('',(-4030.0330121407,2012.4833951167,230.017483194704));
#4833=CARTESIAN_POINT('',(-4030.0330121407,2012.4833951167,230.017483194704));
#4834=CARTESIAN_POINT('',(-4029.59880265102,2013.05218301173,230.017483194704));
#4835=CARTESIAN_POINT('',(-4029.59880265102,2013.05218301173,230.017483194704));
#4836=CARTESIAN_POINT('',(-4029.3234011444,2013.76123884397,230.017483194704));
#4837=CARTESIAN_POINT('',(-4029.3234011444,2013.76123884397,230.017483194704));
#4838=CARTESIAN_POINT('',(-4029.32046001676,2013.76124366721,230.017483194704));
#4839=CARTESIAN_POINT('',(-4029.32046001676,2013.76124366721,230.017483194704));
#4840=CARTESIAN_POINT('',(-4029.35579509206,2035.30795615905,230.017483194703));
#4841=CARTESIAN_POINT('',(-4063.87541767119,2013.70457599544,230.017483194704));
#4842=CARTESIAN_POINT('',(-4063.9091128198,2034.25128983196,230.017483194703));
#4843=CARTESIAN_POINT('',(-4063.81255154479,2013.70467909141,230.017483194704));
#4844=CARTESIAN_POINT('',(-4063.81255154479,2013.70467909141,230.017483194704));
#4845=CARTESIAN_POINT('',(-4063.39209177472,2012.80998070851,230.017483194704));
#4846=CARTESIAN_POINT('',(-4063.39209177472,2012.80998070851,230.017483194704));
#4847=CARTESIAN_POINT('',(-4062.95412637311,2012.23984637289,230.017483194704));
#4848=CARTESIAN_POINT('',(-4062.95412637311,2012.23984637289,230.017483194704));
#4849=CARTESIAN_POINT('',(-4061.96529306297,2011.9801530352,230.017483194704));
#4850=CARTESIAN_POINT('',(-4061.96529306297,2011.9801530352,230.017483194704));
#4851=CARTESIAN_POINT('',(-4061.92815015107,2011.9736014445,230.017483194704));
#4852=CARTESIAN_POINT('',(-4061.92815015107,2011.9736014445,230.017483194704));
#4853=CARTESIAN_POINT('',(-4060.79707075012,2012.54566569493,230.017483194704));
#4854=CARTESIAN_POINT('',(-4060.79707075012,2012.54566569493,230.017483194704));
#4855=CARTESIAN_POINT('',(-4060.71734625989,2012.82981145554,230.017483194704));
#4856=CARTESIAN_POINT('',(-4060.71734625989,2012.82981145554,230.017483194704));
#4857=CARTESIAN_POINT('',(-4060.38551053169,2014.48860069077,230.017483194704));
#4858=CARTESIAN_POINT('',(-4060.38551053169,2014.48860069077,230.017483194704));
#4859=CARTESIAN_POINT('',(-4060.38854344223,2021.71131205995,230.017483194704));
#4860=CARTESIAN_POINT('',(-4032.92279238264,2045.05838722426,230.017483194703));
#4861=CARTESIAN_POINT('',(-4032.92279238264,2045.05838722426,230.017483194703));
#4862=CARTESIAN_POINT('',(-4032.2665387911,2043.65516260895,230.017483194703));
#4863=CARTESIAN_POINT('',(-4032.2665387911,2043.65516260895,230.017483194703));
#4864=CARTESIAN_POINT('',(-4031.87136874387,2043.49278659633,230.017483194703));
#4865=CARTESIAN_POINT('',(-4031.87136874387,2043.49278659633,230.017483194703));
#4866=CARTESIAN_POINT('',(-4030.44376998152,2043.35557052997,230.017483194703));
#4867=CARTESIAN_POINT('',(-4030.44376998152,2043.35557052997,230.017483194703));
#4868=CARTESIAN_POINT('',(-4030.32547296973,2043.40631061124,230.017483194703));
#4869=CARTESIAN_POINT('',(-4030.32547296973,2043.40631061124,230.017483194703));
#4870=CARTESIAN_POINT('',(-4029.42283385688,2044.63062412701,230.017483194703));
#4871=CARTESIAN_POINT('',(-4029.42283385688,2044.63062412701,230.017483194703));
#4872=CARTESIAN_POINT('',(-4029.43116343517,2050.35794695566,230.017483194703));
#4873=CARTESIAN_POINT('',(-4063.87674932507,2045.00762493743,230.017483194703));
#4874=CARTESIAN_POINT('',(-4063.87674932507,2045.00762493743,230.017483194703));
#4875=CARTESIAN_POINT('',(-4063.83246837876,2045.00769755503,230.017483194703));
#4876=CARTESIAN_POINT('',(-4063.83246837876,2045.00769755503,230.017483194703));
#4877=CARTESIAN_POINT('',(-4063.01005445058,2043.5511284088,230.017483194703));
#4878=CARTESIAN_POINT('',(-4063.01005445058,2043.5511284088,230.017483194703));
#4879=CARTESIAN_POINT('',(-4062.71980148181,2043.31833736861,230.017483194703));
#4880=CARTESIAN_POINT('',(-4062.71980148181,2043.31833736861,230.017483194703));
#4881=CARTESIAN_POINT('',(-4061.11211103926,2043.57575287872,230.017483194703));
#4882=CARTESIAN_POINT('',(-4061.11211103926,2043.57575287872,230.017483194703));
#4883=CARTESIAN_POINT('',(-4060.41103285499,2045.01330846583,230.017483194703));
#4884=CARTESIAN_POINT('',(-4060.41103285499,2045.01330846583,230.017483194703));
#4885=CARTESIAN_POINT('',(-4060.37675403145,2045.01336468067,230.017483194703));
#4886=CARTESIAN_POINT('',(-4060.37675403145,2045.01336468067,230.017483194703));
#4887=CARTESIAN_POINT('',(-4060.38543537803,2050.30709837057,230.017483194703));
#4888=CARTESIAN_POINT('Origin',(-4046.49958488767,2068.14648017469,230.017483194703));
#4889=CARTESIAN_POINT('Origin',(-4019.04742385237,2082.69828067012,230.017483194703));
#4890=CARTESIAN_POINT('',(-4019.08646345241,2082.69806515413,183.163117360661));
#4891=CARTESIAN_POINT('',(-4019.08646345241,2082.69806515413,180.163117360661));
#4892=CARTESIAN_POINT('',(-4019.04742385237,2082.69828067012,230.017483194703));
#4893=CARTESIAN_POINT('',(-4032.92666593788,2082.62166106859,183.163117360661));
#4894=CARTESIAN_POINT('Origin',(-4032.82145475972,2013.75550228494,230.017483194704));
#4895=CARTESIAN_POINT('',(-4032.82145475972,2013.75550228494,230.017483194704));
#4896=CARTESIAN_POINT('Origin',(-4032.80850769461,2013.75552351721,230.017483194704));
#4897=CARTESIAN_POINT('',(-4032.80850769461,2013.75552351721,230.017483194704));
#4898=CARTESIAN_POINT('Origin',(-4032.3468953636,2012.59831341245,230.017483194704));
#4899=CARTESIAN_POINT('',(-4032.3468953636,2012.59831341245,230.017483194704));
#4900=CARTESIAN_POINT('Origin',(-4031.20225269764,2012.02397321715,230.017483194704));
#4901=CARTESIAN_POINT('',(-4031.20225269764,2012.02397321715,230.017483194704));
#4902=CARTESIAN_POINT('Origin',(-4031.18504942305,2012.02706874197,230.017483194704));
#4903=CARTESIAN_POINT('',(-4031.18504942305,2012.02706874197,230.017483194704));
#4904=CARTESIAN_POINT('Origin',(-4030.0330121407,2012.4833951167,230.017483194704));
#4905=CARTESIAN_POINT('',(-4030.0330121407,2012.4833951167,230.017483194704));
#4906=CARTESIAN_POINT('Origin',(-4029.59880265102,2013.05218301173,230.017483194704));
#4907=CARTESIAN_POINT('',(-4029.59880265102,2013.05218301173,230.017483194704));
#4908=CARTESIAN_POINT('Origin',(-4029.3234011444,2013.76123884397,230.017483194704));
#4909=CARTESIAN_POINT('',(-4029.3234011444,2013.76123884397,230.017483194704));
#4910=CARTESIAN_POINT('Origin',(-4029.32046001676,2013.76124366721,230.017483194704));
#4911=CARTESIAN_POINT('',(-4029.32046001676,2013.76124366721,230.017483194704));
#4912=CARTESIAN_POINT('Origin',(-4029.33358108141,2021.76223998849,230.017483194704));
#4913=CARTESIAN_POINT('Origin',(-4031.87136874387,2043.49278659633,230.017483194703));
#4914=CARTESIAN_POINT('',(-4032.2665387911,2043.65516260895,230.017483194703));
#4915=CARTESIAN_POINT('',(-4031.87136874387,2043.49278659633,230.017483194703));
#4916=CARTESIAN_POINT('Origin',(-4030.44376998152,2043.35557052997,230.017483194703));
#4917=CARTESIAN_POINT('',(-4030.44376998152,2043.35557052997,230.017483194703));
#4918=CARTESIAN_POINT('Origin',(-4030.32547296973,2043.40631061124,230.017483194703));
#4919=CARTESIAN_POINT('',(-4030.32547296973,2043.40631061124,230.017483194703));
#4920=CARTESIAN_POINT('Origin',(-4029.42283385688,2044.63062412701,230.017483194703));
#4921=CARTESIAN_POINT('',(-4029.42283385688,2044.63062412701,230.017483194703));
#4922=CARTESIAN_POINT('Origin',(-4029.43116343517,2050.35794695566,230.017483194703));
#4923=CARTESIAN_POINT('Origin',(-4032.92279238264,2045.05838722426,230.017483194703));
#4924=CARTESIAN_POINT('',(-4032.92279238264,2045.05838722426,230.017483194703));
#4925=CARTESIAN_POINT('Origin',(-4032.2665387911,2043.65516260895,230.017483194703));
#4926=CARTESIAN_POINT('Origin',(-4063.87674932507,2045.00762493743,230.017483194703));
#4927=CARTESIAN_POINT('',(-4063.87674932507,2045.00762493743,230.017483194703));
#4928=CARTESIAN_POINT('Origin',(-4063.83246837876,2045.00769755503,230.017483194703));
#4929=CARTESIAN_POINT('',(-4063.83246837876,2045.00769755503,230.017483194703));
#4930=CARTESIAN_POINT('Origin',(-4063.01005445058,2043.5511284088,230.017483194703));
#4931=CARTESIAN_POINT('',(-4063.01005445058,2043.5511284088,230.017483194703));
#4932=CARTESIAN_POINT('Origin',(-4062.71980148181,2043.31833736861,230.017483194703));
#4933=CARTESIAN_POINT('',(-4062.71980148181,2043.31833736861,230.017483194703));
#4934=CARTESIAN_POINT('Origin',(-4061.11211103926,2043.57575287872,230.017483194703));
#4935=CARTESIAN_POINT('',(-4061.11211103926,2043.57575287872,230.017483194703));
#4936=CARTESIAN_POINT('Origin',(-4060.41103285499,2045.01330846583,230.017483194703));
#4937=CARTESIAN_POINT('',(-4060.41103285499,2045.01330846583,230.017483194703));
#4938=CARTESIAN_POINT('Origin',(-4060.37675403145,2045.01336468067,230.017483194703));
#4939=CARTESIAN_POINT('',(-4060.37675403145,2045.01336468067,230.017483194703));
#4940=CARTESIAN_POINT('Origin',(-4060.38543537803,2050.30709837057,230.017483194703));
#4941=CARTESIAN_POINT('Origin',(-4061.96529306297,2011.9801530352,230.017483194704));
#4942=CARTESIAN_POINT('',(-4062.95412637311,2012.23984637289,230.017483194704));
#4943=CARTESIAN_POINT('',(-4061.96529306297,2011.9801530352,230.017483194704));
#4944=CARTESIAN_POINT('Origin',(-4061.92815015107,2011.9736014445,230.017483194704));
#4945=CARTESIAN_POINT('',(-4061.92815015107,2011.9736014445,230.017483194704));
#4946=CARTESIAN_POINT('Origin',(-4060.79707075012,2012.54566569493,230.017483194704));
#4947=CARTESIAN_POINT('',(-4060.79707075012,2012.54566569493,230.017483194704));
#4948=CARTESIAN_POINT('Origin',(-4060.71734625989,2012.82981145554,230.017483194704));
#4949=CARTESIAN_POINT('',(-4060.71734625989,2012.82981145554,230.017483194704));
#4950=CARTESIAN_POINT('Origin',(-4060.38551053169,2014.48860069077,230.017483194704));
#4951=CARTESIAN_POINT('',(-4060.38551053169,2014.48860069077,230.017483194704));
#4952=CARTESIAN_POINT('Origin',(-4060.38854344223,2021.71131205995,230.017483194704));
#4953=CARTESIAN_POINT('Origin',(-4063.87541767119,2013.70457599544,230.017483194704));
#4954=CARTESIAN_POINT('',(-4063.87541767119,2013.70457599544,230.017483194704));
#4955=CARTESIAN_POINT('Origin',(-4063.81255154479,2013.70467909141,230.017483194704));
#4956=CARTESIAN_POINT('',(-4063.81255154479,2013.70467909141,230.017483194704));
#4957=CARTESIAN_POINT('Origin',(-4063.39209177472,2012.80998070851,230.017483194704));
#4958=CARTESIAN_POINT('',(-4063.39209177472,2012.80998070851,230.017483194704));
#4959=CARTESIAN_POINT('Origin',(-4062.95412637311,2012.23984637289,230.017483194704));
#4960=CARTESIAN_POINT('Origin',(-4046.49958488767,2068.14648017469,230.017483194703));
#4961=CARTESIAN_POINT('',(-4035.49958488767,2068.14648017469,230.017483194703));
#4962=CARTESIAN_POINT('Origin',(-4018.98042431518,2070.56166317609,230.017483194703));
#4963=CARTESIAN_POINT('',(-4018.98042431518,2070.56166317609,230.017483194703));
#4964=CARTESIAN_POINT('Origin',(-4018.88318161362,2026.76188449672,230.017483194704));
#4965=CARTESIAN_POINT('',(-4018.88318161362,2026.76188449672,230.017483194704));
#4966=CARTESIAN_POINT('Origin',(-4018.9066734827,2017.69245033453,230.017483194704));
#4967=CARTESIAN_POINT('',(-4018.9066734827,2017.69245033453,230.017483194704));
#4968=CARTESIAN_POINT('Origin',(-4018.97411384706,2016.43531900387,230.017483194704));
#4969=CARTESIAN_POINT('',(-4018.97411384706,2016.43531900387,230.017483194704));
#4970=CARTESIAN_POINT('Origin',(-4019.13707254636,2014.67696224093,230.017483194704));
#4971=CARTESIAN_POINT('',(-4019.13707254636,2014.67696224093,230.017483194704));
#4972=CARTESIAN_POINT('Origin',(-4019.27521032574,2014.25106757107,230.017483194704));
#4973=CARTESIAN_POINT('',(-4019.27521032574,2014.25106757107,230.017483194704));
#4974=CARTESIAN_POINT('Origin',(-4019.30915405516,2014.13514488748,230.017483194704));
#4975=CARTESIAN_POINT('',(-4019.30915405516,2014.13514488748,230.017483194704));
#4976=CARTESIAN_POINT('Origin',(-4019.31881304495,2014.11663537021,230.017483194704));
#4977=CARTESIAN_POINT('',(-4019.31881304495,2014.11663537021,230.017483194704));
#4978=CARTESIAN_POINT('Origin',(-4023.52596051868,2014.12822962493,230.017483194704));
#4979=CARTESIAN_POINT('',(-4023.52596051868,2014.12822962493,230.017483194704));
#4980=CARTESIAN_POINT('Origin',(-4023.5834238663,2014.23674759572,230.017483194704));
#4981=CARTESIAN_POINT('',(-4023.5834238663,2014.23674759572,230.017483194704));
#4982=CARTESIAN_POINT('Origin',(-4023.69250744398,2013.94497285533,230.017483194704));
#4983=CARTESIAN_POINT('',(-4023.69250744398,2013.94497285533,230.017483194704));
#4984=CARTESIAN_POINT('Origin',(-4024.36324490785,2012.56688739943,230.017483194704));
#4985=CARTESIAN_POINT('',(-4024.36324490785,2012.56688739943,230.017483194704));
#4986=CARTESIAN_POINT('Origin',(-4024.69072233185,2012.09497521419,230.017483194704));
#4987=CARTESIAN_POINT('',(-4024.69072233185,2012.09497521419,230.017483194704));
#4988=CARTESIAN_POINT('Origin',(-4025.69445286706,2011.3194023456,230.017483194704));
#4989=CARTESIAN_POINT('',(-4025.69445286706,2011.3194023456,230.017483194704));
#4990=CARTESIAN_POINT('Origin',(-4026.06143041399,2011.19869606411,230.017483194704));
#4991=CARTESIAN_POINT('',(-4026.06143041399,2011.19869606411,230.017483194704));
#4992=CARTESIAN_POINT('Origin',(-4042.58934341413,2011.24085357375,230.017483194704));
#4993=CARTESIAN_POINT('',(-4042.58934341413,2011.24085357375,230.017483194704));
#4994=CARTESIAN_POINT('Origin',(-4042.59483217372,2014.58780341887,230.017483194704));
#4995=CARTESIAN_POINT('',(-4042.59483217372,2014.58780341887,230.017483194704));
#4996=CARTESIAN_POINT('Origin',(-4040.80640922754,2015.45844377086,230.017483194704));
#4997=CARTESIAN_POINT('',(-4040.80640922754,2015.45844377086,230.017483194704));
#4998=CARTESIAN_POINT('Origin',(-4037.8827624861,2017.90223698448,230.017483194704));
#4999=CARTESIAN_POINT('',(-4037.8827624861,2017.90223698448,230.017483194704));
#5000=CARTESIAN_POINT('Origin',(-4035.90878165435,2021.40273124932,230.017483194704));
#5001=CARTESIAN_POINT('',(-4035.90878165435,2021.40273124932,230.017483194704));
#5002=CARTESIAN_POINT('Origin',(-4035.90763333637,2021.40754924293,230.017483194704));
#5003=CARTESIAN_POINT('',(-4035.90763333637,2021.40754924293,230.017483194704));
#5004=CARTESIAN_POINT('Origin',(-4035.13239173833,2025.25494996671,230.017483194704));
#5005=CARTESIAN_POINT('',(-4035.13239173833,2025.25494996671,230.017483194704));
#5006=CARTESIAN_POINT('Origin',(-4035.11263822543,2025.45177284692,230.017483194704));
#5007=CARTESIAN_POINT('',(-4035.11263822543,2025.45177284692,230.017483194704));
#5008=CARTESIAN_POINT('Origin',(-4035.13117758408,2036.7567503211,230.017483194704));
#5009=CARTESIAN_POINT('',(-4035.13117758408,2036.7567503211,230.017483194704));
#5010=CARTESIAN_POINT('Origin',(-4036.53525687526,2040.48060004902,230.017483194703));
#5011=CARTESIAN_POINT('',(-4036.53525687526,2040.48060004902,230.017483194703));
#5012=CARTESIAN_POINT('Origin',(-4037.52604494947,2041.97297290032,230.017483194703));
#5013=CARTESIAN_POINT('',(-4037.52604494947,2041.97297290032,230.017483194703));
#5014=CARTESIAN_POINT('Origin',(-4038.61589864081,2043.33788128943,230.017483194703));
#5015=CARTESIAN_POINT('',(-4038.61589864081,2043.33788128943,230.017483194703));
#5016=CARTESIAN_POINT('Origin',(-4040.7958633223,2044.89235764945,230.017483194703));
#5017=CARTESIAN_POINT('',(-4040.7958633223,2044.89235764945,230.017483194703));
#5018=CARTESIAN_POINT('Origin',(-4043.294868934,2046.18316099477,230.017483194703));
#5019=CARTESIAN_POINT('',(-4043.294868934,2046.18316099477,230.017483194703));
#5020=CARTESIAN_POINT('Origin',(-4043.91617906084,2046.33124349605,230.017483194703));
#5021=CARTESIAN_POINT('',(-4043.91617906084,2046.33124349605,230.017483194703));
#5022=CARTESIAN_POINT('Origin',(-4048.87566018427,2046.51718177775,230.017483194703));
#5023=CARTESIAN_POINT('',(-4048.87566018427,2046.51718177775,230.017483194703));
#5024=CARTESIAN_POINT('Origin',(-4048.87670382133,2046.51709791431,230.017483194703));
#5025=CARTESIAN_POINT('',(-4048.87670382133,2046.51709791431,230.017483194703));
#5026=CARTESIAN_POINT('Origin',(-4053.35806149006,2044.44128916612,230.017483194703));
#5027=CARTESIAN_POINT('',(-4053.35806149006,2044.44128916612,230.017483194703));
#5028=CARTESIAN_POINT('Origin',(-4054.6115825195,2043.28948959113,230.017483194703));
#5029=CARTESIAN_POINT('',(-4054.6115825195,2043.28948959113,230.017483194703));
#5030=CARTESIAN_POINT('Origin',(-4055.85484944839,2041.92747293619,230.017483194703));
#5031=CARTESIAN_POINT('',(-4055.85484944839,2041.92747293619,230.017483194703));
#5032=CARTESIAN_POINT('Origin',(-4057.00601942745,2039.884630797,230.017483194703));
#5033=CARTESIAN_POINT('',(-4057.00601942745,2039.884630797,230.017483194703));
#5034=CARTESIAN_POINT('Origin',(-4057.73322531817,2038.1209335106,230.017483194703));
#5035=CARTESIAN_POINT('',(-4057.73322531817,2038.1209335106,230.017483194703));
#5036=CARTESIAN_POINT('Origin',(-4058.13615153251,2036.71902380076,230.017483194704));
#5037=CARTESIAN_POINT('',(-4058.13615153251,2036.71902380076,230.017483194704));
#5038=CARTESIAN_POINT('Origin',(-4058.11761217386,2025.41404632658,230.017483194704));
#5039=CARTESIAN_POINT('',(-4058.11761217386,2025.41404632658,230.017483194704));
#5040=CARTESIAN_POINT('Origin',(-4057.94224045525,2024.00529812354,230.017483194704));
#5041=CARTESIAN_POINT('',(-4057.94224045525,2024.00529812354,230.017483194704));
#5042=CARTESIAN_POINT('Origin',(-4057.93907863594,2023.9787258907,230.017483194704));
#5043=CARTESIAN_POINT('',(-4057.93907863594,2023.9787258907,230.017483194704));
#5044=CARTESIAN_POINT('Origin',(-4057.93877752445,2023.97748065345,230.017483194704));
#5045=CARTESIAN_POINT('',(-4057.93877752445,2023.97748065345,230.017483194704));
#5046=CARTESIAN_POINT('Origin',(-4056.21417091107,2019.32382458697,230.017483194704));
#5047=CARTESIAN_POINT('',(-4056.21417091107,2019.32382458697,230.017483194704));
#5048=CARTESIAN_POINT('Origin',(-4055.88665722811,2018.7913225579,230.017483194704));
#5049=CARTESIAN_POINT('',(-4055.88665722811,2018.7913225579,230.017483194704));
#5050=CARTESIAN_POINT('Origin',(-4052.39013388548,2015.43944728667,230.017483194704));
#5051=CARTESIAN_POINT('',(-4052.39013388548,2015.43944728667,230.017483194704));
#5052=CARTESIAN_POINT('Origin',(-4050.59982267786,2014.57479787452,230.017483194704));
#5053=CARTESIAN_POINT('',(-4050.59982267786,2014.57479787452,230.017483194704));
#5054=CARTESIAN_POINT('Origin',(-4050.59433371808,2011.22772595925,230.017483194704));
#5055=CARTESIAN_POINT('',(-4050.59433371808,2011.22772595925,230.017483194704));
#5056=CARTESIAN_POINT('Origin',(-4058.98891395657,2010.96459997881,230.017483194704));
#5057=CARTESIAN_POINT('',(-4058.98891395657,2010.96459997881,230.017483194704));
#5058=CARTESIAN_POINT('Origin',(-4066.49390111816,2010.95229233389,230.017483194704));
#5059=CARTESIAN_POINT('',(-4066.49390111816,2010.95229233389,230.017483194704));
#5060=CARTESIAN_POINT('Origin',(-4066.90889561421,2010.98060351065,230.017483194704));
#5061=CARTESIAN_POINT('',(-4066.90889561421,2010.98060351065,230.017483194704));
#5062=CARTESIAN_POINT('Origin',(-4067.48911357325,2011.07935305629,230.017483194704));
#5063=CARTESIAN_POINT('',(-4067.48911357325,2011.07935305629,230.017483194704));
#5064=CARTESIAN_POINT('Origin',(-4067.9905129732,2011.32282433833,230.017483194704));
#5065=CARTESIAN_POINT('',(-4067.9905129732,2011.32282433833,230.017483194704));
#5066=CARTESIAN_POINT('Origin',(-4068.49498418956,2011.61109044775,230.017483194704));
#5067=CARTESIAN_POINT('',(-4068.49498418956,2011.61109044775,230.017483194704));
#5068=CARTESIAN_POINT('Origin',(-4068.78295893659,2011.97106178957,230.017483194704));
#5069=CARTESIAN_POINT('',(-4068.78295893659,2011.97106178957,230.017483194704));
#5070=CARTESIAN_POINT('Origin',(-4069.52444023013,2012.99133156159,230.017483194704));
#5071=CARTESIAN_POINT('',(-4069.52444023013,2012.99133156159,230.017483194704));
#5072=CARTESIAN_POINT('Origin',(-4069.52746129415,2012.99769474322,230.017483194704));
#5073=CARTESIAN_POINT('',(-4069.52746129415,2012.99769474322,230.017483194704));
#5074=CARTESIAN_POINT('Origin',(-4069.52802605604,2015.17790564563,230.017483194704));
#5075=CARTESIAN_POINT('',(-4069.52802605604,2015.17790564563,230.017483194704));
#5076=CARTESIAN_POINT('Origin',(-4074.10846143788,2015.17478852585,230.017483194703));
#5077=CARTESIAN_POINT('',(-4074.10846143788,2015.17478852585,230.017483194703));
#5078=CARTESIAN_POINT('Origin',(-4074.19440882696,2015.88644804478,230.017483194703));
#5079=CARTESIAN_POINT('',(-4074.19440882696,2015.88644804478,230.017483194703));
#5080=CARTESIAN_POINT('Origin',(-4074.30219193336,2018.22807131213,230.017483194703));
#5081=CARTESIAN_POINT('',(-4074.30219193336,2018.22807131213,230.017483194703));
#5082=CARTESIAN_POINT('Origin',(-4074.40162779775,2032.73033863419,230.017483194703));
#5083=CARTESIAN_POINT('',(-4074.40162779775,2032.73033863419,230.017483194703));
#5084=CARTESIAN_POINT('Origin',(-4074.48792166295,2032.7301971184,230.017483194703));
#5085=CARTESIAN_POINT('',(-4074.48792166295,2032.7301971184,230.017483194703));
#5086=CARTESIAN_POINT('Origin',(-4074.48154537657,2035.40223875597,230.017483194703));
#5087=CARTESIAN_POINT('',(-4074.48154537657,2035.40223875597,230.017483194703));
#5088=CARTESIAN_POINT('Origin',(-4074.40600972697,2035.40236262906,230.017483194703));
#5089=CARTESIAN_POINT('',(-4074.40600972697,2035.40236262906,230.017483194703));
#5090=CARTESIAN_POINT('Origin',(-4074.40802845625,2036.63334852261,230.017483194703));
#5091=CARTESIAN_POINT('',(-4074.40802845625,2036.63334852261,230.017483194703));
#5092=CARTESIAN_POINT('Origin',(-4074.47860785857,2036.63323277741,230.017483194703));
#5093=CARTESIAN_POINT('',(-4074.47860785857,2036.63323277741,230.017483194703));
#5094=CARTESIAN_POINT('Origin',(-4074.46942053851,2040.4832640189,230.017483194703));
#5095=CARTESIAN_POINT('',(-4074.46942053851,2040.4832640189,230.017483194703));
#5096=CARTESIAN_POINT('Origin',(-4074.41433722921,2040.48032821292,230.017483194703));
#5097=CARTESIAN_POINT('',(-4074.41433722921,2040.48032821292,230.017483194703));
#5098=CARTESIAN_POINT('Origin',(-4074.41576070435,2041.34833852033,230.017483194703));
#5099=CARTESIAN_POINT('',(-4074.41576070435,2041.34833852033,230.017483194703));
#5100=CARTESIAN_POINT('Origin',(-4074.46735641527,2041.34825390704,230.017483194703));
#5101=CARTESIAN_POINT('',(-4074.46735641527,2041.34825390704,230.017483194703));
#5102=CARTESIAN_POINT('Origin',(-4074.45939983932,2044.68253047198,230.017483194703));
#5103=CARTESIAN_POINT('',(-4074.45939983932,2044.68253047198,230.017483194703));
#5104=CARTESIAN_POINT('Origin',(-4074.42122864456,2044.68259307002,230.017483194703));
#5105=CARTESIAN_POINT('',(-4074.42122864456,2044.68259307002,230.017483194703));
#5106=CARTESIAN_POINT('Origin',(-4074.42335192115,2045.97733009854,230.017483194703));
#5107=CARTESIAN_POINT('',(-4074.42335192115,2045.97733009854,230.017483194703));
#5108=CARTESIAN_POINT('Origin',(-4074.45631019114,2045.97727604932,230.017483194703));
#5109=CARTESIAN_POINT('',(-4074.45631019114,2045.97727604932,230.017483194703));
#5110=CARTESIAN_POINT('Origin',(-4074.44783049107,2049.53077260328,230.017483194703));
#5111=CARTESIAN_POINT('',(-4074.44783049107,2049.53077260328,230.017483194703));
#5112=CARTESIAN_POINT('Origin',(-4074.42917654341,2049.52908313506,230.017483194703));
#5113=CARTESIAN_POINT('',(-4074.42917654341,2049.52908313506,230.017483194703));
#5114=CARTESIAN_POINT('Origin',(-4074.43134165895,2050.84933282459,230.017483194703));
#5115=CARTESIAN_POINT('',(-4074.43134165895,2050.84933282459,230.017483194703));
#5116=CARTESIAN_POINT('Origin',(-4074.44468406628,2050.84931094399,230.017483194703));
#5117=CARTESIAN_POINT('',(-4074.44468406628,2050.84931094399,230.017483194703));
#5118=CARTESIAN_POINT('Origin',(-4074.44276310414,2051.65430785247,230.017483194703));
#5119=CARTESIAN_POINT('',(-4074.44276310414,2051.65430785247,230.017483194703));
#5120=CARTESIAN_POINT('Origin',(-4074.43266178789,2051.65432441791,230.017483194703));
#5121=CARTESIAN_POINT('',(-4074.43266178789,2051.65432441791,230.017483194703));
#5122=CARTESIAN_POINT('Origin',(-4074.43472896226,2052.91485128736,230.017483194703));
#5123=CARTESIAN_POINT('',(-4074.43472896226,2052.91485128736,230.017483194703));
#5124=CARTESIAN_POINT('Origin',(-4074.43975321627,2052.91562913851,230.017483194703));
#5125=CARTESIAN_POINT('',(-4074.43975321627,2052.91562913851,230.017483194703));
#5126=CARTESIAN_POINT('Origin',(-4074.39786103289,2070.47093511124,230.017483194703));
#5127=CARTESIAN_POINT('',(-4074.39786103289,2070.47093511124,230.017483194703));
#5128=CARTESIAN_POINT('Origin',(-4074.43518412225,2080.40334906539,230.017483194703));
#5129=CARTESIAN_POINT('Origin',(-4019.02081360803,2070.80593748865,180.163117360661));
#5130=CARTESIAN_POINT('',(-4019.02081360803,2070.80593748865,183.163117360661));
#5131=CARTESIAN_POINT('',(-4019.02081360803,2070.80593748865,183.163117360661));
#5132=CARTESIAN_POINT('',(-4019.02081360803,2070.80593748865,180.163117360661));
#5133=CARTESIAN_POINT('Origin',(-4046.73087638143,2068.95344999251,183.163117360661));
#5134=CARTESIAN_POINT('',(-4074.45021741898,2082.6369298391,183.163117360661));
#5135=CARTESIAN_POINT('',(-4019.08781314522,2082.94255498267,183.163117360661));
#5136=CARTESIAN_POINT('',(-4074.47557341511,2080.64762337795,183.163117360661));
#5137=CARTESIAN_POINT('',(-4074.37392728872,2088.62227737918,183.163117360661));
#5138=CARTESIAN_POINT('',(-4074.43825032574,2070.71520942379,183.163117360661));
#5139=CARTESIAN_POINT('',(-4074.47557341511,2080.64762337795,183.163117360661));
#5140=CARTESIAN_POINT('',(-4074.47583657469,2054.96434500235,183.163117360661));
#5141=CARTESIAN_POINT('',(-4074.43825032574,2070.71520942379,183.163117360661));
#5142=CARTESIAN_POINT('',(-4018.98591618816,2055.08754173828,183.163117360661));
#5143=CARTESIAN_POINT('',(-4074.48014250912,2054.96433544247,183.163117360661));
#5144=CARTESIAN_POINT('',(-4018.92357090648,2027.00615880927,183.163117360661));
#5145=CARTESIAN_POINT('',(-4039.53997418053,2068.39075448724,183.163117360661));
#5146=CARTESIAN_POINT('Origin',(-4046.53997418053,2068.39075448724,183.163117360661));
#5147=CARTESIAN_POINT('Origin',(-4046.53997418053,2068.39075448724,180.163117360661));
#5148=CARTESIAN_POINT('',(-4040.53997418053,2068.39075448724,181.163117360661));
#5149=CARTESIAN_POINT('',(-4040.53997418053,2068.39075448724,180.163117360661));
#5150=CARTESIAN_POINT('Origin',(-4046.53997418053,2068.39075448724,181.163117360661));
#5151=CARTESIAN_POINT('Origin',(-4046.53997418053,2068.39075448724,181.163117360661));
#5152=CARTESIAN_POINT('',(-4039.53997418053,2068.39075448724,181.163117360661));
#5153=CARTESIAN_POINT('Origin',(-4046.53997418053,2068.39075448724,181.163117360661));
#5154=CARTESIAN_POINT('Origin',(-4046.53997418053,2068.39075448724,180.163117360661));
#5155=CARTESIAN_POINT('',(-4039.53997418053,2068.39075448724,180.163117360661));
#5156=CARTESIAN_POINT('Origin',(-4074.47557341511,2080.64762337795,180.163117360661));
#5157=CARTESIAN_POINT('',(-4074.43825032574,2070.71520942379,180.163117360661));
#5158=CARTESIAN_POINT('',(-4074.47557341511,2080.64762337795,180.163117360661));
#5159=CARTESIAN_POINT('Origin',(-4074.45021741898,2082.6369298391,180.163117360661));
#5160=CARTESIAN_POINT('',(-4074.45021741898,2082.6369298391,180.163117360661));
#5161=CARTESIAN_POINT('Origin',(-4019.08781314522,2082.94255498267,180.163117360661));
#5162=CARTESIAN_POINT('Origin',(-4018.98591618816,2055.08754173828,180.163117360661));
#5163=CARTESIAN_POINT('',(-4018.98591618816,2055.08754173828,180.163117360661));
#5164=CARTESIAN_POINT('Origin',(-4074.47583657469,2054.96434500235,180.163117360661));
#5165=CARTESIAN_POINT('',(-4074.47583657469,2054.96434500235,180.163117360661));
#5166=CARTESIAN_POINT('Origin',(-4074.43825032574,2070.71520942379,180.163117360661));
#5167=UNCERTAINTY_MEASURE_WITH_UNIT(LENGTH_MEASURE(0.01),#5171,
'DISTANCE_ACCURACY_VALUE',
'Maximum model space distance between geometric entities at asserted c
onnectivities');
#5168=UNCERTAINTY_MEASURE_WITH_UNIT(LENGTH_MEASURE(0.01),#5171,
'DISTANCE_ACCURACY_VALUE',
'Maximum model space distance between geometric entities at asserted c
onnectivities');
#5169=(
GEOMETRIC_REPRESENTATION_CONTEXT(3)
GLOBAL_UNCERTAINTY_ASSIGNED_CONTEXT((#5167))
GLOBAL_UNIT_ASSIGNED_CONTEXT((#5171,#5173,#5174))
REPRESENTATION_CONTEXT('','3D')
);
#5170=(
GEOMETRIC_REPRESENTATION_CONTEXT(3)
GLOBAL_UNCERTAINTY_ASSIGNED_CONTEXT((#5168))
GLOBAL_UNIT_ASSIGNED_CONTEXT((#5171,#5173,#5174))
REPRESENTATION_CONTEXT('','3D')
);
#5171=(
LENGTH_UNIT()
NAMED_UNIT(*)
SI_UNIT(.MILLI.,.METRE.)
);
#5172=(
LENGTH_UNIT()
NAMED_UNIT(*)
SI_UNIT($,.METRE.)
);
#5173=(
NAMED_UNIT(*)
PLANE_ANGLE_UNIT()
SI_UNIT($,.RADIAN.)
);
#5174=(
NAMED_UNIT(*)
SI_UNIT($,.STERADIAN.)
SOLID_ANGLE_UNIT()
);
#5175=SHAPE_DEFINITION_REPRESENTATION(#5176,#5177);
#5176=PRODUCT_DEFINITION_SHAPE('',$,#5179);
#5177=SHAPE_REPRESENTATION('',(#3275),#5169);
#5178=PRODUCT_DEFINITION_CONTEXT('part definition',#5183,'design');
#5179=PRODUCT_DEFINITION('2026-04-30-10-59-45-308','FusionComponent',#5180,
#5178);
#5180=PRODUCT_DEFINITION_FORMATION('',$,#5185);
#5181=PRODUCT_RELATED_PRODUCT_CATEGORY('FusionComponent',
'FusionComponent',(#5185));
#5182=APPLICATION_PROTOCOL_DEFINITION('international standard',
'automotive_design',2009,#5183);
#5183=APPLICATION_CONTEXT(
'Core Data for Automotive Mechanical Design Process');
#5184=PRODUCT_CONTEXT('part definition',#5183,'mechanical');
#5185=PRODUCT('2026-04-30-10-59-45-308','FusionComponent',$,(#5184));
#5186=PRESENTATION_STYLE_ASSIGNMENT((#5188));
#5187=PRESENTATION_STYLE_ASSIGNMENT((#5189));
#5188=SURFACE_STYLE_USAGE(.BOTH.,#5190);
#5189=SURFACE_STYLE_USAGE(.BOTH.,#5191);
#5190=SURFACE_SIDE_STYLE('',(#5192));
#5191=SURFACE_SIDE_STYLE('',(#5193));
#5192=SURFACE_STYLE_FILL_AREA(#5194);
#5193=SURFACE_STYLE_FILL_AREA(#5195);
#5194=FILL_AREA_STYLE('Acier - Satin\X\E9',(#5196));
#5195=FILL_AREA_STYLE('Opaque(160,160,160)',(#5197));
#5196=FILL_AREA_STYLE_COLOUR('Acier - Satin\X\E9',#5198);
#5197=FILL_AREA_STYLE_COLOUR('Opaque(160,160,160)',#5199);
#5198=COLOUR_RGB('Acier - Satin\X\E9',0.627450980392157,0.627450980392157,
0.627450980392157);
#5199=COLOUR_RGB('Opaque(160,160,160)',0.627450980392157,0.627450980392157,
0.627450980392157);
ENDSEC;
END-ISO-10303-21;
