ISO-10303-21;
HEADER;
/* Generated by software containing ST-Developer
 * from STEP Tools, Inc. (www.steptools.com) 
 */

FILE_DESCRIPTION(
/* description */ (''),
/* implementation_level */ '2;1');

FILE_NAME(
/* name */ 'x-carriage-back_R4_modified.step',
/* time_stamp */ '2026-04-09T15:25:55+02:00',
/* author */ (''),
/* organization */ (''),
/* preprocessor_version */ 'ST-DEVELOPER v20.1',
/* originating_system */ 'Autodesk Translation Framework v14.24.0.0',
/* authorisation */ '');

FILE_SCHEMA (('AUTOMOTIVE_DESIGN { 1 0 10303 214 3 1 1 }'));
ENDSEC;

DATA;
#10=MECHANICAL_DESIGN_GEOMETRIC_PRESENTATION_REPRESENTATION('',(#13),#7022);
#11=SHAPE_REPRESENTATION_RELATIONSHIP('SRR','None',#7029,#12);
#12=ADVANCED_BREP_SHAPE_REPRESENTATION('',(#4019),#7021);
#13=STYLED_ITEM('',(#7039),#4019);
#14=B_SPLINE_SURFACE_WITH_KNOTS('',3,1,((#6559,#6560),(#6561,#6562),(#6563,
#6564),(#6565,#6566),(#6567,#6568),(#6569,#6570),(#6571,#6572),(#6573,#6574),
(#6575,#6576),(#6577,#6578),(#6579,#6580),(#6581,#6582),(#6583,#6584),(#6585,
#6586),(#6587,#6588),(#6589,#6590),(#6591,#6592),(#6593,#6594),(#6595,#6596),
(#6597,#6598),(#6599,#6600),(#6601,#6602),(#6603,#6604),(#6605,#6606),(#6607,
#6608),(#6609,#6610),(#6611,#6612)),.UNSPECIFIED.,.F.,.F.,.F.,(4,1,1,1,
1,1,1,1,1,1,1,1,1,1,1,1,1,1,1,1,1,1,1,1,4),(2,2),(0.,0.069826168498994,
0.134567806444184,0.194654678730897,0.249727293695049,0.300288627467714,
0.346032105368109,0.38743754873149,0.42431585137513,0.459073088918845,0.49324482605985,
0.527114100355335,0.561038568476299,0.595222035717932,0.629875307437025,
0.664986390335474,0.701285794323348,0.737967895738206,0.774261777084266,
0.810850862206606,0.847269717789789,0.884508626475089,0.922310282001034,
0.960504075905686,1.),(0.,0.0480000000000016),.UNSPECIFIED.);
#15=B_SPLINE_SURFACE_WITH_KNOTS('',3,1,((#6642,#6643),(#6644,#6645),(#6646,
#6647),(#6648,#6649),(#6650,#6651),(#6652,#6653),(#6654,#6655),(#6656,#6657),
(#6658,#6659),(#6660,#6661),(#6662,#6663),(#6664,#6665),(#6666,#6667),(#6668,
#6669),(#6670,#6671),(#6672,#6673),(#6674,#6675),(#6676,#6677),(#6678,#6679)),
 .UNSPECIFIED.,.F.,.F.,.F.,(4,1,1,1,1,1,1,1,1,1,1,1,1,1,1,1,4),(2,2),(0.,
0.0661945349694602,0.129362366390003,0.190794767484833,0.250524502823532,
0.308782470855288,0.366645188797978,0.423721630441529,0.481910521869634,
0.540044499877194,0.599083026968828,0.659656408309519,0.721688575394027,
0.786832951547419,0.854048925157287,0.925302191612601,1.),(0.,0.048),
 .UNSPECIFIED.);
#16=B_SPLINE_SURFACE_WITH_KNOTS('',3,1,((#6701,#6702),(#6703,#6704),(#6705,
#6706),(#6707,#6708),(#6709,#6710),(#6711,#6712),(#6713,#6714),(#6715,#6716),
(#6717,#6718),(#6719,#6720),(#6721,#6722),(#6723,#6724),(#6725,#6726),(#6727,
#6728),(#6729,#6730)),.UNSPECIFIED.,.F.,.F.,.F.,(4,1,1,1,1,1,1,1,1,1,1,
1,4),(2,2),(0.,0.107120422445823,0.209649260563212,0.307658184586046,0.402218569484174,
0.451671994428748,0.50877915009875,0.572757208387167,0.643659616210917,
0.721852346671436,0.807549466500057,0.900259269050792,1.),(0.,0.0480000000000016),
 .UNSPECIFIED.);
#17=B_SPLINE_SURFACE_WITH_KNOTS('',3,1,((#6760,#6761),(#6762,#6763),(#6764,
#6765),(#6766,#6767),(#6768,#6769),(#6770,#6771),(#6772,#6773),(#6774,#6775),
(#6776,#6777),(#6778,#6779),(#6780,#6781),(#6782,#6783),(#6784,#6785),(#6786,
#6787),(#6788,#6789),(#6790,#6791),(#6792,#6793),(#6794,#6795),(#6796,#6797)),
 .UNSPECIFIED.,.F.,.F.,.F.,(4,1,1,1,1,1,1,1,1,1,1,1,1,1,1,1,4),(2,2),(0.,
0.0915904860935323,0.174865068009522,0.249829138619752,0.316160128744553,
0.374099921022652,0.423769714957037,0.464839405254223,0.498074587609845,
0.554160745985684,0.607387540232787,0.658015758767973,0.706818500350452,
0.760885579243507,0.82764723634676,0.907100422568633,1.),(0.,0.0480000000000011),
 .UNSPECIFIED.);
#18=B_SPLINE_SURFACE_WITH_KNOTS('',3,1,((#6886,#6887),(#6888,#6889),(#6890,
#6891),(#6892,#6893),(#6894,#6895),(#6896,#6897),(#6898,#6899),(#6900,#6901),
(#6902,#6903),(#6904,#6905),(#6906,#6907)),.UNSPECIFIED.,.F.,.F.,.F.,(4,
1,1,1,1,1,1,1,4),(2,2),(0.,0.052658928745531,0.124812715724625,0.219210217956483,
0.33320509122197,0.469464020539472,0.625352362073903,0.80219908831846,1.),
(0.,0.0480000000000011),.UNSPECIFIED.);
#19=B_SPLINE_SURFACE_WITH_KNOTS('',3,1,((#6921,#6922),(#6923,#6924),(#6925,
#6926),(#6927,#6928),(#6929,#6930),(#6931,#6932),(#6933,#6934),(#6935,#6936),
(#6937,#6938),(#6939,#6940),(#6941,#6942)),.UNSPECIFIED.,.F.,.F.,.F.,(4,
1,1,1,1,1,1,1,4),(2,2),(0.,0.13287224507946,0.2563555721123,0.372787532620079,
0.488671198694279,0.607002184512835,0.728890297253906,0.858317691302788,
1.),(0.,0.0480000000000011),.UNSPECIFIED.);
#20=B_SPLINE_SURFACE_WITH_KNOTS('',3,1,((#6956,#6957),(#6958,#6959),(#6960,
#6961),(#6962,#6963),(#6964,#6965),(#6966,#6967),(#6968,#6969),(#6970,#6971),
(#6972,#6973),(#6974,#6975),(#6976,#6977),(#6978,#6979),(#6980,#6981),(#6982,
#6983),(#6984,#6985),(#6986,#6987),(#6988,#6989),(#6990,#6991),(#6992,#6993)),
 .UNSPECIFIED.,.F.,.F.,.F.,(4,1,1,1,1,1,1,1,1,1,1,1,1,1,1,1,4),(2,2),(0.,
0.106122064106485,0.202180464387034,0.287584001868668,0.362990417244086,
0.42719379236066,0.481468038618856,0.525327026418154,0.559548474034827,
0.615694353957088,0.669594951645697,0.721819746313386,0.773909767092738,
0.827084939262342,0.881359185520537,0.938795445873069,1.),(0.,0.0480000000023491),
 .UNSPECIFIED.);
#21=FACE_BOUND('',#400,.T.);
#22=FACE_BOUND('',#401,.T.);
#23=FACE_BOUND('',#402,.T.);
#24=FACE_BOUND('',#403,.T.);
#25=FACE_BOUND('',#404,.T.);
#26=FACE_BOUND('',#411,.T.);
#27=FACE_BOUND('',#413,.T.);
#28=FACE_BOUND('',#454,.T.);
#29=FACE_BOUND('',#455,.T.);
#30=FACE_BOUND('',#460,.T.);
#31=FACE_BOUND('',#512,.T.);
#32=FACE_BOUND('',#530,.T.);
#33=FACE_BOUND('',#535,.T.);
#34=FACE_BOUND('',#539,.T.);
#35=FACE_BOUND('',#567,.T.);
#36=FACE_BOUND('',#584,.T.);
#37=B_SPLINE_CURVE_WITH_KNOTS('',3,(#5654,#5655,#5656,#5657,#5658,#5659,
#5660,#5661,#5662,#5663,#5664,#5665,#5666,#5667,#5668,#5669,#5670,#5671,
#5672,#5673,#5674,#5675,#5676,#5677,#5678,#5679,#5680),.UNSPECIFIED.,.F.,
 .F.,(4,1,1,1,1,1,1,1,1,1,1,1,1,1,1,1,1,1,1,1,1,1,1,1,4),(0.,0.069826168498994,
0.134567806444184,0.194654678730897,0.249727293695049,0.300288627467714,
0.346032105368109,0.38743754873149,0.42431585137513,0.459073088918845,0.49324482605985,
0.527114100355335,0.561038568476299,0.595222035717932,0.629875307437025,
0.664986390335474,0.701285794323348,0.737967895738206,0.774261777084266,
0.810850862206606,0.847269717789789,0.884508626475089,0.922310282001034,
0.960504075905686,1.),.UNSPECIFIED.);
#38=B_SPLINE_CURVE_WITH_KNOTS('',3,(#5682,#5683,#5684,#5685,#5686,#5687,
#5688,#5689,#5690,#5691,#5692,#5693,#5694,#5695,#5696,#5697,#5698,#5699,
#5700),.UNSPECIFIED.,.F.,.F.,(4,1,1,1,1,1,1,1,1,1,1,1,1,1,1,1,4),(0.,0.0661945349694602,
0.129362366390003,0.190794767484833,0.250524502823532,0.308782470855288,
0.366645188797978,0.423721630441529,0.481910521869634,0.540044499877194,
0.599083026968828,0.659656408309519,0.721688575394027,0.786832951547419,
0.854048925157287,0.925302191612601,1.),.UNSPECIFIED.);
#39=B_SPLINE_CURVE_WITH_KNOTS('',3,(#5702,#5703,#5704,#5705,#5706,#5707,
#5708,#5709,#5710,#5711,#5712,#5713,#5714,#5715,#5716),.UNSPECIFIED.,.F.,
 .F.,(4,1,1,1,1,1,1,1,1,1,1,1,4),(0.,0.107120422445823,0.209649260563212,
0.307658184586046,0.402218569484174,0.451671994428748,0.50877915009875,
0.572757208387167,0.643659616210917,0.721852346671436,0.807549466500057,
0.900259269050792,1.),.UNSPECIFIED.);
#40=B_SPLINE_CURVE_WITH_KNOTS('',3,(#5724,#5725,#5726,#5727,#5728,#5729,
#5730,#5731,#5732,#5733,#5734,#5735,#5736,#5737,#5738,#5739,#5740,#5741,
#5742),.UNSPECIFIED.,.F.,.F.,(4,1,1,1,1,1,1,1,1,1,1,1,1,1,1,1,4),(0.,0.0915904860935323,
0.174865068009522,0.249829138619752,0.316160128744553,0.374099921022652,
0.423769714957037,0.464839405254223,0.498074587609845,0.554160745985684,
0.607387540232787,0.658015758767973,0.706818500350452,0.760885579243507,
0.82764723634676,0.907100422568633,1.),.UNSPECIFIED.);
#41=B_SPLINE_CURVE_WITH_KNOTS('',3,(#6399,#6400,#6401,#6402,#6403,#6404,
#6405,#6406,#6407,#6408,#6409,#6410,#6411,#6412,#6413,#6414,#6415,#6416,
#6417,#6418,#6419,#6420),.UNSPECIFIED.,.F.,.F.,(4,2,2,2,2,2,2,2,2,2,4),
(1.84663561940673,1.84896137034963,1.96531267910141,2.08354851190765,2.2017843447139,
2.43825601032639,2.67472767593888,2.79296350874512,2.91119934155137,3.02755065030314,
3.02987640124605),.UNSPECIFIED.);
#42=B_SPLINE_CURVE_WITH_KNOTS('',3,(#6614,#6615,#6616,#6617,#6618,#6619,
#6620,#6621,#6622,#6623,#6624,#6625,#6626,#6627,#6628,#6629,#6630,#6631,
#6632,#6633,#6634,#6635,#6636,#6637,#6638,#6639,#6640),.UNSPECIFIED.,.F.,
 .F.,(4,1,1,1,1,1,1,1,1,1,1,1,1,1,1,1,1,1,1,1,1,1,1,1,4),(0.,0.069826168498994,
0.134567806444184,0.194654678730897,0.249727293695049,0.300288627467714,
0.346032105368109,0.38743754873149,0.42431585137513,0.459073088918845,0.49324482605985,
0.527114100355335,0.561038568476299,0.595222035717932,0.629875307437025,
0.664986390335474,0.701285794323348,0.737967895738206,0.774261777084266,
0.810850862206606,0.847269717789789,0.884508626475089,0.922310282001034,
0.960504075905686,1.),.UNSPECIFIED.);
#43=B_SPLINE_CURVE_WITH_KNOTS('',3,(#6681,#6682,#6683,#6684,#6685,#6686,
#6687,#6688,#6689,#6690,#6691,#6692,#6693,#6694,#6695,#6696,#6697,#6698,
#6699),.UNSPECIFIED.,.F.,.F.,(4,1,1,1,1,1,1,1,1,1,1,1,1,1,1,1,4),(0.,0.0661945349694602,
0.129362366390003,0.190794767484833,0.250524502823532,0.308782470855288,
0.366645188797978,0.423721630441529,0.481910521869634,0.540044499877194,
0.599083026968828,0.659656408309519,0.721688575394027,0.786832951547419,
0.854048925157287,0.925302191612601,1.),.UNSPECIFIED.);
#44=B_SPLINE_CURVE_WITH_KNOTS('',3,(#6732,#6733,#6734,#6735,#6736,#6737,
#6738,#6739,#6740,#6741,#6742,#6743,#6744,#6745,#6746),.UNSPECIFIED.,.F.,
 .F.,(4,1,1,1,1,1,1,1,1,1,1,1,4),(0.,0.107120422445823,0.209649260563212,
0.307658184586046,0.402218569484174,0.451671994428748,0.50877915009875,
0.572757208387167,0.643659616210917,0.721852346671436,0.807549466500057,
0.900259269050792,1.),.UNSPECIFIED.);
#45=B_SPLINE_CURVE_WITH_KNOTS('',3,(#6799,#6800,#6801,#6802,#6803,#6804,
#6805,#6806,#6807,#6808,#6809,#6810,#6811,#6812,#6813,#6814,#6815,#6816,
#6817),.UNSPECIFIED.,.F.,.F.,(4,1,1,1,1,1,1,1,1,1,1,1,1,1,1,1,4),(0.,0.0915904860935323,
0.174865068009522,0.249829138619752,0.316160128744553,0.374099921022652,
0.423769714957037,0.464839405254223,0.498074587609845,0.554160745985684,
0.607387540232787,0.658015758767973,0.706818500350452,0.760885579243507,
0.82764723634676,0.907100422568633,1.),.UNSPECIFIED.);
#46=B_SPLINE_CURVE_WITH_KNOTS('',3,(#6830,#6831,#6832,#6833,#6834,#6835,
#6836,#6837,#6838,#6839,#6840),.UNSPECIFIED.,.F.,.F.,(4,1,1,1,1,1,1,1,4),
(0.,0.052658928745531,0.124812715724625,0.219210217956483,0.33320509122197,
0.469464020539472,0.625352362073903,0.80219908831846,1.),.UNSPECIFIED.);
#47=B_SPLINE_CURVE_WITH_KNOTS('',3,(#6842,#6843,#6844,#6845,#6846,#6847,
#6848,#6849,#6850,#6851,#6852),.UNSPECIFIED.,.F.,.F.,(4,1,1,1,1,1,1,1,4),
(0.,0.13287224507946,0.2563555721123,0.372787532620079,0.488671198694279,
0.607002184512835,0.728890297253906,0.858317691302788,1.),.UNSPECIFIED.);
#48=B_SPLINE_CURVE_WITH_KNOTS('',3,(#6854,#6855,#6856,#6857,#6858,#6859,
#6860,#6861,#6862,#6863,#6864,#6865,#6866,#6867,#6868,#6869,#6870,#6871,
#6872),.UNSPECIFIED.,.F.,.F.,(4,1,1,1,1,1,1,1,1,1,1,1,1,1,1,1,4),(0.,0.106122064106485,
0.202180464387034,0.287584001868668,0.362990417244086,0.42719379236066,
0.481468038618856,0.525327026418154,0.559548474034827,0.615694353957088,
0.669594951645697,0.721819746313386,0.773909767092738,0.827084939262342,
0.881359185520537,0.938795445873069,1.),.UNSPECIFIED.);
#49=B_SPLINE_CURVE_WITH_KNOTS('',3,(#6909,#6910,#6911,#6912,#6913,#6914,
#6915,#6916,#6917,#6918,#6919),.UNSPECIFIED.,.F.,.F.,(4,1,1,1,1,1,1,1,4),
(0.,0.052658928745531,0.124812715724625,0.219210217956483,0.33320509122197,
0.469464020539472,0.625352362073903,0.80219908831846,1.),.UNSPECIFIED.);
#50=B_SPLINE_CURVE_WITH_KNOTS('',3,(#6944,#6945,#6946,#6947,#6948,#6949,
#6950,#6951,#6952,#6953,#6954),.UNSPECIFIED.,.F.,.F.,(4,1,1,1,1,1,1,1,4),
(0.,0.13287224507946,0.2563555721123,0.372787532620079,0.488671198694279,
0.607002184512835,0.728890297253906,0.858317691302788,1.),.UNSPECIFIED.);
#51=B_SPLINE_CURVE_WITH_KNOTS('',3,(#6995,#6996,#6997,#6998,#6999,#7000,
#7001,#7002,#7003,#7004,#7005,#7006,#7007,#7008,#7009,#7010,#7011,#7012,
#7013),.UNSPECIFIED.,.F.,.F.,(4,1,1,1,1,1,1,1,1,1,1,1,1,1,1,1,4),(0.,0.106122064106485,
0.202180464387034,0.287584001868668,0.362990417244086,0.42719379236066,
0.481468038618856,0.525327026418154,0.559548474034827,0.615694353957088,
0.669594951645697,0.721819746313386,0.773909767092738,0.827084939262342,
0.881359185520537,0.938795445873069,1.),.UNSPECIFIED.);
#52=ELLIPSE('',#4066,6.19999999999764,3.1);
#53=ELLIPSE('',#4075,6.19999999999765,3.10000000000003);
#54=ELLIPSE('',#4101,3.0462798356496,2.99999999998576);
#55=ELLIPSE('',#4102,3.19253331742027,2.99999999998624);
#56=ELLIPSE('',#4143,10.748023074302,7.60000000032505);
#57=ELLIPSE('',#4144,8.77572409164303,7.59999999996263);
#58=ELLIPSE('',#4147,12.0208152802279,8.50000000008118);
#59=ELLIPSE('',#4189,10.7480230737014,7.59999999966248);
#60=ELLIPSE('',#4197,8.77572409170371,7.60000000001689);
#61=ELLIPSE('',#4199,10.7480230740375,7.60000000000281);
#62=ELLIPSE('',#4206,10.7480230727545,7.5999999987016);
#63=ELLIPSE('',#4209,12.0208152801461,8.49999999996446);
#64=ELLIPSE('',#4224,8.77572409173731,7.60000000009351);
#65=ELLIPSE('',#4226,8.77572409160697,7.59999999990087);
#66=ELLIPSE('',#4229,8.77572409168184,7.60000000000671);
#67=ELLIPSE('',#4231,8.77572409156767,7.59999999979966);
#68=ELLIPSE('',#4243,3.19253331742819,3.0000000000002);
#69=ELLIPSE('',#4244,3.04627983565709,2.99999999999969);
#70=ELLIPSE('',#4265,5.77350269189923,5.00000000001111);
#71=ELLIPSE('',#4266,5.77350269185853,4.99999999998847);
#72=ELLIPSE('',#4271,5.77350269179939,4.9999999999508);
#73=ELLIPSE('',#4272,5.77350269190851,5.00000000000204);
#74=ELLIPSE('',#4276,4.82274386328961,3.10000000003172);
#75=ELLIPSE('',#4277,4.8227438633092,3.10000000005465);
#76=ELLIPSE('',#4279,4.73917012361366,3.0000000000022);
#77=ELLIPSE('',#4281,34.4211397406352,3.0000000005784);
#78=ELLIPSE('',#4283,4.96670014997269,3.00000000000083);
#79=CIRCLE('',#4052,1.6);
#80=CIRCLE('',#4053,1.6);
#81=CIRCLE('',#4055,3.1);
#82=CIRCLE('',#4056,3.1);
#83=CIRCLE('',#4057,3.1);
#84=CIRCLE('',#4058,3.1);
#85=CIRCLE('',#4059,3.1);
#86=CIRCLE('',#4060,3.1);
#87=CIRCLE('',#4062,3.1);
#88=CIRCLE('',#4063,3.1);
#89=CIRCLE('',#4064,3.1);
#90=CIRCLE('',#4065,3.1);
#91=CIRCLE('',#4067,3.1);
#92=CIRCLE('',#4068,3.1);
#93=CIRCLE('',#4069,3.1);
#94=CIRCLE('',#4071,3.1);
#95=CIRCLE('',#4072,3.1);
#96=CIRCLE('',#4073,3.1);
#97=CIRCLE('',#4074,3.1);
#98=CIRCLE('',#4076,3.1);
#99=CIRCLE('',#4077,3.1);
#100=CIRCLE('',#4078,3.1);
#101=CIRCLE('',#4080,1.65);
#102=CIRCLE('',#4081,1.65);
#103=CIRCLE('',#4083,1.8);
#104=CIRCLE('',#4084,1.8);
#105=CIRCLE('',#4085,1.8);
#106=CIRCLE('',#4086,1.8);
#107=CIRCLE('',#4087,1.8);
#108=CIRCLE('',#4088,1.8);
#109=CIRCLE('',#4089,1.8);
#110=CIRCLE('',#4090,1.8);
#111=CIRCLE('',#4091,1.8);
#112=CIRCLE('',#4092,1.8);
#113=CIRCLE('',#4094,1.65);
#114=CIRCLE('',#4095,1.65);
#115=CIRCLE('',#4097,1.65);
#116=CIRCLE('',#4098,1.65);
#117=CIRCLE('',#4100,3.1);
#118=CIRCLE('',#4103,5.);
#119=CIRCLE('',#4104,5.);
#120=CIRCLE('',#4123,8.5);
#121=CIRCLE('',#4124,7.6);
#122=CIRCLE('',#4141,7.6);
#123=CIRCLE('',#4146,8.5);
#124=CIRCLE('',#4156,7.6);
#125=CIRCLE('',#4158,7.6);
#126=CIRCLE('',#4162,7.6);
#127=CIRCLE('',#4163,8.5);
#128=CIRCLE('',#4165,8.5);
#129=CIRCLE('',#4166,7.6);
#130=CIRCLE('',#4170,7.);
#131=CIRCLE('',#4171,7.);
#132=CIRCLE('',#4173,3.1);
#133=CIRCLE('',#4175,3.1);
#134=CIRCLE('',#4177,3.1);
#135=CIRCLE('',#4180,7.);
#136=CIRCLE('',#4181,7.);
#137=CIRCLE('',#4198,10.9975792696548);
#138=CIRCLE('',#4205,7.6);
#139=CIRCLE('',#4207,7.6);
#140=CIRCLE('',#4212,7.6);
#141=CIRCLE('',#4214,5.);
#142=CIRCLE('',#4216,5.);
#143=CIRCLE('',#4218,7.6);
#144=CIRCLE('',#4268,5.);
#145=CYLINDRICAL_SURFACE('',#4051,1.6);
#146=CYLINDRICAL_SURFACE('',#4054,3.1);
#147=CYLINDRICAL_SURFACE('',#4061,3.1);
#148=CYLINDRICAL_SURFACE('',#4070,3.1);
#149=CYLINDRICAL_SURFACE('',#4079,1.65);
#150=CYLINDRICAL_SURFACE('',#4082,1.8);
#151=CYLINDRICAL_SURFACE('',#4093,1.65);
#152=CYLINDRICAL_SURFACE('',#4096,1.65);
#153=CYLINDRICAL_SURFACE('',#4142,7.6);
#154=CYLINDRICAL_SURFACE('',#4145,8.5);
#155=CYLINDRICAL_SURFACE('',#4169,7.);
#156=CYLINDRICAL_SURFACE('',#4179,7.);
#157=CYLINDRICAL_SURFACE('',#4196,7.6);
#158=CYLINDRICAL_SURFACE('',#4204,7.6);
#159=CYLINDRICAL_SURFACE('',#4208,8.5);
#160=CYLINDRICAL_SURFACE('',#4261,7.6);
#161=CYLINDRICAL_SURFACE('',#4275,3.1);
#162=CYLINDRICAL_SURFACE('',#4280,3.);
#163=CYLINDRICAL_SURFACE('',#4282,3.);
#164=CYLINDRICAL_SURFACE('',#4290,5.);
#165=CYLINDRICAL_SURFACE('',#4292,5.);
#166=ORIENTED_CLOSED_SHELL('',*,#4015,.F.);
#167=ORIENTED_CLOSED_SHELL('',*,#4016,.F.);
#168=ORIENTED_CLOSED_SHELL('',*,#4017,.F.);
#169=FACE_OUTER_BOUND('',#373,.T.);
#170=FACE_OUTER_BOUND('',#374,.T.);
#171=FACE_OUTER_BOUND('',#375,.T.);
#172=FACE_OUTER_BOUND('',#376,.T.);
#173=FACE_OUTER_BOUND('',#377,.T.);
#174=FACE_OUTER_BOUND('',#378,.T.);
#175=FACE_OUTER_BOUND('',#379,.T.);
#176=FACE_OUTER_BOUND('',#380,.T.);
#177=FACE_OUTER_BOUND('',#381,.T.);
#178=FACE_OUTER_BOUND('',#382,.T.);
#179=FACE_OUTER_BOUND('',#383,.T.);
#180=FACE_OUTER_BOUND('',#384,.T.);
#181=FACE_OUTER_BOUND('',#385,.T.);
#182=FACE_OUTER_BOUND('',#386,.T.);
#183=FACE_OUTER_BOUND('',#387,.T.);
#184=FACE_OUTER_BOUND('',#388,.T.);
#185=FACE_OUTER_BOUND('',#389,.T.);
#186=FACE_OUTER_BOUND('',#390,.T.);
#187=FACE_OUTER_BOUND('',#391,.T.);
#188=FACE_OUTER_BOUND('',#392,.T.);
#189=FACE_OUTER_BOUND('',#393,.T.);
#190=FACE_OUTER_BOUND('',#394,.T.);
#191=FACE_OUTER_BOUND('',#395,.T.);
#192=FACE_OUTER_BOUND('',#396,.T.);
#193=FACE_OUTER_BOUND('',#397,.T.);
#194=FACE_OUTER_BOUND('',#398,.T.);
#195=FACE_OUTER_BOUND('',#399,.T.);
#196=FACE_OUTER_BOUND('',#405,.T.);
#197=FACE_OUTER_BOUND('',#406,.T.);
#198=FACE_OUTER_BOUND('',#407,.T.);
#199=FACE_OUTER_BOUND('',#408,.T.);
#200=FACE_OUTER_BOUND('',#409,.T.);
#201=FACE_OUTER_BOUND('',#410,.T.);
#202=FACE_OUTER_BOUND('',#412,.T.);
#203=FACE_OUTER_BOUND('',#414,.T.);
#204=FACE_OUTER_BOUND('',#415,.T.);
#205=FACE_OUTER_BOUND('',#416,.T.);
#206=FACE_OUTER_BOUND('',#417,.T.);
#207=FACE_OUTER_BOUND('',#418,.T.);
#208=FACE_OUTER_BOUND('',#419,.T.);
#209=FACE_OUTER_BOUND('',#420,.T.);
#210=FACE_OUTER_BOUND('',#421,.T.);
#211=FACE_OUTER_BOUND('',#422,.T.);
#212=FACE_OUTER_BOUND('',#423,.T.);
#213=FACE_OUTER_BOUND('',#424,.T.);
#214=FACE_OUTER_BOUND('',#425,.T.);
#215=FACE_OUTER_BOUND('',#426,.T.);
#216=FACE_OUTER_BOUND('',#427,.T.);
#217=FACE_OUTER_BOUND('',#428,.T.);
#218=FACE_OUTER_BOUND('',#429,.T.);
#219=FACE_OUTER_BOUND('',#430,.T.);
#220=FACE_OUTER_BOUND('',#431,.T.);
#221=FACE_OUTER_BOUND('',#432,.T.);
#222=FACE_OUTER_BOUND('',#433,.T.);
#223=FACE_OUTER_BOUND('',#434,.T.);
#224=FACE_OUTER_BOUND('',#435,.T.);
#225=FACE_OUTER_BOUND('',#436,.T.);
#226=FACE_OUTER_BOUND('',#437,.T.);
#227=FACE_OUTER_BOUND('',#438,.T.);
#228=FACE_OUTER_BOUND('',#439,.T.);
#229=FACE_OUTER_BOUND('',#440,.T.);
#230=FACE_OUTER_BOUND('',#441,.T.);
#231=FACE_OUTER_BOUND('',#442,.T.);
#232=FACE_OUTER_BOUND('',#443,.T.);
#233=FACE_OUTER_BOUND('',#444,.T.);
#234=FACE_OUTER_BOUND('',#445,.T.);
#235=FACE_OUTER_BOUND('',#446,.T.);
#236=FACE_OUTER_BOUND('',#447,.T.);
#237=FACE_OUTER_BOUND('',#448,.T.);
#238=FACE_OUTER_BOUND('',#449,.T.);
#239=FACE_OUTER_BOUND('',#450,.T.);
#240=FACE_OUTER_BOUND('',#451,.T.);
#241=FACE_OUTER_BOUND('',#452,.T.);
#242=FACE_OUTER_BOUND('',#453,.T.);
#243=FACE_OUTER_BOUND('',#456,.T.);
#244=FACE_OUTER_BOUND('',#457,.T.);
#245=FACE_OUTER_BOUND('',#458,.T.);
#246=FACE_OUTER_BOUND('',#459,.T.);
#247=FACE_OUTER_BOUND('',#461,.T.);
#248=FACE_OUTER_BOUND('',#462,.T.);
#249=FACE_OUTER_BOUND('',#463,.T.);
#250=FACE_OUTER_BOUND('',#464,.T.);
#251=FACE_OUTER_BOUND('',#465,.T.);
#252=FACE_OUTER_BOUND('',#466,.T.);
#253=FACE_OUTER_BOUND('',#467,.T.);
#254=FACE_OUTER_BOUND('',#468,.T.);
#255=FACE_OUTER_BOUND('',#469,.T.);
#256=FACE_OUTER_BOUND('',#470,.T.);
#257=FACE_OUTER_BOUND('',#471,.T.);
#258=FACE_OUTER_BOUND('',#472,.T.);
#259=FACE_OUTER_BOUND('',#473,.T.);
#260=FACE_OUTER_BOUND('',#474,.T.);
#261=FACE_OUTER_BOUND('',#475,.T.);
#262=FACE_OUTER_BOUND('',#476,.T.);
#263=FACE_OUTER_BOUND('',#477,.T.);
#264=FACE_OUTER_BOUND('',#478,.T.);
#265=FACE_OUTER_BOUND('',#479,.T.);
#266=FACE_OUTER_BOUND('',#480,.T.);
#267=FACE_OUTER_BOUND('',#481,.T.);
#268=FACE_OUTER_BOUND('',#482,.T.);
#269=FACE_OUTER_BOUND('',#483,.T.);
#270=FACE_OUTER_BOUND('',#484,.T.);
#271=FACE_OUTER_BOUND('',#485,.T.);
#272=FACE_OUTER_BOUND('',#486,.T.);
#273=FACE_OUTER_BOUND('',#487,.T.);
#274=FACE_OUTER_BOUND('',#488,.T.);
#275=FACE_OUTER_BOUND('',#489,.T.);
#276=FACE_OUTER_BOUND('',#490,.T.);
#277=FACE_OUTER_BOUND('',#491,.T.);
#278=FACE_OUTER_BOUND('',#492,.T.);
#279=FACE_OUTER_BOUND('',#493,.T.);
#280=FACE_OUTER_BOUND('',#494,.T.);
#281=FACE_OUTER_BOUND('',#495,.T.);
#282=FACE_OUTER_BOUND('',#496,.T.);
#283=FACE_OUTER_BOUND('',#497,.T.);
#284=FACE_OUTER_BOUND('',#498,.T.);
#285=FACE_OUTER_BOUND('',#499,.T.);
#286=FACE_OUTER_BOUND('',#500,.T.);
#287=FACE_OUTER_BOUND('',#501,.T.);
#288=FACE_OUTER_BOUND('',#502,.T.);
#289=FACE_OUTER_BOUND('',#503,.T.);
#290=FACE_OUTER_BOUND('',#504,.T.);
#291=FACE_OUTER_BOUND('',#505,.T.);
#292=FACE_OUTER_BOUND('',#506,.T.);
#293=FACE_OUTER_BOUND('',#507,.T.);
#294=FACE_OUTER_BOUND('',#508,.T.);
#295=FACE_OUTER_BOUND('',#509,.T.);
#296=FACE_OUTER_BOUND('',#510,.T.);
#297=FACE_OUTER_BOUND('',#511,.T.);
#298=FACE_OUTER_BOUND('',#513,.T.);
#299=FACE_OUTER_BOUND('',#514,.T.);
#300=FACE_OUTER_BOUND('',#515,.T.);
#301=FACE_OUTER_BOUND('',#516,.T.);
#302=FACE_OUTER_BOUND('',#517,.T.);
#303=FACE_OUTER_BOUND('',#518,.T.);
#304=FACE_OUTER_BOUND('',#519,.T.);
#305=FACE_OUTER_BOUND('',#520,.T.);
#306=FACE_OUTER_BOUND('',#521,.T.);
#307=FACE_OUTER_BOUND('',#522,.T.);
#308=FACE_OUTER_BOUND('',#523,.T.);
#309=FACE_OUTER_BOUND('',#524,.T.);
#310=FACE_OUTER_BOUND('',#525,.T.);
#311=FACE_OUTER_BOUND('',#526,.T.);
#312=FACE_OUTER_BOUND('',#527,.T.);
#313=FACE_OUTER_BOUND('',#528,.T.);
#314=FACE_OUTER_BOUND('',#529,.T.);
#315=FACE_OUTER_BOUND('',#531,.T.);
#316=FACE_OUTER_BOUND('',#532,.T.);
#317=FACE_OUTER_BOUND('',#533,.T.);
#318=FACE_OUTER_BOUND('',#534,.T.);
#319=FACE_OUTER_BOUND('',#536,.T.);
#320=FACE_OUTER_BOUND('',#537,.T.);
#321=FACE_OUTER_BOUND('',#538,.T.);
#322=FACE_OUTER_BOUND('',#540,.T.);
#323=FACE_OUTER_BOUND('',#541,.T.);
#324=FACE_OUTER_BOUND('',#542,.T.);
#325=FACE_OUTER_BOUND('',#543,.T.);
#326=FACE_OUTER_BOUND('',#544,.T.);
#327=FACE_OUTER_BOUND('',#545,.T.);
#328=FACE_OUTER_BOUND('',#546,.T.);
#329=FACE_OUTER_BOUND('',#547,.T.);
#330=FACE_OUTER_BOUND('',#548,.T.);
#331=FACE_OUTER_BOUND('',#549,.T.);
#332=FACE_OUTER_BOUND('',#550,.T.);
#333=FACE_OUTER_BOUND('',#551,.T.);
#334=FACE_OUTER_BOUND('',#552,.T.);
#335=FACE_OUTER_BOUND('',#553,.T.);
#336=FACE_OUTER_BOUND('',#554,.T.);
#337=FACE_OUTER_BOUND('',#555,.T.);
#338=FACE_OUTER_BOUND('',#556,.T.);
#339=FACE_OUTER_BOUND('',#557,.T.);
#340=FACE_OUTER_BOUND('',#558,.T.);
#341=FACE_OUTER_BOUND('',#559,.T.);
#342=FACE_OUTER_BOUND('',#560,.T.);
#343=FACE_OUTER_BOUND('',#561,.T.);
#344=FACE_OUTER_BOUND('',#562,.T.);
#345=FACE_OUTER_BOUND('',#563,.T.);
#346=FACE_OUTER_BOUND('',#564,.T.);
#347=FACE_OUTER_BOUND('',#565,.T.);
#348=FACE_OUTER_BOUND('',#566,.T.);
#349=FACE_OUTER_BOUND('',#568,.T.);
#350=FACE_OUTER_BOUND('',#569,.T.);
#351=FACE_OUTER_BOUND('',#570,.T.);
#352=FACE_OUTER_BOUND('',#571,.T.);
#353=FACE_OUTER_BOUND('',#572,.T.);
#354=FACE_OUTER_BOUND('',#573,.T.);
#355=FACE_OUTER_BOUND('',#574,.T.);
#356=FACE_OUTER_BOUND('',#575,.T.);
#357=FACE_OUTER_BOUND('',#576,.T.);
#358=FACE_OUTER_BOUND('',#577,.T.);
#359=FACE_OUTER_BOUND('',#578,.T.);
#360=FACE_OUTER_BOUND('',#579,.T.);
#361=FACE_OUTER_BOUND('',#580,.T.);
#362=FACE_OUTER_BOUND('',#581,.T.);
#363=FACE_OUTER_BOUND('',#582,.T.);
#364=FACE_OUTER_BOUND('',#583,.T.);
#365=FACE_OUTER_BOUND('',#585,.T.);
#366=FACE_OUTER_BOUND('',#586,.T.);
#367=FACE_OUTER_BOUND('',#587,.T.);
#368=FACE_OUTER_BOUND('',#588,.T.);
#369=FACE_OUTER_BOUND('',#589,.T.);
#370=FACE_OUTER_BOUND('',#590,.T.);
#371=FACE_OUTER_BOUND('',#591,.T.);
#372=FACE_OUTER_BOUND('',#592,.T.);
#373=EDGE_LOOP('',(#2485,#2486,#2487,#2488));
#374=EDGE_LOOP('',(#2489,#2490,#2491,#2492));
#375=EDGE_LOOP('',(#2493,#2494,#2495,#2496));
#376=EDGE_LOOP('',(#2497,#2498,#2499,#2500));
#377=EDGE_LOOP('',(#2501,#2502,#2503,#2504));
#378=EDGE_LOOP('',(#2505,#2506,#2507,#2508));
#379=EDGE_LOOP('',(#2509,#2510,#2511,#2512));
#380=EDGE_LOOP('',(#2513,#2514,#2515,#2516));
#381=EDGE_LOOP('',(#2517,#2518,#2519,#2520));
#382=EDGE_LOOP('',(#2521,#2522,#2523,#2524));
#383=EDGE_LOOP('',(#2525,#2526,#2527,#2528));
#384=EDGE_LOOP('',(#2529,#2530,#2531,#2532));
#385=EDGE_LOOP('',(#2533,#2534,#2535,#2536));
#386=EDGE_LOOP('',(#2537,#2538,#2539,#2540));
#387=EDGE_LOOP('',(#2541,#2542,#2543,#2544));
#388=EDGE_LOOP('',(#2545,#2546,#2547,#2548));
#389=EDGE_LOOP('',(#2549,#2550,#2551,#2552));
#390=EDGE_LOOP('',(#2553,#2554,#2555,#2556));
#391=EDGE_LOOP('',(#2557,#2558,#2559,#2560));
#392=EDGE_LOOP('',(#2561,#2562,#2563,#2564,#2565,#2566,#2567,#2568,#2569,
#2570,#2571,#2572));
#393=EDGE_LOOP('',(#2573,#2574,#2575,#2576,#2577,#2578,#2579,#2580,#2581,
#2582,#2583,#2584,#2585,#2586,#2587));
#394=EDGE_LOOP('',(#2588,#2589,#2590,#2591,#2592,#2593,#2594,#2595,#2596,
#2597,#2598,#2599,#2600,#2601,#2602));
#395=EDGE_LOOP('',(#2603,#2604,#2605,#2606));
#396=EDGE_LOOP('',(#2607,#2608,#2609,#2610,#2611,#2612,#2613,#2614,#2615,
#2616,#2617,#2618,#2619,#2620,#2621,#2622,#2623,#2624,#2625,#2626));
#397=EDGE_LOOP('',(#2627,#2628,#2629,#2630));
#398=EDGE_LOOP('',(#2631,#2632,#2633,#2634));
#399=EDGE_LOOP('',(#2635,#2636,#2637,#2638,#2639,#2640,#2641,#2642,#2643,
#2644,#2645,#2646,#2647,#2648,#2649,#2650,#2651,#2652,#2653,#2654,#2655,
#2656,#2657,#2658,#2659,#2660,#2661,#2662,#2663,#2664,#2665));
#400=EDGE_LOOP('',(#2666,#2667,#2668,#2669,#2670,#2671,#2672,#2673,#2674,
#2675,#2676,#2677));
#401=EDGE_LOOP('',(#2678,#2679,#2680,#2681,#2682,#2683,#2684,#2685,#2686,
#2687,#2688));
#402=EDGE_LOOP('',(#2689));
#403=EDGE_LOOP('',(#2690));
#404=EDGE_LOOP('',(#2691,#2692,#2693,#2694));
#405=EDGE_LOOP('',(#2695,#2696,#2697,#2698,#2699,#2700,#2701,#2702));
#406=EDGE_LOOP('',(#2703,#2704,#2705,#2706));
#407=EDGE_LOOP('',(#2707,#2708,#2709,#2710));
#408=EDGE_LOOP('',(#2711,#2712,#2713,#2714));
#409=EDGE_LOOP('',(#2715,#2716,#2717,#2718));
#410=EDGE_LOOP('',(#2719,#2720,#2721,#2722));
#411=EDGE_LOOP('',(#2723));
#412=EDGE_LOOP('',(#2724,#2725,#2726,#2727));
#413=EDGE_LOOP('',(#2728));
#414=EDGE_LOOP('',(#2729,#2730,#2731,#2732));
#415=EDGE_LOOP('',(#2733,#2734,#2735,#2736,#2737,#2738,#2739,#2740));
#416=EDGE_LOOP('',(#2741,#2742,#2743,#2744,#2745));
#417=EDGE_LOOP('',(#2746,#2747,#2748,#2749,#2750,#2751,#2752,#2753));
#418=EDGE_LOOP('',(#2754,#2755,#2756,#2757));
#419=EDGE_LOOP('',(#2758,#2759,#2760,#2761,#2762,#2763,#2764,#2765));
#420=EDGE_LOOP('',(#2766,#2767,#2768,#2769,#2770));
#421=EDGE_LOOP('',(#2771,#2772,#2773,#2774,#2775,#2776,#2777,#2778));
#422=EDGE_LOOP('',(#2779,#2780,#2781,#2782));
#423=EDGE_LOOP('',(#2783,#2784,#2785,#2786));
#424=EDGE_LOOP('',(#2787,#2788,#2789,#2790,#2791));
#425=EDGE_LOOP('',(#2792,#2793,#2794,#2795));
#426=EDGE_LOOP('',(#2796,#2797,#2798,#2799,#2800,#2801,#2802,#2803,#2804,
#2805,#2806,#2807));
#427=EDGE_LOOP('',(#2808,#2809,#2810,#2811,#2812,#2813,#2814,#2815));
#428=EDGE_LOOP('',(#2816,#2817,#2818));
#429=EDGE_LOOP('',(#2819,#2820));
#430=EDGE_LOOP('',(#2821,#2822,#2823));
#431=EDGE_LOOP('',(#2824,#2825,#2826));
#432=EDGE_LOOP('',(#2827,#2828,#2829));
#433=EDGE_LOOP('',(#2830,#2831));
#434=EDGE_LOOP('',(#2832,#2833,#2834));
#435=EDGE_LOOP('',(#2835,#2836));
#436=EDGE_LOOP('',(#2837,#2838,#2839,#2840));
#437=EDGE_LOOP('',(#2841,#2842,#2843,#2844,#2845,#2846,#2847,#2848));
#438=EDGE_LOOP('',(#2849,#2850,#2851,#2852,#2853));
#439=EDGE_LOOP('',(#2854,#2855,#2856,#2857,#2858,#2859,#2860,#2861));
#440=EDGE_LOOP('',(#2862,#2863,#2864,#2865));
#441=EDGE_LOOP('',(#2866,#2867,#2868,#2869,#2870));
#442=EDGE_LOOP('',(#2871,#2872,#2873,#2874));
#443=EDGE_LOOP('',(#2875,#2876));
#444=EDGE_LOOP('',(#2877,#2878,#2879,#2880,#2881));
#445=EDGE_LOOP('',(#2882,#2883));
#446=EDGE_LOOP('',(#2884,#2885));
#447=EDGE_LOOP('',(#2886,#2887));
#448=EDGE_LOOP('',(#2888,#2889,#2890,#2891,#2892));
#449=EDGE_LOOP('',(#2893,#2894,#2895,#2896,#2897,#2898,#2899,#2900));
#450=EDGE_LOOP('',(#2901,#2902,#2903,#2904));
#451=EDGE_LOOP('',(#2905,#2906,#2907,#2908,#2909));
#452=EDGE_LOOP('',(#2910,#2911,#2912,#2913));
#453=EDGE_LOOP('',(#2914,#2915,#2916,#2917,#2918,#2919));
#454=EDGE_LOOP('',(#2920));
#455=EDGE_LOOP('',(#2921));
#456=EDGE_LOOP('',(#2922,#2923,#2924,#2925,#2926));
#457=EDGE_LOOP('',(#2927,#2928,#2929,#2930,#2931));
#458=EDGE_LOOP('',(#2932,#2933,#2934,#2935));
#459=EDGE_LOOP('',(#2936,#2937,#2938,#2939));
#460=EDGE_LOOP('',(#2940));
#461=EDGE_LOOP('',(#2941,#2942,#2943,#2944));
#462=EDGE_LOOP('',(#2945,#2946,#2947,#2948,#2949,#2950));
#463=EDGE_LOOP('',(#2951,#2952));
#464=EDGE_LOOP('',(#2953,#2954,#2955,#2956,#2957,#2958));
#465=EDGE_LOOP('',(#2959,#2960,#2961,#2962,#2963,#2964,#2965,#2966,#2967,
#2968,#2969,#2970));
#466=EDGE_LOOP('',(#2971,#2972,#2973,#2974));
#467=EDGE_LOOP('',(#2975,#2976,#2977,#2978,#2979,#2980,#2981));
#468=EDGE_LOOP('',(#2982,#2983));
#469=EDGE_LOOP('',(#2984,#2985));
#470=EDGE_LOOP('',(#2986,#2987,#2988,#2989));
#471=EDGE_LOOP('',(#2990,#2991,#2992,#2993));
#472=EDGE_LOOP('',(#2994,#2995,#2996,#2997,#2998,#2999,#3000));
#473=EDGE_LOOP('',(#3001,#3002,#3003,#3004,#3005,#3006,#3007,#3008,#3009));
#474=EDGE_LOOP('',(#3010,#3011,#3012,#3013));
#475=EDGE_LOOP('',(#3014,#3015,#3016,#3017));
#476=EDGE_LOOP('',(#3018,#3019,#3020,#3021,#3022,#3023));
#477=EDGE_LOOP('',(#3024,#3025,#3026,#3027));
#478=EDGE_LOOP('',(#3028,#3029,#3030,#3031));
#479=EDGE_LOOP('',(#3032,#3033,#3034,#3035,#3036,#3037));
#480=EDGE_LOOP('',(#3038,#3039,#3040,#3041,#3042,#3043));
#481=EDGE_LOOP('',(#3044,#3045,#3046));
#482=EDGE_LOOP('',(#3047,#3048,#3049,#3050,#3051,#3052,#3053,#3054));
#483=EDGE_LOOP('',(#3055,#3056,#3057,#3058));
#484=EDGE_LOOP('',(#3059,#3060,#3061,#3062));
#485=EDGE_LOOP('',(#3063,#3064,#3065,#3066,#3067,#3068,#3069,#3070,#3071,
#3072));
#486=EDGE_LOOP('',(#3073,#3074,#3075,#3076));
#487=EDGE_LOOP('',(#3077,#3078,#3079,#3080,#3081,#3082));
#488=EDGE_LOOP('',(#3083,#3084,#3085,#3086));
#489=EDGE_LOOP('',(#3087,#3088,#3089,#3090,#3091,#3092));
#490=EDGE_LOOP('',(#3093,#3094,#3095,#3096,#3097,#3098));
#491=EDGE_LOOP('',(#3099,#3100,#3101,#3102));
#492=EDGE_LOOP('',(#3103,#3104,#3105,#3106));
#493=EDGE_LOOP('',(#3107,#3108,#3109,#3110));
#494=EDGE_LOOP('',(#3111,#3112,#3113,#3114));
#495=EDGE_LOOP('',(#3115,#3116,#3117,#3118));
#496=EDGE_LOOP('',(#3119,#3120,#3121,#3122));
#497=EDGE_LOOP('',(#3123,#3124,#3125,#3126));
#498=EDGE_LOOP('',(#3127,#3128,#3129,#3130));
#499=EDGE_LOOP('',(#3131,#3132,#3133,#3134));
#500=EDGE_LOOP('',(#3135,#3136,#3137,#3138));
#501=EDGE_LOOP('',(#3139,#3140,#3141,#3142));
#502=EDGE_LOOP('',(#3143,#3144,#3145,#3146,#3147,#3148,#3149,#3150,#3151,
#3152,#3153,#3154));
#503=EDGE_LOOP('',(#3155,#3156,#3157,#3158));
#504=EDGE_LOOP('',(#3159,#3160,#3161,#3162));
#505=EDGE_LOOP('',(#3163,#3164,#3165,#3166));
#506=EDGE_LOOP('',(#3167,#3168,#3169,#3170));
#507=EDGE_LOOP('',(#3171,#3172,#3173,#3174,#3175));
#508=EDGE_LOOP('',(#3176,#3177,#3178,#3179));
#509=EDGE_LOOP('',(#3180,#3181,#3182,#3183,#3184));
#510=EDGE_LOOP('',(#3185,#3186,#3187,#3188));
#511=EDGE_LOOP('',(#3189,#3190,#3191,#3192,#3193,#3194,#3195,#3196,#3197,
#3198,#3199,#3200,#3201,#3202,#3203));
#512=EDGE_LOOP('',(#3204));
#513=EDGE_LOOP('',(#3205,#3206,#3207,#3208));
#514=EDGE_LOOP('',(#3209,#3210,#3211,#3212));
#515=EDGE_LOOP('',(#3213,#3214,#3215,#3216));
#516=EDGE_LOOP('',(#3217,#3218,#3219,#3220,#3221,#3222,#3223,#3224,#3225,
#3226,#3227,#3228));
#517=EDGE_LOOP('',(#3229,#3230,#3231,#3232,#3233));
#518=EDGE_LOOP('',(#3234,#3235,#3236,#3237,#3238,#3239));
#519=EDGE_LOOP('',(#3240,#3241,#3242,#3243));
#520=EDGE_LOOP('',(#3244,#3245,#3246,#3247));
#521=EDGE_LOOP('',(#3248,#3249,#3250,#3251));
#522=EDGE_LOOP('',(#3252,#3253,#3254,#3255,#3256,#3257,#3258));
#523=EDGE_LOOP('',(#3259,#3260,#3261,#3262,#3263,#3264,#3265));
#524=EDGE_LOOP('',(#3266,#3267,#3268,#3269,#3270,#3271,#3272,#3273,#3274,
#3275));
#525=EDGE_LOOP('',(#3276,#3277,#3278,#3279));
#526=EDGE_LOOP('',(#3280,#3281,#3282,#3283,#3284,#3285));
#527=EDGE_LOOP('',(#3286,#3287,#3288,#3289,#3290));
#528=EDGE_LOOP('',(#3291,#3292,#3293,#3294,#3295));
#529=EDGE_LOOP('',(#3296,#3297,#3298,#3299,#3300,#3301));
#530=EDGE_LOOP('',(#3302,#3303,#3304,#3305,#3306,#3307));
#531=EDGE_LOOP('',(#3308,#3309,#3310,#3311,#3312));
#532=EDGE_LOOP('',(#3313,#3314,#3315,#3316,#3317));
#533=EDGE_LOOP('',(#3318,#3319,#3320,#3321,#3322,#3323));
#534=EDGE_LOOP('',(#3324,#3325,#3326,#3327,#3328,#3329,#3330,#3331,#3332,
#3333,#3334,#3335,#3336,#3337,#3338,#3339,#3340,#3341,#3342,#3343,#3344,
#3345));
#535=EDGE_LOOP('',(#3346));
#536=EDGE_LOOP('',(#3347,#3348,#3349,#3350,#3351));
#537=EDGE_LOOP('',(#3352,#3353,#3354,#3355,#3356,#3357));
#538=EDGE_LOOP('',(#3358,#3359,#3360,#3361,#3362,#3363));
#539=EDGE_LOOP('',(#3364));
#540=EDGE_LOOP('',(#3365,#3366,#3367,#3368,#3369));
#541=EDGE_LOOP('',(#3370,#3371,#3372,#3373,#3374,#3375,#3376,#3377,#3378,
#3379));
#542=EDGE_LOOP('',(#3380,#3381,#3382,#3383,#3384,#3385,#3386,#3387,#3388,
#3389,#3390,#3391,#3392,#3393,#3394));
#543=EDGE_LOOP('',(#3395,#3396,#3397,#3398,#3399));
#544=EDGE_LOOP('',(#3400,#3401,#3402,#3403,#3404));
#545=EDGE_LOOP('',(#3405,#3406,#3407,#3408,#3409,#3410,#3411));
#546=EDGE_LOOP('',(#3412,#3413,#3414,#3415,#3416));
#547=EDGE_LOOP('',(#3417,#3418,#3419,#3420));
#548=EDGE_LOOP('',(#3421,#3422,#3423,#3424,#3425,#3426,#3427,#3428));
#549=EDGE_LOOP('',(#3429,#3430,#3431,#3432,#3433,#3434,#3435));
#550=EDGE_LOOP('',(#3436,#3437,#3438,#3439));
#551=EDGE_LOOP('',(#3440,#3441,#3442,#3443,#3444,#3445,#3446,#3447,#3448,
#3449));
#552=EDGE_LOOP('',(#3450,#3451,#3452,#3453));
#553=EDGE_LOOP('',(#3454,#3455,#3456,#3457,#3458,#3459,#3460,#3461));
#554=EDGE_LOOP('',(#3462,#3463,#3464,#3465));
#555=EDGE_LOOP('',(#3466,#3467,#3468,#3469));
#556=EDGE_LOOP('',(#3470,#3471,#3472,#3473));
#557=EDGE_LOOP('',(#3474,#3475,#3476,#3477));
#558=EDGE_LOOP('',(#3478,#3479,#3480,#3481));
#559=EDGE_LOOP('',(#3482,#3483,#3484,#3485));
#560=EDGE_LOOP('',(#3486,#3487,#3488,#3489));
#561=EDGE_LOOP('',(#3490,#3491,#3492,#3493));
#562=EDGE_LOOP('',(#3494,#3495,#3496,#3497));
#563=EDGE_LOOP('',(#3498,#3499,#3500,#3501));
#564=EDGE_LOOP('',(#3502,#3503,#3504,#3505));
#565=EDGE_LOOP('',(#3506,#3507,#3508,#3509));
#566=EDGE_LOOP('',(#3510,#3511,#3512,#3513,#3514,#3515,#3516,#3517,#3518,
#3519,#3520));
#567=EDGE_LOOP('',(#3521,#3522,#3523));
#568=EDGE_LOOP('',(#3524,#3525,#3526,#3527));
#569=EDGE_LOOP('',(#3528,#3529,#3530,#3531));
#570=EDGE_LOOP('',(#3532,#3533,#3534,#3535));
#571=EDGE_LOOP('',(#3536,#3537,#3538,#3539));
#572=EDGE_LOOP('',(#3540,#3541,#3542,#3543));
#573=EDGE_LOOP('',(#3544,#3545,#3546,#3547));
#574=EDGE_LOOP('',(#3548,#3549,#3550,#3551));
#575=EDGE_LOOP('',(#3552,#3553,#3554,#3555));
#576=EDGE_LOOP('',(#3556,#3557,#3558,#3559));
#577=EDGE_LOOP('',(#3560,#3561,#3562,#3563));
#578=EDGE_LOOP('',(#3564,#3565,#3566,#3567));
#579=EDGE_LOOP('',(#3568,#3569,#3570,#3571));
#580=EDGE_LOOP('',(#3572,#3573,#3574,#3575));
#581=EDGE_LOOP('',(#3576,#3577,#3578,#3579));
#582=EDGE_LOOP('',(#3580,#3581,#3582,#3583));
#583=EDGE_LOOP('',(#3584,#3585,#3586,#3587,#3588,#3589,#3590,#3591,#3592,
#3593,#3594,#3595));
#584=EDGE_LOOP('',(#3596,#3597,#3598,#3599,#3600,#3601));
#585=EDGE_LOOP('',(#3602,#3603,#3604,#3605));
#586=EDGE_LOOP('',(#3606,#3607,#3608,#3609));
#587=EDGE_LOOP('',(#3610,#3611,#3612,#3613));
#588=EDGE_LOOP('',(#3614,#3615,#3616,#3617));
#589=EDGE_LOOP('',(#3618,#3619,#3620,#3621));
#590=EDGE_LOOP('',(#3622,#3623,#3624,#3625));
#591=EDGE_LOOP('',(#3626,#3627,#3628));
#592=EDGE_LOOP('',(#3629,#3630,#3631,#3632,#3633,#3634));
#593=LINE('',#5376,#1060);
#594=LINE('',#5378,#1061);
#595=LINE('',#5380,#1062);
#596=LINE('',#5381,#1063);
#597=LINE('',#5385,#1064);
#598=LINE('',#5386,#1065);
#599=LINE('',#5387,#1066);
#600=LINE('',#5390,#1067);
#601=LINE('',#5391,#1068);
#602=LINE('',#5394,#1069);
#603=LINE('',#5395,#1070);
#604=LINE('',#5397,#1071);
#605=LINE('',#5402,#1072);
#606=LINE('',#5404,#1073);
#607=LINE('',#5406,#1074);
#608=LINE('',#5407,#1075);
#609=LINE('',#5411,#1076);
#610=LINE('',#5412,#1077);
#611=LINE('',#5413,#1078);
#612=LINE('',#5416,#1079);
#613=LINE('',#5417,#1080);
#614=LINE('',#5420,#1081);
#615=LINE('',#5421,#1082);
#616=LINE('',#5423,#1083);
#617=LINE('',#5428,#1084);
#618=LINE('',#5430,#1085);
#619=LINE('',#5432,#1086);
#620=LINE('',#5433,#1087);
#621=LINE('',#5437,#1088);
#622=LINE('',#5438,#1089);
#623=LINE('',#5439,#1090);
#624=LINE('',#5442,#1091);
#625=LINE('',#5443,#1092);
#626=LINE('',#5446,#1093);
#627=LINE('',#5447,#1094);
#628=LINE('',#5449,#1095);
#629=LINE('',#5455,#1096);
#630=LINE('',#5462,#1097);
#631=LINE('',#5466,#1098);
#632=LINE('',#5470,#1099);
#633=LINE('',#5475,#1100);
#634=LINE('',#5478,#1101);
#635=LINE('',#5484,#1102);
#636=LINE('',#5488,#1103);
#637=LINE('',#5492,#1104);
#638=LINE('',#5496,#1105);
#639=LINE('',#5503,#1106);
#640=LINE('',#5506,#1107);
#641=LINE('',#5512,#1108);
#642=LINE('',#5516,#1109);
#643=LINE('',#5520,#1110);
#644=LINE('',#5526,#1111);
#645=LINE('',#5531,#1112);
#646=LINE('',#5534,#1113);
#647=LINE('',#5539,#1114);
#648=LINE('',#5545,#1115);
#649=LINE('',#5549,#1116);
#650=LINE('',#5553,#1117);
#651=LINE('',#5557,#1118);
#652=LINE('',#5561,#1119);
#653=LINE('',#5565,#1120);
#654=LINE('',#5569,#1121);
#655=LINE('',#5573,#1122);
#656=LINE('',#5577,#1123);
#657=LINE('',#5583,#1124);
#658=LINE('',#5589,#1125);
#659=LINE('',#5594,#1126);
#660=LINE('',#5596,#1127);
#661=LINE('',#5598,#1128);
#662=LINE('',#5600,#1129);
#663=LINE('',#5604,#1130);
#664=LINE('',#5610,#1131);
#665=LINE('',#5612,#1132);
#666=LINE('',#5614,#1133);
#667=LINE('',#5616,#1134);
#668=LINE('',#5618,#1135);
#669=LINE('',#5620,#1136);
#670=LINE('',#5622,#1137);
#671=LINE('',#5624,#1138);
#672=LINE('',#5626,#1139);
#673=LINE('',#5627,#1140);
#674=LINE('',#5629,#1141);
#675=LINE('',#5631,#1142);
#676=LINE('',#5632,#1143);
#677=LINE('',#5634,#1144);
#678=LINE('',#5636,#1145);
#679=LINE('',#5638,#1146);
#680=LINE('',#5640,#1147);
#681=LINE('',#5642,#1148);
#682=LINE('',#5643,#1149);
#683=LINE('',#5646,#1150);
#684=LINE('',#5648,#1151);
#685=LINE('',#5650,#1152);
#686=LINE('',#5652,#1153);
#687=LINE('',#5718,#1154);
#688=LINE('',#5720,#1155);
#689=LINE('',#5722,#1156);
#690=LINE('',#5743,#1157);
#691=LINE('',#5746,#1158);
#692=LINE('',#5748,#1159);
#693=LINE('',#5750,#1160);
#694=LINE('',#5752,#1161);
#695=LINE('',#5754,#1162);
#696=LINE('',#5756,#1163);
#697=LINE('',#5758,#1164);
#698=LINE('',#5760,#1165);
#699=LINE('',#5762,#1166);
#700=LINE('',#5764,#1167);
#701=LINE('',#5765,#1168);
#702=LINE('',#5770,#1169);
#703=LINE('',#5773,#1170);
#704=LINE('',#5777,#1171);
#705=LINE('',#5779,#1172);
#706=LINE('',#5780,#1173);
#707=LINE('',#5781,#1174);
#708=LINE('',#5783,#1175);
#709=LINE('',#5784,#1176);
#710=LINE('',#5788,#1177);
#711=LINE('',#5790,#1178);
#712=LINE('',#5792,#1179);
#713=LINE('',#5793,#1180);
#714=LINE('',#5797,#1181);
#715=LINE('',#5799,#1182);
#716=LINE('',#5801,#1183);
#717=LINE('',#5802,#1184);
#718=LINE('',#5806,#1185);
#719=LINE('',#5808,#1186);
#720=LINE('',#5810,#1187);
#721=LINE('',#5811,#1188);
#722=LINE('',#5815,#1189);
#723=LINE('',#5817,#1190);
#724=LINE('',#5819,#1191);
#725=LINE('',#5820,#1192);
#726=LINE('',#5822,#1193);
#727=LINE('',#5823,#1194);
#728=LINE('',#5825,#1195);
#729=LINE('',#5826,#1196);
#730=LINE('',#5828,#1197);
#731=LINE('',#5829,#1198);
#732=LINE('',#5831,#1199);
#733=LINE('',#5832,#1200);
#734=LINE('',#5834,#1201);
#735=LINE('',#5836,#1202);
#736=LINE('',#5838,#1203);
#737=LINE('',#5839,#1204);
#738=LINE('',#5841,#1205);
#739=LINE('',#5842,#1206);
#740=LINE('',#5844,#1207);
#741=LINE('',#5846,#1208);
#742=LINE('',#5850,#1209);
#743=LINE('',#5852,#1210);
#744=LINE('',#5854,#1211);
#745=LINE('',#5855,#1212);
#746=LINE('',#5859,#1213);
#747=LINE('',#5861,#1214);
#748=LINE('',#5863,#1215);
#749=LINE('',#5864,#1216);
#750=LINE('',#5868,#1217);
#751=LINE('',#5872,#1218);
#752=LINE('',#5875,#1219);
#753=LINE('',#5879,#1220);
#754=LINE('',#5880,#1221);
#755=LINE('',#5881,#1222);
#756=LINE('',#5885,#1223);
#757=LINE('',#5887,#1224);
#758=LINE('',#5888,#1225);
#759=LINE('',#5889,#1226);
#760=LINE('',#5890,#1227);
#761=LINE('',#5892,#1228);
#762=LINE('',#5894,#1229);
#763=LINE('',#5896,#1230);
#764=LINE('',#5897,#1231);
#765=LINE('',#5900,#1232);
#766=LINE('',#5901,#1233);
#767=LINE('',#5902,#1234);
#768=LINE('',#5904,#1235);
#769=LINE('',#5905,#1236);
#770=LINE('',#5907,#1237);
#771=LINE('',#5909,#1238);
#772=LINE('',#5911,#1239);
#773=LINE('',#5918,#1240);
#774=LINE('',#5919,#1241);
#775=LINE('',#5921,#1242);
#776=LINE('',#5922,#1243);
#777=LINE('',#5923,#1244);
#778=LINE('',#5925,#1245);
#779=LINE('',#5927,#1246);
#780=LINE('',#5928,#1247);
#781=LINE('',#5934,#1248);
#782=LINE('',#5936,#1249);
#783=LINE('',#5937,#1250);
#784=LINE('',#5939,#1251);
#785=LINE('',#5950,#1252);
#786=LINE('',#5952,#1253);
#787=LINE('',#5953,#1254);
#788=LINE('',#5959,#1255);
#789=LINE('',#5961,#1256);
#790=LINE('',#5962,#1257);
#791=LINE('',#5964,#1258);
#792=LINE('',#5966,#1259);
#793=LINE('',#5968,#1260);
#794=LINE('',#5970,#1261);
#795=LINE('',#5972,#1262);
#796=LINE('',#5973,#1263);
#797=LINE('',#5977,#1264);
#798=LINE('',#5979,#1265);
#799=LINE('',#5982,#1266);
#800=LINE('',#5985,#1267);
#801=LINE('',#5988,#1268);
#802=LINE('',#5992,#1269);
#803=LINE('',#5994,#1270);
#804=LINE('',#5996,#1271);
#805=LINE('',#5997,#1272);
#806=LINE('',#6001,#1273);
#807=LINE('',#6002,#1274);
#808=LINE('',#6004,#1275);
#809=LINE('',#6006,#1276);
#810=LINE('',#6007,#1277);
#811=LINE('',#6011,#1278);
#812=LINE('',#6015,#1279);
#813=LINE('',#6017,#1280);
#814=LINE('',#6024,#1281);
#815=LINE('',#6026,#1282);
#816=LINE('',#6029,#1283);
#817=LINE('',#6031,#1284);
#818=LINE('',#6032,#1285);
#819=LINE('',#6037,#1286);
#820=LINE('',#6041,#1287);
#821=LINE('',#6046,#1288);
#822=LINE('',#6049,#1289);
#823=LINE('',#6050,#1290);
#824=LINE('',#6056,#1291);
#825=LINE('',#6057,#1292);
#826=LINE('',#6060,#1293);
#827=LINE('',#6064,#1294);
#828=LINE('',#6065,#1295);
#829=LINE('',#6066,#1296);
#830=LINE('',#6072,#1297);
#831=LINE('',#6075,#1298);
#832=LINE('',#6079,#1299);
#833=LINE('',#6080,#1300);
#834=LINE('',#6082,#1301);
#835=LINE('',#6084,#1302);
#836=LINE('',#6086,#1303);
#837=LINE('',#6087,#1304);
#838=LINE('',#6093,#1305);
#839=LINE('',#6095,#1306);
#840=LINE('',#6097,#1307);
#841=LINE('',#6098,#1308);
#842=LINE('',#6101,#1309);
#843=LINE('',#6103,#1310);
#844=LINE('',#6104,#1311);
#845=LINE('',#6106,#1312);
#846=LINE('',#6107,#1313);
#847=LINE('',#6110,#1314);
#848=LINE('',#6112,#1315);
#849=LINE('',#6115,#1316);
#850=LINE('',#6116,#1317);
#851=LINE('',#6118,#1318);
#852=LINE('',#6122,#1319);
#853=LINE('',#6123,#1320);
#854=LINE('',#6125,#1321);
#855=LINE('',#6127,#1322);
#856=LINE('',#6135,#1323);
#857=LINE('',#6136,#1324);
#858=LINE('',#6138,#1325);
#859=LINE('',#6139,#1326);
#860=LINE('',#6140,#1327);
#861=LINE('',#6143,#1328);
#862=LINE('',#6145,#1329);
#863=LINE('',#6146,#1330);
#864=LINE('',#6149,#1331);
#865=LINE('',#6151,#1332);
#866=LINE('',#6152,#1333);
#867=LINE('',#6155,#1334);
#868=LINE('',#6162,#1335);
#869=LINE('',#6164,#1336);
#870=LINE('',#6165,#1337);
#871=LINE('',#6168,#1338);
#872=LINE('',#6171,#1339);
#873=LINE('',#6174,#1340);
#874=LINE('',#6178,#1341);
#875=LINE('',#6179,#1342);
#876=LINE('',#6185,#1343);
#877=LINE('',#6186,#1344);
#878=LINE('',#6188,#1345);
#879=LINE('',#6189,#1346);
#880=LINE('',#6192,#1347);
#881=LINE('',#6197,#1348);
#882=LINE('',#6199,#1349);
#883=LINE('',#6201,#1350);
#884=LINE('',#6202,#1351);
#885=LINE('',#6206,#1352);
#886=LINE('',#6207,#1353);
#887=LINE('',#6208,#1354);
#888=LINE('',#6212,#1355);
#889=LINE('',#6213,#1356);
#890=LINE('',#6214,#1357);
#891=LINE('',#6218,#1358);
#892=LINE('',#6220,#1359);
#893=LINE('',#6222,#1360);
#894=LINE('',#6223,#1361);
#895=LINE('',#6227,#1362);
#896=LINE('',#6229,#1363);
#897=LINE('',#6232,#1364);
#898=LINE('',#6235,#1365);
#899=LINE('',#6238,#1366);
#900=LINE('',#6241,#1367);
#901=LINE('',#6243,#1368);
#902=LINE('',#6244,#1369);
#903=LINE('',#6247,#1370);
#904=LINE('',#6250,#1371);
#905=LINE('',#6253,#1372);
#906=LINE('',#6256,#1373);
#907=LINE('',#6258,#1374);
#908=LINE('',#6259,#1375);
#909=LINE('',#6263,#1376);
#910=LINE('',#6265,#1377);
#911=LINE('',#6266,#1378);
#912=LINE('',#6267,#1379);
#913=LINE('',#6269,#1380);
#914=LINE('',#6271,#1381);
#915=LINE('',#6273,#1382);
#916=LINE('',#6275,#1383);
#917=LINE('',#6276,#1384);
#918=LINE('',#6280,#1385);
#919=LINE('',#6281,#1386);
#920=LINE('',#6282,#1387);
#921=LINE('',#6285,#1388);
#922=LINE('',#6287,#1389);
#923=LINE('',#6288,#1390);
#924=LINE('',#6291,#1391);
#925=LINE('',#6293,#1392);
#926=LINE('',#6294,#1393);
#927=LINE('',#6298,#1394);
#928=LINE('',#6299,#1395);
#929=LINE('',#6300,#1396);
#930=LINE('',#6303,#1397);
#931=LINE('',#6304,#1398);
#932=LINE('',#6307,#1399);
#933=LINE('',#6308,#1400);
#934=LINE('',#6310,#1401);
#935=LINE('',#6313,#1402);
#936=LINE('',#6315,#1403);
#937=LINE('',#6316,#1404);
#938=LINE('',#6318,#1405);
#939=LINE('',#6320,#1406);
#940=LINE('',#6322,#1407);
#941=LINE('',#6324,#1408);
#942=LINE('',#6326,#1409);
#943=LINE('',#6333,#1410);
#944=LINE('',#6334,#1411);
#945=LINE('',#6335,#1412);
#946=LINE('',#6338,#1413);
#947=LINE('',#6339,#1414);
#948=LINE('',#6342,#1415);
#949=LINE('',#6343,#1416);
#950=LINE('',#6345,#1417);
#951=LINE('',#6347,#1418);
#952=LINE('',#6349,#1419);
#953=LINE('',#6351,#1420);
#954=LINE('',#6353,#1421);
#955=LINE('',#6355,#1422);
#956=LINE('',#6356,#1423);
#957=LINE('',#6359,#1424);
#958=LINE('',#6361,#1425);
#959=LINE('',#6363,#1426);
#960=LINE('',#6364,#1427);
#961=LINE('',#6366,#1428);
#962=LINE('',#6368,#1429);
#963=LINE('',#6369,#1430);
#964=LINE('',#6371,#1431);
#965=LINE('',#6373,#1432);
#966=LINE('',#6375,#1433);
#967=LINE('',#6381,#1434);
#968=LINE('',#6382,#1435);
#969=LINE('',#6385,#1436);
#970=LINE('',#6386,#1437);
#971=LINE('',#6387,#1438);
#972=LINE('',#6390,#1439);
#973=LINE('',#6392,#1440);
#974=LINE('',#6393,#1441);
#975=LINE('',#6396,#1442);
#976=LINE('',#6397,#1443);
#977=LINE('',#6423,#1444);
#978=LINE('',#6424,#1445);
#979=LINE('',#6428,#1446);
#980=LINE('',#6429,#1447);
#981=LINE('',#6430,#1448);
#982=LINE('',#6434,#1449);
#983=LINE('',#6439,#1450);
#984=LINE('',#6443,#1451);
#985=LINE('',#6444,#1452);
#986=LINE('',#6449,#1453);
#987=LINE('',#6453,#1454);
#988=LINE('',#6454,#1455);
#989=LINE('',#6465,#1456);
#990=LINE('',#6467,#1457);
#991=LINE('',#6469,#1458);
#992=LINE('',#6472,#1459);
#993=LINE('',#6475,#1460);
#994=LINE('',#6476,#1461);
#995=LINE('',#6478,#1462);
#996=LINE('',#6480,#1463);
#997=LINE('',#6484,#1464);
#998=LINE('',#6486,#1465);
#999=LINE('',#6487,#1466);
#1000=LINE('',#6490,#1467);
#1001=LINE('',#6491,#1468);
#1002=LINE('',#6494,#1469);
#1003=LINE('',#6495,#1470);
#1004=LINE('',#6498,#1471);
#1005=LINE('',#6499,#1472);
#1006=LINE('',#6502,#1473);
#1007=LINE('',#6503,#1474);
#1008=LINE('',#6506,#1475);
#1009=LINE('',#6507,#1476);
#1010=LINE('',#6510,#1477);
#1011=LINE('',#6511,#1478);
#1012=LINE('',#6514,#1479);
#1013=LINE('',#6515,#1480);
#1014=LINE('',#6518,#1481);
#1015=LINE('',#6519,#1482);
#1016=LINE('',#6522,#1483);
#1017=LINE('',#6523,#1484);
#1018=LINE('',#6525,#1485);
#1019=LINE('',#6529,#1486);
#1020=LINE('',#6531,#1487);
#1021=LINE('',#6532,#1488);
#1022=LINE('',#6536,#1489);
#1023=LINE('',#6537,#1490);
#1024=LINE('',#6538,#1491);
#1025=LINE('',#6541,#1492);
#1026=LINE('',#6542,#1493);
#1027=LINE('',#6544,#1494);
#1028=LINE('',#6547,#1495);
#1029=LINE('',#6549,#1496);
#1030=LINE('',#6550,#1497);
#1031=LINE('',#6553,#1498);
#1032=LINE('',#6554,#1499);
#1033=LINE('',#6557,#1500);
#1034=LINE('',#6558,#1501);
#1035=LINE('',#6641,#1502);
#1036=LINE('',#6700,#1503);
#1037=LINE('',#6747,#1504);
#1038=LINE('',#6750,#1505);
#1039=LINE('',#6751,#1506);
#1040=LINE('',#6754,#1507);
#1041=LINE('',#6755,#1508);
#1042=LINE('',#6758,#1509);
#1043=LINE('',#6759,#1510);
#1044=LINE('',#6818,#1511);
#1045=LINE('',#6821,#1512);
#1046=LINE('',#6822,#1513);
#1047=LINE('',#6824,#1514);
#1048=LINE('',#6828,#1515);
#1049=LINE('',#6874,#1516);
#1050=LINE('',#6875,#1517);
#1051=LINE('',#6879,#1518);
#1052=LINE('',#6880,#1519);
#1053=LINE('',#6881,#1520);
#1054=LINE('',#6884,#1521);
#1055=LINE('',#6885,#1522);
#1056=LINE('',#6920,#1523);
#1057=LINE('',#6955,#1524);
#1058=LINE('',#7014,#1525);
#1059=LINE('',#7016,#1526);
#1060=VECTOR('',#4327,1000.);
#1061=VECTOR('',#4328,1000.);
#1062=VECTOR('',#4329,1000.);
#1063=VECTOR('',#4330,1000.);
#1064=VECTOR('',#4333,1000.);
#1065=VECTOR('',#4334,1000.);
#1066=VECTOR('',#4335,1000.);
#1067=VECTOR('',#4338,1000.);
#1068=VECTOR('',#4339,1000.);
#1069=VECTOR('',#4342,1000.);
#1070=VECTOR('',#4343,1000.);
#1071=VECTOR('',#4346,1000.);
#1072=VECTOR('',#4351,1000.);
#1073=VECTOR('',#4352,1000.);
#1074=VECTOR('',#4353,1000.);
#1075=VECTOR('',#4354,1000.);
#1076=VECTOR('',#4357,1000.);
#1077=VECTOR('',#4358,1000.);
#1078=VECTOR('',#4359,1000.);
#1079=VECTOR('',#4362,1000.);
#1080=VECTOR('',#4363,1000.);
#1081=VECTOR('',#4366,1000.);
#1082=VECTOR('',#4367,1000.);
#1083=VECTOR('',#4370,1000.);
#1084=VECTOR('',#4375,1000.);
#1085=VECTOR('',#4376,1000.);
#1086=VECTOR('',#4377,1000.);
#1087=VECTOR('',#4378,1000.);
#1088=VECTOR('',#4381,1000.);
#1089=VECTOR('',#4382,1000.);
#1090=VECTOR('',#4383,1000.);
#1091=VECTOR('',#4386,1000.);
#1092=VECTOR('',#4387,1000.);
#1093=VECTOR('',#4390,1000.);
#1094=VECTOR('',#4391,1000.);
#1095=VECTOR('',#4394,1000.);
#1096=VECTOR('',#4401,1.6);
#1097=VECTOR('',#4408,1000.);
#1098=VECTOR('',#4411,1000.);
#1099=VECTOR('',#4414,3.1);
#1100=VECTOR('',#4419,1000.);
#1101=VECTOR('',#4422,1000.);
#1102=VECTOR('',#4427,1000.);
#1103=VECTOR('',#4430,1000.);
#1104=VECTOR('',#4433,3.1);
#1105=VECTOR('',#4436,1000.);
#1106=VECTOR('',#4443,1000.);
#1107=VECTOR('',#4446,1000.);
#1108=VECTOR('',#4451,1000.);
#1109=VECTOR('',#4454,1000.);
#1110=VECTOR('',#4457,3.1);
#1111=VECTOR('',#4462,1000.);
#1112=VECTOR('',#4467,1000.);
#1113=VECTOR('',#4470,1000.);
#1114=VECTOR('',#4475,1.65);
#1115=VECTOR('',#4482,1.8);
#1116=VECTOR('',#4485,1000.);
#1117=VECTOR('',#4488,1000.);
#1118=VECTOR('',#4491,1000.);
#1119=VECTOR('',#4494,1000.);
#1120=VECTOR('',#4497,1000.);
#1121=VECTOR('',#4500,1000.);
#1122=VECTOR('',#4503,1000.);
#1123=VECTOR('',#4506,1000.);
#1124=VECTOR('',#4513,1.65);
#1125=VECTOR('',#4520,1.65);
#1126=VECTOR('',#4525,1000.);
#1127=VECTOR('',#4526,1000.);
#1128=VECTOR('',#4527,1000.);
#1129=VECTOR('',#4528,1000.);
#1130=VECTOR('',#4531,1000.);
#1131=VECTOR('',#4536,1000.);
#1132=VECTOR('',#4537,1000.);
#1133=VECTOR('',#4538,1000.);
#1134=VECTOR('',#4539,1000.);
#1135=VECTOR('',#4540,1000.);
#1136=VECTOR('',#4541,1000.);
#1137=VECTOR('',#4542,1000.);
#1138=VECTOR('',#4543,1000.);
#1139=VECTOR('',#4544,1000.);
#1140=VECTOR('',#4545,1000.);
#1141=VECTOR('',#4546,1000.);
#1142=VECTOR('',#4547,1000.);
#1143=VECTOR('',#4548,1000.);
#1144=VECTOR('',#4549,1000.);
#1145=VECTOR('',#4550,1000.);
#1146=VECTOR('',#4551,1000.);
#1147=VECTOR('',#4552,1000.);
#1148=VECTOR('',#4553,1000.);
#1149=VECTOR('',#4554,1000.);
#1150=VECTOR('',#4555,1000.);
#1151=VECTOR('',#4556,1000.);
#1152=VECTOR('',#4557,1000.);
#1153=VECTOR('',#4558,1000.);
#1154=VECTOR('',#4559,1000.);
#1155=VECTOR('',#4560,1000.);
#1156=VECTOR('',#4561,1000.);
#1157=VECTOR('',#4562,1000.);
#1158=VECTOR('',#4563,1000.);
#1159=VECTOR('',#4564,1000.);
#1160=VECTOR('',#4565,1000.);
#1161=VECTOR('',#4566,1000.);
#1162=VECTOR('',#4567,1000.);
#1163=VECTOR('',#4568,1000.);
#1164=VECTOR('',#4569,1000.);
#1165=VECTOR('',#4570,1000.);
#1166=VECTOR('',#4571,1000.);
#1167=VECTOR('',#4572,1000.);
#1168=VECTOR('',#4573,1000.);
#1169=VECTOR('',#4576,1000.);
#1170=VECTOR('',#4579,1000.);
#1171=VECTOR('',#4582,1000.);
#1172=VECTOR('',#4583,1000.);
#1173=VECTOR('',#4584,1000.);
#1174=VECTOR('',#4585,1000.);
#1175=VECTOR('',#4586,1000.);
#1176=VECTOR('',#4587,1000.);
#1177=VECTOR('',#4590,1000.);
#1178=VECTOR('',#4591,1000.);
#1179=VECTOR('',#4592,1000.);
#1180=VECTOR('',#4593,1000.);
#1181=VECTOR('',#4596,1000.);
#1182=VECTOR('',#4597,1000.);
#1183=VECTOR('',#4598,1000.);
#1184=VECTOR('',#4599,1000.);
#1185=VECTOR('',#4602,1000.);
#1186=VECTOR('',#4603,1000.);
#1187=VECTOR('',#4604,1000.);
#1188=VECTOR('',#4605,1000.);
#1189=VECTOR('',#4608,1000.);
#1190=VECTOR('',#4609,1000.);
#1191=VECTOR('',#4610,1000.);
#1192=VECTOR('',#4611,1000.);
#1193=VECTOR('',#4614,1000.);
#1194=VECTOR('',#4615,1000.);
#1195=VECTOR('',#4618,1000.);
#1196=VECTOR('',#4619,1000.);
#1197=VECTOR('',#4622,1000.);
#1198=VECTOR('',#4623,1000.);
#1199=VECTOR('',#4626,1000.);
#1200=VECTOR('',#4627,1000.);
#1201=VECTOR('',#4630,1000.);
#1202=VECTOR('',#4633,1000.);
#1203=VECTOR('',#4636,1000.);
#1204=VECTOR('',#4637,1000.);
#1205=VECTOR('',#4640,1000.);
#1206=VECTOR('',#4641,1000.);
#1207=VECTOR('',#4644,1000.);
#1208=VECTOR('',#4647,1000.);
#1209=VECTOR('',#4650,1000.);
#1210=VECTOR('',#4651,1000.);
#1211=VECTOR('',#4652,1000.);
#1212=VECTOR('',#4653,1000.);
#1213=VECTOR('',#4656,1000.);
#1214=VECTOR('',#4657,1000.);
#1215=VECTOR('',#4658,1000.);
#1216=VECTOR('',#4659,1000.);
#1217=VECTOR('',#4662,1000.);
#1218=VECTOR('',#4665,1000.);
#1219=VECTOR('',#4668,1000.);
#1220=VECTOR('',#4671,1000.);
#1221=VECTOR('',#4672,1000.);
#1222=VECTOR('',#4673,1000.);
#1223=VECTOR('',#4676,1000.);
#1224=VECTOR('',#4677,1000.);
#1225=VECTOR('',#4678,1000.);
#1226=VECTOR('',#4679,1000.);
#1227=VECTOR('',#4680,1000.);
#1228=VECTOR('',#4681,1000.);
#1229=VECTOR('',#4682,1000.);
#1230=VECTOR('',#4683,1000.);
#1231=VECTOR('',#4684,1000.);
#1232=VECTOR('',#4687,1000.);
#1233=VECTOR('',#4688,1000.);
#1234=VECTOR('',#4689,1000.);
#1235=VECTOR('',#4690,1000.);
#1236=VECTOR('',#4691,1000.);
#1237=VECTOR('',#4694,1000.);
#1238=VECTOR('',#4697,1000.);
#1239=VECTOR('',#4700,1000.);
#1240=VECTOR('',#4713,1000.);
#1241=VECTOR('',#4714,1000.);
#1242=VECTOR('',#4717,1000.);
#1243=VECTOR('',#4718,1000.);
#1244=VECTOR('',#4719,1000.);
#1245=VECTOR('',#4722,1000.);
#1246=VECTOR('',#4725,1000.);
#1247=VECTOR('',#4726,1000.);
#1248=VECTOR('',#4731,1000.);
#1249=VECTOR('',#4732,1000.);
#1250=VECTOR('',#4733,1000.);
#1251=VECTOR('',#4736,1000.);
#1252=VECTOR('',#4751,1000.);
#1253=VECTOR('',#4752,1000.);
#1254=VECTOR('',#4753,1000.);
#1255=VECTOR('',#4762,1000.);
#1256=VECTOR('',#4763,1000.);
#1257=VECTOR('',#4764,1000.);
#1258=VECTOR('',#4767,1000.);
#1259=VECTOR('',#4768,1000.);
#1260=VECTOR('',#4769,1000.);
#1261=VECTOR('',#4770,1000.);
#1262=VECTOR('',#4771,1000.);
#1263=VECTOR('',#4772,1000.);
#1264=VECTOR('',#4775,1000.);
#1265=VECTOR('',#4776,1000.);
#1266=VECTOR('',#4779,1000.);
#1267=VECTOR('',#4782,1000.);
#1268=VECTOR('',#4785,1000.);
#1269=VECTOR('',#4788,1000.);
#1270=VECTOR('',#4789,1000.);
#1271=VECTOR('',#4790,1000.);
#1272=VECTOR('',#4791,1000.);
#1273=VECTOR('',#4794,1000.);
#1274=VECTOR('',#4795,1000.);
#1275=VECTOR('',#4796,1000.);
#1276=VECTOR('',#4797,1000.);
#1277=VECTOR('',#4798,1000.);
#1278=VECTOR('',#4801,1000.);
#1279=VECTOR('',#4804,1000.);
#1280=VECTOR('',#4805,1000.);
#1281=VECTOR('',#4812,1000.);
#1282=VECTOR('',#4813,1000.);
#1283=VECTOR('',#4816,1000.);
#1284=VECTOR('',#4819,1000.);
#1285=VECTOR('',#4820,1000.);
#1286=VECTOR('',#4825,1000.);
#1287=VECTOR('',#4828,1000.);
#1288=VECTOR('',#4833,1000.);
#1289=VECTOR('',#4836,1000.);
#1290=VECTOR('',#4837,1000.);
#1291=VECTOR('',#4844,1000.);
#1292=VECTOR('',#4845,1000.);
#1293=VECTOR('',#4848,1000.);
#1294=VECTOR('',#4851,1000.);
#1295=VECTOR('',#4852,1000.);
#1296=VECTOR('',#4853,1000.);
#1297=VECTOR('',#4858,1000.);
#1298=VECTOR('',#4861,1000.);
#1299=VECTOR('',#4864,1000.);
#1300=VECTOR('',#4865,1000.);
#1301=VECTOR('',#4866,1000.);
#1302=VECTOR('',#4867,1000.);
#1303=VECTOR('',#4868,1000.);
#1304=VECTOR('',#4869,1000.);
#1305=VECTOR('',#4876,1000.);
#1306=VECTOR('',#4877,1000.);
#1307=VECTOR('',#4878,1000.);
#1308=VECTOR('',#4879,1000.);
#1309=VECTOR('',#4882,1000.);
#1310=VECTOR('',#4883,1000.);
#1311=VECTOR('',#4884,1000.);
#1312=VECTOR('',#4887,1000.);
#1313=VECTOR('',#4888,1000.);
#1314=VECTOR('',#4893,1000.);
#1315=VECTOR('',#4896,1000.);
#1316=VECTOR('',#4899,1000.);
#1317=VECTOR('',#4900,1000.);
#1318=VECTOR('',#4903,1000.);
#1319=VECTOR('',#4908,1000.);
#1320=VECTOR('',#4909,1000.);
#1321=VECTOR('',#4912,1000.);
#1322=VECTOR('',#4915,1000.);
#1323=VECTOR('',#4924,1000.);
#1324=VECTOR('',#4925,1000.);
#1325=VECTOR('',#4928,1000.);
#1326=VECTOR('',#4929,1000.);
#1327=VECTOR('',#4930,1000.);
#1328=VECTOR('',#4933,1000.);
#1329=VECTOR('',#4934,1000.);
#1330=VECTOR('',#4935,1000.);
#1331=VECTOR('',#4938,1000.);
#1332=VECTOR('',#4939,1000.);
#1333=VECTOR('',#4940,1000.);
#1334=VECTOR('',#4945,1000.);
#1335=VECTOR('',#4956,1000.);
#1336=VECTOR('',#4957,1000.);
#1337=VECTOR('',#4958,1000.);
#1338=VECTOR('',#4961,1000.);
#1339=VECTOR('',#4964,1000.);
#1340=VECTOR('',#4967,1000.);
#1341=VECTOR('',#4970,1000.);
#1342=VECTOR('',#4971,1000.);
#1343=VECTOR('',#4976,1000.);
#1344=VECTOR('',#4977,1000.);
#1345=VECTOR('',#4978,1000.);
#1346=VECTOR('',#4979,1000.);
#1347=VECTOR('',#4982,1000.);
#1348=VECTOR('',#4987,1000.);
#1349=VECTOR('',#4988,1000.);
#1350=VECTOR('',#4989,1000.);
#1351=VECTOR('',#4990,1000.);
#1352=VECTOR('',#4993,1000.);
#1353=VECTOR('',#4994,1000.);
#1354=VECTOR('',#4995,1000.);
#1355=VECTOR('',#4998,1000.);
#1356=VECTOR('',#4999,1000.);
#1357=VECTOR('',#5000,1000.);
#1358=VECTOR('',#5003,1000.);
#1359=VECTOR('',#5004,1000.);
#1360=VECTOR('',#5005,1000.);
#1361=VECTOR('',#5006,1000.);
#1362=VECTOR('',#5009,1000.);
#1363=VECTOR('',#5010,1000.);
#1364=VECTOR('',#5013,1000.);
#1365=VECTOR('',#5016,1000.);
#1366=VECTOR('',#5019,1000.);
#1367=VECTOR('',#5022,1000.);
#1368=VECTOR('',#5023,1000.);
#1369=VECTOR('',#5024,1000.);
#1370=VECTOR('',#5027,1000.);
#1371=VECTOR('',#5030,1000.);
#1372=VECTOR('',#5033,1000.);
#1373=VECTOR('',#5036,1000.);
#1374=VECTOR('',#5039,1000.);
#1375=VECTOR('',#5040,1000.);
#1376=VECTOR('',#5043,1000.);
#1377=VECTOR('',#5044,1000.);
#1378=VECTOR('',#5045,1000.);
#1379=VECTOR('',#5046,1000.);
#1380=VECTOR('',#5047,1000.);
#1381=VECTOR('',#5048,1000.);
#1382=VECTOR('',#5049,1000.);
#1383=VECTOR('',#5050,1000.);
#1384=VECTOR('',#5051,1000.);
#1385=VECTOR('',#5054,1000.);
#1386=VECTOR('',#5055,1000.);
#1387=VECTOR('',#5056,1000.);
#1388=VECTOR('',#5059,1000.);
#1389=VECTOR('',#5060,1000.);
#1390=VECTOR('',#5061,1000.);
#1391=VECTOR('',#5064,1000.);
#1392=VECTOR('',#5065,1000.);
#1393=VECTOR('',#5066,1000.);
#1394=VECTOR('',#5069,1000.);
#1395=VECTOR('',#5070,1000.);
#1396=VECTOR('',#5071,1000.);
#1397=VECTOR('',#5074,1000.);
#1398=VECTOR('',#5075,1000.);
#1399=VECTOR('',#5078,1000.);
#1400=VECTOR('',#5079,1000.);
#1401=VECTOR('',#5082,1000.);
#1402=VECTOR('',#5085,1000.);
#1403=VECTOR('',#5086,1000.);
#1404=VECTOR('',#5087,1000.);
#1405=VECTOR('',#5090,1000.);
#1406=VECTOR('',#5091,1000.);
#1407=VECTOR('',#5092,1000.);
#1408=VECTOR('',#5093,1000.);
#1409=VECTOR('',#5094,1000.);
#1410=VECTOR('',#5101,1000.);
#1411=VECTOR('',#5102,1000.);
#1412=VECTOR('',#5103,1000.);
#1413=VECTOR('',#5106,1000.);
#1414=VECTOR('',#5107,1000.);
#1415=VECTOR('',#5110,1000.);
#1416=VECTOR('',#5111,1000.);
#1417=VECTOR('',#5114,1000.);
#1418=VECTOR('',#5115,1000.);
#1419=VECTOR('',#5116,1000.);
#1420=VECTOR('',#5117,1000.);
#1421=VECTOR('',#5118,1000.);
#1422=VECTOR('',#5119,1000.);
#1423=VECTOR('',#5120,1000.);
#1424=VECTOR('',#5123,1000.);
#1425=VECTOR('',#5124,1000.);
#1426=VECTOR('',#5125,1000.);
#1427=VECTOR('',#5126,1000.);
#1428=VECTOR('',#5129,1000.);
#1429=VECTOR('',#5130,1000.);
#1430=VECTOR('',#5131,1000.);
#1431=VECTOR('',#5134,1000.);
#1432=VECTOR('',#5137,1000.);
#1433=VECTOR('',#5140,1000.);
#1434=VECTOR('',#5149,1000.);
#1435=VECTOR('',#5150,1000.);
#1436=VECTOR('',#5153,1000.);
#1437=VECTOR('',#5154,1000.);
#1438=VECTOR('',#5155,1000.);
#1439=VECTOR('',#5158,1000.);
#1440=VECTOR('',#5159,1000.);
#1441=VECTOR('',#5160,1000.);
#1442=VECTOR('',#5163,1000.);
#1443=VECTOR('',#5164,1000.);
#1444=VECTOR('',#5169,1000.);
#1445=VECTOR('',#5170,1000.);
#1446=VECTOR('',#5173,1000.);
#1447=VECTOR('',#5174,1000.);
#1448=VECTOR('',#5175,1000.);
#1449=VECTOR('',#5178,1000.);
#1450=VECTOR('',#5185,1000.);
#1451=VECTOR('',#5190,1000.);
#1452=VECTOR('',#5191,1000.);
#1453=VECTOR('',#5196,1000.);
#1454=VECTOR('',#5203,1000.);
#1455=VECTOR('',#5204,1000.);
#1456=VECTOR('',#5225,1000.);
#1457=VECTOR('',#5228,1000.);
#1458=VECTOR('',#5231,1000.);
#1459=VECTOR('',#5236,1000.);
#1460=VECTOR('',#5241,1000.);
#1461=VECTOR('',#5242,1000.);
#1462=VECTOR('',#5245,1000.);
#1463=VECTOR('',#5248,1000.);
#1464=VECTOR('',#5253,1000.);
#1465=VECTOR('',#5254,1000.);
#1466=VECTOR('',#5255,1000.);
#1467=VECTOR('',#5258,1000.);
#1468=VECTOR('',#5259,1000.);
#1469=VECTOR('',#5262,1000.);
#1470=VECTOR('',#5263,1000.);
#1471=VECTOR('',#5266,1000.);
#1472=VECTOR('',#5267,1000.);
#1473=VECTOR('',#5270,1000.);
#1474=VECTOR('',#5271,1000.);
#1475=VECTOR('',#5274,1000.);
#1476=VECTOR('',#5275,1000.);
#1477=VECTOR('',#5278,1000.);
#1478=VECTOR('',#5279,1000.);
#1479=VECTOR('',#5282,1000.);
#1480=VECTOR('',#5283,1000.);
#1481=VECTOR('',#5286,1000.);
#1482=VECTOR('',#5287,1000.);
#1483=VECTOR('',#5290,1000.);
#1484=VECTOR('',#5291,1000.);
#1485=VECTOR('',#5294,1000.);
#1486=VECTOR('',#5297,1000.);
#1487=VECTOR('',#5298,1000.);
#1488=VECTOR('',#5299,1000.);
#1489=VECTOR('',#5302,1000.);
#1490=VECTOR('',#5303,1000.);
#1491=VECTOR('',#5304,1000.);
#1492=VECTOR('',#5307,1000.);
#1493=VECTOR('',#5308,1000.);
#1494=VECTOR('',#5311,1000.);
#1495=VECTOR('',#5314,1000.);
#1496=VECTOR('',#5315,1000.);
#1497=VECTOR('',#5316,1000.);
#1498=VECTOR('',#5319,1000.);
#1499=VECTOR('',#5320,1000.);
#1500=VECTOR('',#5323,1000.);
#1501=VECTOR('',#5324,1000.);
#1502=VECTOR('',#5325,1000.);
#1503=VECTOR('',#5326,1000.);
#1504=VECTOR('',#5327,1000.);
#1505=VECTOR('',#5330,1000.);
#1506=VECTOR('',#5331,1000.);
#1507=VECTOR('',#5334,1000.);
#1508=VECTOR('',#5335,1000.);
#1509=VECTOR('',#5338,1000.);
#1510=VECTOR('',#5339,1000.);
#1511=VECTOR('',#5340,1000.);
#1512=VECTOR('',#5343,1000.);
#1513=VECTOR('',#5344,1000.);
#1514=VECTOR('',#5347,1000.);
#1515=VECTOR('',#5350,1000.);
#1516=VECTOR('',#5351,1000.);
#1517=VECTOR('',#5352,1000.);
#1518=VECTOR('',#5355,1000.);
#1519=VECTOR('',#5356,1000.);
#1520=VECTOR('',#5357,1000.);
#1521=VECTOR('',#5360,1000.);
#1522=VECTOR('',#5361,1000.);
#1523=VECTOR('',#5362,1000.);
#1524=VECTOR('',#5363,1000.);
#1525=VECTOR('',#5364,1000.);
#1526=VECTOR('',#5367,1000.);
#1527=VERTEX_POINT('',#5374);
#1528=VERTEX_POINT('',#5375);
#1529=VERTEX_POINT('',#5377);
#1530=VERTEX_POINT('',#5379);
#1531=VERTEX_POINT('',#5383);
#1532=VERTEX_POINT('',#5384);
#1533=VERTEX_POINT('',#5389);
#1534=VERTEX_POINT('',#5393);
#1535=VERTEX_POINT('',#5400);
#1536=VERTEX_POINT('',#5401);
#1537=VERTEX_POINT('',#5403);
#1538=VERTEX_POINT('',#5405);
#1539=VERTEX_POINT('',#5409);
#1540=VERTEX_POINT('',#5410);
#1541=VERTEX_POINT('',#5415);
#1542=VERTEX_POINT('',#5419);
#1543=VERTEX_POINT('',#5426);
#1544=VERTEX_POINT('',#5427);
#1545=VERTEX_POINT('',#5429);
#1546=VERTEX_POINT('',#5431);
#1547=VERTEX_POINT('',#5435);
#1548=VERTEX_POINT('',#5436);
#1549=VERTEX_POINT('',#5441);
#1550=VERTEX_POINT('',#5445);
#1551=VERTEX_POINT('',#5452);
#1552=VERTEX_POINT('',#5454);
#1553=VERTEX_POINT('',#5458);
#1554=VERTEX_POINT('',#5459);
#1555=VERTEX_POINT('',#5461);
#1556=VERTEX_POINT('',#5463);
#1557=VERTEX_POINT('',#5465);
#1558=VERTEX_POINT('',#5467);
#1559=VERTEX_POINT('',#5469);
#1560=VERTEX_POINT('',#5472);
#1561=VERTEX_POINT('',#5474);
#1562=VERTEX_POINT('',#5476);
#1563=VERTEX_POINT('',#5480);
#1564=VERTEX_POINT('',#5481);
#1565=VERTEX_POINT('',#5483);
#1566=VERTEX_POINT('',#5485);
#1567=VERTEX_POINT('',#5487);
#1568=VERTEX_POINT('',#5489);
#1569=VERTEX_POINT('',#5491);
#1570=VERTEX_POINT('',#5493);
#1571=VERTEX_POINT('',#5495);
#1572=VERTEX_POINT('',#5497);
#1573=VERTEX_POINT('',#5500);
#1574=VERTEX_POINT('',#5502);
#1575=VERTEX_POINT('',#5504);
#1576=VERTEX_POINT('',#5508);
#1577=VERTEX_POINT('',#5509);
#1578=VERTEX_POINT('',#5511);
#1579=VERTEX_POINT('',#5513);
#1580=VERTEX_POINT('',#5515);
#1581=VERTEX_POINT('',#5517);
#1582=VERTEX_POINT('',#5519);
#1583=VERTEX_POINT('',#5521);
#1584=VERTEX_POINT('',#5523);
#1585=VERTEX_POINT('',#5525);
#1586=VERTEX_POINT('',#5528);
#1587=VERTEX_POINT('',#5530);
#1588=VERTEX_POINT('',#5532);
#1589=VERTEX_POINT('',#5536);
#1590=VERTEX_POINT('',#5538);
#1591=VERTEX_POINT('',#5542);
#1592=VERTEX_POINT('',#5544);
#1593=VERTEX_POINT('',#5546);
#1594=VERTEX_POINT('',#5548);
#1595=VERTEX_POINT('',#5550);
#1596=VERTEX_POINT('',#5552);
#1597=VERTEX_POINT('',#5554);
#1598=VERTEX_POINT('',#5556);
#1599=VERTEX_POINT('',#5558);
#1600=VERTEX_POINT('',#5560);
#1601=VERTEX_POINT('',#5562);
#1602=VERTEX_POINT('',#5564);
#1603=VERTEX_POINT('',#5566);
#1604=VERTEX_POINT('',#5568);
#1605=VERTEX_POINT('',#5570);
#1606=VERTEX_POINT('',#5572);
#1607=VERTEX_POINT('',#5574);
#1608=VERTEX_POINT('',#5576);
#1609=VERTEX_POINT('',#5580);
#1610=VERTEX_POINT('',#5582);
#1611=VERTEX_POINT('',#5586);
#1612=VERTEX_POINT('',#5588);
#1613=VERTEX_POINT('',#5592);
#1614=VERTEX_POINT('',#5593);
#1615=VERTEX_POINT('',#5595);
#1616=VERTEX_POINT('',#5597);
#1617=VERTEX_POINT('',#5599);
#1618=VERTEX_POINT('',#5601);
#1619=VERTEX_POINT('',#5603);
#1620=VERTEX_POINT('',#5605);
#1621=VERTEX_POINT('',#5607);
#1622=VERTEX_POINT('',#5609);
#1623=VERTEX_POINT('',#5611);
#1624=VERTEX_POINT('',#5613);
#1625=VERTEX_POINT('',#5615);
#1626=VERTEX_POINT('',#5617);
#1627=VERTEX_POINT('',#5619);
#1628=VERTEX_POINT('',#5621);
#1629=VERTEX_POINT('',#5623);
#1630=VERTEX_POINT('',#5625);
#1631=VERTEX_POINT('',#5628);
#1632=VERTEX_POINT('',#5630);
#1633=VERTEX_POINT('',#5633);
#1634=VERTEX_POINT('',#5635);
#1635=VERTEX_POINT('',#5637);
#1636=VERTEX_POINT('',#5639);
#1637=VERTEX_POINT('',#5641);
#1638=VERTEX_POINT('',#5644);
#1639=VERTEX_POINT('',#5645);
#1640=VERTEX_POINT('',#5647);
#1641=VERTEX_POINT('',#5649);
#1642=VERTEX_POINT('',#5651);
#1643=VERTEX_POINT('',#5653);
#1644=VERTEX_POINT('',#5681);
#1645=VERTEX_POINT('',#5701);
#1646=VERTEX_POINT('',#5717);
#1647=VERTEX_POINT('',#5719);
#1648=VERTEX_POINT('',#5721);
#1649=VERTEX_POINT('',#5723);
#1650=VERTEX_POINT('',#5744);
#1651=VERTEX_POINT('',#5745);
#1652=VERTEX_POINT('',#5747);
#1653=VERTEX_POINT('',#5749);
#1654=VERTEX_POINT('',#5751);
#1655=VERTEX_POINT('',#5753);
#1656=VERTEX_POINT('',#5755);
#1657=VERTEX_POINT('',#5757);
#1658=VERTEX_POINT('',#5759);
#1659=VERTEX_POINT('',#5761);
#1660=VERTEX_POINT('',#5763);
#1661=VERTEX_POINT('',#5766);
#1662=VERTEX_POINT('',#5767);
#1663=VERTEX_POINT('',#5769);
#1664=VERTEX_POINT('',#5771);
#1665=VERTEX_POINT('',#5775);
#1666=VERTEX_POINT('',#5776);
#1667=VERTEX_POINT('',#5778);
#1668=VERTEX_POINT('',#5782);
#1669=VERTEX_POINT('',#5786);
#1670=VERTEX_POINT('',#5787);
#1671=VERTEX_POINT('',#5789);
#1672=VERTEX_POINT('',#5791);
#1673=VERTEX_POINT('',#5795);
#1674=VERTEX_POINT('',#5796);
#1675=VERTEX_POINT('',#5798);
#1676=VERTEX_POINT('',#5800);
#1677=VERTEX_POINT('',#5804);
#1678=VERTEX_POINT('',#5805);
#1679=VERTEX_POINT('',#5807);
#1680=VERTEX_POINT('',#5809);
#1681=VERTEX_POINT('',#5813);
#1682=VERTEX_POINT('',#5814);
#1683=VERTEX_POINT('',#5816);
#1684=VERTEX_POINT('',#5818);
#1685=VERTEX_POINT('',#5848);
#1686=VERTEX_POINT('',#5849);
#1687=VERTEX_POINT('',#5851);
#1688=VERTEX_POINT('',#5853);
#1689=VERTEX_POINT('',#5857);
#1690=VERTEX_POINT('',#5858);
#1691=VERTEX_POINT('',#5860);
#1692=VERTEX_POINT('',#5862);
#1693=VERTEX_POINT('',#5866);
#1694=VERTEX_POINT('',#5867);
#1695=VERTEX_POINT('',#5869);
#1696=VERTEX_POINT('',#5871);
#1697=VERTEX_POINT('',#5873);
#1698=VERTEX_POINT('',#5877);
#1699=VERTEX_POINT('',#5878);
#1700=VERTEX_POINT('',#5883);
#1701=VERTEX_POINT('',#5884);
#1702=VERTEX_POINT('',#5886);
#1703=VERTEX_POINT('',#5891);
#1704=VERTEX_POINT('',#5893);
#1705=VERTEX_POINT('',#5895);
#1706=VERTEX_POINT('',#5899);
#1707=VERTEX_POINT('',#5903);
#1708=VERTEX_POINT('',#5930);
#1709=VERTEX_POINT('',#5931);
#1710=VERTEX_POINT('',#5933);
#1711=VERTEX_POINT('',#5935);
#1712=VERTEX_POINT('',#5940);
#1713=VERTEX_POINT('',#5944);
#1714=VERTEX_POINT('',#5949);
#1715=VERTEX_POINT('',#5951);
#1716=VERTEX_POINT('',#5958);
#1717=VERTEX_POINT('',#5960);
#1718=VERTEX_POINT('',#5965);
#1719=VERTEX_POINT('',#5967);
#1720=VERTEX_POINT('',#5969);
#1721=VERTEX_POINT('',#5971);
#1722=VERTEX_POINT('',#5975);
#1723=VERTEX_POINT('',#5976);
#1724=VERTEX_POINT('',#5978);
#1725=VERTEX_POINT('',#5980);
#1726=VERTEX_POINT('',#5984);
#1727=VERTEX_POINT('',#5986);
#1728=VERTEX_POINT('',#5990);
#1729=VERTEX_POINT('',#5991);
#1730=VERTEX_POINT('',#5993);
#1731=VERTEX_POINT('',#5995);
#1732=VERTEX_POINT('',#5999);
#1733=VERTEX_POINT('',#6000);
#1734=VERTEX_POINT('',#6003);
#1735=VERTEX_POINT('',#6005);
#1736=VERTEX_POINT('',#6009);
#1737=VERTEX_POINT('',#6010);
#1738=VERTEX_POINT('',#6012);
#1739=VERTEX_POINT('',#6014);
#1740=VERTEX_POINT('',#6016);
#1741=VERTEX_POINT('',#6020);
#1742=VERTEX_POINT('',#6021);
#1743=VERTEX_POINT('',#6023);
#1744=VERTEX_POINT('',#6025);
#1745=VERTEX_POINT('',#6027);
#1746=VERTEX_POINT('',#6035);
#1747=VERTEX_POINT('',#6036);
#1748=VERTEX_POINT('',#6038);
#1749=VERTEX_POINT('',#6040);
#1750=VERTEX_POINT('',#6044);
#1751=VERTEX_POINT('',#6045);
#1752=VERTEX_POINT('',#6048);
#1753=VERTEX_POINT('',#6054);
#1754=VERTEX_POINT('',#6055);
#1755=VERTEX_POINT('',#6058);
#1756=VERTEX_POINT('',#6062);
#1757=VERTEX_POINT('',#6063);
#1758=VERTEX_POINT('',#6068);
#1759=VERTEX_POINT('',#6069);
#1760=VERTEX_POINT('',#6071);
#1761=VERTEX_POINT('',#6073);
#1762=VERTEX_POINT('',#6077);
#1763=VERTEX_POINT('',#6078);
#1764=VERTEX_POINT('',#6081);
#1765=VERTEX_POINT('',#6083);
#1766=VERTEX_POINT('',#6085);
#1767=VERTEX_POINT('',#6091);
#1768=VERTEX_POINT('',#6092);
#1769=VERTEX_POINT('',#6094);
#1770=VERTEX_POINT('',#6096);
#1771=VERTEX_POINT('',#6100);
#1772=VERTEX_POINT('',#6102);
#1773=VERTEX_POINT('',#6114);
#1774=VERTEX_POINT('',#6121);
#1775=VERTEX_POINT('',#6128);
#1776=VERTEX_POINT('',#6130);
#1777=VERTEX_POINT('',#6134);
#1778=VERTEX_POINT('',#6142);
#1779=VERTEX_POINT('',#6144);
#1780=VERTEX_POINT('',#6148);
#1781=VERTEX_POINT('',#6150);
#1782=VERTEX_POINT('',#6161);
#1783=VERTEX_POINT('',#6163);
#1784=VERTEX_POINT('',#6167);
#1785=VERTEX_POINT('',#6169);
#1786=VERTEX_POINT('',#6173);
#1787=VERTEX_POINT('',#6175);
#1788=VERTEX_POINT('',#6177);
#1789=VERTEX_POINT('',#6181);
#1790=VERTEX_POINT('',#6182);
#1791=VERTEX_POINT('',#6184);
#1792=VERTEX_POINT('',#6187);
#1793=VERTEX_POINT('',#6191);
#1794=VERTEX_POINT('',#6195);
#1795=VERTEX_POINT('',#6196);
#1796=VERTEX_POINT('',#6198);
#1797=VERTEX_POINT('',#6200);
#1798=VERTEX_POINT('',#6204);
#1799=VERTEX_POINT('',#6205);
#1800=VERTEX_POINT('',#6210);
#1801=VERTEX_POINT('',#6211);
#1802=VERTEX_POINT('',#6216);
#1803=VERTEX_POINT('',#6217);
#1804=VERTEX_POINT('',#6219);
#1805=VERTEX_POINT('',#6221);
#1806=VERTEX_POINT('',#6225);
#1807=VERTEX_POINT('',#6226);
#1808=VERTEX_POINT('',#6228);
#1809=VERTEX_POINT('',#6230);
#1810=VERTEX_POINT('',#6234);
#1811=VERTEX_POINT('',#6236);
#1812=VERTEX_POINT('',#6240);
#1813=VERTEX_POINT('',#6242);
#1814=VERTEX_POINT('',#6246);
#1815=VERTEX_POINT('',#6248);
#1816=VERTEX_POINT('',#6252);
#1817=VERTEX_POINT('',#6254);
#1818=VERTEX_POINT('',#6261);
#1819=VERTEX_POINT('',#6262);
#1820=VERTEX_POINT('',#6264);
#1821=VERTEX_POINT('',#6268);
#1822=VERTEX_POINT('',#6270);
#1823=VERTEX_POINT('',#6272);
#1824=VERTEX_POINT('',#6274);
#1825=VERTEX_POINT('',#6278);
#1826=VERTEX_POINT('',#6279);
#1827=VERTEX_POINT('',#6284);
#1828=VERTEX_POINT('',#6286);
#1829=VERTEX_POINT('',#6290);
#1830=VERTEX_POINT('',#6292);
#1831=VERTEX_POINT('',#6296);
#1832=VERTEX_POINT('',#6297);
#1833=VERTEX_POINT('',#6302);
#1834=VERTEX_POINT('',#6306);
#1835=VERTEX_POINT('',#6312);
#1836=VERTEX_POINT('',#6314);
#1837=VERTEX_POINT('',#6319);
#1838=VERTEX_POINT('',#6321);
#1839=VERTEX_POINT('',#6323);
#1840=VERTEX_POINT('',#6325);
#1841=VERTEX_POINT('',#6327);
#1842=VERTEX_POINT('',#6331);
#1843=VERTEX_POINT('',#6332);
#1844=VERTEX_POINT('',#6337);
#1845=VERTEX_POINT('',#6341);
#1846=VERTEX_POINT('',#6346);
#1847=VERTEX_POINT('',#6348);
#1848=VERTEX_POINT('',#6350);
#1849=VERTEX_POINT('',#6352);
#1850=VERTEX_POINT('',#6354);
#1851=VERTEX_POINT('',#6358);
#1852=VERTEX_POINT('',#6360);
#1853=VERTEX_POINT('',#6362);
#1854=VERTEX_POINT('',#6367);
#1855=VERTEX_POINT('',#6380);
#1856=VERTEX_POINT('',#6384);
#1857=VERTEX_POINT('',#6389);
#1858=VERTEX_POINT('',#6391);
#1859=VERTEX_POINT('',#6395);
#1860=VERTEX_POINT('',#6422);
#1861=VERTEX_POINT('',#6426);
#1862=VERTEX_POINT('',#6427);
#1863=VERTEX_POINT('',#6432);
#1864=VERTEX_POINT('',#6433);
#1865=VERTEX_POINT('',#6438);
#1866=VERTEX_POINT('',#6442);
#1867=VERTEX_POINT('',#6446);
#1868=VERTEX_POINT('',#6448);
#1869=VERTEX_POINT('',#6483);
#1870=VERTEX_POINT('',#6485);
#1871=VERTEX_POINT('',#6489);
#1872=VERTEX_POINT('',#6493);
#1873=VERTEX_POINT('',#6497);
#1874=VERTEX_POINT('',#6501);
#1875=VERTEX_POINT('',#6505);
#1876=VERTEX_POINT('',#6509);
#1877=VERTEX_POINT('',#6513);
#1878=VERTEX_POINT('',#6517);
#1879=VERTEX_POINT('',#6521);
#1880=VERTEX_POINT('',#6527);
#1881=VERTEX_POINT('',#6528);
#1882=VERTEX_POINT('',#6530);
#1883=VERTEX_POINT('',#6534);
#1884=VERTEX_POINT('',#6535);
#1885=VERTEX_POINT('',#6540);
#1886=VERTEX_POINT('',#6546);
#1887=VERTEX_POINT('',#6548);
#1888=VERTEX_POINT('',#6552);
#1889=VERTEX_POINT('',#6556);
#1890=VERTEX_POINT('',#6613);
#1891=VERTEX_POINT('',#6680);
#1892=VERTEX_POINT('',#6731);
#1893=VERTEX_POINT('',#6749);
#1894=VERTEX_POINT('',#6753);
#1895=VERTEX_POINT('',#6757);
#1896=VERTEX_POINT('',#6798);
#1897=VERTEX_POINT('',#6820);
#1898=VERTEX_POINT('',#6826);
#1899=VERTEX_POINT('',#6827);
#1900=VERTEX_POINT('',#6829);
#1901=VERTEX_POINT('',#6841);
#1902=VERTEX_POINT('',#6853);
#1903=VERTEX_POINT('',#6873);
#1904=VERTEX_POINT('',#6877);
#1905=VERTEX_POINT('',#6878);
#1906=VERTEX_POINT('',#6883);
#1907=VERTEX_POINT('',#6908);
#1908=VERTEX_POINT('',#6943);
#1909=VERTEX_POINT('',#6994);
#1910=EDGE_CURVE('',#1527,#1528,#593,.T.);
#1911=EDGE_CURVE('',#1528,#1529,#594,.T.);
#1912=EDGE_CURVE('',#1529,#1530,#595,.T.);
#1913=EDGE_CURVE('',#1530,#1527,#596,.T.);
#1914=EDGE_CURVE('',#1531,#1532,#597,.T.);
#1915=EDGE_CURVE('',#1529,#1531,#598,.T.);
#1916=EDGE_CURVE('',#1532,#1528,#599,.T.);
#1917=EDGE_CURVE('',#1533,#1527,#600,.T.);
#1918=EDGE_CURVE('',#1532,#1533,#601,.T.);
#1919=EDGE_CURVE('',#1534,#1533,#602,.T.);
#1920=EDGE_CURVE('',#1530,#1534,#603,.T.);
#1921=EDGE_CURVE('',#1531,#1534,#604,.T.);
#1922=EDGE_CURVE('',#1535,#1536,#605,.T.);
#1923=EDGE_CURVE('',#1536,#1537,#606,.T.);
#1924=EDGE_CURVE('',#1537,#1538,#607,.T.);
#1925=EDGE_CURVE('',#1538,#1535,#608,.T.);
#1926=EDGE_CURVE('',#1539,#1540,#609,.T.);
#1927=EDGE_CURVE('',#1537,#1539,#610,.T.);
#1928=EDGE_CURVE('',#1540,#1536,#611,.T.);
#1929=EDGE_CURVE('',#1541,#1535,#612,.T.);
#1930=EDGE_CURVE('',#1540,#1541,#613,.T.);
#1931=EDGE_CURVE('',#1542,#1541,#614,.T.);
#1932=EDGE_CURVE('',#1538,#1542,#615,.T.);
#1933=EDGE_CURVE('',#1539,#1542,#616,.T.);
#1934=EDGE_CURVE('',#1543,#1544,#617,.T.);
#1935=EDGE_CURVE('',#1544,#1545,#618,.T.);
#1936=EDGE_CURVE('',#1545,#1546,#619,.T.);
#1937=EDGE_CURVE('',#1546,#1543,#620,.T.);
#1938=EDGE_CURVE('',#1547,#1548,#621,.T.);
#1939=EDGE_CURVE('',#1545,#1547,#622,.T.);
#1940=EDGE_CURVE('',#1548,#1544,#623,.T.);
#1941=EDGE_CURVE('',#1549,#1543,#624,.T.);
#1942=EDGE_CURVE('',#1548,#1549,#625,.T.);
#1943=EDGE_CURVE('',#1550,#1549,#626,.T.);
#1944=EDGE_CURVE('',#1546,#1550,#627,.T.);
#1945=EDGE_CURVE('',#1547,#1550,#628,.T.);
#1946=EDGE_CURVE('',#1551,#1551,#79,.T.);
#1947=EDGE_CURVE('',#1551,#1552,#629,.T.);
#1948=EDGE_CURVE('',#1552,#1552,#80,.T.);
#1949=EDGE_CURVE('',#1553,#1554,#81,.T.);
#1950=EDGE_CURVE('',#1555,#1553,#630,.T.);
#1951=EDGE_CURVE('',#1556,#1555,#82,.T.);
#1952=EDGE_CURVE('',#1557,#1556,#631,.T.);
#1953=EDGE_CURVE('',#1558,#1557,#83,.T.);
#1954=EDGE_CURVE('',#1558,#1559,#632,.T.);
#1955=EDGE_CURVE('',#1559,#1559,#84,.T.);
#1956=EDGE_CURVE('',#1560,#1558,#85,.T.);
#1957=EDGE_CURVE('',#1561,#1560,#633,.T.);
#1958=EDGE_CURVE('',#1562,#1561,#86,.T.);
#1959=EDGE_CURVE('',#1554,#1562,#634,.T.);
#1960=EDGE_CURVE('',#1563,#1564,#87,.T.);
#1961=EDGE_CURVE('',#1565,#1563,#635,.T.);
#1962=EDGE_CURVE('',#1566,#1565,#88,.T.);
#1963=EDGE_CURVE('',#1567,#1566,#636,.T.);
#1964=EDGE_CURVE('',#1568,#1567,#89,.T.);
#1965=EDGE_CURVE('',#1568,#1569,#637,.T.);
#1966=EDGE_CURVE('',#1570,#1569,#90,.T.);
#1967=EDGE_CURVE('',#1571,#1570,#638,.T.);
#1968=EDGE_CURVE('',#1572,#1571,#52,.T.);
#1969=EDGE_CURVE('',#1569,#1572,#91,.T.);
#1970=EDGE_CURVE('',#1573,#1568,#92,.T.);
#1971=EDGE_CURVE('',#1574,#1573,#639,.T.);
#1972=EDGE_CURVE('',#1575,#1574,#93,.T.);
#1973=EDGE_CURVE('',#1575,#1564,#640,.T.);
#1974=EDGE_CURVE('',#1576,#1577,#94,.T.);
#1975=EDGE_CURVE('',#1578,#1576,#641,.T.);
#1976=EDGE_CURVE('',#1579,#1578,#95,.T.);
#1977=EDGE_CURVE('',#1580,#1579,#642,.T.);
#1978=EDGE_CURVE('',#1581,#1580,#96,.T.);
#1979=EDGE_CURVE('',#1581,#1582,#643,.T.);
#1980=EDGE_CURVE('',#1583,#1582,#97,.T.);
#1981=EDGE_CURVE('',#1584,#1583,#53,.T.);
#1982=EDGE_CURVE('',#1585,#1584,#644,.T.);
#1983=EDGE_CURVE('',#1582,#1585,#98,.T.);
#1984=EDGE_CURVE('',#1586,#1581,#99,.T.);
#1985=EDGE_CURVE('',#1587,#1586,#645,.T.);
#1986=EDGE_CURVE('',#1588,#1587,#100,.T.);
#1987=EDGE_CURVE('',#1588,#1577,#646,.T.);
#1988=EDGE_CURVE('',#1589,#1589,#101,.T.);
#1989=EDGE_CURVE('',#1589,#1590,#647,.T.);
#1990=EDGE_CURVE('',#1590,#1590,#102,.T.);
#1991=EDGE_CURVE('',#1591,#1591,#103,.T.);
#1992=EDGE_CURVE('',#1591,#1592,#648,.T.);
#1993=EDGE_CURVE('',#1593,#1592,#104,.T.);
#1994=EDGE_CURVE('',#1594,#1593,#649,.T.);
#1995=EDGE_CURVE('',#1595,#1594,#105,.T.);
#1996=EDGE_CURVE('',#1596,#1595,#650,.T.);
#1997=EDGE_CURVE('',#1597,#1596,#106,.T.);
#1998=EDGE_CURVE('',#1598,#1597,#651,.T.);
#1999=EDGE_CURVE('',#1599,#1598,#107,.T.);
#2000=EDGE_CURVE('',#1600,#1599,#652,.T.);
#2001=EDGE_CURVE('',#1601,#1600,#108,.T.);
#2002=EDGE_CURVE('',#1601,#1602,#653,.T.);
#2003=EDGE_CURVE('',#1603,#1602,#109,.T.);
#2004=EDGE_CURVE('',#1603,#1604,#654,.T.);
#2005=EDGE_CURVE('',#1605,#1604,#110,.T.);
#2006=EDGE_CURVE('',#1605,#1606,#655,.T.);
#2007=EDGE_CURVE('',#1607,#1606,#111,.T.);
#2008=EDGE_CURVE('',#1608,#1607,#656,.T.);
#2009=EDGE_CURVE('',#1592,#1608,#112,.T.);
#2010=EDGE_CURVE('',#1609,#1609,#113,.T.);
#2011=EDGE_CURVE('',#1609,#1610,#657,.T.);
#2012=EDGE_CURVE('',#1610,#1610,#114,.T.);
#2013=EDGE_CURVE('',#1611,#1611,#115,.T.);
#2014=EDGE_CURVE('',#1611,#1612,#658,.T.);
#2015=EDGE_CURVE('',#1612,#1612,#116,.T.);
#2016=EDGE_CURVE('',#1613,#1614,#659,.T.);
#2017=EDGE_CURVE('',#1614,#1615,#660,.T.);
#2018=EDGE_CURVE('',#1615,#1616,#661,.T.);
#2019=EDGE_CURVE('',#1616,#1617,#662,.T.);
#2020=EDGE_CURVE('',#1617,#1618,#117,.T.);
#2021=EDGE_CURVE('',#1618,#1619,#663,.T.);
#2022=EDGE_CURVE('',#1619,#1620,#54,.T.);
#2023=EDGE_CURVE('',#1620,#1621,#55,.T.);
#2024=EDGE_CURVE('',#1621,#1622,#664,.T.);
#2025=EDGE_CURVE('',#1622,#1623,#665,.T.);
#2026=EDGE_CURVE('',#1623,#1624,#666,.T.);
#2027=EDGE_CURVE('',#1624,#1625,#667,.T.);
#2028=EDGE_CURVE('',#1625,#1626,#668,.T.);
#2029=EDGE_CURVE('',#1626,#1627,#669,.T.);
#2030=EDGE_CURVE('',#1627,#1628,#670,.T.);
#2031=EDGE_CURVE('',#1628,#1629,#671,.T.);
#2032=EDGE_CURVE('',#1629,#1630,#672,.T.);
#2033=EDGE_CURVE('',#1583,#1630,#673,.T.);
#2034=EDGE_CURVE('',#1631,#1585,#674,.T.);
#2035=EDGE_CURVE('',#1631,#1632,#675,.T.);
#2036=EDGE_CURVE('',#1632,#1570,#676,.T.);
#2037=EDGE_CURVE('',#1633,#1572,#677,.T.);
#2038=EDGE_CURVE('',#1633,#1634,#678,.T.);
#2039=EDGE_CURVE('',#1635,#1634,#679,.T.);
#2040=EDGE_CURVE('',#1635,#1636,#680,.T.);
#2041=EDGE_CURVE('',#1636,#1637,#681,.T.);
#2042=EDGE_CURVE('',#1637,#1613,#682,.T.);
#2043=EDGE_CURVE('',#1638,#1639,#683,.T.);
#2044=EDGE_CURVE('',#1639,#1640,#684,.T.);
#2045=EDGE_CURVE('',#1640,#1641,#685,.T.);
#2046=EDGE_CURVE('',#1641,#1642,#686,.T.);
#2047=EDGE_CURVE('',#1642,#1643,#37,.T.);
#2048=EDGE_CURVE('',#1643,#1644,#38,.T.);
#2049=EDGE_CURVE('',#1644,#1645,#39,.T.);
#2050=EDGE_CURVE('',#1645,#1646,#687,.T.);
#2051=EDGE_CURVE('',#1646,#1647,#688,.T.);
#2052=EDGE_CURVE('',#1647,#1648,#689,.T.);
#2053=EDGE_CURVE('',#1648,#1649,#40,.T.);
#2054=EDGE_CURVE('',#1649,#1638,#690,.T.);
#2055=EDGE_CURVE('',#1650,#1651,#691,.T.);
#2056=EDGE_CURVE('',#1651,#1652,#692,.T.);
#2057=EDGE_CURVE('',#1652,#1653,#693,.T.);
#2058=EDGE_CURVE('',#1653,#1654,#694,.T.);
#2059=EDGE_CURVE('',#1654,#1655,#695,.T.);
#2060=EDGE_CURVE('',#1655,#1656,#696,.T.);
#2061=EDGE_CURVE('',#1656,#1657,#697,.T.);
#2062=EDGE_CURVE('',#1657,#1658,#698,.T.);
#2063=EDGE_CURVE('',#1658,#1659,#699,.T.);
#2064=EDGE_CURVE('',#1659,#1660,#700,.T.);
#2065=EDGE_CURVE('',#1660,#1650,#701,.T.);
#2066=EDGE_CURVE('',#1661,#1662,#118,.T.);
#2067=EDGE_CURVE('',#1662,#1663,#702,.T.);
#2068=EDGE_CURVE('',#1663,#1664,#119,.T.);
#2069=EDGE_CURVE('',#1664,#1661,#703,.T.);
#2070=EDGE_CURVE('',#1665,#1666,#704,.T.);
#2071=EDGE_CURVE('',#1665,#1667,#705,.T.);
#2072=EDGE_CURVE('',#1667,#1594,#706,.T.);
#2073=EDGE_CURVE('',#1593,#1608,#707,.T.);
#2074=EDGE_CURVE('',#1607,#1668,#708,.T.);
#2075=EDGE_CURVE('',#1668,#1666,#709,.T.);
#2076=EDGE_CURVE('',#1669,#1670,#710,.T.);
#2077=EDGE_CURVE('',#1671,#1670,#711,.T.);
#2078=EDGE_CURVE('',#1672,#1671,#712,.T.);
#2079=EDGE_CURVE('',#1669,#1672,#713,.T.);
#2080=EDGE_CURVE('',#1673,#1674,#714,.T.);
#2081=EDGE_CURVE('',#1675,#1674,#715,.T.);
#2082=EDGE_CURVE('',#1675,#1676,#716,.T.);
#2083=EDGE_CURVE('',#1673,#1676,#717,.T.);
#2084=EDGE_CURVE('',#1677,#1678,#718,.T.);
#2085=EDGE_CURVE('',#1679,#1678,#719,.T.);
#2086=EDGE_CURVE('',#1680,#1679,#720,.T.);
#2087=EDGE_CURVE('',#1677,#1680,#721,.T.);
#2088=EDGE_CURVE('',#1681,#1682,#722,.T.);
#2089=EDGE_CURVE('',#1683,#1682,#723,.T.);
#2090=EDGE_CURVE('',#1683,#1684,#724,.T.);
#2091=EDGE_CURVE('',#1681,#1684,#725,.T.);
#2092=EDGE_CURVE('',#1670,#1673,#726,.T.);
#2093=EDGE_CURVE('',#1676,#1671,#727,.T.);
#2094=EDGE_CURVE('',#1678,#1681,#728,.T.);
#2095=EDGE_CURVE('',#1684,#1679,#729,.T.);
#2096=EDGE_CURVE('',#1577,#1669,#730,.T.);
#2097=EDGE_CURVE('',#1576,#1672,#731,.T.);
#2098=EDGE_CURVE('',#1587,#1588,#732,.T.);
#2099=EDGE_CURVE('',#1674,#1586,#733,.T.);
#2100=EDGE_CURVE('',#1675,#1580,#734,.T.);
#2101=EDGE_CURVE('',#1578,#1579,#735,.T.);
#2102=EDGE_CURVE('',#1564,#1677,#736,.T.);
#2103=EDGE_CURVE('',#1563,#1680,#737,.T.);
#2104=EDGE_CURVE('',#1574,#1575,#738,.T.);
#2105=EDGE_CURVE('',#1682,#1573,#739,.T.);
#2106=EDGE_CURVE('',#1683,#1567,#740,.T.);
#2107=EDGE_CURVE('',#1565,#1566,#741,.T.);
#2108=EDGE_CURVE('',#1685,#1686,#742,.T.);
#2109=EDGE_CURVE('',#1687,#1686,#743,.T.);
#2110=EDGE_CURVE('',#1688,#1687,#744,.T.);
#2111=EDGE_CURVE('',#1685,#1688,#745,.T.);
#2112=EDGE_CURVE('',#1689,#1690,#746,.T.);
#2113=EDGE_CURVE('',#1691,#1690,#747,.T.);
#2114=EDGE_CURVE('',#1692,#1691,#748,.T.);
#2115=EDGE_CURVE('',#1689,#1692,#749,.T.);
#2116=EDGE_CURVE('',#1693,#1694,#750,.T.);
#2117=EDGE_CURVE('',#1693,#1695,#120,.T.);
#2118=EDGE_CURVE('',#1696,#1695,#751,.T.);
#2119=EDGE_CURVE('',#1696,#1697,#121,.T.);
#2120=EDGE_CURVE('',#1697,#1694,#752,.T.);
#2121=EDGE_CURVE('',#1698,#1699,#753,.T.);
#2122=EDGE_CURVE('',#1698,#1693,#754,.T.);
#2123=EDGE_CURVE('',#1694,#1699,#755,.T.);
#2124=EDGE_CURVE('',#1700,#1701,#756,.T.);
#2125=EDGE_CURVE('',#1700,#1702,#757,.T.);
#2126=EDGE_CURVE('',#1666,#1702,#758,.T.);
#2127=EDGE_CURVE('',#1606,#1668,#759,.T.);
#2128=EDGE_CURVE('',#1604,#1605,#760,.T.);
#2129=EDGE_CURVE('',#1703,#1603,#761,.T.);
#2130=EDGE_CURVE('',#1704,#1703,#762,.T.);
#2131=EDGE_CURVE('',#1705,#1704,#763,.T.);
#2132=EDGE_CURVE('',#1701,#1705,#764,.T.);
#2133=EDGE_CURVE('',#1704,#1706,#765,.T.);
#2134=EDGE_CURVE('',#1602,#1703,#766,.T.);
#2135=EDGE_CURVE('',#1601,#1600,#767,.T.);
#2136=EDGE_CURVE('',#1707,#1599,#768,.T.);
#2137=EDGE_CURVE('',#1706,#1707,#769,.T.);
#2138=EDGE_CURVE('',#1707,#1598,#770,.T.);
#2139=EDGE_CURVE('',#1597,#1596,#771,.T.);
#2140=EDGE_CURVE('',#1595,#1667,#772,.T.);
#2141=EDGE_CURVE('',#1692,#1553,#773,.T.);
#2142=EDGE_CURVE('',#1554,#1689,#774,.T.);
#2143=EDGE_CURVE('',#1561,#1562,#775,.T.);
#2144=EDGE_CURVE('',#1686,#1560,#776,.T.);
#2145=EDGE_CURVE('',#1690,#1685,#777,.T.);
#2146=EDGE_CURVE('',#1687,#1557,#778,.T.);
#2147=EDGE_CURVE('',#1555,#1556,#779,.T.);
#2148=EDGE_CURVE('',#1688,#1691,#780,.T.);
#2149=EDGE_CURVE('',#1708,#1709,#122,.T.);
#2150=EDGE_CURVE('',#1710,#1709,#781,.T.);
#2151=EDGE_CURVE('',#1710,#1711,#782,.T.);
#2152=EDGE_CURVE('',#1711,#1708,#783,.T.);
#2153=EDGE_CURVE('',#1708,#1697,#784,.T.);
#2154=EDGE_CURVE('',#1712,#1696,#56,.T.);
#2155=EDGE_CURVE('',#1709,#1712,#57,.T.);
#2156=EDGE_CURVE('',#1713,#1698,#123,.T.);
#2157=EDGE_CURVE('',#1695,#1713,#58,.T.);
#2158=EDGE_CURVE('',#1714,#1584,#785,.T.);
#2159=EDGE_CURVE('',#1715,#1714,#786,.T.);
#2160=EDGE_CURVE('',#1715,#1631,#787,.T.);
#2161=EDGE_CURVE('',#1716,#1632,#788,.T.);
#2162=EDGE_CURVE('',#1717,#1716,#789,.T.);
#2163=EDGE_CURVE('',#1571,#1717,#790,.T.);
#2164=EDGE_CURVE('',#1715,#1716,#791,.T.);
#2165=EDGE_CURVE('',#1718,#1714,#792,.T.);
#2166=EDGE_CURVE('',#1719,#1718,#793,.T.);
#2167=EDGE_CURVE('',#1719,#1720,#794,.T.);
#2168=EDGE_CURVE('',#1721,#1720,#795,.T.);
#2169=EDGE_CURVE('',#1717,#1721,#796,.T.);
#2170=EDGE_CURVE('',#1722,#1723,#797,.T.);
#2171=EDGE_CURVE('',#1722,#1724,#798,.T.);
#2172=EDGE_CURVE('',#1724,#1725,#124,.T.);
#2173=EDGE_CURVE('',#1725,#1723,#799,.T.);
#2174=EDGE_CURVE('',#1699,#1726,#800,.T.);
#2175=EDGE_CURVE('',#1726,#1727,#125,.T.);
#2176=EDGE_CURVE('',#1713,#1727,#801,.T.);
#2177=EDGE_CURVE('',#1728,#1729,#802,.T.);
#2178=EDGE_CURVE('',#1730,#1729,#803,.T.);
#2179=EDGE_CURVE('',#1731,#1730,#804,.T.);
#2180=EDGE_CURVE('',#1728,#1731,#805,.T.);
#2181=EDGE_CURVE('',#1732,#1733,#806,.T.);
#2182=EDGE_CURVE('',#1720,#1733,#807,.T.);
#2183=EDGE_CURVE('',#1734,#1719,#808,.T.);
#2184=EDGE_CURVE('',#1735,#1734,#809,.T.);
#2185=EDGE_CURVE('',#1735,#1732,#810,.T.);
#2186=EDGE_CURVE('',#1736,#1737,#811,.T.);
#2187=EDGE_CURVE('',#1736,#1738,#126,.T.);
#2188=EDGE_CURVE('',#1738,#1739,#812,.T.);
#2189=EDGE_CURVE('',#1740,#1739,#813,.T.);
#2190=EDGE_CURVE('',#1740,#1737,#127,.T.);
#2191=EDGE_CURVE('',#1741,#1742,#128,.T.);
#2192=EDGE_CURVE('',#1743,#1742,#814,.T.);
#2193=EDGE_CURVE('',#1743,#1744,#815,.T.);
#2194=EDGE_CURVE('',#1744,#1745,#129,.T.);
#2195=EDGE_CURVE('',#1745,#1741,#816,.T.);
#2196=EDGE_CURVE('',#1742,#1740,#817,.T.);
#2197=EDGE_CURVE('',#1739,#1743,#818,.T.);
#2198=EDGE_CURVE('',#1746,#1747,#819,.T.);
#2199=EDGE_CURVE('',#1748,#1747,#130,.T.);
#2200=EDGE_CURVE('',#1749,#1748,#820,.T.);
#2201=EDGE_CURVE('',#1749,#1746,#131,.T.);
#2202=EDGE_CURVE('',#1750,#1751,#821,.T.);
#2203=EDGE_CURVE('',#1751,#1705,#132,.T.);
#2204=EDGE_CURVE('',#1752,#1706,#822,.T.);
#2205=EDGE_CURVE('',#1752,#1750,#823,.T.);
#2206=EDGE_CURVE('',#1701,#1700,#133,.T.);
#2207=EDGE_CURVE('',#1753,#1754,#824,.T.);
#2208=EDGE_CURVE('',#1753,#1665,#825,.T.);
#2209=EDGE_CURVE('',#1702,#1755,#134,.T.);
#2210=EDGE_CURVE('',#1755,#1754,#826,.T.);
#2211=EDGE_CURVE('',#1756,#1757,#827,.T.);
#2212=EDGE_CURVE('',#1756,#1752,#828,.T.);
#2213=EDGE_CURVE('',#1753,#1757,#829,.T.);
#2214=EDGE_CURVE('',#1758,#1759,#135,.T.);
#2215=EDGE_CURVE('',#1759,#1760,#830,.T.);
#2216=EDGE_CURVE('',#1761,#1760,#136,.T.);
#2217=EDGE_CURVE('',#1761,#1758,#831,.T.);
#2218=EDGE_CURVE('',#1762,#1763,#832,.T.);
#2219=EDGE_CURVE('',#1763,#1711,#833,.T.);
#2220=EDGE_CURVE('',#1764,#1710,#834,.T.);
#2221=EDGE_CURVE('',#1765,#1764,#835,.T.);
#2222=EDGE_CURVE('',#1766,#1765,#836,.T.);
#2223=EDGE_CURVE('',#1762,#1766,#837,.T.);
#2224=EDGE_CURVE('',#1767,#1768,#838,.T.);
#2225=EDGE_CURVE('',#1768,#1769,#839,.T.);
#2226=EDGE_CURVE('',#1769,#1770,#840,.T.);
#2227=EDGE_CURVE('',#1770,#1767,#841,.T.);
#2228=EDGE_CURVE('',#1771,#1764,#842,.T.);
#2229=EDGE_CURVE('',#1771,#1772,#843,.T.);
#2230=EDGE_CURVE('',#1765,#1772,#844,.T.);
#2231=EDGE_CURVE('',#1627,#1712,#845,.T.);
#2232=EDGE_CURVE('',#1626,#1771,#846,.T.);
#2233=EDGE_CURVE('',#1727,#1728,#59,.T.);
#2234=EDGE_CURVE('',#1628,#1731,#847,.T.);
#2235=EDGE_CURVE('',#1629,#1730,#848,.T.);
#2236=EDGE_CURVE('',#1773,#1718,#849,.T.);
#2237=EDGE_CURVE('',#1734,#1773,#850,.T.);
#2238=EDGE_CURVE('',#1773,#1630,#851,.T.);
#2239=EDGE_CURVE('',#1721,#1774,#852,.T.);
#2240=EDGE_CURVE('',#1733,#1774,#853,.T.);
#2241=EDGE_CURVE('',#1774,#1633,#854,.T.);
#2242=EDGE_CURVE('',#1725,#1744,#855,.T.);
#2243=EDGE_CURVE('',#1724,#1775,#60,.T.);
#2244=EDGE_CURVE('',#1776,#1775,#137,.T.);
#2245=EDGE_CURVE('',#1745,#1776,#61,.T.);
#2246=EDGE_CURVE('',#1775,#1777,#856,.T.);
#2247=EDGE_CURVE('',#1776,#1777,#857,.T.);
#2248=EDGE_CURVE('',#1722,#1767,#858,.T.);
#2249=EDGE_CURVE('',#1770,#1637,#859,.T.);
#2250=EDGE_CURVE('',#1777,#1636,#860,.T.);
#2251=EDGE_CURVE('',#1635,#1778,#861,.T.);
#2252=EDGE_CURVE('',#1634,#1779,#862,.T.);
#2253=EDGE_CURVE('',#1779,#1778,#863,.T.);
#2254=EDGE_CURVE('',#1778,#1780,#864,.T.);
#2255=EDGE_CURVE('',#1781,#1779,#865,.T.);
#2256=EDGE_CURVE('',#1781,#1780,#866,.T.);
#2257=EDGE_CURVE('',#1729,#1735,#138,.T.);
#2258=EDGE_CURVE('',#1726,#1738,#867,.T.);
#2259=EDGE_CURVE('',#1780,#1736,#62,.T.);
#2260=EDGE_CURVE('',#1732,#1781,#139,.T.);
#2261=EDGE_CURVE('',#1737,#1741,#63,.T.);
#2262=EDGE_CURVE('',#1723,#1782,#868,.T.);
#2263=EDGE_CURVE('',#1783,#1782,#869,.T.);
#2264=EDGE_CURVE('',#1783,#1768,#870,.T.);
#2265=EDGE_CURVE('',#1758,#1784,#871,.T.);
#2266=EDGE_CURVE('',#1784,#1785,#140,.T.);
#2267=EDGE_CURVE('',#1785,#1759,#872,.T.);
#2268=EDGE_CURVE('',#1785,#1786,#873,.T.);
#2269=EDGE_CURVE('',#1787,#1786,#141,.T.);
#2270=EDGE_CURVE('',#1788,#1787,#874,.T.);
#2271=EDGE_CURVE('',#1760,#1788,#875,.T.);
#2272=EDGE_CURVE('',#1789,#1790,#142,.T.);
#2273=EDGE_CURVE('',#1789,#1791,#876,.T.);
#2274=EDGE_CURVE('',#1747,#1791,#877,.T.);
#2275=EDGE_CURVE('',#1746,#1792,#878,.T.);
#2276=EDGE_CURVE('',#1790,#1792,#879,.T.);
#2277=EDGE_CURVE('',#1793,#1748,#880,.T.);
#2278=EDGE_CURVE('',#1791,#1793,#143,.T.);
#2279=EDGE_CURVE('',#1794,#1795,#881,.T.);
#2280=EDGE_CURVE('',#1794,#1796,#882,.T.);
#2281=EDGE_CURVE('',#1796,#1797,#883,.T.);
#2282=EDGE_CURVE('',#1797,#1795,#884,.T.);
#2283=EDGE_CURVE('',#1798,#1799,#885,.T.);
#2284=EDGE_CURVE('',#1798,#1763,#886,.T.);
#2285=EDGE_CURVE('',#1799,#1762,#887,.T.);
#2286=EDGE_CURVE('',#1800,#1801,#888,.T.);
#2287=EDGE_CURVE('',#1800,#1783,#889,.T.);
#2288=EDGE_CURVE('',#1782,#1801,#890,.T.);
#2289=EDGE_CURVE('',#1802,#1803,#891,.T.);
#2290=EDGE_CURVE('',#1802,#1804,#892,.T.);
#2291=EDGE_CURVE('',#1805,#1804,#893,.T.);
#2292=EDGE_CURVE('',#1803,#1805,#894,.T.);
#2293=EDGE_CURVE('',#1806,#1807,#895,.T.);
#2294=EDGE_CURVE('',#1808,#1806,#896,.T.);
#2295=EDGE_CURVE('',#1808,#1809,#64,.T.);
#2296=EDGE_CURVE('',#1807,#1809,#897,.T.);
#2297=EDGE_CURVE('',#1807,#1810,#898,.T.);
#2298=EDGE_CURVE('',#1809,#1811,#65,.T.);
#2299=EDGE_CURVE('',#1810,#1811,#899,.T.);
#2300=EDGE_CURVE('',#1810,#1812,#900,.T.);
#2301=EDGE_CURVE('',#1811,#1813,#901,.T.);
#2302=EDGE_CURVE('',#1812,#1813,#902,.T.);
#2303=EDGE_CURVE('',#1812,#1814,#903,.T.);
#2304=EDGE_CURVE('',#1813,#1815,#66,.T.);
#2305=EDGE_CURVE('',#1814,#1815,#904,.T.);
#2306=EDGE_CURVE('',#1814,#1816,#905,.T.);
#2307=EDGE_CURVE('',#1815,#1817,#67,.T.);
#2308=EDGE_CURVE('',#1816,#1817,#906,.T.);
#2309=EDGE_CURVE('',#1816,#1806,#907,.T.);
#2310=EDGE_CURVE('',#1817,#1808,#908,.T.);
#2311=EDGE_CURVE('',#1818,#1819,#909,.T.);
#2312=EDGE_CURVE('',#1818,#1820,#910,.T.);
#2313=EDGE_CURVE('',#1796,#1820,#911,.T.);
#2314=EDGE_CURVE('',#1792,#1794,#912,.T.);
#2315=EDGE_CURVE('',#1749,#1821,#913,.T.);
#2316=EDGE_CURVE('',#1821,#1822,#914,.T.);
#2317=EDGE_CURVE('',#1823,#1822,#915,.T.);
#2318=EDGE_CURVE('',#1823,#1824,#916,.T.);
#2319=EDGE_CURVE('',#1819,#1824,#917,.T.);
#2320=EDGE_CURVE('',#1825,#1826,#918,.T.);
#2321=EDGE_CURVE('',#1825,#1751,#919,.T.);
#2322=EDGE_CURVE('',#1826,#1750,#920,.T.);
#2323=EDGE_CURVE('',#1755,#1827,#921,.T.);
#2324=EDGE_CURVE('',#1828,#1827,#922,.T.);
#2325=EDGE_CURVE('',#1754,#1828,#923,.T.);
#2326=EDGE_CURVE('',#1821,#1829,#924,.T.);
#2327=EDGE_CURVE('',#1829,#1830,#925,.T.);
#2328=EDGE_CURVE('',#1822,#1830,#926,.T.);
#2329=EDGE_CURVE('',#1831,#1832,#927,.T.);
#2330=EDGE_CURVE('',#1830,#1831,#928,.T.);
#2331=EDGE_CURVE('',#1829,#1832,#929,.T.);
#2332=EDGE_CURVE('',#1833,#1756,#930,.T.);
#2333=EDGE_CURVE('',#1826,#1833,#931,.T.);
#2334=EDGE_CURVE('',#1757,#1834,#932,.T.);
#2335=EDGE_CURVE('',#1833,#1834,#933,.T.);
#2336=EDGE_CURVE('',#1834,#1828,#934,.T.);
#2337=EDGE_CURVE('',#1831,#1835,#935,.T.);
#2338=EDGE_CURVE('',#1832,#1836,#936,.T.);
#2339=EDGE_CURVE('',#1836,#1835,#937,.T.);
#2340=EDGE_CURVE('',#1793,#1784,#938,.T.);
#2341=EDGE_CURVE('',#1837,#1761,#939,.T.);
#2342=EDGE_CURVE('',#1837,#1838,#940,.T.);
#2343=EDGE_CURVE('',#1838,#1839,#941,.T.);
#2344=EDGE_CURVE('',#1839,#1840,#942,.T.);
#2345=EDGE_CURVE('',#1840,#1841,#68,.T.);
#2346=EDGE_CURVE('',#1841,#1836,#69,.T.);
#2347=EDGE_CURVE('',#1842,#1843,#943,.T.);
#2348=EDGE_CURVE('',#1842,#1840,#944,.T.);
#2349=EDGE_CURVE('',#1839,#1843,#945,.T.);
#2350=EDGE_CURVE('',#1838,#1844,#946,.T.);
#2351=EDGE_CURVE('',#1843,#1844,#947,.T.);
#2352=EDGE_CURVE('',#1844,#1845,#948,.T.);
#2353=EDGE_CURVE('',#1845,#1837,#949,.T.);
#2354=EDGE_CURVE('',#1803,#1788,#950,.T.);
#2355=EDGE_CURVE('',#1805,#1846,#951,.T.);
#2356=EDGE_CURVE('',#1846,#1847,#952,.T.);
#2357=EDGE_CURVE('',#1848,#1847,#953,.T.);
#2358=EDGE_CURVE('',#1849,#1848,#954,.T.);
#2359=EDGE_CURVE('',#1850,#1849,#955,.T.);
#2360=EDGE_CURVE('',#1845,#1850,#956,.T.);
#2361=EDGE_CURVE('',#1849,#1851,#957,.T.);
#2362=EDGE_CURVE('',#1852,#1848,#958,.T.);
#2363=EDGE_CURVE('',#1853,#1852,#959,.T.);
#2364=EDGE_CURVE('',#1853,#1851,#960,.T.);
#2365=EDGE_CURVE('',#1847,#1798,#961,.T.);
#2366=EDGE_CURVE('',#1854,#1799,#962,.T.);
#2367=EDGE_CURVE('',#1852,#1854,#963,.T.);
#2368=EDGE_CURVE('',#1854,#1766,#964,.T.);
#2369=EDGE_CURVE('',#1769,#1613,#965,.T.);
#2370=EDGE_CURVE('',#1772,#1625,#966,.T.);
#2371=EDGE_CURVE('',#1855,#1800,#967,.T.);
#2372=EDGE_CURVE('',#1855,#1768,#968,.T.);
#2373=EDGE_CURVE('',#1856,#1855,#969,.T.);
#2374=EDGE_CURVE('',#1801,#1818,#970,.T.);
#2375=EDGE_CURVE('',#1856,#1819,#971,.T.);
#2376=EDGE_CURVE('',#1824,#1857,#972,.T.);
#2377=EDGE_CURVE('',#1857,#1858,#973,.T.);
#2378=EDGE_CURVE('',#1858,#1856,#974,.T.);
#2379=EDGE_CURVE('',#1859,#1790,#975,.T.);
#2380=EDGE_CURVE('',#1795,#1859,#976,.T.);
#2381=EDGE_CURVE('',#1789,#1786,#41,.T.);
#2382=EDGE_CURVE('',#1860,#1802,#977,.T.);
#2383=EDGE_CURVE('',#1787,#1860,#978,.T.);
#2384=EDGE_CURVE('',#1861,#1862,#979,.T.);
#2385=EDGE_CURVE('',#1862,#1797,#980,.T.);
#2386=EDGE_CURVE('',#1820,#1861,#981,.T.);
#2387=EDGE_CURVE('',#1863,#1864,#982,.T.);
#2388=EDGE_CURVE('',#1863,#1859,#70,.T.);
#2389=EDGE_CURVE('',#1862,#1864,#71,.T.);
#2390=EDGE_CURVE('',#1865,#1846,#983,.T.);
#2391=EDGE_CURVE('',#1865,#1861,#144,.T.);
#2392=EDGE_CURVE('',#1804,#1866,#984,.T.);
#2393=EDGE_CURVE('',#1866,#1865,#985,.T.);
#2394=EDGE_CURVE('',#1860,#1867,#72,.T.);
#2395=EDGE_CURVE('',#1867,#1868,#986,.T.);
#2396=EDGE_CURVE('',#1868,#1866,#73,.T.);
#2397=EDGE_CURVE('',#1616,#1823,#987,.T.);
#2398=EDGE_CURVE('',#1615,#1857,#988,.T.);
#2399=EDGE_CURVE('',#1827,#1617,#74,.T.);
#2400=EDGE_CURVE('',#1618,#1825,#75,.T.);
#2401=EDGE_CURVE('',#1835,#1619,#76,.T.);
#2402=EDGE_CURVE('',#1841,#1620,#77,.T.);
#2403=EDGE_CURVE('',#1621,#1842,#78,.T.);
#2404=EDGE_CURVE('',#1622,#1850,#989,.T.);
#2405=EDGE_CURVE('',#1851,#1623,#990,.T.);
#2406=EDGE_CURVE('',#1624,#1853,#991,.T.);
#2407=EDGE_CURVE('',#1858,#1614,#992,.T.);
#2408=EDGE_CURVE('',#1664,#1863,#993,.T.);
#2409=EDGE_CURVE('',#1663,#1867,#994,.T.);
#2410=EDGE_CURVE('',#1864,#1661,#995,.T.);
#2411=EDGE_CURVE('',#1868,#1662,#996,.T.);
#2412=EDGE_CURVE('',#1869,#1651,#997,.T.);
#2413=EDGE_CURVE('',#1869,#1870,#998,.T.);
#2414=EDGE_CURVE('',#1870,#1652,#999,.T.);
#2415=EDGE_CURVE('',#1870,#1871,#1000,.T.);
#2416=EDGE_CURVE('',#1871,#1653,#1001,.T.);
#2417=EDGE_CURVE('',#1871,#1872,#1002,.T.);
#2418=EDGE_CURVE('',#1872,#1654,#1003,.T.);
#2419=EDGE_CURVE('',#1872,#1873,#1004,.T.);
#2420=EDGE_CURVE('',#1873,#1655,#1005,.T.);
#2421=EDGE_CURVE('',#1873,#1874,#1006,.T.);
#2422=EDGE_CURVE('',#1874,#1656,#1007,.T.);
#2423=EDGE_CURVE('',#1874,#1875,#1008,.T.);
#2424=EDGE_CURVE('',#1875,#1657,#1009,.T.);
#2425=EDGE_CURVE('',#1875,#1876,#1010,.T.);
#2426=EDGE_CURVE('',#1876,#1658,#1011,.T.);
#2427=EDGE_CURVE('',#1876,#1877,#1012,.T.);
#2428=EDGE_CURVE('',#1877,#1659,#1013,.T.);
#2429=EDGE_CURVE('',#1877,#1878,#1014,.T.);
#2430=EDGE_CURVE('',#1878,#1660,#1015,.T.);
#2431=EDGE_CURVE('',#1878,#1879,#1016,.T.);
#2432=EDGE_CURVE('',#1879,#1650,#1017,.T.);
#2433=EDGE_CURVE('',#1879,#1869,#1018,.T.);
#2434=EDGE_CURVE('',#1880,#1881,#1019,.T.);
#2435=EDGE_CURVE('',#1882,#1880,#1020,.T.);
#2436=EDGE_CURVE('',#1881,#1882,#1021,.T.);
#2437=EDGE_CURVE('',#1883,#1884,#1022,.T.);
#2438=EDGE_CURVE('',#1880,#1883,#1023,.T.);
#2439=EDGE_CURVE('',#1881,#1884,#1024,.T.);
#2440=EDGE_CURVE('',#1885,#1883,#1025,.T.);
#2441=EDGE_CURVE('',#1882,#1885,#1026,.T.);
#2442=EDGE_CURVE('',#1884,#1885,#1027,.T.);
#2443=EDGE_CURVE('',#1886,#1639,#1028,.T.);
#2444=EDGE_CURVE('',#1886,#1887,#1029,.T.);
#2445=EDGE_CURVE('',#1887,#1640,#1030,.T.);
#2446=EDGE_CURVE('',#1887,#1888,#1031,.T.);
#2447=EDGE_CURVE('',#1888,#1641,#1032,.T.);
#2448=EDGE_CURVE('',#1888,#1889,#1033,.T.);
#2449=EDGE_CURVE('',#1889,#1642,#1034,.T.);
#2450=EDGE_CURVE('',#1889,#1890,#42,.T.);
#2451=EDGE_CURVE('',#1890,#1643,#1035,.T.);
#2452=EDGE_CURVE('',#1890,#1891,#43,.T.);
#2453=EDGE_CURVE('',#1891,#1644,#1036,.T.);
#2454=EDGE_CURVE('',#1891,#1892,#44,.T.);
#2455=EDGE_CURVE('',#1892,#1645,#1037,.T.);
#2456=EDGE_CURVE('',#1892,#1893,#1038,.T.);
#2457=EDGE_CURVE('',#1893,#1646,#1039,.T.);
#2458=EDGE_CURVE('',#1893,#1894,#1040,.T.);
#2459=EDGE_CURVE('',#1894,#1647,#1041,.T.);
#2460=EDGE_CURVE('',#1894,#1895,#1042,.T.);
#2461=EDGE_CURVE('',#1895,#1648,#1043,.T.);
#2462=EDGE_CURVE('',#1895,#1896,#45,.T.);
#2463=EDGE_CURVE('',#1896,#1649,#1044,.T.);
#2464=EDGE_CURVE('',#1896,#1897,#1045,.T.);
#2465=EDGE_CURVE('',#1897,#1638,#1046,.T.);
#2466=EDGE_CURVE('',#1897,#1886,#1047,.T.);
#2467=EDGE_CURVE('',#1898,#1899,#1048,.T.);
#2468=EDGE_CURVE('',#1900,#1898,#46,.T.);
#2469=EDGE_CURVE('',#1901,#1900,#47,.T.);
#2470=EDGE_CURVE('',#1902,#1901,#48,.T.);
#2471=EDGE_CURVE('',#1903,#1902,#1049,.T.);
#2472=EDGE_CURVE('',#1899,#1903,#1050,.T.);
#2473=EDGE_CURVE('',#1904,#1905,#1051,.T.);
#2474=EDGE_CURVE('',#1899,#1904,#1052,.T.);
#2475=EDGE_CURVE('',#1903,#1905,#1053,.T.);
#2476=EDGE_CURVE('',#1906,#1904,#1054,.T.);
#2477=EDGE_CURVE('',#1898,#1906,#1055,.T.);
#2478=EDGE_CURVE('',#1907,#1906,#49,.T.);
#2479=EDGE_CURVE('',#1900,#1907,#1056,.T.);
#2480=EDGE_CURVE('',#1908,#1907,#50,.T.);
#2481=EDGE_CURVE('',#1901,#1908,#1057,.T.);
#2482=EDGE_CURVE('',#1909,#1908,#51,.T.);
#2483=EDGE_CURVE('',#1902,#1909,#1058,.T.);
#2484=EDGE_CURVE('',#1905,#1909,#1059,.T.);
#2485=ORIENTED_EDGE('',*,*,#1910,.T.);
#2486=ORIENTED_EDGE('',*,*,#1911,.T.);
#2487=ORIENTED_EDGE('',*,*,#1912,.T.);
#2488=ORIENTED_EDGE('',*,*,#1913,.T.);
#2489=ORIENTED_EDGE('',*,*,#1914,.F.);
#2490=ORIENTED_EDGE('',*,*,#1915,.F.);
#2491=ORIENTED_EDGE('',*,*,#1911,.F.);
#2492=ORIENTED_EDGE('',*,*,#1916,.F.);
#2493=ORIENTED_EDGE('',*,*,#1916,.T.);
#2494=ORIENTED_EDGE('',*,*,#1910,.F.);
#2495=ORIENTED_EDGE('',*,*,#1917,.F.);
#2496=ORIENTED_EDGE('',*,*,#1918,.F.);
#2497=ORIENTED_EDGE('',*,*,#1919,.T.);
#2498=ORIENTED_EDGE('',*,*,#1917,.T.);
#2499=ORIENTED_EDGE('',*,*,#1913,.F.);
#2500=ORIENTED_EDGE('',*,*,#1920,.T.);
#2501=ORIENTED_EDGE('',*,*,#1915,.T.);
#2502=ORIENTED_EDGE('',*,*,#1921,.T.);
#2503=ORIENTED_EDGE('',*,*,#1920,.F.);
#2504=ORIENTED_EDGE('',*,*,#1912,.F.);
#2505=ORIENTED_EDGE('',*,*,#1918,.T.);
#2506=ORIENTED_EDGE('',*,*,#1919,.F.);
#2507=ORIENTED_EDGE('',*,*,#1921,.F.);
#2508=ORIENTED_EDGE('',*,*,#1914,.T.);
#2509=ORIENTED_EDGE('',*,*,#1922,.T.);
#2510=ORIENTED_EDGE('',*,*,#1923,.T.);
#2511=ORIENTED_EDGE('',*,*,#1924,.T.);
#2512=ORIENTED_EDGE('',*,*,#1925,.T.);
#2513=ORIENTED_EDGE('',*,*,#1926,.F.);
#2514=ORIENTED_EDGE('',*,*,#1927,.F.);
#2515=ORIENTED_EDGE('',*,*,#1923,.F.);
#2516=ORIENTED_EDGE('',*,*,#1928,.F.);
#2517=ORIENTED_EDGE('',*,*,#1928,.T.);
#2518=ORIENTED_EDGE('',*,*,#1922,.F.);
#2519=ORIENTED_EDGE('',*,*,#1929,.F.);
#2520=ORIENTED_EDGE('',*,*,#1930,.F.);
#2521=ORIENTED_EDGE('',*,*,#1931,.T.);
#2522=ORIENTED_EDGE('',*,*,#1929,.T.);
#2523=ORIENTED_EDGE('',*,*,#1925,.F.);
#2524=ORIENTED_EDGE('',*,*,#1932,.T.);
#2525=ORIENTED_EDGE('',*,*,#1927,.T.);
#2526=ORIENTED_EDGE('',*,*,#1933,.T.);
#2527=ORIENTED_EDGE('',*,*,#1932,.F.);
#2528=ORIENTED_EDGE('',*,*,#1924,.F.);
#2529=ORIENTED_EDGE('',*,*,#1930,.T.);
#2530=ORIENTED_EDGE('',*,*,#1931,.F.);
#2531=ORIENTED_EDGE('',*,*,#1933,.F.);
#2532=ORIENTED_EDGE('',*,*,#1926,.T.);
#2533=ORIENTED_EDGE('',*,*,#1934,.T.);
#2534=ORIENTED_EDGE('',*,*,#1935,.T.);
#2535=ORIENTED_EDGE('',*,*,#1936,.T.);
#2536=ORIENTED_EDGE('',*,*,#1937,.T.);
#2537=ORIENTED_EDGE('',*,*,#1938,.F.);
#2538=ORIENTED_EDGE('',*,*,#1939,.F.);
#2539=ORIENTED_EDGE('',*,*,#1935,.F.);
#2540=ORIENTED_EDGE('',*,*,#1940,.F.);
#2541=ORIENTED_EDGE('',*,*,#1940,.T.);
#2542=ORIENTED_EDGE('',*,*,#1934,.F.);
#2543=ORIENTED_EDGE('',*,*,#1941,.F.);
#2544=ORIENTED_EDGE('',*,*,#1942,.F.);
#2545=ORIENTED_EDGE('',*,*,#1943,.T.);
#2546=ORIENTED_EDGE('',*,*,#1941,.T.);
#2547=ORIENTED_EDGE('',*,*,#1937,.F.);
#2548=ORIENTED_EDGE('',*,*,#1944,.T.);
#2549=ORIENTED_EDGE('',*,*,#1939,.T.);
#2550=ORIENTED_EDGE('',*,*,#1945,.T.);
#2551=ORIENTED_EDGE('',*,*,#1944,.F.);
#2552=ORIENTED_EDGE('',*,*,#1936,.F.);
#2553=ORIENTED_EDGE('',*,*,#1942,.T.);
#2554=ORIENTED_EDGE('',*,*,#1943,.F.);
#2555=ORIENTED_EDGE('',*,*,#1945,.F.);
#2556=ORIENTED_EDGE('',*,*,#1938,.T.);
#2557=ORIENTED_EDGE('',*,*,#1946,.F.);
#2558=ORIENTED_EDGE('',*,*,#1947,.T.);
#2559=ORIENTED_EDGE('',*,*,#1948,.F.);
#2560=ORIENTED_EDGE('',*,*,#1947,.F.);
#2561=ORIENTED_EDGE('',*,*,#1949,.F.);
#2562=ORIENTED_EDGE('',*,*,#1950,.F.);
#2563=ORIENTED_EDGE('',*,*,#1951,.F.);
#2564=ORIENTED_EDGE('',*,*,#1952,.F.);
#2565=ORIENTED_EDGE('',*,*,#1953,.F.);
#2566=ORIENTED_EDGE('',*,*,#1954,.T.);
#2567=ORIENTED_EDGE('',*,*,#1955,.F.);
#2568=ORIENTED_EDGE('',*,*,#1954,.F.);
#2569=ORIENTED_EDGE('',*,*,#1956,.F.);
#2570=ORIENTED_EDGE('',*,*,#1957,.F.);
#2571=ORIENTED_EDGE('',*,*,#1958,.F.);
#2572=ORIENTED_EDGE('',*,*,#1959,.F.);
#2573=ORIENTED_EDGE('',*,*,#1960,.F.);
#2574=ORIENTED_EDGE('',*,*,#1961,.F.);
#2575=ORIENTED_EDGE('',*,*,#1962,.F.);
#2576=ORIENTED_EDGE('',*,*,#1963,.F.);
#2577=ORIENTED_EDGE('',*,*,#1964,.F.);
#2578=ORIENTED_EDGE('',*,*,#1965,.T.);
#2579=ORIENTED_EDGE('',*,*,#1966,.F.);
#2580=ORIENTED_EDGE('',*,*,#1967,.F.);
#2581=ORIENTED_EDGE('',*,*,#1968,.F.);
#2582=ORIENTED_EDGE('',*,*,#1969,.F.);
#2583=ORIENTED_EDGE('',*,*,#1965,.F.);
#2584=ORIENTED_EDGE('',*,*,#1970,.F.);
#2585=ORIENTED_EDGE('',*,*,#1971,.F.);
#2586=ORIENTED_EDGE('',*,*,#1972,.F.);
#2587=ORIENTED_EDGE('',*,*,#1973,.T.);
#2588=ORIENTED_EDGE('',*,*,#1974,.F.);
#2589=ORIENTED_EDGE('',*,*,#1975,.F.);
#2590=ORIENTED_EDGE('',*,*,#1976,.F.);
#2591=ORIENTED_EDGE('',*,*,#1977,.F.);
#2592=ORIENTED_EDGE('',*,*,#1978,.F.);
#2593=ORIENTED_EDGE('',*,*,#1979,.T.);
#2594=ORIENTED_EDGE('',*,*,#1980,.F.);
#2595=ORIENTED_EDGE('',*,*,#1981,.F.);
#2596=ORIENTED_EDGE('',*,*,#1982,.F.);
#2597=ORIENTED_EDGE('',*,*,#1983,.F.);
#2598=ORIENTED_EDGE('',*,*,#1979,.F.);
#2599=ORIENTED_EDGE('',*,*,#1984,.F.);
#2600=ORIENTED_EDGE('',*,*,#1985,.F.);
#2601=ORIENTED_EDGE('',*,*,#1986,.F.);
#2602=ORIENTED_EDGE('',*,*,#1987,.T.);
#2603=ORIENTED_EDGE('',*,*,#1988,.T.);
#2604=ORIENTED_EDGE('',*,*,#1989,.T.);
#2605=ORIENTED_EDGE('',*,*,#1990,.F.);
#2606=ORIENTED_EDGE('',*,*,#1989,.F.);
#2607=ORIENTED_EDGE('',*,*,#1991,.T.);
#2608=ORIENTED_EDGE('',*,*,#1992,.T.);
#2609=ORIENTED_EDGE('',*,*,#1993,.F.);
#2610=ORIENTED_EDGE('',*,*,#1994,.F.);
#2611=ORIENTED_EDGE('',*,*,#1995,.F.);
#2612=ORIENTED_EDGE('',*,*,#1996,.F.);
#2613=ORIENTED_EDGE('',*,*,#1997,.F.);
#2614=ORIENTED_EDGE('',*,*,#1998,.F.);
#2615=ORIENTED_EDGE('',*,*,#1999,.F.);
#2616=ORIENTED_EDGE('',*,*,#2000,.F.);
#2617=ORIENTED_EDGE('',*,*,#2001,.F.);
#2618=ORIENTED_EDGE('',*,*,#2002,.T.);
#2619=ORIENTED_EDGE('',*,*,#2003,.F.);
#2620=ORIENTED_EDGE('',*,*,#2004,.T.);
#2621=ORIENTED_EDGE('',*,*,#2005,.F.);
#2622=ORIENTED_EDGE('',*,*,#2006,.T.);
#2623=ORIENTED_EDGE('',*,*,#2007,.F.);
#2624=ORIENTED_EDGE('',*,*,#2008,.F.);
#2625=ORIENTED_EDGE('',*,*,#2009,.F.);
#2626=ORIENTED_EDGE('',*,*,#1992,.F.);
#2627=ORIENTED_EDGE('',*,*,#2010,.T.);
#2628=ORIENTED_EDGE('',*,*,#2011,.T.);
#2629=ORIENTED_EDGE('',*,*,#2012,.F.);
#2630=ORIENTED_EDGE('',*,*,#2011,.F.);
#2631=ORIENTED_EDGE('',*,*,#2013,.T.);
#2632=ORIENTED_EDGE('',*,*,#2014,.T.);
#2633=ORIENTED_EDGE('',*,*,#2015,.F.);
#2634=ORIENTED_EDGE('',*,*,#2014,.F.);
#2635=ORIENTED_EDGE('',*,*,#2016,.T.);
#2636=ORIENTED_EDGE('',*,*,#2017,.T.);
#2637=ORIENTED_EDGE('',*,*,#2018,.T.);
#2638=ORIENTED_EDGE('',*,*,#2019,.T.);
#2639=ORIENTED_EDGE('',*,*,#2020,.T.);
#2640=ORIENTED_EDGE('',*,*,#2021,.T.);
#2641=ORIENTED_EDGE('',*,*,#2022,.T.);
#2642=ORIENTED_EDGE('',*,*,#2023,.T.);
#2643=ORIENTED_EDGE('',*,*,#2024,.T.);
#2644=ORIENTED_EDGE('',*,*,#2025,.T.);
#2645=ORIENTED_EDGE('',*,*,#2026,.T.);
#2646=ORIENTED_EDGE('',*,*,#2027,.T.);
#2647=ORIENTED_EDGE('',*,*,#2028,.T.);
#2648=ORIENTED_EDGE('',*,*,#2029,.T.);
#2649=ORIENTED_EDGE('',*,*,#2030,.T.);
#2650=ORIENTED_EDGE('',*,*,#2031,.T.);
#2651=ORIENTED_EDGE('',*,*,#2032,.T.);
#2652=ORIENTED_EDGE('',*,*,#2033,.F.);
#2653=ORIENTED_EDGE('',*,*,#1980,.T.);
#2654=ORIENTED_EDGE('',*,*,#1983,.T.);
#2655=ORIENTED_EDGE('',*,*,#2034,.F.);
#2656=ORIENTED_EDGE('',*,*,#2035,.T.);
#2657=ORIENTED_EDGE('',*,*,#2036,.T.);
#2658=ORIENTED_EDGE('',*,*,#1966,.T.);
#2659=ORIENTED_EDGE('',*,*,#1969,.T.);
#2660=ORIENTED_EDGE('',*,*,#2037,.F.);
#2661=ORIENTED_EDGE('',*,*,#2038,.T.);
#2662=ORIENTED_EDGE('',*,*,#2039,.F.);
#2663=ORIENTED_EDGE('',*,*,#2040,.T.);
#2664=ORIENTED_EDGE('',*,*,#2041,.T.);
#2665=ORIENTED_EDGE('',*,*,#2042,.T.);
#2666=ORIENTED_EDGE('',*,*,#2043,.T.);
#2667=ORIENTED_EDGE('',*,*,#2044,.T.);
#2668=ORIENTED_EDGE('',*,*,#2045,.T.);
#2669=ORIENTED_EDGE('',*,*,#2046,.T.);
#2670=ORIENTED_EDGE('',*,*,#2047,.T.);
#2671=ORIENTED_EDGE('',*,*,#2048,.T.);
#2672=ORIENTED_EDGE('',*,*,#2049,.T.);
#2673=ORIENTED_EDGE('',*,*,#2050,.T.);
#2674=ORIENTED_EDGE('',*,*,#2051,.T.);
#2675=ORIENTED_EDGE('',*,*,#2052,.T.);
#2676=ORIENTED_EDGE('',*,*,#2053,.T.);
#2677=ORIENTED_EDGE('',*,*,#2054,.T.);
#2678=ORIENTED_EDGE('',*,*,#2055,.T.);
#2679=ORIENTED_EDGE('',*,*,#2056,.T.);
#2680=ORIENTED_EDGE('',*,*,#2057,.T.);
#2681=ORIENTED_EDGE('',*,*,#2058,.T.);
#2682=ORIENTED_EDGE('',*,*,#2059,.T.);
#2683=ORIENTED_EDGE('',*,*,#2060,.T.);
#2684=ORIENTED_EDGE('',*,*,#2061,.T.);
#2685=ORIENTED_EDGE('',*,*,#2062,.T.);
#2686=ORIENTED_EDGE('',*,*,#2063,.T.);
#2687=ORIENTED_EDGE('',*,*,#2064,.T.);
#2688=ORIENTED_EDGE('',*,*,#2065,.T.);
#2689=ORIENTED_EDGE('',*,*,#1955,.T.);
#2690=ORIENTED_EDGE('',*,*,#1948,.T.);
#2691=ORIENTED_EDGE('',*,*,#2066,.T.);
#2692=ORIENTED_EDGE('',*,*,#2067,.T.);
#2693=ORIENTED_EDGE('',*,*,#2068,.T.);
#2694=ORIENTED_EDGE('',*,*,#2069,.T.);
#2695=ORIENTED_EDGE('',*,*,#2070,.F.);
#2696=ORIENTED_EDGE('',*,*,#2071,.T.);
#2697=ORIENTED_EDGE('',*,*,#2072,.T.);
#2698=ORIENTED_EDGE('',*,*,#1994,.T.);
#2699=ORIENTED_EDGE('',*,*,#2073,.T.);
#2700=ORIENTED_EDGE('',*,*,#2008,.T.);
#2701=ORIENTED_EDGE('',*,*,#2074,.T.);
#2702=ORIENTED_EDGE('',*,*,#2075,.T.);
#2703=ORIENTED_EDGE('',*,*,#2076,.T.);
#2704=ORIENTED_EDGE('',*,*,#2077,.F.);
#2705=ORIENTED_EDGE('',*,*,#2078,.F.);
#2706=ORIENTED_EDGE('',*,*,#2079,.F.);
#2707=ORIENTED_EDGE('',*,*,#2080,.T.);
#2708=ORIENTED_EDGE('',*,*,#2081,.F.);
#2709=ORIENTED_EDGE('',*,*,#2082,.T.);
#2710=ORIENTED_EDGE('',*,*,#2083,.F.);
#2711=ORIENTED_EDGE('',*,*,#2084,.T.);
#2712=ORIENTED_EDGE('',*,*,#2085,.F.);
#2713=ORIENTED_EDGE('',*,*,#2086,.F.);
#2714=ORIENTED_EDGE('',*,*,#2087,.F.);
#2715=ORIENTED_EDGE('',*,*,#2088,.T.);
#2716=ORIENTED_EDGE('',*,*,#2089,.F.);
#2717=ORIENTED_EDGE('',*,*,#2090,.T.);
#2718=ORIENTED_EDGE('',*,*,#2091,.F.);
#2719=ORIENTED_EDGE('',*,*,#2077,.T.);
#2720=ORIENTED_EDGE('',*,*,#2092,.T.);
#2721=ORIENTED_EDGE('',*,*,#2083,.T.);
#2722=ORIENTED_EDGE('',*,*,#2093,.T.);
#2723=ORIENTED_EDGE('',*,*,#2015,.T.);
#2724=ORIENTED_EDGE('',*,*,#2085,.T.);
#2725=ORIENTED_EDGE('',*,*,#2094,.T.);
#2726=ORIENTED_EDGE('',*,*,#2091,.T.);
#2727=ORIENTED_EDGE('',*,*,#2095,.T.);
#2728=ORIENTED_EDGE('',*,*,#2012,.T.);
#2729=ORIENTED_EDGE('',*,*,#1974,.T.);
#2730=ORIENTED_EDGE('',*,*,#2096,.T.);
#2731=ORIENTED_EDGE('',*,*,#2079,.T.);
#2732=ORIENTED_EDGE('',*,*,#2097,.F.);
#2733=ORIENTED_EDGE('',*,*,#2098,.F.);
#2734=ORIENTED_EDGE('',*,*,#1985,.T.);
#2735=ORIENTED_EDGE('',*,*,#2099,.F.);
#2736=ORIENTED_EDGE('',*,*,#2080,.F.);
#2737=ORIENTED_EDGE('',*,*,#2092,.F.);
#2738=ORIENTED_EDGE('',*,*,#2076,.F.);
#2739=ORIENTED_EDGE('',*,*,#2096,.F.);
#2740=ORIENTED_EDGE('',*,*,#1987,.F.);
#2741=ORIENTED_EDGE('',*,*,#2100,.F.);
#2742=ORIENTED_EDGE('',*,*,#2081,.T.);
#2743=ORIENTED_EDGE('',*,*,#2099,.T.);
#2744=ORIENTED_EDGE('',*,*,#1984,.T.);
#2745=ORIENTED_EDGE('',*,*,#1978,.T.);
#2746=ORIENTED_EDGE('',*,*,#2101,.F.);
#2747=ORIENTED_EDGE('',*,*,#1975,.T.);
#2748=ORIENTED_EDGE('',*,*,#2097,.T.);
#2749=ORIENTED_EDGE('',*,*,#2078,.T.);
#2750=ORIENTED_EDGE('',*,*,#2093,.F.);
#2751=ORIENTED_EDGE('',*,*,#2082,.F.);
#2752=ORIENTED_EDGE('',*,*,#2100,.T.);
#2753=ORIENTED_EDGE('',*,*,#1977,.T.);
#2754=ORIENTED_EDGE('',*,*,#1960,.T.);
#2755=ORIENTED_EDGE('',*,*,#2102,.T.);
#2756=ORIENTED_EDGE('',*,*,#2087,.T.);
#2757=ORIENTED_EDGE('',*,*,#2103,.F.);
#2758=ORIENTED_EDGE('',*,*,#2104,.F.);
#2759=ORIENTED_EDGE('',*,*,#1971,.T.);
#2760=ORIENTED_EDGE('',*,*,#2105,.F.);
#2761=ORIENTED_EDGE('',*,*,#2088,.F.);
#2762=ORIENTED_EDGE('',*,*,#2094,.F.);
#2763=ORIENTED_EDGE('',*,*,#2084,.F.);
#2764=ORIENTED_EDGE('',*,*,#2102,.F.);
#2765=ORIENTED_EDGE('',*,*,#1973,.F.);
#2766=ORIENTED_EDGE('',*,*,#2106,.F.);
#2767=ORIENTED_EDGE('',*,*,#2089,.T.);
#2768=ORIENTED_EDGE('',*,*,#2105,.T.);
#2769=ORIENTED_EDGE('',*,*,#1970,.T.);
#2770=ORIENTED_EDGE('',*,*,#1964,.T.);
#2771=ORIENTED_EDGE('',*,*,#2107,.F.);
#2772=ORIENTED_EDGE('',*,*,#1961,.T.);
#2773=ORIENTED_EDGE('',*,*,#2103,.T.);
#2774=ORIENTED_EDGE('',*,*,#2086,.T.);
#2775=ORIENTED_EDGE('',*,*,#2095,.F.);
#2776=ORIENTED_EDGE('',*,*,#2090,.F.);
#2777=ORIENTED_EDGE('',*,*,#2106,.T.);
#2778=ORIENTED_EDGE('',*,*,#1963,.T.);
#2779=ORIENTED_EDGE('',*,*,#2108,.T.);
#2780=ORIENTED_EDGE('',*,*,#2109,.F.);
#2781=ORIENTED_EDGE('',*,*,#2110,.F.);
#2782=ORIENTED_EDGE('',*,*,#2111,.F.);
#2783=ORIENTED_EDGE('',*,*,#2112,.T.);
#2784=ORIENTED_EDGE('',*,*,#2113,.F.);
#2785=ORIENTED_EDGE('',*,*,#2114,.F.);
#2786=ORIENTED_EDGE('',*,*,#2115,.F.);
#2787=ORIENTED_EDGE('',*,*,#2116,.F.);
#2788=ORIENTED_EDGE('',*,*,#2117,.T.);
#2789=ORIENTED_EDGE('',*,*,#2118,.F.);
#2790=ORIENTED_EDGE('',*,*,#2119,.T.);
#2791=ORIENTED_EDGE('',*,*,#2120,.T.);
#2792=ORIENTED_EDGE('',*,*,#2121,.F.);
#2793=ORIENTED_EDGE('',*,*,#2122,.T.);
#2794=ORIENTED_EDGE('',*,*,#2116,.T.);
#2795=ORIENTED_EDGE('',*,*,#2123,.T.);
#2796=ORIENTED_EDGE('',*,*,#2124,.F.);
#2797=ORIENTED_EDGE('',*,*,#2125,.T.);
#2798=ORIENTED_EDGE('',*,*,#2126,.F.);
#2799=ORIENTED_EDGE('',*,*,#2075,.F.);
#2800=ORIENTED_EDGE('',*,*,#2127,.F.);
#2801=ORIENTED_EDGE('',*,*,#2006,.F.);
#2802=ORIENTED_EDGE('',*,*,#2128,.F.);
#2803=ORIENTED_EDGE('',*,*,#2004,.F.);
#2804=ORIENTED_EDGE('',*,*,#2129,.F.);
#2805=ORIENTED_EDGE('',*,*,#2130,.F.);
#2806=ORIENTED_EDGE('',*,*,#2131,.F.);
#2807=ORIENTED_EDGE('',*,*,#2132,.F.);
#2808=ORIENTED_EDGE('',*,*,#2133,.F.);
#2809=ORIENTED_EDGE('',*,*,#2130,.T.);
#2810=ORIENTED_EDGE('',*,*,#2134,.F.);
#2811=ORIENTED_EDGE('',*,*,#2002,.F.);
#2812=ORIENTED_EDGE('',*,*,#2135,.T.);
#2813=ORIENTED_EDGE('',*,*,#2000,.T.);
#2814=ORIENTED_EDGE('',*,*,#2136,.F.);
#2815=ORIENTED_EDGE('',*,*,#2137,.F.);
#2816=ORIENTED_EDGE('',*,*,#2138,.F.);
#2817=ORIENTED_EDGE('',*,*,#2136,.T.);
#2818=ORIENTED_EDGE('',*,*,#1999,.T.);
#2819=ORIENTED_EDGE('',*,*,#1997,.T.);
#2820=ORIENTED_EDGE('',*,*,#2139,.F.);
#2821=ORIENTED_EDGE('',*,*,#2140,.F.);
#2822=ORIENTED_EDGE('',*,*,#1995,.T.);
#2823=ORIENTED_EDGE('',*,*,#2072,.F.);
#2824=ORIENTED_EDGE('',*,*,#2073,.F.);
#2825=ORIENTED_EDGE('',*,*,#1993,.T.);
#2826=ORIENTED_EDGE('',*,*,#2009,.T.);
#2827=ORIENTED_EDGE('',*,*,#2007,.T.);
#2828=ORIENTED_EDGE('',*,*,#2127,.T.);
#2829=ORIENTED_EDGE('',*,*,#2074,.F.);
#2830=ORIENTED_EDGE('',*,*,#2128,.T.);
#2831=ORIENTED_EDGE('',*,*,#2005,.T.);
#2832=ORIENTED_EDGE('',*,*,#2003,.T.);
#2833=ORIENTED_EDGE('',*,*,#2134,.T.);
#2834=ORIENTED_EDGE('',*,*,#2129,.T.);
#2835=ORIENTED_EDGE('',*,*,#2001,.T.);
#2836=ORIENTED_EDGE('',*,*,#2135,.F.);
#2837=ORIENTED_EDGE('',*,*,#2141,.T.);
#2838=ORIENTED_EDGE('',*,*,#1949,.T.);
#2839=ORIENTED_EDGE('',*,*,#2142,.T.);
#2840=ORIENTED_EDGE('',*,*,#2115,.T.);
#2841=ORIENTED_EDGE('',*,*,#2143,.F.);
#2842=ORIENTED_EDGE('',*,*,#1957,.T.);
#2843=ORIENTED_EDGE('',*,*,#2144,.F.);
#2844=ORIENTED_EDGE('',*,*,#2108,.F.);
#2845=ORIENTED_EDGE('',*,*,#2145,.F.);
#2846=ORIENTED_EDGE('',*,*,#2112,.F.);
#2847=ORIENTED_EDGE('',*,*,#2142,.F.);
#2848=ORIENTED_EDGE('',*,*,#1959,.T.);
#2849=ORIENTED_EDGE('',*,*,#2146,.F.);
#2850=ORIENTED_EDGE('',*,*,#2109,.T.);
#2851=ORIENTED_EDGE('',*,*,#2144,.T.);
#2852=ORIENTED_EDGE('',*,*,#1956,.T.);
#2853=ORIENTED_EDGE('',*,*,#1953,.T.);
#2854=ORIENTED_EDGE('',*,*,#2147,.F.);
#2855=ORIENTED_EDGE('',*,*,#1950,.T.);
#2856=ORIENTED_EDGE('',*,*,#2141,.F.);
#2857=ORIENTED_EDGE('',*,*,#2114,.T.);
#2858=ORIENTED_EDGE('',*,*,#2148,.F.);
#2859=ORIENTED_EDGE('',*,*,#2110,.T.);
#2860=ORIENTED_EDGE('',*,*,#2146,.T.);
#2861=ORIENTED_EDGE('',*,*,#1952,.T.);
#2862=ORIENTED_EDGE('',*,*,#2149,.T.);
#2863=ORIENTED_EDGE('',*,*,#2150,.F.);
#2864=ORIENTED_EDGE('',*,*,#2151,.T.);
#2865=ORIENTED_EDGE('',*,*,#2152,.T.);
#2866=ORIENTED_EDGE('',*,*,#2149,.F.);
#2867=ORIENTED_EDGE('',*,*,#2153,.T.);
#2868=ORIENTED_EDGE('',*,*,#2119,.F.);
#2869=ORIENTED_EDGE('',*,*,#2154,.F.);
#2870=ORIENTED_EDGE('',*,*,#2155,.F.);
#2871=ORIENTED_EDGE('',*,*,#2156,.F.);
#2872=ORIENTED_EDGE('',*,*,#2157,.F.);
#2873=ORIENTED_EDGE('',*,*,#2117,.F.);
#2874=ORIENTED_EDGE('',*,*,#2122,.F.);
#2875=ORIENTED_EDGE('',*,*,#1976,.T.);
#2876=ORIENTED_EDGE('',*,*,#2101,.T.);
#2877=ORIENTED_EDGE('',*,*,#2034,.T.);
#2878=ORIENTED_EDGE('',*,*,#1982,.T.);
#2879=ORIENTED_EDGE('',*,*,#2158,.F.);
#2880=ORIENTED_EDGE('',*,*,#2159,.F.);
#2881=ORIENTED_EDGE('',*,*,#2160,.T.);
#2882=ORIENTED_EDGE('',*,*,#1986,.T.);
#2883=ORIENTED_EDGE('',*,*,#2098,.T.);
#2884=ORIENTED_EDGE('',*,*,#1962,.T.);
#2885=ORIENTED_EDGE('',*,*,#2107,.T.);
#2886=ORIENTED_EDGE('',*,*,#1972,.T.);
#2887=ORIENTED_EDGE('',*,*,#2104,.T.);
#2888=ORIENTED_EDGE('',*,*,#2036,.F.);
#2889=ORIENTED_EDGE('',*,*,#2161,.F.);
#2890=ORIENTED_EDGE('',*,*,#2162,.F.);
#2891=ORIENTED_EDGE('',*,*,#2163,.F.);
#2892=ORIENTED_EDGE('',*,*,#1967,.T.);
#2893=ORIENTED_EDGE('',*,*,#2162,.T.);
#2894=ORIENTED_EDGE('',*,*,#2164,.F.);
#2895=ORIENTED_EDGE('',*,*,#2159,.T.);
#2896=ORIENTED_EDGE('',*,*,#2165,.F.);
#2897=ORIENTED_EDGE('',*,*,#2166,.F.);
#2898=ORIENTED_EDGE('',*,*,#2167,.T.);
#2899=ORIENTED_EDGE('',*,*,#2168,.F.);
#2900=ORIENTED_EDGE('',*,*,#2169,.F.);
#2901=ORIENTED_EDGE('',*,*,#2170,.F.);
#2902=ORIENTED_EDGE('',*,*,#2171,.T.);
#2903=ORIENTED_EDGE('',*,*,#2172,.T.);
#2904=ORIENTED_EDGE('',*,*,#2173,.T.);
#2905=ORIENTED_EDGE('',*,*,#2156,.T.);
#2906=ORIENTED_EDGE('',*,*,#2121,.T.);
#2907=ORIENTED_EDGE('',*,*,#2174,.T.);
#2908=ORIENTED_EDGE('',*,*,#2175,.T.);
#2909=ORIENTED_EDGE('',*,*,#2176,.F.);
#2910=ORIENTED_EDGE('',*,*,#2177,.T.);
#2911=ORIENTED_EDGE('',*,*,#2178,.F.);
#2912=ORIENTED_EDGE('',*,*,#2179,.F.);
#2913=ORIENTED_EDGE('',*,*,#2180,.F.);
#2914=ORIENTED_EDGE('',*,*,#2181,.T.);
#2915=ORIENTED_EDGE('',*,*,#2182,.F.);
#2916=ORIENTED_EDGE('',*,*,#2167,.F.);
#2917=ORIENTED_EDGE('',*,*,#2183,.F.);
#2918=ORIENTED_EDGE('',*,*,#2184,.F.);
#2919=ORIENTED_EDGE('',*,*,#2185,.T.);
#2920=ORIENTED_EDGE('',*,*,#2010,.F.);
#2921=ORIENTED_EDGE('',*,*,#2013,.F.);
#2922=ORIENTED_EDGE('',*,*,#2186,.F.);
#2923=ORIENTED_EDGE('',*,*,#2187,.T.);
#2924=ORIENTED_EDGE('',*,*,#2188,.T.);
#2925=ORIENTED_EDGE('',*,*,#2189,.F.);
#2926=ORIENTED_EDGE('',*,*,#2190,.T.);
#2927=ORIENTED_EDGE('',*,*,#2191,.T.);
#2928=ORIENTED_EDGE('',*,*,#2192,.F.);
#2929=ORIENTED_EDGE('',*,*,#2193,.T.);
#2930=ORIENTED_EDGE('',*,*,#2194,.T.);
#2931=ORIENTED_EDGE('',*,*,#2195,.T.);
#2932=ORIENTED_EDGE('',*,*,#2192,.T.);
#2933=ORIENTED_EDGE('',*,*,#2196,.T.);
#2934=ORIENTED_EDGE('',*,*,#2189,.T.);
#2935=ORIENTED_EDGE('',*,*,#2197,.T.);
#2936=ORIENTED_EDGE('',*,*,#2113,.T.);
#2937=ORIENTED_EDGE('',*,*,#2145,.T.);
#2938=ORIENTED_EDGE('',*,*,#2111,.T.);
#2939=ORIENTED_EDGE('',*,*,#2148,.T.);
#2940=ORIENTED_EDGE('',*,*,#1990,.T.);
#2941=ORIENTED_EDGE('',*,*,#2198,.T.);
#2942=ORIENTED_EDGE('',*,*,#2199,.F.);
#2943=ORIENTED_EDGE('',*,*,#2200,.F.);
#2944=ORIENTED_EDGE('',*,*,#2201,.T.);
#2945=ORIENTED_EDGE('',*,*,#2202,.T.);
#2946=ORIENTED_EDGE('',*,*,#2203,.T.);
#2947=ORIENTED_EDGE('',*,*,#2131,.T.);
#2948=ORIENTED_EDGE('',*,*,#2133,.T.);
#2949=ORIENTED_EDGE('',*,*,#2204,.F.);
#2950=ORIENTED_EDGE('',*,*,#2205,.T.);
#2951=ORIENTED_EDGE('',*,*,#2206,.T.);
#2952=ORIENTED_EDGE('',*,*,#2124,.T.);
#2953=ORIENTED_EDGE('',*,*,#2207,.F.);
#2954=ORIENTED_EDGE('',*,*,#2208,.T.);
#2955=ORIENTED_EDGE('',*,*,#2070,.T.);
#2956=ORIENTED_EDGE('',*,*,#2126,.T.);
#2957=ORIENTED_EDGE('',*,*,#2209,.T.);
#2958=ORIENTED_EDGE('',*,*,#2210,.T.);
#2959=ORIENTED_EDGE('',*,*,#2211,.F.);
#2960=ORIENTED_EDGE('',*,*,#2212,.T.);
#2961=ORIENTED_EDGE('',*,*,#2204,.T.);
#2962=ORIENTED_EDGE('',*,*,#2137,.T.);
#2963=ORIENTED_EDGE('',*,*,#2138,.T.);
#2964=ORIENTED_EDGE('',*,*,#1998,.T.);
#2965=ORIENTED_EDGE('',*,*,#2139,.T.);
#2966=ORIENTED_EDGE('',*,*,#1996,.T.);
#2967=ORIENTED_EDGE('',*,*,#2140,.T.);
#2968=ORIENTED_EDGE('',*,*,#2071,.F.);
#2969=ORIENTED_EDGE('',*,*,#2208,.F.);
#2970=ORIENTED_EDGE('',*,*,#2213,.T.);
#2971=ORIENTED_EDGE('',*,*,#2214,.T.);
#2972=ORIENTED_EDGE('',*,*,#2215,.T.);
#2973=ORIENTED_EDGE('',*,*,#2216,.F.);
#2974=ORIENTED_EDGE('',*,*,#2217,.T.);
#2975=ORIENTED_EDGE('',*,*,#2218,.T.);
#2976=ORIENTED_EDGE('',*,*,#2219,.T.);
#2977=ORIENTED_EDGE('',*,*,#2151,.F.);
#2978=ORIENTED_EDGE('',*,*,#2220,.F.);
#2979=ORIENTED_EDGE('',*,*,#2221,.F.);
#2980=ORIENTED_EDGE('',*,*,#2222,.F.);
#2981=ORIENTED_EDGE('',*,*,#2223,.F.);
#2982=ORIENTED_EDGE('',*,*,#1951,.T.);
#2983=ORIENTED_EDGE('',*,*,#2147,.T.);
#2984=ORIENTED_EDGE('',*,*,#1958,.T.);
#2985=ORIENTED_EDGE('',*,*,#2143,.T.);
#2986=ORIENTED_EDGE('',*,*,#2224,.T.);
#2987=ORIENTED_EDGE('',*,*,#2225,.T.);
#2988=ORIENTED_EDGE('',*,*,#2226,.T.);
#2989=ORIENTED_EDGE('',*,*,#2227,.T.);
#2990=ORIENTED_EDGE('',*,*,#2221,.T.);
#2991=ORIENTED_EDGE('',*,*,#2228,.F.);
#2992=ORIENTED_EDGE('',*,*,#2229,.T.);
#2993=ORIENTED_EDGE('',*,*,#2230,.F.);
#2994=ORIENTED_EDGE('',*,*,#2228,.T.);
#2995=ORIENTED_EDGE('',*,*,#2220,.T.);
#2996=ORIENTED_EDGE('',*,*,#2150,.T.);
#2997=ORIENTED_EDGE('',*,*,#2155,.T.);
#2998=ORIENTED_EDGE('',*,*,#2231,.F.);
#2999=ORIENTED_EDGE('',*,*,#2029,.F.);
#3000=ORIENTED_EDGE('',*,*,#2232,.T.);
#3001=ORIENTED_EDGE('',*,*,#2157,.T.);
#3002=ORIENTED_EDGE('',*,*,#2176,.T.);
#3003=ORIENTED_EDGE('',*,*,#2233,.T.);
#3004=ORIENTED_EDGE('',*,*,#2180,.T.);
#3005=ORIENTED_EDGE('',*,*,#2234,.F.);
#3006=ORIENTED_EDGE('',*,*,#2030,.F.);
#3007=ORIENTED_EDGE('',*,*,#2231,.T.);
#3008=ORIENTED_EDGE('',*,*,#2154,.T.);
#3009=ORIENTED_EDGE('',*,*,#2118,.T.);
#3010=ORIENTED_EDGE('',*,*,#2031,.F.);
#3011=ORIENTED_EDGE('',*,*,#2234,.T.);
#3012=ORIENTED_EDGE('',*,*,#2179,.T.);
#3013=ORIENTED_EDGE('',*,*,#2235,.F.);
#3014=ORIENTED_EDGE('',*,*,#2183,.T.);
#3015=ORIENTED_EDGE('',*,*,#2166,.T.);
#3016=ORIENTED_EDGE('',*,*,#2236,.F.);
#3017=ORIENTED_EDGE('',*,*,#2237,.F.);
#3018=ORIENTED_EDGE('',*,*,#1981,.T.);
#3019=ORIENTED_EDGE('',*,*,#2033,.T.);
#3020=ORIENTED_EDGE('',*,*,#2238,.F.);
#3021=ORIENTED_EDGE('',*,*,#2236,.T.);
#3022=ORIENTED_EDGE('',*,*,#2165,.T.);
#3023=ORIENTED_EDGE('',*,*,#2158,.T.);
#3024=ORIENTED_EDGE('',*,*,#2164,.T.);
#3025=ORIENTED_EDGE('',*,*,#2161,.T.);
#3026=ORIENTED_EDGE('',*,*,#2035,.F.);
#3027=ORIENTED_EDGE('',*,*,#2160,.F.);
#3028=ORIENTED_EDGE('',*,*,#2239,.F.);
#3029=ORIENTED_EDGE('',*,*,#2168,.T.);
#3030=ORIENTED_EDGE('',*,*,#2182,.T.);
#3031=ORIENTED_EDGE('',*,*,#2240,.T.);
#3032=ORIENTED_EDGE('',*,*,#1968,.T.);
#3033=ORIENTED_EDGE('',*,*,#2163,.T.);
#3034=ORIENTED_EDGE('',*,*,#2169,.T.);
#3035=ORIENTED_EDGE('',*,*,#2239,.T.);
#3036=ORIENTED_EDGE('',*,*,#2241,.T.);
#3037=ORIENTED_EDGE('',*,*,#2037,.T.);
#3038=ORIENTED_EDGE('',*,*,#2242,.F.);
#3039=ORIENTED_EDGE('',*,*,#2172,.F.);
#3040=ORIENTED_EDGE('',*,*,#2243,.T.);
#3041=ORIENTED_EDGE('',*,*,#2244,.F.);
#3042=ORIENTED_EDGE('',*,*,#2245,.F.);
#3043=ORIENTED_EDGE('',*,*,#2194,.F.);
#3044=ORIENTED_EDGE('',*,*,#2244,.T.);
#3045=ORIENTED_EDGE('',*,*,#2246,.T.);
#3046=ORIENTED_EDGE('',*,*,#2247,.F.);
#3047=ORIENTED_EDGE('',*,*,#2246,.F.);
#3048=ORIENTED_EDGE('',*,*,#2243,.F.);
#3049=ORIENTED_EDGE('',*,*,#2171,.F.);
#3050=ORIENTED_EDGE('',*,*,#2248,.T.);
#3051=ORIENTED_EDGE('',*,*,#2227,.F.);
#3052=ORIENTED_EDGE('',*,*,#2249,.T.);
#3053=ORIENTED_EDGE('',*,*,#2041,.F.);
#3054=ORIENTED_EDGE('',*,*,#2250,.F.);
#3055=ORIENTED_EDGE('',*,*,#2251,.F.);
#3056=ORIENTED_EDGE('',*,*,#2039,.T.);
#3057=ORIENTED_EDGE('',*,*,#2252,.T.);
#3058=ORIENTED_EDGE('',*,*,#2253,.T.);
#3059=ORIENTED_EDGE('',*,*,#2254,.F.);
#3060=ORIENTED_EDGE('',*,*,#2253,.F.);
#3061=ORIENTED_EDGE('',*,*,#2255,.F.);
#3062=ORIENTED_EDGE('',*,*,#2256,.T.);
#3063=ORIENTED_EDGE('',*,*,#2257,.F.);
#3064=ORIENTED_EDGE('',*,*,#2177,.F.);
#3065=ORIENTED_EDGE('',*,*,#2233,.F.);
#3066=ORIENTED_EDGE('',*,*,#2175,.F.);
#3067=ORIENTED_EDGE('',*,*,#2258,.T.);
#3068=ORIENTED_EDGE('',*,*,#2187,.F.);
#3069=ORIENTED_EDGE('',*,*,#2259,.F.);
#3070=ORIENTED_EDGE('',*,*,#2256,.F.);
#3071=ORIENTED_EDGE('',*,*,#2260,.F.);
#3072=ORIENTED_EDGE('',*,*,#2185,.F.);
#3073=ORIENTED_EDGE('',*,*,#2191,.F.);
#3074=ORIENTED_EDGE('',*,*,#2261,.F.);
#3075=ORIENTED_EDGE('',*,*,#2190,.F.);
#3076=ORIENTED_EDGE('',*,*,#2196,.F.);
#3077=ORIENTED_EDGE('',*,*,#2224,.F.);
#3078=ORIENTED_EDGE('',*,*,#2248,.F.);
#3079=ORIENTED_EDGE('',*,*,#2170,.T.);
#3080=ORIENTED_EDGE('',*,*,#2262,.T.);
#3081=ORIENTED_EDGE('',*,*,#2263,.F.);
#3082=ORIENTED_EDGE('',*,*,#2264,.T.);
#3083=ORIENTED_EDGE('',*,*,#2265,.T.);
#3084=ORIENTED_EDGE('',*,*,#2266,.T.);
#3085=ORIENTED_EDGE('',*,*,#2267,.T.);
#3086=ORIENTED_EDGE('',*,*,#2214,.F.);
#3087=ORIENTED_EDGE('',*,*,#2267,.F.);
#3088=ORIENTED_EDGE('',*,*,#2268,.T.);
#3089=ORIENTED_EDGE('',*,*,#2269,.F.);
#3090=ORIENTED_EDGE('',*,*,#2270,.F.);
#3091=ORIENTED_EDGE('',*,*,#2271,.F.);
#3092=ORIENTED_EDGE('',*,*,#2215,.F.);
#3093=ORIENTED_EDGE('',*,*,#2272,.F.);
#3094=ORIENTED_EDGE('',*,*,#2273,.T.);
#3095=ORIENTED_EDGE('',*,*,#2274,.F.);
#3096=ORIENTED_EDGE('',*,*,#2198,.F.);
#3097=ORIENTED_EDGE('',*,*,#2275,.T.);
#3098=ORIENTED_EDGE('',*,*,#2276,.F.);
#3099=ORIENTED_EDGE('',*,*,#2277,.T.);
#3100=ORIENTED_EDGE('',*,*,#2199,.T.);
#3101=ORIENTED_EDGE('',*,*,#2274,.T.);
#3102=ORIENTED_EDGE('',*,*,#2278,.T.);
#3103=ORIENTED_EDGE('',*,*,#2279,.F.);
#3104=ORIENTED_EDGE('',*,*,#2280,.T.);
#3105=ORIENTED_EDGE('',*,*,#2281,.T.);
#3106=ORIENTED_EDGE('',*,*,#2282,.T.);
#3107=ORIENTED_EDGE('',*,*,#2283,.F.);
#3108=ORIENTED_EDGE('',*,*,#2284,.T.);
#3109=ORIENTED_EDGE('',*,*,#2218,.F.);
#3110=ORIENTED_EDGE('',*,*,#2285,.F.);
#3111=ORIENTED_EDGE('',*,*,#2286,.F.);
#3112=ORIENTED_EDGE('',*,*,#2287,.T.);
#3113=ORIENTED_EDGE('',*,*,#2263,.T.);
#3114=ORIENTED_EDGE('',*,*,#2288,.T.);
#3115=ORIENTED_EDGE('',*,*,#2289,.F.);
#3116=ORIENTED_EDGE('',*,*,#2290,.T.);
#3117=ORIENTED_EDGE('',*,*,#2291,.F.);
#3118=ORIENTED_EDGE('',*,*,#2292,.F.);
#3119=ORIENTED_EDGE('',*,*,#2293,.F.);
#3120=ORIENTED_EDGE('',*,*,#2294,.F.);
#3121=ORIENTED_EDGE('',*,*,#2295,.T.);
#3122=ORIENTED_EDGE('',*,*,#2296,.F.);
#3123=ORIENTED_EDGE('',*,*,#2297,.F.);
#3124=ORIENTED_EDGE('',*,*,#2296,.T.);
#3125=ORIENTED_EDGE('',*,*,#2298,.T.);
#3126=ORIENTED_EDGE('',*,*,#2299,.F.);
#3127=ORIENTED_EDGE('',*,*,#2300,.F.);
#3128=ORIENTED_EDGE('',*,*,#2299,.T.);
#3129=ORIENTED_EDGE('',*,*,#2301,.T.);
#3130=ORIENTED_EDGE('',*,*,#2302,.F.);
#3131=ORIENTED_EDGE('',*,*,#2303,.F.);
#3132=ORIENTED_EDGE('',*,*,#2302,.T.);
#3133=ORIENTED_EDGE('',*,*,#2304,.T.);
#3134=ORIENTED_EDGE('',*,*,#2305,.F.);
#3135=ORIENTED_EDGE('',*,*,#2306,.F.);
#3136=ORIENTED_EDGE('',*,*,#2305,.T.);
#3137=ORIENTED_EDGE('',*,*,#2307,.T.);
#3138=ORIENTED_EDGE('',*,*,#2308,.F.);
#3139=ORIENTED_EDGE('',*,*,#2309,.F.);
#3140=ORIENTED_EDGE('',*,*,#2308,.T.);
#3141=ORIENTED_EDGE('',*,*,#2310,.T.);
#3142=ORIENTED_EDGE('',*,*,#2294,.T.);
#3143=ORIENTED_EDGE('',*,*,#2311,.F.);
#3144=ORIENTED_EDGE('',*,*,#2312,.T.);
#3145=ORIENTED_EDGE('',*,*,#2313,.F.);
#3146=ORIENTED_EDGE('',*,*,#2280,.F.);
#3147=ORIENTED_EDGE('',*,*,#2314,.F.);
#3148=ORIENTED_EDGE('',*,*,#2275,.F.);
#3149=ORIENTED_EDGE('',*,*,#2201,.F.);
#3150=ORIENTED_EDGE('',*,*,#2315,.T.);
#3151=ORIENTED_EDGE('',*,*,#2316,.T.);
#3152=ORIENTED_EDGE('',*,*,#2317,.F.);
#3153=ORIENTED_EDGE('',*,*,#2318,.T.);
#3154=ORIENTED_EDGE('',*,*,#2319,.F.);
#3155=ORIENTED_EDGE('',*,*,#2320,.F.);
#3156=ORIENTED_EDGE('',*,*,#2321,.T.);
#3157=ORIENTED_EDGE('',*,*,#2202,.F.);
#3158=ORIENTED_EDGE('',*,*,#2322,.F.);
#3159=ORIENTED_EDGE('',*,*,#2210,.F.);
#3160=ORIENTED_EDGE('',*,*,#2323,.T.);
#3161=ORIENTED_EDGE('',*,*,#2324,.F.);
#3162=ORIENTED_EDGE('',*,*,#2325,.F.);
#3163=ORIENTED_EDGE('',*,*,#2316,.F.);
#3164=ORIENTED_EDGE('',*,*,#2326,.T.);
#3165=ORIENTED_EDGE('',*,*,#2327,.T.);
#3166=ORIENTED_EDGE('',*,*,#2328,.F.);
#3167=ORIENTED_EDGE('',*,*,#2329,.F.);
#3168=ORIENTED_EDGE('',*,*,#2330,.F.);
#3169=ORIENTED_EDGE('',*,*,#2327,.F.);
#3170=ORIENTED_EDGE('',*,*,#2331,.T.);
#3171=ORIENTED_EDGE('',*,*,#2205,.F.);
#3172=ORIENTED_EDGE('',*,*,#2212,.F.);
#3173=ORIENTED_EDGE('',*,*,#2332,.F.);
#3174=ORIENTED_EDGE('',*,*,#2333,.F.);
#3175=ORIENTED_EDGE('',*,*,#2322,.T.);
#3176=ORIENTED_EDGE('',*,*,#2332,.T.);
#3177=ORIENTED_EDGE('',*,*,#2211,.T.);
#3178=ORIENTED_EDGE('',*,*,#2334,.T.);
#3179=ORIENTED_EDGE('',*,*,#2335,.F.);
#3180=ORIENTED_EDGE('',*,*,#2334,.F.);
#3181=ORIENTED_EDGE('',*,*,#2213,.F.);
#3182=ORIENTED_EDGE('',*,*,#2207,.T.);
#3183=ORIENTED_EDGE('',*,*,#2325,.T.);
#3184=ORIENTED_EDGE('',*,*,#2336,.F.);
#3185=ORIENTED_EDGE('',*,*,#2337,.F.);
#3186=ORIENTED_EDGE('',*,*,#2329,.T.);
#3187=ORIENTED_EDGE('',*,*,#2338,.T.);
#3188=ORIENTED_EDGE('',*,*,#2339,.T.);
#3189=ORIENTED_EDGE('',*,*,#2277,.F.);
#3190=ORIENTED_EDGE('',*,*,#2340,.T.);
#3191=ORIENTED_EDGE('',*,*,#2265,.F.);
#3192=ORIENTED_EDGE('',*,*,#2217,.F.);
#3193=ORIENTED_EDGE('',*,*,#2341,.F.);
#3194=ORIENTED_EDGE('',*,*,#2342,.T.);
#3195=ORIENTED_EDGE('',*,*,#2343,.T.);
#3196=ORIENTED_EDGE('',*,*,#2344,.T.);
#3197=ORIENTED_EDGE('',*,*,#2345,.T.);
#3198=ORIENTED_EDGE('',*,*,#2346,.T.);
#3199=ORIENTED_EDGE('',*,*,#2338,.F.);
#3200=ORIENTED_EDGE('',*,*,#2331,.F.);
#3201=ORIENTED_EDGE('',*,*,#2326,.F.);
#3202=ORIENTED_EDGE('',*,*,#2315,.F.);
#3203=ORIENTED_EDGE('',*,*,#2200,.T.);
#3204=ORIENTED_EDGE('',*,*,#1991,.F.);
#3205=ORIENTED_EDGE('',*,*,#2347,.F.);
#3206=ORIENTED_EDGE('',*,*,#2348,.T.);
#3207=ORIENTED_EDGE('',*,*,#2344,.F.);
#3208=ORIENTED_EDGE('',*,*,#2349,.T.);
#3209=ORIENTED_EDGE('',*,*,#2349,.F.);
#3210=ORIENTED_EDGE('',*,*,#2343,.F.);
#3211=ORIENTED_EDGE('',*,*,#2350,.T.);
#3212=ORIENTED_EDGE('',*,*,#2351,.F.);
#3213=ORIENTED_EDGE('',*,*,#2352,.F.);
#3214=ORIENTED_EDGE('',*,*,#2350,.F.);
#3215=ORIENTED_EDGE('',*,*,#2342,.F.);
#3216=ORIENTED_EDGE('',*,*,#2353,.F.);
#3217=ORIENTED_EDGE('',*,*,#2353,.T.);
#3218=ORIENTED_EDGE('',*,*,#2341,.T.);
#3219=ORIENTED_EDGE('',*,*,#2216,.T.);
#3220=ORIENTED_EDGE('',*,*,#2271,.T.);
#3221=ORIENTED_EDGE('',*,*,#2354,.F.);
#3222=ORIENTED_EDGE('',*,*,#2292,.T.);
#3223=ORIENTED_EDGE('',*,*,#2355,.T.);
#3224=ORIENTED_EDGE('',*,*,#2356,.T.);
#3225=ORIENTED_EDGE('',*,*,#2357,.F.);
#3226=ORIENTED_EDGE('',*,*,#2358,.F.);
#3227=ORIENTED_EDGE('',*,*,#2359,.F.);
#3228=ORIENTED_EDGE('',*,*,#2360,.F.);
#3229=ORIENTED_EDGE('',*,*,#2361,.F.);
#3230=ORIENTED_EDGE('',*,*,#2358,.T.);
#3231=ORIENTED_EDGE('',*,*,#2362,.F.);
#3232=ORIENTED_EDGE('',*,*,#2363,.F.);
#3233=ORIENTED_EDGE('',*,*,#2364,.T.);
#3234=ORIENTED_EDGE('',*,*,#2365,.T.);
#3235=ORIENTED_EDGE('',*,*,#2283,.T.);
#3236=ORIENTED_EDGE('',*,*,#2366,.F.);
#3237=ORIENTED_EDGE('',*,*,#2367,.F.);
#3238=ORIENTED_EDGE('',*,*,#2362,.T.);
#3239=ORIENTED_EDGE('',*,*,#2357,.T.);
#3240=ORIENTED_EDGE('',*,*,#2223,.T.);
#3241=ORIENTED_EDGE('',*,*,#2368,.F.);
#3242=ORIENTED_EDGE('',*,*,#2366,.T.);
#3243=ORIENTED_EDGE('',*,*,#2285,.T.);
#3244=ORIENTED_EDGE('',*,*,#2042,.F.);
#3245=ORIENTED_EDGE('',*,*,#2249,.F.);
#3246=ORIENTED_EDGE('',*,*,#2226,.F.);
#3247=ORIENTED_EDGE('',*,*,#2369,.T.);
#3248=ORIENTED_EDGE('',*,*,#2232,.F.);
#3249=ORIENTED_EDGE('',*,*,#2028,.F.);
#3250=ORIENTED_EDGE('',*,*,#2370,.F.);
#3251=ORIENTED_EDGE('',*,*,#2229,.F.);
#3252=ORIENTED_EDGE('',*,*,#2237,.T.);
#3253=ORIENTED_EDGE('',*,*,#2238,.T.);
#3254=ORIENTED_EDGE('',*,*,#2032,.F.);
#3255=ORIENTED_EDGE('',*,*,#2235,.T.);
#3256=ORIENTED_EDGE('',*,*,#2178,.T.);
#3257=ORIENTED_EDGE('',*,*,#2257,.T.);
#3258=ORIENTED_EDGE('',*,*,#2184,.T.);
#3259=ORIENTED_EDGE('',*,*,#2241,.F.);
#3260=ORIENTED_EDGE('',*,*,#2240,.F.);
#3261=ORIENTED_EDGE('',*,*,#2181,.F.);
#3262=ORIENTED_EDGE('',*,*,#2260,.T.);
#3263=ORIENTED_EDGE('',*,*,#2255,.T.);
#3264=ORIENTED_EDGE('',*,*,#2252,.F.);
#3265=ORIENTED_EDGE('',*,*,#2038,.F.);
#3266=ORIENTED_EDGE('',*,*,#2261,.T.);
#3267=ORIENTED_EDGE('',*,*,#2195,.F.);
#3268=ORIENTED_EDGE('',*,*,#2245,.T.);
#3269=ORIENTED_EDGE('',*,*,#2247,.T.);
#3270=ORIENTED_EDGE('',*,*,#2250,.T.);
#3271=ORIENTED_EDGE('',*,*,#2040,.F.);
#3272=ORIENTED_EDGE('',*,*,#2251,.T.);
#3273=ORIENTED_EDGE('',*,*,#2254,.T.);
#3274=ORIENTED_EDGE('',*,*,#2259,.T.);
#3275=ORIENTED_EDGE('',*,*,#2186,.T.);
#3276=ORIENTED_EDGE('',*,*,#2371,.F.);
#3277=ORIENTED_EDGE('',*,*,#2372,.T.);
#3278=ORIENTED_EDGE('',*,*,#2264,.F.);
#3279=ORIENTED_EDGE('',*,*,#2287,.F.);
#3280=ORIENTED_EDGE('',*,*,#2373,.T.);
#3281=ORIENTED_EDGE('',*,*,#2371,.T.);
#3282=ORIENTED_EDGE('',*,*,#2286,.T.);
#3283=ORIENTED_EDGE('',*,*,#2374,.T.);
#3284=ORIENTED_EDGE('',*,*,#2311,.T.);
#3285=ORIENTED_EDGE('',*,*,#2375,.F.);
#3286=ORIENTED_EDGE('',*,*,#2376,.T.);
#3287=ORIENTED_EDGE('',*,*,#2377,.T.);
#3288=ORIENTED_EDGE('',*,*,#2378,.T.);
#3289=ORIENTED_EDGE('',*,*,#2375,.T.);
#3290=ORIENTED_EDGE('',*,*,#2319,.T.);
#3291=ORIENTED_EDGE('',*,*,#2379,.T.);
#3292=ORIENTED_EDGE('',*,*,#2276,.T.);
#3293=ORIENTED_EDGE('',*,*,#2314,.T.);
#3294=ORIENTED_EDGE('',*,*,#2279,.T.);
#3295=ORIENTED_EDGE('',*,*,#2380,.T.);
#3296=ORIENTED_EDGE('',*,*,#2278,.F.);
#3297=ORIENTED_EDGE('',*,*,#2273,.F.);
#3298=ORIENTED_EDGE('',*,*,#2381,.T.);
#3299=ORIENTED_EDGE('',*,*,#2268,.F.);
#3300=ORIENTED_EDGE('',*,*,#2266,.F.);
#3301=ORIENTED_EDGE('',*,*,#2340,.F.);
#3302=ORIENTED_EDGE('',*,*,#2310,.F.);
#3303=ORIENTED_EDGE('',*,*,#2307,.F.);
#3304=ORIENTED_EDGE('',*,*,#2304,.F.);
#3305=ORIENTED_EDGE('',*,*,#2301,.F.);
#3306=ORIENTED_EDGE('',*,*,#2298,.F.);
#3307=ORIENTED_EDGE('',*,*,#2295,.F.);
#3308=ORIENTED_EDGE('',*,*,#2382,.T.);
#3309=ORIENTED_EDGE('',*,*,#2289,.T.);
#3310=ORIENTED_EDGE('',*,*,#2354,.T.);
#3311=ORIENTED_EDGE('',*,*,#2270,.T.);
#3312=ORIENTED_EDGE('',*,*,#2383,.T.);
#3313=ORIENTED_EDGE('',*,*,#2384,.T.);
#3314=ORIENTED_EDGE('',*,*,#2385,.T.);
#3315=ORIENTED_EDGE('',*,*,#2281,.F.);
#3316=ORIENTED_EDGE('',*,*,#2313,.T.);
#3317=ORIENTED_EDGE('',*,*,#2386,.T.);
#3318=ORIENTED_EDGE('',*,*,#2387,.F.);
#3319=ORIENTED_EDGE('',*,*,#2388,.T.);
#3320=ORIENTED_EDGE('',*,*,#2380,.F.);
#3321=ORIENTED_EDGE('',*,*,#2282,.F.);
#3322=ORIENTED_EDGE('',*,*,#2385,.F.);
#3323=ORIENTED_EDGE('',*,*,#2389,.T.);
#3324=ORIENTED_EDGE('',*,*,#2288,.F.);
#3325=ORIENTED_EDGE('',*,*,#2262,.F.);
#3326=ORIENTED_EDGE('',*,*,#2173,.F.);
#3327=ORIENTED_EDGE('',*,*,#2242,.T.);
#3328=ORIENTED_EDGE('',*,*,#2193,.F.);
#3329=ORIENTED_EDGE('',*,*,#2197,.F.);
#3330=ORIENTED_EDGE('',*,*,#2188,.F.);
#3331=ORIENTED_EDGE('',*,*,#2258,.F.);
#3332=ORIENTED_EDGE('',*,*,#2174,.F.);
#3333=ORIENTED_EDGE('',*,*,#2123,.F.);
#3334=ORIENTED_EDGE('',*,*,#2120,.F.);
#3335=ORIENTED_EDGE('',*,*,#2153,.F.);
#3336=ORIENTED_EDGE('',*,*,#2152,.F.);
#3337=ORIENTED_EDGE('',*,*,#2219,.F.);
#3338=ORIENTED_EDGE('',*,*,#2284,.F.);
#3339=ORIENTED_EDGE('',*,*,#2365,.F.);
#3340=ORIENTED_EDGE('',*,*,#2356,.F.);
#3341=ORIENTED_EDGE('',*,*,#2390,.F.);
#3342=ORIENTED_EDGE('',*,*,#2391,.T.);
#3343=ORIENTED_EDGE('',*,*,#2386,.F.);
#3344=ORIENTED_EDGE('',*,*,#2312,.F.);
#3345=ORIENTED_EDGE('',*,*,#2374,.F.);
#3346=ORIENTED_EDGE('',*,*,#1988,.F.);
#3347=ORIENTED_EDGE('',*,*,#2392,.T.);
#3348=ORIENTED_EDGE('',*,*,#2393,.T.);
#3349=ORIENTED_EDGE('',*,*,#2390,.T.);
#3350=ORIENTED_EDGE('',*,*,#2355,.F.);
#3351=ORIENTED_EDGE('',*,*,#2291,.T.);
#3352=ORIENTED_EDGE('',*,*,#2382,.F.);
#3353=ORIENTED_EDGE('',*,*,#2394,.T.);
#3354=ORIENTED_EDGE('',*,*,#2395,.T.);
#3355=ORIENTED_EDGE('',*,*,#2396,.T.);
#3356=ORIENTED_EDGE('',*,*,#2392,.F.);
#3357=ORIENTED_EDGE('',*,*,#2290,.F.);
#3358=ORIENTED_EDGE('',*,*,#2306,.T.);
#3359=ORIENTED_EDGE('',*,*,#2309,.T.);
#3360=ORIENTED_EDGE('',*,*,#2293,.T.);
#3361=ORIENTED_EDGE('',*,*,#2297,.T.);
#3362=ORIENTED_EDGE('',*,*,#2300,.T.);
#3363=ORIENTED_EDGE('',*,*,#2303,.T.);
#3364=ORIENTED_EDGE('',*,*,#1946,.T.);
#3365=ORIENTED_EDGE('',*,*,#2376,.F.);
#3366=ORIENTED_EDGE('',*,*,#2318,.F.);
#3367=ORIENTED_EDGE('',*,*,#2397,.F.);
#3368=ORIENTED_EDGE('',*,*,#2018,.F.);
#3369=ORIENTED_EDGE('',*,*,#2398,.T.);
#3370=ORIENTED_EDGE('',*,*,#2399,.F.);
#3371=ORIENTED_EDGE('',*,*,#2323,.F.);
#3372=ORIENTED_EDGE('',*,*,#2209,.F.);
#3373=ORIENTED_EDGE('',*,*,#2125,.F.);
#3374=ORIENTED_EDGE('',*,*,#2206,.F.);
#3375=ORIENTED_EDGE('',*,*,#2132,.T.);
#3376=ORIENTED_EDGE('',*,*,#2203,.F.);
#3377=ORIENTED_EDGE('',*,*,#2321,.F.);
#3378=ORIENTED_EDGE('',*,*,#2400,.F.);
#3379=ORIENTED_EDGE('',*,*,#2020,.F.);
#3380=ORIENTED_EDGE('',*,*,#2324,.T.);
#3381=ORIENTED_EDGE('',*,*,#2399,.T.);
#3382=ORIENTED_EDGE('',*,*,#2019,.F.);
#3383=ORIENTED_EDGE('',*,*,#2397,.T.);
#3384=ORIENTED_EDGE('',*,*,#2317,.T.);
#3385=ORIENTED_EDGE('',*,*,#2328,.T.);
#3386=ORIENTED_EDGE('',*,*,#2330,.T.);
#3387=ORIENTED_EDGE('',*,*,#2337,.T.);
#3388=ORIENTED_EDGE('',*,*,#2401,.T.);
#3389=ORIENTED_EDGE('',*,*,#2021,.F.);
#3390=ORIENTED_EDGE('',*,*,#2400,.T.);
#3391=ORIENTED_EDGE('',*,*,#2320,.T.);
#3392=ORIENTED_EDGE('',*,*,#2333,.T.);
#3393=ORIENTED_EDGE('',*,*,#2335,.T.);
#3394=ORIENTED_EDGE('',*,*,#2336,.T.);
#3395=ORIENTED_EDGE('',*,*,#2339,.F.);
#3396=ORIENTED_EDGE('',*,*,#2346,.F.);
#3397=ORIENTED_EDGE('',*,*,#2402,.T.);
#3398=ORIENTED_EDGE('',*,*,#2022,.F.);
#3399=ORIENTED_EDGE('',*,*,#2401,.F.);
#3400=ORIENTED_EDGE('',*,*,#2345,.F.);
#3401=ORIENTED_EDGE('',*,*,#2348,.F.);
#3402=ORIENTED_EDGE('',*,*,#2403,.F.);
#3403=ORIENTED_EDGE('',*,*,#2023,.F.);
#3404=ORIENTED_EDGE('',*,*,#2402,.F.);
#3405=ORIENTED_EDGE('',*,*,#2404,.F.);
#3406=ORIENTED_EDGE('',*,*,#2024,.F.);
#3407=ORIENTED_EDGE('',*,*,#2403,.T.);
#3408=ORIENTED_EDGE('',*,*,#2347,.T.);
#3409=ORIENTED_EDGE('',*,*,#2351,.T.);
#3410=ORIENTED_EDGE('',*,*,#2352,.T.);
#3411=ORIENTED_EDGE('',*,*,#2360,.T.);
#3412=ORIENTED_EDGE('',*,*,#2361,.T.);
#3413=ORIENTED_EDGE('',*,*,#2405,.T.);
#3414=ORIENTED_EDGE('',*,*,#2025,.F.);
#3415=ORIENTED_EDGE('',*,*,#2404,.T.);
#3416=ORIENTED_EDGE('',*,*,#2359,.T.);
#3417=ORIENTED_EDGE('',*,*,#2405,.F.);
#3418=ORIENTED_EDGE('',*,*,#2364,.F.);
#3419=ORIENTED_EDGE('',*,*,#2406,.F.);
#3420=ORIENTED_EDGE('',*,*,#2026,.F.);
#3421=ORIENTED_EDGE('',*,*,#2368,.T.);
#3422=ORIENTED_EDGE('',*,*,#2222,.T.);
#3423=ORIENTED_EDGE('',*,*,#2230,.T.);
#3424=ORIENTED_EDGE('',*,*,#2370,.T.);
#3425=ORIENTED_EDGE('',*,*,#2027,.F.);
#3426=ORIENTED_EDGE('',*,*,#2406,.T.);
#3427=ORIENTED_EDGE('',*,*,#2363,.T.);
#3428=ORIENTED_EDGE('',*,*,#2367,.T.);
#3429=ORIENTED_EDGE('',*,*,#2407,.T.);
#3430=ORIENTED_EDGE('',*,*,#2016,.F.);
#3431=ORIENTED_EDGE('',*,*,#2369,.F.);
#3432=ORIENTED_EDGE('',*,*,#2225,.F.);
#3433=ORIENTED_EDGE('',*,*,#2372,.F.);
#3434=ORIENTED_EDGE('',*,*,#2373,.F.);
#3435=ORIENTED_EDGE('',*,*,#2378,.F.);
#3436=ORIENTED_EDGE('',*,*,#2377,.F.);
#3437=ORIENTED_EDGE('',*,*,#2398,.F.);
#3438=ORIENTED_EDGE('',*,*,#2017,.F.);
#3439=ORIENTED_EDGE('',*,*,#2407,.F.);
#3440=ORIENTED_EDGE('',*,*,#2394,.F.);
#3441=ORIENTED_EDGE('',*,*,#2383,.F.);
#3442=ORIENTED_EDGE('',*,*,#2269,.T.);
#3443=ORIENTED_EDGE('',*,*,#2381,.F.);
#3444=ORIENTED_EDGE('',*,*,#2272,.T.);
#3445=ORIENTED_EDGE('',*,*,#2379,.F.);
#3446=ORIENTED_EDGE('',*,*,#2388,.F.);
#3447=ORIENTED_EDGE('',*,*,#2408,.F.);
#3448=ORIENTED_EDGE('',*,*,#2068,.F.);
#3449=ORIENTED_EDGE('',*,*,#2409,.T.);
#3450=ORIENTED_EDGE('',*,*,#2410,.T.);
#3451=ORIENTED_EDGE('',*,*,#2069,.F.);
#3452=ORIENTED_EDGE('',*,*,#2408,.T.);
#3453=ORIENTED_EDGE('',*,*,#2387,.T.);
#3454=ORIENTED_EDGE('',*,*,#2396,.F.);
#3455=ORIENTED_EDGE('',*,*,#2411,.T.);
#3456=ORIENTED_EDGE('',*,*,#2066,.F.);
#3457=ORIENTED_EDGE('',*,*,#2410,.F.);
#3458=ORIENTED_EDGE('',*,*,#2389,.F.);
#3459=ORIENTED_EDGE('',*,*,#2384,.F.);
#3460=ORIENTED_EDGE('',*,*,#2391,.F.);
#3461=ORIENTED_EDGE('',*,*,#2393,.F.);
#3462=ORIENTED_EDGE('',*,*,#2411,.F.);
#3463=ORIENTED_EDGE('',*,*,#2395,.F.);
#3464=ORIENTED_EDGE('',*,*,#2409,.F.);
#3465=ORIENTED_EDGE('',*,*,#2067,.F.);
#3466=ORIENTED_EDGE('',*,*,#2056,.F.);
#3467=ORIENTED_EDGE('',*,*,#2412,.F.);
#3468=ORIENTED_EDGE('',*,*,#2413,.T.);
#3469=ORIENTED_EDGE('',*,*,#2414,.T.);
#3470=ORIENTED_EDGE('',*,*,#2057,.F.);
#3471=ORIENTED_EDGE('',*,*,#2414,.F.);
#3472=ORIENTED_EDGE('',*,*,#2415,.T.);
#3473=ORIENTED_EDGE('',*,*,#2416,.T.);
#3474=ORIENTED_EDGE('',*,*,#2058,.F.);
#3475=ORIENTED_EDGE('',*,*,#2416,.F.);
#3476=ORIENTED_EDGE('',*,*,#2417,.T.);
#3477=ORIENTED_EDGE('',*,*,#2418,.T.);
#3478=ORIENTED_EDGE('',*,*,#2059,.F.);
#3479=ORIENTED_EDGE('',*,*,#2418,.F.);
#3480=ORIENTED_EDGE('',*,*,#2419,.T.);
#3481=ORIENTED_EDGE('',*,*,#2420,.T.);
#3482=ORIENTED_EDGE('',*,*,#2060,.F.);
#3483=ORIENTED_EDGE('',*,*,#2420,.F.);
#3484=ORIENTED_EDGE('',*,*,#2421,.T.);
#3485=ORIENTED_EDGE('',*,*,#2422,.T.);
#3486=ORIENTED_EDGE('',*,*,#2061,.F.);
#3487=ORIENTED_EDGE('',*,*,#2422,.F.);
#3488=ORIENTED_EDGE('',*,*,#2423,.T.);
#3489=ORIENTED_EDGE('',*,*,#2424,.T.);
#3490=ORIENTED_EDGE('',*,*,#2062,.F.);
#3491=ORIENTED_EDGE('',*,*,#2424,.F.);
#3492=ORIENTED_EDGE('',*,*,#2425,.T.);
#3493=ORIENTED_EDGE('',*,*,#2426,.T.);
#3494=ORIENTED_EDGE('',*,*,#2063,.F.);
#3495=ORIENTED_EDGE('',*,*,#2426,.F.);
#3496=ORIENTED_EDGE('',*,*,#2427,.T.);
#3497=ORIENTED_EDGE('',*,*,#2428,.T.);
#3498=ORIENTED_EDGE('',*,*,#2064,.F.);
#3499=ORIENTED_EDGE('',*,*,#2428,.F.);
#3500=ORIENTED_EDGE('',*,*,#2429,.T.);
#3501=ORIENTED_EDGE('',*,*,#2430,.T.);
#3502=ORIENTED_EDGE('',*,*,#2065,.F.);
#3503=ORIENTED_EDGE('',*,*,#2430,.F.);
#3504=ORIENTED_EDGE('',*,*,#2431,.T.);
#3505=ORIENTED_EDGE('',*,*,#2432,.T.);
#3506=ORIENTED_EDGE('',*,*,#2055,.F.);
#3507=ORIENTED_EDGE('',*,*,#2432,.F.);
#3508=ORIENTED_EDGE('',*,*,#2433,.T.);
#3509=ORIENTED_EDGE('',*,*,#2412,.T.);
#3510=ORIENTED_EDGE('',*,*,#2413,.F.);
#3511=ORIENTED_EDGE('',*,*,#2433,.F.);
#3512=ORIENTED_EDGE('',*,*,#2431,.F.);
#3513=ORIENTED_EDGE('',*,*,#2429,.F.);
#3514=ORIENTED_EDGE('',*,*,#2427,.F.);
#3515=ORIENTED_EDGE('',*,*,#2425,.F.);
#3516=ORIENTED_EDGE('',*,*,#2423,.F.);
#3517=ORIENTED_EDGE('',*,*,#2421,.F.);
#3518=ORIENTED_EDGE('',*,*,#2419,.F.);
#3519=ORIENTED_EDGE('',*,*,#2417,.F.);
#3520=ORIENTED_EDGE('',*,*,#2415,.F.);
#3521=ORIENTED_EDGE('',*,*,#2434,.F.);
#3522=ORIENTED_EDGE('',*,*,#2435,.F.);
#3523=ORIENTED_EDGE('',*,*,#2436,.F.);
#3524=ORIENTED_EDGE('',*,*,#2437,.F.);
#3525=ORIENTED_EDGE('',*,*,#2438,.F.);
#3526=ORIENTED_EDGE('',*,*,#2434,.T.);
#3527=ORIENTED_EDGE('',*,*,#2439,.T.);
#3528=ORIENTED_EDGE('',*,*,#2440,.F.);
#3529=ORIENTED_EDGE('',*,*,#2441,.F.);
#3530=ORIENTED_EDGE('',*,*,#2435,.T.);
#3531=ORIENTED_EDGE('',*,*,#2438,.T.);
#3532=ORIENTED_EDGE('',*,*,#2442,.F.);
#3533=ORIENTED_EDGE('',*,*,#2439,.F.);
#3534=ORIENTED_EDGE('',*,*,#2436,.T.);
#3535=ORIENTED_EDGE('',*,*,#2441,.T.);
#3536=ORIENTED_EDGE('',*,*,#2044,.F.);
#3537=ORIENTED_EDGE('',*,*,#2443,.F.);
#3538=ORIENTED_EDGE('',*,*,#2444,.T.);
#3539=ORIENTED_EDGE('',*,*,#2445,.T.);
#3540=ORIENTED_EDGE('',*,*,#2045,.F.);
#3541=ORIENTED_EDGE('',*,*,#2445,.F.);
#3542=ORIENTED_EDGE('',*,*,#2446,.T.);
#3543=ORIENTED_EDGE('',*,*,#2447,.T.);
#3544=ORIENTED_EDGE('',*,*,#2046,.F.);
#3545=ORIENTED_EDGE('',*,*,#2447,.F.);
#3546=ORIENTED_EDGE('',*,*,#2448,.T.);
#3547=ORIENTED_EDGE('',*,*,#2449,.T.);
#3548=ORIENTED_EDGE('',*,*,#2047,.F.);
#3549=ORIENTED_EDGE('',*,*,#2449,.F.);
#3550=ORIENTED_EDGE('',*,*,#2450,.T.);
#3551=ORIENTED_EDGE('',*,*,#2451,.T.);
#3552=ORIENTED_EDGE('',*,*,#2048,.F.);
#3553=ORIENTED_EDGE('',*,*,#2451,.F.);
#3554=ORIENTED_EDGE('',*,*,#2452,.T.);
#3555=ORIENTED_EDGE('',*,*,#2453,.T.);
#3556=ORIENTED_EDGE('',*,*,#2049,.F.);
#3557=ORIENTED_EDGE('',*,*,#2453,.F.);
#3558=ORIENTED_EDGE('',*,*,#2454,.T.);
#3559=ORIENTED_EDGE('',*,*,#2455,.T.);
#3560=ORIENTED_EDGE('',*,*,#2050,.F.);
#3561=ORIENTED_EDGE('',*,*,#2455,.F.);
#3562=ORIENTED_EDGE('',*,*,#2456,.T.);
#3563=ORIENTED_EDGE('',*,*,#2457,.T.);
#3564=ORIENTED_EDGE('',*,*,#2051,.F.);
#3565=ORIENTED_EDGE('',*,*,#2457,.F.);
#3566=ORIENTED_EDGE('',*,*,#2458,.T.);
#3567=ORIENTED_EDGE('',*,*,#2459,.T.);
#3568=ORIENTED_EDGE('',*,*,#2052,.F.);
#3569=ORIENTED_EDGE('',*,*,#2459,.F.);
#3570=ORIENTED_EDGE('',*,*,#2460,.T.);
#3571=ORIENTED_EDGE('',*,*,#2461,.T.);
#3572=ORIENTED_EDGE('',*,*,#2053,.F.);
#3573=ORIENTED_EDGE('',*,*,#2461,.F.);
#3574=ORIENTED_EDGE('',*,*,#2462,.T.);
#3575=ORIENTED_EDGE('',*,*,#2463,.T.);
#3576=ORIENTED_EDGE('',*,*,#2054,.F.);
#3577=ORIENTED_EDGE('',*,*,#2463,.F.);
#3578=ORIENTED_EDGE('',*,*,#2464,.T.);
#3579=ORIENTED_EDGE('',*,*,#2465,.T.);
#3580=ORIENTED_EDGE('',*,*,#2043,.F.);
#3581=ORIENTED_EDGE('',*,*,#2465,.F.);
#3582=ORIENTED_EDGE('',*,*,#2466,.T.);
#3583=ORIENTED_EDGE('',*,*,#2443,.T.);
#3584=ORIENTED_EDGE('',*,*,#2444,.F.);
#3585=ORIENTED_EDGE('',*,*,#2466,.F.);
#3586=ORIENTED_EDGE('',*,*,#2464,.F.);
#3587=ORIENTED_EDGE('',*,*,#2462,.F.);
#3588=ORIENTED_EDGE('',*,*,#2460,.F.);
#3589=ORIENTED_EDGE('',*,*,#2458,.F.);
#3590=ORIENTED_EDGE('',*,*,#2456,.F.);
#3591=ORIENTED_EDGE('',*,*,#2454,.F.);
#3592=ORIENTED_EDGE('',*,*,#2452,.F.);
#3593=ORIENTED_EDGE('',*,*,#2450,.F.);
#3594=ORIENTED_EDGE('',*,*,#2448,.F.);
#3595=ORIENTED_EDGE('',*,*,#2446,.F.);
#3596=ORIENTED_EDGE('',*,*,#2467,.F.);
#3597=ORIENTED_EDGE('',*,*,#2468,.F.);
#3598=ORIENTED_EDGE('',*,*,#2469,.F.);
#3599=ORIENTED_EDGE('',*,*,#2470,.F.);
#3600=ORIENTED_EDGE('',*,*,#2471,.F.);
#3601=ORIENTED_EDGE('',*,*,#2472,.F.);
#3602=ORIENTED_EDGE('',*,*,#2473,.F.);
#3603=ORIENTED_EDGE('',*,*,#2474,.F.);
#3604=ORIENTED_EDGE('',*,*,#2472,.T.);
#3605=ORIENTED_EDGE('',*,*,#2475,.T.);
#3606=ORIENTED_EDGE('',*,*,#2476,.F.);
#3607=ORIENTED_EDGE('',*,*,#2477,.F.);
#3608=ORIENTED_EDGE('',*,*,#2467,.T.);
#3609=ORIENTED_EDGE('',*,*,#2474,.T.);
#3610=ORIENTED_EDGE('',*,*,#2478,.F.);
#3611=ORIENTED_EDGE('',*,*,#2479,.F.);
#3612=ORIENTED_EDGE('',*,*,#2468,.T.);
#3613=ORIENTED_EDGE('',*,*,#2477,.T.);
#3614=ORIENTED_EDGE('',*,*,#2480,.F.);
#3615=ORIENTED_EDGE('',*,*,#2481,.F.);
#3616=ORIENTED_EDGE('',*,*,#2469,.T.);
#3617=ORIENTED_EDGE('',*,*,#2479,.T.);
#3618=ORIENTED_EDGE('',*,*,#2482,.F.);
#3619=ORIENTED_EDGE('',*,*,#2483,.F.);
#3620=ORIENTED_EDGE('',*,*,#2470,.T.);
#3621=ORIENTED_EDGE('',*,*,#2481,.T.);
#3622=ORIENTED_EDGE('',*,*,#2484,.F.);
#3623=ORIENTED_EDGE('',*,*,#2475,.F.);
#3624=ORIENTED_EDGE('',*,*,#2471,.T.);
#3625=ORIENTED_EDGE('',*,*,#2483,.T.);
#3626=ORIENTED_EDGE('',*,*,#2440,.T.);
#3627=ORIENTED_EDGE('',*,*,#2437,.T.);
#3628=ORIENTED_EDGE('',*,*,#2442,.T.);
#3629=ORIENTED_EDGE('',*,*,#2476,.T.);
#3630=ORIENTED_EDGE('',*,*,#2473,.T.);
#3631=ORIENTED_EDGE('',*,*,#2484,.T.);
#3632=ORIENTED_EDGE('',*,*,#2482,.T.);
#3633=ORIENTED_EDGE('',*,*,#2480,.T.);
#3634=ORIENTED_EDGE('',*,*,#2478,.T.);
#3635=PLANE('',#4033);
#3636=PLANE('',#4034);
#3637=PLANE('',#4035);
#3638=PLANE('',#4036);
#3639=PLANE('',#4037);
#3640=PLANE('',#4038);
#3641=PLANE('',#4039);
#3642=PLANE('',#4040);
#3643=PLANE('',#4041);
#3644=PLANE('',#4042);
#3645=PLANE('',#4043);
#3646=PLANE('',#4044);
#3647=PLANE('',#4045);
#3648=PLANE('',#4046);
#3649=PLANE('',#4047);
#3650=PLANE('',#4048);
#3651=PLANE('',#4049);
#3652=PLANE('',#4050);
#3653=PLANE('',#4099);
#3654=PLANE('',#4105);
#3655=PLANE('',#4106);
#3656=PLANE('',#4107);
#3657=PLANE('',#4108);
#3658=PLANE('',#4109);
#3659=PLANE('',#4110);
#3660=PLANE('',#4111);
#3661=PLANE('',#4112);
#3662=PLANE('',#4113);
#3663=PLANE('',#4114);
#3664=PLANE('',#4115);
#3665=PLANE('',#4116);
#3666=PLANE('',#4117);
#3667=PLANE('',#4118);
#3668=PLANE('',#4119);
#3669=PLANE('',#4120);
#3670=PLANE('',#4121);
#3671=PLANE('',#4122);
#3672=PLANE('',#4125);
#3673=PLANE('',#4126);
#3674=PLANE('',#4127);
#3675=PLANE('',#4128);
#3676=PLANE('',#4129);
#3677=PLANE('',#4130);
#3678=PLANE('',#4131);
#3679=PLANE('',#4132);
#3680=PLANE('',#4133);
#3681=PLANE('',#4134);
#3682=PLANE('',#4135);
#3683=PLANE('',#4136);
#3684=PLANE('',#4137);
#3685=PLANE('',#4138);
#3686=PLANE('',#4139);
#3687=PLANE('',#4140);
#3688=PLANE('',#4148);
#3689=PLANE('',#4149);
#3690=PLANE('',#4150);
#3691=PLANE('',#4151);
#3692=PLANE('',#4152);
#3693=PLANE('',#4153);
#3694=PLANE('',#4154);
#3695=PLANE('',#4155);
#3696=PLANE('',#4157);
#3697=PLANE('',#4159);
#3698=PLANE('',#4160);
#3699=PLANE('',#4161);
#3700=PLANE('',#4164);
#3701=PLANE('',#4167);
#3702=PLANE('',#4168);
#3703=PLANE('',#4172);
#3704=PLANE('',#4174);
#3705=PLANE('',#4176);
#3706=PLANE('',#4178);
#3707=PLANE('',#4182);
#3708=PLANE('',#4183);
#3709=PLANE('',#4184);
#3710=PLANE('',#4185);
#3711=PLANE('',#4186);
#3712=PLANE('',#4187);
#3713=PLANE('',#4188);
#3714=PLANE('',#4190);
#3715=PLANE('',#4191);
#3716=PLANE('',#4192);
#3717=PLANE('',#4193);
#3718=PLANE('',#4194);
#3719=PLANE('',#4195);
#3720=PLANE('',#4200);
#3721=PLANE('',#4201);
#3722=PLANE('',#4202);
#3723=PLANE('',#4203);
#3724=PLANE('',#4210);
#3725=PLANE('',#4211);
#3726=PLANE('',#4213);
#3727=PLANE('',#4215);
#3728=PLANE('',#4217);
#3729=PLANE('',#4219);
#3730=PLANE('',#4220);
#3731=PLANE('',#4221);
#3732=PLANE('',#4222);
#3733=PLANE('',#4223);
#3734=PLANE('',#4225);
#3735=PLANE('',#4227);
#3736=PLANE('',#4228);
#3737=PLANE('',#4230);
#3738=PLANE('',#4232);
#3739=PLANE('',#4233);
#3740=PLANE('',#4234);
#3741=PLANE('',#4235);
#3742=PLANE('',#4236);
#3743=PLANE('',#4237);
#3744=PLANE('',#4238);
#3745=PLANE('',#4239);
#3746=PLANE('',#4240);
#3747=PLANE('',#4241);
#3748=PLANE('',#4242);
#3749=PLANE('',#4245);
#3750=PLANE('',#4246);
#3751=PLANE('',#4247);
#3752=PLANE('',#4248);
#3753=PLANE('',#4249);
#3754=PLANE('',#4250);
#3755=PLANE('',#4251);
#3756=PLANE('',#4252);
#3757=PLANE('',#4253);
#3758=PLANE('',#4254);
#3759=PLANE('',#4255);
#3760=PLANE('',#4256);
#3761=PLANE('',#4257);
#3762=PLANE('',#4258);
#3763=PLANE('',#4259);
#3764=PLANE('',#4260);
#3765=PLANE('',#4262);
#3766=PLANE('',#4263);
#3767=PLANE('',#4264);
#3768=PLANE('',#4267);
#3769=PLANE('',#4269);
#3770=PLANE('',#4270);
#3771=PLANE('',#4273);
#3772=PLANE('',#4274);
#3773=PLANE('',#4278);
#3774=PLANE('',#4284);
#3775=PLANE('',#4285);
#3776=PLANE('',#4286);
#3777=PLANE('',#4287);
#3778=PLANE('',#4288);
#3779=PLANE('',#4289);
#3780=PLANE('',#4291);
#3781=PLANE('',#4293);
#3782=PLANE('',#4294);
#3783=PLANE('',#4295);
#3784=PLANE('',#4296);
#3785=PLANE('',#4297);
#3786=PLANE('',#4298);
#3787=PLANE('',#4299);
#3788=PLANE('',#4300);
#3789=PLANE('',#4301);
#3790=PLANE('',#4302);
#3791=PLANE('',#4303);
#3792=PLANE('',#4304);
#3793=PLANE('',#4305);
#3794=PLANE('',#4306);
#3795=PLANE('',#4307);
#3796=PLANE('',#4308);
#3797=PLANE('',#4309);
#3798=PLANE('',#4310);
#3799=PLANE('',#4311);
#3800=PLANE('',#4312);
#3801=PLANE('',#4313);
#3802=PLANE('',#4314);
#3803=PLANE('',#4315);
#3804=PLANE('',#4316);
#3805=PLANE('',#4317);
#3806=PLANE('',#4318);
#3807=PLANE('',#4319);
#3808=PLANE('',#4320);
#3809=PLANE('',#4321);
#3810=PLANE('',#4322);
#3811=ADVANCED_FACE('',(#169),#3635,.T.);
#3812=ADVANCED_FACE('',(#170),#3636,.F.);
#3813=ADVANCED_FACE('',(#171),#3637,.F.);
#3814=ADVANCED_FACE('',(#172),#3638,.T.);
#3815=ADVANCED_FACE('',(#173),#3639,.T.);
#3816=ADVANCED_FACE('',(#174),#3640,.F.);
#3817=ADVANCED_FACE('',(#175),#3641,.T.);
#3818=ADVANCED_FACE('',(#176),#3642,.F.);
#3819=ADVANCED_FACE('',(#177),#3643,.F.);
#3820=ADVANCED_FACE('',(#178),#3644,.T.);
#3821=ADVANCED_FACE('',(#179),#3645,.T.);
#3822=ADVANCED_FACE('',(#180),#3646,.F.);
#3823=ADVANCED_FACE('',(#181),#3647,.T.);
#3824=ADVANCED_FACE('',(#182),#3648,.F.);
#3825=ADVANCED_FACE('',(#183),#3649,.F.);
#3826=ADVANCED_FACE('',(#184),#3650,.T.);
#3827=ADVANCED_FACE('',(#185),#3651,.T.);
#3828=ADVANCED_FACE('',(#186),#3652,.F.);
#3829=ADVANCED_FACE('',(#187),#145,.F.);
#3830=ADVANCED_FACE('',(#188),#146,.F.);
#3831=ADVANCED_FACE('',(#189),#147,.F.);
#3832=ADVANCED_FACE('',(#190),#148,.F.);
#3833=ADVANCED_FACE('',(#191),#149,.F.);
#3834=ADVANCED_FACE('',(#192),#150,.F.);
#3835=ADVANCED_FACE('',(#193),#151,.F.);
#3836=ADVANCED_FACE('',(#194),#152,.F.);
#3837=ADVANCED_FACE('',(#195,#21,#22,#23,#24,#25),#3653,.T.);
#3838=ADVANCED_FACE('',(#196),#3654,.T.);
#3839=ADVANCED_FACE('',(#197),#3655,.F.);
#3840=ADVANCED_FACE('',(#198),#3656,.T.);
#3841=ADVANCED_FACE('',(#199),#3657,.F.);
#3842=ADVANCED_FACE('',(#200),#3658,.T.);
#3843=ADVANCED_FACE('',(#201,#26),#3659,.T.);
#3844=ADVANCED_FACE('',(#202,#27),#3660,.T.);
#3845=ADVANCED_FACE('',(#203),#3661,.T.);
#3846=ADVANCED_FACE('',(#204),#3662,.F.);
#3847=ADVANCED_FACE('',(#205),#3663,.T.);
#3848=ADVANCED_FACE('',(#206),#3664,.T.);
#3849=ADVANCED_FACE('',(#207),#3665,.T.);
#3850=ADVANCED_FACE('',(#208),#3666,.F.);
#3851=ADVANCED_FACE('',(#209),#3667,.T.);
#3852=ADVANCED_FACE('',(#210),#3668,.T.);
#3853=ADVANCED_FACE('',(#211),#3669,.T.);
#3854=ADVANCED_FACE('',(#212),#3670,.F.);
#3855=ADVANCED_FACE('',(#213),#3671,.F.);
#3856=ADVANCED_FACE('',(#214),#3672,.T.);
#3857=ADVANCED_FACE('',(#215),#3673,.F.);
#3858=ADVANCED_FACE('',(#216),#3674,.F.);
#3859=ADVANCED_FACE('',(#217),#3675,.T.);
#3860=ADVANCED_FACE('',(#218),#3676,.F.);
#3861=ADVANCED_FACE('',(#219),#3677,.T.);
#3862=ADVANCED_FACE('',(#220),#3678,.F.);
#3863=ADVANCED_FACE('',(#221),#3679,.T.);
#3864=ADVANCED_FACE('',(#222),#3680,.F.);
#3865=ADVANCED_FACE('',(#223),#3681,.T.);
#3866=ADVANCED_FACE('',(#224),#3682,.F.);
#3867=ADVANCED_FACE('',(#225),#3683,.T.);
#3868=ADVANCED_FACE('',(#226),#3684,.F.);
#3869=ADVANCED_FACE('',(#227),#3685,.T.);
#3870=ADVANCED_FACE('',(#228),#3686,.T.);
#3871=ADVANCED_FACE('',(#229),#3687,.T.);
#3872=ADVANCED_FACE('',(#230),#153,.F.);
#3873=ADVANCED_FACE('',(#231),#154,.F.);
#3874=ADVANCED_FACE('',(#232),#3688,.T.);
#3875=ADVANCED_FACE('',(#233),#3689,.T.);
#3876=ADVANCED_FACE('',(#234),#3690,.T.);
#3877=ADVANCED_FACE('',(#235),#3691,.T.);
#3878=ADVANCED_FACE('',(#236),#3692,.T.);
#3879=ADVANCED_FACE('',(#237),#3693,.F.);
#3880=ADVANCED_FACE('',(#238),#3694,.T.);
#3881=ADVANCED_FACE('',(#239),#3695,.F.);
#3882=ADVANCED_FACE('',(#240),#3696,.T.);
#3883=ADVANCED_FACE('',(#241),#3697,.F.);
#3884=ADVANCED_FACE('',(#242,#28,#29),#3698,.F.);
#3885=ADVANCED_FACE('',(#243),#3699,.F.);
#3886=ADVANCED_FACE('',(#244),#3700,.T.);
#3887=ADVANCED_FACE('',(#245),#3701,.T.);
#3888=ADVANCED_FACE('',(#246,#30),#3702,.T.);
#3889=ADVANCED_FACE('',(#247),#155,.F.);
#3890=ADVANCED_FACE('',(#248),#3703,.T.);
#3891=ADVANCED_FACE('',(#249),#3704,.T.);
#3892=ADVANCED_FACE('',(#250),#3705,.T.);
#3893=ADVANCED_FACE('',(#251),#3706,.T.);
#3894=ADVANCED_FACE('',(#252),#156,.F.);
#3895=ADVANCED_FACE('',(#253),#3707,.F.);
#3896=ADVANCED_FACE('',(#254),#3708,.T.);
#3897=ADVANCED_FACE('',(#255),#3709,.T.);
#3898=ADVANCED_FACE('',(#256),#3710,.T.);
#3899=ADVANCED_FACE('',(#257),#3711,.T.);
#3900=ADVANCED_FACE('',(#258),#3712,.T.);
#3901=ADVANCED_FACE('',(#259),#3713,.T.);
#3902=ADVANCED_FACE('',(#260),#3714,.T.);
#3903=ADVANCED_FACE('',(#261),#3715,.T.);
#3904=ADVANCED_FACE('',(#262),#3716,.T.);
#3905=ADVANCED_FACE('',(#263),#3717,.T.);
#3906=ADVANCED_FACE('',(#264),#3718,.T.);
#3907=ADVANCED_FACE('',(#265),#3719,.T.);
#3908=ADVANCED_FACE('',(#266),#157,.F.);
#3909=ADVANCED_FACE('',(#267),#3720,.T.);
#3910=ADVANCED_FACE('',(#268),#3721,.F.);
#3911=ADVANCED_FACE('',(#269),#3722,.T.);
#3912=ADVANCED_FACE('',(#270),#3723,.F.);
#3913=ADVANCED_FACE('',(#271),#158,.F.);
#3914=ADVANCED_FACE('',(#272),#159,.F.);
#3915=ADVANCED_FACE('',(#273),#3724,.F.);
#3916=ADVANCED_FACE('',(#274),#3725,.F.);
#3917=ADVANCED_FACE('',(#275),#3726,.F.);
#3918=ADVANCED_FACE('',(#276),#3727,.F.);
#3919=ADVANCED_FACE('',(#277),#3728,.T.);
#3920=ADVANCED_FACE('',(#278),#3729,.F.);
#3921=ADVANCED_FACE('',(#279),#3730,.F.);
#3922=ADVANCED_FACE('',(#280),#3731,.T.);
#3923=ADVANCED_FACE('',(#281),#3732,.F.);
#3924=ADVANCED_FACE('',(#282),#3733,.T.);
#3925=ADVANCED_FACE('',(#283),#3734,.T.);
#3926=ADVANCED_FACE('',(#284),#3735,.T.);
#3927=ADVANCED_FACE('',(#285),#3736,.T.);
#3928=ADVANCED_FACE('',(#286),#3737,.T.);
#3929=ADVANCED_FACE('',(#287),#3738,.T.);
#3930=ADVANCED_FACE('',(#288),#3739,.F.);
#3931=ADVANCED_FACE('',(#289),#3740,.F.);
#3932=ADVANCED_FACE('',(#290),#3741,.F.);
#3933=ADVANCED_FACE('',(#291),#3742,.F.);
#3934=ADVANCED_FACE('',(#292),#3743,.F.);
#3935=ADVANCED_FACE('',(#293),#3744,.F.);
#3936=ADVANCED_FACE('',(#294),#3745,.T.);
#3937=ADVANCED_FACE('',(#295),#3746,.T.);
#3938=ADVANCED_FACE('',(#296),#3747,.T.);
#3939=ADVANCED_FACE('',(#297,#31),#3748,.F.);
#3940=ADVANCED_FACE('',(#298),#3749,.F.);
#3941=ADVANCED_FACE('',(#299),#3750,.F.);
#3942=ADVANCED_FACE('',(#300),#3751,.F.);
#3943=ADVANCED_FACE('',(#301),#3752,.T.);
#3944=ADVANCED_FACE('',(#302),#3753,.T.);
#3945=ADVANCED_FACE('',(#303),#3754,.T.);
#3946=ADVANCED_FACE('',(#304),#3755,.T.);
#3947=ADVANCED_FACE('',(#305),#3756,.F.);
#3948=ADVANCED_FACE('',(#306),#3757,.F.);
#3949=ADVANCED_FACE('',(#307),#3758,.T.);
#3950=ADVANCED_FACE('',(#308),#3759,.F.);
#3951=ADVANCED_FACE('',(#309),#3760,.T.);
#3952=ADVANCED_FACE('',(#310),#3761,.F.);
#3953=ADVANCED_FACE('',(#311),#3762,.T.);
#3954=ADVANCED_FACE('',(#312),#3763,.T.);
#3955=ADVANCED_FACE('',(#313),#3764,.T.);
#3956=ADVANCED_FACE('',(#314,#32),#160,.F.);
#3957=ADVANCED_FACE('',(#315),#3765,.T.);
#3958=ADVANCED_FACE('',(#316),#3766,.F.);
#3959=ADVANCED_FACE('',(#317),#3767,.F.);
#3960=ADVANCED_FACE('',(#318,#33),#3768,.F.);
#3961=ADVANCED_FACE('',(#319),#3769,.F.);
#3962=ADVANCED_FACE('',(#320),#3770,.F.);
#3963=ADVANCED_FACE('',(#321,#34),#3771,.T.);
#3964=ADVANCED_FACE('',(#322),#3772,.F.);
#3965=ADVANCED_FACE('',(#323),#161,.F.);
#3966=ADVANCED_FACE('',(#324),#3773,.T.);
#3967=ADVANCED_FACE('',(#325),#162,.F.);
#3968=ADVANCED_FACE('',(#326),#163,.F.);
#3969=ADVANCED_FACE('',(#327),#3774,.T.);
#3970=ADVANCED_FACE('',(#328),#3775,.T.);
#3971=ADVANCED_FACE('',(#329),#3776,.F.);
#3972=ADVANCED_FACE('',(#330),#3777,.T.);
#3973=ADVANCED_FACE('',(#331),#3778,.F.);
#3974=ADVANCED_FACE('',(#332),#3779,.F.);
#3975=ADVANCED_FACE('',(#333),#164,.F.);
#3976=ADVANCED_FACE('',(#334),#3780,.T.);
#3977=ADVANCED_FACE('',(#335),#165,.F.);
#3978=ADVANCED_FACE('',(#336),#3781,.F.);
#3979=ADVANCED_FACE('',(#337),#3782,.T.);
#3980=ADVANCED_FACE('',(#338),#3783,.T.);
#3981=ADVANCED_FACE('',(#339),#3784,.T.);
#3982=ADVANCED_FACE('',(#340),#3785,.T.);
#3983=ADVANCED_FACE('',(#341),#3786,.T.);
#3984=ADVANCED_FACE('',(#342),#3787,.T.);
#3985=ADVANCED_FACE('',(#343),#3788,.T.);
#3986=ADVANCED_FACE('',(#344),#3789,.T.);
#3987=ADVANCED_FACE('',(#345),#3790,.T.);
#3988=ADVANCED_FACE('',(#346),#3791,.T.);
#3989=ADVANCED_FACE('',(#347),#3792,.T.);
#3990=ADVANCED_FACE('',(#348,#35),#3793,.F.);
#3991=ADVANCED_FACE('',(#349),#3794,.T.);
#3992=ADVANCED_FACE('',(#350),#3795,.T.);
#3993=ADVANCED_FACE('',(#351),#3796,.T.);
#3994=ADVANCED_FACE('',(#352),#3797,.T.);
#3995=ADVANCED_FACE('',(#353),#3798,.T.);
#3996=ADVANCED_FACE('',(#354),#3799,.T.);
#3997=ADVANCED_FACE('',(#355),#14,.T.);
#3998=ADVANCED_FACE('',(#356),#15,.T.);
#3999=ADVANCED_FACE('',(#357),#16,.T.);
#4000=ADVANCED_FACE('',(#358),#3800,.T.);
#4001=ADVANCED_FACE('',(#359),#3801,.T.);
#4002=ADVANCED_FACE('',(#360),#3802,.T.);
#4003=ADVANCED_FACE('',(#361),#17,.T.);
#4004=ADVANCED_FACE('',(#362),#3803,.T.);
#4005=ADVANCED_FACE('',(#363),#3804,.T.);
#4006=ADVANCED_FACE('',(#364,#36),#3805,.T.);
#4007=ADVANCED_FACE('',(#365),#3806,.T.);
#4008=ADVANCED_FACE('',(#366),#3807,.T.);
#4009=ADVANCED_FACE('',(#367),#18,.T.);
#4010=ADVANCED_FACE('',(#368),#19,.T.);
#4011=ADVANCED_FACE('',(#369),#20,.T.);
#4012=ADVANCED_FACE('',(#370),#3808,.T.);
#4013=ADVANCED_FACE('',(#371),#3809,.T.);
#4014=ADVANCED_FACE('',(#372),#3810,.T.);
#4015=CLOSED_SHELL('',(#3811,#3812,#3813,#3814,#3815,#3816));
#4016=CLOSED_SHELL('',(#3817,#3818,#3819,#3820,#3821,#3822));
#4017=CLOSED_SHELL('',(#3823,#3824,#3825,#3826,#3827,#3828));
#4018=CLOSED_SHELL('',(#3829,#3830,#3831,#3832,#3833,#3834,#3835,#3836,
#3837,#3838,#3839,#3840,#3841,#3842,#3843,#3844,#3845,#3846,#3847,#3848,
#3849,#3850,#3851,#3852,#3853,#3854,#3855,#3856,#3857,#3858,#3859,#3860,
#3861,#3862,#3863,#3864,#3865,#3866,#3867,#3868,#3869,#3870,#3871,#3872,
#3873,#3874,#3875,#3876,#3877,#3878,#3879,#3880,#3881,#3882,#3883,#3884,
#3885,#3886,#3887,#3888,#3889,#3890,#3891,#3892,#3893,#3894,#3895,#3896,
#3897,#3898,#3899,#3900,#3901,#3902,#3903,#3904,#3905,#3906,#3907,#3908,
#3909,#3910,#3911,#3912,#3913,#3914,#3915,#3916,#3917,#3918,#3919,#3920,
#3921,#3922,#3923,#3924,#3925,#3926,#3927,#3928,#3929,#3930,#3931,#3932,
#3933,#3934,#3935,#3936,#3937,#3938,#3939,#3940,#3941,#3942,#3943,#3944,
#3945,#3946,#3947,#3948,#3949,#3950,#3951,#3952,#3953,#3954,#3955,#3956,
#3957,#3958,#3959,#3960,#3961,#3962,#3963,#3964,#3965,#3966,#3967,#3968,
#3969,#3970,#3971,#3972,#3973,#3974,#3975,#3976,#3977,#3978,#3979,#3980,
#3981,#3982,#3983,#3984,#3985,#3986,#3987,#3988,#3989,#3990,#3991,#3992,
#3993,#3994,#3995,#3996,#3997,#3998,#3999,#4000,#4001,#4002,#4003,#4004,
#4005,#4006,#4007,#4008,#4009,#4010,#4011,#4012,#4013,#4014));
#4019=BREP_WITH_VOIDS('Corps1',#4018,(#166,#167,#168));
#4020=DERIVED_UNIT_ELEMENT(#4022,1.);
#4021=DERIVED_UNIT_ELEMENT(#7024,-3.);
#4022=(
MASS_UNIT()
NAMED_UNIT(*)
SI_UNIT(.KILO.,.GRAM.)
);
#4023=DERIVED_UNIT((#4020,#4021));
#4024=MEASURE_REPRESENTATION_ITEM('density measure',
POSITIVE_RATIO_MEASURE(7850.),#4023);
#4025=PROPERTY_DEFINITION_REPRESENTATION(#4030,#4027);
#4026=PROPERTY_DEFINITION_REPRESENTATION(#4031,#4028);
#4027=REPRESENTATION('material name',(#4029),#7021);
#4028=REPRESENTATION('density',(#4024),#7021);
#4029=DESCRIPTIVE_REPRESENTATION_ITEM('Acier','Acier');
#4030=PROPERTY_DEFINITION('material property','material name',#7031);
#4031=PROPERTY_DEFINITION('material property','density of part',#7031);
#4032=AXIS2_PLACEMENT_3D('',#5372,#4323,#4324);
#4033=AXIS2_PLACEMENT_3D('',#5373,#4325,#4326);
#4034=AXIS2_PLACEMENT_3D('',#5382,#4331,#4332);
#4035=AXIS2_PLACEMENT_3D('',#5388,#4336,#4337);
#4036=AXIS2_PLACEMENT_3D('',#5392,#4340,#4341);
#4037=AXIS2_PLACEMENT_3D('',#5396,#4344,#4345);
#4038=AXIS2_PLACEMENT_3D('',#5398,#4347,#4348);
#4039=AXIS2_PLACEMENT_3D('',#5399,#4349,#4350);
#4040=AXIS2_PLACEMENT_3D('',#5408,#4355,#4356);
#4041=AXIS2_PLACEMENT_3D('',#5414,#4360,#4361);
#4042=AXIS2_PLACEMENT_3D('',#5418,#4364,#4365);
#4043=AXIS2_PLACEMENT_3D('',#5422,#4368,#4369);
#4044=AXIS2_PLACEMENT_3D('',#5424,#4371,#4372);
#4045=AXIS2_PLACEMENT_3D('',#5425,#4373,#4374);
#4046=AXIS2_PLACEMENT_3D('',#5434,#4379,#4380);
#4047=AXIS2_PLACEMENT_3D('',#5440,#4384,#4385);
#4048=AXIS2_PLACEMENT_3D('',#5444,#4388,#4389);
#4049=AXIS2_PLACEMENT_3D('',#5448,#4392,#4393);
#4050=AXIS2_PLACEMENT_3D('',#5450,#4395,#4396);
#4051=AXIS2_PLACEMENT_3D('',#5451,#4397,#4398);
#4052=AXIS2_PLACEMENT_3D('',#5453,#4399,#4400);
#4053=AXIS2_PLACEMENT_3D('',#5456,#4402,#4403);
#4054=AXIS2_PLACEMENT_3D('',#5457,#4404,#4405);
#4055=AXIS2_PLACEMENT_3D('',#5460,#4406,#4407);
#4056=AXIS2_PLACEMENT_3D('',#5464,#4409,#4410);
#4057=AXIS2_PLACEMENT_3D('',#5468,#4412,#4413);
#4058=AXIS2_PLACEMENT_3D('',#5471,#4415,#4416);
#4059=AXIS2_PLACEMENT_3D('',#5473,#4417,#4418);
#4060=AXIS2_PLACEMENT_3D('',#5477,#4420,#4421);
#4061=AXIS2_PLACEMENT_3D('',#5479,#4423,#4424);
#4062=AXIS2_PLACEMENT_3D('',#5482,#4425,#4426);
#4063=AXIS2_PLACEMENT_3D('',#5486,#4428,#4429);
#4064=AXIS2_PLACEMENT_3D('',#5490,#4431,#4432);
#4065=AXIS2_PLACEMENT_3D('',#5494,#4434,#4435);
#4066=AXIS2_PLACEMENT_3D('',#5498,#4437,#4438);
#4067=AXIS2_PLACEMENT_3D('',#5499,#4439,#4440);
#4068=AXIS2_PLACEMENT_3D('',#5501,#4441,#4442);
#4069=AXIS2_PLACEMENT_3D('',#5505,#4444,#4445);
#4070=AXIS2_PLACEMENT_3D('',#5507,#4447,#4448);
#4071=AXIS2_PLACEMENT_3D('',#5510,#4449,#4450);
#4072=AXIS2_PLACEMENT_3D('',#5514,#4452,#4453);
#4073=AXIS2_PLACEMENT_3D('',#5518,#4455,#4456);
#4074=AXIS2_PLACEMENT_3D('',#5522,#4458,#4459);
#4075=AXIS2_PLACEMENT_3D('',#5524,#4460,#4461);
#4076=AXIS2_PLACEMENT_3D('',#5527,#4463,#4464);
#4077=AXIS2_PLACEMENT_3D('',#5529,#4465,#4466);
#4078=AXIS2_PLACEMENT_3D('',#5533,#4468,#4469);
#4079=AXIS2_PLACEMENT_3D('',#5535,#4471,#4472);
#4080=AXIS2_PLACEMENT_3D('',#5537,#4473,#4474);
#4081=AXIS2_PLACEMENT_3D('',#5540,#4476,#4477);
#4082=AXIS2_PLACEMENT_3D('',#5541,#4478,#4479);
#4083=AXIS2_PLACEMENT_3D('',#5543,#4480,#4481);
#4084=AXIS2_PLACEMENT_3D('',#5547,#4483,#4484);
#4085=AXIS2_PLACEMENT_3D('',#5551,#4486,#4487);
#4086=AXIS2_PLACEMENT_3D('',#5555,#4489,#4490);
#4087=AXIS2_PLACEMENT_3D('',#5559,#4492,#4493);
#4088=AXIS2_PLACEMENT_3D('',#5563,#4495,#4496);
#4089=AXIS2_PLACEMENT_3D('',#5567,#4498,#4499);
#4090=AXIS2_PLACEMENT_3D('',#5571,#4501,#4502);
#4091=AXIS2_PLACEMENT_3D('',#5575,#4504,#4505);
#4092=AXIS2_PLACEMENT_3D('',#5578,#4507,#4508);
#4093=AXIS2_PLACEMENT_3D('',#5579,#4509,#4510);
#4094=AXIS2_PLACEMENT_3D('',#5581,#4511,#4512);
#4095=AXIS2_PLACEMENT_3D('',#5584,#4514,#4515);
#4096=AXIS2_PLACEMENT_3D('',#5585,#4516,#4517);
#4097=AXIS2_PLACEMENT_3D('',#5587,#4518,#4519);
#4098=AXIS2_PLACEMENT_3D('',#5590,#4521,#4522);
#4099=AXIS2_PLACEMENT_3D('',#5591,#4523,#4524);
#4100=AXIS2_PLACEMENT_3D('',#5602,#4529,#4530);
#4101=AXIS2_PLACEMENT_3D('',#5606,#4532,#4533);
#4102=AXIS2_PLACEMENT_3D('',#5608,#4534,#4535);
#4103=AXIS2_PLACEMENT_3D('',#5768,#4574,#4575);
#4104=AXIS2_PLACEMENT_3D('',#5772,#4577,#4578);
#4105=AXIS2_PLACEMENT_3D('',#5774,#4580,#4581);
#4106=AXIS2_PLACEMENT_3D('',#5785,#4588,#4589);
#4107=AXIS2_PLACEMENT_3D('',#5794,#4594,#4595);
#4108=AXIS2_PLACEMENT_3D('',#5803,#4600,#4601);
#4109=AXIS2_PLACEMENT_3D('',#5812,#4606,#4607);
#4110=AXIS2_PLACEMENT_3D('',#5821,#4612,#4613);
#4111=AXIS2_PLACEMENT_3D('',#5824,#4616,#4617);
#4112=AXIS2_PLACEMENT_3D('',#5827,#4620,#4621);
#4113=AXIS2_PLACEMENT_3D('',#5830,#4624,#4625);
#4114=AXIS2_PLACEMENT_3D('',#5833,#4628,#4629);
#4115=AXIS2_PLACEMENT_3D('',#5835,#4631,#4632);
#4116=AXIS2_PLACEMENT_3D('',#5837,#4634,#4635);
#4117=AXIS2_PLACEMENT_3D('',#5840,#4638,#4639);
#4118=AXIS2_PLACEMENT_3D('',#5843,#4642,#4643);
#4119=AXIS2_PLACEMENT_3D('',#5845,#4645,#4646);
#4120=AXIS2_PLACEMENT_3D('',#5847,#4648,#4649);
#4121=AXIS2_PLACEMENT_3D('',#5856,#4654,#4655);
#4122=AXIS2_PLACEMENT_3D('',#5865,#4660,#4661);
#4123=AXIS2_PLACEMENT_3D('',#5870,#4663,#4664);
#4124=AXIS2_PLACEMENT_3D('',#5874,#4666,#4667);
#4125=AXIS2_PLACEMENT_3D('',#5876,#4669,#4670);
#4126=AXIS2_PLACEMENT_3D('',#5882,#4674,#4675);
#4127=AXIS2_PLACEMENT_3D('',#5898,#4685,#4686);
#4128=AXIS2_PLACEMENT_3D('',#5906,#4692,#4693);
#4129=AXIS2_PLACEMENT_3D('',#5908,#4695,#4696);
#4130=AXIS2_PLACEMENT_3D('',#5910,#4698,#4699);
#4131=AXIS2_PLACEMENT_3D('',#5912,#4701,#4702);
#4132=AXIS2_PLACEMENT_3D('',#5913,#4703,#4704);
#4133=AXIS2_PLACEMENT_3D('',#5914,#4705,#4706);
#4134=AXIS2_PLACEMENT_3D('',#5915,#4707,#4708);
#4135=AXIS2_PLACEMENT_3D('',#5916,#4709,#4710);
#4136=AXIS2_PLACEMENT_3D('',#5917,#4711,#4712);
#4137=AXIS2_PLACEMENT_3D('',#5920,#4715,#4716);
#4138=AXIS2_PLACEMENT_3D('',#5924,#4720,#4721);
#4139=AXIS2_PLACEMENT_3D('',#5926,#4723,#4724);
#4140=AXIS2_PLACEMENT_3D('',#5929,#4727,#4728);
#4141=AXIS2_PLACEMENT_3D('',#5932,#4729,#4730);
#4142=AXIS2_PLACEMENT_3D('',#5938,#4734,#4735);
#4143=AXIS2_PLACEMENT_3D('',#5941,#4737,#4738);
#4144=AXIS2_PLACEMENT_3D('',#5942,#4739,#4740);
#4145=AXIS2_PLACEMENT_3D('',#5943,#4741,#4742);
#4146=AXIS2_PLACEMENT_3D('',#5945,#4743,#4744);
#4147=AXIS2_PLACEMENT_3D('',#5946,#4745,#4746);
#4148=AXIS2_PLACEMENT_3D('',#5947,#4747,#4748);
#4149=AXIS2_PLACEMENT_3D('',#5948,#4749,#4750);
#4150=AXIS2_PLACEMENT_3D('',#5954,#4754,#4755);
#4151=AXIS2_PLACEMENT_3D('',#5955,#4756,#4757);
#4152=AXIS2_PLACEMENT_3D('',#5956,#4758,#4759);
#4153=AXIS2_PLACEMENT_3D('',#5957,#4760,#4761);
#4154=AXIS2_PLACEMENT_3D('',#5963,#4765,#4766);
#4155=AXIS2_PLACEMENT_3D('',#5974,#4773,#4774);
#4156=AXIS2_PLACEMENT_3D('',#5981,#4777,#4778);
#4157=AXIS2_PLACEMENT_3D('',#5983,#4780,#4781);
#4158=AXIS2_PLACEMENT_3D('',#5987,#4783,#4784);
#4159=AXIS2_PLACEMENT_3D('',#5989,#4786,#4787);
#4160=AXIS2_PLACEMENT_3D('',#5998,#4792,#4793);
#4161=AXIS2_PLACEMENT_3D('',#6008,#4799,#4800);
#4162=AXIS2_PLACEMENT_3D('',#6013,#4802,#4803);
#4163=AXIS2_PLACEMENT_3D('',#6018,#4806,#4807);
#4164=AXIS2_PLACEMENT_3D('',#6019,#4808,#4809);
#4165=AXIS2_PLACEMENT_3D('',#6022,#4810,#4811);
#4166=AXIS2_PLACEMENT_3D('',#6028,#4814,#4815);
#4167=AXIS2_PLACEMENT_3D('',#6030,#4817,#4818);
#4168=AXIS2_PLACEMENT_3D('',#6033,#4821,#4822);
#4169=AXIS2_PLACEMENT_3D('',#6034,#4823,#4824);
#4170=AXIS2_PLACEMENT_3D('',#6039,#4826,#4827);
#4171=AXIS2_PLACEMENT_3D('',#6042,#4829,#4830);
#4172=AXIS2_PLACEMENT_3D('',#6043,#4831,#4832);
#4173=AXIS2_PLACEMENT_3D('',#6047,#4834,#4835);
#4174=AXIS2_PLACEMENT_3D('',#6051,#4838,#4839);
#4175=AXIS2_PLACEMENT_3D('',#6052,#4840,#4841);
#4176=AXIS2_PLACEMENT_3D('',#6053,#4842,#4843);
#4177=AXIS2_PLACEMENT_3D('',#6059,#4846,#4847);
#4178=AXIS2_PLACEMENT_3D('',#6061,#4849,#4850);
#4179=AXIS2_PLACEMENT_3D('',#6067,#4854,#4855);
#4180=AXIS2_PLACEMENT_3D('',#6070,#4856,#4857);
#4181=AXIS2_PLACEMENT_3D('',#6074,#4859,#4860);
#4182=AXIS2_PLACEMENT_3D('',#6076,#4862,#4863);
#4183=AXIS2_PLACEMENT_3D('',#6088,#4870,#4871);
#4184=AXIS2_PLACEMENT_3D('',#6089,#4872,#4873);
#4185=AXIS2_PLACEMENT_3D('',#6090,#4874,#4875);
#4186=AXIS2_PLACEMENT_3D('',#6099,#4880,#4881);
#4187=AXIS2_PLACEMENT_3D('',#6105,#4885,#4886);
#4188=AXIS2_PLACEMENT_3D('',#6108,#4889,#4890);
#4189=AXIS2_PLACEMENT_3D('',#6109,#4891,#4892);
#4190=AXIS2_PLACEMENT_3D('',#6111,#4894,#4895);
#4191=AXIS2_PLACEMENT_3D('',#6113,#4897,#4898);
#4192=AXIS2_PLACEMENT_3D('',#6117,#4901,#4902);
#4193=AXIS2_PLACEMENT_3D('',#6119,#4904,#4905);
#4194=AXIS2_PLACEMENT_3D('',#6120,#4906,#4907);
#4195=AXIS2_PLACEMENT_3D('',#6124,#4910,#4911);
#4196=AXIS2_PLACEMENT_3D('',#6126,#4913,#4914);
#4197=AXIS2_PLACEMENT_3D('',#6129,#4916,#4917);
#4198=AXIS2_PLACEMENT_3D('',#6131,#4918,#4919);
#4199=AXIS2_PLACEMENT_3D('',#6132,#4920,#4921);
#4200=AXIS2_PLACEMENT_3D('',#6133,#4922,#4923);
#4201=AXIS2_PLACEMENT_3D('',#6137,#4926,#4927);
#4202=AXIS2_PLACEMENT_3D('',#6141,#4931,#4932);
#4203=AXIS2_PLACEMENT_3D('',#6147,#4936,#4937);
#4204=AXIS2_PLACEMENT_3D('',#6153,#4941,#4942);
#4205=AXIS2_PLACEMENT_3D('',#6154,#4943,#4944);
#4206=AXIS2_PLACEMENT_3D('',#6156,#4946,#4947);
#4207=AXIS2_PLACEMENT_3D('',#6157,#4948,#4949);
#4208=AXIS2_PLACEMENT_3D('',#6158,#4950,#4951);
#4209=AXIS2_PLACEMENT_3D('',#6159,#4952,#4953);
#4210=AXIS2_PLACEMENT_3D('',#6160,#4954,#4955);
#4211=AXIS2_PLACEMENT_3D('',#6166,#4959,#4960);
#4212=AXIS2_PLACEMENT_3D('',#6170,#4962,#4963);
#4213=AXIS2_PLACEMENT_3D('',#6172,#4965,#4966);
#4214=AXIS2_PLACEMENT_3D('',#6176,#4968,#4969);
#4215=AXIS2_PLACEMENT_3D('',#6180,#4972,#4973);
#4216=AXIS2_PLACEMENT_3D('',#6183,#4974,#4975);
#4217=AXIS2_PLACEMENT_3D('',#6190,#4980,#4981);
#4218=AXIS2_PLACEMENT_3D('',#6193,#4983,#4984);
#4219=AXIS2_PLACEMENT_3D('',#6194,#4985,#4986);
#4220=AXIS2_PLACEMENT_3D('',#6203,#4991,#4992);
#4221=AXIS2_PLACEMENT_3D('',#6209,#4996,#4997);
#4222=AXIS2_PLACEMENT_3D('',#6215,#5001,#5002);
#4223=AXIS2_PLACEMENT_3D('',#6224,#5007,#5008);
#4224=AXIS2_PLACEMENT_3D('',#6231,#5011,#5012);
#4225=AXIS2_PLACEMENT_3D('',#6233,#5014,#5015);
#4226=AXIS2_PLACEMENT_3D('',#6237,#5017,#5018);
#4227=AXIS2_PLACEMENT_3D('',#6239,#5020,#5021);
#4228=AXIS2_PLACEMENT_3D('',#6245,#5025,#5026);
#4229=AXIS2_PLACEMENT_3D('',#6249,#5028,#5029);
#4230=AXIS2_PLACEMENT_3D('',#6251,#5031,#5032);
#4231=AXIS2_PLACEMENT_3D('',#6255,#5034,#5035);
#4232=AXIS2_PLACEMENT_3D('',#6257,#5037,#5038);
#4233=AXIS2_PLACEMENT_3D('',#6260,#5041,#5042);
#4234=AXIS2_PLACEMENT_3D('',#6277,#5052,#5053);
#4235=AXIS2_PLACEMENT_3D('',#6283,#5057,#5058);
#4236=AXIS2_PLACEMENT_3D('',#6289,#5062,#5063);
#4237=AXIS2_PLACEMENT_3D('',#6295,#5067,#5068);
#4238=AXIS2_PLACEMENT_3D('',#6301,#5072,#5073);
#4239=AXIS2_PLACEMENT_3D('',#6305,#5076,#5077);
#4240=AXIS2_PLACEMENT_3D('',#6309,#5080,#5081);
#4241=AXIS2_PLACEMENT_3D('',#6311,#5083,#5084);
#4242=AXIS2_PLACEMENT_3D('',#6317,#5088,#5089);
#4243=AXIS2_PLACEMENT_3D('',#6328,#5095,#5096);
#4244=AXIS2_PLACEMENT_3D('',#6329,#5097,#5098);
#4245=AXIS2_PLACEMENT_3D('',#6330,#5099,#5100);
#4246=AXIS2_PLACEMENT_3D('',#6336,#5104,#5105);
#4247=AXIS2_PLACEMENT_3D('',#6340,#5108,#5109);
#4248=AXIS2_PLACEMENT_3D('',#6344,#5112,#5113);
#4249=AXIS2_PLACEMENT_3D('',#6357,#5121,#5122);
#4250=AXIS2_PLACEMENT_3D('',#6365,#5127,#5128);
#4251=AXIS2_PLACEMENT_3D('',#6370,#5132,#5133);
#4252=AXIS2_PLACEMENT_3D('',#6372,#5135,#5136);
#4253=AXIS2_PLACEMENT_3D('',#6374,#5138,#5139);
#4254=AXIS2_PLACEMENT_3D('',#6376,#5141,#5142);
#4255=AXIS2_PLACEMENT_3D('',#6377,#5143,#5144);
#4256=AXIS2_PLACEMENT_3D('',#6378,#5145,#5146);
#4257=AXIS2_PLACEMENT_3D('',#6379,#5147,#5148);
#4258=AXIS2_PLACEMENT_3D('',#6383,#5151,#5152);
#4259=AXIS2_PLACEMENT_3D('',#6388,#5156,#5157);
#4260=AXIS2_PLACEMENT_3D('',#6394,#5161,#5162);
#4261=AXIS2_PLACEMENT_3D('',#6398,#5165,#5166);
#4262=AXIS2_PLACEMENT_3D('',#6421,#5167,#5168);
#4263=AXIS2_PLACEMENT_3D('',#6425,#5171,#5172);
#4264=AXIS2_PLACEMENT_3D('',#6431,#5176,#5177);
#4265=AXIS2_PLACEMENT_3D('',#6435,#5179,#5180);
#4266=AXIS2_PLACEMENT_3D('',#6436,#5181,#5182);
#4267=AXIS2_PLACEMENT_3D('',#6437,#5183,#5184);
#4268=AXIS2_PLACEMENT_3D('',#6440,#5186,#5187);
#4269=AXIS2_PLACEMENT_3D('',#6441,#5188,#5189);
#4270=AXIS2_PLACEMENT_3D('',#6445,#5192,#5193);
#4271=AXIS2_PLACEMENT_3D('',#6447,#5194,#5195);
#4272=AXIS2_PLACEMENT_3D('',#6450,#5197,#5198);
#4273=AXIS2_PLACEMENT_3D('',#6451,#5199,#5200);
#4274=AXIS2_PLACEMENT_3D('',#6452,#5201,#5202);
#4275=AXIS2_PLACEMENT_3D('',#6455,#5205,#5206);
#4276=AXIS2_PLACEMENT_3D('',#6456,#5207,#5208);
#4277=AXIS2_PLACEMENT_3D('',#6457,#5209,#5210);
#4278=AXIS2_PLACEMENT_3D('',#6458,#5211,#5212);
#4279=AXIS2_PLACEMENT_3D('',#6459,#5213,#5214);
#4280=AXIS2_PLACEMENT_3D('',#6460,#5215,#5216);
#4281=AXIS2_PLACEMENT_3D('',#6461,#5217,#5218);
#4282=AXIS2_PLACEMENT_3D('',#6462,#5219,#5220);
#4283=AXIS2_PLACEMENT_3D('',#6463,#5221,#5222);
#4284=AXIS2_PLACEMENT_3D('',#6464,#5223,#5224);
#4285=AXIS2_PLACEMENT_3D('',#6466,#5226,#5227);
#4286=AXIS2_PLACEMENT_3D('',#6468,#5229,#5230);
#4287=AXIS2_PLACEMENT_3D('',#6470,#5232,#5233);
#4288=AXIS2_PLACEMENT_3D('',#6471,#5234,#5235);
#4289=AXIS2_PLACEMENT_3D('',#6473,#5237,#5238);
#4290=AXIS2_PLACEMENT_3D('',#6474,#5239,#5240);
#4291=AXIS2_PLACEMENT_3D('',#6477,#5243,#5244);
#4292=AXIS2_PLACEMENT_3D('',#6479,#5246,#5247);
#4293=AXIS2_PLACEMENT_3D('',#6481,#5249,#5250);
#4294=AXIS2_PLACEMENT_3D('',#6482,#5251,#5252);
#4295=AXIS2_PLACEMENT_3D('',#6488,#5256,#5257);
#4296=AXIS2_PLACEMENT_3D('',#6492,#5260,#5261);
#4297=AXIS2_PLACEMENT_3D('',#6496,#5264,#5265);
#4298=AXIS2_PLACEMENT_3D('',#6500,#5268,#5269);
#4299=AXIS2_PLACEMENT_3D('',#6504,#5272,#5273);
#4300=AXIS2_PLACEMENT_3D('',#6508,#5276,#5277);
#4301=AXIS2_PLACEMENT_3D('',#6512,#5280,#5281);
#4302=AXIS2_PLACEMENT_3D('',#6516,#5284,#5285);
#4303=AXIS2_PLACEMENT_3D('',#6520,#5288,#5289);
#4304=AXIS2_PLACEMENT_3D('',#6524,#5292,#5293);
#4305=AXIS2_PLACEMENT_3D('',#6526,#5295,#5296);
#4306=AXIS2_PLACEMENT_3D('',#6533,#5300,#5301);
#4307=AXIS2_PLACEMENT_3D('',#6539,#5305,#5306);
#4308=AXIS2_PLACEMENT_3D('',#6543,#5309,#5310);
#4309=AXIS2_PLACEMENT_3D('',#6545,#5312,#5313);
#4310=AXIS2_PLACEMENT_3D('',#6551,#5317,#5318);
#4311=AXIS2_PLACEMENT_3D('',#6555,#5321,#5322);
#4312=AXIS2_PLACEMENT_3D('',#6748,#5328,#5329);
#4313=AXIS2_PLACEMENT_3D('',#6752,#5332,#5333);
#4314=AXIS2_PLACEMENT_3D('',#6756,#5336,#5337);
#4315=AXIS2_PLACEMENT_3D('',#6819,#5341,#5342);
#4316=AXIS2_PLACEMENT_3D('',#6823,#5345,#5346);
#4317=AXIS2_PLACEMENT_3D('',#6825,#5348,#5349);
#4318=AXIS2_PLACEMENT_3D('',#6876,#5353,#5354);
#4319=AXIS2_PLACEMENT_3D('',#6882,#5358,#5359);
#4320=AXIS2_PLACEMENT_3D('',#7015,#5365,#5366);
#4321=AXIS2_PLACEMENT_3D('',#7017,#5368,#5369);
#4322=AXIS2_PLACEMENT_3D('',#7018,#5370,#5371);
#4323=DIRECTION('axis',(0.,0.,1.));
#4324=DIRECTION('refdir',(1.,0.,0.));
#4325=DIRECTION('center_axis',(1.,0.,0.));
#4326=DIRECTION('ref_axis',(0.,0.,-1.));
#4327=DIRECTION('',(0.,0.,1.));
#4328=DIRECTION('',(0.,-1.,0.));
#4329=DIRECTION('',(0.,0.,-1.));
#4330=DIRECTION('',(0.,1.,0.));
#4331=DIRECTION('center_axis',(0.,0.,1.));
#4332=DIRECTION('ref_axis',(1.,0.,0.));
#4333=DIRECTION('',(0.,1.,0.));
#4334=DIRECTION('',(1.,0.,0.));
#4335=DIRECTION('',(-1.,0.,0.));
#4336=DIRECTION('center_axis',(0.,1.,0.));
#4337=DIRECTION('ref_axis',(0.,0.,1.));
#4338=DIRECTION('',(-1.,0.,0.));
#4339=DIRECTION('',(0.,0.,-1.));
#4340=DIRECTION('center_axis',(0.,0.,1.));
#4341=DIRECTION('ref_axis',(1.,0.,0.));
#4342=DIRECTION('',(0.,1.,0.));
#4343=DIRECTION('',(1.,0.,0.));
#4344=DIRECTION('center_axis',(0.,1.,0.));
#4345=DIRECTION('ref_axis',(0.,0.,1.));
#4346=DIRECTION('',(0.,0.,-1.));
#4347=DIRECTION('center_axis',(1.,0.,0.));
#4348=DIRECTION('ref_axis',(0.,0.,-1.));
#4349=DIRECTION('center_axis',(1.,0.,0.));
#4350=DIRECTION('ref_axis',(0.,0.,-1.));
#4351=DIRECTION('',(0.,0.,1.));
#4352=DIRECTION('',(0.,-1.,0.));
#4353=DIRECTION('',(0.,0.,-1.));
#4354=DIRECTION('',(0.,1.,0.));
#4355=DIRECTION('center_axis',(0.,0.,1.));
#4356=DIRECTION('ref_axis',(1.,0.,0.));
#4357=DIRECTION('',(0.,1.,0.));
#4358=DIRECTION('',(1.,0.,0.));
#4359=DIRECTION('',(-1.,0.,0.));
#4360=DIRECTION('center_axis',(0.,1.,0.));
#4361=DIRECTION('ref_axis',(0.,0.,1.));
#4362=DIRECTION('',(-1.,0.,0.));
#4363=DIRECTION('',(0.,0.,-1.));
#4364=DIRECTION('center_axis',(0.,0.,1.));
#4365=DIRECTION('ref_axis',(1.,0.,0.));
#4366=DIRECTION('',(0.,1.,0.));
#4367=DIRECTION('',(1.,0.,0.));
#4368=DIRECTION('center_axis',(0.,1.,0.));
#4369=DIRECTION('ref_axis',(0.,0.,1.));
#4370=DIRECTION('',(0.,0.,-1.));
#4371=DIRECTION('center_axis',(1.,0.,0.));
#4372=DIRECTION('ref_axis',(0.,0.,-1.));
#4373=DIRECTION('center_axis',(1.,0.,0.));
#4374=DIRECTION('ref_axis',(0.,0.,-1.));
#4375=DIRECTION('',(0.,0.,1.));
#4376=DIRECTION('',(0.,-1.,0.));
#4377=DIRECTION('',(0.,0.,-1.));
#4378=DIRECTION('',(0.,1.,0.));
#4379=DIRECTION('center_axis',(0.,0.,1.));
#4380=DIRECTION('ref_axis',(1.,0.,0.));
#4381=DIRECTION('',(0.,1.,0.));
#4382=DIRECTION('',(1.,0.,0.));
#4383=DIRECTION('',(-1.,0.,0.));
#4384=DIRECTION('center_axis',(0.,1.,0.));
#4385=DIRECTION('ref_axis',(0.,0.,1.));
#4386=DIRECTION('',(-1.,0.,0.));
#4387=DIRECTION('',(0.,0.,-1.));
#4388=DIRECTION('center_axis',(0.,0.,1.));
#4389=DIRECTION('ref_axis',(1.,0.,0.));
#4390=DIRECTION('',(0.,1.,0.));
#4391=DIRECTION('',(1.,0.,0.));
#4392=DIRECTION('center_axis',(0.,1.,0.));
#4393=DIRECTION('ref_axis',(0.,0.,1.));
#4394=DIRECTION('',(0.,0.,-1.));
#4395=DIRECTION('center_axis',(1.,0.,0.));
#4396=DIRECTION('ref_axis',(0.,0.,-1.));
#4397=DIRECTION('center_axis',(0.,0.,1.));
#4398=DIRECTION('ref_axis',(1.,0.,0.));
#4399=DIRECTION('center_axis',(0.,0.,1.));
#4400=DIRECTION('ref_axis',(1.,0.,0.));
#4401=DIRECTION('',(0.,0.,1.));
#4402=DIRECTION('center_axis',(0.,0.,-1.));
#4403=DIRECTION('ref_axis',(1.,0.,0.));
#4404=DIRECTION('center_axis',(0.,0.,1.));
#4405=DIRECTION('ref_axis',(1.,0.,0.));
#4406=DIRECTION('center_axis',(0.,0.,1.));
#4407=DIRECTION('ref_axis',(1.,0.,0.));
#4408=DIRECTION('',(0.,0.,-1.));
#4409=DIRECTION('center_axis',(0.,0.,1.));
#4410=DIRECTION('ref_axis',(1.,0.,0.));
#4411=DIRECTION('',(0.,0.,1.));
#4412=DIRECTION('center_axis',(0.,0.,1.));
#4413=DIRECTION('ref_axis',(1.,0.,0.));
#4414=DIRECTION('',(0.,0.,1.));
#4415=DIRECTION('center_axis',(0.,0.,-1.));
#4416=DIRECTION('ref_axis',(1.,0.,0.));
#4417=DIRECTION('center_axis',(0.,0.,1.));
#4418=DIRECTION('ref_axis',(1.,0.,0.));
#4419=DIRECTION('',(0.,0.,-1.));
#4420=DIRECTION('center_axis',(0.,0.,1.));
#4421=DIRECTION('ref_axis',(1.,0.,0.));
#4422=DIRECTION('',(0.,0.,1.));
#4423=DIRECTION('center_axis',(0.,0.,1.));
#4424=DIRECTION('ref_axis',(1.,0.,0.));
#4425=DIRECTION('center_axis',(0.,0.,1.));
#4426=DIRECTION('ref_axis',(1.,0.,0.));
#4427=DIRECTION('',(0.,0.,-1.));
#4428=DIRECTION('center_axis',(0.,0.,1.));
#4429=DIRECTION('ref_axis',(1.,0.,0.));
#4430=DIRECTION('',(0.,0.,1.));
#4431=DIRECTION('center_axis',(0.,0.,1.));
#4432=DIRECTION('ref_axis',(1.,0.,0.));
#4433=DIRECTION('',(0.,0.,1.));
#4434=DIRECTION('center_axis',(0.,0.,-1.));
#4435=DIRECTION('ref_axis',(1.,0.,0.));
#4436=DIRECTION('',(0.,0.,1.));
#4437=DIRECTION('center_axis',(3.79977731617113E-16,-0.86602540378433,-0.500000000000189));
#4438=DIRECTION('ref_axis',(8.11782592097049E-16,-0.500000000000189,0.86602540378433));
#4439=DIRECTION('center_axis',(0.,0.,-1.));
#4440=DIRECTION('ref_axis',(1.,0.,0.));
#4441=DIRECTION('center_axis',(0.,0.,1.));
#4442=DIRECTION('ref_axis',(1.,0.,0.));
#4443=DIRECTION('',(0.,0.,-1.));
#4444=DIRECTION('center_axis',(0.,0.,1.));
#4445=DIRECTION('ref_axis',(1.,0.,0.));
#4446=DIRECTION('',(0.,0.,-1.));
#4447=DIRECTION('center_axis',(0.,0.,1.));
#4448=DIRECTION('ref_axis',(1.,0.,0.));
#4449=DIRECTION('center_axis',(0.,0.,1.));
#4450=DIRECTION('ref_axis',(1.,0.,0.));
#4451=DIRECTION('',(0.,0.,-1.));
#4452=DIRECTION('center_axis',(0.,0.,1.));
#4453=DIRECTION('ref_axis',(1.,0.,0.));
#4454=DIRECTION('',(0.,0.,1.));
#4455=DIRECTION('center_axis',(0.,0.,1.));
#4456=DIRECTION('ref_axis',(1.,0.,0.));
#4457=DIRECTION('',(0.,0.,1.));
#4458=DIRECTION('center_axis',(0.,0.,-1.));
#4459=DIRECTION('ref_axis',(1.,0.,0.));
#4460=DIRECTION('center_axis',(1.97411978944117E-16,-0.866025403784328,
-0.500000000000191));
#4461=DIRECTION('ref_axis',(3.88032079022422E-15,0.500000000000191,-0.866025403784328));
#4462=DIRECTION('',(0.,0.,-1.));
#4463=DIRECTION('center_axis',(0.,0.,-1.));
#4464=DIRECTION('ref_axis',(1.,0.,0.));
#4465=DIRECTION('center_axis',(0.,0.,1.));
#4466=DIRECTION('ref_axis',(1.,0.,0.));
#4467=DIRECTION('',(0.,0.,-1.));
#4468=DIRECTION('center_axis',(0.,0.,1.));
#4469=DIRECTION('ref_axis',(1.,0.,0.));
#4470=DIRECTION('',(0.,0.,-1.));
#4471=DIRECTION('center_axis',(0.,0.,1.));
#4472=DIRECTION('ref_axis',(1.,0.,0.));
#4473=DIRECTION('center_axis',(0.,0.,-1.));
#4474=DIRECTION('ref_axis',(1.,0.,0.));
#4475=DIRECTION('',(0.,0.,1.));
#4476=DIRECTION('center_axis',(0.,0.,-1.));
#4477=DIRECTION('ref_axis',(1.,0.,0.));
#4478=DIRECTION('center_axis',(0.,0.,1.));
#4479=DIRECTION('ref_axis',(1.,0.,0.));
#4480=DIRECTION('center_axis',(0.,0.,-1.));
#4481=DIRECTION('ref_axis',(1.,0.,0.));
#4482=DIRECTION('',(0.,0.,1.));
#4483=DIRECTION('center_axis',(0.,0.,-1.));
#4484=DIRECTION('ref_axis',(1.,-7.70988211545247E-15,0.));
#4485=DIRECTION('',(0.,0.,1.));
#4486=DIRECTION('center_axis',(0.,0.,-1.));
#4487=DIRECTION('ref_axis',(1.,3.85494105772624E-15,0.));
#4488=DIRECTION('',(0.,0.,-1.));
#4489=DIRECTION('center_axis',(0.,0.,-1.));
#4490=DIRECTION('ref_axis',(1.,0.,0.));
#4491=DIRECTION('',(0.,0.,1.));
#4492=DIRECTION('center_axis',(0.,0.,-1.));
#4493=DIRECTION('ref_axis',(1.,0.,0.));
#4494=DIRECTION('',(0.,0.,-1.));
#4495=DIRECTION('center_axis',(0.,0.,-1.));
#4496=DIRECTION('ref_axis',(1.,0.,0.));
#4497=DIRECTION('',(0.,0.,-1.));
#4498=DIRECTION('center_axis',(0.,0.,-1.));
#4499=DIRECTION('ref_axis',(1.,0.,0.));
#4500=DIRECTION('',(0.,0.,1.));
#4501=DIRECTION('center_axis',(0.,0.,-1.));
#4502=DIRECTION('ref_axis',(1.,1.15648231731787E-14,0.));
#4503=DIRECTION('',(0.,0.,-1.));
#4504=DIRECTION('center_axis',(0.,0.,-1.));
#4505=DIRECTION('ref_axis',(1.,3.85494105772624E-15,0.));
#4506=DIRECTION('',(0.,0.,-1.));
#4507=DIRECTION('center_axis',(0.,0.,-1.));
#4508=DIRECTION('ref_axis',(1.,-7.70988211545247E-15,0.));
#4509=DIRECTION('center_axis',(0.,0.,1.));
#4510=DIRECTION('ref_axis',(1.,0.,0.));
#4511=DIRECTION('center_axis',(0.,0.,-1.));
#4512=DIRECTION('ref_axis',(1.,0.,0.));
#4513=DIRECTION('',(0.,0.,1.));
#4514=DIRECTION('center_axis',(0.,0.,-1.));
#4515=DIRECTION('ref_axis',(1.,0.,0.));
#4516=DIRECTION('center_axis',(0.,0.,1.));
#4517=DIRECTION('ref_axis',(1.,0.,0.));
#4518=DIRECTION('center_axis',(0.,0.,-1.));
#4519=DIRECTION('ref_axis',(1.,0.,0.));
#4520=DIRECTION('',(0.,0.,1.));
#4521=DIRECTION('center_axis',(0.,0.,-1.));
#4522=DIRECTION('ref_axis',(1.,0.,0.));
#4523=DIRECTION('center_axis',(0.,0.,1.));
#4524=DIRECTION('ref_axis',(1.,0.,0.));
#4525=DIRECTION('',(0.,-1.,0.));
#4526=DIRECTION('',(-1.,0.,0.));
#4527=DIRECTION('',(0.,-1.,0.));
#4528=DIRECTION('',(1.,0.,0.));
#4529=DIRECTION('center_axis',(0.,0.,-1.));
#4530=DIRECTION('ref_axis',(1.,2.23835287222814E-15,0.));
#4531=DIRECTION('',(1.,0.,0.));
#4532=DIRECTION('center_axis',(5.49175889784767E-15,-2.20341940063129E-14,
-1.));
#4533=DIRECTION('ref_axis',(1.,4.13180438742812E-11,5.49175889693726E-15));
#4534=DIRECTION('center_axis',(-5.24017534961303E-15,-2.20341940063129E-14,
-1.));
#4535=DIRECTION('ref_axis',(1.,-9.8549980313485E-12,-5.24017534939588E-15));
#4536=DIRECTION('',(1.,0.,0.));
#4537=DIRECTION('',(0.,1.,0.));
#4538=DIRECTION('',(-1.,0.,0.));
#4539=DIRECTION('',(0.,1.,0.));
#4540=DIRECTION('',(1.,0.,0.));
#4541=DIRECTION('',(0.,1.,0.));
#4542=DIRECTION('',(-0.707106781186548,0.707106781186547,0.));
#4543=DIRECTION('',(-1.,0.,0.));
#4544=DIRECTION('',(0.,1.,0.));
#4545=DIRECTION('',(1.,0.,0.));
#4546=DIRECTION('',(0.,-1.,0.));
#4547=DIRECTION('',(-1.,0.,0.));
#4548=DIRECTION('',(0.,-1.,0.));
#4549=DIRECTION('',(1.,0.,0.));
#4550=DIRECTION('',(0.,-1.,0.));
#4551=DIRECTION('',(1.,0.,0.));
#4552=DIRECTION('',(-0.707106781186548,-0.707106781186547,0.));
#4553=DIRECTION('',(0.,-1.,0.));
#4554=DIRECTION('',(1.,0.,0.));
#4555=DIRECTION('',(0.,-1.,0.));
#4556=DIRECTION('',(-1.,0.,0.));
#4557=DIRECTION('',(0.,1.,0.));
#4558=DIRECTION('',(1.,0.,0.));
#4559=DIRECTION('',(0.522217922594128,-0.852812078550412,0.));
#4560=DIRECTION('',(-1.,0.,0.));
#4561=DIRECTION('',(-0.531006965902198,0.847367454038295,0.));
#4562=DIRECTION('',(-1.,0.,0.));
#4563=DIRECTION('',(0.,-1.,0.));
#4564=DIRECTION('',(-1.,0.,0.));
#4565=DIRECTION('',(0.,1.,0.));
#4566=DIRECTION('',(-1.,0.,0.));
#4567=DIRECTION('',(0.,1.,0.));
#4568=DIRECTION('',(0.565971147127143,0.824425048515379,0.));
#4569=DIRECTION('',(1.,0.,0.));
#4570=DIRECTION('',(0.,-1.,0.));
#4571=DIRECTION('',(1.,0.,0.));
#4572=DIRECTION('',(0.,-1.,0.));
#4573=DIRECTION('',(-1.,0.,0.));
#4574=DIRECTION('center_axis',(0.,0.,-1.));
#4575=DIRECTION('ref_axis',(1.,0.,0.));
#4576=DIRECTION('',(0.,-1.,0.));
#4577=DIRECTION('center_axis',(0.,0.,-1.));
#4578=DIRECTION('ref_axis',(1.,0.,0.));
#4579=DIRECTION('',(0.,1.,0.));
#4580=DIRECTION('center_axis',(1.,0.,0.));
#4581=DIRECTION('ref_axis',(0.,0.,-1.));
#4582=DIRECTION('',(0.,1.,0.));
#4583=DIRECTION('',(0.,0.,-1.));
#4584=DIRECTION('',(0.,1.,0.));
#4585=DIRECTION('',(0.,1.,0.));
#4586=DIRECTION('',(0.,1.,0.));
#4587=DIRECTION('',(0.,0.,1.));
#4588=DIRECTION('center_axis',(1.,0.,0.));
#4589=DIRECTION('ref_axis',(0.,0.,-1.));
#4590=DIRECTION('',(0.,0.,-1.));
#4591=DIRECTION('',(0.,1.,0.));
#4592=DIRECTION('',(0.,0.,-1.));
#4593=DIRECTION('',(0.,-1.,0.));
#4594=DIRECTION('center_axis',(1.,0.,0.));
#4595=DIRECTION('ref_axis',(0.,0.,-1.));
#4596=DIRECTION('',(0.,0.,1.));
#4597=DIRECTION('',(0.,1.,0.));
#4598=DIRECTION('',(0.,0.,-1.));
#4599=DIRECTION('',(0.,-1.,0.));
#4600=DIRECTION('center_axis',(1.,0.,0.));
#4601=DIRECTION('ref_axis',(0.,0.,-1.));
#4602=DIRECTION('',(0.,0.,-1.));
#4603=DIRECTION('',(0.,1.,0.));
#4604=DIRECTION('',(0.,0.,-1.));
#4605=DIRECTION('',(0.,-1.,0.));
#4606=DIRECTION('center_axis',(1.,0.,0.));
#4607=DIRECTION('ref_axis',(0.,0.,-1.));
#4608=DIRECTION('',(0.,0.,1.));
#4609=DIRECTION('',(0.,1.,0.));
#4610=DIRECTION('',(0.,0.,-1.));
#4611=DIRECTION('',(0.,-1.,0.));
#4612=DIRECTION('center_axis',(0.,0.,1.));
#4613=DIRECTION('ref_axis',(1.,0.,0.));
#4614=DIRECTION('',(-1.,0.,0.));
#4615=DIRECTION('',(1.,0.,0.));
#4616=DIRECTION('center_axis',(0.,0.,1.));
#4617=DIRECTION('ref_axis',(1.,0.,0.));
#4618=DIRECTION('',(-1.,0.,0.));
#4619=DIRECTION('',(1.,0.,0.));
#4620=DIRECTION('center_axis',(0.,0.,1.));
#4621=DIRECTION('ref_axis',(1.,0.,0.));
#4622=DIRECTION('',(-1.,0.,0.));
#4623=DIRECTION('',(-1.,0.,0.));
#4624=DIRECTION('center_axis',(0.,1.,0.));
#4625=DIRECTION('ref_axis',(0.,0.,1.));
#4626=DIRECTION('',(1.,0.,0.));
#4627=DIRECTION('',(-1.,0.,0.));
#4628=DIRECTION('center_axis',(0.,0.,1.));
#4629=DIRECTION('ref_axis',(1.,0.,0.));
#4630=DIRECTION('',(-1.,0.,0.));
#4631=DIRECTION('center_axis',(0.,1.,0.));
#4632=DIRECTION('ref_axis',(0.,0.,1.));
#4633=DIRECTION('',(-1.,0.,0.));
#4634=DIRECTION('center_axis',(0.,0.,1.));
#4635=DIRECTION('ref_axis',(1.,0.,0.));
#4636=DIRECTION('',(-1.,0.,0.));
#4637=DIRECTION('',(-1.,0.,0.));
#4638=DIRECTION('center_axis',(0.,1.,0.));
#4639=DIRECTION('ref_axis',(0.,0.,1.));
#4640=DIRECTION('',(1.,0.,0.));
#4641=DIRECTION('',(-1.,0.,0.));
#4642=DIRECTION('center_axis',(0.,0.,1.));
#4643=DIRECTION('ref_axis',(1.,0.,0.));
#4644=DIRECTION('',(-1.,0.,0.));
#4645=DIRECTION('center_axis',(0.,1.,0.));
#4646=DIRECTION('ref_axis',(0.,0.,1.));
#4647=DIRECTION('',(-1.,0.,0.));
#4648=DIRECTION('center_axis',(1.,0.,0.));
#4649=DIRECTION('ref_axis',(0.,0.,-1.));
#4650=DIRECTION('',(0.,0.,1.));
#4651=DIRECTION('',(0.,1.,0.));
#4652=DIRECTION('',(0.,0.,1.));
#4653=DIRECTION('',(0.,-1.,0.));
#4654=DIRECTION('center_axis',(1.,0.,0.));
#4655=DIRECTION('ref_axis',(0.,0.,-1.));
#4656=DIRECTION('',(0.,0.,-1.));
#4657=DIRECTION('',(0.,1.,0.));
#4658=DIRECTION('',(0.,0.,-1.));
#4659=DIRECTION('',(0.,-1.,0.));
#4660=DIRECTION('center_axis',(1.,0.,0.));
#4661=DIRECTION('ref_axis',(0.,0.,-1.));
#4662=DIRECTION('',(0.,-0.866025403784329,-0.50000000000019));
#4663=DIRECTION('center_axis',(-1.,0.,2.22044604925E-16));
#4664=DIRECTION('ref_axis',(-2.22044604925E-16,0.,-1.));
#4665=DIRECTION('',(2.22044604925E-16,0.,1.));
#4666=DIRECTION('center_axis',(1.,0.,-2.22044604925E-16));
#4667=DIRECTION('ref_axis',(-2.22044604925E-16,0.,-1.));
#4668=DIRECTION('',(0.,-1.,0.));
#4669=DIRECTION('center_axis',(0.,0.50000000000019,-0.866025403784329));
#4670=DIRECTION('ref_axis',(0.,0.866025403784329,0.50000000000019));
#4671=DIRECTION('',(0.,-0.866025403784421,-0.500000000000031));
#4672=DIRECTION('',(1.,0.,-2.22044604925E-16));
#4673=DIRECTION('',(-1.,0.,0.));
#4674=DIRECTION('center_axis',(0.,1.,0.));
#4675=DIRECTION('ref_axis',(0.,0.,1.));
#4676=DIRECTION('',(1.,0.,0.));
#4677=DIRECTION('',(0.,0.,-1.));
#4678=DIRECTION('',(-1.,0.,0.));
#4679=DIRECTION('',(-1.,0.,0.));
#4680=DIRECTION('',(-1.,0.,0.));
#4681=DIRECTION('',(-1.,0.,0.));
#4682=DIRECTION('',(0.,0.,-1.));
#4683=DIRECTION('',(-1.,0.,0.));
#4684=DIRECTION('',(0.,0.,-1.));
#4685=DIRECTION('center_axis',(1.,0.,0.));
#4686=DIRECTION('ref_axis',(0.,0.,-1.));
#4687=DIRECTION('',(0.,-1.,0.));
#4688=DIRECTION('',(0.,1.,0.));
#4689=DIRECTION('',(0.,-1.,0.));
#4690=DIRECTION('',(0.,1.,0.));
#4691=DIRECTION('',(0.,0.,-1.));
#4692=DIRECTION('center_axis',(0.,0.,1.));
#4693=DIRECTION('ref_axis',(1.,0.,0.));
#4694=DIRECTION('',(-1.,0.,0.));
#4695=DIRECTION('center_axis',(0.,0.,1.));
#4696=DIRECTION('ref_axis',(1.,0.,0.));
#4697=DIRECTION('',(-1.,0.,0.));
#4698=DIRECTION('center_axis',(0.,0.,1.));
#4699=DIRECTION('ref_axis',(1.,0.,0.));
#4700=DIRECTION('',(-1.,0.,0.));
#4701=DIRECTION('center_axis',(0.,0.,1.));
#4702=DIRECTION('ref_axis',(1.,0.,0.));
#4703=DIRECTION('center_axis',(0.,0.,1.));
#4704=DIRECTION('ref_axis',(1.,0.,0.));
#4705=DIRECTION('center_axis',(0.,0.,1.));
#4706=DIRECTION('ref_axis',(1.,0.,0.));
#4707=DIRECTION('center_axis',(0.,0.,1.));
#4708=DIRECTION('ref_axis',(1.,0.,0.));
#4709=DIRECTION('center_axis',(0.,0.,1.));
#4710=DIRECTION('ref_axis',(1.,0.,0.));
#4711=DIRECTION('center_axis',(0.,0.,1.));
#4712=DIRECTION('ref_axis',(1.,0.,0.));
#4713=DIRECTION('',(1.,0.,0.));
#4714=DIRECTION('',(-1.,0.,0.));
#4715=DIRECTION('center_axis',(0.,1.,0.));
#4716=DIRECTION('ref_axis',(0.,0.,1.));
#4717=DIRECTION('',(1.,0.,0.));
#4718=DIRECTION('',(-1.,0.,0.));
#4719=DIRECTION('',(-1.,0.,0.));
#4720=DIRECTION('center_axis',(0.,0.,1.));
#4721=DIRECTION('ref_axis',(1.,0.,0.));
#4722=DIRECTION('',(-1.,0.,0.));
#4723=DIRECTION('center_axis',(0.,1.,0.));
#4724=DIRECTION('ref_axis',(0.,0.,1.));
#4725=DIRECTION('',(-1.,0.,0.));
#4726=DIRECTION('',(1.,0.,0.));
#4727=DIRECTION('center_axis',(1.,0.,0.));
#4728=DIRECTION('ref_axis',(0.,0.,-1.));
#4729=DIRECTION('center_axis',(-1.,0.,2.22044604925E-16));
#4730=DIRECTION('ref_axis',(-2.22044604925E-16,0.,-1.));
#4731=DIRECTION('',(0.,1.,0.));
#4732=DIRECTION('',(0.,0.,-1.));
#4733=DIRECTION('',(0.,1.,0.));
#4734=DIRECTION('center_axis',(1.,0.,-2.22044604925E-16));
#4735=DIRECTION('ref_axis',(-2.22044604925E-16,0.,-1.));
#4736=DIRECTION('',(-1.,0.,0.));
#4737=DIRECTION('center_axis',(-0.707106781186551,-0.707106781186544,-1.93412434480637E-14));
#4738=DIRECTION('ref_axis',(0.707106781186544,-0.707106781186551,1.96057835654367E-11));
#4739=DIRECTION('center_axis',(-0.866025403783928,8.97324461310351E-13,
-0.500000000000885));
#4740=DIRECTION('ref_axis',(0.500000000000885,-1.05550349111299E-11,-0.866025403783928));
#4741=DIRECTION('center_axis',(1.,0.,-2.22044604925E-16));
#4742=DIRECTION('ref_axis',(2.1529495391824E-16,-0.24468639068519,0.96960227424107));
#4743=DIRECTION('center_axis',(1.,0.,-2.22044604925E-16));
#4744=DIRECTION('ref_axis',(-2.22044604925E-16,0.,-1.));
#4745=DIRECTION('center_axis',(-0.707106781186547,-0.707106781186548,6.9318023739942E-15));
#4746=DIRECTION('ref_axis',(0.707106781186548,-0.707106781186547,-9.29931947242469E-13));
#4747=DIRECTION('center_axis',(0.,0.,1.));
#4748=DIRECTION('ref_axis',(1.,0.,0.));
#4749=DIRECTION('center_axis',(1.,0.,0.));
#4750=DIRECTION('ref_axis',(0.,0.,-1.));
#4751=DIRECTION('',(0.,-0.50000000000019,0.866025403784329));
#4752=DIRECTION('',(0.,0.,-1.));
#4753=DIRECTION('',(0.,-0.499999999999753,0.866025403784581));
#4754=DIRECTION('center_axis',(0.,0.,1.));
#4755=DIRECTION('ref_axis',(1.,0.,0.));
#4756=DIRECTION('center_axis',(0.,0.,1.));
#4757=DIRECTION('ref_axis',(1.,0.,0.));
#4758=DIRECTION('center_axis',(0.,0.,1.));
#4759=DIRECTION('ref_axis',(1.,0.,0.));
#4760=DIRECTION('center_axis',(1.,0.,0.));
#4761=DIRECTION('ref_axis',(0.,0.,-1.));
#4762=DIRECTION('',(0.,-0.50000000000019,0.866025403784329));
#4763=DIRECTION('',(0.,0.,1.));
#4764=DIRECTION('',(0.,0.50000000000019,-0.866025403784329));
#4765=DIRECTION('center_axis',(0.,1.,0.));
#4766=DIRECTION('ref_axis',(0.,0.,1.));
#4767=DIRECTION('',(-1.,0.,0.));
#4768=DIRECTION('',(-1.,0.,0.));
#4769=DIRECTION('',(0.,0.,1.));
#4770=DIRECTION('',(-1.,0.,0.));
#4771=DIRECTION('',(0.,0.,-1.));
#4772=DIRECTION('',(-1.,0.,0.));
#4773=DIRECTION('center_axis',(1.,0.,0.));
#4774=DIRECTION('ref_axis',(0.,0.,-1.));
#4775=DIRECTION('',(0.,0.,-1.));
#4776=DIRECTION('',(0.,1.,0.));
#4777=DIRECTION('center_axis',(1.,0.,-2.22044604925E-16));
#4778=DIRECTION('ref_axis',(-2.22044604925E-16,0.,-1.));
#4779=DIRECTION('',(0.,-1.,0.));
#4780=DIRECTION('center_axis',(1.,0.,-2.22044604925E-16));
#4781=DIRECTION('ref_axis',(-2.22044604925E-16,0.,-1.));
#4782=DIRECTION('',(0.,1.,0.));
#4783=DIRECTION('center_axis',(-1.,0.,2.22044604925E-16));
#4784=DIRECTION('ref_axis',(-2.22044604925E-16,9.13012355777267E-16,-1.));
#4785=DIRECTION('',(0.,0.,-1.));
#4786=DIRECTION('center_axis',(0.,0.,1.));
#4787=DIRECTION('ref_axis',(1.,0.,0.));
#4788=DIRECTION('',(-1.,0.,2.22044604925E-16));
#4789=DIRECTION('',(0.,-1.,0.));
#4790=DIRECTION('',(-1.,0.,0.));
#4791=DIRECTION('',(-0.707106781186547,0.707106781186547,0.));
#4792=DIRECTION('center_axis',(0.,0.,1.));
#4793=DIRECTION('ref_axis',(1.,0.,0.));
#4794=DIRECTION('',(0.,1.,0.));
#4795=DIRECTION('',(-0.707106781186547,-0.707106781186547,0.));
#4796=DIRECTION('',(-0.707106781186547,0.707106781186547,0.));
#4797=DIRECTION('',(0.,1.,0.));
#4798=DIRECTION('',(-1.,0.,2.22044604925E-16));
#4799=DIRECTION('center_axis',(1.,0.,-2.22044604925E-16));
#4800=DIRECTION('ref_axis',(-2.22044604925E-16,0.,-1.));
#4801=DIRECTION('',(2.22044604925E-16,0.,1.));
#4802=DIRECTION('center_axis',(1.,0.,-2.22044604925E-16));
#4803=DIRECTION('ref_axis',(-2.22044604925E-16,0.,-1.));
#4804=DIRECTION('',(0.,-1.,0.));
#4805=DIRECTION('',(0.,-0.866025403784329,-0.50000000000019));
#4806=DIRECTION('center_axis',(-1.,0.,2.22044604925E-16));
#4807=DIRECTION('ref_axis',(-2.22044604925E-16,1.63268091856641E-15,-1.));
#4808=DIRECTION('center_axis',(1.,0.,-2.22044604925E-16));
#4809=DIRECTION('ref_axis',(-2.22044604925E-16,0.,-1.));
#4810=DIRECTION('center_axis',(1.,0.,-2.22044604925E-16));
#4811=DIRECTION('ref_axis',(-2.22044604925E-16,0.,-1.));
#4812=DIRECTION('',(0.,0.866025403784329,0.50000000000019));
#4813=DIRECTION('',(0.,1.,0.));
#4814=DIRECTION('center_axis',(-1.,0.,2.22044604925E-16));
#4815=DIRECTION('ref_axis',(-2.22044604925E-16,0.,-1.));
#4816=DIRECTION('',(2.22044604925E-16,0.,1.));
#4817=DIRECTION('center_axis',(0.,0.50000000000019,-0.866025403784329));
#4818=DIRECTION('ref_axis',(0.,0.866025403784329,0.50000000000019));
#4819=DIRECTION('',(1.,0.,-2.22044604925E-16));
#4820=DIRECTION('',(-1.,0.,0.));
#4821=DIRECTION('center_axis',(0.,0.,1.));
#4822=DIRECTION('ref_axis',(1.,0.,0.));
#4823=DIRECTION('center_axis',(1.,0.,-2.22044604925E-16));
#4824=DIRECTION('ref_axis',(2.16073098071837E-16,-0.230354734662439,0.973106723961251));
#4825=DIRECTION('',(1.,0.,0.));
#4826=DIRECTION('center_axis',(-1.,0.,2.22044604925E-16));
#4827=DIRECTION('ref_axis',(-2.22044604925E-16,1.98254111540206E-15,-1.));
#4828=DIRECTION('',(1.,0.,-2.22044604925E-16));
#4829=DIRECTION('center_axis',(-1.,0.,2.22044604925E-16));
#4830=DIRECTION('ref_axis',(-2.22044604925E-16,1.98254111540206E-15,-1.));
#4831=DIRECTION('center_axis',(0.,0.,1.));
#4832=DIRECTION('ref_axis',(1.,0.,0.));
#4833=DIRECTION('',(-1.,0.,0.));
#4834=DIRECTION('center_axis',(0.,0.,1.));
#4835=DIRECTION('ref_axis',(1.,0.,0.));
#4836=DIRECTION('',(-1.,0.,0.));
#4837=DIRECTION('',(0.,1.,0.));
#4838=DIRECTION('center_axis',(0.,0.,1.));
#4839=DIRECTION('ref_axis',(1.,0.,0.));
#4840=DIRECTION('center_axis',(0.,0.,1.));
#4841=DIRECTION('ref_axis',(1.,0.,0.));
#4842=DIRECTION('center_axis',(0.,0.,1.));
#4843=DIRECTION('ref_axis',(1.,0.,0.));
#4844=DIRECTION('',(0.,1.,0.));
#4845=DIRECTION('',(1.,0.,0.));
#4846=DIRECTION('center_axis',(0.,0.,1.));
#4847=DIRECTION('ref_axis',(1.,0.,0.));
#4848=DIRECTION('',(-1.,0.,0.));
#4849=DIRECTION('center_axis',(0.,1.,0.));
#4850=DIRECTION('ref_axis',(0.,0.,1.));
#4851=DIRECTION('',(-1.,0.,0.));
#4852=DIRECTION('',(0.,0.,-1.));
#4853=DIRECTION('',(0.,0.,1.));
#4854=DIRECTION('center_axis',(1.,0.,-2.22044604925E-16));
#4855=DIRECTION('ref_axis',(2.16073098071837E-16,-0.230354734662439,0.973106723961251));
#4856=DIRECTION('center_axis',(-1.,0.,2.22044604925E-16));
#4857=DIRECTION('ref_axis',(-2.22044604925E-16,9.91270557701032E-16,-1.));
#4858=DIRECTION('',(1.,0.,0.));
#4859=DIRECTION('center_axis',(-1.,0.,2.22044604925E-16));
#4860=DIRECTION('ref_axis',(-2.22044604925E-16,9.91270557701032E-16,-1.));
#4861=DIRECTION('',(-1.,0.,0.));
#4862=DIRECTION('center_axis',(-2.22044604925E-16,1.,0.));
#4863=DIRECTION('ref_axis',(-1.,-2.22044604925E-16,0.));
#4864=DIRECTION('',(0.,0.,-1.));
#4865=DIRECTION('',(1.,0.,0.));
#4866=DIRECTION('',(0.50000000000019,0.,-0.866025403784329));
#4867=DIRECTION('',(1.,0.,0.));
#4868=DIRECTION('',(0.,0.,1.));
#4869=DIRECTION('',(0.707106781186547,0.,0.707106781186547));
#4870=DIRECTION('center_axis',(0.,0.,1.));
#4871=DIRECTION('ref_axis',(1.,0.,0.));
#4872=DIRECTION('center_axis',(0.,0.,1.));
#4873=DIRECTION('ref_axis',(1.,0.,0.));
#4874=DIRECTION('center_axis',(0.,-0.707106781186548,0.707106781186548));
#4875=DIRECTION('ref_axis',(0.,-0.707106781186548,-0.707106781186548));
#4876=DIRECTION('',(1.,2.22044604925E-16,0.));
#4877=DIRECTION('',(0.,0.707106781186547,0.707106781186547));
#4878=DIRECTION('',(-1.,0.,0.));
#4879=DIRECTION('',(-0.377964473009331,-0.654653670708068,-0.654653670707826));
#4880=DIRECTION('center_axis',(0.,-0.707106781186548,0.707106781186548));
#4881=DIRECTION('ref_axis',(0.,-0.707106781186548,-0.707106781186548));
#4882=DIRECTION('',(0.377964473009396,-0.654653670707917,-0.65465367070794));
#4883=DIRECTION('',(-1.,0.,0.));
#4884=DIRECTION('',(0.,0.707106781186547,0.707106781186547));
#4885=DIRECTION('center_axis',(0.866025403784329,0.,0.50000000000019));
#4886=DIRECTION('ref_axis',(0.50000000000019,0.,-0.866025403784329));
#4887=DIRECTION('',(0.447213595499945,-0.447213595499946,-0.774596669241498));
#4888=DIRECTION('',(0.377964472995628,0.654653670711893,-0.654653670711913));
#4889=DIRECTION('center_axis',(0.707106781186548,0.707106781186548,0.));
#4890=DIRECTION('ref_axis',(-0.707106781186548,0.707106781186548,0.));
#4891=DIRECTION('center_axis',(-0.707106781186568,-0.707106781186527,7.91172991104033E-14));
#4892=DIRECTION('ref_axis',(0.707106781186527,-0.707106781186568,3.05286589205474E-11));
#4893=DIRECTION('',(0.,0.,-1.));
#4894=DIRECTION('center_axis',(0.,1.,0.));
#4895=DIRECTION('ref_axis',(0.,0.,1.));
#4896=DIRECTION('',(0.,0.,-1.));
#4897=DIRECTION('center_axis',(0.707106781186548,0.707106781186548,0.));
#4898=DIRECTION('ref_axis',(-0.707106781186548,0.707106781186548,0.));
#4899=DIRECTION('',(-0.447213595499944,0.447213595500132,-0.774596669241391));
#4900=DIRECTION('',(0.,0.,1.));
#4901=DIRECTION('center_axis',(0.,0.866025403784329,0.50000000000019));
#4902=DIRECTION('ref_axis',(0.,-0.50000000000019,0.866025403784329));
#4903=DIRECTION('',(0.,-0.500000000000024,0.866025403784425));
#4904=DIRECTION('center_axis',(0.,0.866025403784329,0.50000000000019));
#4905=DIRECTION('ref_axis',(0.,-0.50000000000019,0.866025403784329));
#4906=DIRECTION('center_axis',(-0.707106781186548,0.707106781186548,0.));
#4907=DIRECTION('ref_axis',(-0.707106781186548,-0.707106781186548,0.));
#4908=DIRECTION('',(-0.447213595499944,-0.447213595500132,0.774596669241391));
#4909=DIRECTION('',(0.,0.,1.));
#4910=DIRECTION('center_axis',(0.,0.866025403784329,0.50000000000019));
#4911=DIRECTION('ref_axis',(0.,-0.50000000000019,0.866025403784329));
#4912=DIRECTION('',(0.,-0.500000000000024,0.866025403784425));
#4913=DIRECTION('center_axis',(1.,0.,-2.22044604925E-16));
#4914=DIRECTION('ref_axis',(-2.22044604925E-16,0.,-1.));
#4915=DIRECTION('',(1.,0.,-2.22044604925E-16));
#4916=DIRECTION('center_axis',(-0.866025403784324,-1.03527039462332E-14,
0.500000000000199));
#4917=DIRECTION('ref_axis',(0.500000000000199,-5.32924710680637E-12,0.866025403784324));
#4918=DIRECTION('center_axis',(-0.707106781604183,-0.707106780768912,-1.03312321167324E-9));
#4919=DIRECTION('ref_axis',(0.340991585378041,-0.340991587060792,0.876041937497933));
#4920=DIRECTION('center_axis',(0.707106781186546,-0.70710678118655,9.74459846599678E-15));
#4921=DIRECTION('ref_axis',(0.707106781186549,0.707106781186545,-1.29764812423259E-13));
#4922=DIRECTION('center_axis',(0.707106781186548,0.707106781186548,0.));
#4923=DIRECTION('ref_axis',(-0.707106781186548,0.707106781186548,0.));
#4924=DIRECTION('',(0.447213595500106,-0.44721359550007,0.774596669241333));
#4925=DIRECTION('',(0.,0.,1.));
#4926=DIRECTION('center_axis',(0.866025403784329,0.,-0.50000000000019));
#4927=DIRECTION('ref_axis',(-0.50000000000019,0.,-0.866025403784329));
#4928=DIRECTION('',(0.500000000000846,1.26645977504195E-16,0.86602540378395));
#4929=DIRECTION('',(0.377964473053833,-0.654653670695091,0.65465367069511));
#4930=DIRECTION('',(0.44721359550039,0.44721359550039,0.774596669240984));
#4931=DIRECTION('center_axis',(0.,1.,0.));
#4932=DIRECTION('ref_axis',(0.,0.,1.));
#4933=DIRECTION('',(0.,0.,-1.));
#4934=DIRECTION('',(0.,0.,-1.));
#4935=DIRECTION('',(-1.,0.,0.));
#4936=DIRECTION('center_axis',(0.,0.,1.));
#4937=DIRECTION('ref_axis',(1.,0.,0.));
#4938=DIRECTION('',(-0.707106781186547,-0.707106781186547,0.));
#4939=DIRECTION('',(0.,1.,0.));
#4940=DIRECTION('',(-1.,0.,2.22044604925E-16));
#4941=DIRECTION('center_axis',(1.,0.,-2.22044604925E-16));
#4942=DIRECTION('ref_axis',(2.22044604925E-16,1.22464679914735E-16,1.));
#4943=DIRECTION('center_axis',(-1.,0.,2.22044604925E-16));
#4944=DIRECTION('ref_axis',(-2.22044604925E-16,0.,-1.));
#4945=DIRECTION('',(-1.,0.,0.));
#4946=DIRECTION('center_axis',(0.707106781186531,-0.707106781186564,-6.20365656108614E-14));
#4947=DIRECTION('ref_axis',(0.707106781186564,0.707106781186531,-1.16082339348704E-10));
#4948=DIRECTION('center_axis',(1.,0.,-2.22044604925E-16));
#4949=DIRECTION('ref_axis',(-2.22044604925E-16,0.,-1.));
#4950=DIRECTION('center_axis',(1.,0.,-2.22044604925E-16));
#4951=DIRECTION('ref_axis',(2.16886268915882E-16,-0.214295303665534,0.976768919871479));
#4952=DIRECTION('center_axis',(0.707106781186549,-0.707106781186546,2.50147516546718E-14));
#4953=DIRECTION('ref_axis',(0.707106781186546,0.707106781186549,-6.58188041928912E-13));
#4954=DIRECTION('center_axis',(-2.22044604925E-16,1.,0.));
#4955=DIRECTION('ref_axis',(-1.,-2.22044604925E-16,0.));
#4956=DIRECTION('',(1.,0.,0.));
#4957=DIRECTION('',(0.,0.,-1.));
#4958=DIRECTION('',(-0.707106781186547,0.,0.707106781186547));
#4959=DIRECTION('center_axis',(1.,0.,-2.22044604925E-16));
#4960=DIRECTION('ref_axis',(-2.22044604925E-16,0.,-1.));
#4961=DIRECTION('',(0.,-1.,0.));
#4962=DIRECTION('center_axis',(-1.,0.,2.22044604925E-16));
#4963=DIRECTION('ref_axis',(-2.22044604925E-16,0.,-1.));
#4964=DIRECTION('',(0.,-1.,0.));
#4965=DIRECTION('center_axis',(0.,0.,1.));
#4966=DIRECTION('ref_axis',(1.,0.,0.));
#4967=DIRECTION('',(-1.,0.,2.22044604925E-16));
#4968=DIRECTION('center_axis',(0.,0.,-1.));
#4969=DIRECTION('ref_axis',(1.,0.,0.));
#4970=DIRECTION('',(-1.,0.,0.));
#4971=DIRECTION('',(0.,1.,0.));
#4972=DIRECTION('center_axis',(0.,0.,1.));
#4973=DIRECTION('ref_axis',(1.,0.,0.));
#4974=DIRECTION('center_axis',(0.,0.,-1.));
#4975=DIRECTION('ref_axis',(1.,-1.04083408558608E-14,0.));
#4976=DIRECTION('',(-1.,0.,2.22044604925E-16));
#4977=DIRECTION('',(0.,1.,0.));
#4978=DIRECTION('',(0.,1.,0.));
#4979=DIRECTION('',(-1.,0.,0.));
#4980=DIRECTION('center_axis',(1.,0.,-2.22044604925E-16));
#4981=DIRECTION('ref_axis',(-2.22044604925E-16,0.,-1.));
#4982=DIRECTION('',(0.,1.,0.));
#4983=DIRECTION('center_axis',(1.,0.,-2.22044604925E-16));
#4984=DIRECTION('ref_axis',(-2.22044604925E-16,0.,-1.));
#4985=DIRECTION('center_axis',(0.,0.,1.));
#4986=DIRECTION('ref_axis',(1.,0.,0.));
#4987=DIRECTION('',(1.,0.,0.));
#4988=DIRECTION('',(0.,1.,0.));
#4989=DIRECTION('',(1.,0.,0.));
#4990=DIRECTION('',(0.,-1.,0.));
#4991=DIRECTION('center_axis',(-1.,-2.22044604925E-16,0.));
#4992=DIRECTION('ref_axis',(2.22044604925E-16,-1.,0.));
#4993=DIRECTION('',(0.,0.,1.));
#4994=DIRECTION('',(0.,1.,0.));
#4995=DIRECTION('',(0.,1.,0.));
#4996=DIRECTION('center_axis',(-1.,-2.22044604925E-16,0.));
#4997=DIRECTION('ref_axis',(2.22044604925E-16,-1.,0.));
#4998=DIRECTION('',(0.,0.,-1.));
#4999=DIRECTION('',(0.,1.,0.));
#5000=DIRECTION('',(0.,-1.,0.));
#5001=DIRECTION('center_axis',(0.,0.,1.));
#5002=DIRECTION('ref_axis',(1.,0.,0.));
#5003=DIRECTION('',(1.,0.,0.));
#5004=DIRECTION('',(0.,1.,0.));
#5005=DIRECTION('',(-1.,0.,0.));
#5006=DIRECTION('',(0.,1.,0.));
#5007=DIRECTION('center_axis',(-0.866025403784329,-0.50000000000019,0.));
#5008=DIRECTION('ref_axis',(0.50000000000019,-0.866025403784329,0.));
#5009=DIRECTION('',(0.499999999998849,-0.866025403785103,0.));
#5010=DIRECTION('',(0.,0.,1.));
#5011=DIRECTION('center_axis',(0.866025403785,0.499999999999027,7.21989321620157E-12));
#5012=DIRECTION('ref_axis',(0.499999999999027,-0.866025403785,3.4314807987385E-12));
#5013=DIRECTION('',(0.,0.,-1.));
#5014=DIRECTION('center_axis',(-0.866025403784329,0.50000000000019,0.));
#5015=DIRECTION('ref_axis',(-0.50000000000019,-0.866025403784329,0.));
#5016=DIRECTION('',(-0.500000000000246,-0.866025403784297,0.));
#5017=DIRECTION('center_axis',(0.866025403784326,-0.500000000000195,1.44359421240036E-14));
#5018=DIRECTION('ref_axis',(0.500000000000195,0.866025403784326,2.0527356718468E-11));
#5019=DIRECTION('',(0.,0.,-1.));
#5020=DIRECTION('center_axis',(5.730183352904E-16,1.,0.));
#5021=DIRECTION('ref_axis',(-1.,5.730183352904E-16,0.));
#5022=DIRECTION('',(-1.,0.,0.));
#5023=DIRECTION('',(-1.,0.,2.22044604925E-16));
#5024=DIRECTION('',(0.,0.,-1.));
#5025=DIRECTION('center_axis',(0.866025403784329,0.50000000000019,0.));
#5026=DIRECTION('ref_axis',(-0.50000000000019,0.866025403784329,0.));
#5027=DIRECTION('',(-0.500000000000246,0.866025403784297,0.));
#5028=DIRECTION('center_axis',(-0.86602540378359,-0.500000000001469,2.50689157446375E-12));
#5029=DIRECTION('ref_axis',(0.500000000001469,-0.86602540378359,-5.70526094949902E-13));
#5030=DIRECTION('',(0.,0.,-1.));
#5031=DIRECTION('center_axis',(0.866025403784329,-0.50000000000019,0.));
#5032=DIRECTION('ref_axis',(0.50000000000019,0.866025403784329,0.));
#5033=DIRECTION('',(0.499999999998849,0.866025403785103,0.));
#5034=DIRECTION('center_axis',(-0.866025403784328,0.500000000000191,-3.91446929279695E-14));
#5035=DIRECTION('ref_axis',(0.500000000000191,0.866025403784328,7.46762609600824E-12));
#5036=DIRECTION('',(0.,0.,-1.));
#5037=DIRECTION('center_axis',(-1.432545838226E-16,-1.,0.));
#5038=DIRECTION('ref_axis',(1.,-1.432545838226E-16,0.));
#5039=DIRECTION('',(1.,0.,0.));
#5040=DIRECTION('',(1.,0.,-2.22044604925E-16));
#5041=DIRECTION('center_axis',(1.,0.,0.));
#5042=DIRECTION('ref_axis',(0.,0.,-1.));
#5043=DIRECTION('',(0.,0.,1.));
#5044=DIRECTION('',(0.,-1.,0.));
#5045=DIRECTION('',(0.,0.,-1.));
#5046=DIRECTION('',(0.,0.,1.));
#5047=DIRECTION('',(0.,-1.,0.));
#5048=DIRECTION('',(0.,0.,1.));
#5049=DIRECTION('',(0.,-0.642787609683624,-0.766044443121424));
#5050=DIRECTION('',(0.,1.,0.));
#5051=DIRECTION('',(0.,-0.707106781186547,0.707106781186547));
#5052=DIRECTION('center_axis',(0.,1.,0.));
#5053=DIRECTION('ref_axis',(0.,0.,1.));
#5054=DIRECTION('',(1.,0.,0.));
#5055=DIRECTION('',(0.,0.,-1.));
#5056=DIRECTION('',(0.,0.,-1.));
#5057=DIRECTION('center_axis',(0.,1.,0.));
#5058=DIRECTION('ref_axis',(0.,0.,1.));
#5059=DIRECTION('',(0.,0.,1.));
#5060=DIRECTION('',(1.,0.,0.));
#5061=DIRECTION('',(0.,0.,1.));
#5062=DIRECTION('center_axis',(0.707106781186548,0.707106781186548,0.));
#5063=DIRECTION('ref_axis',(-0.707106781186548,0.707106781186548,0.));
#5064=DIRECTION('',(0.707106781186548,-0.707106781186547,0.));
#5065=DIRECTION('',(0.,0.,1.));
#5066=DIRECTION('',(0.540716203061828,-0.540716203060787,-0.64440047757115));
#5067=DIRECTION('center_axis',(0.,1.,0.));
#5068=DIRECTION('ref_axis',(0.,0.,1.));
#5069=DIRECTION('',(0.173648177667033,0.,-0.98480775301219));
#5070=DIRECTION('',(1.,0.,0.));
#5071=DIRECTION('',(1.,0.,0.));
#5072=DIRECTION('center_axis',(1.,0.,0.));
#5073=DIRECTION('ref_axis',(0.,0.,-1.));
#5074=DIRECTION('',(0.,1.,0.));
#5075=DIRECTION('',(0.,-0.642787609686799,-0.76604444311876));
#5076=DIRECTION('center_axis',(0.,0.,1.));
#5077=DIRECTION('ref_axis',(1.,0.,0.));
#5078=DIRECTION('',(0.,-1.,0.));
#5079=DIRECTION('',(-1.,0.,0.));
#5080=DIRECTION('center_axis',(1.,0.,0.));
#5081=DIRECTION('ref_axis',(0.,0.,-1.));
#5082=DIRECTION('',(0.,0.642787609686799,0.76604444311876));
#5083=DIRECTION('center_axis',(0.98480775301219,0.,0.173648177667033));
#5084=DIRECTION('ref_axis',(0.173648177667033,0.,-0.98480775301219));
#5085=DIRECTION('',(-0.133858692959658,0.637002796968782,0.759150371779584));
#5086=DIRECTION('',(0.,1.,0.));
#5087=DIRECTION('',(-0.173648177667033,0.,0.98480775301219));
#5088=DIRECTION('center_axis',(0.,0.,1.));
#5089=DIRECTION('ref_axis',(1.,0.,0.));
#5090=DIRECTION('',(1.,0.,-2.22044604925E-16));
#5091=DIRECTION('',(0.,1.,0.));
#5092=DIRECTION('',(-0.707106781186547,-0.707106781186547,0.));
#5093=DIRECTION('',(-1.,0.,0.));
#5094=DIRECTION('',(0.,1.,0.));
#5095=DIRECTION('center_axis',(9.64923313494526E-15,-1.6723323327225E-13,
1.));
#5096=DIRECTION('ref_axis',(1.,-3.17085516123894E-13,-9.64923313499829E-15));
#5097=DIRECTION('center_axis',(-6.31738685913916E-16,-2.1241312905948E-14,
1.));
#5098=DIRECTION('ref_axis',(1.,-1.84108661962339E-12,6.31738685874809E-16));
#5099=DIRECTION('center_axis',(0.939692620785813,0.,0.342020143325932));
#5100=DIRECTION('ref_axis',(0.342020143325932,0.,-0.939692620785813));
#5101=DIRECTION('',(0.268573407547115,-0.619171091480361,-0.737899372701692));
#5102=DIRECTION('',(0.342020143325932,0.,-0.939692620785813));
#5103=DIRECTION('',(-0.342020143325893,0.,0.939692620785827));
#5104=DIRECTION('center_axis',(0.,1.,0.));
#5105=DIRECTION('ref_axis',(0.,0.,1.));
#5106=DIRECTION('',(0.,0.,1.));
#5107=DIRECTION('',(1.,0.,0.));
#5108=DIRECTION('center_axis',(-0.707106781186548,0.707106781186548,0.));
#5109=DIRECTION('ref_axis',(-0.707106781186548,-0.707106781186548,0.));
#5110=DIRECTION('',(0.540716203060292,0.540716203061421,0.644400477571906));
#5111=DIRECTION('',(0.,0.,-1.));
#5112=DIRECTION('center_axis',(1.,0.,0.));
#5113=DIRECTION('ref_axis',(0.,0.,-1.));
#5114=DIRECTION('',(0.,0.,-1.));
#5115=DIRECTION('',(0.,0.,-1.));
#5116=DIRECTION('',(0.,1.,0.));
#5117=DIRECTION('',(0.,0.,-1.));
#5118=DIRECTION('',(0.,0.707106781186547,-0.707106781186547));
#5119=DIRECTION('',(0.,1.,0.));
#5120=DIRECTION('',(0.,0.642787609686799,0.76604444311876));
#5121=DIRECTION('center_axis',(0.,0.707106781186548,0.707106781186548));
#5122=DIRECTION('ref_axis',(0.,-0.707106781186548,0.707106781186548));
#5123=DIRECTION('',(-0.377964473009384,-0.654653670707946,0.654653670707918));
#5124=DIRECTION('',(1.,2.22044604925E-16,0.));
#5125=DIRECTION('',(0.,0.707106781186548,-0.707106781186547));
#5126=DIRECTION('',(1.,0.,0.));
#5127=DIRECTION('center_axis',(-2.22044604925E-16,1.,0.));
#5128=DIRECTION('ref_axis',(-1.,-2.22044604925E-16,0.));
#5129=DIRECTION('',(-1.,0.,0.));
#5130=DIRECTION('',(-0.707106781186547,0.,-0.707106781186547));
#5131=DIRECTION('',(0.,0.,1.));
#5132=DIRECTION('center_axis',(0.707106781186548,0.,-0.707106781186548));
#5133=DIRECTION('ref_axis',(-0.707106781186548,0.,-0.707106781186548));
#5134=DIRECTION('',(0.,1.,0.));
#5135=DIRECTION('center_axis',(0.,0.707106781186548,0.707106781186548));
#5136=DIRECTION('ref_axis',(0.,-0.707106781186548,0.707106781186548));
#5137=DIRECTION('',(0.,-0.707106781174295,0.7071067811988));
#5138=DIRECTION('center_axis',(0.,0.707106781186548,0.707106781186548));
#5139=DIRECTION('ref_axis',(0.,-0.707106781186548,0.707106781186548));
#5140=DIRECTION('',(0.,-0.707106781186548,0.707106781186548));
#5141=DIRECTION('center_axis',(1.,0.,0.));
#5142=DIRECTION('ref_axis',(0.,0.,-1.));
#5143=DIRECTION('center_axis',(1.,0.,0.));
#5144=DIRECTION('ref_axis',(0.,0.,-1.));
#5145=DIRECTION('center_axis',(-0.707106781186548,0.707106781186548,0.));
#5146=DIRECTION('ref_axis',(-0.707106781186548,-0.707106781186548,0.));
#5147=DIRECTION('center_axis',(0.707106781186548,0.,0.707106781186548));
#5148=DIRECTION('ref_axis',(0.707106781186548,0.,-0.707106781186548));
#5149=DIRECTION('',(0.707106781186548,3.06658683336675E-16,-0.707106781186547));
#5150=DIRECTION('',(0.,1.,0.));
#5151=DIRECTION('center_axis',(-2.22044604925E-16,1.,0.));
#5152=DIRECTION('ref_axis',(-1.,-2.22044604925E-16,0.));
#5153=DIRECTION('',(0.,0.,1.));
#5154=DIRECTION('',(-1.,0.,0.));
#5155=DIRECTION('',(-1.,0.,0.));
#5156=DIRECTION('center_axis',(0.,0.707106781186548,0.707106781186548));
#5157=DIRECTION('ref_axis',(0.,-0.707106781186548,0.707106781186548));
#5158=DIRECTION('',(0.377964473009556,-0.654653670707549,0.654653670708216));
#5159=DIRECTION('',(1.,0.,0.));
#5160=DIRECTION('',(0.,0.707106781186548,-0.707106781186547));
#5161=DIRECTION('center_axis',(0.,1.,0.));
#5162=DIRECTION('ref_axis',(0.,0.,1.));
#5163=DIRECTION('',(0.,0.,-1.));
#5164=DIRECTION('',(0.866025403784329,0.,0.50000000000019));
#5165=DIRECTION('center_axis',(1.,0.,-2.22044604925E-16));
#5166=DIRECTION('ref_axis',(2.1758341469775E-16,-0.199447146752499,0.979908585354923));
#5167=DIRECTION('center_axis',(0.,1.,0.));
#5168=DIRECTION('ref_axis',(0.,0.,1.));
#5169=DIRECTION('',(0.866025403784329,0.,-0.50000000000019));
#5170=DIRECTION('',(0.,0.,1.));
#5171=DIRECTION('center_axis',(0.,1.,0.));
#5172=DIRECTION('ref_axis',(0.,0.,1.));
#5173=DIRECTION('',(0.,0.,1.));
#5174=DIRECTION('',(-0.866025403784329,0.,-0.50000000000019));
#5175=DIRECTION('',(1.,0.,0.));
#5176=DIRECTION('center_axis',(-0.50000000000019,0.,0.866025403784329));
#5177=DIRECTION('ref_axis',(0.866025403784329,0.,0.50000000000019));
#5178=DIRECTION('',(0.,1.,0.));
#5179=DIRECTION('center_axis',(-0.499999999996992,1.10293403893613E-12,
0.866025403786175));
#5180=DIRECTION('ref_axis',(0.866025403786175,1.33578054927115E-11,0.499999999996992));
#5181=DIRECTION('center_axis',(-0.499999999998449,-8.2274839862605E-13,
0.866025403785334));
#5182=DIRECTION('ref_axis',(0.866025403785334,-1.08136413780507E-12,0.499999999998449));
#5183=DIRECTION('center_axis',(0.,0.,1.));
#5184=DIRECTION('ref_axis',(1.,0.,0.));
#5185=DIRECTION('',(1.,0.,0.));
#5186=DIRECTION('center_axis',(0.,0.,1.));
#5187=DIRECTION('ref_axis',(1.,0.,0.));
#5188=DIRECTION('center_axis',(0.,1.,0.));
#5189=DIRECTION('ref_axis',(0.,0.,1.));
#5190=DIRECTION('',(-0.866025403784329,0.,0.50000000000019));
#5191=DIRECTION('',(0.,0.,-1.));
#5192=DIRECTION('center_axis',(0.50000000000019,0.,0.866025403784329));
#5193=DIRECTION('ref_axis',(0.866025403784329,0.,-0.50000000000019));
#5194=DIRECTION('center_axis',(0.500000000002014,-6.29541195081666E-13,
0.866025403783276));
#5195=DIRECTION('ref_axis',(0.866025403783276,1.62777558898938E-11,-0.500000000002014));
#5196=DIRECTION('',(0.,1.,0.));
#5197=DIRECTION('center_axis',(0.500000000001127,4.52646084551609E-13,0.866025403783788));
#5198=DIRECTION('ref_axis',(0.866025403783788,-1.46367537970249E-12,-0.500000000001127));
#5199=DIRECTION('center_axis',(0.,0.,-1.));
#5200=DIRECTION('ref_axis',(-1.,0.,0.));
#5201=DIRECTION('center_axis',(0.866025403784329,0.,-0.50000000000019));
#5202=DIRECTION('ref_axis',(-0.50000000000019,0.,-0.866025403784329));
#5203=DIRECTION('',(-0.404481746654034,-0.587858883152216,-0.700582935934591));
#5204=DIRECTION('',(-0.377964473053766,-0.65465367069511,-0.65465367069513));
#5205=DIRECTION('center_axis',(0.,0.,1.));
#5206=DIRECTION('ref_axis',(1.,0.,0.));
#5207=DIRECTION('center_axis',(1.36272932255687E-11,0.766044443117011,-0.642787609688884));
#5208=DIRECTION('ref_axis',(1.64923630641875E-12,0.642787609688884,0.766044443117011));
#5209=DIRECTION('center_axis',(-1.37273183989647E-11,0.766044443116998,
-0.642787609688899));
#5210=DIRECTION('ref_axis',(5.46080877569855E-13,0.642787609688899,0.766044443116998));
#5211=DIRECTION('center_axis',(0.,-0.76604444311876,0.642787609686799));
#5212=DIRECTION('ref_axis',(0.,-0.642787609686799,-0.76604444311876));
#5213=DIRECTION('center_axis',(1.14275835342706E-12,0.766044443118795,-0.642787609686757));
#5214=DIRECTION('ref_axis',(-0.224312925312249,0.62640756128513,0.746523461588902));
#5215=DIRECTION('center_axis',(-0.173648177667033,0.,0.98480775301219));
#5216=DIRECTION('ref_axis',(0.98480775301219,0.,0.173648177667034));
#5217=DIRECTION('center_axis',(0.965925826289018,-2.9202178915925E-14,0.258819045102707));
#5218=DIRECTION('ref_axis',(0.258819045102707,4.4941751185968E-12,-0.965925826289018));
#5219=DIRECTION('center_axis',(-0.342020143325932,0.,0.939692620785813));
#5220=DIRECTION('ref_axis',(0.939692620785813,0.,0.342020143325932));
#5221=DIRECTION('center_axis',(-9.9178212224316E-13,0.766044443118572,-0.642787609687024));
#5222=DIRECTION('ref_axis',(-0.429152172061017,0.580586469000023,0.691916010242137));
#5223=DIRECTION('center_axis',(0.,-0.76604444311876,0.642787609686799));
#5224=DIRECTION('ref_axis',(0.,-0.642787609686799,-0.76604444311876));
#5225=DIRECTION('',(0.404481746652178,-0.587858883152505,-0.70058293593542));
#5226=DIRECTION('center_axis',(0.866025403784329,0.,0.50000000000019));
#5227=DIRECTION('ref_axis',(0.50000000000019,0.,-0.866025403784329));
#5228=DIRECTION('',(-0.377964472995628,0.654653670711893,0.654653670711913));
#5229=DIRECTION('center_axis',(0.,-0.707106781186548,0.707106781186548));
#5230=DIRECTION('ref_axis',(0.,-0.707106781186548,-0.707106781186548));
#5231=DIRECTION('',(0.,-0.707106781174295,-0.7071067811988));
#5232=DIRECTION('center_axis',(1.,0.,0.));
#5233=DIRECTION('ref_axis',(0.,0.,-1.));
#5234=DIRECTION('center_axis',(1.,0.,0.));
#5235=DIRECTION('ref_axis',(0.,0.,-1.));
#5236=DIRECTION('',(0.,0.707106781186547,0.707106781186547));
#5237=DIRECTION('center_axis',(0.,-0.707106781186548,0.707106781186548));
#5238=DIRECTION('ref_axis',(0.,-0.707106781186548,-0.707106781186548));
#5239=DIRECTION('center_axis',(0.,0.,1.));
#5240=DIRECTION('ref_axis',(1.,0.,0.));
#5241=DIRECTION('',(0.,0.,-1.));
#5242=DIRECTION('',(0.,0.,-1.));
#5243=DIRECTION('center_axis',(1.,0.,0.));
#5244=DIRECTION('ref_axis',(0.,0.,-1.));
#5245=DIRECTION('',(0.,0.,1.));
#5246=DIRECTION('center_axis',(0.,0.,1.));
#5247=DIRECTION('ref_axis',(1.,0.,0.));
#5248=DIRECTION('',(0.,0.,1.));
#5249=DIRECTION('center_axis',(1.,0.,0.));
#5250=DIRECTION('ref_axis',(0.,0.,-1.));
#5251=DIRECTION('center_axis',(0.,1.,0.));
#5252=DIRECTION('ref_axis',(0.,0.,1.));
#5253=DIRECTION('',(0.,0.,1.));
#5254=DIRECTION('',(-1.,0.,0.));
#5255=DIRECTION('',(0.,0.,1.));
#5256=DIRECTION('center_axis',(1.,0.,0.));
#5257=DIRECTION('ref_axis',(0.,0.,-1.));
#5258=DIRECTION('',(0.,1.,0.));
#5259=DIRECTION('',(0.,0.,1.));
#5260=DIRECTION('center_axis',(0.,1.,0.));
#5261=DIRECTION('ref_axis',(0.,0.,1.));
#5262=DIRECTION('',(-1.,0.,0.));
#5263=DIRECTION('',(0.,0.,1.));
#5264=DIRECTION('center_axis',(1.,0.,0.));
#5265=DIRECTION('ref_axis',(0.,0.,-1.));
#5266=DIRECTION('',(0.,1.,0.));
#5267=DIRECTION('',(0.,0.,1.));
#5268=DIRECTION('center_axis',(0.824425048515379,-0.565971147127143,0.));
#5269=DIRECTION('ref_axis',(0.565971147127143,0.824425048515379,0.));
#5270=DIRECTION('',(0.565971147127143,0.824425048515379,0.));
#5271=DIRECTION('',(0.,0.,1.));
#5272=DIRECTION('center_axis',(0.,-1.,0.));
#5273=DIRECTION('ref_axis',(0.,0.,-1.));
#5274=DIRECTION('',(1.,0.,0.));
#5275=DIRECTION('',(0.,0.,1.));
#5276=DIRECTION('center_axis',(-1.,0.,0.));
#5277=DIRECTION('ref_axis',(0.,0.,1.));
#5278=DIRECTION('',(0.,-1.,0.));
#5279=DIRECTION('',(0.,0.,1.));
#5280=DIRECTION('center_axis',(0.,-1.,0.));
#5281=DIRECTION('ref_axis',(0.,0.,-1.));
#5282=DIRECTION('',(1.,0.,0.));
#5283=DIRECTION('',(0.,0.,1.));
#5284=DIRECTION('center_axis',(-1.,0.,0.));
#5285=DIRECTION('ref_axis',(0.,0.,1.));
#5286=DIRECTION('',(0.,-1.,0.));
#5287=DIRECTION('',(0.,0.,1.));
#5288=DIRECTION('center_axis',(0.,1.,0.));
#5289=DIRECTION('ref_axis',(0.,0.,1.));
#5290=DIRECTION('',(-1.,0.,0.));
#5291=DIRECTION('',(0.,0.,1.));
#5292=DIRECTION('center_axis',(-1.,0.,0.));
#5293=DIRECTION('ref_axis',(0.,0.,1.));
#5294=DIRECTION('',(0.,-1.,0.));
#5295=DIRECTION('center_axis',(0.,0.,-1.));
#5296=DIRECTION('ref_axis',(-1.,0.,0.));
#5297=DIRECTION('',(1.,0.,0.));
#5298=DIRECTION('',(-0.566318342669578,-0.824186589769563,0.));
#5299=DIRECTION('',(0.,1.,0.));
#5300=DIRECTION('center_axis',(0.,-1.,0.));
#5301=DIRECTION('ref_axis',(0.,0.,-1.));
#5302=DIRECTION('',(1.,0.,0.));
#5303=DIRECTION('',(0.,0.,1.));
#5304=DIRECTION('',(0.,0.,1.));
#5305=DIRECTION('center_axis',(-0.824186589769563,0.566318342669579,0.));
#5306=DIRECTION('ref_axis',(-0.566318342669579,-0.824186589769563,0.));
#5307=DIRECTION('',(-0.566318342669578,-0.824186589769563,0.));
#5308=DIRECTION('',(0.,0.,1.));
#5309=DIRECTION('center_axis',(1.,0.,0.));
#5310=DIRECTION('ref_axis',(0.,0.,-1.));
#5311=DIRECTION('',(0.,1.,0.));
#5312=DIRECTION('center_axis',(0.,1.,0.));
#5313=DIRECTION('ref_axis',(0.,0.,1.));
#5314=DIRECTION('',(0.,0.,1.));
#5315=DIRECTION('',(-1.,0.,0.));
#5316=DIRECTION('',(0.,0.,1.));
#5317=DIRECTION('center_axis',(1.,0.,0.));
#5318=DIRECTION('ref_axis',(0.,0.,-1.));
#5319=DIRECTION('',(0.,1.,0.));
#5320=DIRECTION('',(0.,0.,1.));
#5321=DIRECTION('center_axis',(0.,-1.,0.));
#5322=DIRECTION('ref_axis',(0.,0.,-1.));
#5323=DIRECTION('',(1.,0.,0.));
#5324=DIRECTION('',(0.,0.,1.));
#5325=DIRECTION('',(0.,0.,1.));
#5326=DIRECTION('',(0.,0.,1.));
#5327=DIRECTION('',(0.,0.,1.));
#5328=DIRECTION('center_axis',(-0.852812078550412,-0.522217922594128,0.));
#5329=DIRECTION('ref_axis',(0.522217922594128,-0.852812078550412,0.));
#5330=DIRECTION('',(0.522217922594128,-0.852812078550412,0.));
#5331=DIRECTION('',(0.,0.,1.));
#5332=DIRECTION('center_axis',(0.,1.,0.));
#5333=DIRECTION('ref_axis',(0.,0.,1.));
#5334=DIRECTION('',(-1.,0.,0.));
#5335=DIRECTION('',(0.,0.,1.));
#5336=DIRECTION('center_axis',(0.847367454038295,0.531006965902198,0.));
#5337=DIRECTION('ref_axis',(-0.531006965902198,0.847367454038295,0.));
#5338=DIRECTION('',(-0.531006965902198,0.847367454038295,0.));
#5339=DIRECTION('',(0.,0.,1.));
#5340=DIRECTION('',(0.,0.,1.));
#5341=DIRECTION('center_axis',(0.,1.,0.));
#5342=DIRECTION('ref_axis',(0.,0.,1.));
#5343=DIRECTION('',(-1.,0.,0.));
#5344=DIRECTION('',(0.,0.,1.));
#5345=DIRECTION('center_axis',(-1.,0.,0.));
#5346=DIRECTION('ref_axis',(0.,0.,1.));
#5347=DIRECTION('',(0.,-1.,0.));
#5348=DIRECTION('center_axis',(-1.44712634745012E-13,-8.76820199412571E-12,
1.));
#5349=DIRECTION('ref_axis',(0.,-1.,-8.76820199412571E-12));
#5350=DIRECTION('',(-1.,0.,0.));
#5351=DIRECTION('',(1.,0.,0.));
#5352=DIRECTION('',(0.,-1.,0.));
#5353=DIRECTION('center_axis',(-1.,0.,0.));
#5354=DIRECTION('ref_axis',(0.,0.,1.));
#5355=DIRECTION('',(0.,-1.,0.));
#5356=DIRECTION('',(0.,0.,1.));
#5357=DIRECTION('',(0.,0.,1.));
#5358=DIRECTION('center_axis',(0.,1.,0.));
#5359=DIRECTION('ref_axis',(0.,0.,1.));
#5360=DIRECTION('',(-1.,0.,0.));
#5361=DIRECTION('',(0.,0.,1.));
#5362=DIRECTION('',(0.,0.,1.));
#5363=DIRECTION('',(0.,0.,1.));
#5364=DIRECTION('',(0.,0.,1.));
#5365=DIRECTION('center_axis',(0.,-1.,0.));
#5366=DIRECTION('ref_axis',(0.,0.,-1.));
#5367=DIRECTION('',(1.,0.,0.));
#5368=DIRECTION('center_axis',(0.,0.,1.));
#5369=DIRECTION('ref_axis',(1.,0.,0.));
#5370=DIRECTION('center_axis',(0.,0.,1.));
#5371=DIRECTION('ref_axis',(1.,0.,0.));
#5372=CARTESIAN_POINT('',(0.,0.,0.));
#5373=CARTESIAN_POINT('Origin',(5.,-8.,16.));
#5374=CARTESIAN_POINT('',(5.,12.,16.));
#5375=CARTESIAN_POINT('',(5.,12.,22.5));
#5376=CARTESIAN_POINT('',(5.,12.,16.));
#5377=CARTESIAN_POINT('',(5.,-8.,22.5));
#5378=CARTESIAN_POINT('',(5.,-8.,22.5));
#5379=CARTESIAN_POINT('',(5.,-8.,16.));
#5380=CARTESIAN_POINT('',(5.,-8.,16.));
#5381=CARTESIAN_POINT('',(5.,-8.,16.));
#5382=CARTESIAN_POINT('Origin',(5.,-8.,22.5));
#5383=CARTESIAN_POINT('',(5.5,-8.,22.5));
#5384=CARTESIAN_POINT('',(5.5,12.,22.5));
#5385=CARTESIAN_POINT('',(5.5,-8.,22.5));
#5386=CARTESIAN_POINT('',(5.,-8.,22.5));
#5387=CARTESIAN_POINT('',(5.,12.,22.5));
#5388=CARTESIAN_POINT('Origin',(5.,12.,16.));
#5389=CARTESIAN_POINT('',(5.5,12.,16.));
#5390=CARTESIAN_POINT('',(5.,12.,16.));
#5391=CARTESIAN_POINT('',(5.5,12.,16.));
#5392=CARTESIAN_POINT('Origin',(5.,-8.,16.));
#5393=CARTESIAN_POINT('',(5.5,-8.,16.));
#5394=CARTESIAN_POINT('',(5.5,-8.,16.));
#5395=CARTESIAN_POINT('',(5.,-8.,16.));
#5396=CARTESIAN_POINT('Origin',(5.,-8.,16.));
#5397=CARTESIAN_POINT('',(5.5,-8.,16.));
#5398=CARTESIAN_POINT('Origin',(5.5,-8.,16.));
#5399=CARTESIAN_POINT('Origin',(0.75,-8.,16.));
#5400=CARTESIAN_POINT('',(0.75,-1.,16.));
#5401=CARTESIAN_POINT('',(0.75,-1.,22.5));
#5402=CARTESIAN_POINT('',(0.75,-1.,16.));
#5403=CARTESIAN_POINT('',(0.75,-8.,22.5));
#5404=CARTESIAN_POINT('',(0.75,-8.,22.5));
#5405=CARTESIAN_POINT('',(0.75,-8.,16.));
#5406=CARTESIAN_POINT('',(0.75,-8.,16.));
#5407=CARTESIAN_POINT('',(0.75,-8.,16.));
#5408=CARTESIAN_POINT('Origin',(0.75,-8.,22.5));
#5409=CARTESIAN_POINT('',(1.25,-8.,22.5));
#5410=CARTESIAN_POINT('',(1.25,-1.,22.5));
#5411=CARTESIAN_POINT('',(1.25,-8.,22.5));
#5412=CARTESIAN_POINT('',(0.75,-8.,22.5));
#5413=CARTESIAN_POINT('',(0.75,-1.,22.5));
#5414=CARTESIAN_POINT('Origin',(0.75,-1.,16.));
#5415=CARTESIAN_POINT('',(1.25,-1.,16.));
#5416=CARTESIAN_POINT('',(0.75,-1.,16.));
#5417=CARTESIAN_POINT('',(1.25,-1.,16.));
#5418=CARTESIAN_POINT('Origin',(0.75,-8.,16.));
#5419=CARTESIAN_POINT('',(1.25,-8.,16.));
#5420=CARTESIAN_POINT('',(1.25,-8.,16.));
#5421=CARTESIAN_POINT('',(0.75,-8.,16.));
#5422=CARTESIAN_POINT('Origin',(0.75,-8.,16.));
#5423=CARTESIAN_POINT('',(1.25,-8.,16.));
#5424=CARTESIAN_POINT('Origin',(1.25,-8.,16.));
#5425=CARTESIAN_POINT('Origin',(-3.25,-8.,16.));
#5426=CARTESIAN_POINT('',(-3.25,12.,16.));
#5427=CARTESIAN_POINT('',(-3.25,12.,22.5));
#5428=CARTESIAN_POINT('',(-3.25,12.,16.));
#5429=CARTESIAN_POINT('',(-3.25,-8.,22.5));
#5430=CARTESIAN_POINT('',(-3.25,-8.,22.5));
#5431=CARTESIAN_POINT('',(-3.25,-8.,16.));
#5432=CARTESIAN_POINT('',(-3.25,-8.,16.));
#5433=CARTESIAN_POINT('',(-3.25,-8.,16.));
#5434=CARTESIAN_POINT('Origin',(-3.25,-8.,22.5));
#5435=CARTESIAN_POINT('',(-2.75,-8.,22.5));
#5436=CARTESIAN_POINT('',(-2.75,12.,22.5));
#5437=CARTESIAN_POINT('',(-2.75,-8.,22.5));
#5438=CARTESIAN_POINT('',(-3.25,-8.,22.5));
#5439=CARTESIAN_POINT('',(-3.25,12.,22.5));
#5440=CARTESIAN_POINT('Origin',(-3.25,12.,16.));
#5441=CARTESIAN_POINT('',(-2.75,12.,16.));
#5442=CARTESIAN_POINT('',(-3.25,12.,16.));
#5443=CARTESIAN_POINT('',(-2.75,12.,16.));
#5444=CARTESIAN_POINT('Origin',(-3.25,-8.,16.));
#5445=CARTESIAN_POINT('',(-2.75,-8.,16.));
#5446=CARTESIAN_POINT('',(-2.75,-8.,16.));
#5447=CARTESIAN_POINT('',(-3.25,-8.,16.));
#5448=CARTESIAN_POINT('Origin',(-3.25,-8.,16.));
#5449=CARTESIAN_POINT('',(-2.75,-8.,16.));
#5450=CARTESIAN_POINT('Origin',(-2.75,-8.,16.));
#5451=CARTESIAN_POINT('Origin',(0.5,-27.,11.));
#5452=CARTESIAN_POINT('',(-1.1,-27.,21.5));
#5453=CARTESIAN_POINT('Origin',(0.5,-27.,21.5));
#5454=CARTESIAN_POINT('',(-1.1,-27.,23.1));
#5455=CARTESIAN_POINT('',(-1.1,-27.,11.));
#5456=CARTESIAN_POINT('Origin',(0.5,-27.,23.1));
#5457=CARTESIAN_POINT('Origin',(1.,4.,17.5));
#5458=CARTESIAN_POINT('',(3.59229627936312,2.29999999999997,17.));
#5459=CARTESIAN_POINT('',(3.59229627936312,5.70000000000003,17.));
#5460=CARTESIAN_POINT('Origin',(1.,4.,17.));
#5461=CARTESIAN_POINT('',(3.59229627936312,2.29999999999997,17.5));
#5462=CARTESIAN_POINT('',(3.5922962793631,2.29999999999993,13.));
#5463=CARTESIAN_POINT('',(-1.59229627936312,2.29999999999997,17.5));
#5464=CARTESIAN_POINT('Origin',(1.,4.,17.5));
#5465=CARTESIAN_POINT('',(-1.59229627936312,2.29999999999997,17.));
#5466=CARTESIAN_POINT('',(-1.5922962793631,2.29999999999993,13.));
#5467=CARTESIAN_POINT('',(-2.1,4.,17.));
#5468=CARTESIAN_POINT('Origin',(1.,4.,17.));
#5469=CARTESIAN_POINT('',(-2.1,4.,23.1));
#5470=CARTESIAN_POINT('',(-2.1,4.,17.5));
#5471=CARTESIAN_POINT('Origin',(1.,4.,23.1));
#5472=CARTESIAN_POINT('',(-1.59229627936312,5.70000000000003,17.));
#5473=CARTESIAN_POINT('Origin',(1.,4.,17.));
#5474=CARTESIAN_POINT('',(-1.59229627936312,5.70000000000003,17.5));
#5475=CARTESIAN_POINT('',(-1.5922962793631,5.70000000000007,13.));
#5476=CARTESIAN_POINT('',(3.59229627936312,5.70000000000003,17.5));
#5477=CARTESIAN_POINT('Origin',(1.,4.,17.5));
#5478=CARTESIAN_POINT('',(3.5922962793631,5.70000000000007,13.));
#5479=CARTESIAN_POINT('Origin',(-10.5,31.,19.));
#5480=CARTESIAN_POINT('',(-7.90770372063688,29.3,18.));
#5481=CARTESIAN_POINT('',(-7.90770372063693,32.7,18.));
#5482=CARTESIAN_POINT('Origin',(-10.5,31.,18.));
#5483=CARTESIAN_POINT('',(-7.90770372063688,29.3,18.5));
#5484=CARTESIAN_POINT('',(-7.9077037206369,29.2999999999999,14.));
#5485=CARTESIAN_POINT('',(-13.0922962793627,29.2999999999993,18.5));
#5486=CARTESIAN_POINT('Origin',(-10.5,31.,18.5));
#5487=CARTESIAN_POINT('',(-13.0922962793627,29.2999999999993,18.));
#5488=CARTESIAN_POINT('',(-13.0922962793622,29.2999999999986,14.));
#5489=CARTESIAN_POINT('',(-13.6,31.,18.));
#5490=CARTESIAN_POINT('Origin',(-10.5,31.,18.));
#5491=CARTESIAN_POINT('',(-13.6,31.,23.1));
#5492=CARTESIAN_POINT('',(-13.6,31.,19.));
#5493=CARTESIAN_POINT('',(-7.49999999999992,31.7810249675904,23.1));
#5494=CARTESIAN_POINT('Origin',(-10.5,31.,23.1));
#5495=CARTESIAN_POINT('',(-7.49999999999992,31.7810249675904,22.5754283044264));
#5496=CARTESIAN_POINT('',(-7.49999999999984,31.78102496759,19.));
#5497=CARTESIAN_POINT('',(-13.5629005539067,31.4781633579417,23.0999999999997));
#5498=CARTESIAN_POINT('Origin',(-10.5,31.,23.928203230272));
#5499=CARTESIAN_POINT('Origin',(-10.5,31.,23.1));
#5500=CARTESIAN_POINT('',(-13.0922962793627,32.7000000000007,18.));
#5501=CARTESIAN_POINT('Origin',(-10.5,31.,18.));
#5502=CARTESIAN_POINT('',(-13.0922962793627,32.7000000000007,18.5));
#5503=CARTESIAN_POINT('',(-13.0922962793622,32.7000000000015,14.));
#5504=CARTESIAN_POINT('',(-7.90770372063693,32.7,18.5));
#5505=CARTESIAN_POINT('Origin',(-10.5,31.,18.5));
#5506=CARTESIAN_POINT('',(-7.907703720637,32.7,18.));
#5507=CARTESIAN_POINT('Origin',(13.,31.,19.));
#5508=CARTESIAN_POINT('',(15.5922962793631,29.3,18.));
#5509=CARTESIAN_POINT('',(15.5922962793631,32.7,18.));
#5510=CARTESIAN_POINT('Origin',(13.,31.,18.));
#5511=CARTESIAN_POINT('',(15.5922962793631,29.3,18.5));
#5512=CARTESIAN_POINT('',(15.5922962793631,29.2999999999999,14.));
#5513=CARTESIAN_POINT('',(10.4077037206369,29.3,18.5));
#5514=CARTESIAN_POINT('Origin',(13.,31.,18.5));
#5515=CARTESIAN_POINT('',(10.4077037206369,29.3,18.));
#5516=CARTESIAN_POINT('',(10.4077037206369,29.2999999999999,14.));
#5517=CARTESIAN_POINT('',(9.9,31.,18.));
#5518=CARTESIAN_POINT('Origin',(13.,31.,18.));
#5519=CARTESIAN_POINT('',(9.9,31.,23.1));
#5520=CARTESIAN_POINT('',(9.9,31.,19.));
#5521=CARTESIAN_POINT('',(16.0629005539067,31.4781633579417,23.0999999999997));
#5522=CARTESIAN_POINT('Origin',(13.,31.,23.1));
#5523=CARTESIAN_POINT('',(10.,31.7810249675908,22.5754283044255));
#5524=CARTESIAN_POINT('Origin',(13.,31.,23.928203230272));
#5525=CARTESIAN_POINT('',(10.,31.7810249675908,23.1));
#5526=CARTESIAN_POINT('',(10.,31.781024967591,17.));
#5527=CARTESIAN_POINT('Origin',(13.,31.,23.1));
#5528=CARTESIAN_POINT('',(10.4077037206369,32.7,18.));
#5529=CARTESIAN_POINT('Origin',(13.,31.,18.));
#5530=CARTESIAN_POINT('',(10.4077037206369,32.7,18.5));
#5531=CARTESIAN_POINT('',(10.4077037206369,32.7000000000001,14.));
#5532=CARTESIAN_POINT('',(15.5922962793631,32.7,18.5));
#5533=CARTESIAN_POINT('Origin',(13.,31.,18.5));
#5534=CARTESIAN_POINT('',(15.592296279363,32.7,18.));
#5535=CARTESIAN_POINT('Origin',(1.,4.,10.));
#5536=CARTESIAN_POINT('',(-0.65,4.,15.1));
#5537=CARTESIAN_POINT('Origin',(1.,4.,15.1));
#5538=CARTESIAN_POINT('',(-0.65,4.,16.5));
#5539=CARTESIAN_POINT('',(-0.65,4.,10.));
#5540=CARTESIAN_POINT('Origin',(1.,4.,16.5));
#5541=CARTESIAN_POINT('Origin',(-5.,-36.,11.51));
#5542=CARTESIAN_POINT('',(-6.8,-36.,15.1));
#5543=CARTESIAN_POINT('Origin',(-5.,-36.,15.1));
#5544=CARTESIAN_POINT('',(-6.8,-36.,16.51));
#5545=CARTESIAN_POINT('',(-6.8,-36.,11.51));
#5546=CARTESIAN_POINT('',(-6.7,-36.59160797831,16.51));
#5547=CARTESIAN_POINT('Origin',(-5.,-36.,16.51));
#5548=CARTESIAN_POINT('',(-6.7,-36.59160797831,16.5));
#5549=CARTESIAN_POINT('',(-6.7,-36.59160797831,16.5));
#5550=CARTESIAN_POINT('',(-5.59160797830998,-37.7,16.5));
#5551=CARTESIAN_POINT('Origin',(-5.,-36.,16.5));
#5552=CARTESIAN_POINT('',(-5.59160797830998,-37.7,16.51));
#5553=CARTESIAN_POINT('',(-5.59160797831,-37.7,16.5));
#5554=CARTESIAN_POINT('',(-4.40839202169002,-37.7,16.51));
#5555=CARTESIAN_POINT('Origin',(-5.,-36.,16.51));
#5556=CARTESIAN_POINT('',(-4.40839202169002,-37.7,16.5));
#5557=CARTESIAN_POINT('',(-4.40839202169,-37.7,16.5));
#5558=CARTESIAN_POINT('',(-3.30000000000001,-36.59160797831,16.5));
#5559=CARTESIAN_POINT('Origin',(-5.,-36.,16.5));
#5560=CARTESIAN_POINT('',(-3.30000000000001,-36.59160797831,16.51));
#5561=CARTESIAN_POINT('',(-3.30000000000001,-36.59160797831,11.51));
#5562=CARTESIAN_POINT('',(-3.3,-35.40839202169,16.51));
#5563=CARTESIAN_POINT('Origin',(-5.,-36.,16.51));
#5564=CARTESIAN_POINT('',(-3.3,-35.40839202169,16.5));
#5565=CARTESIAN_POINT('',(-3.3,-35.40839202169,16.5));
#5566=CARTESIAN_POINT('',(-4.40839202169003,-34.3,16.5));
#5567=CARTESIAN_POINT('Origin',(-5.,-36.,16.5));
#5568=CARTESIAN_POINT('',(-4.40839202169003,-34.3,16.51));
#5569=CARTESIAN_POINT('',(-4.40839202169,-34.3,16.5));
#5570=CARTESIAN_POINT('',(-5.59160797830997,-34.3,16.51));
#5571=CARTESIAN_POINT('Origin',(-5.,-36.,16.51));
#5572=CARTESIAN_POINT('',(-5.59160797830997,-34.3,16.5));
#5573=CARTESIAN_POINT('',(-5.59160797831,-34.3,16.5));
#5574=CARTESIAN_POINT('',(-6.7,-35.40839202169,16.5));
#5575=CARTESIAN_POINT('Origin',(-5.,-36.,16.5));
#5576=CARTESIAN_POINT('',(-6.7,-35.40839202169,16.51));
#5577=CARTESIAN_POINT('',(-6.7,-35.40839202169,16.5));
#5578=CARTESIAN_POINT('Origin',(-5.,-36.,16.51));
#5579=CARTESIAN_POINT('Origin',(-10.5,31.,10.));
#5580=CARTESIAN_POINT('',(-12.15,31.,15.1));
#5581=CARTESIAN_POINT('Origin',(-10.5,31.,15.1));
#5582=CARTESIAN_POINT('',(-12.15,31.,17.5));
#5583=CARTESIAN_POINT('',(-12.15,31.,10.));
#5584=CARTESIAN_POINT('Origin',(-10.5,31.,17.5));
#5585=CARTESIAN_POINT('Origin',(13.,31.,10.));
#5586=CARTESIAN_POINT('',(11.35,31.,15.1));
#5587=CARTESIAN_POINT('Origin',(13.,31.,15.1));
#5588=CARTESIAN_POINT('',(11.35,31.,17.5));
#5589=CARTESIAN_POINT('',(11.35,31.,10.));
#5590=CARTESIAN_POINT('Origin',(13.,31.,17.5));
#5591=CARTESIAN_POINT('Origin',(-16.,-40.,23.1));
#5592=CARTESIAN_POINT('',(-6.,7.042135623731,23.1));
#5593=CARTESIAN_POINT('',(-6.,-7.04213562373088,23.0999999999999));
#5594=CARTESIAN_POINT('',(-6.,-40.,23.1));
#5595=CARTESIAN_POINT('',(-14.3405590509,-7.04213562373072,23.0999999999999));
#5596=CARTESIAN_POINT('',(-16.,-7.042135623731,23.1));
#5597=CARTESIAN_POINT('',(-14.3405590509,-34.5423926186395,23.0999999999995));
#5598=CARTESIAN_POINT('',(-14.3405590509,-40.,23.1));
#5599=CARTESIAN_POINT('',(-7.73594238276335,-34.5423926186386,23.1));
#5600=CARTESIAN_POINT('',(-16.,-34.54239261864,23.1));
#5601=CARTESIAN_POINT('',(-2.26405761723666,-34.5423926186386,23.1));
#5602=CARTESIAN_POINT('Origin',(-5.,-36.,23.1));
#5603=CARTESIAN_POINT('',(0.73509969418584,-34.5423926186386,23.1));
#5604=CARTESIAN_POINT('',(-16.,-34.54239261864,23.1));
#5605=CARTESIAN_POINT('',(2.83176901357343,-34.0198229077932,23.1));
#5606=CARTESIAN_POINT('Origin',(2.48215466846242,-36.9999999999858,23.1000000000001));
#5607=CARTESIAN_POINT('',(5.02910051917683,-34.5423926186386,23.1));
#5608=CARTESIAN_POINT('Origin',(3.19816852551338,-36.9999999999862,23.1000000000001));
#5609=CARTESIAN_POINT('',(15.4008130887534,-34.54239261864,23.0999999999997));
#5610=CARTESIAN_POINT('',(-16.,-34.54239261864,23.1));
#5611=CARTESIAN_POINT('',(15.400813088754,-7.04213562373084,23.0999999999998));
#5612=CARTESIAN_POINT('',(15.400813088754,-40.,23.1));
#5613=CARTESIAN_POINT('',(9.,-7.042135623731,23.1));
#5614=CARTESIAN_POINT('',(-16.,-7.042135623731,23.1));
#5615=CARTESIAN_POINT('',(9.,7.04213562373088,23.0999999999999));
#5616=CARTESIAN_POINT('',(9.,-40.,23.1));
#5617=CARTESIAN_POINT('',(22.9008130887536,7.04213562373075,23.0999999999995));
#5618=CARTESIAN_POINT('',(-16.,7.042135623731,23.1));
#5619=CARTESIAN_POINT('',(22.900813088754,19.199186911246,23.1));
#5620=CARTESIAN_POINT('',(22.900813088754,4.,23.1));
#5621=CARTESIAN_POINT('',(17.1,25.,23.1));
#5622=CARTESIAN_POINT('',(22.900813088754,19.199186911246,23.1));
#5623=CARTESIAN_POINT('',(17.,25.,23.1));
#5624=CARTESIAN_POINT('',(-25.5,25.,23.1));
#5625=CARTESIAN_POINT('',(17.,31.4781633579419,23.0999999999994));
#5626=CARTESIAN_POINT('',(17.,-40.,23.1));
#5627=CARTESIAN_POINT('',(10.,31.4781633579419,23.0999999999994));
#5628=CARTESIAN_POINT('',(10.,33.787564434702,23.1));
#5629=CARTESIAN_POINT('',(10.,35.,23.1));
#5630=CARTESIAN_POINT('',(-7.5,33.7875644347016,23.0999999999998));
#5631=CARTESIAN_POINT('',(-25.5,33.787564434702,23.1));
#5632=CARTESIAN_POINT('',(-7.5,35.,23.1));
#5633=CARTESIAN_POINT('',(-14.5,31.4781633579422,23.0999999999997));
#5634=CARTESIAN_POINT('',(-22.,31.4781633579419,23.0999999999994));
#5635=CARTESIAN_POINT('',(-14.5,25.,23.1));
#5636=CARTESIAN_POINT('',(-14.5,-40.,23.1));
#5637=CARTESIAN_POINT('',(-14.6,25.,23.1));
#5638=CARTESIAN_POINT('',(-29.5,25.,23.1));
#5639=CARTESIAN_POINT('',(-21.440559050903,18.1594409490955,23.1));
#5640=CARTESIAN_POINT('',(-14.6,25.,23.1));
#5641=CARTESIAN_POINT('',(-21.4405590509,7.04213562373067,23.0999999999997));
#5642=CARTESIAN_POINT('',(-21.4405590509,4.,23.1));
#5643=CARTESIAN_POINT('',(-16.,7.042135623731,23.1));
#5644=CARTESIAN_POINT('',(5.21518282760882,-29.5425554707714,23.1));
#5645=CARTESIAN_POINT('',(5.21518282760882,-32.0810170092329,23.1));
#5646=CARTESIAN_POINT('',(5.21518282760882,-29.5425554707714,23.1));
#5647=CARTESIAN_POINT('',(4.06133667376267,-32.0810170092329,23.1));
#5648=CARTESIAN_POINT('',(5.21518282760882,-32.0810170092329,23.1));
#5649=CARTESIAN_POINT('',(4.06133667376267,-26.0810170092329,23.1));
#5650=CARTESIAN_POINT('',(4.06133667376267,-32.0810170092329,23.1));
#5651=CARTESIAN_POINT('',(6.57936551991652,-26.0810170092329,23.1));
#5652=CARTESIAN_POINT('',(4.06133667376267,-26.0810170092329,23.1));
#5653=CARTESIAN_POINT('',(8.90749051991652,-27.7432766246176,23.1));
#5654=CARTESIAN_POINT('Ctrl Pts',(6.57936551991652,-26.0810170092329,23.1));
#5655=CARTESIAN_POINT('Ctrl Pts',(6.65589090539707,-26.0814886334333,23.1));
#5656=CARTESIAN_POINT('Ctrl Pts',(6.80336932907088,-26.0823975395851,23.1));
#5657=CARTESIAN_POINT('Ctrl Pts',(7.0166519016125,-26.0890254650582,23.1));
#5658=CARTESIAN_POINT('Ctrl Pts',(7.21334630876479,-26.1029113546294,23.1));
#5659=CARTESIAN_POINT('Ctrl Pts',(7.39432509019679,-26.1186372388245,23.1));
#5660=CARTESIAN_POINT('Ctrl Pts',(7.55871899020441,-26.1415173867405,23.1));
#5661=CARTESIAN_POINT('Ctrl Pts',(7.70717799288462,-26.1689275785284,23.1));
#5662=CARTESIAN_POINT('Ctrl Pts',(7.83945215711825,-26.200692212101,23.1));
#5663=CARTESIAN_POINT('Ctrl Pts',(7.95747144145675,-26.238735511628,23.1));
#5664=CARTESIAN_POINT('Ctrl Pts',(8.06508105369156,-26.2822773895933,23.1));
#5665=CARTESIAN_POINT('Ctrl Pts',(8.16532468762149,-26.334104475384,23.1));
#5666=CARTESIAN_POINT('Ctrl Pts',(8.25930455026451,-26.3948262754132,23.1));
#5667=CARTESIAN_POINT('Ctrl Pts',(8.34846408173911,-26.4623498770884,23.1));
#5668=CARTESIAN_POINT('Ctrl Pts',(8.43318083566149,-26.536779032953,23.1));
#5669=CARTESIAN_POINT('Ctrl Pts',(8.51113232860579,-26.6200835057118,23.1));
#5670=CARTESIAN_POINT('Ctrl Pts',(8.58367668254385,-26.7110228658869,23.1));
#5671=CARTESIAN_POINT('Ctrl Pts',(8.65075536391043,-26.8088404918191,23.1));
#5672=CARTESIAN_POINT('Ctrl Pts',(8.70984748313053,-26.9131044598218,23.1));
#5673=CARTESIAN_POINT('Ctrl Pts',(8.76384216568247,-27.0204663092352,23.1));
#5674=CARTESIAN_POINT('Ctrl Pts',(8.80779587397861,-27.1320685311751,23.1));
#5675=CARTESIAN_POINT('Ctrl Pts',(8.84410123752954,-27.2473853968145,23.1));
#5676=CARTESIAN_POINT('Ctrl Pts',(8.87310252197522,-27.3661665369044,23.1));
#5677=CARTESIAN_POINT('Ctrl Pts',(8.89323186378185,-27.4887139369454,23.1));
#5678=CARTESIAN_POINT('Ctrl Pts',(8.90579839493101,-27.6148057821042,23.1));
#5679=CARTESIAN_POINT('Ctrl Pts',(8.90692021080021,-27.6999771678445,23.1));
#5680=CARTESIAN_POINT('Ctrl Pts',(8.90749051991652,-27.7432766246176,23.1));
#5681=CARTESIAN_POINT('',(7.40268282760883,-29.3935170092329,23.1));
#5682=CARTESIAN_POINT('Ctrl Pts',(8.90749051991652,-27.7432766246176,23.1));
#5683=CARTESIAN_POINT('Ctrl Pts',(8.90643268204371,-27.7978218211948,23.1));
#5684=CARTESIAN_POINT('Ctrl Pts',(8.90436537527063,-27.9044181694839,23.1));
#5685=CARTESIAN_POINT('Ctrl Pts',(8.88534092534829,-28.0606552421988,23.1));
#5686=CARTESIAN_POINT('Ctrl Pts',(8.85708475805735,-28.2099286123066,23.1));
#5687=CARTESIAN_POINT('Ctrl Pts',(8.8168058100048,-28.352445084977,23.1));
#5688=CARTESIAN_POINT('Ctrl Pts',(8.76142307586433,-28.4865284639466,23.1));
#5689=CARTESIAN_POINT('Ctrl Pts',(8.6971304913302,-28.6140570653781,23.1));
#5690=CARTESIAN_POINT('Ctrl Pts',(8.62045078343889,-28.7345983092221,23.1));
#5691=CARTESIAN_POINT('Ctrl Pts',(8.53190490761542,-28.8469572150496,23.1));
#5692=CARTESIAN_POINT('Ctrl Pts',(8.4315721352856,-28.9512332425041,23.1));
#5693=CARTESIAN_POINT('Ctrl Pts',(8.31901276902223,-29.0452804707345,23.1));
#5694=CARTESIAN_POINT('Ctrl Pts',(8.19503044761141,-29.1294664589568,23.1));
#5695=CARTESIAN_POINT('Ctrl Pts',(8.0588751532598,-29.2033057391638,23.1));
#5696=CARTESIAN_POINT('Ctrl Pts',(7.91149494349699,-29.2664303228972,23.1));
#5697=CARTESIAN_POINT('Ctrl Pts',(7.7522507284139,-29.3195414241251,23.1));
#5698=CARTESIAN_POINT('Ctrl Pts',(7.58186340763981,-29.3627679433319,23.1));
#5699=CARTESIAN_POINT('Ctrl Pts',(7.46334208152374,-29.3831073130716,23.1));
#5700=CARTESIAN_POINT('Ctrl Pts',(7.40268282760883,-29.3935170092329,23.1));
#5701=CARTESIAN_POINT('',(8.64186551991652,-30.8935170092329,23.1));
#5702=CARTESIAN_POINT('Ctrl Pts',(7.40268282760883,-29.3935170092329,23.1));
#5703=CARTESIAN_POINT('Ctrl Pts',(7.46134713851228,-29.4323709341373,23.1));
#5704=CARTESIAN_POINT('Ctrl Pts',(7.57616118723937,-29.5084133585433,23.1));
#5705=CARTESIAN_POINT('Ctrl Pts',(7.73501468884906,-29.633656184343,23.1));
#5706=CARTESIAN_POINT('Ctrl Pts',(7.87762744180292,-29.7651082168754,23.1));
#5707=CARTESIAN_POINT('Ctrl Pts',(7.98560662448795,-29.8820035415351,23.1));
#5708=CARTESIAN_POINT('Ctrl Pts',(8.06857749830901,-29.9848004224512,23.1));
#5709=CARTESIAN_POINT('Ctrl Pts',(8.13538322813406,-30.0747075650943,23.1));
#5710=CARTESIAN_POINT('Ctrl Pts',(8.20744391671802,-30.1781776454405,23.1));
#5711=CARTESIAN_POINT('Ctrl Pts',(8.28405280683033,-30.2952667249762,23.1));
#5712=CARTESIAN_POINT('Ctrl Pts',(8.36747465121803,-30.4249388439911,23.1));
#5713=CARTESIAN_POINT('Ctrl Pts',(8.45460684149044,-30.5691788331507,23.1));
#5714=CARTESIAN_POINT('Ctrl Pts',(8.54727274286969,-30.7265797545209,23.1));
#5715=CARTESIAN_POINT('Ctrl Pts',(8.60957587312317,-30.8365322672728,23.1));
#5716=CARTESIAN_POINT('Ctrl Pts',(8.64186551991652,-30.8935170092329,23.1));
#5717=CARTESIAN_POINT('',(9.36902898145498,-32.0810170092329,23.1));
#5718=CARTESIAN_POINT('',(8.64186551991652,-30.8935170092329,23.1));
#5719=CARTESIAN_POINT('',(8.02047128914729,-32.0810170092329,23.1));
#5720=CARTESIAN_POINT('',(9.36902898145498,-32.0810170092329,23.1));
#5721=CARTESIAN_POINT('',(7.1671059045319,-30.7192381630791,23.1));
#5722=CARTESIAN_POINT('',(8.02047128914729,-32.0810170092329,23.1));
#5723=CARTESIAN_POINT('',(5.47359628914729,-29.5425554707714,23.1));
#5724=CARTESIAN_POINT('Ctrl Pts',(7.1671059045319,-30.7192381630791,23.1));
#5725=CARTESIAN_POINT('Ctrl Pts',(7.12791427872774,-30.6646999031721,23.1));
#5726=CARTESIAN_POINT('Ctrl Pts',(7.05308940767454,-30.5605751525072,23.1));
#5727=CARTESIAN_POINT('Ctrl Pts',(6.94507508362912,-30.4126105025327,23.1));
#5728=CARTESIAN_POINT('Ctrl Pts',(6.84625156300339,-30.2808953882973,23.1));
#5729=CARTESIAN_POINT('Ctrl Pts',(6.75924887031859,-30.1635219928156,23.1));
#5730=CARTESIAN_POINT('Ctrl Pts',(6.67966470565673,-30.0638181275529,23.1));
#5731=CARTESIAN_POINT('Ctrl Pts',(6.60991556102379,-29.98004630008,23.1));
#5732=CARTESIAN_POINT('Ctrl Pts',(6.55142213644624,-29.9104088883662,23.1));
#5733=CARTESIAN_POINT('Ctrl Pts',(6.48523668109788,-29.8413603892231,23.1));
#5734=CARTESIAN_POINT('Ctrl Pts',(6.40823693048237,-29.7703977645605,23.1));
#5735=CARTESIAN_POINT('Ctrl Pts',(6.31291738970767,-29.7015954612666,23.1));
#5736=CARTESIAN_POINT('Ctrl Pts',(6.21503306486728,-29.6467469914189,23.1));
#5737=CARTESIAN_POINT('Ctrl Pts',(6.11015782958279,-29.6048963186202,23.1));
#5738=CARTESIAN_POINT('Ctrl Pts',(5.98887278851913,-29.5757152498179,23.1));
#5739=CARTESIAN_POINT('Ctrl Pts',(5.84306896187004,-29.5571231994085,23.1));
#5740=CARTESIAN_POINT('Ctrl Pts',(5.66816193698661,-29.5434061935463,23.1));
#5741=CARTESIAN_POINT('Ctrl Pts',(5.54173919937769,-29.5428534202107,23.1));
#5742=CARTESIAN_POINT('Ctrl Pts',(5.47359628914729,-29.5425554707714,23.1));
#5743=CARTESIAN_POINT('',(5.47359628914729,-29.5425554707714,23.1));
#5744=CARTESIAN_POINT('',(13.1382597506857,-30.8502477784637,23.1));
#5745=CARTESIAN_POINT('',(13.1382597506857,-32.0810170092329,23.1));
#5746=CARTESIAN_POINT('',(13.1382597506857,-30.8502477784637,23.1));
#5747=CARTESIAN_POINT('',(11.9844135968396,-32.0810170092329,23.1));
#5748=CARTESIAN_POINT('',(13.1382597506857,-32.0810170092329,23.1));
#5749=CARTESIAN_POINT('',(11.9844135968396,-30.8502477784637,23.1));
#5750=CARTESIAN_POINT('',(11.9844135968396,-32.0810170092329,23.1));
#5751=CARTESIAN_POINT('',(9.59979821222421,-30.8502477784637,23.1));
#5752=CARTESIAN_POINT('',(11.9844135968396,-30.8502477784637,23.1));
#5753=CARTESIAN_POINT('',(9.59979821222421,-29.8538535476945,23.1));
#5754=CARTESIAN_POINT('',(9.59979821222421,-30.8502477784637,23.1));
#5755=CARTESIAN_POINT('',(12.1370578276088,-26.157940086156,23.1));
#5756=CARTESIAN_POINT('',(9.59979821222421,-29.8538535476945,23.1));
#5757=CARTESIAN_POINT('',(13.1382597506857,-26.157940086156,23.1));
#5758=CARTESIAN_POINT('',(12.1370578276088,-26.157940086156,23.1));
#5759=CARTESIAN_POINT('',(13.1382597506857,-29.8502477784637,23.1));
#5760=CARTESIAN_POINT('',(13.1382597506857,-26.157940086156,23.1));
#5761=CARTESIAN_POINT('',(13.9074905199165,-29.8502477784637,23.1));
#5762=CARTESIAN_POINT('',(13.1382597506857,-29.8502477784637,23.1));
#5763=CARTESIAN_POINT('',(13.9074905199165,-30.8502477784637,23.1));
#5764=CARTESIAN_POINT('',(13.9074905199165,-29.8502477784637,23.1));
#5765=CARTESIAN_POINT('',(13.9074905199165,-30.8502477784637,23.1));
#5766=CARTESIAN_POINT('',(-4.5,-14.,23.1));
#5767=CARTESIAN_POINT('',(5.5,-14.,23.1));
#5768=CARTESIAN_POINT('Origin',(0.5,-14.,23.1));
#5769=CARTESIAN_POINT('',(5.5,-18.,23.1));
#5770=CARTESIAN_POINT('',(5.5,-40.,23.1));
#5771=CARTESIAN_POINT('',(-4.5,-18.,23.1));
#5772=CARTESIAN_POINT('Origin',(0.5,-18.,23.1));
#5773=CARTESIAN_POINT('',(-4.5,-40.,23.1));
#5774=CARTESIAN_POINT('Origin',(-6.7,-37.7,16.5));
#5775=CARTESIAN_POINT('',(-6.7,-37.7,17.));
#5776=CARTESIAN_POINT('',(-6.7,-34.3,17.));
#5777=CARTESIAN_POINT('',(-6.7,-37.7,17.));
#5778=CARTESIAN_POINT('',(-6.7,-37.7,16.5));
#5779=CARTESIAN_POINT('',(-6.7,-37.7,16.5));
#5780=CARTESIAN_POINT('',(-6.7,-37.7,16.5));
#5781=CARTESIAN_POINT('',(-6.7,-37.7,16.51));
#5782=CARTESIAN_POINT('',(-6.7,-34.3,16.5));
#5783=CARTESIAN_POINT('',(-6.7,-37.7,16.5));
#5784=CARTESIAN_POINT('',(-6.7,-34.3,16.5));
#5785=CARTESIAN_POINT('Origin',(14.7,29.3,17.5));
#5786=CARTESIAN_POINT('',(14.7,32.7,18.));
#5787=CARTESIAN_POINT('',(14.7,32.7,17.5));
#5788=CARTESIAN_POINT('',(14.7,32.7,17.5));
#5789=CARTESIAN_POINT('',(14.7,29.3,17.5));
#5790=CARTESIAN_POINT('',(14.7,29.3,17.5));
#5791=CARTESIAN_POINT('',(14.7,29.3,18.));
#5792=CARTESIAN_POINT('',(14.7,29.3,17.5));
#5793=CARTESIAN_POINT('',(14.7,29.3,18.));
#5794=CARTESIAN_POINT('Origin',(11.3,29.3,17.5));
#5795=CARTESIAN_POINT('',(11.3,32.7,17.5));
#5796=CARTESIAN_POINT('',(11.3,32.7,18.));
#5797=CARTESIAN_POINT('',(11.3,32.7,17.5));
#5798=CARTESIAN_POINT('',(11.3,29.3,18.));
#5799=CARTESIAN_POINT('',(11.3,29.3,18.));
#5800=CARTESIAN_POINT('',(11.3,29.3,17.5));
#5801=CARTESIAN_POINT('',(11.3,29.3,17.5));
#5802=CARTESIAN_POINT('',(11.3,29.3,17.5));
#5803=CARTESIAN_POINT('Origin',(-8.8,29.3,17.5));
#5804=CARTESIAN_POINT('',(-8.8,32.7,18.));
#5805=CARTESIAN_POINT('',(-8.8,32.7,17.5));
#5806=CARTESIAN_POINT('',(-8.8,32.7,17.5));
#5807=CARTESIAN_POINT('',(-8.8,29.3,17.5));
#5808=CARTESIAN_POINT('',(-8.8,29.3,17.5));
#5809=CARTESIAN_POINT('',(-8.8,29.3,18.));
#5810=CARTESIAN_POINT('',(-8.8,29.3,17.5));
#5811=CARTESIAN_POINT('',(-8.8,29.3,18.));
#5812=CARTESIAN_POINT('Origin',(-12.2,29.3,17.5));
#5813=CARTESIAN_POINT('',(-12.2,32.7,17.5));
#5814=CARTESIAN_POINT('',(-12.2,32.7,18.));
#5815=CARTESIAN_POINT('',(-12.2,32.7,17.5));
#5816=CARTESIAN_POINT('',(-12.2,29.3,18.));
#5817=CARTESIAN_POINT('',(-12.2,29.3,18.));
#5818=CARTESIAN_POINT('',(-12.2,29.3,17.5));
#5819=CARTESIAN_POINT('',(-12.2,29.3,17.5));
#5820=CARTESIAN_POINT('',(-12.2,29.3,17.5));
#5821=CARTESIAN_POINT('Origin',(11.3,29.3,17.5));
#5822=CARTESIAN_POINT('',(11.3,32.7,17.5));
#5823=CARTESIAN_POINT('',(11.3,29.3,17.5));
#5824=CARTESIAN_POINT('Origin',(-12.2,29.3,17.5));
#5825=CARTESIAN_POINT('',(-12.2,32.7,17.5));
#5826=CARTESIAN_POINT('',(-12.2,29.3,17.5));
#5827=CARTESIAN_POINT('Origin',(9.9,29.3,18.));
#5828=CARTESIAN_POINT('',(9.9,32.7,18.));
#5829=CARTESIAN_POINT('',(9.9,29.3,18.));
#5830=CARTESIAN_POINT('Origin',(9.9,32.7,18.));
#5831=CARTESIAN_POINT('',(13.,32.7,18.5));
#5832=CARTESIAN_POINT('',(9.9,32.7,18.));
#5833=CARTESIAN_POINT('Origin',(9.9,29.3,18.));
#5834=CARTESIAN_POINT('',(9.9,29.3,18.));
#5835=CARTESIAN_POINT('Origin',(9.9,29.3,18.));
#5836=CARTESIAN_POINT('',(13.,29.3,18.5));
#5837=CARTESIAN_POINT('Origin',(-13.6,29.3,18.));
#5838=CARTESIAN_POINT('',(-13.6,32.7,18.));
#5839=CARTESIAN_POINT('',(-13.6,29.3,18.));
#5840=CARTESIAN_POINT('Origin',(-13.6,32.7,18.));
#5841=CARTESIAN_POINT('',(-10.5,32.7,18.5));
#5842=CARTESIAN_POINT('',(-13.6,32.7,18.));
#5843=CARTESIAN_POINT('Origin',(-13.6,29.3,18.));
#5844=CARTESIAN_POINT('',(-13.6,29.3,18.));
#5845=CARTESIAN_POINT('Origin',(-13.6,29.3,18.));
#5846=CARTESIAN_POINT('',(-10.5,29.3,18.5));
#5847=CARTESIAN_POINT('Origin',(-0.7,2.3,16.5));
#5848=CARTESIAN_POINT('',(-0.7,5.7,16.5));
#5849=CARTESIAN_POINT('',(-0.7,5.7,17.));
#5850=CARTESIAN_POINT('',(-0.7,5.7,16.5));
#5851=CARTESIAN_POINT('',(-0.7,2.3,17.));
#5852=CARTESIAN_POINT('',(-0.7,2.3,17.));
#5853=CARTESIAN_POINT('',(-0.7,2.3,16.5));
#5854=CARTESIAN_POINT('',(-0.7,2.3,16.5));
#5855=CARTESIAN_POINT('',(-0.7,2.3,16.5));
#5856=CARTESIAN_POINT('Origin',(2.7,2.3,16.5));
#5857=CARTESIAN_POINT('',(2.7,5.7,17.));
#5858=CARTESIAN_POINT('',(2.7,5.7,16.5));
#5859=CARTESIAN_POINT('',(2.7,5.7,16.5));
#5860=CARTESIAN_POINT('',(2.7,2.3,16.5));
#5861=CARTESIAN_POINT('',(2.7,2.3,16.5));
#5862=CARTESIAN_POINT('',(2.7,2.3,17.));
#5863=CARTESIAN_POINT('',(2.7,2.3,16.5));
#5864=CARTESIAN_POINT('',(2.7,2.3,17.));
#5865=CARTESIAN_POINT('Origin',(23.5,8.,14.5));
#5866=CARTESIAN_POINT('',(23.5,13.8714224454781,17.8898673294239));
#5867=CARTESIAN_POINT('',(23.5,9.03923048454098,15.1));
#5868=CARTESIAN_POINT('',(23.5,8.,14.5));
#5869=CARTESIAN_POINT('',(23.5,18.6,20.3839131674893));
#5870=CARTESIAN_POINT('Origin',(23.5,20.,12.));
#5871=CARTESIAN_POINT('',(23.5,18.6,19.2199397587932));
#5872=CARTESIAN_POINT('',(23.5,18.6,12.));
#5873=CARTESIAN_POINT('',(23.5,13.1781600722388,15.1));
#5874=CARTESIAN_POINT('Origin',(23.5,20.,11.75));
#5875=CARTESIAN_POINT('',(23.5,4.,15.1));
#5876=CARTESIAN_POINT('Origin',(19.5,8.,14.5));
#5877=CARTESIAN_POINT('',(19.5,13.8714224454767,17.8898673294224));
#5878=CARTESIAN_POINT('',(19.5,9.039230484541,15.1));
#5879=CARTESIAN_POINT('',(19.5,13.871422445476,17.889867329422));
#5880=CARTESIAN_POINT('',(19.5,13.8714224454763,17.8898673294217));
#5881=CARTESIAN_POINT('',(-25.5,9.039230484541,15.1));
#5882=CARTESIAN_POINT('Origin',(-8.1,-34.3,17.));
#5883=CARTESIAN_POINT('',(-7.59229627936312,-34.3,17.5));
#5884=CARTESIAN_POINT('',(-2.40770372063693,-34.3,17.5));
#5885=CARTESIAN_POINT('',(-5.,-34.3,17.5));
#5886=CARTESIAN_POINT('',(-7.59229627936312,-34.3,17.));
#5887=CARTESIAN_POINT('',(-7.5922962793631,-34.2999999999999,13.));
#5888=CARTESIAN_POINT('',(-8.1,-34.3,17.));
#5889=CARTESIAN_POINT('',(-6.7,-34.3,16.5));
#5890=CARTESIAN_POINT('',(-6.7,-34.3,16.51));
#5891=CARTESIAN_POINT('',(-3.3,-34.3,16.5));
#5892=CARTESIAN_POINT('',(-6.7,-34.3,16.5));
#5893=CARTESIAN_POINT('',(-3.3,-34.3,17.));
#5894=CARTESIAN_POINT('',(-3.3,-34.3,16.5));
#5895=CARTESIAN_POINT('',(-2.40770372063693,-34.3,17.));
#5896=CARTESIAN_POINT('',(-8.1,-34.3,17.));
#5897=CARTESIAN_POINT('',(-2.407703720637,-34.3,17.));
#5898=CARTESIAN_POINT('Origin',(-3.3,-37.7,16.5));
#5899=CARTESIAN_POINT('',(-3.3,-37.7,17.));
#5900=CARTESIAN_POINT('',(-3.3,-37.7,17.));
#5901=CARTESIAN_POINT('',(-3.3,-37.7,16.5));
#5902=CARTESIAN_POINT('',(-3.3,-36.,16.51));
#5903=CARTESIAN_POINT('',(-3.3,-37.7,16.5));
#5904=CARTESIAN_POINT('',(-3.3,-37.7,16.5));
#5905=CARTESIAN_POINT('',(-3.3,-37.7,16.5));
#5906=CARTESIAN_POINT('Origin',(-6.7,-37.7,16.5));
#5907=CARTESIAN_POINT('',(-6.7,-37.7,16.5));
#5908=CARTESIAN_POINT('Origin',(-5.,-36.,16.51));
#5909=CARTESIAN_POINT('',(-6.7,-37.7,16.51));
#5910=CARTESIAN_POINT('Origin',(-6.7,-37.7,16.5));
#5911=CARTESIAN_POINT('',(-6.7,-37.7,16.5));
#5912=CARTESIAN_POINT('Origin',(-5.,-36.,16.51));
#5913=CARTESIAN_POINT('Origin',(-6.7,-37.7,16.5));
#5914=CARTESIAN_POINT('Origin',(-5.,-36.,16.51));
#5915=CARTESIAN_POINT('Origin',(-6.7,-37.7,16.5));
#5916=CARTESIAN_POINT('Origin',(-5.,-36.,16.51));
#5917=CARTESIAN_POINT('Origin',(-2.1,2.3,17.));
#5918=CARTESIAN_POINT('',(-2.1,2.3,17.));
#5919=CARTESIAN_POINT('',(-2.1,5.7,17.));
#5920=CARTESIAN_POINT('Origin',(-2.1,5.7,17.));
#5921=CARTESIAN_POINT('',(1.,5.7,17.5));
#5922=CARTESIAN_POINT('',(-2.1,5.7,17.));
#5923=CARTESIAN_POINT('',(-0.7,5.7,16.5));
#5924=CARTESIAN_POINT('Origin',(-2.1,2.3,17.));
#5925=CARTESIAN_POINT('',(-2.1,2.3,17.));
#5926=CARTESIAN_POINT('Origin',(-2.1,2.3,17.));
#5927=CARTESIAN_POINT('',(1.,2.3,17.5));
#5928=CARTESIAN_POINT('',(-0.7,2.3,16.5));
#5929=CARTESIAN_POINT('Origin',(26.5,4.,15.1));
#5930=CARTESIAN_POINT('',(26.5,13.1781600722388,15.1));
#5931=CARTESIAN_POINT('',(26.5,14.379832380806,16.866025403784));
#5932=CARTESIAN_POINT('Origin',(26.5,20.,11.75));
#5933=CARTESIAN_POINT('',(26.5,6.,16.866025403784));
#5934=CARTESIAN_POINT('',(26.5,-20.,16.866025403784));
#5935=CARTESIAN_POINT('',(26.5,6.,15.1));
#5936=CARTESIAN_POINT('',(26.5,6.,10.));
#5937=CARTESIAN_POINT('',(26.5,4.,15.1));
#5938=CARTESIAN_POINT('Origin',(-30.,20.,11.75));
#5939=CARTESIAN_POINT('',(-25.5,13.178160072239,15.1));
#5940=CARTESIAN_POINT('',(25.5415455613475,16.5584544386525,18.5261171882701));
#5941=CARTESIAN_POINT('Origin',(22.0999999998895,20.0000000001107,11.7499999996753));
#5942=CARTESIAN_POINT('Origin',(29.4537386440471,19.9999999999645,11.7500000000369));
#5943=CARTESIAN_POINT('Origin',(19.5,20.,12.));
#5944=CARTESIAN_POINT('',(19.5,22.6,20.0925892024741));
#5945=CARTESIAN_POINT('Origin',(19.5,20.,12.));
#5946=CARTESIAN_POINT('Origin',(22.1000000000054,19.9999999999945,11.9999999999188));
#5947=CARTESIAN_POINT('Origin',(13.,31.,18.5));
#5948=CARTESIAN_POINT('Origin',(10.,35.,17.));
#5949=CARTESIAN_POINT('',(10.,34.5,17.866025403784));
#5950=CARTESIAN_POINT('',(10.,35.,17.));
#5951=CARTESIAN_POINT('',(10.,34.5,21.866025403784));
#5952=CARTESIAN_POINT('',(10.,34.5,15.1));
#5953=CARTESIAN_POINT('',(10.,34.5,21.866025403784));
#5954=CARTESIAN_POINT('Origin',(13.,31.,18.5));
#5955=CARTESIAN_POINT('Origin',(-10.5,31.,18.5));
#5956=CARTESIAN_POINT('Origin',(-10.5,31.,18.5));
#5957=CARTESIAN_POINT('Origin',(-7.5,35.,17.));
#5958=CARTESIAN_POINT('',(-7.5,34.5,21.866025403784));
#5959=CARTESIAN_POINT('',(-7.5,35.,21.));
#5960=CARTESIAN_POINT('',(-7.5,34.5,17.866025403784));
#5961=CARTESIAN_POINT('',(-7.5,34.5,15.1));
#5962=CARTESIAN_POINT('',(-7.5,35.,17.));
#5963=CARTESIAN_POINT('Origin',(-25.5,34.5,15.1));
#5964=CARTESIAN_POINT('',(-22.,34.5,21.866025403784));
#5965=CARTESIAN_POINT('',(15.55,34.5,17.866025403784));
#5966=CARTESIAN_POINT('',(10.,34.5,17.866025403784));
#5967=CARTESIAN_POINT('',(15.55,34.5,15.1));
#5968=CARTESIAN_POINT('',(15.55,34.5,10.));
#5969=CARTESIAN_POINT('',(-13.05,34.5,15.1));
#5970=CARTESIAN_POINT('',(-25.5,34.5,15.1));
#5971=CARTESIAN_POINT('',(-13.05,34.5,17.866025403784));
#5972=CARTESIAN_POINT('',(-13.05,34.5,10.));
#5973=CARTESIAN_POINT('',(-22.,34.5,17.866025403784));
#5974=CARTESIAN_POINT('Origin',(-25.5,4.,15.1));
#5975=CARTESIAN_POINT('',(-25.4999999999986,6.,16.0688420258482));
#5976=CARTESIAN_POINT('',(-25.5,6.,15.1));
#5977=CARTESIAN_POINT('',(-25.5,6.,15.1));
#5978=CARTESIAN_POINT('',(-25.4999999999979,13.7463927565115,16.068842025843));
#5979=CARTESIAN_POINT('',(-25.4999999999959,-20.,16.0688420258466));
#5980=CARTESIAN_POINT('',(-25.5,13.1781600722386,15.1000000000001));
#5981=CARTESIAN_POINT('Origin',(-25.5,20.,11.75));
#5982=CARTESIAN_POINT('',(-25.5,4.,15.1));
#5983=CARTESIAN_POINT('Origin',(19.5,20.,12.));
#5984=CARTESIAN_POINT('',(19.5,13.1781600722386,15.1000000000001));
#5985=CARTESIAN_POINT('',(19.5,4.,15.1));
#5986=CARTESIAN_POINT('',(19.5,22.6,18.8914284285428));
#5987=CARTESIAN_POINT('Origin',(19.5,20.,11.75));
#5988=CARTESIAN_POINT('',(19.5,22.6,10.));
#5989=CARTESIAN_POINT('Origin',(17.,22.,18.));
#5990=CARTESIAN_POINT('',(17.7759394083801,24.3240605916199,18.));
#5991=CARTESIAN_POINT('',(17.,24.3240605916199,18.));
#5992=CARTESIAN_POINT('',(-30.,24.32406059162,17.9999999999999));
#5993=CARTESIAN_POINT('',(17.,25.,18.));
#5994=CARTESIAN_POINT('',(17.,22.,18.));
#5995=CARTESIAN_POINT('',(17.1,25.,18.));
#5996=CARTESIAN_POINT('',(17.,25.,18.));
#5997=CARTESIAN_POINT('',(26.9,15.2,18.));
#5998=CARTESIAN_POINT('Origin',(-16.,-40.,15.1));
#5999=CARTESIAN_POINT('',(-14.5,26.8218399277614,15.1000000000001));
#6000=CARTESIAN_POINT('',(-14.5,33.05,15.1));
#6001=CARTESIAN_POINT('',(-14.5,25.,15.1));
#6002=CARTESIAN_POINT('',(-19.55,28.,15.1));
#6003=CARTESIAN_POINT('',(17.,33.05,15.1));
#6004=CARTESIAN_POINT('',(22.05,28.,15.1));
#6005=CARTESIAN_POINT('',(17.,26.8218399277614,15.1000000000001));
#6006=CARTESIAN_POINT('',(17.,22.,15.1));
#6007=CARTESIAN_POINT('',(-30.,26.8218399277613,15.1000000000002));
#6008=CARTESIAN_POINT('Origin',(-16.5,20.,12.));
#6009=CARTESIAN_POINT('',(-16.5,23.1,18.6890201037322));
#6010=CARTESIAN_POINT('',(-16.5,23.1,19.9145435749638));
#6011=CARTESIAN_POINT('',(-16.5,23.1,12.));
#6012=CARTESIAN_POINT('',(-16.5,13.1781600722386,15.1000000000001));
#6013=CARTESIAN_POINT('Origin',(-16.5,20.,11.75));
#6014=CARTESIAN_POINT('',(-16.5,9.03923048454097,15.1));
#6015=CARTESIAN_POINT('',(-16.5,4.,15.1));
#6016=CARTESIAN_POINT('',(-16.5,13.8714224454781,17.8898673294239));
#6017=CARTESIAN_POINT('',(-16.5,8.,14.5));
#6018=CARTESIAN_POINT('Origin',(-16.5,20.,12.));
#6019=CARTESIAN_POINT('Origin',(-20.5,20.,12.));
#6020=CARTESIAN_POINT('',(-20.5,19.1,20.4522186436462));
#6021=CARTESIAN_POINT('',(-20.5,13.8714224454781,17.8898673294239));
#6022=CARTESIAN_POINT('Origin',(-20.5,20.,12.));
#6023=CARTESIAN_POINT('',(-20.5,9.03923048454098,15.1));
#6024=CARTESIAN_POINT('',(-20.5,8.,14.5));
#6025=CARTESIAN_POINT('',(-20.5,13.1781600722386,15.1000000000001));
#6026=CARTESIAN_POINT('',(-20.5,4.,15.1));
#6027=CARTESIAN_POINT('',(-20.5,19.1,19.2965223778904));
#6028=CARTESIAN_POINT('Origin',(-20.5,20.,11.75));
#6029=CARTESIAN_POINT('',(-20.5,19.1,12.));
#6030=CARTESIAN_POINT('Origin',(-20.5,8.,14.5));
#6031=CARTESIAN_POINT('',(-20.5,13.8714224454763,17.8898673294217));
#6032=CARTESIAN_POINT('',(-25.5,9.039230484541,15.1));
#6033=CARTESIAN_POINT('Origin',(-0.7,2.3,16.5));
#6034=CARTESIAN_POINT('Origin',(-17.,-25.,11.75));
#6035=CARTESIAN_POINT('',(-16.,-21.0078201443311,17.5));
#6036=CARTESIAN_POINT('',(-15.,-21.0078201443311,17.5));
#6037=CARTESIAN_POINT('',(-17.,-21.00782014433,17.5));
#6038=CARTESIAN_POINT('',(-15.,-31.1463403745639,15.1000000000009));
#6039=CARTESIAN_POINT('Origin',(-15.,-25.,11.75));
#6040=CARTESIAN_POINT('',(-16.,-31.1463403745639,15.1000000000009));
#6041=CARTESIAN_POINT('',(-17.,-31.1463403745634,15.1000000000018));
#6042=CARTESIAN_POINT('Origin',(-16.,-25.,11.75));
#6043=CARTESIAN_POINT('Origin',(-8.1,-37.7,17.));
#6044=CARTESIAN_POINT('',(-1.9,-35.7,17.));
#6045=CARTESIAN_POINT('',(-1.91455027589185,-35.7,17.));
#6046=CARTESIAN_POINT('',(-8.1,-35.7,17.));
#6047=CARTESIAN_POINT('Origin',(-5.,-36.,17.));
#6048=CARTESIAN_POINT('',(-1.9,-37.7,17.));
#6049=CARTESIAN_POINT('',(-8.1,-37.7,17.));
#6050=CARTESIAN_POINT('',(-1.9,-37.7,17.));
#6051=CARTESIAN_POINT('Origin',(-5.,-36.,17.5));
#6052=CARTESIAN_POINT('Origin',(-5.,-36.,17.5));
#6053=CARTESIAN_POINT('Origin',(-8.1,-37.7,17.));
#6054=CARTESIAN_POINT('',(-8.1,-37.7,17.));
#6055=CARTESIAN_POINT('',(-8.1,-35.7,17.));
#6056=CARTESIAN_POINT('',(-8.1,-37.7,17.));
#6057=CARTESIAN_POINT('',(-8.1,-37.7,17.));
#6058=CARTESIAN_POINT('',(-8.08544972410815,-35.7,17.));
#6059=CARTESIAN_POINT('Origin',(-5.,-36.,17.));
#6060=CARTESIAN_POINT('',(-8.1,-35.7,17.));
#6061=CARTESIAN_POINT('Origin',(-8.1,-37.7,17.));
#6062=CARTESIAN_POINT('',(-1.9,-37.7,17.5));
#6063=CARTESIAN_POINT('',(-8.1,-37.7,17.5));
#6064=CARTESIAN_POINT('',(-8.1,-37.7,17.5));
#6065=CARTESIAN_POINT('',(-1.9,-37.7,17.));
#6066=CARTESIAN_POINT('',(-8.1,-37.7,17.));
#6067=CARTESIAN_POINT('Origin',(-17.,-25.,11.75));
#6068=CARTESIAN_POINT('',(16.,-31.1463403745622,15.1));
#6069=CARTESIAN_POINT('',(16.,-21.0078201443311,17.5));
#6070=CARTESIAN_POINT('Origin',(16.,-25.,11.75));
#6071=CARTESIAN_POINT('',(17.,-21.0078201443311,17.5));
#6072=CARTESIAN_POINT('',(-17.,-21.00782014433,17.5));
#6073=CARTESIAN_POINT('',(17.,-31.1463403745622,15.1));
#6074=CARTESIAN_POINT('Origin',(17.,-25.,11.75));
#6075=CARTESIAN_POINT('',(-16.,-31.14634037456,15.1));
#6076=CARTESIAN_POINT('Origin',(28.,6.,10.));
#6077=CARTESIAN_POINT('',(6.,6.,18.887301627792));
#6078=CARTESIAN_POINT('',(6.,6.,15.1));
#6079=CARTESIAN_POINT('',(6.,6.,10.));
#6080=CARTESIAN_POINT('',(-16.,6.,15.1));
#6081=CARTESIAN_POINT('',(23.5358983848614,6.,21.9999999999997));
#6082=CARTESIAN_POINT('',(27.,6.,16.));
#6083=CARTESIAN_POINT('',(9.,6.,22.));
#6084=CARTESIAN_POINT('',(9.,6.,22.));
#6085=CARTESIAN_POINT('',(9.,6.,21.887301627792));
#6086=CARTESIAN_POINT('',(9.,6.,10.));
#6087=CARTESIAN_POINT('',(1.556349186104,6.,14.443650813896));
#6088=CARTESIAN_POINT('Origin',(1.,4.,17.5));
#6089=CARTESIAN_POINT('Origin',(1.,4.,17.5));
#6090=CARTESIAN_POINT('Origin',(-36.,0.,16.));
#6091=CARTESIAN_POINT('',(-22.0756443470101,6.,22.0000000000001));
#6092=CARTESIAN_POINT('',(-6.,6.,22.));
#6093=CARTESIAN_POINT('',(-4.,6.,22.));
#6094=CARTESIAN_POINT('',(-5.99999999999999,7.071067811865,23.071067811865));
#6095=CARTESIAN_POINT('',(-5.99999999999999,0.,16.));
#6096=CARTESIAN_POINT('',(-21.4572630575099,7.071067811865,23.0710678118649));
#6097=CARTESIAN_POINT('',(-36.,7.071067811865,23.071067811865));
#6098=CARTESIAN_POINT('',(-21.4572630575097,7.071067811865,23.0710678118648));
#6099=CARTESIAN_POINT('Origin',(9.,0.,16.));
#6100=CARTESIAN_POINT('',(22.9175170953607,7.071067811865,23.0710678118649));
#6101=CARTESIAN_POINT('',(22.9175170953599,7.071067811865,23.0710678118644));
#6102=CARTESIAN_POINT('',(9.,7.071067811865,23.071067811865));
#6103=CARTESIAN_POINT('',(9.,7.071067811865,23.071067811865));
#6104=CARTESIAN_POINT('',(9.,6.,22.));
#6105=CARTESIAN_POINT('Origin',(27.,-20.,16.));
#6106=CARTESIAN_POINT('',(22.900813088754,19.199186911246,23.1));
#6107=CARTESIAN_POINT('',(22.900813088754,7.0421356237305,23.0999999999995));
#6108=CARTESIAN_POINT('Origin',(26.9,15.2,10.));
#6109=CARTESIAN_POINT('Origin',(22.0999999998128,20.0000000001862,11.7500000003347));
#6110=CARTESIAN_POINT('',(17.1,25.,10.));
#6111=CARTESIAN_POINT('Origin',(17.,25.,10.));
#6112=CARTESIAN_POINT('',(17.,25.,10.));
#6113=CARTESIAN_POINT('Origin',(22.05,28.,10.));
#6114=CARTESIAN_POINT('',(17.,33.0499999999997,20.3774990747588));
#6115=CARTESIAN_POINT('',(17.,33.0499999999994,20.3774990747587));
#6116=CARTESIAN_POINT('',(17.,33.05,10.));
#6117=CARTESIAN_POINT('Origin',(10.,35.,17.));
#6118=CARTESIAN_POINT('',(17.,33.05,20.377499074759));
#6119=CARTESIAN_POINT('Origin',(-22.,35.,21.));
#6120=CARTESIAN_POINT('Origin',(-19.55,28.,10.));
#6121=CARTESIAN_POINT('',(-14.5,33.0499999999998,20.3774990747589));
#6122=CARTESIAN_POINT('',(-13.05,34.5,17.866025403784));
#6123=CARTESIAN_POINT('',(-14.5,33.05,10.));
#6124=CARTESIAN_POINT('Origin',(-22.,35.,17.));
#6125=CARTESIAN_POINT('',(-14.5,33.05,20.377499074759));
#6126=CARTESIAN_POINT('Origin',(-30.,20.,11.75));
#6127=CARTESIAN_POINT('',(-30.,13.1781600722387,15.1000000000002));
#6128=CARTESIAN_POINT('',(-24.5311979251348,15.3311979251371,17.7468564419833));
#6129=CARTESIAN_POINT('Origin',(-27.993484606217,20.0000000000158,11.7499999999833));
#6130=CARTESIAN_POINT('',(-24.4,15.2,17.6423679450625));
#6131=CARTESIAN_POINT('Origin',(-28.2812799156151,19.0812799341236,8.11251579080774));
#6132=CARTESIAN_POINT('Origin',(-19.5999999999993,20.0000000000006,11.7499999999972));
#6133=CARTESIAN_POINT('Origin',(-24.4,15.2,10.));
#6134=CARTESIAN_POINT('',(-24.3999999999984,15.2,17.9740979141741));
#6135=CARTESIAN_POINT('',(-24.5311979251354,15.33119792514,17.7468564419823));
#6136=CARTESIAN_POINT('',(-24.4,15.2,10.));
#6137=CARTESIAN_POINT('Origin',(-25.53974596215,-20.,16.));
#6138=CARTESIAN_POINT('',(-25.5,6.,16.068842025849));
#6139=CARTESIAN_POINT('',(-21.45726305751,7.071067811865,23.071067811865));
#6140=CARTESIAN_POINT('',(-24.4,15.2,17.974097914175));
#6141=CARTESIAN_POINT('Origin',(-29.5,25.,10.));
#6142=CARTESIAN_POINT('',(-14.6,25.,18.));
#6143=CARTESIAN_POINT('',(-14.6,25.,10.));
#6144=CARTESIAN_POINT('',(-14.5,25.,18.));
#6145=CARTESIAN_POINT('',(-14.5,25.,10.));
#6146=CARTESIAN_POINT('',(-24.5,25.,18.));
#6147=CARTESIAN_POINT('Origin',(-24.5,22.,18.));
#6148=CARTESIAN_POINT('',(-15.2759394083801,24.3240605916199,18.));
#6149=CARTESIAN_POINT('',(-24.4,15.2,18.));
#6150=CARTESIAN_POINT('',(-14.5,24.3240605916199,18.));
#6151=CARTESIAN_POINT('',(-14.5,22.,18.));
#6152=CARTESIAN_POINT('',(-30.,24.32406059162,17.9999999999999));
#6153=CARTESIAN_POINT('Origin',(-30.,20.,11.75));
#6154=CARTESIAN_POINT('Origin',(17.,20.,11.75));
#6155=CARTESIAN_POINT('',(-16.,13.178160072239,15.1));
#6156=CARTESIAN_POINT('Origin',(-19.5999999992894,20.0000000007113,11.7500000012874));
#6157=CARTESIAN_POINT('Origin',(-14.5,20.,11.75));
#6158=CARTESIAN_POINT('Origin',(-20.5,20.,12.));
#6159=CARTESIAN_POINT('Origin',(-19.5999999999959,20.0000000000038,12.0000000000355));
#6160=CARTESIAN_POINT('Origin',(-4.,6.,10.));
#6161=CARTESIAN_POINT('',(-4.,6.,15.1));
#6162=CARTESIAN_POINT('',(-16.,6.,15.1));
#6163=CARTESIAN_POINT('',(-4.,6.00000000000001,20.));
#6164=CARTESIAN_POINT('',(-4.,6.,10.));
#6165=CARTESIAN_POINT('',(-14.,6.,30.));
#6166=CARTESIAN_POINT('Origin',(16.,-25.,11.75));
#6167=CARTESIAN_POINT('',(16.,-31.8218399277613,15.1000000000003));
#6168=CARTESIAN_POINT('',(16.,-40.,15.1));
#6169=CARTESIAN_POINT('',(16.,-20.0303420640838,17.4999999999987));
#6170=CARTESIAN_POINT('Origin',(16.,-25.,11.75));
#6171=CARTESIAN_POINT('',(16.,-22.,17.5));
#6172=CARTESIAN_POINT('Origin',(-17.,-22.,17.5));
#6173=CARTESIAN_POINT('',(5.06921340088335,-20.0303420640838,17.4999999999987));
#6174=CARTESIAN_POINT('',(-15.,-20.0303420640823,17.4999999999974));
#6175=CARTESIAN_POINT('',(5.26969600708487,-19.5,17.5));
#6176=CARTESIAN_POINT('Origin',(0.5,-18.,17.5));
#6177=CARTESIAN_POINT('',(17.,-19.5,17.5));
#6178=CARTESIAN_POINT('',(-20.,-19.5,17.5));
#6179=CARTESIAN_POINT('',(17.,-40.,17.5));
#6180=CARTESIAN_POINT('Origin',(-17.,-22.,17.5));
#6181=CARTESIAN_POINT('',(-4.06921340088335,-20.0303420640838,17.4999999999987));
#6182=CARTESIAN_POINT('',(-4.26969600708486,-19.5,17.5));
#6183=CARTESIAN_POINT('Origin',(0.5,-18.,17.5));
#6184=CARTESIAN_POINT('',(-15.,-20.0303420640838,17.4999999999987));
#6185=CARTESIAN_POINT('',(-15.,-20.0303420640823,17.4999999999974));
#6186=CARTESIAN_POINT('',(-15.,-25.,17.5));
#6187=CARTESIAN_POINT('',(-16.,-19.5,17.5));
#6188=CARTESIAN_POINT('',(-16.,-40.,17.5));
#6189=CARTESIAN_POINT('',(-17.,-19.5,17.5));
#6190=CARTESIAN_POINT('Origin',(-15.,-25.,11.75));
#6191=CARTESIAN_POINT('',(-15.,-31.8218399277613,15.1000000000003));
#6192=CARTESIAN_POINT('',(-15.,-40.,15.1));
#6193=CARTESIAN_POINT('Origin',(-15.,-25.,11.75));
#6194=CARTESIAN_POINT('Origin',(-20.,-19.5,19.));
#6195=CARTESIAN_POINT('',(-16.,-19.5,19.));
#6196=CARTESIAN_POINT('',(-9.41154273187997,-19.5,19.));
#6197=CARTESIAN_POINT('',(-20.,-19.5,19.));
#6198=CARTESIAN_POINT('',(-16.,-12.,19.));
#6199=CARTESIAN_POINT('',(-16.,-40.,19.));
#6200=CARTESIAN_POINT('',(-9.41154273187997,-12.,19.));
#6201=CARTESIAN_POINT('',(-20.,-12.,19.));
#6202=CARTESIAN_POINT('',(-9.41154273187993,-19.5,18.9999999999999));
#6203=CARTESIAN_POINT('Origin',(6.,-4.,10.));
#6204=CARTESIAN_POINT('',(6.,-4.,15.1));
#6205=CARTESIAN_POINT('',(6.,-4.,18.887301627792));
#6206=CARTESIAN_POINT('',(6.,-4.00000000000001,10.));
#6207=CARTESIAN_POINT('',(6.,-40.,15.1));
#6208=CARTESIAN_POINT('',(6.,-4.,18.887301627792));
#6209=CARTESIAN_POINT('Origin',(-4.,-4.,10.));
#6210=CARTESIAN_POINT('',(-4.,-4.,20.));
#6211=CARTESIAN_POINT('',(-4.,-4.,15.1));
#6212=CARTESIAN_POINT('',(-4.,-4.,10.));
#6213=CARTESIAN_POINT('',(-4.,-4.,20.));
#6214=CARTESIAN_POINT('',(-4.,-40.,15.1));
#6215=CARTESIAN_POINT('Origin',(-20.,-19.5,19.));
#6216=CARTESIAN_POINT('',(10.3397459621555,-19.5,18.9999999999993));
#6217=CARTESIAN_POINT('',(17.,-19.5,19.));
#6218=CARTESIAN_POINT('',(-20.,-19.5,19.));
#6219=CARTESIAN_POINT('',(10.3397459621554,-12.,18.9999999999993));
#6220=CARTESIAN_POINT('',(10.3397459621549,-19.5,18.9999999999982));
#6221=CARTESIAN_POINT('',(17.,-12.,19.));
#6222=CARTESIAN_POINT('',(-20.,-12.,19.));
#6223=CARTESIAN_POINT('',(17.,-40.,19.));
#6224=CARTESIAN_POINT('Origin',(3.6,-27.,16.5));
#6225=CARTESIAN_POINT('',(2.04999999999896,-24.31532124826,21.5));
#6226=CARTESIAN_POINT('',(3.59999999999994,-27.,21.5));
#6227=CARTESIAN_POINT('',(2.05,-24.31532124826,21.5));
#6228=CARTESIAN_POINT('',(2.04999999999724,-24.31532124826,19.3190960495238));
#6229=CARTESIAN_POINT('',(2.05,-24.31532124826,16.5));
#6230=CARTESIAN_POINT('',(3.59999999999986,-26.9999999999999,19.0821211119294));
#6231=CARTESIAN_POINT('Origin',(2.44529946166433,-24.9999999999645,11.7499999999065));
#6232=CARTESIAN_POINT('',(3.59999999999983,-26.9999999999999,16.5));
#6233=CARTESIAN_POINT('Origin',(2.05,-29.68467875173,16.5));
#6234=CARTESIAN_POINT('',(2.05,-29.68467875173,21.5));
#6235=CARTESIAN_POINT('',(3.6,-27.,21.5));
#6236=CARTESIAN_POINT('',(2.04999999999976,-29.6846787517304,17.7344619635424));
#6237=CARTESIAN_POINT('Origin',(4.75470053835081,-25.0000000000501,11.7500000000986));
#6238=CARTESIAN_POINT('',(2.05,-29.68467875173,16.5));
#6239=CARTESIAN_POINT('Origin',(-1.05,-29.68467875173,16.5));
#6240=CARTESIAN_POINT('',(-1.05000000000009,-29.6846787517301,21.5));
#6241=CARTESIAN_POINT('',(3.6,-29.68467875173,21.5));
#6242=CARTESIAN_POINT('',(-1.04999999999996,-29.6846787517305,17.7344619635423));
#6243=CARTESIAN_POINT('',(-15.,-29.6846787517308,17.7344619635421));
#6244=CARTESIAN_POINT('',(-1.05000000000017,-29.6846787517301,16.5));
#6245=CARTESIAN_POINT('Origin',(-2.6,-27.,16.5));
#6246=CARTESIAN_POINT('',(-2.60000000000208,-26.9999999999988,21.5));
#6247=CARTESIAN_POINT('',(-1.05,-29.68467875173,21.5));
#6248=CARTESIAN_POINT('',(-2.60000000000346,-26.9999999999964,19.0821211119303));
#6249=CARTESIAN_POINT('Origin',(-3.75470053839708,-25.0000000000161,11.7499999999925));
#6250=CARTESIAN_POINT('',(-2.60000000000416,-26.9999999999976,16.5));
#6251=CARTESIAN_POINT('Origin',(-1.05,-24.31532124826,16.5));
#6252=CARTESIAN_POINT('',(-1.05,-24.31532124826,21.5));
#6253=CARTESIAN_POINT('',(-2.6,-27.,21.5));
#6254=CARTESIAN_POINT('',(-1.05000000000001,-24.31532124826,19.3190960495237));
#6255=CARTESIAN_POINT('Origin',(-1.44529946163487,-25.0000000000164,11.7500000002003));
#6256=CARTESIAN_POINT('',(-1.05,-24.31532124826,16.5));
#6257=CARTESIAN_POINT('Origin',(2.05,-24.31532124826,16.5));
#6258=CARTESIAN_POINT('',(3.6,-24.31532124826,21.5));
#6259=CARTESIAN_POINT('',(-15.,-24.31532124826,19.3190960495237));
#6260=CARTESIAN_POINT('Origin',(-16.,-40.,15.1));
#6261=CARTESIAN_POINT('',(-16.,-4.,15.1));
#6262=CARTESIAN_POINT('',(-16.,-4.,20.));
#6263=CARTESIAN_POINT('',(-16.,-4.,10.));
#6264=CARTESIAN_POINT('',(-16.,-12.,15.1));
#6265=CARTESIAN_POINT('',(-16.,-40.,15.1));
#6266=CARTESIAN_POINT('',(-16.,-12.,15.1));
#6267=CARTESIAN_POINT('',(-16.,-19.5,9.));
#6268=CARTESIAN_POINT('',(-16.,-37.75786437626,15.1));
#6269=CARTESIAN_POINT('',(-16.,-40.,15.1));
#6270=CARTESIAN_POINT('',(-16.,-37.7578643762614,19.2679499809643));
#6271=CARTESIAN_POINT('',(-16.,-37.75786437626,10.));
#6272=CARTESIAN_POINT('',(-15.9999999999982,-36.9541630163501,20.225763964014));
#6273=CARTESIAN_POINT('',(-16.,-36.95416301635,20.225763964015));
#6274=CARTESIAN_POINT('',(-15.9999999999964,-4.22576396401449,20.2257639640124));
#6275=CARTESIAN_POINT('',(-15.9999999999947,-50.,20.2257639640119));
#6276=CARTESIAN_POINT('',(-16.,0.,16.));
#6277=CARTESIAN_POINT('Origin',(-8.1,-35.7,17.));
#6278=CARTESIAN_POINT('',(-1.91455027589179,-35.7,21.7204172444502));
#6279=CARTESIAN_POINT('',(-1.9,-35.7,21.720417244452));
#6280=CARTESIAN_POINT('',(-8.1,-35.7,21.720417244452));
#6281=CARTESIAN_POINT('',(-1.9145502758917,-35.7,17.5));
#6282=CARTESIAN_POINT('',(-1.9,-35.7,17.));
#6283=CARTESIAN_POINT('Origin',(-8.1,-35.7,17.));
#6284=CARTESIAN_POINT('',(-8.08544972410821,-35.7,21.7204172444502));
#6285=CARTESIAN_POINT('',(-8.0854497241083,-35.7,17.5));
#6286=CARTESIAN_POINT('',(-8.1,-35.7,21.720417244452));
#6287=CARTESIAN_POINT('',(-8.1,-35.7,21.720417244452));
#6288=CARTESIAN_POINT('',(-8.1,-35.7,17.));
#6289=CARTESIAN_POINT('Origin',(-13.72893218813,-40.02893218813,10.));
#6290=CARTESIAN_POINT('',(-13.75786437626,-40.,15.1));
#6291=CARTESIAN_POINT('',(-16.,-37.75786437626,15.1));
#6292=CARTESIAN_POINT('',(-13.75786437626,-39.9999999999999,16.5958767962969));
#6293=CARTESIAN_POINT('',(-13.75786437626,-40.,15.1));
#6294=CARTESIAN_POINT('',(-16.,-37.7578643762642,19.2679499809655));
#6295=CARTESIAN_POINT('Origin',(-16.,-40.,15.1));
#6296=CARTESIAN_POINT('',(0.582727239475384,-39.9999999999999,16.5958767962968));
#6297=CARTESIAN_POINT('',(0.846490678478096,-40.,15.0999999999999));
#6298=CARTESIAN_POINT('',(2.895576740963,-40.,3.479055466999));
#6299=CARTESIAN_POINT('',(-20.8,-39.9999999999999,16.5958767962969));
#6300=CARTESIAN_POINT('',(-16.,-40.,15.1));
#6301=CARTESIAN_POINT('Origin',(-1.9,-46.,18.));
#6302=CARTESIAN_POINT('',(-1.9,-39.2413505532311,17.5000000000004));
#6303=CARTESIAN_POINT('',(-1.9,-40.,17.5));
#6304=CARTESIAN_POINT('',(-1.9,-40.5,16.));
#6305=CARTESIAN_POINT('Origin',(-8.1,-40.,17.5));
#6306=CARTESIAN_POINT('',(-8.1,-39.241350553231,17.5000000000004));
#6307=CARTESIAN_POINT('',(-8.1,-40.,17.5));
#6308=CARTESIAN_POINT('',(-20.8,-39.2413505532319,17.5000000000016));
#6309=CARTESIAN_POINT('Origin',(-8.1,-46.,18.));
#6310=CARTESIAN_POINT('',(-8.1,-40.5,16.));
#6311=CARTESIAN_POINT('Origin',(2.895576740963,-47.,3.479055466999));
#6312=CARTESIAN_POINT('',(-0.0476876987168197,-36.9999999999999,20.1711375740769));
#6313=CARTESIAN_POINT('',(0.582727239476,-39.9999999999999,16.5958767962969));
#6314=CARTESIAN_POINT('',(0.846490678477922,-37.,15.0999999999999));
#6315=CARTESIAN_POINT('',(0.846490678479001,-40.,15.1));
#6316=CARTESIAN_POINT('',(2.89557674096343,-37.,3.4790554669989));
#6317=CARTESIAN_POINT('Origin',(-16.,-40.,15.1));
#6318=CARTESIAN_POINT('',(-15.,-31.8218399277612,15.1000000000006));
#6319=CARTESIAN_POINT('',(17.0000000000008,-37.7578643762608,15.1));
#6320=CARTESIAN_POINT('',(17.,-40.,15.1));
#6321=CARTESIAN_POINT('',(14.757864376267,-39.9999999999987,15.1));
#6322=CARTESIAN_POINT('',(14.728932188135,-40.02893218813,15.1));
#6323=CARTESIAN_POINT('',(9.30246371707211,-40.,15.0999999999997));
#6324=CARTESIAN_POINT('',(-16.,-40.,15.1));
#6325=CARTESIAN_POINT('',(9.30246371706995,-37.,15.0999999999995));
#6326=CARTESIAN_POINT('',(9.30246371707032,-47.,15.099999999999));
#6327=CARTESIAN_POINT('',(4.97536255302406,-34.1958361731022,15.1));
#6328=CARTESIAN_POINT('Origin',(6.10993039964176,-37.0000000000002,15.0999999999995));
#6329=CARTESIAN_POINT('Origin',(3.89277051413501,-36.9999999999997,15.0999999999999));
#6330=CARTESIAN_POINT('Origin',(12.969077862358,-47.,5.026060429977));
#6331=CARTESIAN_POINT('',(7.45672058623644,-37.,20.1711375740765));
#6332=CARTESIAN_POINT('',(8.75800908909101,-39.9999999999999,16.5958767962969));
#6333=CARTESIAN_POINT('',(7.456720586239,-36.9999999999985,20.1711375740787));
#6334=CARTESIAN_POINT('',(12.9690778623574,-37.,5.0260604299778));
#6335=CARTESIAN_POINT('',(9.302463717073,-40.,15.1));
#6336=CARTESIAN_POINT('Origin',(-16.,-40.,15.1));
#6337=CARTESIAN_POINT('',(14.7578643762683,-39.9999999999992,16.5958767962969));
#6338=CARTESIAN_POINT('',(14.757864376267,-39.999999999998,10.));
#6339=CARTESIAN_POINT('',(-20.8,-39.9999999999999,16.5958767962969));
#6340=CARTESIAN_POINT('Origin',(14.728932188135,-40.02893218813,10.));
#6341=CARTESIAN_POINT('',(17.,-37.7578643762628,19.2679499809655));
#6342=CARTESIAN_POINT('',(14.757864376269,-39.9999999999999,16.5958767962969));
#6343=CARTESIAN_POINT('',(17.,-37.75786437626,15.1));
#6344=CARTESIAN_POINT('Origin',(17.,-40.,15.1));
#6345=CARTESIAN_POINT('',(17.,-19.5,9.));
#6346=CARTESIAN_POINT('',(17.,-12.,15.1));
#6347=CARTESIAN_POINT('',(17.,-12.,15.1));
#6348=CARTESIAN_POINT('',(17.,-4.,15.1));
#6349=CARTESIAN_POINT('',(17.,-40.,15.1));
#6350=CARTESIAN_POINT('',(17.,-4.,20.));
#6351=CARTESIAN_POINT('',(17.,-4.,10.));
#6352=CARTESIAN_POINT('',(16.9999999999994,-4.33012701892191,20.3301270189216));
#6353=CARTESIAN_POINT('',(17.,0.,16.));
#6354=CARTESIAN_POINT('',(16.9999999999994,-36.8665920154699,20.3301270189215));
#6355=CARTESIAN_POINT('',(16.9999999999991,-50.,20.3301270189215));
#6356=CARTESIAN_POINT('',(17.,-40.5,16.));
#6357=CARTESIAN_POINT('Origin',(9.,0.,16.));
#6358=CARTESIAN_POINT('',(15.4175170953607,-7.071067811865,23.0710678118648));
#6359=CARTESIAN_POINT('',(16.9999999999991,-4.330127018922,20.3301270189215));
#6360=CARTESIAN_POINT('',(9.,-4.,20.));
#6361=CARTESIAN_POINT('',(28.,-4.,20.));
#6362=CARTESIAN_POINT('',(9.,-7.071067811865,23.071067811865));
#6363=CARTESIAN_POINT('',(9.,-7.071067811865,23.071067811865));
#6364=CARTESIAN_POINT('',(9.,-7.071067811865,23.071067811865));
#6365=CARTESIAN_POINT('Origin',(28.,-4.,10.));
#6366=CARTESIAN_POINT('',(-16.,-4.,15.1));
#6367=CARTESIAN_POINT('',(9.,-4.,21.887301627792));
#6368=CARTESIAN_POINT('',(1.556349186104,-4.,14.443650813896));
#6369=CARTESIAN_POINT('',(9.,-4.,16.));
#6370=CARTESIAN_POINT('Origin',(1.556349186104,-4.,14.443650813896));
#6371=CARTESIAN_POINT('',(9.,0.,21.887301627792));
#6372=CARTESIAN_POINT('Origin',(-36.,7.071067811865,23.071067811865));
#6373=CARTESIAN_POINT('',(-6.,7.071067811865,23.071067811865));
#6374=CARTESIAN_POINT('Origin',(9.,7.071067811865,23.071067811865));
#6375=CARTESIAN_POINT('',(9.,7.071067811865,23.071067811865));
#6376=CARTESIAN_POINT('Origin',(17.,25.,10.));
#6377=CARTESIAN_POINT('Origin',(-14.5,25.,10.));
#6378=CARTESIAN_POINT('Origin',(-24.4,15.2,10.));
#6379=CARTESIAN_POINT('Origin',(-14.,-4.,30.));
#6380=CARTESIAN_POINT('',(-6.,-4.,22.));
#6381=CARTESIAN_POINT('',(-6.,-4.,22.));
#6382=CARTESIAN_POINT('',(-6.,0.,22.));
#6383=CARTESIAN_POINT('Origin',(-4.,-4.,10.));
#6384=CARTESIAN_POINT('',(-5.99999999999999,-4.,20.));
#6385=CARTESIAN_POINT('',(-6.,-4.,16.));
#6386=CARTESIAN_POINT('',(-16.,-4.,15.1));
#6387=CARTESIAN_POINT('',(-36.,-4.,20.));
#6388=CARTESIAN_POINT('Origin',(-36.,0.,16.));
#6389=CARTESIAN_POINT('',(-14.3572630575099,-7.071067811865,23.0710678118649));
#6390=CARTESIAN_POINT('',(-15.9999999999947,-4.225763964015,20.2257639640119));
#6391=CARTESIAN_POINT('',(-5.99999999999999,-7.071067811865,23.071067811865));
#6392=CARTESIAN_POINT('',(-36.,-7.071067811865,23.071067811865));
#6393=CARTESIAN_POINT('',(-6.,-7.071067811865,23.071067811865));
#6394=CARTESIAN_POINT('Origin',(-5.,-19.5,10.));
#6395=CARTESIAN_POINT('',(-4.26969600708474,-19.5,21.9686465906937));
#6396=CARTESIAN_POINT('',(-4.26969600708475,-19.4999999999999,10.));
#6397=CARTESIAN_POINT('',(-10.,-19.5,18.660254037844));
#6398=CARTESIAN_POINT('Origin',(-15.,-25.,11.75));
#6399=CARTESIAN_POINT('Ctrl Pts',(-4.06921340088335,-20.0303420640838,17.4999999999987));
#6400=CARTESIAN_POINT('Ctrl Pts',(-4.06653285051543,-20.0363745484023,17.5052138058364));
#6401=CARTESIAN_POINT('Ctrl Pts',(-4.06383618819121,-20.0424110953137,17.5104145390134));
#6402=CARTESIAN_POINT('Ctrl Pts',(-3.92541093026864,-20.3506316993824,17.7751169830071));
#6403=CARTESIAN_POINT('Ctrl Pts',(-3.74622605645191,-20.6624930691993,17.9994121719789));
#6404=CARTESIAN_POINT('Ctrl Pts',(-3.33649036734788,-21.2256073469505,18.355046734079));
#6405=CARTESIAN_POINT('Ctrl Pts',(-3.08581486082013,-21.5058179999556,18.5049769591869));
#6406=CARTESIAN_POINT('Ctrl Pts',(-2.50558214679682,-22.0143871493723,18.7446506246135));
#6407=CARTESIAN_POINT('Ctrl Pts',(-2.17610058215505,-22.2425907204647,18.8349056265226));
#6408=CARTESIAN_POINT('Ctrl Pts',(-1.10952607448221,-22.8014416760944,19.035813115967));
#6409=CARTESIAN_POINT('Ctrl Pts',(-0.288238885374962,-23.,19.0821211119293));
#6410=CARTESIAN_POINT('Ctrl Pts',(1.28823888537496,-23.,19.0821211119293));
#6411=CARTESIAN_POINT('Ctrl Pts',(2.10952607448221,-22.8014416760944,19.035813115967));
#6412=CARTESIAN_POINT('Ctrl Pts',(3.17610058215505,-22.2425907204647,18.8349056265226));
#6413=CARTESIAN_POINT('Ctrl Pts',(3.50558214679682,-22.0143871493723,18.7446506246135));
#6414=CARTESIAN_POINT('Ctrl Pts',(4.08581486082013,-21.5058179999556,18.5049769591869));
#6415=CARTESIAN_POINT('Ctrl Pts',(4.33649036734788,-21.2256073469505,18.355046734079));
#6416=CARTESIAN_POINT('Ctrl Pts',(4.74622605645191,-20.6624930691993,17.9994121719789));
#6417=CARTESIAN_POINT('Ctrl Pts',(4.92541093026864,-20.3506316993824,17.7751169830071));
#6418=CARTESIAN_POINT('Ctrl Pts',(5.06383618819121,-20.0424110953137,17.5104145390134));
#6419=CARTESIAN_POINT('Ctrl Pts',(5.06653285051543,-20.0363745484023,17.5052138058364));
#6420=CARTESIAN_POINT('Ctrl Pts',(5.06921340088335,-20.0303420640838,17.4999999999987));
#6421=CARTESIAN_POINT('Origin',(-1.,-19.5,14.));
#6422=CARTESIAN_POINT('',(5.26969600708474,-19.5,21.9271947063643));
#6423=CARTESIAN_POINT('',(4.,-19.5,22.660254037844));
#6424=CARTESIAN_POINT('',(5.26969600708475,-19.4999999999999,10.));
#6425=CARTESIAN_POINT('Origin',(-5.,-12.,10.));
#6426=CARTESIAN_POINT('',(-4.08257569495585,-12.,15.1));
#6427=CARTESIAN_POINT('',(-4.08257569495585,-12.,22.0766805532722));
#6428=CARTESIAN_POINT('',(-4.08257569495587,-12.0000000000001,10.));
#6429=CARTESIAN_POINT('',(-10.,-12.,18.660254037844));
#6430=CARTESIAN_POINT('',(-16.,-12.,15.1));
#6431=CARTESIAN_POINT('Origin',(-10.,-19.5,18.660254037844));
#6432=CARTESIAN_POINT('',(-4.5,-18.,21.8356805183878));
#6433=CARTESIAN_POINT('',(-4.5,-14.,21.8356805183878));
#6434=CARTESIAN_POINT('',(-4.5,-18.,21.835680518387));
#6435=CARTESIAN_POINT('Origin',(0.500000000012595,-17.9999999999775,24.72243186432));
#6436=CARTESIAN_POINT('Origin',(0.499999999972497,-14.000000000004,24.7224318643081));
#6437=CARTESIAN_POINT('Origin',(-16.,-40.,15.1));
#6438=CARTESIAN_POINT('',(5.08257569495585,-12.,15.1));
#6439=CARTESIAN_POINT('',(-16.,-12.,15.1));
#6440=CARTESIAN_POINT('Origin',(0.5,-14.,15.1));
#6441=CARTESIAN_POINT('Origin',(-1.,-12.,14.));
#6442=CARTESIAN_POINT('',(5.08257569495585,-12.,22.0352286689428));
#6443=CARTESIAN_POINT('',(4.,-12.,22.660254037844));
#6444=CARTESIAN_POINT('',(5.08257569495587,-12.0000000000001,10.));
#6445=CARTESIAN_POINT('Origin',(4.,-19.5,22.660254037844));
#6446=CARTESIAN_POINT('',(5.5,-18.,21.7942286340596));
#6447=CARTESIAN_POINT('Origin',(0.500000000090606,-18.0000000000254,24.6809799799709));
#6448=CARTESIAN_POINT('',(5.5,-14.,21.7942286340596));
#6449=CARTESIAN_POINT('',(5.5,-18.,21.79422863406));
#6450=CARTESIAN_POINT('Origin',(0.499999999993149,-13.9999999999965,24.6809799800203));
#6451=CARTESIAN_POINT('Origin',(3.6,-27.,21.5));
#6452=CARTESIAN_POINT('Origin',(-18.43974596215,-50.,16.));
#6453=CARTESIAN_POINT('',(-14.3405590509,-34.5423926186384,23.0999999999986));
#6454=CARTESIAN_POINT('',(-14.3405590509,-7.0421356237305,23.0999999999995));
#6455=CARTESIAN_POINT('Origin',(-5.,-36.,17.5));
#6456=CARTESIAN_POINT('Origin',(-4.99999999996829,-36.0000000000295,21.3628911667043));
#6457=CARTESIAN_POINT('Origin',(-5.00000000005464,-36.0000000000361,21.3628911666969));
#6458=CARTESIAN_POINT('Origin',(-20.8,-40.5,16.));
#6459=CARTESIAN_POINT('Origin',(2.99859213694182,-36.9999999999995,20.1711375740828));
#6460=CARTESIAN_POINT('Origin',(5.85,-37.,4.));
#6461=CARTESIAN_POINT('Origin',(1.8093217301527,-37.0000000005781,26.9158252097837));
#6462=CARTESIAN_POINT('Origin',(10.15,-37.,4.));
#6463=CARTESIAN_POINT('Origin',(4.26418726880821,-37.0000000000044,20.1711375740763));
#6464=CARTESIAN_POINT('Origin',(-20.8,-40.5,16.));
#6465=CARTESIAN_POINT('',(15.4008130887522,-34.54239261864,23.099999999999));
#6466=CARTESIAN_POINT('Origin',(19.5,-50.,16.));
#6467=CARTESIAN_POINT('',(15.417517095361,-7.071067811865,23.071067811865));
#6468=CARTESIAN_POINT('Origin',(9.,-7.071067811865,23.071067811865));
#6469=CARTESIAN_POINT('',(9.,-7.042135623731,23.1));
#6470=CARTESIAN_POINT('Origin',(9.,0.,16.));
#6471=CARTESIAN_POINT('Origin',(-6.,0.,16.));
#6472=CARTESIAN_POINT('',(-5.99999999999999,-7.071067811865,23.071067811865));
#6473=CARTESIAN_POINT('Origin',(-36.,-7.071067811865,23.071067811865));
#6474=CARTESIAN_POINT('Origin',(0.5,-18.,10.));
#6475=CARTESIAN_POINT('',(-4.5,-18.,15.));
#6476=CARTESIAN_POINT('',(5.5,-18.,15.));
#6477=CARTESIAN_POINT('Origin',(-4.5,-18.,15.));
#6478=CARTESIAN_POINT('',(-4.5,-14.,10.));
#6479=CARTESIAN_POINT('Origin',(0.5,-14.,10.));
#6480=CARTESIAN_POINT('',(5.5,-14.,15.));
#6481=CARTESIAN_POINT('Origin',(5.5,-18.,15.));
#6482=CARTESIAN_POINT('Origin',(13.1382597506857,-32.0810170092329,22.7));
#6483=CARTESIAN_POINT('',(13.1382597506857,-32.0810170092329,22.7));
#6484=CARTESIAN_POINT('',(13.1382597506857,-32.0810170092329,22.7));
#6485=CARTESIAN_POINT('',(11.9844135968396,-32.0810170092329,22.7));
#6486=CARTESIAN_POINT('',(13.1382597506857,-32.0810170092329,22.7));
#6487=CARTESIAN_POINT('',(11.9844135968396,-32.0810170092329,22.7));
#6488=CARTESIAN_POINT('Origin',(11.9844135968396,-32.0810170092329,22.7));
#6489=CARTESIAN_POINT('',(11.9844135968396,-30.8502477784637,22.7));
#6490=CARTESIAN_POINT('',(11.9844135968396,-32.0810170092329,22.7));
#6491=CARTESIAN_POINT('',(11.9844135968396,-30.8502477784637,22.7));
#6492=CARTESIAN_POINT('Origin',(11.9844135968396,-30.8502477784637,22.7));
#6493=CARTESIAN_POINT('',(9.59979821222421,-30.8502477784637,22.7));
#6494=CARTESIAN_POINT('',(11.9844135968396,-30.8502477784637,22.7));
#6495=CARTESIAN_POINT('',(9.59979821222421,-30.8502477784637,22.7));
#6496=CARTESIAN_POINT('Origin',(9.59979821222421,-30.8502477784637,22.7));
#6497=CARTESIAN_POINT('',(9.59979821222421,-29.8538535476945,22.7));
#6498=CARTESIAN_POINT('',(9.59979821222421,-30.8502477784637,22.7));
#6499=CARTESIAN_POINT('',(9.59979821222421,-29.8538535476945,22.7));
#6500=CARTESIAN_POINT('Origin',(9.59979821222421,-29.8538535476945,22.7));
#6501=CARTESIAN_POINT('',(12.1370578276088,-26.157940086156,22.7));
#6502=CARTESIAN_POINT('',(9.59979821222421,-29.8538535476945,22.7));
#6503=CARTESIAN_POINT('',(12.1370578276088,-26.157940086156,22.7));
#6504=CARTESIAN_POINT('Origin',(12.1370578276088,-26.157940086156,22.7));
#6505=CARTESIAN_POINT('',(13.1382597506857,-26.157940086156,22.7));
#6506=CARTESIAN_POINT('',(12.1370578276088,-26.157940086156,22.7));
#6507=CARTESIAN_POINT('',(13.1382597506857,-26.157940086156,22.7));
#6508=CARTESIAN_POINT('Origin',(13.1382597506857,-26.157940086156,22.7));
#6509=CARTESIAN_POINT('',(13.1382597506857,-29.8502477784637,22.7));
#6510=CARTESIAN_POINT('',(13.1382597506857,-26.157940086156,22.7));
#6511=CARTESIAN_POINT('',(13.1382597506857,-29.8502477784637,22.7));
#6512=CARTESIAN_POINT('Origin',(13.1382597506857,-29.8502477784637,22.7));
#6513=CARTESIAN_POINT('',(13.9074905199165,-29.8502477784637,22.7));
#6514=CARTESIAN_POINT('',(13.1382597506857,-29.8502477784637,22.7));
#6515=CARTESIAN_POINT('',(13.9074905199165,-29.8502477784637,22.7));
#6516=CARTESIAN_POINT('Origin',(13.9074905199165,-29.8502477784637,22.7));
#6517=CARTESIAN_POINT('',(13.9074905199165,-30.8502477784637,22.7));
#6518=CARTESIAN_POINT('',(13.9074905199165,-29.8502477784637,22.7));
#6519=CARTESIAN_POINT('',(13.9074905199165,-30.8502477784637,22.7));
#6520=CARTESIAN_POINT('Origin',(13.9074905199165,-30.8502477784637,22.7));
#6521=CARTESIAN_POINT('',(13.1382597506857,-30.8502477784637,22.7));
#6522=CARTESIAN_POINT('',(13.9074905199165,-30.8502477784637,22.7));
#6523=CARTESIAN_POINT('',(13.1382597506857,-30.8502477784637,22.7));
#6524=CARTESIAN_POINT('Origin',(13.1382597506857,-30.8502477784637,22.7));
#6525=CARTESIAN_POINT('',(13.1382597506857,-30.8502477784637,22.7));
#6526=CARTESIAN_POINT('Origin',(0.,0.,22.7));
#6527=CARTESIAN_POINT('',(10.6118174429934,-29.8502477784637,22.7));
#6528=CARTESIAN_POINT('',(11.9844135968396,-29.8502477784637,22.7));
#6529=CARTESIAN_POINT('',(10.6118174429934,-29.8502477784637,22.7));
#6530=CARTESIAN_POINT('',(11.9844135968396,-27.8526516246176,22.7));
#6531=CARTESIAN_POINT('',(11.9844135968396,-27.8526516246176,22.7));
#6532=CARTESIAN_POINT('',(11.9844135968396,-29.8502477784637,22.7));
#6533=CARTESIAN_POINT('Origin',(10.6118174429934,-29.8502477784637,22.7));
#6534=CARTESIAN_POINT('',(10.6118174429934,-29.8502477784637,23.1));
#6535=CARTESIAN_POINT('',(11.9844135968396,-29.8502477784637,23.1));
#6536=CARTESIAN_POINT('',(10.6118174429934,-29.8502477784637,23.1));
#6537=CARTESIAN_POINT('',(10.6118174429934,-29.8502477784637,22.7));
#6538=CARTESIAN_POINT('',(11.9844135968396,-29.8502477784637,22.7));
#6539=CARTESIAN_POINT('Origin',(11.9844135968396,-27.8526516246176,22.7));
#6540=CARTESIAN_POINT('',(11.9844135968396,-27.8526516246176,23.1));
#6541=CARTESIAN_POINT('',(11.9844135968396,-27.8526516246176,23.1));
#6542=CARTESIAN_POINT('',(11.9844135968396,-27.8526516246176,22.7));
#6543=CARTESIAN_POINT('Origin',(11.9844135968396,-29.8502477784637,22.7));
#6544=CARTESIAN_POINT('',(11.9844135968396,-29.8502477784637,23.1));
#6545=CARTESIAN_POINT('Origin',(5.21518282760882,-32.0810170092329,22.7));
#6546=CARTESIAN_POINT('',(5.21518282760882,-32.0810170092329,22.7));
#6547=CARTESIAN_POINT('',(5.21518282760882,-32.0810170092329,22.7));
#6548=CARTESIAN_POINT('',(4.06133667376267,-32.0810170092329,22.7));
#6549=CARTESIAN_POINT('',(5.21518282760882,-32.0810170092329,22.7));
#6550=CARTESIAN_POINT('',(4.06133667376267,-32.0810170092329,22.7));
#6551=CARTESIAN_POINT('Origin',(4.06133667376267,-32.0810170092329,22.7));
#6552=CARTESIAN_POINT('',(4.06133667376267,-26.0810170092329,22.7));
#6553=CARTESIAN_POINT('',(4.06133667376267,-32.0810170092329,22.7));
#6554=CARTESIAN_POINT('',(4.06133667376267,-26.0810170092329,22.7));
#6555=CARTESIAN_POINT('Origin',(4.06133667376267,-26.0810170092329,22.7));
#6556=CARTESIAN_POINT('',(6.57936551991652,-26.0810170092329,22.7));
#6557=CARTESIAN_POINT('',(4.06133667376267,-26.0810170092329,22.7));
#6558=CARTESIAN_POINT('',(6.57936551991652,-26.0810170092329,22.7));
#6559=CARTESIAN_POINT('Ctrl Pts',(6.57936551991652,-26.0810170092329,22.7));
#6560=CARTESIAN_POINT('Ctrl Pts',(6.57936551991652,-26.0810170092329,23.18));
#6561=CARTESIAN_POINT('Ctrl Pts',(6.65589090539707,-26.0814886334333,22.7));
#6562=CARTESIAN_POINT('Ctrl Pts',(6.65589090539707,-26.0814886334333,23.18));
#6563=CARTESIAN_POINT('Ctrl Pts',(6.80336932907088,-26.0823975395851,22.7));
#6564=CARTESIAN_POINT('Ctrl Pts',(6.80336932907088,-26.0823975395851,23.18));
#6565=CARTESIAN_POINT('Ctrl Pts',(7.0166519016125,-26.0890254650582,22.7));
#6566=CARTESIAN_POINT('Ctrl Pts',(7.0166519016125,-26.0890254650582,23.18));
#6567=CARTESIAN_POINT('Ctrl Pts',(7.21334630876479,-26.1029113546294,22.7));
#6568=CARTESIAN_POINT('Ctrl Pts',(7.21334630876479,-26.1029113546294,23.18));
#6569=CARTESIAN_POINT('Ctrl Pts',(7.39432509019679,-26.1186372388245,22.7));
#6570=CARTESIAN_POINT('Ctrl Pts',(7.39432509019679,-26.1186372388245,23.18));
#6571=CARTESIAN_POINT('Ctrl Pts',(7.55871899020441,-26.1415173867405,22.7));
#6572=CARTESIAN_POINT('Ctrl Pts',(7.55871899020441,-26.1415173867405,23.18));
#6573=CARTESIAN_POINT('Ctrl Pts',(7.70717799288462,-26.1689275785284,22.7));
#6574=CARTESIAN_POINT('Ctrl Pts',(7.70717799288462,-26.1689275785284,23.18));
#6575=CARTESIAN_POINT('Ctrl Pts',(7.83945215711825,-26.200692212101,22.7));
#6576=CARTESIAN_POINT('Ctrl Pts',(7.83945215711825,-26.200692212101,23.18));
#6577=CARTESIAN_POINT('Ctrl Pts',(7.95747144145675,-26.238735511628,22.7));
#6578=CARTESIAN_POINT('Ctrl Pts',(7.95747144145675,-26.238735511628,23.18));
#6579=CARTESIAN_POINT('Ctrl Pts',(8.06508105369156,-26.2822773895933,22.7));
#6580=CARTESIAN_POINT('Ctrl Pts',(8.06508105369156,-26.2822773895933,23.18));
#6581=CARTESIAN_POINT('Ctrl Pts',(8.16532468762149,-26.334104475384,22.7));
#6582=CARTESIAN_POINT('Ctrl Pts',(8.16532468762149,-26.334104475384,23.18));
#6583=CARTESIAN_POINT('Ctrl Pts',(8.25930455026451,-26.3948262754132,22.7));
#6584=CARTESIAN_POINT('Ctrl Pts',(8.25930455026451,-26.3948262754132,23.18));
#6585=CARTESIAN_POINT('Ctrl Pts',(8.34846408173911,-26.4623498770884,22.7));
#6586=CARTESIAN_POINT('Ctrl Pts',(8.34846408173911,-26.4623498770884,23.18));
#6587=CARTESIAN_POINT('Ctrl Pts',(8.43318083566149,-26.536779032953,22.7));
#6588=CARTESIAN_POINT('Ctrl Pts',(8.43318083566149,-26.536779032953,23.18));
#6589=CARTESIAN_POINT('Ctrl Pts',(8.51113232860579,-26.6200835057118,22.7));
#6590=CARTESIAN_POINT('Ctrl Pts',(8.51113232860579,-26.6200835057118,23.18));
#6591=CARTESIAN_POINT('Ctrl Pts',(8.58367668254385,-26.7110228658869,22.7));
#6592=CARTESIAN_POINT('Ctrl Pts',(8.58367668254385,-26.7110228658869,23.18));
#6593=CARTESIAN_POINT('Ctrl Pts',(8.65075536391043,-26.8088404918191,22.7));
#6594=CARTESIAN_POINT('Ctrl Pts',(8.65075536391043,-26.8088404918191,23.18));
#6595=CARTESIAN_POINT('Ctrl Pts',(8.70984748313053,-26.9131044598218,22.7));
#6596=CARTESIAN_POINT('Ctrl Pts',(8.70984748313053,-26.9131044598218,23.18));
#6597=CARTESIAN_POINT('Ctrl Pts',(8.76384216568247,-27.0204663092352,22.7));
#6598=CARTESIAN_POINT('Ctrl Pts',(8.76384216568247,-27.0204663092352,23.18));
#6599=CARTESIAN_POINT('Ctrl Pts',(8.80779587397861,-27.1320685311751,22.7));
#6600=CARTESIAN_POINT('Ctrl Pts',(8.80779587397861,-27.1320685311751,23.18));
#6601=CARTESIAN_POINT('Ctrl Pts',(8.84410123752954,-27.2473853968145,22.7));
#6602=CARTESIAN_POINT('Ctrl Pts',(8.84410123752954,-27.2473853968145,23.18));
#6603=CARTESIAN_POINT('Ctrl Pts',(8.87310252197522,-27.3661665369044,22.7));
#6604=CARTESIAN_POINT('Ctrl Pts',(8.87310252197522,-27.3661665369044,23.18));
#6605=CARTESIAN_POINT('Ctrl Pts',(8.89323186378185,-27.4887139369454,22.7));
#6606=CARTESIAN_POINT('Ctrl Pts',(8.89323186378185,-27.4887139369454,23.18));
#6607=CARTESIAN_POINT('Ctrl Pts',(8.90579839493101,-27.6148057821042,22.7));
#6608=CARTESIAN_POINT('Ctrl Pts',(8.90579839493101,-27.6148057821042,23.18));
#6609=CARTESIAN_POINT('Ctrl Pts',(8.90692021080021,-27.6999771678445,22.7));
#6610=CARTESIAN_POINT('Ctrl Pts',(8.90692021080021,-27.6999771678445,23.18));
#6611=CARTESIAN_POINT('Ctrl Pts',(8.90749051991652,-27.7432766246176,22.7));
#6612=CARTESIAN_POINT('Ctrl Pts',(8.90749051991652,-27.7432766246176,23.18));
#6613=CARTESIAN_POINT('',(8.90749051991652,-27.7432766246176,22.7));
#6614=CARTESIAN_POINT('Ctrl Pts',(6.57936551991652,-26.0810170092329,22.7));
#6615=CARTESIAN_POINT('Ctrl Pts',(6.65589090539707,-26.0814886334333,22.7));
#6616=CARTESIAN_POINT('Ctrl Pts',(6.80336932907088,-26.0823975395851,22.7));
#6617=CARTESIAN_POINT('Ctrl Pts',(7.0166519016125,-26.0890254650582,22.7));
#6618=CARTESIAN_POINT('Ctrl Pts',(7.21334630876479,-26.1029113546294,22.7));
#6619=CARTESIAN_POINT('Ctrl Pts',(7.39432509019679,-26.1186372388245,22.7));
#6620=CARTESIAN_POINT('Ctrl Pts',(7.55871899020441,-26.1415173867405,22.7));
#6621=CARTESIAN_POINT('Ctrl Pts',(7.70717799288462,-26.1689275785284,22.7));
#6622=CARTESIAN_POINT('Ctrl Pts',(7.83945215711825,-26.200692212101,22.7));
#6623=CARTESIAN_POINT('Ctrl Pts',(7.95747144145675,-26.238735511628,22.7));
#6624=CARTESIAN_POINT('Ctrl Pts',(8.06508105369156,-26.2822773895933,22.7));
#6625=CARTESIAN_POINT('Ctrl Pts',(8.16532468762149,-26.334104475384,22.7));
#6626=CARTESIAN_POINT('Ctrl Pts',(8.25930455026451,-26.3948262754132,22.7));
#6627=CARTESIAN_POINT('Ctrl Pts',(8.34846408173911,-26.4623498770884,22.7));
#6628=CARTESIAN_POINT('Ctrl Pts',(8.43318083566149,-26.536779032953,22.7));
#6629=CARTESIAN_POINT('Ctrl Pts',(8.51113232860579,-26.6200835057118,22.7));
#6630=CARTESIAN_POINT('Ctrl Pts',(8.58367668254385,-26.7110228658869,22.7));
#6631=CARTESIAN_POINT('Ctrl Pts',(8.65075536391043,-26.8088404918191,22.7));
#6632=CARTESIAN_POINT('Ctrl Pts',(8.70984748313053,-26.9131044598218,22.7));
#6633=CARTESIAN_POINT('Ctrl Pts',(8.76384216568247,-27.0204663092352,22.7));
#6634=CARTESIAN_POINT('Ctrl Pts',(8.80779587397861,-27.1320685311751,22.7));
#6635=CARTESIAN_POINT('Ctrl Pts',(8.84410123752954,-27.2473853968145,22.7));
#6636=CARTESIAN_POINT('Ctrl Pts',(8.87310252197522,-27.3661665369044,22.7));
#6637=CARTESIAN_POINT('Ctrl Pts',(8.89323186378185,-27.4887139369454,22.7));
#6638=CARTESIAN_POINT('Ctrl Pts',(8.90579839493101,-27.6148057821042,22.7));
#6639=CARTESIAN_POINT('Ctrl Pts',(8.90692021080021,-27.6999771678445,22.7));
#6640=CARTESIAN_POINT('Ctrl Pts',(8.90749051991652,-27.7432766246176,22.7));
#6641=CARTESIAN_POINT('',(8.90749051991652,-27.7432766246176,22.7));
#6642=CARTESIAN_POINT('Ctrl Pts',(8.90749051991652,-27.7432766246176,22.7));
#6643=CARTESIAN_POINT('Ctrl Pts',(8.90749051991652,-27.7432766246176,23.18));
#6644=CARTESIAN_POINT('Ctrl Pts',(8.90643268204371,-27.7978218211948,22.7));
#6645=CARTESIAN_POINT('Ctrl Pts',(8.90643268204371,-27.7978218211948,23.18));
#6646=CARTESIAN_POINT('Ctrl Pts',(8.90436537527063,-27.9044181694839,22.7));
#6647=CARTESIAN_POINT('Ctrl Pts',(8.90436537527063,-27.9044181694839,23.18));
#6648=CARTESIAN_POINT('Ctrl Pts',(8.88534092534829,-28.0606552421988,22.7));
#6649=CARTESIAN_POINT('Ctrl Pts',(8.88534092534829,-28.0606552421988,23.18));
#6650=CARTESIAN_POINT('Ctrl Pts',(8.85708475805735,-28.2099286123066,22.7));
#6651=CARTESIAN_POINT('Ctrl Pts',(8.85708475805735,-28.2099286123066,23.18));
#6652=CARTESIAN_POINT('Ctrl Pts',(8.8168058100048,-28.352445084977,22.7));
#6653=CARTESIAN_POINT('Ctrl Pts',(8.8168058100048,-28.352445084977,23.18));
#6654=CARTESIAN_POINT('Ctrl Pts',(8.76142307586433,-28.4865284639466,22.7));
#6655=CARTESIAN_POINT('Ctrl Pts',(8.76142307586433,-28.4865284639466,23.18));
#6656=CARTESIAN_POINT('Ctrl Pts',(8.6971304913302,-28.6140570653781,22.7));
#6657=CARTESIAN_POINT('Ctrl Pts',(8.6971304913302,-28.6140570653781,23.18));
#6658=CARTESIAN_POINT('Ctrl Pts',(8.62045078343889,-28.7345983092221,22.7));
#6659=CARTESIAN_POINT('Ctrl Pts',(8.62045078343889,-28.7345983092221,23.18));
#6660=CARTESIAN_POINT('Ctrl Pts',(8.53190490761542,-28.8469572150496,22.7));
#6661=CARTESIAN_POINT('Ctrl Pts',(8.53190490761542,-28.8469572150496,23.18));
#6662=CARTESIAN_POINT('Ctrl Pts',(8.4315721352856,-28.9512332425041,22.7));
#6663=CARTESIAN_POINT('Ctrl Pts',(8.4315721352856,-28.9512332425041,23.18));
#6664=CARTESIAN_POINT('Ctrl Pts',(8.31901276902223,-29.0452804707345,22.7));
#6665=CARTESIAN_POINT('Ctrl Pts',(8.31901276902223,-29.0452804707345,23.18));
#6666=CARTESIAN_POINT('Ctrl Pts',(8.19503044761141,-29.1294664589568,22.7));
#6667=CARTESIAN_POINT('Ctrl Pts',(8.19503044761141,-29.1294664589568,23.18));
#6668=CARTESIAN_POINT('Ctrl Pts',(8.0588751532598,-29.2033057391638,22.7));
#6669=CARTESIAN_POINT('Ctrl Pts',(8.0588751532598,-29.2033057391638,23.18));
#6670=CARTESIAN_POINT('Ctrl Pts',(7.91149494349699,-29.2664303228972,22.7));
#6671=CARTESIAN_POINT('Ctrl Pts',(7.91149494349699,-29.2664303228972,23.18));
#6672=CARTESIAN_POINT('Ctrl Pts',(7.7522507284139,-29.3195414241251,22.7));
#6673=CARTESIAN_POINT('Ctrl Pts',(7.7522507284139,-29.3195414241251,23.18));
#6674=CARTESIAN_POINT('Ctrl Pts',(7.58186340763981,-29.3627679433319,22.7));
#6675=CARTESIAN_POINT('Ctrl Pts',(7.58186340763981,-29.3627679433319,23.18));
#6676=CARTESIAN_POINT('Ctrl Pts',(7.46334208152374,-29.3831073130716,22.7));
#6677=CARTESIAN_POINT('Ctrl Pts',(7.46334208152374,-29.3831073130716,23.18));
#6678=CARTESIAN_POINT('Ctrl Pts',(7.40268282760883,-29.3935170092329,22.7));
#6679=CARTESIAN_POINT('Ctrl Pts',(7.40268282760883,-29.3935170092329,23.18));
#6680=CARTESIAN_POINT('',(7.40268282760883,-29.3935170092329,22.7));
#6681=CARTESIAN_POINT('Ctrl Pts',(8.90749051991652,-27.7432766246176,22.7));
#6682=CARTESIAN_POINT('Ctrl Pts',(8.90643268204371,-27.7978218211948,22.7));
#6683=CARTESIAN_POINT('Ctrl Pts',(8.90436537527063,-27.9044181694839,22.7));
#6684=CARTESIAN_POINT('Ctrl Pts',(8.88534092534829,-28.0606552421988,22.7));
#6685=CARTESIAN_POINT('Ctrl Pts',(8.85708475805735,-28.2099286123066,22.7));
#6686=CARTESIAN_POINT('Ctrl Pts',(8.8168058100048,-28.352445084977,22.7));
#6687=CARTESIAN_POINT('Ctrl Pts',(8.76142307586433,-28.4865284639466,22.7));
#6688=CARTESIAN_POINT('Ctrl Pts',(8.6971304913302,-28.6140570653781,22.7));
#6689=CARTESIAN_POINT('Ctrl Pts',(8.62045078343889,-28.7345983092221,22.7));
#6690=CARTESIAN_POINT('Ctrl Pts',(8.53190490761542,-28.8469572150496,22.7));
#6691=CARTESIAN_POINT('Ctrl Pts',(8.4315721352856,-28.9512332425041,22.7));
#6692=CARTESIAN_POINT('Ctrl Pts',(8.31901276902223,-29.0452804707345,22.7));
#6693=CARTESIAN_POINT('Ctrl Pts',(8.19503044761141,-29.1294664589568,22.7));
#6694=CARTESIAN_POINT('Ctrl Pts',(8.0588751532598,-29.2033057391638,22.7));
#6695=CARTESIAN_POINT('Ctrl Pts',(7.91149494349699,-29.2664303228972,22.7));
#6696=CARTESIAN_POINT('Ctrl Pts',(7.7522507284139,-29.3195414241251,22.7));
#6697=CARTESIAN_POINT('Ctrl Pts',(7.58186340763981,-29.3627679433319,22.7));
#6698=CARTESIAN_POINT('Ctrl Pts',(7.46334208152374,-29.3831073130716,22.7));
#6699=CARTESIAN_POINT('Ctrl Pts',(7.40268282760883,-29.3935170092329,22.7));
#6700=CARTESIAN_POINT('',(7.40268282760883,-29.3935170092329,22.7));
#6701=CARTESIAN_POINT('Ctrl Pts',(7.40268282760883,-29.3935170092329,22.7));
#6702=CARTESIAN_POINT('Ctrl Pts',(7.40268282760883,-29.3935170092329,23.18));
#6703=CARTESIAN_POINT('Ctrl Pts',(7.46134713851228,-29.4323709341373,22.7));
#6704=CARTESIAN_POINT('Ctrl Pts',(7.46134713851228,-29.4323709341373,23.18));
#6705=CARTESIAN_POINT('Ctrl Pts',(7.57616118723937,-29.5084133585433,22.7));
#6706=CARTESIAN_POINT('Ctrl Pts',(7.57616118723937,-29.5084133585433,23.18));
#6707=CARTESIAN_POINT('Ctrl Pts',(7.73501468884906,-29.633656184343,22.7));
#6708=CARTESIAN_POINT('Ctrl Pts',(7.73501468884906,-29.633656184343,23.18));
#6709=CARTESIAN_POINT('Ctrl Pts',(7.87762744180292,-29.7651082168754,22.7));
#6710=CARTESIAN_POINT('Ctrl Pts',(7.87762744180292,-29.7651082168754,23.18));
#6711=CARTESIAN_POINT('Ctrl Pts',(7.98560662448795,-29.8820035415351,22.7));
#6712=CARTESIAN_POINT('Ctrl Pts',(7.98560662448795,-29.8820035415351,23.18));
#6713=CARTESIAN_POINT('Ctrl Pts',(8.06857749830901,-29.9848004224512,22.7));
#6714=CARTESIAN_POINT('Ctrl Pts',(8.06857749830901,-29.9848004224512,23.18));
#6715=CARTESIAN_POINT('Ctrl Pts',(8.13538322813406,-30.0747075650943,22.7));
#6716=CARTESIAN_POINT('Ctrl Pts',(8.13538322813406,-30.0747075650943,23.18));
#6717=CARTESIAN_POINT('Ctrl Pts',(8.20744391671802,-30.1781776454405,22.7));
#6718=CARTESIAN_POINT('Ctrl Pts',(8.20744391671802,-30.1781776454405,23.18));
#6719=CARTESIAN_POINT('Ctrl Pts',(8.28405280683033,-30.2952667249762,22.7));
#6720=CARTESIAN_POINT('Ctrl Pts',(8.28405280683033,-30.2952667249762,23.18));
#6721=CARTESIAN_POINT('Ctrl Pts',(8.36747465121803,-30.4249388439911,22.7));
#6722=CARTESIAN_POINT('Ctrl Pts',(8.36747465121803,-30.4249388439911,23.18));
#6723=CARTESIAN_POINT('Ctrl Pts',(8.45460684149044,-30.5691788331507,22.7));
#6724=CARTESIAN_POINT('Ctrl Pts',(8.45460684149044,-30.5691788331507,23.18));
#6725=CARTESIAN_POINT('Ctrl Pts',(8.54727274286969,-30.7265797545209,22.7));
#6726=CARTESIAN_POINT('Ctrl Pts',(8.54727274286969,-30.7265797545209,23.18));
#6727=CARTESIAN_POINT('Ctrl Pts',(8.60957587312317,-30.8365322672728,22.7));
#6728=CARTESIAN_POINT('Ctrl Pts',(8.60957587312317,-30.8365322672728,23.18));
#6729=CARTESIAN_POINT('Ctrl Pts',(8.64186551991652,-30.8935170092329,22.7));
#6730=CARTESIAN_POINT('Ctrl Pts',(8.64186551991652,-30.8935170092329,23.18));
#6731=CARTESIAN_POINT('',(8.64186551991652,-30.8935170092329,22.7));
#6732=CARTESIAN_POINT('Ctrl Pts',(7.40268282760883,-29.3935170092329,22.7));
#6733=CARTESIAN_POINT('Ctrl Pts',(7.46134713851228,-29.4323709341373,22.7));
#6734=CARTESIAN_POINT('Ctrl Pts',(7.57616118723937,-29.5084133585433,22.7));
#6735=CARTESIAN_POINT('Ctrl Pts',(7.73501468884906,-29.633656184343,22.7));
#6736=CARTESIAN_POINT('Ctrl Pts',(7.87762744180292,-29.7651082168754,22.7));
#6737=CARTESIAN_POINT('Ctrl Pts',(7.98560662448795,-29.8820035415351,22.7));
#6738=CARTESIAN_POINT('Ctrl Pts',(8.06857749830901,-29.9848004224512,22.7));
#6739=CARTESIAN_POINT('Ctrl Pts',(8.13538322813406,-30.0747075650943,22.7));
#6740=CARTESIAN_POINT('Ctrl Pts',(8.20744391671802,-30.1781776454405,22.7));
#6741=CARTESIAN_POINT('Ctrl Pts',(8.28405280683033,-30.2952667249762,22.7));
#6742=CARTESIAN_POINT('Ctrl Pts',(8.36747465121803,-30.4249388439911,22.7));
#6743=CARTESIAN_POINT('Ctrl Pts',(8.45460684149044,-30.5691788331507,22.7));
#6744=CARTESIAN_POINT('Ctrl Pts',(8.54727274286969,-30.7265797545209,22.7));
#6745=CARTESIAN_POINT('Ctrl Pts',(8.60957587312317,-30.8365322672728,22.7));
#6746=CARTESIAN_POINT('Ctrl Pts',(8.64186551991652,-30.8935170092329,22.7));
#6747=CARTESIAN_POINT('',(8.64186551991652,-30.8935170092329,22.7));
#6748=CARTESIAN_POINT('Origin',(8.64186551991652,-30.8935170092329,22.7));
#6749=CARTESIAN_POINT('',(9.36902898145498,-32.0810170092329,22.7));
#6750=CARTESIAN_POINT('',(8.64186551991652,-30.8935170092329,22.7));
#6751=CARTESIAN_POINT('',(9.36902898145498,-32.0810170092329,22.7));
#6752=CARTESIAN_POINT('Origin',(9.36902898145498,-32.0810170092329,22.7));
#6753=CARTESIAN_POINT('',(8.02047128914729,-32.0810170092329,22.7));
#6754=CARTESIAN_POINT('',(9.36902898145498,-32.0810170092329,22.7));
#6755=CARTESIAN_POINT('',(8.02047128914729,-32.0810170092329,22.7));
#6756=CARTESIAN_POINT('Origin',(8.02047128914729,-32.0810170092329,22.7));
#6757=CARTESIAN_POINT('',(7.1671059045319,-30.7192381630791,22.7));
#6758=CARTESIAN_POINT('',(8.02047128914729,-32.0810170092329,22.7));
#6759=CARTESIAN_POINT('',(7.1671059045319,-30.7192381630791,22.7));
#6760=CARTESIAN_POINT('Ctrl Pts',(7.1671059045319,-30.7192381630791,22.7));
#6761=CARTESIAN_POINT('Ctrl Pts',(7.1671059045319,-30.7192381630791,23.18));
#6762=CARTESIAN_POINT('Ctrl Pts',(7.12791427872774,-30.6646999031721,22.7));
#6763=CARTESIAN_POINT('Ctrl Pts',(7.12791427872774,-30.6646999031721,23.18));
#6764=CARTESIAN_POINT('Ctrl Pts',(7.05308940767454,-30.5605751525072,22.7));
#6765=CARTESIAN_POINT('Ctrl Pts',(7.05308940767454,-30.5605751525072,23.18));
#6766=CARTESIAN_POINT('Ctrl Pts',(6.94507508362912,-30.4126105025327,22.7));
#6767=CARTESIAN_POINT('Ctrl Pts',(6.94507508362912,-30.4126105025327,23.18));
#6768=CARTESIAN_POINT('Ctrl Pts',(6.84625156300339,-30.2808953882973,22.7));
#6769=CARTESIAN_POINT('Ctrl Pts',(6.84625156300339,-30.2808953882973,23.18));
#6770=CARTESIAN_POINT('Ctrl Pts',(6.75924887031859,-30.1635219928156,22.7));
#6771=CARTESIAN_POINT('Ctrl Pts',(6.75924887031859,-30.1635219928156,23.18));
#6772=CARTESIAN_POINT('Ctrl Pts',(6.67966470565673,-30.0638181275529,22.7));
#6773=CARTESIAN_POINT('Ctrl Pts',(6.67966470565673,-30.0638181275529,23.18));
#6774=CARTESIAN_POINT('Ctrl Pts',(6.60991556102379,-29.98004630008,22.7));
#6775=CARTESIAN_POINT('Ctrl Pts',(6.60991556102379,-29.98004630008,23.18));
#6776=CARTESIAN_POINT('Ctrl Pts',(6.55142213644624,-29.9104088883662,22.7));
#6777=CARTESIAN_POINT('Ctrl Pts',(6.55142213644624,-29.9104088883662,23.18));
#6778=CARTESIAN_POINT('Ctrl Pts',(6.48523668109788,-29.8413603892231,22.7));
#6779=CARTESIAN_POINT('Ctrl Pts',(6.48523668109788,-29.8413603892231,23.18));
#6780=CARTESIAN_POINT('Ctrl Pts',(6.40823693048237,-29.7703977645605,22.7));
#6781=CARTESIAN_POINT('Ctrl Pts',(6.40823693048237,-29.7703977645605,23.18));
#6782=CARTESIAN_POINT('Ctrl Pts',(6.31291738970767,-29.7015954612666,22.7));
#6783=CARTESIAN_POINT('Ctrl Pts',(6.31291738970767,-29.7015954612666,23.18));
#6784=CARTESIAN_POINT('Ctrl Pts',(6.21503306486728,-29.6467469914189,22.7));
#6785=CARTESIAN_POINT('Ctrl Pts',(6.21503306486728,-29.6467469914189,23.18));
#6786=CARTESIAN_POINT('Ctrl Pts',(6.11015782958279,-29.6048963186202,22.7));
#6787=CARTESIAN_POINT('Ctrl Pts',(6.11015782958279,-29.6048963186202,23.18));
#6788=CARTESIAN_POINT('Ctrl Pts',(5.98887278851913,-29.5757152498179,22.7));
#6789=CARTESIAN_POINT('Ctrl Pts',(5.98887278851913,-29.5757152498179,23.18));
#6790=CARTESIAN_POINT('Ctrl Pts',(5.84306896187004,-29.5571231994085,22.7));
#6791=CARTESIAN_POINT('Ctrl Pts',(5.84306896187004,-29.5571231994085,23.18));
#6792=CARTESIAN_POINT('Ctrl Pts',(5.66816193698661,-29.5434061935463,22.7));
#6793=CARTESIAN_POINT('Ctrl Pts',(5.66816193698661,-29.5434061935463,23.18));
#6794=CARTESIAN_POINT('Ctrl Pts',(5.54173919937769,-29.5428534202107,22.7));
#6795=CARTESIAN_POINT('Ctrl Pts',(5.54173919937769,-29.5428534202107,23.18));
#6796=CARTESIAN_POINT('Ctrl Pts',(5.47359628914729,-29.5425554707714,22.7));
#6797=CARTESIAN_POINT('Ctrl Pts',(5.47359628914729,-29.5425554707714,23.18));
#6798=CARTESIAN_POINT('',(5.47359628914729,-29.5425554707714,22.7));
#6799=CARTESIAN_POINT('Ctrl Pts',(7.1671059045319,-30.7192381630791,22.7));
#6800=CARTESIAN_POINT('Ctrl Pts',(7.12791427872774,-30.6646999031721,22.7));
#6801=CARTESIAN_POINT('Ctrl Pts',(7.05308940767454,-30.5605751525072,22.7));
#6802=CARTESIAN_POINT('Ctrl Pts',(6.94507508362912,-30.4126105025327,22.7));
#6803=CARTESIAN_POINT('Ctrl Pts',(6.84625156300339,-30.2808953882973,22.7));
#6804=CARTESIAN_POINT('Ctrl Pts',(6.75924887031859,-30.1635219928156,22.7));
#6805=CARTESIAN_POINT('Ctrl Pts',(6.67966470565673,-30.0638181275529,22.7));
#6806=CARTESIAN_POINT('Ctrl Pts',(6.60991556102379,-29.98004630008,22.7));
#6807=CARTESIAN_POINT('Ctrl Pts',(6.55142213644624,-29.9104088883662,22.7));
#6808=CARTESIAN_POINT('Ctrl Pts',(6.48523668109788,-29.8413603892231,22.7));
#6809=CARTESIAN_POINT('Ctrl Pts',(6.40823693048237,-29.7703977645605,22.7));
#6810=CARTESIAN_POINT('Ctrl Pts',(6.31291738970767,-29.7015954612666,22.7));
#6811=CARTESIAN_POINT('Ctrl Pts',(6.21503306486728,-29.6467469914189,22.7));
#6812=CARTESIAN_POINT('Ctrl Pts',(6.11015782958279,-29.6048963186202,22.7));
#6813=CARTESIAN_POINT('Ctrl Pts',(5.98887278851913,-29.5757152498179,22.7));
#6814=CARTESIAN_POINT('Ctrl Pts',(5.84306896187004,-29.5571231994085,22.7));
#6815=CARTESIAN_POINT('Ctrl Pts',(5.66816193698661,-29.5434061935463,22.7));
#6816=CARTESIAN_POINT('Ctrl Pts',(5.54173919937769,-29.5428534202107,22.7));
#6817=CARTESIAN_POINT('Ctrl Pts',(5.47359628914729,-29.5425554707714,22.7));
#6818=CARTESIAN_POINT('',(5.47359628914729,-29.5425554707714,22.7));
#6819=CARTESIAN_POINT('Origin',(5.47359628914729,-29.5425554707714,22.7));
#6820=CARTESIAN_POINT('',(5.21518282760882,-29.5425554707714,22.7));
#6821=CARTESIAN_POINT('',(5.47359628914729,-29.5425554707714,22.7));
#6822=CARTESIAN_POINT('',(5.21518282760882,-29.5425554707714,22.7));
#6823=CARTESIAN_POINT('Origin',(5.21518282760882,-29.5425554707714,22.7));
#6824=CARTESIAN_POINT('',(5.21518282760882,-29.5425554707714,22.7));
#6825=CARTESIAN_POINT('Origin',(8.18381301794764,-26.3471520952497,22.7));
#6826=CARTESIAN_POINT('',(6.19595205837806,-27.0810170092329,22.7));
#6827=CARTESIAN_POINT('',(5.21518282760882,-27.0810170092329,22.7));
#6828=CARTESIAN_POINT('',(6.19595205837806,-27.0810170092329,22.7));
#6829=CARTESIAN_POINT('',(7.11301936607036,-27.1002477784637,22.7));
#6830=CARTESIAN_POINT('Ctrl Pts',(7.11301936607036,-27.1002477784637,22.7));
#6831=CARTESIAN_POINT('Ctrl Pts',(7.09700599397043,-27.0984882529021,22.7));
#6832=CARTESIAN_POINT('Ctrl Pts',(7.0590509404341,-27.0943178079471,22.7));
#6833=CARTESIAN_POINT('Ctrl Pts',(6.99202681507902,-27.0916393145698,22.7));
#6834=CARTESIAN_POINT('Ctrl Pts',(6.90632787249842,-27.087522178515,22.7));
#6835=CARTESIAN_POINT('Ctrl Pts',(6.8009168118265,-27.0858395967036,22.7));
#6836=CARTESIAN_POINT('Ctrl Pts',(6.67673537022618,-27.0828901791861,22.7));
#6837=CARTESIAN_POINT('Ctrl Pts',(6.53328974650828,-27.0823485916439,22.7));
#6838=CARTESIAN_POINT('Ctrl Pts',(6.3710356787153,-27.0806182578341,22.7));
#6839=CARTESIAN_POINT('Ctrl Pts',(6.25644954718635,-27.0808792267366,22.7));
#6840=CARTESIAN_POINT('Ctrl Pts',(6.19595205837806,-27.0810170092329,22.7));
#6841=CARTESIAN_POINT('',(7.75364436607036,-27.7961612400022,22.7));
#6842=CARTESIAN_POINT('Ctrl Pts',(7.75364436607036,-27.7961612400022,22.7));
#6843=CARTESIAN_POINT('Ctrl Pts',(7.75160048647094,-27.7499162522896,22.7));
#6844=CARTESIAN_POINT('Ctrl Pts',(7.7476571503459,-27.6606940051957,22.7));
#6845=CARTESIAN_POINT('Ctrl Pts',(7.71655944018999,-27.5337298974265,22.7));
#6846=CARTESIAN_POINT('Ctrl Pts',(7.66227965405518,-27.4215745887977,22.7));
#6847=CARTESIAN_POINT('Ctrl Pts',(7.58773290591601,-27.3240429074189,22.7));
#6848=CARTESIAN_POINT('Ctrl Pts',(7.49415120688779,-27.2416857492987,22.7));
#6849=CARTESIAN_POINT('Ctrl Pts',(7.38268505545418,-27.176312091791,22.7));
#6850=CARTESIAN_POINT('Ctrl Pts',(7.25416256539642,-27.1276245043064,22.7));
#6851=CARTESIAN_POINT('Ctrl Pts',(7.16146384605801,-27.1096442726168,22.7));
#6852=CARTESIAN_POINT('Ctrl Pts',(7.11301936607036,-27.1002477784637,22.7));
#6853=CARTESIAN_POINT('',(6.14426936607036,-28.5425554707714,22.6999999999805));
#6854=CARTESIAN_POINT('Ctrl Pts',(6.14426936607036,-28.5425554707714,22.6999999999805));
#6855=CARTESIAN_POINT('Ctrl Pts',(6.21598757232528,-28.542401774292,22.6999999999805));
#6856=CARTESIAN_POINT('Ctrl Pts',(6.35262287401971,-28.5421089565275,22.6999999999805));
#6857=CARTESIAN_POINT('Ctrl Pts',(6.54692099093638,-28.5378676092847,22.6999999999805));
#6858=CARTESIAN_POINT('Ctrl Pts',(6.72049463457433,-28.5342677325934,22.6999999999805));
#6859=CARTESIAN_POINT('Ctrl Pts',(6.87230509641675,-28.5252228889021,22.6999999999805));
#6860=CARTESIAN_POINT('Ctrl Pts',(7.00303158945991,-28.5162585964285,22.6999999999805));
#6861=CARTESIAN_POINT('Ctrl Pts',(7.11214970284118,-28.5046082688595,22.6999999999805));
#6862=CARTESIAN_POINT('Ctrl Pts',(7.20057878778373,-28.4908379571484,22.6999999999805));
#6863=CARTESIAN_POINT('Ctrl Pts',(7.28890458047271,-28.4694287381351,22.6999999999805));
#6864=CARTESIAN_POINT('Ctrl Pts',(7.3793802033529,-28.432127401351,22.6999999999805));
#6865=CARTESIAN_POINT('Ctrl Pts',(7.47581009858284,-28.3789993167611,22.6999999999805));
#6866=CARTESIAN_POINT('Ctrl Pts',(7.55822634375787,-28.3100777838227,22.6999999999805));
#6867=CARTESIAN_POINT('Ctrl Pts',(7.62961784768499,-28.2303975219842,22.6999999999805));
#6868=CARTESIAN_POINT('Ctrl Pts',(7.68407956365325,-28.1367261268674,22.6999999999805));
#6869=CARTESIAN_POINT('Ctrl Pts',(7.72673596876733,-28.0332367661197,22.6999999999805));
#6870=CARTESIAN_POINT('Ctrl Pts',(7.74836366948096,-27.9176298135996,22.6999999999805));
#6871=CARTESIAN_POINT('Ctrl Pts',(7.7518472517897,-27.8374991401387,22.6999999999805));
#6872=CARTESIAN_POINT('Ctrl Pts',(7.75364436607036,-27.7961612400022,22.6999999999805));
#6873=CARTESIAN_POINT('',(5.21518282760882,-28.5425554707714,22.7));
#6874=CARTESIAN_POINT('',(5.21518282760882,-28.5425554707714,22.7));
#6875=CARTESIAN_POINT('',(5.21518282760882,-27.0810170092329,22.7));
#6876=CARTESIAN_POINT('Origin',(5.21518282760882,-27.0810170092329,22.7));
#6877=CARTESIAN_POINT('',(5.21518282760882,-27.0810170092329,23.1));
#6878=CARTESIAN_POINT('',(5.21518282760882,-28.5425554707714,23.0999999999803));
#6879=CARTESIAN_POINT('',(5.21518282760882,-27.0810170092329,23.1));
#6880=CARTESIAN_POINT('',(5.21518282760882,-27.0810170092329,22.7));
#6881=CARTESIAN_POINT('',(5.21518282760882,-28.5425554707714,22.7));
#6882=CARTESIAN_POINT('Origin',(6.19595205837806,-27.0810170092329,22.7));
#6883=CARTESIAN_POINT('',(6.19595205837806,-27.0810170092329,23.1));
#6884=CARTESIAN_POINT('',(6.19595205837806,-27.0810170092329,23.1));
#6885=CARTESIAN_POINT('',(6.19595205837806,-27.0810170092329,22.7));
#6886=CARTESIAN_POINT('Ctrl Pts',(7.11301936607036,-27.1002477784637,22.7));
#6887=CARTESIAN_POINT('Ctrl Pts',(7.11301936607036,-27.1002477784637,23.18));
#6888=CARTESIAN_POINT('Ctrl Pts',(7.09700599397043,-27.0984882529021,22.7));
#6889=CARTESIAN_POINT('Ctrl Pts',(7.09700599397043,-27.0984882529021,23.18));
#6890=CARTESIAN_POINT('Ctrl Pts',(7.0590509404341,-27.0943178079471,22.7));
#6891=CARTESIAN_POINT('Ctrl Pts',(7.0590509404341,-27.0943178079471,23.18));
#6892=CARTESIAN_POINT('Ctrl Pts',(6.99202681507902,-27.0916393145698,22.7));
#6893=CARTESIAN_POINT('Ctrl Pts',(6.99202681507902,-27.0916393145698,23.18));
#6894=CARTESIAN_POINT('Ctrl Pts',(6.90632787249842,-27.087522178515,22.7));
#6895=CARTESIAN_POINT('Ctrl Pts',(6.90632787249842,-27.087522178515,23.18));
#6896=CARTESIAN_POINT('Ctrl Pts',(6.8009168118265,-27.0858395967036,22.7));
#6897=CARTESIAN_POINT('Ctrl Pts',(6.8009168118265,-27.0858395967036,23.18));
#6898=CARTESIAN_POINT('Ctrl Pts',(6.67673537022618,-27.0828901791861,22.7));
#6899=CARTESIAN_POINT('Ctrl Pts',(6.67673537022618,-27.0828901791861,23.18));
#6900=CARTESIAN_POINT('Ctrl Pts',(6.53328974650828,-27.0823485916439,22.7));
#6901=CARTESIAN_POINT('Ctrl Pts',(6.53328974650828,-27.0823485916439,23.18));
#6902=CARTESIAN_POINT('Ctrl Pts',(6.3710356787153,-27.0806182578341,22.7));
#6903=CARTESIAN_POINT('Ctrl Pts',(6.3710356787153,-27.0806182578341,23.18));
#6904=CARTESIAN_POINT('Ctrl Pts',(6.25644954718635,-27.0808792267366,22.7));
#6905=CARTESIAN_POINT('Ctrl Pts',(6.25644954718635,-27.0808792267366,23.18));
#6906=CARTESIAN_POINT('Ctrl Pts',(6.19595205837806,-27.0810170092329,22.7));
#6907=CARTESIAN_POINT('Ctrl Pts',(6.19595205837806,-27.0810170092329,23.18));
#6908=CARTESIAN_POINT('',(7.11301936607036,-27.1002477784637,23.1));
#6909=CARTESIAN_POINT('Ctrl Pts',(7.11301936607036,-27.1002477784637,23.1));
#6910=CARTESIAN_POINT('Ctrl Pts',(7.09700599397043,-27.0984882529021,23.1));
#6911=CARTESIAN_POINT('Ctrl Pts',(7.0590509404341,-27.0943178079471,23.1));
#6912=CARTESIAN_POINT('Ctrl Pts',(6.99202681507902,-27.0916393145698,23.1));
#6913=CARTESIAN_POINT('Ctrl Pts',(6.90632787249842,-27.087522178515,23.1));
#6914=CARTESIAN_POINT('Ctrl Pts',(6.8009168118265,-27.0858395967036,23.1));
#6915=CARTESIAN_POINT('Ctrl Pts',(6.67673537022618,-27.0828901791861,23.1));
#6916=CARTESIAN_POINT('Ctrl Pts',(6.53328974650828,-27.0823485916439,23.1));
#6917=CARTESIAN_POINT('Ctrl Pts',(6.3710356787153,-27.0806182578341,23.1));
#6918=CARTESIAN_POINT('Ctrl Pts',(6.25644954718635,-27.0808792267366,23.1));
#6919=CARTESIAN_POINT('Ctrl Pts',(6.19595205837806,-27.0810170092329,23.1));
#6920=CARTESIAN_POINT('',(7.11301936607036,-27.1002477784637,22.7));
#6921=CARTESIAN_POINT('Ctrl Pts',(7.75364436607036,-27.7961612400022,22.7));
#6922=CARTESIAN_POINT('Ctrl Pts',(7.75364436607036,-27.7961612400022,23.18));
#6923=CARTESIAN_POINT('Ctrl Pts',(7.75160048647094,-27.7499162522896,22.7));
#6924=CARTESIAN_POINT('Ctrl Pts',(7.75160048647094,-27.7499162522896,23.18));
#6925=CARTESIAN_POINT('Ctrl Pts',(7.7476571503459,-27.6606940051957,22.7));
#6926=CARTESIAN_POINT('Ctrl Pts',(7.7476571503459,-27.6606940051957,23.18));
#6927=CARTESIAN_POINT('Ctrl Pts',(7.71655944018999,-27.5337298974265,22.7));
#6928=CARTESIAN_POINT('Ctrl Pts',(7.71655944018999,-27.5337298974265,23.18));
#6929=CARTESIAN_POINT('Ctrl Pts',(7.66227965405518,-27.4215745887977,22.7));
#6930=CARTESIAN_POINT('Ctrl Pts',(7.66227965405518,-27.4215745887977,23.18));
#6931=CARTESIAN_POINT('Ctrl Pts',(7.58773290591601,-27.3240429074189,22.7));
#6932=CARTESIAN_POINT('Ctrl Pts',(7.58773290591601,-27.3240429074189,23.18));
#6933=CARTESIAN_POINT('Ctrl Pts',(7.49415120688779,-27.2416857492987,22.7));
#6934=CARTESIAN_POINT('Ctrl Pts',(7.49415120688779,-27.2416857492987,23.18));
#6935=CARTESIAN_POINT('Ctrl Pts',(7.38268505545418,-27.176312091791,22.7));
#6936=CARTESIAN_POINT('Ctrl Pts',(7.38268505545418,-27.176312091791,23.18));
#6937=CARTESIAN_POINT('Ctrl Pts',(7.25416256539642,-27.1276245043064,22.7));
#6938=CARTESIAN_POINT('Ctrl Pts',(7.25416256539642,-27.1276245043064,23.18));
#6939=CARTESIAN_POINT('Ctrl Pts',(7.16146384605801,-27.1096442726168,22.7));
#6940=CARTESIAN_POINT('Ctrl Pts',(7.16146384605801,-27.1096442726168,23.18));
#6941=CARTESIAN_POINT('Ctrl Pts',(7.11301936607036,-27.1002477784637,22.7));
#6942=CARTESIAN_POINT('Ctrl Pts',(7.11301936607036,-27.1002477784637,23.18));
#6943=CARTESIAN_POINT('',(7.75364436607036,-27.7961612400022,23.1));
#6944=CARTESIAN_POINT('Ctrl Pts',(7.75364436607036,-27.7961612400022,23.1));
#6945=CARTESIAN_POINT('Ctrl Pts',(7.75160048647094,-27.7499162522896,23.1));
#6946=CARTESIAN_POINT('Ctrl Pts',(7.7476571503459,-27.6606940051957,23.1));
#6947=CARTESIAN_POINT('Ctrl Pts',(7.71655944018999,-27.5337298974265,23.1));
#6948=CARTESIAN_POINT('Ctrl Pts',(7.66227965405518,-27.4215745887977,23.1));
#6949=CARTESIAN_POINT('Ctrl Pts',(7.58773290591601,-27.3240429074189,23.1));
#6950=CARTESIAN_POINT('Ctrl Pts',(7.49415120688779,-27.2416857492987,23.1));
#6951=CARTESIAN_POINT('Ctrl Pts',(7.38268505545418,-27.176312091791,23.1));
#6952=CARTESIAN_POINT('Ctrl Pts',(7.25416256539642,-27.1276245043064,23.1));
#6953=CARTESIAN_POINT('Ctrl Pts',(7.16146384605801,-27.1096442726168,23.1));
#6954=CARTESIAN_POINT('Ctrl Pts',(7.11301936607036,-27.1002477784637,23.1));
#6955=CARTESIAN_POINT('',(7.75364436607036,-27.7961612400022,22.7));
#6956=CARTESIAN_POINT('Ctrl Pts',(6.14426936607036,-28.5425554707714,22.6999999999805));
#6957=CARTESIAN_POINT('Ctrl Pts',(6.14426936607036,-28.5425554707714,23.180000000004));
#6958=CARTESIAN_POINT('Ctrl Pts',(6.21598757232528,-28.542401774292,22.6999999999805));
#6959=CARTESIAN_POINT('Ctrl Pts',(6.21598757232528,-28.542401774292,23.180000000004));
#6960=CARTESIAN_POINT('Ctrl Pts',(6.35262287401971,-28.5421089565275,22.6999999999805));
#6961=CARTESIAN_POINT('Ctrl Pts',(6.35262287401971,-28.5421089565275,23.180000000004));
#6962=CARTESIAN_POINT('Ctrl Pts',(6.54692099093638,-28.5378676092847,22.6999999999805));
#6963=CARTESIAN_POINT('Ctrl Pts',(6.54692099093638,-28.5378676092847,23.180000000004));
#6964=CARTESIAN_POINT('Ctrl Pts',(6.72049463457433,-28.5342677325934,22.6999999999805));
#6965=CARTESIAN_POINT('Ctrl Pts',(6.72049463457433,-28.5342677325934,23.180000000004));
#6966=CARTESIAN_POINT('Ctrl Pts',(6.87230509641675,-28.5252228889021,22.6999999999805));
#6967=CARTESIAN_POINT('Ctrl Pts',(6.87230509641675,-28.5252228889021,23.180000000004));
#6968=CARTESIAN_POINT('Ctrl Pts',(7.00303158945991,-28.5162585964285,22.6999999999805));
#6969=CARTESIAN_POINT('Ctrl Pts',(7.00303158945991,-28.5162585964285,23.180000000004));
#6970=CARTESIAN_POINT('Ctrl Pts',(7.11214970284118,-28.5046082688595,22.6999999999805));
#6971=CARTESIAN_POINT('Ctrl Pts',(7.11214970284118,-28.5046082688595,23.180000000004));
#6972=CARTESIAN_POINT('Ctrl Pts',(7.20057878778373,-28.4908379571484,22.6999999999805));
#6973=CARTESIAN_POINT('Ctrl Pts',(7.20057878778373,-28.4908379571484,23.180000000004));
#6974=CARTESIAN_POINT('Ctrl Pts',(7.28890458047271,-28.4694287381351,22.6999999999805));
#6975=CARTESIAN_POINT('Ctrl Pts',(7.28890458047271,-28.4694287381351,23.180000000004));
#6976=CARTESIAN_POINT('Ctrl Pts',(7.3793802033529,-28.432127401351,22.6999999999805));
#6977=CARTESIAN_POINT('Ctrl Pts',(7.3793802033529,-28.432127401351,23.180000000004));
#6978=CARTESIAN_POINT('Ctrl Pts',(7.47581009858284,-28.3789993167611,22.6999999999805));
#6979=CARTESIAN_POINT('Ctrl Pts',(7.47581009858284,-28.3789993167611,23.180000000004));
#6980=CARTESIAN_POINT('Ctrl Pts',(7.55822634375787,-28.3100777838227,22.6999999999805));
#6981=CARTESIAN_POINT('Ctrl Pts',(7.55822634375787,-28.3100777838227,23.180000000004));
#6982=CARTESIAN_POINT('Ctrl Pts',(7.62961784768499,-28.2303975219842,22.6999999999805));
#6983=CARTESIAN_POINT('Ctrl Pts',(7.62961784768499,-28.2303975219842,23.180000000004));
#6984=CARTESIAN_POINT('Ctrl Pts',(7.68407956365325,-28.1367261268674,22.6999999999805));
#6985=CARTESIAN_POINT('Ctrl Pts',(7.68407956365325,-28.1367261268674,23.180000000004));
#6986=CARTESIAN_POINT('Ctrl Pts',(7.72673596876733,-28.0332367661197,22.6999999999805));
#6987=CARTESIAN_POINT('Ctrl Pts',(7.72673596876733,-28.0332367661197,23.180000000004));
#6988=CARTESIAN_POINT('Ctrl Pts',(7.74836366948096,-27.9176298135996,22.6999999999805));
#6989=CARTESIAN_POINT('Ctrl Pts',(7.74836366948096,-27.9176298135996,23.180000000004));
#6990=CARTESIAN_POINT('Ctrl Pts',(7.7518472517897,-27.8374991401387,22.6999999999805));
#6991=CARTESIAN_POINT('Ctrl Pts',(7.7518472517897,-27.8374991401387,23.180000000004));
#6992=CARTESIAN_POINT('Ctrl Pts',(7.75364436607036,-27.7961612400022,22.6999999999805));
#6993=CARTESIAN_POINT('Ctrl Pts',(7.75364436607036,-27.7961612400022,23.180000000004));
#6994=CARTESIAN_POINT('',(6.14426936607036,-28.5425554707714,23.1));
#6995=CARTESIAN_POINT('Ctrl Pts',(6.14426936607036,-28.5425554707714,23.1));
#6996=CARTESIAN_POINT('Ctrl Pts',(6.21598757232528,-28.542401774292,23.1));
#6997=CARTESIAN_POINT('Ctrl Pts',(6.35262287401971,-28.5421089565275,23.1));
#6998=CARTESIAN_POINT('Ctrl Pts',(6.54692099093638,-28.5378676092847,23.1));
#6999=CARTESIAN_POINT('Ctrl Pts',(6.72049463457433,-28.5342677325934,23.1));
#7000=CARTESIAN_POINT('Ctrl Pts',(6.87230509641675,-28.5252228889021,23.1));
#7001=CARTESIAN_POINT('Ctrl Pts',(7.00303158945991,-28.5162585964285,23.1));
#7002=CARTESIAN_POINT('Ctrl Pts',(7.11214970284118,-28.5046082688595,23.1));
#7003=CARTESIAN_POINT('Ctrl Pts',(7.20057878778373,-28.4908379571484,23.1));
#7004=CARTESIAN_POINT('Ctrl Pts',(7.28890458047271,-28.4694287381351,23.1));
#7005=CARTESIAN_POINT('Ctrl Pts',(7.3793802033529,-28.432127401351,23.1));
#7006=CARTESIAN_POINT('Ctrl Pts',(7.47581009858284,-28.3789993167611,23.1));
#7007=CARTESIAN_POINT('Ctrl Pts',(7.55822634375787,-28.3100777838227,23.1));
#7008=CARTESIAN_POINT('Ctrl Pts',(7.62961784768499,-28.2303975219842,23.1));
#7009=CARTESIAN_POINT('Ctrl Pts',(7.68407956365325,-28.1367261268674,23.1));
#7010=CARTESIAN_POINT('Ctrl Pts',(7.72673596876733,-28.0332367661197,23.1));
#7011=CARTESIAN_POINT('Ctrl Pts',(7.74836366948096,-27.9176298135996,23.1));
#7012=CARTESIAN_POINT('Ctrl Pts',(7.7518472517897,-27.8374991401387,23.1));
#7013=CARTESIAN_POINT('Ctrl Pts',(7.75364436607036,-27.7961612400022,23.1));
#7014=CARTESIAN_POINT('',(6.14426936607036,-28.5425554707714,22.7));
#7015=CARTESIAN_POINT('Origin',(5.21518282760882,-28.5425554707714,22.7));
#7016=CARTESIAN_POINT('',(5.21518282760882,-28.5425554707714,23.1));
#7017=CARTESIAN_POINT('Origin',(-16.,-40.,23.1));
#7018=CARTESIAN_POINT('Origin',(-16.,-40.,23.1));
#7019=UNCERTAINTY_MEASURE_WITH_UNIT(LENGTH_MEASURE(0.01),#7023,
'DISTANCE_ACCURACY_VALUE',
'Maximum model space distance between geometric entities at asserted c
onnectivities');
#7020=UNCERTAINTY_MEASURE_WITH_UNIT(LENGTH_MEASURE(0.01),#7023,
'DISTANCE_ACCURACY_VALUE',
'Maximum model space distance between geometric entities at asserted c
onnectivities');
#7021=(
GEOMETRIC_REPRESENTATION_CONTEXT(3)
GLOBAL_UNCERTAINTY_ASSIGNED_CONTEXT((#7019))
GLOBAL_UNIT_ASSIGNED_CONTEXT((#7023,#7025,#7026))
REPRESENTATION_CONTEXT('','3D')
);
#7022=(
GEOMETRIC_REPRESENTATION_CONTEXT(3)
GLOBAL_UNCERTAINTY_ASSIGNED_CONTEXT((#7020))
GLOBAL_UNIT_ASSIGNED_CONTEXT((#7023,#7025,#7026))
REPRESENTATION_CONTEXT('','3D')
);
#7023=(
LENGTH_UNIT()
NAMED_UNIT(*)
SI_UNIT(.MILLI.,.METRE.)
);
#7024=(
LENGTH_UNIT()
NAMED_UNIT(*)
SI_UNIT($,.METRE.)
);
#7025=(
NAMED_UNIT(*)
PLANE_ANGLE_UNIT()
SI_UNIT($,.RADIAN.)
);
#7026=(
NAMED_UNIT(*)
SI_UNIT($,.STERADIAN.)
SOLID_ANGLE_UNIT()
);
#7027=SHAPE_DEFINITION_REPRESENTATION(#7028,#7029);
#7028=PRODUCT_DEFINITION_SHAPE('',$,#7031);
#7029=SHAPE_REPRESENTATION('',(#4032),#7021);
#7030=PRODUCT_DEFINITION_CONTEXT('part definition',#7035,'design');
#7031=PRODUCT_DEFINITION('2026-04-09-15-25-55-341','x-carriage-back_R4',
#7032,#7030);
#7032=PRODUCT_DEFINITION_FORMATION('',$,#7037);
#7033=PRODUCT_RELATED_PRODUCT_CATEGORY('x-carriage-back_R4',
'x-carriage-back_R4',(#7037));
#7034=APPLICATION_PROTOCOL_DEFINITION('international standard',
'automotive_design',2009,#7035);
#7035=APPLICATION_CONTEXT(
'Core Data for Automotive Mechanical Design Process');
#7036=PRODUCT_CONTEXT('part definition',#7035,'mechanical');
#7037=PRODUCT('2026-04-09-15-25-55-341','x-carriage-back_R4',$,(#7036));
#7038=PRESENTATION_STYLE_ASSIGNMENT((#7040));
#7039=PRESENTATION_STYLE_ASSIGNMENT((#7041));
#7040=SURFACE_STYLE_USAGE(.BOTH.,#7042);
#7041=SURFACE_STYLE_USAGE(.BOTH.,#7043);
#7042=SURFACE_SIDE_STYLE('',(#7044));
#7043=SURFACE_SIDE_STYLE('',(#7045));
#7044=SURFACE_STYLE_FILL_AREA(#7046);
#7045=SURFACE_STYLE_FILL_AREA(#7047);
#7046=FILL_AREA_STYLE('Acier - Satin\X\E9',(#7048));
#7047=FILL_AREA_STYLE('Opaque(64,64,64)',(#7049));
#7048=FILL_AREA_STYLE_COLOUR('Acier - Satin\X\E9',#7050);
#7049=FILL_AREA_STYLE_COLOUR('Opaque(64,64,64)',#7051);
#7050=COLOUR_RGB('Acier - Satin\X\E9',0.627450980392157,0.627450980392157,
0.627450980392157);
#7051=COLOUR_RGB('Opaque(64,64,64)',0.250980392156863,0.250980392156863,
0.250980392156863);
ENDSEC;
END-ISO-10303-21;
