ISO-10303-21;
HEADER;
/* Generated by software containing ST-Developer
 * from STEP Tools, Inc. (www.steptools.com) 
 */

FILE_DESCRIPTION(
/* description */ (''),
/* implementation_level */ '2;1');

FILE_NAME(
/* name */ 'x-carriage_R4_modified.step',
/* time_stamp */ '2026-04-09T15:26:07+02:00',
/* author */ (''),
/* organization */ (''),
/* preprocessor_version */ 'ST-DEVELOPER v20.1',
/* originating_system */ 'Autodesk Translation Framework v14.24.0.0',
/* authorisation */ '');

FILE_SCHEMA (('AUTOMOTIVE_DESIGN { 1 0 10303 214 3 1 1 }','MODEL_BASED_INTEGRATED_MANUFACTURING_SCHEMA'));
ENDSEC;

DATA;
#10=MECHANICAL_DESIGN_GEOMETRIC_PRESENTATION_REPRESENTATION('',(#200,#201,
#202),#16245);
#11=SHAPE_REPRESENTATION_RELATIONSHIP('SRR','None',#16252,#12);
#12=ADVANCED_BREP_SHAPE_REPRESENTATION('',(#203,#199,#204),#16244);
#13=CONICAL_SURFACE('',#9895,2.66666666666174,0.321750554396642);
#14=CONICAL_SURFACE('',#9897,1.98999999999819,0.0698860016339152);
#15=CONICAL_SURFACE('',#10041,2.66666666666265,0.321750554396642);
#16=CONICAL_SURFACE('',#10044,1.92499999998472,0.268366210895337);
#17=CONICAL_SURFACE('',#10045,1.92499999999495,0.26836621089798);
#18=CONICAL_SURFACE('',#10048,1.9899999999991,0.0698860016339152);
#19=CONICAL_SURFACE('',#10053,1.6249999999801,0.148889947613203);
#20=(
BOUNDED_CURVE()
B_SPLINE_CURVE(3,(#13279,#13280,#13281,#13282),.UNSPECIFIED.,.F.,.F.)
B_SPLINE_CURVE_WITH_KNOTS((4,4),(0.683124869403374,0.813812719898189),
 .UNSPECIFIED.)
CURVE()
GEOMETRIC_REPRESENTATION_ITEM()
RATIONAL_B_SPLINE_CURVE((1.,0.998577230167791,0.998577230167791,1.))
REPRESENTATION_ITEM('')
);
#21=(
BOUNDED_CURVE()
B_SPLINE_CURVE(2,(#14402,#14403,#14404),.UNSPECIFIED.,.F.,.F.)
B_SPLINE_CURVE_WITH_KNOTS((3,3),(0.163970524039907,0.46961648808362),
 .UNSPECIFIED.)
CURVE()
GEOMETRIC_REPRESENTATION_ITEM()
RATIONAL_B_SPLINE_CURVE((0.997707919218338,0.996374394858427,0.998033493103292))
REPRESENTATION_ITEM('')
);
#22=(
BOUNDED_CURVE()
B_SPLINE_CURVE(3,(#15835,#15836,#15837,#15838),.UNSPECIFIED.,.F.,.F.)
B_SPLINE_CURVE_WITH_KNOTS((4,4),(0.743641077527983,0.866970009564982),
 .UNSPECIFIED.)
CURVE()
GEOMETRIC_REPRESENTATION_ITEM()
RATIONAL_B_SPLINE_CURVE((1.,0.998732899466388,0.998732899466388,1.))
REPRESENTATION_ITEM('')
);
#23=FACE_BOUND('',#749,.T.);
#24=FACE_BOUND('',#766,.T.);
#25=FACE_BOUND('',#774,.T.);
#26=FACE_BOUND('',#781,.T.);
#27=FACE_BOUND('',#784,.T.);
#28=FACE_BOUND('',#821,.T.);
#29=FACE_BOUND('',#823,.T.);
#30=FACE_BOUND('',#824,.T.);
#31=FACE_BOUND('',#826,.T.);
#32=FACE_BOUND('',#827,.T.);
#33=FACE_BOUND('',#830,.T.);
#34=FACE_BOUND('',#831,.T.);
#35=FACE_BOUND('',#836,.T.);
#36=FACE_BOUND('',#837,.T.);
#37=FACE_BOUND('',#838,.T.);
#38=FACE_BOUND('',#839,.T.);
#39=FACE_BOUND('',#840,.T.);
#40=FACE_BOUND('',#841,.T.);
#41=FACE_BOUND('',#842,.T.);
#42=FACE_BOUND('',#843,.T.);
#43=FACE_BOUND('',#844,.T.);
#44=FACE_BOUND('',#845,.T.);
#45=FACE_BOUND('',#847,.T.);
#46=FACE_BOUND('',#849,.T.);
#47=FACE_BOUND('',#1031,.T.);
#48=FACE_BOUND('',#1050,.T.);
#49=FACE_BOUND('',#1052,.T.);
#50=FACE_BOUND('',#1094,.T.);
#51=FACE_BOUND('',#1210,.T.);
#52=B_SPLINE_CURVE_WITH_KNOTS('',3,(#13067,#13068,#13069,#13070,#13071,
#13072,#13073,#13074,#13075),.UNSPECIFIED.,.F.,.F.,(4,1,1,1,1,1,4),(0.550074311195796,
0.572757208387167,0.643659616210917,0.721852346671437,0.807549466500057,
0.900259269050791,1.),.UNSPECIFIED.);
#53=B_SPLINE_CURVE_WITH_KNOTS('',3,(#13077,#13078,#13079,#13080),
 .UNSPECIFIED.,.F.,.F.,(4,4),(-0.462711617691636,0.),.UNSPECIFIED.);
#54=B_SPLINE_CURVE_WITH_KNOTS('',3,(#13082,#13083,#13084,#13085,#13086,
#13087),.UNSPECIFIED.,.F.,.F.,(4,2,4),(4.09238821871126,4.24569271568993,
4.43483349452719),.UNSPECIFIED.);
#55=B_SPLINE_CURVE_WITH_KNOTS('',3,(#13207,#13208,#13209,#13210,#13211,
#13212,#13213,#13214,#13215,#13216,#13217,#13218),.UNSPECIFIED.,.F.,.F.,
(4,2,2,2,2,4),(2.08556586412037,2.50352780357644,2.67719433647644,2.82551694796723,
2.8754874286119,2.88471713174354),.UNSPECIFIED.);
#56=B_SPLINE_CURVE_WITH_KNOTS('',3,(#13222,#13223,#13224,#13225,#13226,
#13227,#13228,#13229,#13230,#13231,#13232,#13233,#13234,#13235,#13236,#13237,
#13238,#13239,#13240,#13241,#13242,#13243,#13244,#13245,#13246,#13247,#13248),
 .UNSPECIFIED.,.F.,.F.,(4,1,1,1,1,1,1,1,1,1,1,1,1,1,1,1,1,1,1,1,1,1,1,1,
4),(0.,0.0698261684989945,0.134567806444184,0.194654678730896,0.24972729369505,
0.300288627467714,0.34603210536811,0.38743754873149,0.42431585137513,0.459073088918845,
0.49324482605985,0.527114100355335,0.561038568476299,0.595222035717932,
0.629875307437025,0.664986390335475,0.701285794323348,0.737967895738206,
0.774261777084267,0.810850862206607,0.847269717789789,0.884508626475089,
0.922310282001034,0.960504075905686,1.),.UNSPECIFIED.);
#57=B_SPLINE_CURVE_WITH_KNOTS('',3,(#13822,#13823,#13824,#13825,#13826,
#13827,#13828,#13829,#13830,#13831,#13832,#13833),.UNSPECIFIED.,.F.,.F.,
(4,2,2,2,2,4),(1.63543365640203,1.6811726724893,1.69904536900123,1.713080740072,
1.71858388657005,1.72077252020929),.UNSPECIFIED.);
#58=B_SPLINE_CURVE_WITH_KNOTS('',3,(#13838,#13839,#13840,#13841,#13842,
#13843,#13844),.UNSPECIFIED.,.F.,.F.,(4,3,4),(1.93150872280341,1.94664363068726,
1.94790574748431),.UNSPECIFIED.);
#59=B_SPLINE_CURVE_WITH_KNOTS('',3,(#13846,#13847,#13848,#13849,#13850,
#13851),.UNSPECIFIED.,.F.,.F.,(4,2,4),(3.6963067847415,3.77209684249708,
3.93822252596273),.UNSPECIFIED.);
#60=B_SPLINE_CURVE_WITH_KNOTS('',3,(#13852,#13853,#13854,#13855,#13856,
#13857,#13858,#13859,#13860,#13861,#13862,#13863),.UNSPECIFIED.,.F.,.F.,
(4,2,2,2,2,4),(2.05752787196633,2.10278022430093,2.15195647493181,2.17863714286061,
2.19863284820246,2.2093603240998),.UNSPECIFIED.);
#61=B_SPLINE_CURVE_WITH_KNOTS('',3,(#14066,#14067,#14068,#14069),
 .UNSPECIFIED.,.F.,.F.,(4,4),(-0.452145195742025,0.),.UNSPECIFIED.);
#62=B_SPLINE_CURVE_WITH_KNOTS('',3,(#14071,#14072,#14073,#14074),
 .UNSPECIFIED.,.F.,.F.,(4,4),(-0.448633955312026,0.),.UNSPECIFIED.);
#63=B_SPLINE_CURVE_WITH_KNOTS('',3,(#14075,#14076,#14077,#14078),
 .UNSPECIFIED.,.F.,.F.,(4,4),(1.69994123215708,1.85314628071477),
 .UNSPECIFIED.);
#64=B_SPLINE_CURVE_WITH_KNOTS('',3,(#14122,#14123,#14124,#14125,#14126,
#14127),.UNSPECIFIED.,.F.,.F.,(4,1,1,4),(0.,0.107120422445824,0.209649260563213,
0.280482317251727),.UNSPECIFIED.);
#65=B_SPLINE_CURVE_WITH_KNOTS('',3,(#14181,#14182,#14183,#14184,#14185,
#14186,#14187,#14188,#14189,#14190,#14191,#14192,#14193,#14194,#14195,#14196,
#14197,#14198,#14199),.UNSPECIFIED.,.F.,.F.,(4,1,1,1,1,1,1,1,1,1,1,1,1,
1,1,1,4),(0.,0.0661945349694594,0.129362366390002,0.190794767484832,0.250524502823532,
0.308782470855287,0.366645188797978,0.423721630441529,0.481910521869634,
0.540044499877194,0.599083026968828,0.659656408309518,0.721688575394026,
0.786832951547419,0.854048925157287,0.9253021916126,1.),.UNSPECIFIED.);
#66=B_SPLINE_CURVE_WITH_KNOTS('',3,(#14675,#14676,#14677,#14678,#14679,
#14680,#14681,#14682,#14683,#14684,#14685,#14686,#14687,#14688,#14689,#14690,
#14691,#14692,#14693),.UNSPECIFIED.,.F.,.F.,(4,1,1,1,1,1,1,1,1,1,1,1,1,
1,1,1,4),(0.,0.0915904860935318,0.174865068009522,0.249829138619752,0.316160128744553,
0.374099921022652,0.423769714957037,0.464839405254223,0.498074587609845,
0.554160745985683,0.607387540232787,0.658015758767972,0.706818500350452,
0.760885579243507,0.827647236346761,0.907100422568634,1.),.UNSPECIFIED.);
#67=B_SPLINE_CURVE_WITH_KNOTS('',3,(#14926,#14927,#14928,#14929,#14930,
#14931,#14932,#14933),.UNSPECIFIED.,.F.,.F.,(4,2,2,4),(0.592883217914562,
0.594356699314484,0.649390340730092,0.7044239821457),.UNSPECIFIED.);
#68=B_SPLINE_CURVE_WITH_KNOTS('',3,(#14936,#14937,#14938,#14939,#14940,
#14941,#14942,#14943,#14944,#14945,#14946,#14947,#14948,#14949,#14950,#14951,
#14952,#14953,#14954,#14955,#14956,#14957,#14958,#14959,#14960,#14961,#14962),
 .UNSPECIFIED.,.F.,.F.,(4,2,2,2,2,3,2,2,2,2,2,2,4),(0.7044239821457,0.76165722729832,
0.81889047245094,0.876098769448585,0.90121841966595,0.926338069883315,0.98902849063739,
1.05171891139146,1.12096332415226,1.19020773691306,1.24452808177757,1.29884842664208,
1.30028747250214),.UNSPECIFIED.);
#69=B_SPLINE_CURVE_WITH_KNOTS('',3,(#15391,#15392,#15393,#15394),
 .UNSPECIFIED.,.F.,.F.,(4,4),(0.,1.),.UNSPECIFIED.);
#70=B_SPLINE_CURVE_WITH_KNOTS('',3,(#15791,#15792,#15793,#15794,#15795,
#15796,#15797,#15798,#15799,#15800,#15801,#15802,#15803,#15804,#15805,#15806,
#15807,#15808),.UNSPECIFIED.,.F.,.F.,(4,2,2,2,2,2,2,2,4),(0.0332394587396215,
0.0372457760762211,0.0496610347682948,0.0560752099994609,0.0577062295072751,
0.0589748783856142,0.0622674118398706,0.0751199062879585,0.0808042884917389),
 .UNSPECIFIED.);
#71=B_SPLINE_CURVE_WITH_KNOTS('',3,(#15863,#15864,#15865,#15866,#15867,
#15868,#15869,#15870,#15871,#15872,#15873,#15874,#15875,#15876,#15877,#15878,
#15879,#15880,#15881,#15882),.UNSPECIFIED.,.F.,.F.,(4,2,2,2,2,2,2,2,2,4),
(0.892977202696699,0.893250694456358,0.899823971608017,0.906397248759675,
0.908201863706881,0.909840957819305,0.913300491541944,0.920337238885889,
0.926914980426799,0.930463514027861),.UNSPECIFIED.);
#72=B_SPLINE_CURVE_WITH_KNOTS('',3,(#16004,#16005,#16006,#16007,#16008,
#16009,#16010,#16011),.UNSPECIFIED.,.F.,.F.,(4,2,2,4),(-0.304689620639201,
-0.274410698864196,-0.259271237976693,-0.253772392143837),.UNSPECIFIED.);
#73=B_SPLINE_SURFACE_WITH_KNOTS('',3,1,((#13023,#13024),(#13025,#13026),
(#13027,#13028),(#13029,#13030),(#13031,#13032),(#13033,#13034),(#13035,
#13036),(#13037,#13038),(#13039,#13040),(#13041,#13042),(#13043,#13044),
(#13045,#13046),(#13047,#13048),(#13049,#13050),(#13051,#13052),(#13053,
#13054),(#13055,#13056),(#13057,#13058),(#13059,#13060),(#13061,#13062),
(#13063,#13064)),.UNSPECIFIED.,.F.,.F.,.F.,(4,3,1,1,1,1,1,1,1,1,1,1,1,3,
4),(2,2),(-18.7347406350995,0.,0.107120422445824,0.209649260563213,0.307658184586046,
0.402218569484174,0.451671994428748,0.50877915009875,0.572757208387167,
0.643659616210917,0.721852346671437,0.807549466500057,0.900259269050791,
1.,6.6513074817634),(-1.8753317087537,0.0400000000000058),.UNSPECIFIED.);
#74=B_SPLINE_SURFACE_WITH_KNOTS('',3,1,((#13139,#13140),(#13141,#13142),
(#13143,#13144),(#13145,#13146),(#13147,#13148),(#13149,#13150),(#13151,
#13152),(#13153,#13154),(#13155,#13156),(#13157,#13158),(#13159,#13160),
(#13161,#13162),(#13163,#13164),(#13165,#13166),(#13167,#13168),(#13169,
#13170),(#13171,#13172),(#13173,#13174),(#13175,#13176),(#13177,#13178),
(#13179,#13180),(#13181,#13182),(#13183,#13184),(#13185,#13186),(#13187,
#13188),(#13189,#13190),(#13191,#13192),(#13193,#13194),(#13195,#13196),
(#13197,#13198),(#13199,#13200),(#13201,#13202),(#13203,#13204)),
 .UNSPECIFIED.,.F.,.F.,.F.,(4,3,1,1,1,1,1,1,1,1,1,1,1,1,1,1,1,1,1,1,1,1,
1,1,1,3,4),(2,2),(-6.12668602058104,0.,0.0698261684989945,0.134567806444184,
0.194654678730896,0.24972729369505,0.300288627467714,0.34603210536811,0.38743754873149,
0.42431585137513,0.459073088918845,0.49324482605985,0.527114100355335,0.561038568476299,
0.595222035717932,0.629875307437025,0.664986390335475,0.701285794323348,
0.737967895738206,0.774261777084267,0.810850862206607,0.847269717789789,
0.884508626475089,0.922310282001034,0.960504075905686,1.,11.5641605342058),
(-1.86438075951912,0.0400000000000051),.UNSPECIFIED.);
#75=B_SPLINE_SURFACE_WITH_KNOTS('',3,1,((#14031,#14032),(#14033,#14034),
(#14035,#14036),(#14037,#14038),(#14039,#14040),(#14041,#14042),(#14043,
#14044),(#14045,#14046),(#14047,#14048),(#14049,#14050),(#14051,#14052),
(#14053,#14054),(#14055,#14056),(#14057,#14058),(#14059,#14060),(#14061,
#14062),(#14063,#14064)),.UNSPECIFIED.,.F.,.F.,.F.,(4,3,1,1,1,1,1,1,1,3,
4),(2,2),(-33.3122283765529,0.,0.132872245079462,0.256355572112302,0.37278753262008,
0.488671198694281,0.607002184512837,0.728890297253907,0.858317691302788,
1.,25.4231085676702),(-1.86496532229846,0.040000000000002),
 .UNSPECIFIED.);
#76=B_SPLINE_SURFACE_WITH_KNOTS('',3,1,((#14079,#14080),(#14081,#14082),
(#14083,#14084),(#14085,#14086),(#14087,#14088),(#14089,#14090),(#14091,
#14092),(#14093,#14094),(#14095,#14096),(#14097,#14098),(#14099,#14100),
(#14101,#14102),(#14103,#14104),(#14105,#14106),(#14107,#14108),(#14109,
#14110),(#14111,#14112),(#14113,#14114),(#14115,#14116),(#14117,#14118),
(#14119,#14120)),.UNSPECIFIED.,.F.,.F.,.F.,(4,3,1,1,1,1,1,1,1,1,1,1,1,3,
4),(2,2),(-18.7347406350995,0.,0.107120422445824,0.209649260563213,0.307658184586046,
0.402218569484174,0.451671994428748,0.50877915009875,0.572757208387167,
0.643659616210917,0.721852346671437,0.807549466500057,0.900259269050791,
1.,6.6513074817634),(-1.8753317087537,0.0400000000000058),.UNSPECIFIED.);
#77=B_SPLINE_SURFACE_WITH_KNOTS('',3,1,((#14131,#14132),(#14133,#14134),
(#14135,#14136),(#14137,#14138),(#14139,#14140),(#14141,#14142),(#14143,
#14144),(#14145,#14146),(#14147,#14148),(#14149,#14150),(#14151,#14152),
(#14153,#14154),(#14155,#14156),(#14157,#14158),(#14159,#14160),(#14161,
#14162),(#14163,#14164),(#14165,#14166),(#14167,#14168),(#14169,#14170),
(#14171,#14172),(#14173,#14174),(#14175,#14176),(#14177,#14178),(#14179,
#14180)),.UNSPECIFIED.,.F.,.F.,.F.,(4,3,1,1,1,1,1,1,1,1,1,1,1,1,1,1,1,3,
4),(2,2),(-5.23130678137494,0.,0.0661945349694594,0.129362366390002,0.190794767484832,
0.250524502823532,0.308782470855287,0.366645188797978,0.423721630441529,
0.481910521869634,0.540044499877194,0.599083026968828,0.659656408309518,
0.721688575394026,0.786832951547419,0.854048925157287,0.9253021916126,1.,
13.1296670163196),(-1.85304046575997,0.04),.UNSPECIFIED.);
#78=B_SPLINE_SURFACE_WITH_KNOTS('',3,1,((#16108,#16109),(#16110,#16111),
(#16112,#16113),(#16114,#16115),(#16116,#16117),(#16118,#16119),(#16120,
#16121),(#16122,#16123),(#16124,#16125),(#16126,#16127),(#16128,#16129),
(#16130,#16131),(#16132,#16133),(#16134,#16135),(#16136,#16137),(#16138,
#16139),(#16140,#16141),(#16142,#16143),(#16144,#16145),(#16146,#16147),
(#16148,#16149),(#16150,#16151),(#16152,#16153),(#16154,#16155),(#16156,
#16157)),.UNSPECIFIED.,.F.,.F.,.F.,(4,3,1,1,1,1,1,1,1,1,1,1,1,1,1,1,1,3,
4),(2,2),(-8.69474995006498,0.,0.0915904860935318,0.174865068009522,0.249829138619752,
0.316160128744553,0.374099921022652,0.423769714957037,0.464839405254223,
0.498074587609845,0.554160745985683,0.607387540232787,0.658015758767972,
0.706818500350452,0.760885579243507,0.827647236346761,0.907100422568634,
1.,6.18916686526386),(-2.21005223673816,0.0400000000000009),
 .UNSPECIFIED.);
#79=CIRCLE('',#9825,7.675);
#80=CIRCLE('',#9831,7.675);
#81=CIRCLE('',#9833,7.675);
#82=CIRCLE('',#9836,1.50000000000296);
#83=CIRCLE('',#9839,1.99999999999189);
#84=CIRCLE('',#9840,1.98999999999819);
#85=CIRCLE('',#9843,1.64999999999691);
#86=CIRCLE('',#9844,1.64999999999691);
#87=CIRCLE('',#9845,1.65);
#88=CIRCLE('',#9850,7.675);
#89=CIRCLE('',#9860,1.5);
#90=CIRCLE('',#9861,1.5);
#91=CIRCLE('',#9862,0.199999999999999);
#92=CIRCLE('',#9866,1.5);
#93=CIRCLE('',#9867,1.5);
#94=CIRCLE('',#9870,1.5);
#95=CIRCLE('',#9871,1.5);
#96=CIRCLE('',#9872,1.65);
#97=CIRCLE('',#9881,7.675);
#98=CIRCLE('',#9882,7.675);
#99=CIRCLE('',#9883,7.675);
#100=CIRCLE('',#9884,7.675);
#101=CIRCLE('',#9885,7.675);
#102=CIRCLE('',#9886,7.675);
#103=CIRCLE('',#9887,7.675);
#104=CIRCLE('',#9889,7.675);
#105=CIRCLE('',#9896,2.66666666666174);
#106=CIRCLE('',#9907,1.65);
#107=CIRCLE('',#9911,1.65);
#108=CIRCLE('',#9913,1.65);
#109=CIRCLE('',#9924,5.);
#110=CIRCLE('',#9925,5.2);
#111=CIRCLE('',#9934,1.5);
#112=CIRCLE('',#9935,0.2);
#113=CIRCLE('',#9936,1.5);
#114=CIRCLE('',#9949,1.65);
#115=CIRCLE('',#9953,1.7);
#116=CIRCLE('',#9954,1.7);
#117=CIRCLE('',#9958,7.675);
#118=CIRCLE('',#9959,7.675);
#119=CIRCLE('',#9960,7.675);
#120=CIRCLE('',#9961,7.675);
#121=CIRCLE('',#9962,7.675);
#122=CIRCLE('',#9963,7.675);
#123=CIRCLE('',#9964,7.675);
#124=CIRCLE('',#9965,7.675);
#125=CIRCLE('',#9966,7.675);
#126=CIRCLE('',#9967,7.675);
#127=CIRCLE('',#9971,1.5);
#128=CIRCLE('',#9972,1.5);
#129=CIRCLE('',#9973,2.);
#130=CIRCLE('',#9974,1.92500000001598);
#131=CIRCLE('',#9975,1.7);
#132=CIRCLE('',#9976,2.66666666666265);
#133=CIRCLE('',#9977,1.92500000002622);
#134=CIRCLE('',#9978,1.7);
#135=CIRCLE('',#9979,1.65);
#136=CIRCLE('',#9981,1.7);
#137=CIRCLE('',#9983,1.7);
#138=CIRCLE('',#9986,9.);
#139=CIRCLE('',#9987,10.8);
#140=CIRCLE('',#9989,9.);
#141=CIRCLE('',#9991,9.);
#142=CIRCLE('',#9992,10.8);
#143=CIRCLE('',#9994,9.);
#144=CIRCLE('',#9997,2.);
#145=CIRCLE('',#9999,5.);
#146=CIRCLE('',#10001,1.5);
#147=CIRCLE('',#10002,1.5);
#148=CIRCLE('',#10003,1.5);
#149=CIRCLE('',#10004,1.5);
#150=CIRCLE('',#10007,10.8);
#151=CIRCLE('',#10011,10.8);
#152=CIRCLE('',#10015,1.65);
#153=CIRCLE('',#10017,1.65);
#154=CIRCLE('',#10018,1.65);
#155=CIRCLE('',#10019,1.65);
#156=CIRCLE('',#10020,1.65);
#157=CIRCLE('',#10022,1.7);
#158=CIRCLE('',#10023,1.7);
#159=CIRCLE('',#10024,1.7);
#160=CIRCLE('',#10025,1.7);
#161=CIRCLE('',#10026,1.7);
#162=CIRCLE('',#10027,1.7);
#163=CIRCLE('',#10028,1.7);
#164=CIRCLE('',#10029,1.7);
#165=CIRCLE('',#10030,1.7);
#166=CIRCLE('',#10032,1.7);
#167=CIRCLE('',#10033,1.7);
#168=CIRCLE('',#10034,1.7);
#169=CIRCLE('',#10035,1.7);
#170=CIRCLE('',#10036,1.7);
#171=CIRCLE('',#10037,1.7);
#172=CIRCLE('',#10038,1.7);
#173=CIRCLE('',#10039,1.7);
#174=CIRCLE('',#10040,1.7);
#175=CIRCLE('',#10042,1.9999999999928);
#176=CIRCLE('',#10046,1.65000000000714);
#177=CIRCLE('',#10047,1.65000000000714);
#178=CIRCLE('',#10049,1.50000000000387);
#179=CIRCLE('',#10050,1.9899999999991);
#180=CIRCLE('',#10052,1.65);
#181=CIRCLE('',#10054,1.40000000000816);
#182=CIRCLE('',#10055,1.62499999999716);
#183=CIRCLE('',#10059,1.65);
#184=CIRCLE('',#10060,1.65);
#185=CIRCLE('',#10061,1.65);
#186=CIRCLE('',#10194,1.5);
#187=CIRCLE('',#10212,3.);
#188=CIRCLE('',#10282,1.5);
#189=CIRCLE('',#10283,1.5);
#190=CIRCLE('',#10311,5.2);
#191=CIRCLE('',#10314,1.5);
#192=CIRCLE('',#10326,5509.10108620596);
#193=CIRCLE('',#10349,1.5);
#194=CIRCLE('',#10350,1.5);
#195=CIRCLE('',#10432,7.675);
#196=ORIENTED_CLOSED_SHELL('',*,#9795,.F.);
#197=ORIENTED_CLOSED_SHELL('',*,#9797,.F.);
#198=ORIENTED_CLOSED_SHELL('',*,#9798,.F.);
#199=BREP_WITH_VOIDS('Corps2',#9796,(#196,#197,#198));
#200=STYLED_ITEM('',(#16262),#203);
#201=STYLED_ITEM('',(#16262),#199);
#202=STYLED_ITEM('',(#16262),#204);
#203=MANIFOLD_SOLID_BREP('Corps1',#9794);
#204=MANIFOLD_SOLID_BREP('Corps3',#9799);
#205=CYLINDRICAL_SURFACE('',#9815,0.200000000000001);
#206=CYLINDRICAL_SURFACE('',#9842,1.65);
#207=CYLINDRICAL_SURFACE('',#9880,7.675);
#208=CYLINDRICAL_SURFACE('',#9948,1.65);
#209=CYLINDRICAL_SURFACE('',#9957,7.675);
#210=CYLINDRICAL_SURFACE('',#9988,9.);
#211=CYLINDRICAL_SURFACE('',#9993,9.);
#212=CYLINDRICAL_SURFACE('',#10006,10.8);
#213=CYLINDRICAL_SURFACE('',#10008,1.7);
#214=CYLINDRICAL_SURFACE('',#10009,1.7);
#215=CYLINDRICAL_SURFACE('',#10012,10.8);
#216=CYLINDRICAL_SURFACE('',#10014,1.65);
#217=CYLINDRICAL_SURFACE('',#10016,1.65);
#218=CYLINDRICAL_SURFACE('',#10021,1.7);
#219=CYLINDRICAL_SURFACE('',#10031,1.7);
#220=CYLINDRICAL_SURFACE('',#10043,1.5);
#221=CYLINDRICAL_SURFACE('',#10051,1.65);
#222=CYLINDRICAL_SURFACE('',#10056,1.4);
#223=CYLINDRICAL_SURFACE('',#10058,1.65);
#224=CYLINDRICAL_SURFACE('',#10182,3.);
#225=CYLINDRICAL_SURFACE('',#10184,3.);
#226=CYLINDRICAL_SURFACE('',#10193,1.5);
#227=CYLINDRICAL_SURFACE('',#10211,3.);
#228=CYLINDRICAL_SURFACE('',#10214,3.);
#229=CYLINDRICAL_SURFACE('',#10273,1.5);
#230=CYLINDRICAL_SURFACE('',#10274,1.5);
#231=CYLINDRICAL_SURFACE('',#10306,0.2);
#232=CYLINDRICAL_SURFACE('',#10312,5.2);
#233=CYLINDRICAL_SURFACE('',#10315,1.5);
#234=CYLINDRICAL_SURFACE('',#10316,0.200000000000001);
#235=CYLINDRICAL_SURFACE('',#10325,0.200000000000001);
#236=CYLINDRICAL_SURFACE('',#10327,0.199999999999999);
#237=CYLINDRICAL_SURFACE('',#10335,2.);
#238=CYLINDRICAL_SURFACE('',#10336,1.5);
#239=CYLINDRICAL_SURFACE('',#10338,1.5);
#240=CYLINDRICAL_SURFACE('',#10354,1.5);
#241=CYLINDRICAL_SURFACE('',#10356,1.5);
#242=CYLINDRICAL_SURFACE('',#10376,1.5);
#243=CYLINDRICAL_SURFACE('',#10377,5.);
#244=CYLINDRICAL_SURFACE('',#10430,7.675);
#245=FACE_OUTER_BOUND('',#729,.T.);
#246=FACE_OUTER_BOUND('',#730,.T.);
#247=FACE_OUTER_BOUND('',#731,.T.);
#248=FACE_OUTER_BOUND('',#732,.T.);
#249=FACE_OUTER_BOUND('',#733,.T.);
#250=FACE_OUTER_BOUND('',#734,.T.);
#251=FACE_OUTER_BOUND('',#735,.T.);
#252=FACE_OUTER_BOUND('',#736,.T.);
#253=FACE_OUTER_BOUND('',#737,.T.);
#254=FACE_OUTER_BOUND('',#738,.T.);
#255=FACE_OUTER_BOUND('',#739,.T.);
#256=FACE_OUTER_BOUND('',#740,.T.);
#257=FACE_OUTER_BOUND('',#741,.T.);
#258=FACE_OUTER_BOUND('',#742,.T.);
#259=FACE_OUTER_BOUND('',#743,.T.);
#260=FACE_OUTER_BOUND('',#744,.T.);
#261=FACE_OUTER_BOUND('',#745,.T.);
#262=FACE_OUTER_BOUND('',#746,.T.);
#263=FACE_OUTER_BOUND('',#747,.T.);
#264=FACE_OUTER_BOUND('',#748,.T.);
#265=FACE_OUTER_BOUND('',#750,.T.);
#266=FACE_OUTER_BOUND('',#751,.T.);
#267=FACE_OUTER_BOUND('',#752,.T.);
#268=FACE_OUTER_BOUND('',#753,.T.);
#269=FACE_OUTER_BOUND('',#754,.T.);
#270=FACE_OUTER_BOUND('',#755,.T.);
#271=FACE_OUTER_BOUND('',#756,.T.);
#272=FACE_OUTER_BOUND('',#757,.T.);
#273=FACE_OUTER_BOUND('',#758,.T.);
#274=FACE_OUTER_BOUND('',#759,.T.);
#275=FACE_OUTER_BOUND('',#760,.T.);
#276=FACE_OUTER_BOUND('',#761,.T.);
#277=FACE_OUTER_BOUND('',#762,.T.);
#278=FACE_OUTER_BOUND('',#763,.T.);
#279=FACE_OUTER_BOUND('',#764,.T.);
#280=FACE_OUTER_BOUND('',#765,.T.);
#281=FACE_OUTER_BOUND('',#767,.T.);
#282=FACE_OUTER_BOUND('',#768,.T.);
#283=FACE_OUTER_BOUND('',#769,.T.);
#284=FACE_OUTER_BOUND('',#770,.T.);
#285=FACE_OUTER_BOUND('',#771,.T.);
#286=FACE_OUTER_BOUND('',#772,.T.);
#287=FACE_OUTER_BOUND('',#773,.T.);
#288=FACE_OUTER_BOUND('',#775,.T.);
#289=FACE_OUTER_BOUND('',#776,.T.);
#290=FACE_OUTER_BOUND('',#777,.T.);
#291=FACE_OUTER_BOUND('',#778,.T.);
#292=FACE_OUTER_BOUND('',#779,.T.);
#293=FACE_OUTER_BOUND('',#780,.T.);
#294=FACE_OUTER_BOUND('',#782,.T.);
#295=FACE_OUTER_BOUND('',#783,.T.);
#296=FACE_OUTER_BOUND('',#785,.T.);
#297=FACE_OUTER_BOUND('',#786,.T.);
#298=FACE_OUTER_BOUND('',#787,.T.);
#299=FACE_OUTER_BOUND('',#788,.T.);
#300=FACE_OUTER_BOUND('',#789,.T.);
#301=FACE_OUTER_BOUND('',#790,.T.);
#302=FACE_OUTER_BOUND('',#791,.T.);
#303=FACE_OUTER_BOUND('',#792,.T.);
#304=FACE_OUTER_BOUND('',#793,.T.);
#305=FACE_OUTER_BOUND('',#794,.T.);
#306=FACE_OUTER_BOUND('',#795,.T.);
#307=FACE_OUTER_BOUND('',#796,.T.);
#308=FACE_OUTER_BOUND('',#797,.T.);
#309=FACE_OUTER_BOUND('',#798,.T.);
#310=FACE_OUTER_BOUND('',#799,.T.);
#311=FACE_OUTER_BOUND('',#800,.T.);
#312=FACE_OUTER_BOUND('',#801,.T.);
#313=FACE_OUTER_BOUND('',#802,.T.);
#314=FACE_OUTER_BOUND('',#803,.T.);
#315=FACE_OUTER_BOUND('',#804,.T.);
#316=FACE_OUTER_BOUND('',#805,.T.);
#317=FACE_OUTER_BOUND('',#806,.T.);
#318=FACE_OUTER_BOUND('',#807,.T.);
#319=FACE_OUTER_BOUND('',#808,.T.);
#320=FACE_OUTER_BOUND('',#809,.T.);
#321=FACE_OUTER_BOUND('',#810,.T.);
#322=FACE_OUTER_BOUND('',#811,.T.);
#323=FACE_OUTER_BOUND('',#812,.T.);
#324=FACE_OUTER_BOUND('',#813,.T.);
#325=FACE_OUTER_BOUND('',#814,.T.);
#326=FACE_OUTER_BOUND('',#815,.T.);
#327=FACE_OUTER_BOUND('',#816,.T.);
#328=FACE_OUTER_BOUND('',#817,.T.);
#329=FACE_OUTER_BOUND('',#818,.T.);
#330=FACE_OUTER_BOUND('',#819,.T.);
#331=FACE_OUTER_BOUND('',#820,.T.);
#332=FACE_OUTER_BOUND('',#822,.T.);
#333=FACE_OUTER_BOUND('',#825,.T.);
#334=FACE_OUTER_BOUND('',#828,.T.);
#335=FACE_OUTER_BOUND('',#829,.T.);
#336=FACE_OUTER_BOUND('',#832,.T.);
#337=FACE_OUTER_BOUND('',#833,.T.);
#338=FACE_OUTER_BOUND('',#834,.T.);
#339=FACE_OUTER_BOUND('',#835,.T.);
#340=FACE_OUTER_BOUND('',#846,.T.);
#341=FACE_OUTER_BOUND('',#848,.T.);
#342=FACE_OUTER_BOUND('',#850,.T.);
#343=FACE_OUTER_BOUND('',#851,.T.);
#344=FACE_OUTER_BOUND('',#852,.T.);
#345=FACE_OUTER_BOUND('',#853,.T.);
#346=FACE_OUTER_BOUND('',#854,.T.);
#347=FACE_OUTER_BOUND('',#855,.T.);
#348=FACE_OUTER_BOUND('',#856,.T.);
#349=FACE_OUTER_BOUND('',#857,.T.);
#350=FACE_OUTER_BOUND('',#858,.T.);
#351=FACE_OUTER_BOUND('',#859,.T.);
#352=FACE_OUTER_BOUND('',#860,.T.);
#353=FACE_OUTER_BOUND('',#861,.T.);
#354=FACE_OUTER_BOUND('',#862,.T.);
#355=FACE_OUTER_BOUND('',#863,.T.);
#356=FACE_OUTER_BOUND('',#864,.T.);
#357=FACE_OUTER_BOUND('',#865,.T.);
#358=FACE_OUTER_BOUND('',#866,.T.);
#359=FACE_OUTER_BOUND('',#867,.T.);
#360=FACE_OUTER_BOUND('',#868,.T.);
#361=FACE_OUTER_BOUND('',#869,.T.);
#362=FACE_OUTER_BOUND('',#870,.T.);
#363=FACE_OUTER_BOUND('',#871,.T.);
#364=FACE_OUTER_BOUND('',#872,.T.);
#365=FACE_OUTER_BOUND('',#873,.T.);
#366=FACE_OUTER_BOUND('',#874,.T.);
#367=FACE_OUTER_BOUND('',#875,.T.);
#368=FACE_OUTER_BOUND('',#876,.T.);
#369=FACE_OUTER_BOUND('',#877,.T.);
#370=FACE_OUTER_BOUND('',#878,.T.);
#371=FACE_OUTER_BOUND('',#879,.T.);
#372=FACE_OUTER_BOUND('',#880,.T.);
#373=FACE_OUTER_BOUND('',#881,.T.);
#374=FACE_OUTER_BOUND('',#882,.T.);
#375=FACE_OUTER_BOUND('',#883,.T.);
#376=FACE_OUTER_BOUND('',#884,.T.);
#377=FACE_OUTER_BOUND('',#885,.T.);
#378=FACE_OUTER_BOUND('',#886,.T.);
#379=FACE_OUTER_BOUND('',#887,.T.);
#380=FACE_OUTER_BOUND('',#888,.T.);
#381=FACE_OUTER_BOUND('',#889,.T.);
#382=FACE_OUTER_BOUND('',#890,.T.);
#383=FACE_OUTER_BOUND('',#891,.T.);
#384=FACE_OUTER_BOUND('',#892,.T.);
#385=FACE_OUTER_BOUND('',#893,.T.);
#386=FACE_OUTER_BOUND('',#894,.T.);
#387=FACE_OUTER_BOUND('',#895,.T.);
#388=FACE_OUTER_BOUND('',#896,.T.);
#389=FACE_OUTER_BOUND('',#897,.T.);
#390=FACE_OUTER_BOUND('',#898,.T.);
#391=FACE_OUTER_BOUND('',#899,.T.);
#392=FACE_OUTER_BOUND('',#900,.T.);
#393=FACE_OUTER_BOUND('',#901,.T.);
#394=FACE_OUTER_BOUND('',#902,.T.);
#395=FACE_OUTER_BOUND('',#903,.T.);
#396=FACE_OUTER_BOUND('',#904,.T.);
#397=FACE_OUTER_BOUND('',#905,.T.);
#398=FACE_OUTER_BOUND('',#906,.T.);
#399=FACE_OUTER_BOUND('',#907,.T.);
#400=FACE_OUTER_BOUND('',#908,.T.);
#401=FACE_OUTER_BOUND('',#909,.T.);
#402=FACE_OUTER_BOUND('',#910,.T.);
#403=FACE_OUTER_BOUND('',#911,.T.);
#404=FACE_OUTER_BOUND('',#912,.T.);
#405=FACE_OUTER_BOUND('',#913,.T.);
#406=FACE_OUTER_BOUND('',#914,.T.);
#407=FACE_OUTER_BOUND('',#915,.T.);
#408=FACE_OUTER_BOUND('',#916,.T.);
#409=FACE_OUTER_BOUND('',#917,.T.);
#410=FACE_OUTER_BOUND('',#918,.T.);
#411=FACE_OUTER_BOUND('',#919,.T.);
#412=FACE_OUTER_BOUND('',#920,.T.);
#413=FACE_OUTER_BOUND('',#921,.T.);
#414=FACE_OUTER_BOUND('',#922,.T.);
#415=FACE_OUTER_BOUND('',#923,.T.);
#416=FACE_OUTER_BOUND('',#924,.T.);
#417=FACE_OUTER_BOUND('',#925,.T.);
#418=FACE_OUTER_BOUND('',#926,.T.);
#419=FACE_OUTER_BOUND('',#927,.T.);
#420=FACE_OUTER_BOUND('',#928,.T.);
#421=FACE_OUTER_BOUND('',#929,.T.);
#422=FACE_OUTER_BOUND('',#930,.T.);
#423=FACE_OUTER_BOUND('',#931,.T.);
#424=FACE_OUTER_BOUND('',#932,.T.);
#425=FACE_OUTER_BOUND('',#933,.T.);
#426=FACE_OUTER_BOUND('',#934,.T.);
#427=FACE_OUTER_BOUND('',#935,.T.);
#428=FACE_OUTER_BOUND('',#936,.T.);
#429=FACE_OUTER_BOUND('',#937,.T.);
#430=FACE_OUTER_BOUND('',#938,.T.);
#431=FACE_OUTER_BOUND('',#939,.T.);
#432=FACE_OUTER_BOUND('',#940,.T.);
#433=FACE_OUTER_BOUND('',#941,.T.);
#434=FACE_OUTER_BOUND('',#942,.T.);
#435=FACE_OUTER_BOUND('',#943,.T.);
#436=FACE_OUTER_BOUND('',#944,.T.);
#437=FACE_OUTER_BOUND('',#945,.T.);
#438=FACE_OUTER_BOUND('',#946,.T.);
#439=FACE_OUTER_BOUND('',#947,.T.);
#440=FACE_OUTER_BOUND('',#948,.T.);
#441=FACE_OUTER_BOUND('',#949,.T.);
#442=FACE_OUTER_BOUND('',#950,.T.);
#443=FACE_OUTER_BOUND('',#951,.T.);
#444=FACE_OUTER_BOUND('',#952,.T.);
#445=FACE_OUTER_BOUND('',#953,.T.);
#446=FACE_OUTER_BOUND('',#954,.T.);
#447=FACE_OUTER_BOUND('',#955,.T.);
#448=FACE_OUTER_BOUND('',#956,.T.);
#449=FACE_OUTER_BOUND('',#957,.T.);
#450=FACE_OUTER_BOUND('',#958,.T.);
#451=FACE_OUTER_BOUND('',#959,.T.);
#452=FACE_OUTER_BOUND('',#960,.T.);
#453=FACE_OUTER_BOUND('',#961,.T.);
#454=FACE_OUTER_BOUND('',#962,.T.);
#455=FACE_OUTER_BOUND('',#963,.T.);
#456=FACE_OUTER_BOUND('',#964,.T.);
#457=FACE_OUTER_BOUND('',#965,.T.);
#458=FACE_OUTER_BOUND('',#966,.T.);
#459=FACE_OUTER_BOUND('',#967,.T.);
#460=FACE_OUTER_BOUND('',#968,.T.);
#461=FACE_OUTER_BOUND('',#969,.T.);
#462=FACE_OUTER_BOUND('',#970,.T.);
#463=FACE_OUTER_BOUND('',#971,.T.);
#464=FACE_OUTER_BOUND('',#972,.T.);
#465=FACE_OUTER_BOUND('',#973,.T.);
#466=FACE_OUTER_BOUND('',#974,.T.);
#467=FACE_OUTER_BOUND('',#975,.T.);
#468=FACE_OUTER_BOUND('',#976,.T.);
#469=FACE_OUTER_BOUND('',#977,.T.);
#470=FACE_OUTER_BOUND('',#978,.T.);
#471=FACE_OUTER_BOUND('',#979,.T.);
#472=FACE_OUTER_BOUND('',#980,.T.);
#473=FACE_OUTER_BOUND('',#981,.T.);
#474=FACE_OUTER_BOUND('',#982,.T.);
#475=FACE_OUTER_BOUND('',#983,.T.);
#476=FACE_OUTER_BOUND('',#984,.T.);
#477=FACE_OUTER_BOUND('',#985,.T.);
#478=FACE_OUTER_BOUND('',#986,.T.);
#479=FACE_OUTER_BOUND('',#987,.T.);
#480=FACE_OUTER_BOUND('',#988,.T.);
#481=FACE_OUTER_BOUND('',#989,.T.);
#482=FACE_OUTER_BOUND('',#990,.T.);
#483=FACE_OUTER_BOUND('',#991,.T.);
#484=FACE_OUTER_BOUND('',#992,.T.);
#485=FACE_OUTER_BOUND('',#993,.T.);
#486=FACE_OUTER_BOUND('',#994,.T.);
#487=FACE_OUTER_BOUND('',#995,.T.);
#488=FACE_OUTER_BOUND('',#996,.T.);
#489=FACE_OUTER_BOUND('',#997,.T.);
#490=FACE_OUTER_BOUND('',#998,.T.);
#491=FACE_OUTER_BOUND('',#999,.T.);
#492=FACE_OUTER_BOUND('',#1000,.T.);
#493=FACE_OUTER_BOUND('',#1001,.T.);
#494=FACE_OUTER_BOUND('',#1002,.T.);
#495=FACE_OUTER_BOUND('',#1003,.T.);
#496=FACE_OUTER_BOUND('',#1004,.T.);
#497=FACE_OUTER_BOUND('',#1005,.T.);
#498=FACE_OUTER_BOUND('',#1006,.T.);
#499=FACE_OUTER_BOUND('',#1007,.T.);
#500=FACE_OUTER_BOUND('',#1008,.T.);
#501=FACE_OUTER_BOUND('',#1009,.T.);
#502=FACE_OUTER_BOUND('',#1010,.T.);
#503=FACE_OUTER_BOUND('',#1011,.T.);
#504=FACE_OUTER_BOUND('',#1012,.T.);
#505=FACE_OUTER_BOUND('',#1013,.T.);
#506=FACE_OUTER_BOUND('',#1014,.T.);
#507=FACE_OUTER_BOUND('',#1015,.T.);
#508=FACE_OUTER_BOUND('',#1016,.T.);
#509=FACE_OUTER_BOUND('',#1017,.T.);
#510=FACE_OUTER_BOUND('',#1018,.T.);
#511=FACE_OUTER_BOUND('',#1019,.T.);
#512=FACE_OUTER_BOUND('',#1020,.T.);
#513=FACE_OUTER_BOUND('',#1021,.T.);
#514=FACE_OUTER_BOUND('',#1022,.T.);
#515=FACE_OUTER_BOUND('',#1023,.T.);
#516=FACE_OUTER_BOUND('',#1024,.T.);
#517=FACE_OUTER_BOUND('',#1025,.T.);
#518=FACE_OUTER_BOUND('',#1026,.T.);
#519=FACE_OUTER_BOUND('',#1027,.T.);
#520=FACE_OUTER_BOUND('',#1028,.T.);
#521=FACE_OUTER_BOUND('',#1029,.T.);
#522=FACE_OUTER_BOUND('',#1030,.T.);
#523=FACE_OUTER_BOUND('',#1032,.T.);
#524=FACE_OUTER_BOUND('',#1033,.T.);
#525=FACE_OUTER_BOUND('',#1034,.T.);
#526=FACE_OUTER_BOUND('',#1035,.T.);
#527=FACE_OUTER_BOUND('',#1036,.T.);
#528=FACE_OUTER_BOUND('',#1037,.T.);
#529=FACE_OUTER_BOUND('',#1038,.T.);
#530=FACE_OUTER_BOUND('',#1039,.T.);
#531=FACE_OUTER_BOUND('',#1040,.T.);
#532=FACE_OUTER_BOUND('',#1041,.T.);
#533=FACE_OUTER_BOUND('',#1042,.T.);
#534=FACE_OUTER_BOUND('',#1043,.T.);
#535=FACE_OUTER_BOUND('',#1044,.T.);
#536=FACE_OUTER_BOUND('',#1045,.T.);
#537=FACE_OUTER_BOUND('',#1046,.T.);
#538=FACE_OUTER_BOUND('',#1047,.T.);
#539=FACE_OUTER_BOUND('',#1048,.T.);
#540=FACE_OUTER_BOUND('',#1049,.T.);
#541=FACE_OUTER_BOUND('',#1051,.T.);
#542=FACE_OUTER_BOUND('',#1053,.T.);
#543=FACE_OUTER_BOUND('',#1054,.T.);
#544=FACE_OUTER_BOUND('',#1055,.T.);
#545=FACE_OUTER_BOUND('',#1056,.T.);
#546=FACE_OUTER_BOUND('',#1057,.T.);
#547=FACE_OUTER_BOUND('',#1058,.T.);
#548=FACE_OUTER_BOUND('',#1059,.T.);
#549=FACE_OUTER_BOUND('',#1060,.T.);
#550=FACE_OUTER_BOUND('',#1061,.T.);
#551=FACE_OUTER_BOUND('',#1062,.T.);
#552=FACE_OUTER_BOUND('',#1063,.T.);
#553=FACE_OUTER_BOUND('',#1064,.T.);
#554=FACE_OUTER_BOUND('',#1065,.T.);
#555=FACE_OUTER_BOUND('',#1066,.T.);
#556=FACE_OUTER_BOUND('',#1067,.T.);
#557=FACE_OUTER_BOUND('',#1068,.T.);
#558=FACE_OUTER_BOUND('',#1069,.T.);
#559=FACE_OUTER_BOUND('',#1070,.T.);
#560=FACE_OUTER_BOUND('',#1071,.T.);
#561=FACE_OUTER_BOUND('',#1072,.T.);
#562=FACE_OUTER_BOUND('',#1073,.T.);
#563=FACE_OUTER_BOUND('',#1074,.T.);
#564=FACE_OUTER_BOUND('',#1075,.T.);
#565=FACE_OUTER_BOUND('',#1076,.T.);
#566=FACE_OUTER_BOUND('',#1077,.T.);
#567=FACE_OUTER_BOUND('',#1078,.T.);
#568=FACE_OUTER_BOUND('',#1079,.T.);
#569=FACE_OUTER_BOUND('',#1080,.T.);
#570=FACE_OUTER_BOUND('',#1081,.T.);
#571=FACE_OUTER_BOUND('',#1082,.T.);
#572=FACE_OUTER_BOUND('',#1083,.T.);
#573=FACE_OUTER_BOUND('',#1084,.T.);
#574=FACE_OUTER_BOUND('',#1085,.T.);
#575=FACE_OUTER_BOUND('',#1086,.T.);
#576=FACE_OUTER_BOUND('',#1087,.T.);
#577=FACE_OUTER_BOUND('',#1088,.T.);
#578=FACE_OUTER_BOUND('',#1089,.T.);
#579=FACE_OUTER_BOUND('',#1090,.T.);
#580=FACE_OUTER_BOUND('',#1091,.T.);
#581=FACE_OUTER_BOUND('',#1092,.T.);
#582=FACE_OUTER_BOUND('',#1093,.T.);
#583=FACE_OUTER_BOUND('',#1095,.T.);
#584=FACE_OUTER_BOUND('',#1096,.T.);
#585=FACE_OUTER_BOUND('',#1097,.T.);
#586=FACE_OUTER_BOUND('',#1098,.T.);
#587=FACE_OUTER_BOUND('',#1099,.T.);
#588=FACE_OUTER_BOUND('',#1100,.T.);
#589=FACE_OUTER_BOUND('',#1101,.T.);
#590=FACE_OUTER_BOUND('',#1102,.T.);
#591=FACE_OUTER_BOUND('',#1103,.T.);
#592=FACE_OUTER_BOUND('',#1104,.T.);
#593=FACE_OUTER_BOUND('',#1105,.T.);
#594=FACE_OUTER_BOUND('',#1106,.T.);
#595=FACE_OUTER_BOUND('',#1107,.T.);
#596=FACE_OUTER_BOUND('',#1108,.T.);
#597=FACE_OUTER_BOUND('',#1109,.T.);
#598=FACE_OUTER_BOUND('',#1110,.T.);
#599=FACE_OUTER_BOUND('',#1111,.T.);
#600=FACE_OUTER_BOUND('',#1112,.T.);
#601=FACE_OUTER_BOUND('',#1113,.T.);
#602=FACE_OUTER_BOUND('',#1114,.T.);
#603=FACE_OUTER_BOUND('',#1115,.T.);
#604=FACE_OUTER_BOUND('',#1116,.T.);
#605=FACE_OUTER_BOUND('',#1117,.T.);
#606=FACE_OUTER_BOUND('',#1118,.T.);
#607=FACE_OUTER_BOUND('',#1119,.T.);
#608=FACE_OUTER_BOUND('',#1120,.T.);
#609=FACE_OUTER_BOUND('',#1121,.T.);
#610=FACE_OUTER_BOUND('',#1122,.T.);
#611=FACE_OUTER_BOUND('',#1123,.T.);
#612=FACE_OUTER_BOUND('',#1124,.T.);
#613=FACE_OUTER_BOUND('',#1125,.T.);
#614=FACE_OUTER_BOUND('',#1126,.T.);
#615=FACE_OUTER_BOUND('',#1127,.T.);
#616=FACE_OUTER_BOUND('',#1128,.T.);
#617=FACE_OUTER_BOUND('',#1129,.T.);
#618=FACE_OUTER_BOUND('',#1130,.T.);
#619=FACE_OUTER_BOUND('',#1131,.T.);
#620=FACE_OUTER_BOUND('',#1132,.T.);
#621=FACE_OUTER_BOUND('',#1133,.T.);
#622=FACE_OUTER_BOUND('',#1134,.T.);
#623=FACE_OUTER_BOUND('',#1135,.T.);
#624=FACE_OUTER_BOUND('',#1136,.T.);
#625=FACE_OUTER_BOUND('',#1137,.T.);
#626=FACE_OUTER_BOUND('',#1138,.T.);
#627=FACE_OUTER_BOUND('',#1139,.T.);
#628=FACE_OUTER_BOUND('',#1140,.T.);
#629=FACE_OUTER_BOUND('',#1141,.T.);
#630=FACE_OUTER_BOUND('',#1142,.T.);
#631=FACE_OUTER_BOUND('',#1143,.T.);
#632=FACE_OUTER_BOUND('',#1144,.T.);
#633=FACE_OUTER_BOUND('',#1145,.T.);
#634=FACE_OUTER_BOUND('',#1146,.T.);
#635=FACE_OUTER_BOUND('',#1147,.T.);
#636=FACE_OUTER_BOUND('',#1148,.T.);
#637=FACE_OUTER_BOUND('',#1149,.T.);
#638=FACE_OUTER_BOUND('',#1150,.T.);
#639=FACE_OUTER_BOUND('',#1151,.T.);
#640=FACE_OUTER_BOUND('',#1152,.T.);
#641=FACE_OUTER_BOUND('',#1153,.T.);
#642=FACE_OUTER_BOUND('',#1154,.T.);
#643=FACE_OUTER_BOUND('',#1155,.T.);
#644=FACE_OUTER_BOUND('',#1156,.T.);
#645=FACE_OUTER_BOUND('',#1157,.T.);
#646=FACE_OUTER_BOUND('',#1158,.T.);
#647=FACE_OUTER_BOUND('',#1159,.T.);
#648=FACE_OUTER_BOUND('',#1160,.T.);
#649=FACE_OUTER_BOUND('',#1161,.T.);
#650=FACE_OUTER_BOUND('',#1162,.T.);
#651=FACE_OUTER_BOUND('',#1163,.T.);
#652=FACE_OUTER_BOUND('',#1164,.T.);
#653=FACE_OUTER_BOUND('',#1165,.T.);
#654=FACE_OUTER_BOUND('',#1166,.T.);
#655=FACE_OUTER_BOUND('',#1167,.T.);
#656=FACE_OUTER_BOUND('',#1168,.T.);
#657=FACE_OUTER_BOUND('',#1169,.T.);
#658=FACE_OUTER_BOUND('',#1170,.T.);
#659=FACE_OUTER_BOUND('',#1171,.T.);
#660=FACE_OUTER_BOUND('',#1172,.T.);
#661=FACE_OUTER_BOUND('',#1173,.T.);
#662=FACE_OUTER_BOUND('',#1174,.T.);
#663=FACE_OUTER_BOUND('',#1175,.T.);
#664=FACE_OUTER_BOUND('',#1176,.T.);
#665=FACE_OUTER_BOUND('',#1177,.T.);
#666=FACE_OUTER_BOUND('',#1178,.T.);
#667=FACE_OUTER_BOUND('',#1179,.T.);
#668=FACE_OUTER_BOUND('',#1180,.T.);
#669=FACE_OUTER_BOUND('',#1181,.T.);
#670=FACE_OUTER_BOUND('',#1182,.T.);
#671=FACE_OUTER_BOUND('',#1183,.T.);
#672=FACE_OUTER_BOUND('',#1184,.T.);
#673=FACE_OUTER_BOUND('',#1185,.T.);
#674=FACE_OUTER_BOUND('',#1186,.T.);
#675=FACE_OUTER_BOUND('',#1187,.T.);
#676=FACE_OUTER_BOUND('',#1188,.T.);
#677=FACE_OUTER_BOUND('',#1189,.T.);
#678=FACE_OUTER_BOUND('',#1190,.T.);
#679=FACE_OUTER_BOUND('',#1191,.T.);
#680=FACE_OUTER_BOUND('',#1192,.T.);
#681=FACE_OUTER_BOUND('',#1193,.T.);
#682=FACE_OUTER_BOUND('',#1194,.T.);
#683=FACE_OUTER_BOUND('',#1195,.T.);
#684=FACE_OUTER_BOUND('',#1196,.T.);
#685=FACE_OUTER_BOUND('',#1197,.T.);
#686=FACE_OUTER_BOUND('',#1198,.T.);
#687=FACE_OUTER_BOUND('',#1199,.T.);
#688=FACE_OUTER_BOUND('',#1200,.T.);
#689=FACE_OUTER_BOUND('',#1201,.T.);
#690=FACE_OUTER_BOUND('',#1202,.T.);
#691=FACE_OUTER_BOUND('',#1203,.T.);
#692=FACE_OUTER_BOUND('',#1204,.T.);
#693=FACE_OUTER_BOUND('',#1205,.T.);
#694=FACE_OUTER_BOUND('',#1206,.T.);
#695=FACE_OUTER_BOUND('',#1207,.T.);
#696=FACE_OUTER_BOUND('',#1208,.T.);
#697=FACE_OUTER_BOUND('',#1209,.T.);
#698=FACE_OUTER_BOUND('',#1211,.T.);
#699=FACE_OUTER_BOUND('',#1212,.T.);
#700=FACE_OUTER_BOUND('',#1213,.T.);
#701=FACE_OUTER_BOUND('',#1214,.T.);
#702=FACE_OUTER_BOUND('',#1215,.T.);
#703=FACE_OUTER_BOUND('',#1216,.T.);
#704=FACE_OUTER_BOUND('',#1217,.T.);
#705=FACE_OUTER_BOUND('',#1218,.T.);
#706=FACE_OUTER_BOUND('',#1219,.T.);
#707=FACE_OUTER_BOUND('',#1220,.T.);
#708=FACE_OUTER_BOUND('',#1221,.T.);
#709=FACE_OUTER_BOUND('',#1222,.T.);
#710=FACE_OUTER_BOUND('',#1223,.T.);
#711=FACE_OUTER_BOUND('',#1224,.T.);
#712=FACE_OUTER_BOUND('',#1225,.T.);
#713=FACE_OUTER_BOUND('',#1226,.T.);
#714=FACE_OUTER_BOUND('',#1227,.T.);
#715=FACE_OUTER_BOUND('',#1228,.T.);
#716=FACE_OUTER_BOUND('',#1229,.T.);
#717=FACE_OUTER_BOUND('',#1230,.T.);
#718=FACE_OUTER_BOUND('',#1231,.T.);
#719=FACE_OUTER_BOUND('',#1232,.T.);
#720=FACE_OUTER_BOUND('',#1233,.T.);
#721=FACE_OUTER_BOUND('',#1234,.T.);
#722=FACE_OUTER_BOUND('',#1235,.T.);
#723=FACE_OUTER_BOUND('',#1236,.T.);
#724=FACE_OUTER_BOUND('',#1237,.T.);
#725=FACE_OUTER_BOUND('',#1238,.T.);
#726=FACE_OUTER_BOUND('',#1239,.T.);
#727=FACE_OUTER_BOUND('',#1240,.T.);
#728=FACE_OUTER_BOUND('',#1241,.T.);
#729=EDGE_LOOP('',(#6071,#6072));
#730=EDGE_LOOP('',(#6073,#6074));
#731=EDGE_LOOP('',(#6075,#6076));
#732=EDGE_LOOP('',(#6077,#6078,#6079,#6080));
#733=EDGE_LOOP('',(#6081,#6082,#6083,#6084));
#734=EDGE_LOOP('',(#6085,#6086,#6087,#6088));
#735=EDGE_LOOP('',(#6089,#6090,#6091,#6092));
#736=EDGE_LOOP('',(#6093,#6094,#6095,#6096));
#737=EDGE_LOOP('',(#6097,#6098,#6099,#6100));
#738=EDGE_LOOP('',(#6101,#6102,#6103,#6104));
#739=EDGE_LOOP('',(#6105,#6106,#6107,#6108));
#740=EDGE_LOOP('',(#6109,#6110,#6111,#6112));
#741=EDGE_LOOP('',(#6113,#6114,#6115,#6116,#6117,#6118));
#742=EDGE_LOOP('',(#6119,#6120,#6121));
#743=EDGE_LOOP('',(#6122,#6123,#6124,#6125));
#744=EDGE_LOOP('',(#6126,#6127,#6128,#6129,#6130,#6131,#6132));
#745=EDGE_LOOP('',(#6133,#6134,#6135,#6136));
#746=EDGE_LOOP('',(#6137));
#747=EDGE_LOOP('',(#6138,#6139,#6140,#6141));
#748=EDGE_LOOP('',(#6142));
#749=EDGE_LOOP('',(#6143));
#750=EDGE_LOOP('',(#6144,#6145,#6146,#6147));
#751=EDGE_LOOP('',(#6148,#6149,#6150,#6151,#6152));
#752=EDGE_LOOP('',(#6153,#6154,#6155,#6156));
#753=EDGE_LOOP('',(#6157,#6158,#6159,#6160));
#754=EDGE_LOOP('',(#6161,#6162,#6163));
#755=EDGE_LOOP('',(#6164,#6165,#6166,#6167));
#756=EDGE_LOOP('',(#6168,#6169,#6170,#6171,#6172,#6173,#6174,#6175,#6176,
#6177));
#757=EDGE_LOOP('',(#6178,#6179,#6180,#6181));
#758=EDGE_LOOP('',(#6182,#6183,#6184,#6185,#6186));
#759=EDGE_LOOP('',(#6187,#6188,#6189,#6190));
#760=EDGE_LOOP('',(#6191,#6192,#6193,#6194));
#761=EDGE_LOOP('',(#6195,#6196,#6197,#6198,#6199,#6200));
#762=EDGE_LOOP('',(#6201,#6202,#6203,#6204,#6205,#6206,#6207,#6208,#6209,
#6210,#6211,#6212,#6213,#6214,#6215,#6216,#6217,#6218,#6219,#6220,#6221,
#6222,#6223,#6224,#6225,#6226,#6227,#6228,#6229,#6230,#6231,#6232,#6233,
#6234,#6235,#6236,#6237,#6238,#6239,#6240,#6241,#6242,#6243,#6244,#6245,
#6246,#6247,#6248,#6249,#6250,#6251,#6252,#6253));
#763=EDGE_LOOP('',(#6254,#6255,#6256,#6257));
#764=EDGE_LOOP('',(#6258,#6259,#6260,#6261,#6262,#6263,#6264));
#765=EDGE_LOOP('',(#6265,#6266,#6267,#6268,#6269,#6270,#6271,#6272,#6273,
#6274,#6275,#6276,#6277,#6278,#6279,#6280,#6281,#6282,#6283,#6284,#6285,
#6286,#6287,#6288,#6289,#6290,#6291,#6292,#6293,#6294,#6295,#6296,#6297,
#6298,#6299,#6300,#6301,#6302,#6303,#6304,#6305,#6306,#6307,#6308,#6309,
#6310,#6311,#6312,#6313,#6314,#6315,#6316,#6317,#6318,#6319,#6320,#6321,
#6322,#6323,#6324,#6325,#6326,#6327,#6328,#6329,#6330,#6331,#6332,#6333,
#6334,#6335,#6336,#6337,#6338,#6339,#6340,#6341,#6342,#6343,#6344,#6345,
#6346,#6347,#6348,#6349,#6350,#6351,#6352,#6353,#6354,#6355,#6356,#6357,
#6358,#6359,#6360,#6361,#6362,#6363,#6364,#6365,#6366,#6367,#6368,#6369,
#6370,#6371,#6372,#6373,#6374,#6375,#6376,#6377,#6378,#6379,#6380,#6381,
#6382,#6383,#6384,#6385,#6386,#6387));
#766=EDGE_LOOP('',(#6388));
#767=EDGE_LOOP('',(#6389,#6390,#6391,#6392,#6393));
#768=EDGE_LOOP('',(#6394,#6395,#6396,#6397,#6398,#6399,#6400,#6401,#6402,
#6403,#6404,#6405,#6406,#6407,#6408,#6409,#6410,#6411,#6412,#6413,#6414,
#6415,#6416,#6417,#6418,#6419,#6420));
#769=EDGE_LOOP('',(#6421,#6422,#6423,#6424,#6425,#6426,#6427,#6428,#6429,
#6430,#6431,#6432));
#770=EDGE_LOOP('',(#6433,#6434,#6435,#6436,#6437,#6438,#6439,#6440,#6441,
#6442,#6443,#6444,#6445,#6446));
#771=EDGE_LOOP('',(#6447,#6448,#6449,#6450,#6451,#6452,#6453,#6454));
#772=EDGE_LOOP('',(#6455,#6456,#6457,#6458,#6459));
#773=EDGE_LOOP('',(#6460,#6461,#6462,#6463,#6464,#6465,#6466,#6467,#6468,
#6469,#6470,#6471,#6472,#6473,#6474,#6475,#6476,#6477,#6478,#6479,#6480,
#6481,#6482,#6483));
#774=EDGE_LOOP('',(#6484,#6485,#6486,#6487,#6488,#6489,#6490,#6491,#6492,
#6493,#6494,#6495,#6496,#6497,#6498));
#775=EDGE_LOOP('',(#6499,#6500,#6501,#6502,#6503,#6504,#6505,#6506));
#776=EDGE_LOOP('',(#6507,#6508,#6509,#6510));
#777=EDGE_LOOP('',(#6511,#6512,#6513,#6514,#6515,#6516,#6517,#6518,#6519,
#6520,#6521,#6522,#6523,#6524,#6525,#6526,#6527,#6528,#6529));
#778=EDGE_LOOP('',(#6530,#6531,#6532,#6533));
#779=EDGE_LOOP('',(#6534,#6535,#6536,#6537));
#780=EDGE_LOOP('',(#6538,#6539,#6540,#6541,#6542,#6543,#6544,#6545,#6546,
#6547,#6548,#6549,#6550,#6551,#6552));
#781=EDGE_LOOP('',(#6553,#6554,#6555));
#782=EDGE_LOOP('',(#6556,#6557,#6558,#6559));
#783=EDGE_LOOP('',(#6560,#6561,#6562,#6563,#6564,#6565,#6566,#6567,#6568,
#6569,#6570,#6571,#6572));
#784=EDGE_LOOP('',(#6573));
#785=EDGE_LOOP('',(#6574,#6575,#6576,#6577,#6578,#6579,#6580,#6581,#6582,
#6583,#6584,#6585,#6586,#6587));
#786=EDGE_LOOP('',(#6588,#6589,#6590,#6591));
#787=EDGE_LOOP('',(#6592,#6593));
#788=EDGE_LOOP('',(#6594,#6595,#6596));
#789=EDGE_LOOP('',(#6597,#6598,#6599,#6600,#6601,#6602,#6603,#6604,#6605));
#790=EDGE_LOOP('',(#6606,#6607));
#791=EDGE_LOOP('',(#6608,#6609,#6610,#6611));
#792=EDGE_LOOP('',(#6612,#6613,#6614,#6615));
#793=EDGE_LOOP('',(#6616,#6617,#6618,#6619));
#794=EDGE_LOOP('',(#6620,#6621,#6622,#6623));
#795=EDGE_LOOP('',(#6624,#6625,#6626,#6627));
#796=EDGE_LOOP('',(#6628,#6629,#6630,#6631));
#797=EDGE_LOOP('',(#6632,#6633,#6634,#6635));
#798=EDGE_LOOP('',(#6636,#6637,#6638,#6639));
#799=EDGE_LOOP('',(#6640,#6641,#6642,#6643));
#800=EDGE_LOOP('',(#6644,#6645,#6646,#6647));
#801=EDGE_LOOP('',(#6648,#6649,#6650,#6651,#6652,#6653,#6654,#6655,#6656));
#802=EDGE_LOOP('',(#6657,#6658,#6659,#6660));
#803=EDGE_LOOP('',(#6661,#6662,#6663,#6664,#6665,#6666,#6667,#6668,#6669,
#6670,#6671,#6672,#6673,#6674,#6675,#6676));
#804=EDGE_LOOP('',(#6677,#6678,#6679,#6680));
#805=EDGE_LOOP('',(#6681,#6682,#6683,#6684));
#806=EDGE_LOOP('',(#6685,#6686,#6687,#6688));
#807=EDGE_LOOP('',(#6689,#6690,#6691,#6692));
#808=EDGE_LOOP('',(#6693,#6694,#6695,#6696,#6697,#6698));
#809=EDGE_LOOP('',(#6699,#6700,#6701,#6702,#6703,#6704,#6705,#6706,#6707,
#6708,#6709,#6710,#6711,#6712,#6713,#6714,#6715,#6716,#6717,#6718,#6719,
#6720,#6721,#6722,#6723,#6724,#6725,#6726,#6727,#6728,#6729,#6730,#6731,
#6732,#6733,#6734,#6735,#6736,#6737,#6738,#6739,#6740,#6741,#6742,#6743,
#6744,#6745,#6746,#6747,#6748,#6749));
#810=EDGE_LOOP('',(#6750,#6751,#6752,#6753,#6754));
#811=EDGE_LOOP('',(#6755,#6756,#6757,#6758));
#812=EDGE_LOOP('',(#6759,#6760,#6761,#6762,#6763,#6764,#6765,#6766,#6767,
#6768));
#813=EDGE_LOOP('',(#6769,#6770,#6771,#6772,#6773,#6774,#6775,#6776,#6777,
#6778,#6779,#6780));
#814=EDGE_LOOP('',(#6781,#6782,#6783,#6784,#6785,#6786,#6787,#6788));
#815=EDGE_LOOP('',(#6789,#6790,#6791,#6792));
#816=EDGE_LOOP('',(#6793,#6794,#6795,#6796));
#817=EDGE_LOOP('',(#6797,#6798,#6799,#6800));
#818=EDGE_LOOP('',(#6801,#6802,#6803,#6804));
#819=EDGE_LOOP('',(#6805,#6806,#6807,#6808,#6809,#6810));
#820=EDGE_LOOP('',(#6811,#6812,#6813,#6814));
#821=EDGE_LOOP('',(#6815));
#822=EDGE_LOOP('',(#6816,#6817,#6818,#6819,#6820,#6821,#6822,#6823,#6824,
#6825,#6826,#6827,#6828));
#823=EDGE_LOOP('',(#6829,#6830,#6831,#6832));
#824=EDGE_LOOP('',(#6833,#6834,#6835,#6836));
#825=EDGE_LOOP('',(#6837,#6838,#6839,#6840,#6841,#6842));
#826=EDGE_LOOP('',(#6843));
#827=EDGE_LOOP('',(#6844));
#828=EDGE_LOOP('',(#6845,#6846,#6847,#6848));
#829=EDGE_LOOP('',(#6849,#6850,#6851,#6852,#6853,#6854,#6855,#6856,#6857,
#6858,#6859));
#830=EDGE_LOOP('',(#6860,#6861,#6862,#6863));
#831=EDGE_LOOP('',(#6864,#6865,#6866,#6867));
#832=EDGE_LOOP('',(#6868,#6869,#6870,#6871,#6872,#6873,#6874,#6875,#6876,
#6877,#6878,#6879,#6880,#6881,#6882,#6883,#6884,#6885,#6886,#6887));
#833=EDGE_LOOP('',(#6888,#6889,#6890,#6891,#6892,#6893,#6894,#6895,#6896,
#6897,#6898,#6899));
#834=EDGE_LOOP('',(#6900,#6901,#6902));
#835=EDGE_LOOP('',(#6903,#6904,#6905,#6906,#6907,#6908,#6909,#6910,#6911,
#6912,#6913,#6914,#6915,#6916,#6917,#6918,#6919,#6920,#6921,#6922,#6923,
#6924,#6925,#6926,#6927,#6928,#6929,#6930));
#836=EDGE_LOOP('',(#6931,#6932,#6933,#6934,#6935,#6936,#6937,#6938,#6939,
#6940,#6941));
#837=EDGE_LOOP('',(#6942,#6943,#6944,#6945,#6946,#6947,#6948,#6949,#6950,
#6951,#6952,#6953,#6954,#6955,#6956));
#838=EDGE_LOOP('',(#6957));
#839=EDGE_LOOP('',(#6958));
#840=EDGE_LOOP('',(#6959));
#841=EDGE_LOOP('',(#6960,#6961,#6962,#6963,#6964));
#842=EDGE_LOOP('',(#6965));
#843=EDGE_LOOP('',(#6966));
#844=EDGE_LOOP('',(#6967));
#845=EDGE_LOOP('',(#6968));
#846=EDGE_LOOP('',(#6969,#6970,#6971,#6972));
#847=EDGE_LOOP('',(#6973));
#848=EDGE_LOOP('',(#6974,#6975,#6976,#6977));
#849=EDGE_LOOP('',(#6978));
#850=EDGE_LOOP('',(#6979,#6980,#6981,#6982,#6983));
#851=EDGE_LOOP('',(#6984,#6985,#6986,#6987,#6988));
#852=EDGE_LOOP('',(#6989,#6990,#6991,#6992));
#853=EDGE_LOOP('',(#6993,#6994,#6995,#6996,#6997));
#854=EDGE_LOOP('',(#6998,#6999,#7000,#7001));
#855=EDGE_LOOP('',(#7002,#7003,#7004,#7005));
#856=EDGE_LOOP('',(#7006,#7007,#7008,#7009,#7010,#7011,#7012));
#857=EDGE_LOOP('',(#7013,#7014,#7015,#7016,#7017,#7018,#7019,#7020,#7021,
#7022));
#858=EDGE_LOOP('',(#7023,#7024,#7025,#7026,#7027,#7028,#7029,#7030,#7031,
#7032,#7033,#7034,#7035,#7036,#7037));
#859=EDGE_LOOP('',(#7038,#7039,#7040,#7041));
#860=EDGE_LOOP('',(#7042,#7043,#7044,#7045));
#861=EDGE_LOOP('',(#7046,#7047,#7048,#7049));
#862=EDGE_LOOP('',(#7050,#7051,#7052,#7053));
#863=EDGE_LOOP('',(#7054,#7055,#7056,#7057,#7058));
#864=EDGE_LOOP('',(#7059,#7060,#7061,#7062));
#865=EDGE_LOOP('',(#7063,#7064,#7065,#7066,#7067));
#866=EDGE_LOOP('',(#7068,#7069,#7070,#7071));
#867=EDGE_LOOP('',(#7072,#7073,#7074,#7075,#7076,#7077,#7078));
#868=EDGE_LOOP('',(#7079,#7080,#7081,#7082,#7083,#7084,#7085,#7086,#7087,
#7088,#7089,#7090,#7091,#7092,#7093,#7094,#7095,#7096,#7097,#7098));
#869=EDGE_LOOP('',(#7099,#7100,#7101,#7102,#7103,#7104,#7105,#7106,#7107,
#7108,#7109,#7110,#7111,#7112,#7113,#7114,#7115,#7116,#7117,#7118));
#870=EDGE_LOOP('',(#7119,#7120,#7121,#7122));
#871=EDGE_LOOP('',(#7123,#7124,#7125,#7126,#7127));
#872=EDGE_LOOP('',(#7128,#7129,#7130,#7131,#7132));
#873=EDGE_LOOP('',(#7133,#7134,#7135,#7136,#7137));
#874=EDGE_LOOP('',(#7138,#7139,#7140,#7141));
#875=EDGE_LOOP('',(#7142,#7143,#7144,#7145,#7146));
#876=EDGE_LOOP('',(#7147,#7148,#7149,#7150));
#877=EDGE_LOOP('',(#7151,#7152,#7153,#7154,#7155,#7156));
#878=EDGE_LOOP('',(#7157,#7158,#7159,#7160,#7161,#7162,#7163));
#879=EDGE_LOOP('',(#7164,#7165,#7166,#7167));
#880=EDGE_LOOP('',(#7168,#7169,#7170,#7171));
#881=EDGE_LOOP('',(#7172,#7173,#7174,#7175));
#882=EDGE_LOOP('',(#7176,#7177,#7178,#7179));
#883=EDGE_LOOP('',(#7180,#7181,#7182,#7183));
#884=EDGE_LOOP('',(#7184,#7185,#7186));
#885=EDGE_LOOP('',(#7187,#7188,#7189,#7190));
#886=EDGE_LOOP('',(#7191,#7192,#7193,#7194));
#887=EDGE_LOOP('',(#7195,#7196,#7197,#7198));
#888=EDGE_LOOP('',(#7199,#7200,#7201,#7202));
#889=EDGE_LOOP('',(#7203,#7204,#7205,#7206));
#890=EDGE_LOOP('',(#7207,#7208,#7209,#7210,#7211,#7212));
#891=EDGE_LOOP('',(#7213,#7214,#7215,#7216));
#892=EDGE_LOOP('',(#7217,#7218,#7219,#7220));
#893=EDGE_LOOP('',(#7221,#7222,#7223,#7224));
#894=EDGE_LOOP('',(#7225,#7226,#7227,#7228));
#895=EDGE_LOOP('',(#7229,#7230,#7231,#7232));
#896=EDGE_LOOP('',(#7233,#7234,#7235,#7236,#7237,#7238));
#897=EDGE_LOOP('',(#7239,#7240,#7241,#7242));
#898=EDGE_LOOP('',(#7243,#7244,#7245,#7246));
#899=EDGE_LOOP('',(#7247,#7248,#7249,#7250,#7251,#7252));
#900=EDGE_LOOP('',(#7253,#7254,#7255,#7256));
#901=EDGE_LOOP('',(#7257,#7258,#7259,#7260,#7261,#7262));
#902=EDGE_LOOP('',(#7263,#7264,#7265,#7266));
#903=EDGE_LOOP('',(#7267,#7268,#7269,#7270,#7271));
#904=EDGE_LOOP('',(#7272,#7273,#7274,#7275));
#905=EDGE_LOOP('',(#7276,#7277,#7278,#7279));
#906=EDGE_LOOP('',(#7280,#7281,#7282,#7283));
#907=EDGE_LOOP('',(#7284,#7285,#7286,#7287,#7288,#7289));
#908=EDGE_LOOP('',(#7290,#7291,#7292,#7293,#7294,#7295));
#909=EDGE_LOOP('',(#7296,#7297,#7298,#7299,#7300,#7301));
#910=EDGE_LOOP('',(#7302,#7303,#7304,#7305));
#911=EDGE_LOOP('',(#7306,#7307,#7308,#7309));
#912=EDGE_LOOP('',(#7310,#7311,#7312,#7313));
#913=EDGE_LOOP('',(#7314,#7315,#7316,#7317));
#914=EDGE_LOOP('',(#7318,#7319,#7320,#7321));
#915=EDGE_LOOP('',(#7322,#7323,#7324,#7325));
#916=EDGE_LOOP('',(#7326,#7327,#7328,#7329,#7330,#7331));
#917=EDGE_LOOP('',(#7332,#7333,#7334,#7335,#7336,#7337));
#918=EDGE_LOOP('',(#7338,#7339,#7340,#7341,#7342,#7343));
#919=EDGE_LOOP('',(#7344,#7345,#7346,#7347));
#920=EDGE_LOOP('',(#7348,#7349,#7350,#7351));
#921=EDGE_LOOP('',(#7352,#7353,#7354,#7355,#7356,#7357));
#922=EDGE_LOOP('',(#7358,#7359,#7360,#7361));
#923=EDGE_LOOP('',(#7362,#7363,#7364,#7365));
#924=EDGE_LOOP('',(#7366,#7367,#7368,#7369,#7370,#7371));
#925=EDGE_LOOP('',(#7372,#7373,#7374,#7375));
#926=EDGE_LOOP('',(#7376,#7377,#7378,#7379));
#927=EDGE_LOOP('',(#7380,#7381,#7382,#7383,#7384,#7385));
#928=EDGE_LOOP('',(#7386,#7387,#7388,#7389));
#929=EDGE_LOOP('',(#7390,#7391,#7392,#7393,#7394,#7395));
#930=EDGE_LOOP('',(#7396,#7397,#7398,#7399));
#931=EDGE_LOOP('',(#7400,#7401,#7402,#7403));
#932=EDGE_LOOP('',(#7404,#7405,#7406,#7407,#7408,#7409));
#933=EDGE_LOOP('',(#7410,#7411,#7412,#7413));
#934=EDGE_LOOP('',(#7414,#7415,#7416,#7417));
#935=EDGE_LOOP('',(#7418,#7419,#7420,#7421));
#936=EDGE_LOOP('',(#7422,#7423,#7424,#7425,#7426,#7427));
#937=EDGE_LOOP('',(#7428,#7429,#7430,#7431));
#938=EDGE_LOOP('',(#7432,#7433,#7434,#7435,#7436,#7437));
#939=EDGE_LOOP('',(#7438,#7439,#7440,#7441));
#940=EDGE_LOOP('',(#7442,#7443,#7444,#7445));
#941=EDGE_LOOP('',(#7446,#7447,#7448,#7449));
#942=EDGE_LOOP('',(#7450,#7451,#7452,#7453,#7454,#7455));
#943=EDGE_LOOP('',(#7456,#7457,#7458,#7459,#7460,#7461));
#944=EDGE_LOOP('',(#7462,#7463,#7464,#7465));
#945=EDGE_LOOP('',(#7466,#7467,#7468,#7469));
#946=EDGE_LOOP('',(#7470,#7471,#7472,#7473));
#947=EDGE_LOOP('',(#7474,#7475,#7476,#7477,#7478,#7479));
#948=EDGE_LOOP('',(#7480,#7481,#7482,#7483));
#949=EDGE_LOOP('',(#7484,#7485,#7486,#7487));
#950=EDGE_LOOP('',(#7488,#7489,#7490,#7491,#7492,#7493));
#951=EDGE_LOOP('',(#7494,#7495,#7496,#7497));
#952=EDGE_LOOP('',(#7498,#7499,#7500,#7501,#7502,#7503));
#953=EDGE_LOOP('',(#7504,#7505,#7506,#7507,#7508,#7509));
#954=EDGE_LOOP('',(#7510,#7511,#7512,#7513));
#955=EDGE_LOOP('',(#7514,#7515,#7516,#7517));
#956=EDGE_LOOP('',(#7518,#7519,#7520,#7521));
#957=EDGE_LOOP('',(#7522,#7523,#7524,#7525));
#958=EDGE_LOOP('',(#7526,#7527,#7528,#7529));
#959=EDGE_LOOP('',(#7530,#7531,#7532,#7533));
#960=EDGE_LOOP('',(#7534,#7535,#7536,#7537));
#961=EDGE_LOOP('',(#7538,#7539,#7540,#7541));
#962=EDGE_LOOP('',(#7542,#7543,#7544,#7545));
#963=EDGE_LOOP('',(#7546,#7547,#7548,#7549,#7550,#7551));
#964=EDGE_LOOP('',(#7552,#7553,#7554,#7555));
#965=EDGE_LOOP('',(#7556,#7557,#7558,#7559,#7560,#7561));
#966=EDGE_LOOP('',(#7562,#7563,#7564,#7565,#7566,#7567));
#967=EDGE_LOOP('',(#7568,#7569,#7570,#7571,#7572,#7573));
#968=EDGE_LOOP('',(#7574,#7575,#7576,#7577,#7578));
#969=EDGE_LOOP('',(#7579,#7580,#7581,#7582,#7583));
#970=EDGE_LOOP('',(#7584,#7585,#7586,#7587,#7588,#7589,#7590,#7591,#7592));
#971=EDGE_LOOP('',(#7593,#7594,#7595,#7596));
#972=EDGE_LOOP('',(#7597,#7598,#7599,#7600));
#973=EDGE_LOOP('',(#7601,#7602,#7603,#7604));
#974=EDGE_LOOP('',(#7605,#7606,#7607,#7608));
#975=EDGE_LOOP('',(#7609,#7610,#7611));
#976=EDGE_LOOP('',(#7612,#7613,#7614));
#977=EDGE_LOOP('',(#7615,#7616,#7617));
#978=EDGE_LOOP('',(#7618,#7619,#7620,#7621,#7622));
#979=EDGE_LOOP('',(#7623,#7624,#7625,#7626,#7627,#7628));
#980=EDGE_LOOP('',(#7629,#7630,#7631,#7632));
#981=EDGE_LOOP('',(#7633,#7634,#7635,#7636));
#982=EDGE_LOOP('',(#7637,#7638,#7639,#7640,#7641,#7642));
#983=EDGE_LOOP('',(#7643,#7644,#7645,#7646,#7647,#7648));
#984=EDGE_LOOP('',(#7649,#7650,#7651,#7652,#7653,#7654,#7655,#7656,#7657,
#7658,#7659,#7660));
#985=EDGE_LOOP('',(#7661,#7662,#7663,#7664,#7665,#7666,#7667,#7668,#7669,
#7670,#7671,#7672));
#986=EDGE_LOOP('',(#7673,#7674,#7675,#7676,#7677));
#987=EDGE_LOOP('',(#7678,#7679,#7680,#7681));
#988=EDGE_LOOP('',(#7682,#7683,#7684,#7685));
#989=EDGE_LOOP('',(#7686,#7687,#7688,#7689));
#990=EDGE_LOOP('',(#7690,#7691,#7692,#7693));
#991=EDGE_LOOP('',(#7694,#7695,#7696,#7697));
#992=EDGE_LOOP('',(#7698,#7699,#7700,#7701));
#993=EDGE_LOOP('',(#7702,#7703,#7704,#7705));
#994=EDGE_LOOP('',(#7706,#7707,#7708,#7709));
#995=EDGE_LOOP('',(#7710,#7711,#7712,#7713));
#996=EDGE_LOOP('',(#7714,#7715,#7716,#7717));
#997=EDGE_LOOP('',(#7718,#7719,#7720,#7721));
#998=EDGE_LOOP('',(#7722,#7723,#7724,#7725));
#999=EDGE_LOOP('',(#7726,#7727,#7728));
#1000=EDGE_LOOP('',(#7729,#7730,#7731,#7732));
#1001=EDGE_LOOP('',(#7733,#7734,#7735,#7736,#7737));
#1002=EDGE_LOOP('',(#7738,#7739,#7740,#7741));
#1003=EDGE_LOOP('',(#7742,#7743,#7744,#7745,#7746,#7747,#7748,#7749,#7750,
#7751));
#1004=EDGE_LOOP('',(#7752,#7753,#7754,#7755,#7756,#7757,#7758));
#1005=EDGE_LOOP('',(#7759,#7760,#7761,#7762,#7763,#7764,#7765));
#1006=EDGE_LOOP('',(#7766,#7767,#7768,#7769));
#1007=EDGE_LOOP('',(#7770,#7771,#7772,#7773,#7774,#7775));
#1008=EDGE_LOOP('',(#7776,#7777,#7778,#7779));
#1009=EDGE_LOOP('',(#7780,#7781,#7782,#7783,#7784));
#1010=EDGE_LOOP('',(#7785,#7786,#7787,#7788));
#1011=EDGE_LOOP('',(#7789,#7790,#7791,#7792,#7793));
#1012=EDGE_LOOP('',(#7794,#7795,#7796,#7797));
#1013=EDGE_LOOP('',(#7798,#7799,#7800,#7801));
#1014=EDGE_LOOP('',(#7802,#7803,#7804,#7805,#7806));
#1015=EDGE_LOOP('',(#7807,#7808,#7809,#7810,#7811,#7812));
#1016=EDGE_LOOP('',(#7813,#7814,#7815,#7816,#7817,#7818));
#1017=EDGE_LOOP('',(#7819,#7820,#7821,#7822,#7823,#7824));
#1018=EDGE_LOOP('',(#7825,#7826,#7827,#7828));
#1019=EDGE_LOOP('',(#7829,#7830,#7831,#7832,#7833,#7834));
#1020=EDGE_LOOP('',(#7835,#7836,#7837,#7838));
#1021=EDGE_LOOP('',(#7839,#7840,#7841,#7842,#7843,#7844,#7845,#7846));
#1022=EDGE_LOOP('',(#7847,#7848,#7849,#7850));
#1023=EDGE_LOOP('',(#7851,#7852,#7853,#7854,#7855));
#1024=EDGE_LOOP('',(#7856,#7857,#7858,#7859,#7860,#7861));
#1025=EDGE_LOOP('',(#7862,#7863,#7864,#7865,#7866,#7867,#7868,#7869));
#1026=EDGE_LOOP('',(#7870,#7871,#7872,#7873,#7874,#7875,#7876));
#1027=EDGE_LOOP('',(#7877,#7878,#7879,#7880,#7881,#7882));
#1028=EDGE_LOOP('',(#7883,#7884,#7885,#7886));
#1029=EDGE_LOOP('',(#7887,#7888,#7889,#7890));
#1030=EDGE_LOOP('',(#7891,#7892,#7893,#7894));
#1031=EDGE_LOOP('',(#7895));
#1032=EDGE_LOOP('',(#7896,#7897,#7898,#7899,#7900));
#1033=EDGE_LOOP('',(#7901,#7902,#7903,#7904));
#1034=EDGE_LOOP('',(#7905,#7906,#7907,#7908));
#1035=EDGE_LOOP('',(#7909,#7910,#7911,#7912,#7913));
#1036=EDGE_LOOP('',(#7914,#7915,#7916,#7917));
#1037=EDGE_LOOP('',(#7918,#7919,#7920,#7921,#7922,#7923));
#1038=EDGE_LOOP('',(#7924,#7925,#7926,#7927,#7928));
#1039=EDGE_LOOP('',(#7929,#7930,#7931,#7932,#7933,#7934));
#1040=EDGE_LOOP('',(#7935,#7936,#7937,#7938));
#1041=EDGE_LOOP('',(#7939,#7940,#7941,#7942));
#1042=EDGE_LOOP('',(#7943,#7944,#7945,#7946,#7947));
#1043=EDGE_LOOP('',(#7948,#7949,#7950,#7951,#7952,#7953,#7954,#7955));
#1044=EDGE_LOOP('',(#7956,#7957,#7958,#7959));
#1045=EDGE_LOOP('',(#7960,#7961,#7962,#7963));
#1046=EDGE_LOOP('',(#7964,#7965,#7966,#7967));
#1047=EDGE_LOOP('',(#7968,#7969,#7970,#7971));
#1048=EDGE_LOOP('',(#7972,#7973,#7974,#7975,#7976));
#1049=EDGE_LOOP('',(#7977,#7978,#7979,#7980,#7981,#7982));
#1050=EDGE_LOOP('',(#7983));
#1051=EDGE_LOOP('',(#7984,#7985,#7986,#7987,#7988,#7989));
#1052=EDGE_LOOP('',(#7990));
#1053=EDGE_LOOP('',(#7991));
#1054=EDGE_LOOP('',(#7992,#7993,#7994,#7995));
#1055=EDGE_LOOP('',(#7996,#7997,#7998,#7999,#8000,#8001));
#1056=EDGE_LOOP('',(#8002,#8003,#8004,#8005));
#1057=EDGE_LOOP('',(#8006,#8007,#8008,#8009));
#1058=EDGE_LOOP('',(#8010,#8011,#8012,#8013));
#1059=EDGE_LOOP('',(#8014,#8015,#8016,#8017));
#1060=EDGE_LOOP('',(#8018,#8019,#8020,#8021));
#1061=EDGE_LOOP('',(#8022,#8023,#8024,#8025));
#1062=EDGE_LOOP('',(#8026,#8027,#8028,#8029));
#1063=EDGE_LOOP('',(#8030,#8031,#8032,#8033));
#1064=EDGE_LOOP('',(#8034,#8035,#8036,#8037));
#1065=EDGE_LOOP('',(#8038,#8039,#8040,#8041,#8042));
#1066=EDGE_LOOP('',(#8043,#8044,#8045,#8046));
#1067=EDGE_LOOP('',(#8047,#8048,#8049,#8050,#8051));
#1068=EDGE_LOOP('',(#8052,#8053,#8054,#8055,#8056));
#1069=EDGE_LOOP('',(#8057,#8058,#8059));
#1070=EDGE_LOOP('',(#8060,#8061,#8062,#8063,#8064,#8065,#8066));
#1071=EDGE_LOOP('',(#8067,#8068,#8069,#8070,#8071,#8072));
#1072=EDGE_LOOP('',(#8073,#8074,#8075,#8076,#8077,#8078,#8079));
#1073=EDGE_LOOP('',(#8080,#8081,#8082,#8083,#8084,#8085));
#1074=EDGE_LOOP('',(#8086,#8087,#8088,#8089,#8090,#8091,#8092));
#1075=EDGE_LOOP('',(#8093,#8094,#8095,#8096));
#1076=EDGE_LOOP('',(#8097,#8098,#8099,#8100,#8101,#8102));
#1077=EDGE_LOOP('',(#8103,#8104,#8105,#8106));
#1078=EDGE_LOOP('',(#8107,#8108,#8109,#8110,#8111,#8112,#8113));
#1079=EDGE_LOOP('',(#8114,#8115,#8116,#8117));
#1080=EDGE_LOOP('',(#8118,#8119,#8120,#8121,#8122));
#1081=EDGE_LOOP('',(#8123,#8124,#8125,#8126,#8127));
#1082=EDGE_LOOP('',(#8128,#8129,#8130,#8131));
#1083=EDGE_LOOP('',(#8132,#8133,#8134,#8135));
#1084=EDGE_LOOP('',(#8136,#8137,#8138,#8139));
#1085=EDGE_LOOP('',(#8140,#8141,#8142,#8143));
#1086=EDGE_LOOP('',(#8144,#8145,#8146,#8147,#8148));
#1087=EDGE_LOOP('',(#8149,#8150,#8151,#8152,#8153));
#1088=EDGE_LOOP('',(#8154,#8155,#8156,#8157));
#1089=EDGE_LOOP('',(#8158,#8159,#8160,#8161,#8162,#8163));
#1090=EDGE_LOOP('',(#8164,#8165,#8166,#8167));
#1091=EDGE_LOOP('',(#8168,#8169,#8170,#8171));
#1092=EDGE_LOOP('',(#8172,#8173,#8174,#8175,#8176,#8177,#8178));
#1093=EDGE_LOOP('',(#8179));
#1094=EDGE_LOOP('',(#8180));
#1095=EDGE_LOOP('',(#8181,#8182,#8183,#8184));
#1096=EDGE_LOOP('',(#8185,#8186,#8187,#8188,#8189,#8190));
#1097=EDGE_LOOP('',(#8191,#8192,#8193,#8194,#8195,#8196));
#1098=EDGE_LOOP('',(#8197,#8198,#8199,#8200,#8201,#8202));
#1099=EDGE_LOOP('',(#8203,#8204,#8205));
#1100=EDGE_LOOP('',(#8206,#8207,#8208,#8209));
#1101=EDGE_LOOP('',(#8210,#8211,#8212,#8213));
#1102=EDGE_LOOP('',(#8214,#8215,#8216));
#1103=EDGE_LOOP('',(#8217,#8218,#8219));
#1104=EDGE_LOOP('',(#8220,#8221,#8222,#8223));
#1105=EDGE_LOOP('',(#8224,#8225,#8226,#8227));
#1106=EDGE_LOOP('',(#8228,#8229,#8230));
#1107=EDGE_LOOP('',(#8231,#8232,#8233,#8234,#8235,#8236));
#1108=EDGE_LOOP('',(#8237,#8238,#8239,#8240,#8241,#8242));
#1109=EDGE_LOOP('',(#8243,#8244,#8245));
#1110=EDGE_LOOP('',(#8246,#8247,#8248,#8249));
#1111=EDGE_LOOP('',(#8250,#8251,#8252,#8253));
#1112=EDGE_LOOP('',(#8254,#8255,#8256));
#1113=EDGE_LOOP('',(#8257,#8258,#8259));
#1114=EDGE_LOOP('',(#8260,#8261,#8262,#8263));
#1115=EDGE_LOOP('',(#8264,#8265,#8266,#8267));
#1116=EDGE_LOOP('',(#8268,#8269,#8270));
#1117=EDGE_LOOP('',(#8271,#8272,#8273,#8274,#8275,#8276));
#1118=EDGE_LOOP('',(#8277,#8278,#8279,#8280));
#1119=EDGE_LOOP('',(#8281,#8282,#8283,#8284));
#1120=EDGE_LOOP('',(#8285,#8286,#8287,#8288));
#1121=EDGE_LOOP('',(#8289,#8290,#8291,#8292,#8293,#8294));
#1122=EDGE_LOOP('',(#8295,#8296));
#1123=EDGE_LOOP('',(#8297,#8298,#8299,#8300));
#1124=EDGE_LOOP('',(#8301,#8302,#8303,#8304));
#1125=EDGE_LOOP('',(#8305,#8306,#8307,#8308,#8309));
#1126=EDGE_LOOP('',(#8310,#8311,#8312,#8313,#8314,#8315));
#1127=EDGE_LOOP('',(#8316,#8317,#8318,#8319));
#1128=EDGE_LOOP('',(#8320,#8321,#8322,#8323));
#1129=EDGE_LOOP('',(#8324,#8325,#8326));
#1130=EDGE_LOOP('',(#8327,#8328,#8329));
#1131=EDGE_LOOP('',(#8330,#8331,#8332));
#1132=EDGE_LOOP('',(#8333,#8334,#8335));
#1133=EDGE_LOOP('',(#8336,#8337,#8338,#8339));
#1134=EDGE_LOOP('',(#8340,#8341,#8342,#8343,#8344));
#1135=EDGE_LOOP('',(#8345,#8346,#8347,#8348,#8349));
#1136=EDGE_LOOP('',(#8350,#8351,#8352,#8353));
#1137=EDGE_LOOP('',(#8354,#8355,#8356,#8357));
#1138=EDGE_LOOP('',(#8358,#8359,#8360,#8361));
#1139=EDGE_LOOP('',(#8362,#8363,#8364,#8365));
#1140=EDGE_LOOP('',(#8366,#8367,#8368,#8369));
#1141=EDGE_LOOP('',(#8370,#8371,#8372,#8373));
#1142=EDGE_LOOP('',(#8374,#8375,#8376,#8377));
#1143=EDGE_LOOP('',(#8378,#8379,#8380,#8381));
#1144=EDGE_LOOP('',(#8382,#8383,#8384,#8385));
#1145=EDGE_LOOP('',(#8386,#8387,#8388,#8389));
#1146=EDGE_LOOP('',(#8390,#8391,#8392,#8393,#8394,#8395));
#1147=EDGE_LOOP('',(#8396,#8397,#8398,#8399,#8400,#8401));
#1148=EDGE_LOOP('',(#8402,#8403,#8404,#8405));
#1149=EDGE_LOOP('',(#8406,#8407,#8408,#8409,#8410,#8411));
#1150=EDGE_LOOP('',(#8412,#8413,#8414,#8415,#8416,#8417));
#1151=EDGE_LOOP('',(#8418,#8419,#8420,#8421));
#1152=EDGE_LOOP('',(#8422,#8423,#8424,#8425,#8426));
#1153=EDGE_LOOP('',(#8427,#8428,#8429,#8430));
#1154=EDGE_LOOP('',(#8431,#8432,#8433,#8434,#8435,#8436,#8437,#8438,#8439));
#1155=EDGE_LOOP('',(#8440,#8441,#8442,#8443,#8444));
#1156=EDGE_LOOP('',(#8445,#8446,#8447,#8448,#8449));
#1157=EDGE_LOOP('',(#8450,#8451,#8452,#8453,#8454,#8455,#8456,#8457));
#1158=EDGE_LOOP('',(#8458,#8459,#8460,#8461));
#1159=EDGE_LOOP('',(#8462,#8463,#8464,#8465));
#1160=EDGE_LOOP('',(#8466,#8467,#8468,#8469));
#1161=EDGE_LOOP('',(#8470,#8471,#8472,#8473));
#1162=EDGE_LOOP('',(#8474,#8475,#8476,#8477,#8478,#8479,#8480,#8481,#8482));
#1163=EDGE_LOOP('',(#8483,#8484,#8485,#8486));
#1164=EDGE_LOOP('',(#8487,#8488,#8489,#8490,#8491,#8492,#8493,#8494,#8495));
#1165=EDGE_LOOP('',(#8496,#8497,#8498,#8499,#8500));
#1166=EDGE_LOOP('',(#8501,#8502,#8503,#8504));
#1167=EDGE_LOOP('',(#8505,#8506,#8507,#8508));
#1168=EDGE_LOOP('',(#8509,#8510,#8511,#8512,#8513));
#1169=EDGE_LOOP('',(#8514,#8515,#8516,#8517,#8518));
#1170=EDGE_LOOP('',(#8519,#8520,#8521,#8522));
#1171=EDGE_LOOP('',(#8523,#8524,#8525,#8526,#8527,#8528,#8529,#8530));
#1172=EDGE_LOOP('',(#8531,#8532,#8533,#8534,#8535,#8536));
#1173=EDGE_LOOP('',(#8537,#8538,#8539,#8540,#8541,#8542,#8543,#8544));
#1174=EDGE_LOOP('',(#8545,#8546,#8547,#8548,#8549,#8550,#8551,#8552));
#1175=EDGE_LOOP('',(#8553,#8554,#8555,#8556,#8557,#8558));
#1176=EDGE_LOOP('',(#8559,#8560,#8561,#8562,#8563,#8564,#8565,#8566));
#1177=EDGE_LOOP('',(#8567,#8568,#8569,#8570));
#1178=EDGE_LOOP('',(#8571,#8572,#8573,#8574));
#1179=EDGE_LOOP('',(#8575,#8576,#8577,#8578));
#1180=EDGE_LOOP('',(#8579,#8580,#8581,#8582));
#1181=EDGE_LOOP('',(#8583,#8584,#8585,#8586,#8587,#8588,#8589,#8590));
#1182=EDGE_LOOP('',(#8591,#8592,#8593,#8594));
#1183=EDGE_LOOP('',(#8595,#8596,#8597,#8598));
#1184=EDGE_LOOP('',(#8599,#8600,#8601,#8602));
#1185=EDGE_LOOP('',(#8603,#8604,#8605,#8606));
#1186=EDGE_LOOP('',(#8607,#8608,#8609,#8610));
#1187=EDGE_LOOP('',(#8611,#8612,#8613,#8614));
#1188=EDGE_LOOP('',(#8615,#8616,#8617,#8618));
#1189=EDGE_LOOP('',(#8619,#8620,#8621,#8622,#8623));
#1190=EDGE_LOOP('',(#8624,#8625,#8626,#8627));
#1191=EDGE_LOOP('',(#8628,#8629,#8630));
#1192=EDGE_LOOP('',(#8631,#8632,#8633,#8634));
#1193=EDGE_LOOP('',(#8635,#8636,#8637));
#1194=EDGE_LOOP('',(#8638,#8639,#8640,#8641));
#1195=EDGE_LOOP('',(#8642,#8643,#8644,#8645));
#1196=EDGE_LOOP('',(#8646,#8647,#8648,#8649,#8650,#8651,#8652));
#1197=EDGE_LOOP('',(#8653,#8654,#8655,#8656));
#1198=EDGE_LOOP('',(#8657,#8658,#8659,#8660,#8661,#8662,#8663,#8664,#8665,
#8666));
#1199=EDGE_LOOP('',(#8667,#8668,#8669,#8670,#8671,#8672,#8673));
#1200=EDGE_LOOP('',(#8674,#8675,#8676,#8677,#8678,#8679,#8680,#8681));
#1201=EDGE_LOOP('',(#8682,#8683,#8684,#8685,#8686,#8687,#8688,#8689,#8690,
#8691));
#1202=EDGE_LOOP('',(#8692,#8693,#8694,#8695));
#1203=EDGE_LOOP('',(#8696,#8697,#8698,#8699));
#1204=EDGE_LOOP('',(#8700,#8701,#8702,#8703));
#1205=EDGE_LOOP('',(#8704,#8705,#8706,#8707));
#1206=EDGE_LOOP('',(#8708,#8709));
#1207=EDGE_LOOP('',(#8710,#8711,#8712,#8713,#8714,#8715,#8716,#8717,#8718,
#8719,#8720,#8721,#8722,#8723,#8724,#8725,#8726,#8727,#8728,#8729));
#1208=EDGE_LOOP('',(#8730,#8731,#8732,#8733));
#1209=EDGE_LOOP('',(#8734,#8735,#8736,#8737));
#1210=EDGE_LOOP('',(#8738));
#1211=EDGE_LOOP('',(#8739,#8740,#8741,#8742));
#1212=EDGE_LOOP('',(#8743,#8744,#8745,#8746,#8747,#8748,#8749,#8750,#8751,
#8752,#8753,#8754,#8755,#8756,#8757,#8758,#8759,#8760));
#1213=EDGE_LOOP('',(#8761,#8762));
#1214=EDGE_LOOP('',(#8763,#8764,#8765,#8766));
#1215=EDGE_LOOP('',(#8767,#8768,#8769,#8770));
#1216=EDGE_LOOP('',(#8771,#8772,#8773,#8774,#8775,#8776));
#1217=EDGE_LOOP('',(#8777,#8778,#8779,#8780));
#1218=EDGE_LOOP('',(#8781,#8782,#8783,#8784));
#1219=EDGE_LOOP('',(#8785,#8786,#8787,#8788));
#1220=EDGE_LOOP('',(#8789,#8790,#8791,#8792));
#1221=EDGE_LOOP('',(#8793,#8794,#8795,#8796));
#1222=EDGE_LOOP('',(#8797,#8798,#8799,#8800));
#1223=EDGE_LOOP('',(#8801,#8802,#8803,#8804));
#1224=EDGE_LOOP('',(#8805,#8806,#8807,#8808));
#1225=EDGE_LOOP('',(#8809,#8810,#8811,#8812));
#1226=EDGE_LOOP('',(#8813,#8814,#8815,#8816));
#1227=EDGE_LOOP('',(#8817,#8818,#8819,#8820));
#1228=EDGE_LOOP('',(#8821,#8822,#8823,#8824));
#1229=EDGE_LOOP('',(#8825,#8826,#8827,#8828));
#1230=EDGE_LOOP('',(#8829,#8830,#8831,#8832));
#1231=EDGE_LOOP('',(#8833,#8834,#8835,#8836));
#1232=EDGE_LOOP('',(#8837,#8838,#8839,#8840));
#1233=EDGE_LOOP('',(#8841,#8842,#8843,#8844));
#1234=EDGE_LOOP('',(#8845,#8846,#8847,#8848));
#1235=EDGE_LOOP('',(#8849,#8850,#8851,#8852));
#1236=EDGE_LOOP('',(#8853,#8854,#8855));
#1237=EDGE_LOOP('',(#8856,#8857,#8858));
#1238=EDGE_LOOP('',(#8859,#8860,#8861,#8862,#8863,#8864));
#1239=EDGE_LOOP('',(#8865,#8866,#8867,#8868));
#1240=EDGE_LOOP('',(#8869,#8870,#8871,#8872,#8873,#8874));
#1241=EDGE_LOOP('',(#8875,#8876,#8877,#8878));
#1242=ELLIPSE('',#9814,4.45004632494746,0.200000000000001);
#1243=ELLIPSE('',#9816,4.45003715950243,0.200000000000001);
#1244=ELLIPSE('',#9829,9.30951820765405,7.675);
#1245=ELLIPSE('',#9848,8.99963801292047,7.675);
#1246=ELLIPSE('',#9853,8.63815572473391,1.50000000001015);
#1247=ELLIPSE('',#9855,1.19238517927512,0.200000000000001);
#1248=ELLIPSE('',#9868,0.203085314385399,0.199999999999998);
#1249=ELLIPSE('',#9869,0.203085314385255,0.199999999999939);
#1250=ELLIPSE('',#9879,8.1675644037806,7.67500000004905);
#1251=ELLIPSE('',#9888,7.79339924622324,7.675);
#1252=ELLIPSE('',#9890,9.05746375249992,7.675);
#1253=ELLIPSE('',#9891,8.99963801292047,7.675);
#1254=ELLIPSE('',#9899,4.96670014996641,2.99999999999934);
#1255=ELLIPSE('',#9900,4.66717148057887,2.99999999999958);
#1256=ELLIPSE('',#9901,2.56694431431865,1.65);
#1257=ELLIPSE('',#9902,2.56694431431865,1.65);
#1258=ELLIPSE('',#9905,3.19253331742792,2.99999999999966);
#1259=ELLIPSE('',#9906,3.19253331742843,3.00000000000061);
#1260=ELLIPSE('',#9938,1.19238517932976,0.200000000015625);
#1261=ELLIPSE('',#9940,8.63815572470955,1.50000000000491);
#1262=ELLIPSE('',#10057,1.48984888146648,1.40000000000011);
#1263=ELLIPSE('',#10183,3.19252457117553,2.99998356419252);
#1264=ELLIPSE('',#10185,3.04627983565751,3.00000000000035);
#1265=ELLIPSE('',#10210,8.77141320051688,3.00000000000668);
#1266=ELLIPSE('',#10245,12.3082635719114,1.4999999999363);
#1267=ELLIPSE('',#10248,12.3082635722612,1.4999999999866);
#1268=ELLIPSE('',#10317,1.19238493653599,0.199999999731418);
#1269=ELLIPSE('',#10328,1.15175405251693,0.199999995377493);
#1270=ELLIPSE('',#10352,5.01909918771661,4.9999999999999);
#1271=ELLIPSE('',#10431,9.31221169486133,7.675);
#1272=LINE('',#12927,#2505);
#1273=LINE('',#12935,#2506);
#1274=LINE('',#12937,#2507);
#1275=LINE('',#12939,#2508);
#1276=LINE('',#12940,#2509);
#1277=LINE('',#12944,#2510);
#1278=LINE('',#12945,#2511);
#1279=LINE('',#12946,#2512);
#1280=LINE('',#12949,#2513);
#1281=LINE('',#12950,#2514);
#1282=LINE('',#12953,#2515);
#1283=LINE('',#12954,#2516);
#1284=LINE('',#12956,#2517);
#1285=LINE('',#12961,#2518);
#1286=LINE('',#12965,#2519);
#1287=LINE('',#12966,#2520);
#1288=LINE('',#12970,#2521);
#1289=LINE('',#12972,#2522);
#1290=LINE('',#12974,#2523);
#1291=LINE('',#12975,#2524);
#1292=LINE('',#12979,#2525);
#1293=LINE('',#12981,#2526);
#1294=LINE('',#12983,#2527);
#1295=LINE('',#12984,#2528);
#1296=LINE('',#12986,#2529);
#1297=LINE('',#12990,#2530);
#1298=LINE('',#12991,#2531);
#1299=LINE('',#12997,#2532);
#1300=LINE('',#12998,#2533);
#1301=LINE('',#13002,#2534);
#1302=LINE('',#13004,#2535);
#1303=LINE('',#13007,#2536);
#1304=LINE('',#13011,#2537);
#1305=LINE('',#13013,#2538);
#1306=LINE('',#13015,#2539);
#1307=LINE('',#13017,#2540);
#1308=LINE('',#13019,#2541);
#1309=LINE('',#13021,#2542);
#1310=LINE('',#13022,#2543);
#1311=LINE('',#13088,#2544);
#1312=LINE('',#13095,#2545);
#1313=LINE('',#13097,#2546);
#1314=LINE('',#13099,#2547);
#1315=LINE('',#13100,#2548);
#1316=LINE('',#13109,#2549);
#1317=LINE('',#13111,#2550);
#1318=LINE('',#13113,#2551);
#1319=LINE('',#13114,#2552);
#1320=LINE('',#13121,#2553);
#1321=LINE('',#13126,#2554);
#1322=LINE('',#13128,#2555);
#1323=LINE('',#13130,#2556);
#1324=LINE('',#13131,#2557);
#1325=LINE('',#13134,#2558);
#1326=LINE('',#13138,#2559);
#1327=LINE('',#13220,#2560);
#1328=LINE('',#13249,#2561);
#1329=LINE('',#13253,#2562);
#1330=LINE('',#13255,#2563);
#1331=LINE('',#13257,#2564);
#1332=LINE('',#13259,#2565);
#1333=LINE('',#13261,#2566);
#1334=LINE('',#13263,#2567);
#1335=LINE('',#13265,#2568);
#1336=LINE('',#13267,#2569);
#1337=LINE('',#13269,#2570);
#1338=LINE('',#13270,#2571);
#1339=LINE('',#13274,#2572);
#1340=LINE('',#13278,#2573);
#1341=LINE('',#13286,#2574);
#1342=LINE('',#13287,#2575);
#1343=LINE('',#13290,#2576);
#1344=LINE('',#13294,#2577);
#1345=LINE('',#13296,#2578);
#1346=LINE('',#13298,#2579);
#1347=LINE('',#13299,#2580);
#1348=LINE('',#13302,#2581);
#1349=LINE('',#13304,#2582);
#1350=LINE('',#13305,#2583);
#1351=LINE('',#13308,#2584);
#1352=LINE('',#13310,#2585);
#1353=LINE('',#13312,#2586);
#1354=LINE('',#13313,#2587);
#1355=LINE('',#13316,#2588);
#1356=LINE('',#13318,#2589);
#1357=LINE('',#13320,#2590);
#1358=LINE('',#13322,#2591);
#1359=LINE('',#13324,#2592);
#1360=LINE('',#13326,#2593);
#1361=LINE('',#13328,#2594);
#1362=LINE('',#13330,#2595);
#1363=LINE('',#13332,#2596);
#1364=LINE('',#13334,#2597);
#1365=LINE('',#13336,#2598);
#1366=LINE('',#13338,#2599);
#1367=LINE('',#13340,#2600);
#1368=LINE('',#13342,#2601);
#1369=LINE('',#13346,#2602);
#1370=LINE('',#13348,#2603);
#1371=LINE('',#13350,#2604);
#1372=LINE('',#13352,#2605);
#1373=LINE('',#13357,#2606);
#1374=LINE('',#13359,#2607);
#1375=LINE('',#13361,#2608);
#1376=LINE('',#13363,#2609);
#1377=LINE('',#13365,#2610);
#1378=LINE('',#13367,#2611);
#1379=LINE('',#13369,#2612);
#1380=LINE('',#13371,#2613);
#1381=LINE('',#13373,#2614);
#1382=LINE('',#13375,#2615);
#1383=LINE('',#13377,#2616);
#1384=LINE('',#13379,#2617);
#1385=LINE('',#13381,#2618);
#1386=LINE('',#13383,#2619);
#1387=LINE('',#13385,#2620);
#1388=LINE('',#13387,#2621);
#1389=LINE('',#13389,#2622);
#1390=LINE('',#13391,#2623);
#1391=LINE('',#13393,#2624);
#1392=LINE('',#13395,#2625);
#1393=LINE('',#13397,#2626);
#1394=LINE('',#13399,#2627);
#1395=LINE('',#13401,#2628);
#1396=LINE('',#13403,#2629);
#1397=LINE('',#13405,#2630);
#1398=LINE('',#13407,#2631);
#1399=LINE('',#13409,#2632);
#1400=LINE('',#13411,#2633);
#1401=LINE('',#13412,#2634);
#1402=LINE('',#13415,#2635);
#1403=LINE('',#13416,#2636);
#1404=LINE('',#13419,#2637);
#1405=LINE('',#13421,#2638);
#1406=LINE('',#13423,#2639);
#1407=LINE('',#13425,#2640);
#1408=LINE('',#13426,#2641);
#1409=LINE('',#13430,#2642);
#1410=LINE('',#13431,#2643);
#1411=LINE('',#13433,#2644);
#1412=LINE('',#13435,#2645);
#1413=LINE('',#13437,#2646);
#1414=LINE('',#13439,#2647);
#1415=LINE('',#13441,#2648);
#1416=LINE('',#13443,#2649);
#1417=LINE('',#13445,#2650);
#1418=LINE('',#13447,#2651);
#1419=LINE('',#13449,#2652);
#1420=LINE('',#13451,#2653);
#1421=LINE('',#13453,#2654);
#1422=LINE('',#13455,#2655);
#1423=LINE('',#13457,#2656);
#1424=LINE('',#13459,#2657);
#1425=LINE('',#13461,#2658);
#1426=LINE('',#13463,#2659);
#1427=LINE('',#13465,#2660);
#1428=LINE('',#13467,#2661);
#1429=LINE('',#13469,#2662);
#1430=LINE('',#13471,#2663);
#1431=LINE('',#13473,#2664);
#1432=LINE('',#13475,#2665);
#1433=LINE('',#13477,#2666);
#1434=LINE('',#13479,#2667);
#1435=LINE('',#13481,#2668);
#1436=LINE('',#13483,#2669);
#1437=LINE('',#13485,#2670);
#1438=LINE('',#13487,#2671);
#1439=LINE('',#13489,#2672);
#1440=LINE('',#13491,#2673);
#1441=LINE('',#13493,#2674);
#1442=LINE('',#13495,#2675);
#1443=LINE('',#13497,#2676);
#1444=LINE('',#13499,#2677);
#1445=LINE('',#13501,#2678);
#1446=LINE('',#13503,#2679);
#1447=LINE('',#13505,#2680);
#1448=LINE('',#13507,#2681);
#1449=LINE('',#13509,#2682);
#1450=LINE('',#13511,#2683);
#1451=LINE('',#13513,#2684);
#1452=LINE('',#13515,#2685);
#1453=LINE('',#13517,#2686);
#1454=LINE('',#13519,#2687);
#1455=LINE('',#13521,#2688);
#1456=LINE('',#13523,#2689);
#1457=LINE('',#13525,#2690);
#1458=LINE('',#13527,#2691);
#1459=LINE('',#13531,#2692);
#1460=LINE('',#13533,#2693);
#1461=LINE('',#13535,#2694);
#1462=LINE('',#13537,#2695);
#1463=LINE('',#13541,#2696);
#1464=LINE('',#13545,#2697);
#1465=LINE('',#13547,#2698);
#1466=LINE('',#13549,#2699);
#1467=LINE('',#13551,#2700);
#1468=LINE('',#13553,#2701);
#1469=LINE('',#13555,#2702);
#1470=LINE('',#13557,#2703);
#1471=LINE('',#13559,#2704);
#1472=LINE('',#13560,#2705);
#1473=LINE('',#13562,#2706);
#1474=LINE('',#13564,#2707);
#1475=LINE('',#13566,#2708);
#1476=LINE('',#13568,#2709);
#1477=LINE('',#13570,#2710);
#1478=LINE('',#13575,#2711);
#1479=LINE('',#13577,#2712);
#1480=LINE('',#13579,#2713);
#1481=LINE('',#13581,#2714);
#1482=LINE('',#13585,#2715);
#1483=LINE('',#13587,#2716);
#1484=LINE('',#13589,#2717);
#1485=LINE('',#13591,#2718);
#1486=LINE('',#13593,#2719);
#1487=LINE('',#13595,#2720);
#1488=LINE('',#13597,#2721);
#1489=LINE('',#13599,#2722);
#1490=LINE('',#13601,#2723);
#1491=LINE('',#13603,#2724);
#1492=LINE('',#13605,#2725);
#1493=LINE('',#13607,#2726);
#1494=LINE('',#13609,#2727);
#1495=LINE('',#13610,#2728);
#1496=LINE('',#13612,#2729);
#1497=LINE('',#13614,#2730);
#1498=LINE('',#13616,#2731);
#1499=LINE('',#13618,#2732);
#1500=LINE('',#13620,#2733);
#1501=LINE('',#13622,#2734);
#1502=LINE('',#13624,#2735);
#1503=LINE('',#13626,#2736);
#1504=LINE('',#13628,#2737);
#1505=LINE('',#13630,#2738);
#1506=LINE('',#13632,#2739);
#1507=LINE('',#13634,#2740);
#1508=LINE('',#13636,#2741);
#1509=LINE('',#13638,#2742);
#1510=LINE('',#13640,#2743);
#1511=LINE('',#13642,#2744);
#1512=LINE('',#13644,#2745);
#1513=LINE('',#13646,#2746);
#1514=LINE('',#13648,#2747);
#1515=LINE('',#13650,#2748);
#1516=LINE('',#13652,#2749);
#1517=LINE('',#13654,#2750);
#1518=LINE('',#13656,#2751);
#1519=LINE('',#13657,#2752);
#1520=LINE('',#13663,#2753);
#1521=LINE('',#13664,#2754);
#1522=LINE('',#13666,#2755);
#1523=LINE('',#13667,#2756);
#1524=LINE('',#13671,#2757);
#1525=LINE('',#13673,#2758);
#1526=LINE('',#13674,#2759);
#1527=LINE('',#13676,#2760);
#1528=LINE('',#13678,#2761);
#1529=LINE('',#13680,#2762);
#1530=LINE('',#13682,#2763);
#1531=LINE('',#13684,#2764);
#1532=LINE('',#13686,#2765);
#1533=LINE('',#13688,#2766);
#1534=LINE('',#13690,#2767);
#1535=LINE('',#13692,#2768);
#1536=LINE('',#13694,#2769);
#1537=LINE('',#13696,#2770);
#1538=LINE('',#13698,#2771);
#1539=LINE('',#13700,#2772);
#1540=LINE('',#13702,#2773);
#1541=LINE('',#13704,#2774);
#1542=LINE('',#13706,#2775);
#1543=LINE('',#13708,#2776);
#1544=LINE('',#13710,#2777);
#1545=LINE('',#13711,#2778);
#1546=LINE('',#13712,#2779);
#1547=LINE('',#13713,#2780);
#1548=LINE('',#13717,#2781);
#1549=LINE('',#13719,#2782);
#1550=LINE('',#13720,#2783);
#1551=LINE('',#13721,#2784);
#1552=LINE('',#13722,#2785);
#1553=LINE('',#13724,#2786);
#1554=LINE('',#13726,#2787);
#1555=LINE('',#13728,#2788);
#1556=LINE('',#13729,#2789);
#1557=LINE('',#13733,#2790);
#1558=LINE('',#13735,#2791);
#1559=LINE('',#13737,#2792);
#1560=LINE('',#13739,#2793);
#1561=LINE('',#13741,#2794);
#1562=LINE('',#13743,#2795);
#1563=LINE('',#13745,#2796);
#1564=LINE('',#13747,#2797);
#1565=LINE('',#13749,#2798);
#1566=LINE('',#13751,#2799);
#1567=LINE('',#13753,#2800);
#1568=LINE('',#13754,#2801);
#1569=LINE('',#13755,#2802);
#1570=LINE('',#13759,#2803);
#1571=LINE('',#13761,#2804);
#1572=LINE('',#13762,#2805);
#1573=LINE('',#13764,#2806);
#1574=LINE('',#13766,#2807);
#1575=LINE('',#13768,#2808);
#1576=LINE('',#13769,#2809);
#1577=LINE('',#13774,#2810);
#1578=LINE('',#13776,#2811);
#1579=LINE('',#13777,#2812);
#1580=LINE('',#13780,#2813);
#1581=LINE('',#13783,#2814);
#1582=LINE('',#13784,#2815);
#1583=LINE('',#13786,#2816);
#1584=LINE('',#13790,#2817);
#1585=LINE('',#13794,#2818);
#1586=LINE('',#13798,#2819);
#1587=LINE('',#13802,#2820);
#1588=LINE('',#13806,#2821);
#1589=LINE('',#13810,#2822);
#1590=LINE('',#13813,#2823);
#1591=LINE('',#13815,#2824);
#1592=LINE('',#13818,#2825);
#1593=LINE('',#13820,#2826);
#1594=LINE('',#13867,#2827);
#1595=LINE('',#13868,#2828);
#1596=LINE('',#13870,#2829);
#1597=LINE('',#13872,#2830);
#1598=LINE('',#13874,#2831);
#1599=LINE('',#13875,#2832);
#1600=LINE('',#13879,#2833);
#1601=LINE('',#13880,#2834);
#1602=LINE('',#13881,#2835);
#1603=LINE('',#13885,#2836);
#1604=LINE('',#13887,#2837);
#1605=LINE('',#13888,#2838);
#1606=LINE('',#13890,#2839);
#1607=LINE('',#13891,#2840);
#1608=LINE('',#13893,#2841);
#1609=LINE('',#13894,#2842);
#1610=LINE('',#13896,#2843);
#1611=LINE('',#13897,#2844);
#1612=LINE('',#13899,#2845);
#1613=LINE('',#13900,#2846);
#1614=LINE('',#13903,#2847);
#1615=LINE('',#13906,#2848);
#1616=LINE('',#13909,#2849);
#1617=LINE('',#13911,#2850);
#1618=LINE('',#13913,#2851);
#1619=LINE('',#13915,#2852);
#1620=LINE('',#13917,#2853);
#1621=LINE('',#13919,#2854);
#1622=LINE('',#13921,#2855);
#1623=LINE('',#13925,#2856);
#1624=LINE('',#13929,#2857);
#1625=LINE('',#13931,#2858);
#1626=LINE('',#13933,#2859);
#1627=LINE('',#13934,#2860);
#1628=LINE('',#13937,#2861);
#1629=LINE('',#13944,#2862);
#1630=LINE('',#13945,#2863);
#1631=LINE('',#13946,#2864);
#1632=LINE('',#13949,#2865);
#1633=LINE('',#13950,#2866);
#1634=LINE('',#13952,#2867);
#1635=LINE('',#13956,#2868);
#1636=LINE('',#13960,#2869);
#1637=LINE('',#13962,#2870);
#1638=LINE('',#13964,#2871);
#1639=LINE('',#13966,#2872);
#1640=LINE('',#13967,#2873);
#1641=LINE('',#13971,#2874);
#1642=LINE('',#13973,#2875);
#1643=LINE('',#13975,#2876);
#1644=LINE('',#13977,#2877);
#1645=LINE('',#13979,#2878);
#1646=LINE('',#13981,#2879);
#1647=LINE('',#13983,#2880);
#1648=LINE('',#13985,#2881);
#1649=LINE('',#13987,#2882);
#1650=LINE('',#13988,#2883);
#1651=LINE('',#13992,#2884);
#1652=LINE('',#13994,#2885);
#1653=LINE('',#13996,#2886);
#1654=LINE('',#13997,#2887);
#1655=LINE('',#14003,#2888);
#1656=LINE('',#14006,#2889);
#1657=LINE('',#14010,#2890);
#1658=LINE('',#14012,#2891);
#1659=LINE('',#14014,#2892);
#1660=LINE('',#14016,#2893);
#1661=LINE('',#14017,#2894);
#1662=LINE('',#14019,#2895);
#1663=LINE('',#14021,#2896);
#1664=LINE('',#14022,#2897);
#1665=LINE('',#14024,#2898);
#1666=LINE('',#14027,#2899);
#1667=LINE('',#14029,#2900);
#1668=LINE('',#14030,#2901);
#1669=LINE('',#14128,#2902);
#1670=LINE('',#14130,#2903);
#1671=LINE('',#14201,#2904);
#1672=LINE('',#14204,#2905);
#1673=LINE('',#14205,#2906);
#1674=LINE('',#14208,#2907);
#1675=LINE('',#14209,#2908);
#1676=LINE('',#14213,#2909);
#1677=LINE('',#14215,#2910);
#1678=LINE('',#14217,#2911);
#1679=LINE('',#14218,#2912);
#1680=LINE('',#14220,#2913);
#1681=LINE('',#14221,#2914);
#1682=LINE('',#14225,#2915);
#1683=LINE('',#14227,#2916);
#1684=LINE('',#14229,#2917);
#1685=LINE('',#14233,#2918);
#1686=LINE('',#14237,#2919);
#1687=LINE('',#14239,#2920);
#1688=LINE('',#14240,#2921);
#1689=LINE('',#14242,#2922);
#1690=LINE('',#14243,#2923);
#1691=LINE('',#14247,#2924);
#1692=LINE('',#14248,#2925);
#1693=LINE('',#14250,#2926);
#1694=LINE('',#14252,#2927);
#1695=LINE('',#14254,#2928);
#1696=LINE('',#14256,#2929);
#1697=LINE('',#14258,#2930);
#1698=LINE('',#14260,#2931);
#1699=LINE('',#14262,#2932);
#1700=LINE('',#14264,#2933);
#1701=LINE('',#14266,#2934);
#1702=LINE('',#14268,#2935);
#1703=LINE('',#14269,#2936);
#1704=LINE('',#14271,#2937);
#1705=LINE('',#14272,#2938);
#1706=LINE('',#14274,#2939);
#1707=LINE('',#14275,#2940);
#1708=LINE('',#14279,#2941);
#1709=LINE('',#14280,#2942);
#1710=LINE('',#14281,#2943);
#1711=LINE('',#14284,#2944);
#1712=LINE('',#14286,#2945);
#1713=LINE('',#14287,#2946);
#1714=LINE('',#14291,#2947);
#1715=LINE('',#14293,#2948);
#1716=LINE('',#14294,#2949);
#1717=LINE('',#14296,#2950);
#1718=LINE('',#14297,#2951);
#1719=LINE('',#14302,#2952);
#1720=LINE('',#14304,#2953);
#1721=LINE('',#14305,#2954);
#1722=LINE('',#14307,#2955);
#1723=LINE('',#14309,#2956);
#1724=LINE('',#14311,#2957);
#1725=LINE('',#14313,#2958);
#1726=LINE('',#14315,#2959);
#1727=LINE('',#14317,#2960);
#1728=LINE('',#14319,#2961);
#1729=LINE('',#14321,#2962);
#1730=LINE('',#14323,#2963);
#1731=LINE('',#14325,#2964);
#1732=LINE('',#14327,#2965);
#1733=LINE('',#14329,#2966);
#1734=LINE('',#14331,#2967);
#1735=LINE('',#14333,#2968);
#1736=LINE('',#14335,#2969);
#1737=LINE('',#14337,#2970);
#1738=LINE('',#14339,#2971);
#1739=LINE('',#14341,#2972);
#1740=LINE('',#14343,#2973);
#1741=LINE('',#14345,#2974);
#1742=LINE('',#14347,#2975);
#1743=LINE('',#14349,#2976);
#1744=LINE('',#14351,#2977);
#1745=LINE('',#14353,#2978);
#1746=LINE('',#14355,#2979);
#1747=LINE('',#14357,#2980);
#1748=LINE('',#14359,#2981);
#1749=LINE('',#14361,#2982);
#1750=LINE('',#14363,#2983);
#1751=LINE('',#14365,#2984);
#1752=LINE('',#14367,#2985);
#1753=LINE('',#14369,#2986);
#1754=LINE('',#14371,#2987);
#1755=LINE('',#14373,#2988);
#1756=LINE('',#14375,#2989);
#1757=LINE('',#14377,#2990);
#1758=LINE('',#14379,#2991);
#1759=LINE('',#14381,#2992);
#1760=LINE('',#14383,#2993);
#1761=LINE('',#14387,#2994);
#1762=LINE('',#14390,#2995);
#1763=LINE('',#14391,#2996);
#1764=LINE('',#14395,#2997);
#1765=LINE('',#14396,#2998);
#1766=LINE('',#14398,#2999);
#1767=LINE('',#14408,#3000);
#1768=LINE('',#14410,#3001);
#1769=LINE('',#14412,#3002);
#1770=LINE('',#14413,#3003);
#1771=LINE('',#14415,#3004);
#1772=LINE('',#14417,#3005);
#1773=LINE('',#14419,#3006);
#1774=LINE('',#14421,#3007);
#1775=LINE('',#14422,#3008);
#1776=LINE('',#14426,#3009);
#1777=LINE('',#14428,#3010);
#1778=LINE('',#14430,#3011);
#1779=LINE('',#14431,#3012);
#1780=LINE('',#14433,#3013);
#1781=LINE('',#14435,#3014);
#1782=LINE('',#14436,#3015);
#1783=LINE('',#14438,#3016);
#1784=LINE('',#14440,#3017);
#1785=LINE('',#14441,#3018);
#1786=LINE('',#14445,#3019);
#1787=LINE('',#14447,#3020);
#1788=LINE('',#14449,#3021);
#1789=LINE('',#14451,#3022);
#1790=LINE('',#14453,#3023);
#1791=LINE('',#14455,#3024);
#1792=LINE('',#14457,#3025);
#1793=LINE('',#14458,#3026);
#1794=LINE('',#14460,#3027);
#1795=LINE('',#14462,#3028);
#1796=LINE('',#14463,#3029);
#1797=LINE('',#14467,#3030);
#1798=LINE('',#14469,#3031);
#1799=LINE('',#14471,#3032);
#1800=LINE('',#14472,#3033);
#1801=LINE('',#14476,#3034);
#1802=LINE('',#14477,#3035);
#1803=LINE('',#14478,#3036);
#1804=LINE('',#14481,#3037);
#1805=LINE('',#14484,#3038);
#1806=LINE('',#14485,#3039);
#1807=LINE('',#14489,#3040);
#1808=LINE('',#14491,#3041);
#1809=LINE('',#14493,#3042);
#1810=LINE('',#14495,#3043);
#1811=LINE('',#14497,#3044);
#1812=LINE('',#14499,#3045);
#1813=LINE('',#14501,#3046);
#1814=LINE('',#14503,#3047);
#1815=LINE('',#14505,#3048);
#1816=LINE('',#14507,#3049);
#1817=LINE('',#14509,#3050);
#1818=LINE('',#14511,#3051);
#1819=LINE('',#14512,#3052);
#1820=LINE('',#14515,#3053);
#1821=LINE('',#14517,#3054);
#1822=LINE('',#14519,#3055);
#1823=LINE('',#14520,#3056);
#1824=LINE('',#14523,#3057);
#1825=LINE('',#14525,#3058);
#1826=LINE('',#14527,#3059);
#1827=LINE('',#14528,#3060);
#1828=LINE('',#14532,#3061);
#1829=LINE('',#14534,#3062);
#1830=LINE('',#14535,#3063);
#1831=LINE('',#14537,#3064);
#1832=LINE('',#14538,#3065);
#1833=LINE('',#14546,#3066);
#1834=LINE('',#14547,#3067);
#1835=LINE('',#14548,#3068);
#1836=LINE('',#14552,#3069);
#1837=LINE('',#14553,#3070);
#1838=LINE('',#14555,#3071);
#1839=LINE('',#14556,#3072);
#1840=LINE('',#14558,#3073);
#1841=LINE('',#14559,#3074);
#1842=LINE('',#14561,#3075);
#1843=LINE('',#14562,#3076);
#1844=LINE('',#14565,#3077);
#1845=LINE('',#14567,#3078);
#1846=LINE('',#14569,#3079);
#1847=LINE('',#14570,#3080);
#1848=LINE('',#14573,#3081);
#1849=LINE('',#14575,#3082);
#1850=LINE('',#14577,#3083);
#1851=LINE('',#14578,#3084);
#1852=LINE('',#14582,#3085);
#1853=LINE('',#14586,#3086);
#1854=LINE('',#14590,#3087);
#1855=LINE('',#14594,#3088);
#1856=LINE('',#14599,#3089);
#1857=LINE('',#14603,#3090);
#1858=LINE('',#14608,#3091);
#1859=LINE('',#14612,#3092);
#1860=LINE('',#14616,#3093);
#1861=LINE('',#14618,#3094);
#1862=LINE('',#14619,#3095);
#1863=LINE('',#14621,#3096);
#1864=LINE('',#14623,#3097);
#1865=LINE('',#14624,#3098);
#1866=LINE('',#14626,#3099);
#1867=LINE('',#14628,#3100);
#1868=LINE('',#14629,#3101);
#1869=LINE('',#14631,#3102);
#1870=LINE('',#14634,#3103);
#1871=LINE('',#14635,#3104);
#1872=LINE('',#14636,#3105);
#1873=LINE('',#14637,#3106);
#1874=LINE('',#14639,#3107);
#1875=LINE('',#14641,#3108);
#1876=LINE('',#14643,#3109);
#1877=LINE('',#14644,#3110);
#1878=LINE('',#14645,#3111);
#1879=LINE('',#14649,#3112);
#1880=LINE('',#14653,#3113);
#1881=LINE('',#14655,#3114);
#1882=LINE('',#14657,#3115);
#1883=LINE('',#14659,#3116);
#1884=LINE('',#14661,#3117);
#1885=LINE('',#14662,#3118);
#1886=LINE('',#14665,#3119);
#1887=LINE('',#14667,#3120);
#1888=LINE('',#14668,#3121);
#1889=LINE('',#14670,#3122);
#1890=LINE('',#14671,#3123);
#1891=LINE('',#14673,#3124);
#1892=LINE('',#14674,#3125);
#1893=LINE('',#14694,#3126);
#1894=LINE('',#14703,#3127);
#1895=LINE('',#14705,#3128);
#1896=LINE('',#14707,#3129);
#1897=LINE('',#14709,#3130);
#1898=LINE('',#14710,#3131);
#1899=LINE('',#14719,#3132);
#1900=LINE('',#14721,#3133);
#1901=LINE('',#14722,#3134);
#1902=LINE('',#14727,#3135);
#1903=LINE('',#14729,#3136);
#1904=LINE('',#14730,#3137);
#1905=LINE('',#14735,#3138);
#1906=LINE('',#14736,#3139);
#1907=LINE('',#14748,#3140);
#1908=LINE('',#14751,#3141);
#1909=LINE('',#14752,#3142);
#1910=LINE('',#14756,#3143);
#1911=LINE('',#14758,#3144);
#1912=LINE('',#14760,#3145);
#1913=LINE('',#14762,#3146);
#1914=LINE('',#14764,#3147);
#1915=LINE('',#14766,#3148);
#1916=LINE('',#14768,#3149);
#1917=LINE('',#14772,#3150);
#1918=LINE('',#14774,#3151);
#1919=LINE('',#14776,#3152);
#1920=LINE('',#14778,#3153);
#1921=LINE('',#14780,#3154);
#1922=LINE('',#14782,#3155);
#1923=LINE('',#14786,#3156);
#1924=LINE('',#14791,#3157);
#1925=LINE('',#14795,#3158);
#1926=LINE('',#14796,#3159);
#1927=LINE('',#14800,#3160);
#1928=LINE('',#14802,#3161);
#1929=LINE('',#14809,#3162);
#1930=LINE('',#14817,#3163);
#1931=LINE('',#14826,#3164);
#1932=LINE('',#14830,#3165);
#1933=LINE('',#14834,#3166);
#1934=LINE('',#14838,#3167);
#1935=LINE('',#14841,#3168);
#1936=LINE('',#14845,#3169);
#1937=LINE('',#14849,#3170);
#1938=LINE('',#14853,#3171);
#1939=LINE('',#14856,#3172);
#1940=LINE('',#14862,#3173);
#1941=LINE('',#14866,#3174);
#1942=LINE('',#14870,#3175);
#1943=LINE('',#14874,#3176);
#1944=LINE('',#14877,#3177);
#1945=LINE('',#14881,#3178);
#1946=LINE('',#14885,#3179);
#1947=LINE('',#14889,#3180);
#1948=LINE('',#14892,#3181);
#1949=LINE('',#14896,#3182);
#1950=LINE('',#14898,#3183);
#1951=LINE('',#14900,#3184);
#1952=LINE('',#14906,#3185);
#1953=LINE('',#14911,#3186);
#1954=LINE('',#14915,#3187);
#1955=LINE('',#14921,#3188);
#1956=LINE('',#14934,#3189);
#1957=LINE('',#14967,#3190);
#1958=LINE('',#14974,#3191);
#1959=LINE('',#14975,#3192);
#1960=LINE('',#14976,#3193);
#1961=LINE('',#14979,#3194);
#1962=LINE('',#14981,#3195);
#1963=LINE('',#14982,#3196);
#1964=LINE('',#14986,#3197);
#1965=LINE('',#14987,#3198);
#1966=LINE('',#14988,#3199);
#1967=LINE('',#14991,#3200);
#1968=LINE('',#14993,#3201);
#1969=LINE('',#14994,#3202);
#1970=LINE('',#14997,#3203);
#1971=LINE('',#14999,#3204);
#1972=LINE('',#15000,#3205);
#1973=LINE('',#15003,#3206);
#1974=LINE('',#15004,#3207);
#1975=LINE('',#15008,#3208);
#1976=LINE('',#15009,#3209);
#1977=LINE('',#15010,#3210);
#1978=LINE('',#15014,#3211);
#1979=LINE('',#15015,#3212);
#1980=LINE('',#15016,#3213);
#1981=LINE('',#15020,#3214);
#1982=LINE('',#15021,#3215);
#1983=LINE('',#15022,#3216);
#1984=LINE('',#15025,#3217);
#1985=LINE('',#15027,#3218);
#1986=LINE('',#15028,#3219);
#1987=LINE('',#15031,#3220);
#1988=LINE('',#15033,#3221);
#1989=LINE('',#15034,#3222);
#1990=LINE('',#15036,#3223);
#1991=LINE('',#15037,#3224);
#1992=LINE('',#15040,#3225);
#1993=LINE('',#15042,#3226);
#1994=LINE('',#15043,#3227);
#1995=LINE('',#15045,#3228);
#1996=LINE('',#15047,#3229);
#1997=LINE('',#15049,#3230);
#1998=LINE('',#15050,#3231);
#1999=LINE('',#15054,#3232);
#2000=LINE('',#15055,#3233);
#2001=LINE('',#15056,#3234);
#2002=LINE('',#15058,#3235);
#2003=LINE('',#15062,#3236);
#2004=LINE('',#15063,#3237);
#2005=LINE('',#15064,#3238);
#2006=LINE('',#15066,#3239);
#2007=LINE('',#15068,#3240);
#2008=LINE('',#15072,#3241);
#2009=LINE('',#15073,#3242);
#2010=LINE('',#15074,#3243);
#2011=LINE('',#15076,#3244);
#2012=LINE('',#15078,#3245);
#2013=LINE('',#15081,#3246);
#2014=LINE('',#15083,#3247);
#2015=LINE('',#15087,#3248);
#2016=LINE('',#15088,#3249);
#2017=LINE('',#15089,#3250);
#2018=LINE('',#15091,#3251);
#2019=LINE('',#15093,#3252);
#2020=LINE('',#15095,#3253);
#2021=LINE('',#15097,#3254);
#2022=LINE('',#15101,#3255);
#2023=LINE('',#15102,#3256);
#2024=LINE('',#15103,#3257);
#2025=LINE('',#15105,#3258);
#2026=LINE('',#15108,#3259);
#2027=LINE('',#15110,#3260);
#2028=LINE('',#15111,#3261);
#2029=LINE('',#15113,#3262);
#2030=LINE('',#15116,#3263);
#2031=LINE('',#15118,#3264);
#2032=LINE('',#15119,#3265);
#2033=LINE('',#15121,#3266);
#2034=LINE('',#15123,#3267);
#2035=LINE('',#15125,#3268);
#2036=LINE('',#15129,#3269);
#2037=LINE('',#15130,#3270);
#2038=LINE('',#15131,#3271);
#2039=LINE('',#15133,#3272);
#2040=LINE('',#15135,#3273);
#2041=LINE('',#15137,#3274);
#2042=LINE('',#15139,#3275);
#2043=LINE('',#15141,#3276);
#2044=LINE('',#15144,#3277);
#2045=LINE('',#15146,#3278);
#2046=LINE('',#15147,#3279);
#2047=LINE('',#15149,#3280);
#2048=LINE('',#15151,#3281);
#2049=LINE('',#15154,#3282);
#2050=LINE('',#15156,#3283);
#2051=LINE('',#15157,#3284);
#2052=LINE('',#15159,#3285);
#2053=LINE('',#15163,#3286);
#2054=LINE('',#15164,#3287);
#2055=LINE('',#15165,#3288);
#2056=LINE('',#15167,#3289);
#2057=LINE('',#15169,#3290);
#2058=LINE('',#15171,#3291);
#2059=LINE('',#15173,#3292);
#2060=LINE('',#15177,#3293);
#2061=LINE('',#15178,#3294);
#2062=LINE('',#15179,#3295);
#2063=LINE('',#15181,#3296);
#2064=LINE('',#15183,#3297);
#2065=LINE('',#15185,#3298);
#2066=LINE('',#15188,#3299);
#2067=LINE('',#15189,#3300);
#2068=LINE('',#15191,#3301);
#2069=LINE('',#15195,#3302);
#2070=LINE('',#15196,#3303);
#2071=LINE('',#15197,#3304);
#2072=LINE('',#15199,#3305);
#2073=LINE('',#15201,#3306);
#2074=LINE('',#15204,#3307);
#2075=LINE('',#15206,#3308);
#2076=LINE('',#15207,#3309);
#2077=LINE('',#15209,#3310);
#2078=LINE('',#15212,#3311);
#2079=LINE('',#15214,#3312);
#2080=LINE('',#15215,#3313);
#2081=LINE('',#15217,#3314);
#2082=LINE('',#15219,#3315);
#2083=LINE('',#15221,#3316);
#2084=LINE('',#15223,#3317);
#2085=LINE('',#15225,#3318);
#2086=LINE('',#15227,#3319);
#2087=LINE('',#15229,#3320);
#2088=LINE('',#15231,#3321);
#2089=LINE('',#15234,#3322);
#2090=LINE('',#15235,#3323);
#2091=LINE('',#15237,#3324);
#2092=LINE('',#15240,#3325);
#2093=LINE('',#15242,#3326);
#2094=LINE('',#15243,#3327);
#2095=LINE('',#15245,#3328);
#2096=LINE('',#15247,#3329);
#2097=LINE('',#15250,#3330);
#2098=LINE('',#15252,#3331);
#2099=LINE('',#15253,#3332);
#2100=LINE('',#15257,#3333);
#2101=LINE('',#15258,#3334);
#2102=LINE('',#15259,#3335);
#2103=LINE('',#15263,#3336);
#2104=LINE('',#15264,#3337);
#2105=LINE('',#15265,#3338);
#2106=LINE('',#15267,#3339);
#2107=LINE('',#15271,#3340);
#2108=LINE('',#15272,#3341);
#2109=LINE('',#15273,#3342);
#2110=LINE('',#15275,#3343);
#2111=LINE('',#15277,#3344);
#2112=LINE('',#15279,#3345);
#2113=LINE('',#15282,#3346);
#2114=LINE('',#15283,#3347);
#2115=LINE('',#15286,#3348);
#2116=LINE('',#15287,#3349);
#2117=LINE('',#15288,#3350);
#2118=LINE('',#15290,#3351);
#2119=LINE('',#15291,#3352);
#2120=LINE('',#15292,#3353);
#2121=LINE('',#15293,#3354);
#2122=LINE('',#15295,#3355);
#2123=LINE('',#15298,#3356);
#2124=LINE('',#15300,#3357);
#2125=LINE('',#15307,#3358);
#2126=LINE('',#15309,#3359);
#2127=LINE('',#15310,#3360);
#2128=LINE('',#15312,#3361);
#2129=LINE('',#15313,#3362);
#2130=LINE('',#15315,#3363);
#2131=LINE('',#15318,#3364);
#2132=LINE('',#15319,#3365);
#2133=LINE('',#15323,#3366);
#2134=LINE('',#15324,#3367);
#2135=LINE('',#15325,#3368);
#2136=LINE('',#15327,#3369);
#2137=LINE('',#15329,#3370);
#2138=LINE('',#15331,#3371);
#2139=LINE('',#15333,#3372);
#2140=LINE('',#15334,#3373);
#2141=LINE('',#15338,#3374);
#2142=LINE('',#15340,#3375);
#2143=LINE('',#15341,#3376);
#2144=LINE('',#15342,#3377);
#2145=LINE('',#15345,#3378);
#2146=LINE('',#15346,#3379);
#2147=LINE('',#15349,#3380);
#2148=LINE('',#15350,#3381);
#2149=LINE('',#15352,#3382);
#2150=LINE('',#15356,#3383);
#2151=LINE('',#15358,#3384);
#2152=LINE('',#15360,#3385);
#2153=LINE('',#15361,#3386);
#2154=LINE('',#15363,#3387);
#2155=LINE('',#15364,#3388);
#2156=LINE('',#15367,#3389);
#2157=LINE('',#15369,#3390);
#2158=LINE('',#15370,#3391);
#2159=LINE('',#15372,#3392);
#2160=LINE('',#15375,#3393);
#2161=LINE('',#15377,#3394);
#2162=LINE('',#15378,#3395);
#2163=LINE('',#15380,#3396);
#2164=LINE('',#15382,#3397);
#2165=LINE('',#15384,#3398);
#2166=LINE('',#15389,#3399);
#2167=LINE('',#15399,#3400);
#2168=LINE('',#15400,#3401);
#2169=LINE('',#15404,#3402);
#2170=LINE('',#15406,#3403);
#2171=LINE('',#15407,#3404);
#2172=LINE('',#15408,#3405);
#2173=LINE('',#15411,#3406);
#2174=LINE('',#15412,#3407);
#2175=LINE('',#15416,#3408);
#2176=LINE('',#15418,#3409);
#2177=LINE('',#15420,#3410);
#2178=LINE('',#15421,#3411);
#2179=LINE('',#15423,#3412);
#2180=LINE('',#15425,#3413);
#2181=LINE('',#15426,#3414);
#2182=LINE('',#15429,#3415);
#2183=LINE('',#15431,#3416);
#2184=LINE('',#15433,#3417);
#2185=LINE('',#15434,#3418);
#2186=LINE('',#15436,#3419);
#2187=LINE('',#15439,#3420);
#2188=LINE('',#15440,#3421);
#2189=LINE('',#15442,#3422);
#2190=LINE('',#15445,#3423);
#2191=LINE('',#15449,#3424);
#2192=LINE('',#15451,#3425);
#2193=LINE('',#15453,#3426);
#2194=LINE('',#15454,#3427);
#2195=LINE('',#15457,#3428);
#2196=LINE('',#15458,#3429);
#2197=LINE('',#15460,#3430);
#2198=LINE('',#15463,#3431);
#2199=LINE('',#15464,#3432);
#2200=LINE('',#15467,#3433);
#2201=LINE('',#15469,#3434);
#2202=LINE('',#15470,#3435);
#2203=LINE('',#15473,#3436);
#2204=LINE('',#15475,#3437);
#2205=LINE('',#15476,#3438);
#2206=LINE('',#15479,#3439);
#2207=LINE('',#15480,#3440);
#2208=LINE('',#15483,#3441);
#2209=LINE('',#15484,#3442);
#2210=LINE('',#15486,#3443);
#2211=LINE('',#15488,#3444);
#2212=LINE('',#15489,#3445);
#2213=LINE('',#15491,#3446);
#2214=LINE('',#15492,#3447);
#2215=LINE('',#15494,#3448);
#2216=LINE('',#15497,#3449);
#2217=LINE('',#15498,#3450);
#2218=LINE('',#15500,#3451);
#2219=LINE('',#15501,#3452);
#2220=LINE('',#15508,#3453);
#2221=LINE('',#15510,#3454);
#2222=LINE('',#15512,#3455);
#2223=LINE('',#15513,#3456);
#2224=LINE('',#15515,#3457);
#2225=LINE('',#15517,#3458);
#2226=LINE('',#15519,#3459);
#2227=LINE('',#15522,#3460);
#2228=LINE('',#15526,#3461);
#2229=LINE('',#15527,#3462);
#2230=LINE('',#15528,#3463);
#2231=LINE('',#15530,#3464);
#2232=LINE('',#15532,#3465);
#2233=LINE('',#15534,#3466);
#2234=LINE('',#15535,#3467);
#2235=LINE('',#15537,#3468);
#2236=LINE('',#15539,#3469);
#2237=LINE('',#15541,#3470);
#2238=LINE('',#15544,#3471);
#2239=LINE('',#15545,#3472);
#2240=LINE('',#15547,#3473);
#2241=LINE('',#15549,#3474);
#2242=LINE('',#15555,#3475);
#2243=LINE('',#15558,#3476);
#2244=LINE('',#15559,#3477);
#2245=LINE('',#15562,#3478);
#2246=LINE('',#15565,#3479);
#2247=LINE('',#15567,#3480);
#2248=LINE('',#15568,#3481);
#2249=LINE('',#15571,#3482);
#2250=LINE('',#15573,#3483);
#2251=LINE('',#15574,#3484);
#2252=LINE('',#15577,#3485);
#2253=LINE('',#15579,#3486);
#2254=LINE('',#15580,#3487);
#2255=LINE('',#15584,#3488);
#2256=LINE('',#15587,#3489);
#2257=LINE('',#15591,#3490);
#2258=LINE('',#15593,#3491);
#2259=LINE('',#15595,#3492);
#2260=LINE('',#15598,#3493);
#2261=LINE('',#15603,#3494);
#2262=LINE('',#15605,#3495);
#2263=LINE('',#15609,#3496);
#2264=LINE('',#15610,#3497);
#2265=LINE('',#15612,#3498);
#2266=LINE('',#15614,#3499);
#2267=LINE('',#15615,#3500);
#2268=LINE('',#15618,#3501);
#2269=LINE('',#15620,#3502);
#2270=LINE('',#15622,#3503);
#2271=LINE('',#15624,#3504);
#2272=LINE('',#15625,#3505);
#2273=LINE('',#15629,#3506);
#2274=LINE('',#15630,#3507);
#2275=LINE('',#15632,#3508);
#2276=LINE('',#15634,#3509);
#2277=LINE('',#15635,#3510);
#2278=LINE('',#15638,#3511);
#2279=LINE('',#15640,#3512);
#2280=LINE('',#15642,#3513);
#2281=LINE('',#15644,#3514);
#2282=LINE('',#15645,#3515);
#2283=LINE('',#15649,#3516);
#2284=LINE('',#15650,#3517);
#2285=LINE('',#15651,#3518);
#2286=LINE('',#15653,#3519);
#2287=LINE('',#15656,#3520);
#2288=LINE('',#15657,#3521);
#2289=LINE('',#15659,#3522);
#2290=LINE('',#15660,#3523);
#2291=LINE('',#15662,#3524);
#2292=LINE('',#15666,#3525);
#2293=LINE('',#15668,#3526);
#2294=LINE('',#15670,#3527);
#2295=LINE('',#15671,#3528);
#2296=LINE('',#15672,#3529);
#2297=LINE('',#15676,#3530);
#2298=LINE('',#15677,#3531);
#2299=LINE('',#15679,#3532);
#2300=LINE('',#15681,#3533);
#2301=LINE('',#15682,#3534);
#2302=LINE('',#15686,#3535);
#2303=LINE('',#15687,#3536);
#2304=LINE('',#15688,#3537);
#2305=LINE('',#15691,#3538);
#2306=LINE('',#15693,#3539);
#2307=LINE('',#15694,#3540);
#2308=LINE('',#15697,#3541);
#2309=LINE('',#15700,#3542);
#2310=LINE('',#15702,#3543);
#2311=LINE('',#15710,#3544);
#2312=LINE('',#15714,#3545);
#2313=LINE('',#15716,#3546);
#2314=LINE('',#15718,#3547);
#2315=LINE('',#15720,#3548);
#2316=LINE('',#15721,#3549);
#2317=LINE('',#15724,#3550);
#2318=LINE('',#15726,#3551);
#2319=LINE('',#15728,#3552);
#2320=LINE('',#15730,#3553);
#2321=LINE('',#15731,#3554);
#2322=LINE('',#15734,#3555);
#2323=LINE('',#15735,#3556);
#2324=LINE('',#15736,#3557);
#2325=LINE('',#15738,#3558);
#2326=LINE('',#15742,#3559);
#2327=LINE('',#15743,#3560);
#2328=LINE('',#15745,#3561);
#2329=LINE('',#15748,#3562);
#2330=LINE('',#15749,#3563);
#2331=LINE('',#15751,#3564);
#2332=LINE('',#15754,#3565);
#2333=LINE('',#15755,#3566);
#2334=LINE('',#15757,#3567);
#2335=LINE('',#15759,#3568);
#2336=LINE('',#15762,#3569);
#2337=LINE('',#15763,#3570);
#2338=LINE('',#15764,#3571);
#2339=LINE('',#15766,#3572);
#2340=LINE('',#15770,#3573);
#2341=LINE('',#15771,#3574);
#2342=LINE('',#15773,#3575);
#2343=LINE('',#15776,#3576);
#2344=LINE('',#15777,#3577);
#2345=LINE('',#15779,#3578);
#2346=LINE('',#15782,#3579);
#2347=LINE('',#15783,#3580);
#2348=LINE('',#15785,#3581);
#2349=LINE('',#15787,#3582);
#2350=LINE('',#15790,#3583);
#2351=LINE('',#15810,#3584);
#2352=LINE('',#15812,#3585);
#2353=LINE('',#15815,#3586);
#2354=LINE('',#15817,#3587);
#2355=LINE('',#15818,#3588);
#2356=LINE('',#15822,#3589);
#2357=LINE('',#15825,#3590);
#2358=LINE('',#15826,#3591);
#2359=LINE('',#15830,#3592);
#2360=LINE('',#15841,#3593);
#2361=LINE('',#15843,#3594);
#2362=LINE('',#15844,#3595);
#2363=LINE('',#15846,#3596);
#2364=LINE('',#15848,#3597);
#2365=LINE('',#15850,#3598);
#2366=LINE('',#15852,#3599);
#2367=LINE('',#15854,#3600);
#2368=LINE('',#15857,#3601);
#2369=LINE('',#15859,#3602);
#2370=LINE('',#15860,#3603);
#2371=LINE('',#15887,#3604);
#2372=LINE('',#15890,#3605);
#2373=LINE('',#15893,#3606);
#2374=LINE('',#15894,#3607);
#2375=LINE('',#15897,#3608);
#2376=LINE('',#15900,#3609);
#2377=LINE('',#15902,#3610);
#2378=LINE('',#15906,#3611);
#2379=LINE('',#15907,#3612);
#2380=LINE('',#15910,#3613);
#2381=LINE('',#15911,#3614);
#2382=LINE('',#15913,#3615);
#2383=LINE('',#15914,#3616);
#2384=LINE('',#15917,#3617);
#2385=LINE('',#15918,#3618);
#2386=LINE('',#15921,#3619);
#2387=LINE('',#15922,#3620);
#2388=LINE('',#15924,#3621);
#2389=LINE('',#15925,#3622);
#2390=LINE('',#15928,#3623);
#2391=LINE('',#15929,#3624);
#2392=LINE('',#15931,#3625);
#2393=LINE('',#15933,#3626);
#2394=LINE('',#15934,#3627);
#2395=LINE('',#15937,#3628);
#2396=LINE('',#15943,#3629);
#2397=LINE('',#15945,#3630);
#2398=LINE('',#15948,#3631);
#2399=LINE('',#15951,#3632);
#2400=LINE('',#15954,#3633);
#2401=LINE('',#15956,#3634);
#2402=LINE('',#15957,#3635);
#2403=LINE('',#15961,#3636);
#2404=LINE('',#15963,#3637);
#2405=LINE('',#15964,#3638);
#2406=LINE('',#15967,#3639);
#2407=LINE('',#15968,#3640);
#2408=LINE('',#15970,#3641);
#2409=LINE('',#15973,#3642);
#2410=LINE('',#15974,#3643);
#2411=LINE('',#15978,#3644);
#2412=LINE('',#15979,#3645);
#2413=LINE('',#15980,#3646);
#2414=LINE('',#15982,#3647);
#2415=LINE('',#15984,#3648);
#2416=LINE('',#15986,#3649);
#2417=LINE('',#15988,#3650);
#2418=LINE('',#15991,#3651);
#2419=LINE('',#15993,#3652);
#2420=LINE('',#15996,#3653);
#2421=LINE('',#15999,#3654);
#2422=LINE('',#16000,#3655);
#2423=LINE('',#16002,#3656);
#2424=LINE('',#16015,#3657);
#2425=LINE('',#16016,#3658);
#2426=LINE('',#16019,#3659);
#2427=LINE('',#16021,#3660);
#2428=LINE('',#16022,#3661);
#2429=LINE('',#16025,#3662);
#2430=LINE('',#16027,#3663);
#2431=LINE('',#16028,#3664);
#2432=LINE('',#16030,#3665);
#2433=LINE('',#16033,#3666);
#2434=LINE('',#16034,#3667);
#2435=LINE('',#16036,#3668);
#2436=LINE('',#16039,#3669);
#2437=LINE('',#16040,#3670);
#2438=LINE('',#16043,#3671);
#2439=LINE('',#16045,#3672);
#2440=LINE('',#16046,#3673);
#2441=LINE('',#16049,#3674);
#2442=LINE('',#16051,#3675);
#2443=LINE('',#16054,#3676);
#2444=LINE('',#16055,#3677);
#2445=LINE('',#16058,#3678);
#2446=LINE('',#16060,#3679);
#2447=LINE('',#16061,#3680);
#2448=LINE('',#16064,#3681);
#2449=LINE('',#16065,#3682);
#2450=LINE('',#16066,#3683);
#2451=LINE('',#16069,#3684);
#2452=LINE('',#16070,#3685);
#2453=LINE('',#16073,#3686);
#2454=LINE('',#16074,#3687);
#2455=LINE('',#16075,#3688);
#2456=LINE('',#16077,#3689);
#2457=LINE('',#16078,#3690);
#2458=LINE('',#16080,#3691);
#2459=LINE('',#16081,#3692);
#2460=LINE('',#16084,#3693);
#2461=LINE('',#16086,#3694);
#2462=LINE('',#16087,#3695);
#2463=LINE('',#16096,#3696);
#2464=LINE('',#16097,#3697);
#2465=LINE('',#16099,#3698);
#2466=LINE('',#16102,#3699);
#2467=LINE('',#16105,#3700);
#2468=LINE('',#16161,#3701);
#2469=LINE('',#16163,#3702);
#2470=LINE('',#16165,#3703);
#2471=LINE('',#16166,#3704);
#2472=LINE('',#16170,#3705);
#2473=LINE('',#16172,#3706);
#2474=LINE('',#16174,#3707);
#2475=LINE('',#16175,#3708);
#2476=LINE('',#16177,#3709);
#2477=LINE('',#16178,#3710);
#2478=LINE('',#16180,#3711);
#2479=LINE('',#16182,#3712);
#2480=LINE('',#16187,#3713);
#2481=LINE('',#16189,#3714);
#2482=LINE('',#16191,#3715);
#2483=LINE('',#16192,#3716);
#2484=LINE('',#16196,#3717);
#2485=LINE('',#16198,#3718);
#2486=LINE('',#16200,#3719);
#2487=LINE('',#16201,#3720);
#2488=LINE('',#16203,#3721);
#2489=LINE('',#16204,#3722);
#2490=LINE('',#16206,#3723);
#2491=LINE('',#16208,#3724);
#2492=LINE('',#16213,#3725);
#2493=LINE('',#16215,#3726);
#2494=LINE('',#16217,#3727);
#2495=LINE('',#16218,#3728);
#2496=LINE('',#16225,#3729);
#2497=LINE('',#16229,#3730);
#2498=LINE('',#16231,#3731);
#2499=LINE('',#16232,#3732);
#2500=LINE('',#16234,#3733);
#2501=LINE('',#16235,#3734);
#2502=LINE('',#16236,#3735);
#2503=LINE('',#16238,#3736);
#2504=LINE('',#16240,#3737);
#2505=VECTOR('',#10442,1000.);
#2506=VECTOR('',#10453,1000.);
#2507=VECTOR('',#10454,1000.);
#2508=VECTOR('',#10455,1000.);
#2509=VECTOR('',#10456,1000.);
#2510=VECTOR('',#10459,1000.);
#2511=VECTOR('',#10460,1000.);
#2512=VECTOR('',#10461,1000.);
#2513=VECTOR('',#10464,1000.);
#2514=VECTOR('',#10465,1000.);
#2515=VECTOR('',#10468,1000.);
#2516=VECTOR('',#10469,1000.);
#2517=VECTOR('',#10472,1000.);
#2518=VECTOR('',#10477,1000.);
#2519=VECTOR('',#10480,1000.);
#2520=VECTOR('',#10481,1000.);
#2521=VECTOR('',#10484,1000.);
#2522=VECTOR('',#10485,10.);
#2523=VECTOR('',#10486,1000.);
#2524=VECTOR('',#10487,1000.);
#2525=VECTOR('',#10490,1000.);
#2526=VECTOR('',#10491,1000.);
#2527=VECTOR('',#10492,1000.);
#2528=VECTOR('',#10493,10.);
#2529=VECTOR('',#10496,1000.);
#2530=VECTOR('',#10499,10.);
#2531=VECTOR('',#10500,10.);
#2532=VECTOR('',#10505,10.);
#2533=VECTOR('',#10506,1000.);
#2534=VECTOR('',#10509,1000.);
#2535=VECTOR('',#10510,1000.);
#2536=VECTOR('',#10513,1000.);
#2537=VECTOR('',#10516,1000.);
#2538=VECTOR('',#10517,1000.);
#2539=VECTOR('',#10518,1000.);
#2540=VECTOR('',#10519,1000.);
#2541=VECTOR('',#10520,1000.);
#2542=VECTOR('',#10521,1000.);
#2543=VECTOR('',#10522,1000.);
#2544=VECTOR('',#10523,1000.);
#2545=VECTOR('',#10530,1000.);
#2546=VECTOR('',#10531,1000.);
#2547=VECTOR('',#10532,1000.);
#2548=VECTOR('',#10533,1000.);
#2549=VECTOR('',#10542,1000.);
#2550=VECTOR('',#10543,1000.);
#2551=VECTOR('',#10544,1000.);
#2552=VECTOR('',#10545,1000.);
#2553=VECTOR('',#10552,1.65);
#2554=VECTOR('',#10557,10.);
#2555=VECTOR('',#10558,1000.);
#2556=VECTOR('',#10559,1000.);
#2557=VECTOR('',#10560,1000.);
#2558=VECTOR('',#10565,1000.);
#2559=VECTOR('',#10570,1000.);
#2560=VECTOR('',#10571,1000.);
#2561=VECTOR('',#10572,1000.);
#2562=VECTOR('',#10575,1000.);
#2563=VECTOR('',#10576,1000.);
#2564=VECTOR('',#10577,1000.);
#2565=VECTOR('',#10578,1000.);
#2566=VECTOR('',#10579,1000.);
#2567=VECTOR('',#10580,1000.);
#2568=VECTOR('',#10581,1000.);
#2569=VECTOR('',#10582,1000.);
#2570=VECTOR('',#10583,1000.);
#2571=VECTOR('',#10584,1000.);
#2572=VECTOR('',#10587,1000.);
#2573=VECTOR('',#10590,1000.);
#2574=VECTOR('',#10593,1000.);
#2575=VECTOR('',#10594,1000.);
#2576=VECTOR('',#10597,1000.);
#2577=VECTOR('',#10600,1000.);
#2578=VECTOR('',#10601,1000.);
#2579=VECTOR('',#10602,1000.);
#2580=VECTOR('',#10603,1000.);
#2581=VECTOR('',#10606,10.);
#2582=VECTOR('',#10607,1000.);
#2583=VECTOR('',#10608,1000.);
#2584=VECTOR('',#10611,1000.);
#2585=VECTOR('',#10612,1000.);
#2586=VECTOR('',#10613,1000.);
#2587=VECTOR('',#10614,1000.);
#2588=VECTOR('',#10617,1000.);
#2589=VECTOR('',#10618,1000.);
#2590=VECTOR('',#10619,1000.);
#2591=VECTOR('',#10620,1000.);
#2592=VECTOR('',#10621,1000.);
#2593=VECTOR('',#10622,1000.);
#2594=VECTOR('',#10623,1000.);
#2595=VECTOR('',#10624,1000.);
#2596=VECTOR('',#10625,1000.);
#2597=VECTOR('',#10626,1000.);
#2598=VECTOR('',#10627,1000.);
#2599=VECTOR('',#10628,1000.);
#2600=VECTOR('',#10629,1000.);
#2601=VECTOR('',#10630,1000.);
#2602=VECTOR('',#10633,1000.);
#2603=VECTOR('',#10634,1000.);
#2604=VECTOR('',#10635,1000.);
#2605=VECTOR('',#10636,1000.);
#2606=VECTOR('',#10641,1000.);
#2607=VECTOR('',#10642,1000.);
#2608=VECTOR('',#10643,1000.);
#2609=VECTOR('',#10644,1000.);
#2610=VECTOR('',#10645,1000.);
#2611=VECTOR('',#10646,1000.);
#2612=VECTOR('',#10647,1000.);
#2613=VECTOR('',#10648,1000.);
#2614=VECTOR('',#10649,1000.);
#2615=VECTOR('',#10650,1000.);
#2616=VECTOR('',#10651,1000.);
#2617=VECTOR('',#10652,1000.);
#2618=VECTOR('',#10653,1000.);
#2619=VECTOR('',#10654,1000.);
#2620=VECTOR('',#10655,1000.);
#2621=VECTOR('',#10656,1000.);
#2622=VECTOR('',#10657,1000.);
#2623=VECTOR('',#10658,1000.);
#2624=VECTOR('',#10659,1000.);
#2625=VECTOR('',#10660,1000.);
#2626=VECTOR('',#10661,1000.);
#2627=VECTOR('',#10662,1000.);
#2628=VECTOR('',#10663,1000.);
#2629=VECTOR('',#10664,1000.);
#2630=VECTOR('',#10665,1000.);
#2631=VECTOR('',#10666,1000.);
#2632=VECTOR('',#10667,1000.);
#2633=VECTOR('',#10668,1000.);
#2634=VECTOR('',#10669,1000.);
#2635=VECTOR('',#10672,1000.);
#2636=VECTOR('',#10673,1000.);
#2637=VECTOR('',#10676,1000.);
#2638=VECTOR('',#10677,1000.);
#2639=VECTOR('',#10678,1000.);
#2640=VECTOR('',#10679,1000.);
#2641=VECTOR('',#10680,1000.);
#2642=VECTOR('',#10683,1000.);
#2643=VECTOR('',#10684,1000.);
#2644=VECTOR('',#10685,1000.);
#2645=VECTOR('',#10686,1000.);
#2646=VECTOR('',#10687,1000.);
#2647=VECTOR('',#10688,1000.);
#2648=VECTOR('',#10689,1000.);
#2649=VECTOR('',#10690,1000.);
#2650=VECTOR('',#10691,1000.);
#2651=VECTOR('',#10692,1000.);
#2652=VECTOR('',#10693,1000.);
#2653=VECTOR('',#10694,1000.);
#2654=VECTOR('',#10695,1000.);
#2655=VECTOR('',#10696,1000.);
#2656=VECTOR('',#10697,1000.);
#2657=VECTOR('',#10698,1000.);
#2658=VECTOR('',#10699,1000.);
#2659=VECTOR('',#10700,1000.);
#2660=VECTOR('',#10701,1000.);
#2661=VECTOR('',#10702,1000.);
#2662=VECTOR('',#10703,1000.);
#2663=VECTOR('',#10704,1000.);
#2664=VECTOR('',#10705,1000.);
#2665=VECTOR('',#10706,1000.);
#2666=VECTOR('',#10707,1000.);
#2667=VECTOR('',#10708,1000.);
#2668=VECTOR('',#10709,1000.);
#2669=VECTOR('',#10710,1000.);
#2670=VECTOR('',#10711,1000.);
#2671=VECTOR('',#10712,1000.);
#2672=VECTOR('',#10713,1000.);
#2673=VECTOR('',#10714,1000.);
#2674=VECTOR('',#10715,1000.);
#2675=VECTOR('',#10716,1000.);
#2676=VECTOR('',#10717,1000.);
#2677=VECTOR('',#10718,1000.);
#2678=VECTOR('',#10719,1000.);
#2679=VECTOR('',#10720,1000.);
#2680=VECTOR('',#10721,1000.);
#2681=VECTOR('',#10722,1000.);
#2682=VECTOR('',#10723,1000.);
#2683=VECTOR('',#10724,1000.);
#2684=VECTOR('',#10725,1000.);
#2685=VECTOR('',#10726,1000.);
#2686=VECTOR('',#10727,1000.);
#2687=VECTOR('',#10728,1000.);
#2688=VECTOR('',#10729,1000.);
#2689=VECTOR('',#10730,1000.);
#2690=VECTOR('',#10731,1000.);
#2691=VECTOR('',#10732,1000.);
#2692=VECTOR('',#10735,1000.);
#2693=VECTOR('',#10736,1000.);
#2694=VECTOR('',#10737,1000.);
#2695=VECTOR('',#10738,1000.);
#2696=VECTOR('',#10741,1000.);
#2697=VECTOR('',#10744,1000.);
#2698=VECTOR('',#10745,1000.);
#2699=VECTOR('',#10746,1000.);
#2700=VECTOR('',#10747,1000.);
#2701=VECTOR('',#10748,1000.);
#2702=VECTOR('',#10749,1000.);
#2703=VECTOR('',#10750,1000.);
#2704=VECTOR('',#10751,1000.);
#2705=VECTOR('',#10752,1000.);
#2706=VECTOR('',#10753,1000.);
#2707=VECTOR('',#10754,1000.);
#2708=VECTOR('',#10755,1000.);
#2709=VECTOR('',#10756,1000.);
#2710=VECTOR('',#10757,1000.);
#2711=VECTOR('',#10762,1000.);
#2712=VECTOR('',#10763,1000.);
#2713=VECTOR('',#10764,1000.);
#2714=VECTOR('',#10765,1000.);
#2715=VECTOR('',#10768,1000.);
#2716=VECTOR('',#10769,1000.);
#2717=VECTOR('',#10770,1000.);
#2718=VECTOR('',#10771,1000.);
#2719=VECTOR('',#10772,1000.);
#2720=VECTOR('',#10773,1000.);
#2721=VECTOR('',#10774,1000.);
#2722=VECTOR('',#10775,1000.);
#2723=VECTOR('',#10776,1000.);
#2724=VECTOR('',#10777,1000.);
#2725=VECTOR('',#10778,1000.);
#2726=VECTOR('',#10779,1000.);
#2727=VECTOR('',#10780,1000.);
#2728=VECTOR('',#10781,1000.);
#2729=VECTOR('',#10782,1000.);
#2730=VECTOR('',#10783,1000.);
#2731=VECTOR('',#10784,1000.);
#2732=VECTOR('',#10785,1000.);
#2733=VECTOR('',#10786,1000.);
#2734=VECTOR('',#10787,1000.);
#2735=VECTOR('',#10788,1000.);
#2736=VECTOR('',#10789,1000.);
#2737=VECTOR('',#10790,1000.);
#2738=VECTOR('',#10791,1000.);
#2739=VECTOR('',#10792,1000.);
#2740=VECTOR('',#10793,1000.);
#2741=VECTOR('',#10794,1000.);
#2742=VECTOR('',#10795,1000.);
#2743=VECTOR('',#10796,1000.);
#2744=VECTOR('',#10797,1000.);
#2745=VECTOR('',#10798,1000.);
#2746=VECTOR('',#10799,1000.);
#2747=VECTOR('',#10800,1000.);
#2748=VECTOR('',#10801,1000.);
#2749=VECTOR('',#10802,1000.);
#2750=VECTOR('',#10803,1000.);
#2751=VECTOR('',#10804,1000.);
#2752=VECTOR('',#10805,1000.);
#2753=VECTOR('',#10810,1000.);
#2754=VECTOR('',#10811,1000.);
#2755=VECTOR('',#10812,1000.);
#2756=VECTOR('',#10813,1000.);
#2757=VECTOR('',#10816,1000.);
#2758=VECTOR('',#10817,1000.);
#2759=VECTOR('',#10818,1000.);
#2760=VECTOR('',#10819,1000.);
#2761=VECTOR('',#10820,1000.);
#2762=VECTOR('',#10821,1000.);
#2763=VECTOR('',#10822,1000.);
#2764=VECTOR('',#10823,1000.);
#2765=VECTOR('',#10824,1000.);
#2766=VECTOR('',#10825,1000.);
#2767=VECTOR('',#10826,1000.);
#2768=VECTOR('',#10827,1000.);
#2769=VECTOR('',#10828,1000.);
#2770=VECTOR('',#10829,1000.);
#2771=VECTOR('',#10830,1000.);
#2772=VECTOR('',#10831,1000.);
#2773=VECTOR('',#10832,1000.);
#2774=VECTOR('',#10833,1000.);
#2775=VECTOR('',#10834,1000.);
#2776=VECTOR('',#10835,1000.);
#2777=VECTOR('',#10836,1000.);
#2778=VECTOR('',#10837,1000.);
#2779=VECTOR('',#10838,1000.);
#2780=VECTOR('',#10839,1000.);
#2781=VECTOR('',#10842,1000.);
#2782=VECTOR('',#10843,1000.);
#2783=VECTOR('',#10844,1000.);
#2784=VECTOR('',#10845,1000.);
#2785=VECTOR('',#10846,1000.);
#2786=VECTOR('',#10847,1000.);
#2787=VECTOR('',#10848,1000.);
#2788=VECTOR('',#10849,1000.);
#2789=VECTOR('',#10850,1000.);
#2790=VECTOR('',#10853,1000.);
#2791=VECTOR('',#10854,1000.);
#2792=VECTOR('',#10855,1000.);
#2793=VECTOR('',#10856,1000.);
#2794=VECTOR('',#10857,1000.);
#2795=VECTOR('',#10858,1000.);
#2796=VECTOR('',#10859,1000.);
#2797=VECTOR('',#10860,1000.);
#2798=VECTOR('',#10861,1000.);
#2799=VECTOR('',#10862,1000.);
#2800=VECTOR('',#10863,1000.);
#2801=VECTOR('',#10864,1000.);
#2802=VECTOR('',#10865,1000.);
#2803=VECTOR('',#10868,1000.);
#2804=VECTOR('',#10869,1000.);
#2805=VECTOR('',#10870,1000.);
#2806=VECTOR('',#10871,1000.);
#2807=VECTOR('',#10872,1000.);
#2808=VECTOR('',#10873,1000.);
#2809=VECTOR('',#10874,1000.);
#2810=VECTOR('',#10879,1000.);
#2811=VECTOR('',#10880,1000.);
#2812=VECTOR('',#10881,1000.);
#2813=VECTOR('',#10884,1000.);
#2814=VECTOR('',#10887,1000.);
#2815=VECTOR('',#10888,10.);
#2816=VECTOR('',#10889,1000.);
#2817=VECTOR('',#10892,1000.);
#2818=VECTOR('',#10895,1000.);
#2819=VECTOR('',#10898,1000.);
#2820=VECTOR('',#10901,1000.);
#2821=VECTOR('',#10904,1000.);
#2822=VECTOR('',#10907,1000.);
#2823=VECTOR('',#10910,1000.);
#2824=VECTOR('',#10911,10.);
#2825=VECTOR('',#10914,10.);
#2826=VECTOR('',#10915,10.);
#2827=VECTOR('',#10922,1000.);
#2828=VECTOR('',#10923,1000.);
#2829=VECTOR('',#10924,1000.);
#2830=VECTOR('',#10925,1000.);
#2831=VECTOR('',#10926,1000.);
#2832=VECTOR('',#10927,1000.);
#2833=VECTOR('',#10930,1000.);
#2834=VECTOR('',#10931,1000.);
#2835=VECTOR('',#10932,1000.);
#2836=VECTOR('',#10935,10.);
#2837=VECTOR('',#10936,10.);
#2838=VECTOR('',#10937,10.);
#2839=VECTOR('',#10938,10.);
#2840=VECTOR('',#10939,10.);
#2841=VECTOR('',#10940,1000.);
#2842=VECTOR('',#10941,1000.);
#2843=VECTOR('',#10942,1000.);
#2844=VECTOR('',#10943,1000.);
#2845=VECTOR('',#10944,10.);
#2846=VECTOR('',#10945,10.);
#2847=VECTOR('',#10948,2.66666666666174);
#2848=VECTOR('',#10953,1.98999999999819);
#2849=VECTOR('',#10956,1000.);
#2850=VECTOR('',#10957,1000.);
#2851=VECTOR('',#10958,1000.);
#2852=VECTOR('',#10959,1000.);
#2853=VECTOR('',#10960,1000.);
#2854=VECTOR('',#10961,1000.);
#2855=VECTOR('',#10962,1000.);
#2856=VECTOR('',#10965,1000.);
#2857=VECTOR('',#10968,1000.);
#2858=VECTOR('',#10969,1000.);
#2859=VECTOR('',#10970,1000.);
#2860=VECTOR('',#10971,1000.);
#2861=VECTOR('',#10972,1000.);
#2862=VECTOR('',#10979,1000.);
#2863=VECTOR('',#10980,1000.);
#2864=VECTOR('',#10981,1000.);
#2865=VECTOR('',#10984,1000.);
#2866=VECTOR('',#10985,1000.);
#2867=VECTOR('',#10986,1000.);
#2868=VECTOR('',#10989,1000.);
#2869=VECTOR('',#10992,1000.);
#2870=VECTOR('',#10993,1000.);
#2871=VECTOR('',#10994,1000.);
#2872=VECTOR('',#10995,1000.);
#2873=VECTOR('',#10996,1000.);
#2874=VECTOR('',#11001,1000.);
#2875=VECTOR('',#11002,1000.);
#2876=VECTOR('',#11003,1000.);
#2877=VECTOR('',#11004,1000.);
#2878=VECTOR('',#11005,1000.);
#2879=VECTOR('',#11006,1000.);
#2880=VECTOR('',#11007,1000.);
#2881=VECTOR('',#11008,1000.);
#2882=VECTOR('',#11009,1000.);
#2883=VECTOR('',#11010,1000.);
#2884=VECTOR('',#11013,1000.);
#2885=VECTOR('',#11014,1000.);
#2886=VECTOR('',#11015,1000.);
#2887=VECTOR('',#11016,1000.);
#2888=VECTOR('',#11023,1000.);
#2889=VECTOR('',#11026,1000.);
#2890=VECTOR('',#11029,1000.);
#2891=VECTOR('',#11030,1000.);
#2892=VECTOR('',#11031,1000.);
#2893=VECTOR('',#11032,1000.);
#2894=VECTOR('',#11033,1000.);
#2895=VECTOR('',#11034,1000.);
#2896=VECTOR('',#11035,1000.);
#2897=VECTOR('',#11036,1000.);
#2898=VECTOR('',#11039,1000.);
#2899=VECTOR('',#11042,1000.);
#2900=VECTOR('',#11043,1000.);
#2901=VECTOR('',#11044,1000.);
#2902=VECTOR('',#11045,1000.);
#2903=VECTOR('',#11048,10.);
#2904=VECTOR('',#11051,1000.);
#2905=VECTOR('',#11054,1000.);
#2906=VECTOR('',#11055,1000.);
#2907=VECTOR('',#11058,1000.);
#2908=VECTOR('',#11059,1000.);
#2909=VECTOR('',#11062,1000.);
#2910=VECTOR('',#11063,1000.);
#2911=VECTOR('',#11064,1000.);
#2912=VECTOR('',#11065,1000.);
#2913=VECTOR('',#11068,1000.);
#2914=VECTOR('',#11069,1000.);
#2915=VECTOR('',#11072,1000.);
#2916=VECTOR('',#11073,1000.);
#2917=VECTOR('',#11074,1000.);
#2918=VECTOR('',#11077,1000.);
#2919=VECTOR('',#11080,1000.);
#2920=VECTOR('',#11081,1000.);
#2921=VECTOR('',#11082,1000.);
#2922=VECTOR('',#11085,1000.);
#2923=VECTOR('',#11086,1000.);
#2924=VECTOR('',#11089,1000.);
#2925=VECTOR('',#11090,1000.);
#2926=VECTOR('',#11091,1000.);
#2927=VECTOR('',#11092,1000.);
#2928=VECTOR('',#11093,1000.);
#2929=VECTOR('',#11094,1000.);
#2930=VECTOR('',#11095,1000.);
#2931=VECTOR('',#11096,1000.);
#2932=VECTOR('',#11097,1000.);
#2933=VECTOR('',#11098,1000.);
#2934=VECTOR('',#11099,1000.);
#2935=VECTOR('',#11100,1000.);
#2936=VECTOR('',#11101,1000.);
#2937=VECTOR('',#11104,1000.);
#2938=VECTOR('',#11105,1000.);
#2939=VECTOR('',#11108,1000.);
#2940=VECTOR('',#11109,1000.);
#2941=VECTOR('',#11112,1000.);
#2942=VECTOR('',#11113,1000.);
#2943=VECTOR('',#11114,1000.);
#2944=VECTOR('',#11117,1000.);
#2945=VECTOR('',#11118,1000.);
#2946=VECTOR('',#11119,1000.);
#2947=VECTOR('',#11122,1000.);
#2948=VECTOR('',#11123,1000.);
#2949=VECTOR('',#11124,1000.);
#2950=VECTOR('',#11125,1000.);
#2951=VECTOR('',#11126,1000.);
#2952=VECTOR('',#11131,1000.);
#2953=VECTOR('',#11132,1000.);
#2954=VECTOR('',#11133,1000.);
#2955=VECTOR('',#11134,1000.);
#2956=VECTOR('',#11135,1000.);
#2957=VECTOR('',#11136,1000.);
#2958=VECTOR('',#11137,1000.);
#2959=VECTOR('',#11138,1000.);
#2960=VECTOR('',#11139,1000.);
#2961=VECTOR('',#11140,1000.);
#2962=VECTOR('',#11141,1000.);
#2963=VECTOR('',#11142,1000.);
#2964=VECTOR('',#11143,1000.);
#2965=VECTOR('',#11144,1000.);
#2966=VECTOR('',#11145,1000.);
#2967=VECTOR('',#11146,1000.);
#2968=VECTOR('',#11147,1000.);
#2969=VECTOR('',#11148,1000.);
#2970=VECTOR('',#11149,1000.);
#2971=VECTOR('',#11150,1000.);
#2972=VECTOR('',#11151,1000.);
#2973=VECTOR('',#11152,1000.);
#2974=VECTOR('',#11153,1000.);
#2975=VECTOR('',#11154,1000.);
#2976=VECTOR('',#11155,1000.);
#2977=VECTOR('',#11156,1000.);
#2978=VECTOR('',#11157,1000.);
#2979=VECTOR('',#11158,1000.);
#2980=VECTOR('',#11159,1000.);
#2981=VECTOR('',#11160,1000.);
#2982=VECTOR('',#11161,1000.);
#2983=VECTOR('',#11162,1000.);
#2984=VECTOR('',#11163,1000.);
#2985=VECTOR('',#11164,1000.);
#2986=VECTOR('',#11165,1000.);
#2987=VECTOR('',#11166,1000.);
#2988=VECTOR('',#11167,1000.);
#2989=VECTOR('',#11168,1000.);
#2990=VECTOR('',#11169,1000.);
#2991=VECTOR('',#11170,1000.);
#2992=VECTOR('',#11171,1000.);
#2993=VECTOR('',#11172,1000.);
#2994=VECTOR('',#11175,1000.);
#2995=VECTOR('',#11178,1000.);
#2996=VECTOR('',#11179,1000.);
#2997=VECTOR('',#11182,1000.);
#2998=VECTOR('',#11183,1000.);
#2999=VECTOR('',#11184,1000.);
#3000=VECTOR('',#11193,1000.);
#3001=VECTOR('',#11194,1000.);
#3002=VECTOR('',#11195,1000.);
#3003=VECTOR('',#11196,1000.);
#3004=VECTOR('',#11197,1000.);
#3005=VECTOR('',#11198,1000.);
#3006=VECTOR('',#11199,1000.);
#3007=VECTOR('',#11200,1000.);
#3008=VECTOR('',#11201,1000.);
#3009=VECTOR('',#11204,1000.);
#3010=VECTOR('',#11205,1000.);
#3011=VECTOR('',#11206,1000.);
#3012=VECTOR('',#11207,1000.);
#3013=VECTOR('',#11208,1000.);
#3014=VECTOR('',#11209,1000.);
#3015=VECTOR('',#11210,1000.);
#3016=VECTOR('',#11211,1000.);
#3017=VECTOR('',#11212,1000.);
#3018=VECTOR('',#11213,1000.);
#3019=VECTOR('',#11216,1000.);
#3020=VECTOR('',#11217,1000.);
#3021=VECTOR('',#11218,1000.);
#3022=VECTOR('',#11219,1000.);
#3023=VECTOR('',#11220,1000.);
#3024=VECTOR('',#11221,1000.);
#3025=VECTOR('',#11222,1000.);
#3026=VECTOR('',#11223,1000.);
#3027=VECTOR('',#11226,1000.);
#3028=VECTOR('',#11229,1000.);
#3029=VECTOR('',#11230,1000.);
#3030=VECTOR('',#11233,1000.);
#3031=VECTOR('',#11234,1000.);
#3032=VECTOR('',#11235,1000.);
#3033=VECTOR('',#11236,1000.);
#3034=VECTOR('',#11239,1000.);
#3035=VECTOR('',#11240,1000.);
#3036=VECTOR('',#11241,1000.);
#3037=VECTOR('',#11244,1.65);
#3038=VECTOR('',#11249,1000.);
#3039=VECTOR('',#11250,1000.);
#3040=VECTOR('',#11253,1000.);
#3041=VECTOR('',#11254,1000.);
#3042=VECTOR('',#11255,1000.);
#3043=VECTOR('',#11256,1000.);
#3044=VECTOR('',#11257,10.);
#3045=VECTOR('',#11258,10.);
#3046=VECTOR('',#11259,10.);
#3047=VECTOR('',#11260,10.);
#3048=VECTOR('',#11261,10.);
#3049=VECTOR('',#11262,1000.);
#3050=VECTOR('',#11263,1000.);
#3051=VECTOR('',#11264,1000.);
#3052=VECTOR('',#11265,1000.);
#3053=VECTOR('',#11266,1000.);
#3054=VECTOR('',#11267,1000.);
#3055=VECTOR('',#11268,1000.);
#3056=VECTOR('',#11269,10.);
#3057=VECTOR('',#11270,10.);
#3058=VECTOR('',#11271,1000.);
#3059=VECTOR('',#11272,1000.);
#3060=VECTOR('',#11273,1000.);
#3061=VECTOR('',#11276,1000.);
#3062=VECTOR('',#11277,1000.);
#3063=VECTOR('',#11278,1000.);
#3064=VECTOR('',#11279,1000.);
#3065=VECTOR('',#11280,1000.);
#3066=VECTOR('',#11287,1000.);
#3067=VECTOR('',#11288,1000.);
#3068=VECTOR('',#11289,1000.);
#3069=VECTOR('',#11292,1000.);
#3070=VECTOR('',#11293,1000.);
#3071=VECTOR('',#11294,1000.);
#3072=VECTOR('',#11295,1000.);
#3073=VECTOR('',#11296,1000.);
#3074=VECTOR('',#11297,1000.);
#3075=VECTOR('',#11298,1000.);
#3076=VECTOR('',#11299,1000.);
#3077=VECTOR('',#11300,1000.);
#3078=VECTOR('',#11301,1000.);
#3079=VECTOR('',#11302,1000.);
#3080=VECTOR('',#11303,1000.);
#3081=VECTOR('',#11304,1000.);
#3082=VECTOR('',#11305,1000.);
#3083=VECTOR('',#11306,1000.);
#3084=VECTOR('',#11307,1000.);
#3085=VECTOR('',#11310,1000.);
#3086=VECTOR('',#11313,1000.);
#3087=VECTOR('',#11316,1000.);
#3088=VECTOR('',#11319,1000.);
#3089=VECTOR('',#11324,1000.);
#3090=VECTOR('',#11327,1000.);
#3091=VECTOR('',#11332,1000.);
#3092=VECTOR('',#11335,1000.);
#3093=VECTOR('',#11340,1000.);
#3094=VECTOR('',#11341,1000.);
#3095=VECTOR('',#11342,1000.);
#3096=VECTOR('',#11343,1000.);
#3097=VECTOR('',#11344,1000.);
#3098=VECTOR('',#11345,1000.);
#3099=VECTOR('',#11346,1000.);
#3100=VECTOR('',#11347,1000.);
#3101=VECTOR('',#11348,1000.);
#3102=VECTOR('',#11351,1000.);
#3103=VECTOR('',#11354,1000.);
#3104=VECTOR('',#11355,1000.);
#3105=VECTOR('',#11356,1000.);
#3106=VECTOR('',#11357,1000.);
#3107=VECTOR('',#11358,1000.);
#3108=VECTOR('',#11359,1000.);
#3109=VECTOR('',#11360,1000.);
#3110=VECTOR('',#11361,1000.);
#3111=VECTOR('',#11362,1000.);
#3112=VECTOR('',#11365,1000.);
#3113=VECTOR('',#11370,1000.);
#3114=VECTOR('',#11371,1000.);
#3115=VECTOR('',#11372,1000.);
#3116=VECTOR('',#11373,1000.);
#3117=VECTOR('',#11374,1000.);
#3118=VECTOR('',#11375,1000.);
#3119=VECTOR('',#11376,1000.);
#3120=VECTOR('',#11377,1000.);
#3121=VECTOR('',#11378,1000.);
#3122=VECTOR('',#11379,1000.);
#3123=VECTOR('',#11380,1000.);
#3124=VECTOR('',#11381,1000.);
#3125=VECTOR('',#11382,1000.);
#3126=VECTOR('',#11383,1000.);
#3127=VECTOR('',#11390,1000.);
#3128=VECTOR('',#11391,1000.);
#3129=VECTOR('',#11392,1000.);
#3130=VECTOR('',#11393,1000.);
#3131=VECTOR('',#11394,1000.);
#3132=VECTOR('',#11403,1000.);
#3133=VECTOR('',#11404,1000.);
#3134=VECTOR('',#11405,1000.);
#3135=VECTOR('',#11410,1000.);
#3136=VECTOR('',#11411,1000.);
#3137=VECTOR('',#11412,1000.);
#3138=VECTOR('',#11417,1000.);
#3139=VECTOR('',#11418,1000.);
#3140=VECTOR('',#11441,1000.);
#3141=VECTOR('',#11444,1000.);
#3142=VECTOR('',#11445,1000.);
#3143=VECTOR('',#11450,1000.);
#3144=VECTOR('',#11451,1000.);
#3145=VECTOR('',#11452,1000.);
#3146=VECTOR('',#11453,1000.);
#3147=VECTOR('',#11454,1000.);
#3148=VECTOR('',#11455,1000.);
#3149=VECTOR('',#11456,1000.);
#3150=VECTOR('',#11461,1000.);
#3151=VECTOR('',#11462,1000.);
#3152=VECTOR('',#11463,1000.);
#3153=VECTOR('',#11464,1000.);
#3154=VECTOR('',#11465,1000.);
#3155=VECTOR('',#11466,1000.);
#3156=VECTOR('',#11469,1000.);
#3157=VECTOR('',#11474,1000.);
#3158=VECTOR('',#11479,1000.);
#3159=VECTOR('',#11480,1000.);
#3160=VECTOR('',#11487,1.7);
#3161=VECTOR('',#11490,1.7);
#3162=VECTOR('',#11501,1.65);
#3163=VECTOR('',#11510,1.65);
#3164=VECTOR('',#11519,1000.);
#3165=VECTOR('',#11522,1000.);
#3166=VECTOR('',#11525,1000.);
#3167=VECTOR('',#11528,1000.);
#3168=VECTOR('',#11531,1.7);
#3169=VECTOR('',#11534,1000.);
#3170=VECTOR('',#11537,1000.);
#3171=VECTOR('',#11540,1000.);
#3172=VECTOR('',#11543,1000.);
#3173=VECTOR('',#11548,1000.);
#3174=VECTOR('',#11551,1000.);
#3175=VECTOR('',#11554,1000.);
#3176=VECTOR('',#11557,1000.);
#3177=VECTOR('',#11560,1.7);
#3178=VECTOR('',#11563,1000.);
#3179=VECTOR('',#11566,1000.);
#3180=VECTOR('',#11569,1000.);
#3181=VECTOR('',#11572,1000.);
#3182=VECTOR('',#11577,2.66666666666265);
#3183=VECTOR('',#11580,1000.);
#3184=VECTOR('',#11583,1.92499999998472);
#3185=VECTOR('',#11590,1.92499999999495);
#3186=VECTOR('',#11595,1.9899999999991);
#3187=VECTOR('',#11600,1.65);
#3188=VECTOR('',#11607,1.6249999999801);
#3189=VECTOR('',#11612,1.4);
#3190=VECTOR('',#11619,1.65);
#3191=VECTOR('',#11626,1000.);
#3192=VECTOR('',#11627,1000.);
#3193=VECTOR('',#11628,1000.);
#3194=VECTOR('',#11631,1000.);
#3195=VECTOR('',#11632,1000.);
#3196=VECTOR('',#11633,1000.);
#3197=VECTOR('',#11636,1000.);
#3198=VECTOR('',#11637,1000.);
#3199=VECTOR('',#11638,1000.);
#3200=VECTOR('',#11641,1000.);
#3201=VECTOR('',#11642,1000.);
#3202=VECTOR('',#11643,1000.);
#3203=VECTOR('',#11646,1000.);
#3204=VECTOR('',#11647,1000.);
#3205=VECTOR('',#11648,1000.);
#3206=VECTOR('',#11651,1000.);
#3207=VECTOR('',#11652,1000.);
#3208=VECTOR('',#11655,1000.);
#3209=VECTOR('',#11656,1000.);
#3210=VECTOR('',#11657,1000.);
#3211=VECTOR('',#11660,1000.);
#3212=VECTOR('',#11661,1000.);
#3213=VECTOR('',#11662,1000.);
#3214=VECTOR('',#11665,1000.);
#3215=VECTOR('',#11666,1000.);
#3216=VECTOR('',#11667,1000.);
#3217=VECTOR('',#11670,1000.);
#3218=VECTOR('',#11671,1000.);
#3219=VECTOR('',#11672,1000.);
#3220=VECTOR('',#11675,1000.);
#3221=VECTOR('',#11676,1000.);
#3222=VECTOR('',#11677,1000.);
#3223=VECTOR('',#11680,1000.);
#3224=VECTOR('',#11681,1000.);
#3225=VECTOR('',#11684,1000.);
#3226=VECTOR('',#11685,1000.);
#3227=VECTOR('',#11686,1000.);
#3228=VECTOR('',#11689,1000.);
#3229=VECTOR('',#11692,1000.);
#3230=VECTOR('',#11695,1000.);
#3231=VECTOR('',#11696,1000.);
#3232=VECTOR('',#11699,1000.);
#3233=VECTOR('',#11700,1000.);
#3234=VECTOR('',#11701,1000.);
#3235=VECTOR('',#11704,1000.);
#3236=VECTOR('',#11707,1000.);
#3237=VECTOR('',#11708,1000.);
#3238=VECTOR('',#11709,1000.);
#3239=VECTOR('',#11712,1000.);
#3240=VECTOR('',#11715,1000.);
#3241=VECTOR('',#11718,1000.);
#3242=VECTOR('',#11719,1000.);
#3243=VECTOR('',#11720,1000.);
#3244=VECTOR('',#11723,1000.);
#3245=VECTOR('',#11726,1000.);
#3246=VECTOR('',#11731,1000.);
#3247=VECTOR('',#11734,1000.);
#3248=VECTOR('',#11737,1000.);
#3249=VECTOR('',#11738,1000.);
#3250=VECTOR('',#11739,1000.);
#3251=VECTOR('',#11742,1000.);
#3252=VECTOR('',#11745,1000.);
#3253=VECTOR('',#11748,1000.);
#3254=VECTOR('',#11751,1000.);
#3255=VECTOR('',#11754,1000.);
#3256=VECTOR('',#11755,1000.);
#3257=VECTOR('',#11756,1000.);
#3258=VECTOR('',#11759,1000.);
#3259=VECTOR('',#11762,1000.);
#3260=VECTOR('',#11763,1000.);
#3261=VECTOR('',#11764,1000.);
#3262=VECTOR('',#11767,1000.);
#3263=VECTOR('',#11770,1000.);
#3264=VECTOR('',#11771,1000.);
#3265=VECTOR('',#11772,1000.);
#3266=VECTOR('',#11775,1000.);
#3267=VECTOR('',#11778,1000.);
#3268=VECTOR('',#11781,1000.);
#3269=VECTOR('',#11784,1000.);
#3270=VECTOR('',#11785,1000.);
#3271=VECTOR('',#11786,1000.);
#3272=VECTOR('',#11789,1000.);
#3273=VECTOR('',#11792,1000.);
#3274=VECTOR('',#11795,1000.);
#3275=VECTOR('',#11798,1000.);
#3276=VECTOR('',#11801,1000.);
#3277=VECTOR('',#11804,1000.);
#3278=VECTOR('',#11805,1000.);
#3279=VECTOR('',#11806,1000.);
#3280=VECTOR('',#11809,1000.);
#3281=VECTOR('',#11812,1000.);
#3282=VECTOR('',#11815,1000.);
#3283=VECTOR('',#11816,1000.);
#3284=VECTOR('',#11817,1000.);
#3285=VECTOR('',#11820,1000.);
#3286=VECTOR('',#11823,1000.);
#3287=VECTOR('',#11824,1000.);
#3288=VECTOR('',#11825,1000.);
#3289=VECTOR('',#11828,1000.);
#3290=VECTOR('',#11831,1000.);
#3291=VECTOR('',#11834,1000.);
#3292=VECTOR('',#11837,1000.);
#3293=VECTOR('',#11840,1000.);
#3294=VECTOR('',#11841,1000.);
#3295=VECTOR('',#11842,1000.);
#3296=VECTOR('',#11845,1000.);
#3297=VECTOR('',#11848,1000.);
#3298=VECTOR('',#11851,1000.);
#3299=VECTOR('',#11854,1000.);
#3300=VECTOR('',#11855,1000.);
#3301=VECTOR('',#11858,1000.);
#3302=VECTOR('',#11861,1000.);
#3303=VECTOR('',#11862,1000.);
#3304=VECTOR('',#11863,1000.);
#3305=VECTOR('',#11866,1000.);
#3306=VECTOR('',#11869,1000.);
#3307=VECTOR('',#11872,1000.);
#3308=VECTOR('',#11873,1000.);
#3309=VECTOR('',#11874,1000.);
#3310=VECTOR('',#11877,1000.);
#3311=VECTOR('',#11880,1000.);
#3312=VECTOR('',#11881,1000.);
#3313=VECTOR('',#11882,1000.);
#3314=VECTOR('',#11885,1000.);
#3315=VECTOR('',#11888,1000.);
#3316=VECTOR('',#11891,1000.);
#3317=VECTOR('',#11894,1000.);
#3318=VECTOR('',#11897,1000.);
#3319=VECTOR('',#11900,1000.);
#3320=VECTOR('',#11903,1000.);
#3321=VECTOR('',#11906,1000.);
#3322=VECTOR('',#11909,1000.);
#3323=VECTOR('',#11910,1000.);
#3324=VECTOR('',#11913,1000.);
#3325=VECTOR('',#11916,1000.);
#3326=VECTOR('',#11917,1000.);
#3327=VECTOR('',#11918,1000.);
#3328=VECTOR('',#11921,1000.);
#3329=VECTOR('',#11924,1000.);
#3330=VECTOR('',#11927,1000.);
#3331=VECTOR('',#11928,1000.);
#3332=VECTOR('',#11929,1000.);
#3333=VECTOR('',#11932,1000.);
#3334=VECTOR('',#11933,1000.);
#3335=VECTOR('',#11934,1000.);
#3336=VECTOR('',#11937,1000.);
#3337=VECTOR('',#11938,1000.);
#3338=VECTOR('',#11939,1000.);
#3339=VECTOR('',#11942,1000.);
#3340=VECTOR('',#11945,1000.);
#3341=VECTOR('',#11946,1000.);
#3342=VECTOR('',#11947,1000.);
#3343=VECTOR('',#11950,1000.);
#3344=VECTOR('',#11953,1000.);
#3345=VECTOR('',#11956,1000.);
#3346=VECTOR('',#11959,1000.);
#3347=VECTOR('',#11960,1000.);
#3348=VECTOR('',#11963,1000.);
#3349=VECTOR('',#11964,1000.);
#3350=VECTOR('',#11965,1000.);
#3351=VECTOR('',#11968,1000.);
#3352=VECTOR('',#11969,1000.);
#3353=VECTOR('',#11970,1000.);
#3354=VECTOR('',#11971,1000.);
#3355=VECTOR('',#11974,1000.);
#3356=VECTOR('',#11979,1000.);
#3357=VECTOR('',#11982,1000.);
#3358=VECTOR('',#11991,1000.);
#3359=VECTOR('',#11992,1000.);
#3360=VECTOR('',#11993,1000.);
#3361=VECTOR('',#11994,1000.);
#3362=VECTOR('',#11995,1000.);
#3363=VECTOR('',#11998,1000.);
#3364=VECTOR('',#12001,1000.);
#3365=VECTOR('',#12002,1000.);
#3366=VECTOR('',#12005,1000.);
#3367=VECTOR('',#12006,1000.);
#3368=VECTOR('',#12007,1000.);
#3369=VECTOR('',#12010,1000.);
#3370=VECTOR('',#12013,1000.);
#3371=VECTOR('',#12016,1000.);
#3372=VECTOR('',#12019,1000.);
#3373=VECTOR('',#12020,1000.);
#3374=VECTOR('',#12023,1000.);
#3375=VECTOR('',#12024,1000.);
#3376=VECTOR('',#12025,1000.);
#3377=VECTOR('',#12026,1000.);
#3378=VECTOR('',#12029,1000.);
#3379=VECTOR('',#12030,1000.);
#3380=VECTOR('',#12033,1000.);
#3381=VECTOR('',#12034,1000.);
#3382=VECTOR('',#12037,1000.);
#3383=VECTOR('',#12040,1000.);
#3384=VECTOR('',#12041,1000.);
#3385=VECTOR('',#12042,1000.);
#3386=VECTOR('',#12043,1000.);
#3387=VECTOR('',#12046,1000.);
#3388=VECTOR('',#12047,1000.);
#3389=VECTOR('',#12050,1000.);
#3390=VECTOR('',#12051,1000.);
#3391=VECTOR('',#12052,1000.);
#3392=VECTOR('',#12055,1000.);
#3393=VECTOR('',#12058,1000.);
#3394=VECTOR('',#12059,1000.);
#3395=VECTOR('',#12060,1000.);
#3396=VECTOR('',#12063,1000.);
#3397=VECTOR('',#12066,1000.);
#3398=VECTOR('',#12069,1000.);
#3399=VECTOR('',#12074,1000.);
#3400=VECTOR('',#12081,1000.);
#3401=VECTOR('',#12082,1000.);
#3402=VECTOR('',#12085,1000.);
#3403=VECTOR('',#12086,1000.);
#3404=VECTOR('',#12087,1000.);
#3405=VECTOR('',#12088,1000.);
#3406=VECTOR('',#12091,1000.);
#3407=VECTOR('',#12092,1000.);
#3408=VECTOR('',#12095,1000.);
#3409=VECTOR('',#12096,1000.);
#3410=VECTOR('',#12097,1000.);
#3411=VECTOR('',#12098,1000.);
#3412=VECTOR('',#12099,1000.);
#3413=VECTOR('',#12100,1000.);
#3414=VECTOR('',#12101,1000.);
#3415=VECTOR('',#12104,1000.);
#3416=VECTOR('',#12105,1000.);
#3417=VECTOR('',#12106,1000.);
#3418=VECTOR('',#12107,1000.);
#3419=VECTOR('',#12110,1000.);
#3420=VECTOR('',#12113,1000.);
#3421=VECTOR('',#12114,1000.);
#3422=VECTOR('',#12117,1000.);
#3423=VECTOR('',#12120,1000.);
#3424=VECTOR('',#12125,1000.);
#3425=VECTOR('',#12126,1000.);
#3426=VECTOR('',#12127,1000.);
#3427=VECTOR('',#12128,1000.);
#3428=VECTOR('',#12131,1000.);
#3429=VECTOR('',#12132,1000.);
#3430=VECTOR('',#12135,1000.);
#3431=VECTOR('',#12138,1000.);
#3432=VECTOR('',#12139,1000.);
#3433=VECTOR('',#12142,1000.);
#3434=VECTOR('',#12143,1000.);
#3435=VECTOR('',#12144,1000.);
#3436=VECTOR('',#12147,1000.);
#3437=VECTOR('',#12148,1000.);
#3438=VECTOR('',#12149,1000.);
#3439=VECTOR('',#12152,1000.);
#3440=VECTOR('',#12153,1000.);
#3441=VECTOR('',#12156,1000.);
#3442=VECTOR('',#12157,1000.);
#3443=VECTOR('',#12160,1000.);
#3444=VECTOR('',#12163,1000.);
#3445=VECTOR('',#12164,1000.);
#3446=VECTOR('',#12167,1000.);
#3447=VECTOR('',#12168,1000.);
#3448=VECTOR('',#12171,1000.);
#3449=VECTOR('',#12174,1000.);
#3450=VECTOR('',#12175,1000.);
#3451=VECTOR('',#12176,1000.);
#3452=VECTOR('',#12177,1000.);
#3453=VECTOR('',#12188,1000.);
#3454=VECTOR('',#12191,1000.);
#3455=VECTOR('',#12194,1000.);
#3456=VECTOR('',#12195,1000.);
#3457=VECTOR('',#12198,1000.);
#3458=VECTOR('',#12201,1000.);
#3459=VECTOR('',#12204,1000.);
#3460=VECTOR('',#12209,1000.);
#3461=VECTOR('',#12214,1000.);
#3462=VECTOR('',#12215,1000.);
#3463=VECTOR('',#12216,1000.);
#3464=VECTOR('',#12219,1000.);
#3465=VECTOR('',#12222,1000.);
#3466=VECTOR('',#12225,1000.);
#3467=VECTOR('',#12226,1000.);
#3468=VECTOR('',#12229,1000.);
#3469=VECTOR('',#12232,1000.);
#3470=VECTOR('',#12235,1000.);
#3471=VECTOR('',#12240,1000.);
#3472=VECTOR('',#12241,1000.);
#3473=VECTOR('',#12244,1000.);
#3474=VECTOR('',#12247,1000.);
#3475=VECTOR('',#12258,1000.);
#3476=VECTOR('',#12261,1000.);
#3477=VECTOR('',#12262,1000.);
#3478=VECTOR('',#12267,1000.);
#3479=VECTOR('',#12270,1000.);
#3480=VECTOR('',#12271,1000.);
#3481=VECTOR('',#12272,1000.);
#3482=VECTOR('',#12275,1000.);
#3483=VECTOR('',#12276,1000.);
#3484=VECTOR('',#12277,1000.);
#3485=VECTOR('',#12280,1000.);
#3486=VECTOR('',#12281,1000.);
#3487=VECTOR('',#12282,1000.);
#3488=VECTOR('',#12287,1000.);
#3489=VECTOR('',#12292,1000.);
#3490=VECTOR('',#12297,1000.);
#3491=VECTOR('',#12300,1000.);
#3492=VECTOR('',#12303,1000.);
#3493=VECTOR('',#12308,1000.);
#3494=VECTOR('',#12317,1000.);
#3495=VECTOR('',#12320,1000.);
#3496=VECTOR('',#12323,1000.);
#3497=VECTOR('',#12324,1000.);
#3498=VECTOR('',#12325,1000.);
#3499=VECTOR('',#12326,1000.);
#3500=VECTOR('',#12327,1000.);
#3501=VECTOR('',#12330,1000.);
#3502=VECTOR('',#12331,1000.);
#3503=VECTOR('',#12332,1000.);
#3504=VECTOR('',#12333,1000.);
#3505=VECTOR('',#12334,1000.);
#3506=VECTOR('',#12337,1000.);
#3507=VECTOR('',#12338,1000.);
#3508=VECTOR('',#12339,1000.);
#3509=VECTOR('',#12340,1000.);
#3510=VECTOR('',#12341,1000.);
#3511=VECTOR('',#12344,1000.);
#3512=VECTOR('',#12345,1000.);
#3513=VECTOR('',#12346,1000.);
#3514=VECTOR('',#12347,1000.);
#3515=VECTOR('',#12348,1000.);
#3516=VECTOR('',#12351,1000.);
#3517=VECTOR('',#12352,1000.);
#3518=VECTOR('',#12353,1000.);
#3519=VECTOR('',#12356,1000.);
#3520=VECTOR('',#12359,1000.);
#3521=VECTOR('',#12360,1000.);
#3522=VECTOR('',#12363,1000.);
#3523=VECTOR('',#12364,1000.);
#3524=VECTOR('',#12367,1000.);
#3525=VECTOR('',#12370,1000.);
#3526=VECTOR('',#12371,1000.);
#3527=VECTOR('',#12372,1000.);
#3528=VECTOR('',#12373,1000.);
#3529=VECTOR('',#12374,1000.);
#3530=VECTOR('',#12377,1000.);
#3531=VECTOR('',#12378,1000.);
#3532=VECTOR('',#12379,1000.);
#3533=VECTOR('',#12380,1000.);
#3534=VECTOR('',#12381,1000.);
#3535=VECTOR('',#12384,1000.);
#3536=VECTOR('',#12385,1000.);
#3537=VECTOR('',#12386,1000.);
#3538=VECTOR('',#12391,1000.);
#3539=VECTOR('',#12394,1000.);
#3540=VECTOR('',#12395,1000.);
#3541=VECTOR('',#12400,1000.);
#3542=VECTOR('',#12405,1000.);
#3543=VECTOR('',#12408,1000.);
#3544=VECTOR('',#12419,1000.);
#3545=VECTOR('',#12424,1000.);
#3546=VECTOR('',#12425,1000.);
#3547=VECTOR('',#12426,1000.);
#3548=VECTOR('',#12427,1000.);
#3549=VECTOR('',#12428,1000.);
#3550=VECTOR('',#12431,1000.);
#3551=VECTOR('',#12432,1000.);
#3552=VECTOR('',#12433,1000.);
#3553=VECTOR('',#12434,1000.);
#3554=VECTOR('',#12435,1000.);
#3555=VECTOR('',#12438,1000.);
#3556=VECTOR('',#12439,1000.);
#3557=VECTOR('',#12440,1000.);
#3558=VECTOR('',#12443,1000.);
#3559=VECTOR('',#12448,1000.);
#3560=VECTOR('',#12449,1000.);
#3561=VECTOR('',#12452,1000.);
#3562=VECTOR('',#12455,1000.);
#3563=VECTOR('',#12456,1000.);
#3564=VECTOR('',#12459,1000.);
#3565=VECTOR('',#12462,1000.);
#3566=VECTOR('',#12463,1000.);
#3567=VECTOR('',#12466,1000.);
#3568=VECTOR('',#12469,1000.);
#3569=VECTOR('',#12472,1000.);
#3570=VECTOR('',#12473,1000.);
#3571=VECTOR('',#12474,1000.);
#3572=VECTOR('',#12477,1000.);
#3573=VECTOR('',#12482,1000.);
#3574=VECTOR('',#12483,1000.);
#3575=VECTOR('',#12486,1000.);
#3576=VECTOR('',#12489,1000.);
#3577=VECTOR('',#12490,1000.);
#3578=VECTOR('',#12493,1000.);
#3579=VECTOR('',#12496,1000.);
#3580=VECTOR('',#12497,1000.);
#3581=VECTOR('',#12500,1000.);
#3582=VECTOR('',#12503,1000.);
#3583=VECTOR('',#12506,1000.);
#3584=VECTOR('',#12509,1000.);
#3585=VECTOR('',#12512,1000.);
#3586=VECTOR('',#12515,1000.);
#3587=VECTOR('',#12516,1000.);
#3588=VECTOR('',#12517,1000.);
#3589=VECTOR('',#12520,1000.);
#3590=VECTOR('',#12525,1000.);
#3591=VECTOR('',#12526,1000.);
#3592=VECTOR('',#12531,1000.);
#3593=VECTOR('',#12540,1000.);
#3594=VECTOR('',#12541,1000.);
#3595=VECTOR('',#12542,1000.);
#3596=VECTOR('',#12545,1000.);
#3597=VECTOR('',#12548,1000.);
#3598=VECTOR('',#12551,1000.);
#3599=VECTOR('',#12554,1000.);
#3600=VECTOR('',#12557,1000.);
#3601=VECTOR('',#12560,1000.);
#3602=VECTOR('',#12561,1000.);
#3603=VECTOR('',#12562,1000.);
#3604=VECTOR('',#12571,1000.);
#3605=VECTOR('',#12576,1000.);
#3606=VECTOR('',#12581,1000.);
#3607=VECTOR('',#12582,1000.);
#3608=VECTOR('',#12587,1000.);
#3609=VECTOR('',#12592,1000.);
#3610=VECTOR('',#12595,1000.);
#3611=VECTOR('',#12600,1000.);
#3612=VECTOR('',#12601,1000.);
#3613=VECTOR('',#12604,1000.);
#3614=VECTOR('',#12605,1000.);
#3615=VECTOR('',#12608,1000.);
#3616=VECTOR('',#12609,1000.);
#3617=VECTOR('',#12612,1000.);
#3618=VECTOR('',#12613,1000.);
#3619=VECTOR('',#12616,1000.);
#3620=VECTOR('',#12617,1000.);
#3621=VECTOR('',#12620,1000.);
#3622=VECTOR('',#12621,1000.);
#3623=VECTOR('',#12624,1000.);
#3624=VECTOR('',#12625,1000.);
#3625=VECTOR('',#12628,1000.);
#3626=VECTOR('',#12631,1000.);
#3627=VECTOR('',#12632,1000.);
#3628=VECTOR('',#12635,1000.);
#3629=VECTOR('',#12644,1000.);
#3630=VECTOR('',#12647,1000.);
#3631=VECTOR('',#12652,1000.);
#3632=VECTOR('',#12657,1000.);
#3633=VECTOR('',#12660,1000.);
#3634=VECTOR('',#12661,1000.);
#3635=VECTOR('',#12662,1000.);
#3636=VECTOR('',#12667,1000.);
#3637=VECTOR('',#12668,1000.);
#3638=VECTOR('',#12669,1000.);
#3639=VECTOR('',#12672,1000.);
#3640=VECTOR('',#12673,1000.);
#3641=VECTOR('',#12676,1000.);
#3642=VECTOR('',#12679,1000.);
#3643=VECTOR('',#12680,1000.);
#3644=VECTOR('',#12683,1000.);
#3645=VECTOR('',#12684,1000.);
#3646=VECTOR('',#12685,1000.);
#3647=VECTOR('',#12688,1000.);
#3648=VECTOR('',#12691,1000.);
#3649=VECTOR('',#12694,1000.);
#3650=VECTOR('',#12697,1000.);
#3651=VECTOR('',#12702,1000.);
#3652=VECTOR('',#12705,1000.);
#3653=VECTOR('',#12710,1000.);
#3654=VECTOR('',#12713,1000.);
#3655=VECTOR('',#12714,1000.);
#3656=VECTOR('',#12717,1000.);
#3657=VECTOR('',#12726,1000.);
#3658=VECTOR('',#12727,1000.);
#3659=VECTOR('',#12730,1000.);
#3660=VECTOR('',#12731,1000.);
#3661=VECTOR('',#12732,1000.);
#3662=VECTOR('',#12735,1000.);
#3663=VECTOR('',#12736,1000.);
#3664=VECTOR('',#12737,1000.);
#3665=VECTOR('',#12740,1000.);
#3666=VECTOR('',#12743,1000.);
#3667=VECTOR('',#12744,1000.);
#3668=VECTOR('',#12747,1000.);
#3669=VECTOR('',#12750,1000.);
#3670=VECTOR('',#12751,1000.);
#3671=VECTOR('',#12756,1000.);
#3672=VECTOR('',#12759,1000.);
#3673=VECTOR('',#12760,1000.);
#3674=VECTOR('',#12765,1000.);
#3675=VECTOR('',#12768,1000.);
#3676=VECTOR('',#12771,1000.);
#3677=VECTOR('',#12772,1000.);
#3678=VECTOR('',#12775,1000.);
#3679=VECTOR('',#12776,1000.);
#3680=VECTOR('',#12777,1000.);
#3681=VECTOR('',#12780,1000.);
#3682=VECTOR('',#12781,1000.);
#3683=VECTOR('',#12782,1000.);
#3684=VECTOR('',#12785,1000.);
#3685=VECTOR('',#12786,1000.);
#3686=VECTOR('',#12789,1000.);
#3687=VECTOR('',#12790,1000.);
#3688=VECTOR('',#12791,1000.);
#3689=VECTOR('',#12794,1000.);
#3690=VECTOR('',#12795,1000.);
#3691=VECTOR('',#12798,1000.);
#3692=VECTOR('',#12799,1000.);
#3693=VECTOR('',#12804,1000.);
#3694=VECTOR('',#12807,1000.);
#3695=VECTOR('',#12808,1000.);
#3696=VECTOR('',#12825,1000.);
#3697=VECTOR('',#12826,1000.);
#3698=VECTOR('',#12829,1000.);
#3699=VECTOR('',#12834,1000.);
#3700=VECTOR('',#12839,1000.);
#3701=VECTOR('',#12846,1000.);
#3702=VECTOR('',#12847,1000.);
#3703=VECTOR('',#12848,1000.);
#3704=VECTOR('',#12849,1000.);
#3705=VECTOR('',#12852,1000.);
#3706=VECTOR('',#12853,1000.);
#3707=VECTOR('',#12854,1000.);
#3708=VECTOR('',#12855,1000.);
#3709=VECTOR('',#12858,1000.);
#3710=VECTOR('',#12859,1000.);
#3711=VECTOR('',#12862,1000.);
#3712=VECTOR('',#12865,1000.);
#3713=VECTOR('',#12870,1000.);
#3714=VECTOR('',#12871,1000.);
#3715=VECTOR('',#12872,1000.);
#3716=VECTOR('',#12873,1000.);
#3717=VECTOR('',#12876,1000.);
#3718=VECTOR('',#12877,1000.);
#3719=VECTOR('',#12878,1000.);
#3720=VECTOR('',#12879,1000.);
#3721=VECTOR('',#12882,1000.);
#3722=VECTOR('',#12883,1000.);
#3723=VECTOR('',#12886,1000.);
#3724=VECTOR('',#12889,1000.);
#3725=VECTOR('',#12894,10.);
#3726=VECTOR('',#12895,10.);
#3727=VECTOR('',#12896,1000.);
#3728=VECTOR('',#12897,10.);
#3729=VECTOR('',#12904,10.);
#3730=VECTOR('',#12907,1000.);
#3731=VECTOR('',#12908,1000.);
#3732=VECTOR('',#12909,1000.);
#3733=VECTOR('',#12912,1000.);
#3734=VECTOR('',#12913,10.);
#3735=VECTOR('',#12914,10.);
#3736=VECTOR('',#12917,10.);
#3737=VECTOR('',#12920,1000.);
#3738=VERTEX_POINT('',#12925);
#3739=VERTEX_POINT('',#12926);
#3740=VERTEX_POINT('',#12933);
#3741=VERTEX_POINT('',#12934);
#3742=VERTEX_POINT('',#12936);
#3743=VERTEX_POINT('',#12938);
#3744=VERTEX_POINT('',#12942);
#3745=VERTEX_POINT('',#12943);
#3746=VERTEX_POINT('',#12948);
#3747=VERTEX_POINT('',#12952);
#3748=VERTEX_POINT('',#12959);
#3749=VERTEX_POINT('',#12960);
#3750=VERTEX_POINT('',#12962);
#3751=VERTEX_POINT('',#12964);
#3752=VERTEX_POINT('',#12968);
#3753=VERTEX_POINT('',#12969);
#3754=VERTEX_POINT('',#12971);
#3755=VERTEX_POINT('',#12973);
#3756=VERTEX_POINT('',#12977);
#3757=VERTEX_POINT('',#12978);
#3758=VERTEX_POINT('',#12980);
#3759=VERTEX_POINT('',#12982);
#3760=VERTEX_POINT('',#12987);
#3761=VERTEX_POINT('',#12989);
#3762=VERTEX_POINT('',#12993);
#3763=VERTEX_POINT('',#12994);
#3764=VERTEX_POINT('',#12996);
#3765=VERTEX_POINT('',#13000);
#3766=VERTEX_POINT('',#13001);
#3767=VERTEX_POINT('',#13003);
#3768=VERTEX_POINT('',#13005);
#3769=VERTEX_POINT('',#13009);
#3770=VERTEX_POINT('',#13010);
#3771=VERTEX_POINT('',#13012);
#3772=VERTEX_POINT('',#13014);
#3773=VERTEX_POINT('',#13016);
#3774=VERTEX_POINT('',#13018);
#3775=VERTEX_POINT('',#13020);
#3776=VERTEX_POINT('',#13065);
#3777=VERTEX_POINT('',#13066);
#3778=VERTEX_POINT('',#13076);
#3779=VERTEX_POINT('',#13081);
#3780=VERTEX_POINT('',#13090);
#3781=VERTEX_POINT('',#13093);
#3782=VERTEX_POINT('',#13094);
#3783=VERTEX_POINT('',#13096);
#3784=VERTEX_POINT('',#13098);
#3785=VERTEX_POINT('',#13102);
#3786=VERTEX_POINT('',#13104);
#3787=VERTEX_POINT('',#13107);
#3788=VERTEX_POINT('',#13108);
#3789=VERTEX_POINT('',#13110);
#3790=VERTEX_POINT('',#13112);
#3791=VERTEX_POINT('',#13116);
#3792=VERTEX_POINT('',#13117);
#3793=VERTEX_POINT('',#13120);
#3794=VERTEX_POINT('',#13124);
#3795=VERTEX_POINT('',#13125);
#3796=VERTEX_POINT('',#13127);
#3797=VERTEX_POINT('',#13129);
#3798=VERTEX_POINT('',#13136);
#3799=VERTEX_POINT('',#13205);
#3800=VERTEX_POINT('',#13206);
#3801=VERTEX_POINT('',#13219);
#3802=VERTEX_POINT('',#13221);
#3803=VERTEX_POINT('',#13251);
#3804=VERTEX_POINT('',#13252);
#3805=VERTEX_POINT('',#13254);
#3806=VERTEX_POINT('',#13256);
#3807=VERTEX_POINT('',#13258);
#3808=VERTEX_POINT('',#13260);
#3809=VERTEX_POINT('',#13262);
#3810=VERTEX_POINT('',#13264);
#3811=VERTEX_POINT('',#13266);
#3812=VERTEX_POINT('',#13268);
#3813=VERTEX_POINT('',#13272);
#3814=VERTEX_POINT('',#13273);
#3815=VERTEX_POINT('',#13275);
#3816=VERTEX_POINT('',#13277);
#3817=VERTEX_POINT('',#13284);
#3818=VERTEX_POINT('',#13285);
#3819=VERTEX_POINT('',#13288);
#3820=VERTEX_POINT('',#13292);
#3821=VERTEX_POINT('',#13293);
#3822=VERTEX_POINT('',#13295);
#3823=VERTEX_POINT('',#13297);
#3824=VERTEX_POINT('',#13301);
#3825=VERTEX_POINT('',#13303);
#3826=VERTEX_POINT('',#13307);
#3827=VERTEX_POINT('',#13309);
#3828=VERTEX_POINT('',#13311);
#3829=VERTEX_POINT('',#13315);
#3830=VERTEX_POINT('',#13317);
#3831=VERTEX_POINT('',#13319);
#3832=VERTEX_POINT('',#13321);
#3833=VERTEX_POINT('',#13323);
#3834=VERTEX_POINT('',#13325);
#3835=VERTEX_POINT('',#13327);
#3836=VERTEX_POINT('',#13329);
#3837=VERTEX_POINT('',#13331);
#3838=VERTEX_POINT('',#13333);
#3839=VERTEX_POINT('',#13335);
#3840=VERTEX_POINT('',#13337);
#3841=VERTEX_POINT('',#13339);
#3842=VERTEX_POINT('',#13341);
#3843=VERTEX_POINT('',#13343);
#3844=VERTEX_POINT('',#13345);
#3845=VERTEX_POINT('',#13347);
#3846=VERTEX_POINT('',#13349);
#3847=VERTEX_POINT('',#13351);
#3848=VERTEX_POINT('',#13354);
#3849=VERTEX_POINT('',#13356);
#3850=VERTEX_POINT('',#13358);
#3851=VERTEX_POINT('',#13360);
#3852=VERTEX_POINT('',#13362);
#3853=VERTEX_POINT('',#13364);
#3854=VERTEX_POINT('',#13366);
#3855=VERTEX_POINT('',#13368);
#3856=VERTEX_POINT('',#13370);
#3857=VERTEX_POINT('',#13372);
#3858=VERTEX_POINT('',#13374);
#3859=VERTEX_POINT('',#13376);
#3860=VERTEX_POINT('',#13378);
#3861=VERTEX_POINT('',#13380);
#3862=VERTEX_POINT('',#13382);
#3863=VERTEX_POINT('',#13384);
#3864=VERTEX_POINT('',#13386);
#3865=VERTEX_POINT('',#13388);
#3866=VERTEX_POINT('',#13390);
#3867=VERTEX_POINT('',#13392);
#3868=VERTEX_POINT('',#13394);
#3869=VERTEX_POINT('',#13396);
#3870=VERTEX_POINT('',#13398);
#3871=VERTEX_POINT('',#13400);
#3872=VERTEX_POINT('',#13402);
#3873=VERTEX_POINT('',#13404);
#3874=VERTEX_POINT('',#13406);
#3875=VERTEX_POINT('',#13408);
#3876=VERTEX_POINT('',#13410);
#3877=VERTEX_POINT('',#13414);
#3878=VERTEX_POINT('',#13418);
#3879=VERTEX_POINT('',#13420);
#3880=VERTEX_POINT('',#13422);
#3881=VERTEX_POINT('',#13424);
#3882=VERTEX_POINT('',#13428);
#3883=VERTEX_POINT('',#13429);
#3884=VERTEX_POINT('',#13432);
#3885=VERTEX_POINT('',#13434);
#3886=VERTEX_POINT('',#13436);
#3887=VERTEX_POINT('',#13438);
#3888=VERTEX_POINT('',#13440);
#3889=VERTEX_POINT('',#13442);
#3890=VERTEX_POINT('',#13444);
#3891=VERTEX_POINT('',#13446);
#3892=VERTEX_POINT('',#13448);
#3893=VERTEX_POINT('',#13450);
#3894=VERTEX_POINT('',#13452);
#3895=VERTEX_POINT('',#13454);
#3896=VERTEX_POINT('',#13456);
#3897=VERTEX_POINT('',#13458);
#3898=VERTEX_POINT('',#13460);
#3899=VERTEX_POINT('',#13462);
#3900=VERTEX_POINT('',#13464);
#3901=VERTEX_POINT('',#13466);
#3902=VERTEX_POINT('',#13468);
#3903=VERTEX_POINT('',#13470);
#3904=VERTEX_POINT('',#13472);
#3905=VERTEX_POINT('',#13474);
#3906=VERTEX_POINT('',#13476);
#3907=VERTEX_POINT('',#13478);
#3908=VERTEX_POINT('',#13480);
#3909=VERTEX_POINT('',#13482);
#3910=VERTEX_POINT('',#13484);
#3911=VERTEX_POINT('',#13486);
#3912=VERTEX_POINT('',#13488);
#3913=VERTEX_POINT('',#13490);
#3914=VERTEX_POINT('',#13492);
#3915=VERTEX_POINT('',#13494);
#3916=VERTEX_POINT('',#13496);
#3917=VERTEX_POINT('',#13498);
#3918=VERTEX_POINT('',#13500);
#3919=VERTEX_POINT('',#13502);
#3920=VERTEX_POINT('',#13504);
#3921=VERTEX_POINT('',#13506);
#3922=VERTEX_POINT('',#13508);
#3923=VERTEX_POINT('',#13510);
#3924=VERTEX_POINT('',#13512);
#3925=VERTEX_POINT('',#13514);
#3926=VERTEX_POINT('',#13516);
#3927=VERTEX_POINT('',#13518);
#3928=VERTEX_POINT('',#13520);
#3929=VERTEX_POINT('',#13522);
#3930=VERTEX_POINT('',#13524);
#3931=VERTEX_POINT('',#13526);
#3932=VERTEX_POINT('',#13528);
#3933=VERTEX_POINT('',#13530);
#3934=VERTEX_POINT('',#13532);
#3935=VERTEX_POINT('',#13534);
#3936=VERTEX_POINT('',#13536);
#3937=VERTEX_POINT('',#13538);
#3938=VERTEX_POINT('',#13540);
#3939=VERTEX_POINT('',#13542);
#3940=VERTEX_POINT('',#13544);
#3941=VERTEX_POINT('',#13546);
#3942=VERTEX_POINT('',#13548);
#3943=VERTEX_POINT('',#13550);
#3944=VERTEX_POINT('',#13552);
#3945=VERTEX_POINT('',#13554);
#3946=VERTEX_POINT('',#13556);
#3947=VERTEX_POINT('',#13558);
#3948=VERTEX_POINT('',#13561);
#3949=VERTEX_POINT('',#13563);
#3950=VERTEX_POINT('',#13565);
#3951=VERTEX_POINT('',#13567);
#3952=VERTEX_POINT('',#13569);
#3953=VERTEX_POINT('',#13572);
#3954=VERTEX_POINT('',#13574);
#3955=VERTEX_POINT('',#13576);
#3956=VERTEX_POINT('',#13578);
#3957=VERTEX_POINT('',#13580);
#3958=VERTEX_POINT('',#13582);
#3959=VERTEX_POINT('',#13584);
#3960=VERTEX_POINT('',#13586);
#3961=VERTEX_POINT('',#13588);
#3962=VERTEX_POINT('',#13590);
#3963=VERTEX_POINT('',#13592);
#3964=VERTEX_POINT('',#13594);
#3965=VERTEX_POINT('',#13596);
#3966=VERTEX_POINT('',#13598);
#3967=VERTEX_POINT('',#13600);
#3968=VERTEX_POINT('',#13602);
#3969=VERTEX_POINT('',#13604);
#3970=VERTEX_POINT('',#13606);
#3971=VERTEX_POINT('',#13608);
#3972=VERTEX_POINT('',#13611);
#3973=VERTEX_POINT('',#13613);
#3974=VERTEX_POINT('',#13615);
#3975=VERTEX_POINT('',#13617);
#3976=VERTEX_POINT('',#13619);
#3977=VERTEX_POINT('',#13621);
#3978=VERTEX_POINT('',#13623);
#3979=VERTEX_POINT('',#13625);
#3980=VERTEX_POINT('',#13627);
#3981=VERTEX_POINT('',#13629);
#3982=VERTEX_POINT('',#13631);
#3983=VERTEX_POINT('',#13633);
#3984=VERTEX_POINT('',#13635);
#3985=VERTEX_POINT('',#13637);
#3986=VERTEX_POINT('',#13639);
#3987=VERTEX_POINT('',#13641);
#3988=VERTEX_POINT('',#13643);
#3989=VERTEX_POINT('',#13645);
#3990=VERTEX_POINT('',#13647);
#3991=VERTEX_POINT('',#13649);
#3992=VERTEX_POINT('',#13651);
#3993=VERTEX_POINT('',#13653);
#3994=VERTEX_POINT('',#13655);
#3995=VERTEX_POINT('',#13658);
#3996=VERTEX_POINT('',#13661);
#3997=VERTEX_POINT('',#13662);
#3998=VERTEX_POINT('',#13665);
#3999=VERTEX_POINT('',#13669);
#4000=VERTEX_POINT('',#13670);
#4001=VERTEX_POINT('',#13672);
#4002=VERTEX_POINT('',#13675);
#4003=VERTEX_POINT('',#13677);
#4004=VERTEX_POINT('',#13679);
#4005=VERTEX_POINT('',#13681);
#4006=VERTEX_POINT('',#13683);
#4007=VERTEX_POINT('',#13685);
#4008=VERTEX_POINT('',#13687);
#4009=VERTEX_POINT('',#13689);
#4010=VERTEX_POINT('',#13691);
#4011=VERTEX_POINT('',#13693);
#4012=VERTEX_POINT('',#13695);
#4013=VERTEX_POINT('',#13697);
#4014=VERTEX_POINT('',#13699);
#4015=VERTEX_POINT('',#13701);
#4016=VERTEX_POINT('',#13703);
#4017=VERTEX_POINT('',#13705);
#4018=VERTEX_POINT('',#13707);
#4019=VERTEX_POINT('',#13709);
#4020=VERTEX_POINT('',#13715);
#4021=VERTEX_POINT('',#13716);
#4022=VERTEX_POINT('',#13718);
#4023=VERTEX_POINT('',#13723);
#4024=VERTEX_POINT('',#13725);
#4025=VERTEX_POINT('',#13727);
#4026=VERTEX_POINT('',#13731);
#4027=VERTEX_POINT('',#13732);
#4028=VERTEX_POINT('',#13734);
#4029=VERTEX_POINT('',#13736);
#4030=VERTEX_POINT('',#13738);
#4031=VERTEX_POINT('',#13740);
#4032=VERTEX_POINT('',#13742);
#4033=VERTEX_POINT('',#13744);
#4034=VERTEX_POINT('',#13746);
#4035=VERTEX_POINT('',#13748);
#4036=VERTEX_POINT('',#13750);
#4037=VERTEX_POINT('',#13752);
#4038=VERTEX_POINT('',#13757);
#4039=VERTEX_POINT('',#13758);
#4040=VERTEX_POINT('',#13760);
#4041=VERTEX_POINT('',#13763);
#4042=VERTEX_POINT('',#13765);
#4043=VERTEX_POINT('',#13767);
#4044=VERTEX_POINT('',#13771);
#4045=VERTEX_POINT('',#13772);
#4046=VERTEX_POINT('',#13775);
#4047=VERTEX_POINT('',#13779);
#4048=VERTEX_POINT('',#13781);
#4049=VERTEX_POINT('',#13785);
#4050=VERTEX_POINT('',#13787);
#4051=VERTEX_POINT('',#13789);
#4052=VERTEX_POINT('',#13791);
#4053=VERTEX_POINT('',#13793);
#4054=VERTEX_POINT('',#13795);
#4055=VERTEX_POINT('',#13797);
#4056=VERTEX_POINT('',#13799);
#4057=VERTEX_POINT('',#13801);
#4058=VERTEX_POINT('',#13803);
#4059=VERTEX_POINT('',#13805);
#4060=VERTEX_POINT('',#13807);
#4061=VERTEX_POINT('',#13809);
#4062=VERTEX_POINT('',#13811);
#4063=VERTEX_POINT('',#13814);
#4064=VERTEX_POINT('',#13816);
#4065=VERTEX_POINT('',#13819);
#4066=VERTEX_POINT('',#13821);
#4067=VERTEX_POINT('',#13835);
#4068=VERTEX_POINT('',#13837);
#4069=VERTEX_POINT('',#13845);
#4070=VERTEX_POINT('',#13865);
#4071=VERTEX_POINT('',#13866);
#4072=VERTEX_POINT('',#13869);
#4073=VERTEX_POINT('',#13871);
#4074=VERTEX_POINT('',#13873);
#4075=VERTEX_POINT('',#13877);
#4076=VERTEX_POINT('',#13878);
#4077=VERTEX_POINT('',#13883);
#4078=VERTEX_POINT('',#13884);
#4079=VERTEX_POINT('',#13886);
#4080=VERTEX_POINT('',#13889);
#4081=VERTEX_POINT('',#13892);
#4082=VERTEX_POINT('',#13895);
#4083=VERTEX_POINT('',#13898);
#4084=VERTEX_POINT('',#13902);
#4085=VERTEX_POINT('',#13908);
#4086=VERTEX_POINT('',#13910);
#4087=VERTEX_POINT('',#13912);
#4088=VERTEX_POINT('',#13914);
#4089=VERTEX_POINT('',#13916);
#4090=VERTEX_POINT('',#13918);
#4091=VERTEX_POINT('',#13920);
#4092=VERTEX_POINT('',#13922);
#4093=VERTEX_POINT('',#13924);
#4094=VERTEX_POINT('',#13926);
#4095=VERTEX_POINT('',#13928);
#4096=VERTEX_POINT('',#13930);
#4097=VERTEX_POINT('',#13932);
#4098=VERTEX_POINT('',#13935);
#4099=VERTEX_POINT('',#13936);
#4100=VERTEX_POINT('',#13938);
#4101=VERTEX_POINT('',#13942);
#4102=VERTEX_POINT('',#13943);
#4103=VERTEX_POINT('',#13948);
#4104=VERTEX_POINT('',#13951);
#4105=VERTEX_POINT('',#13953);
#4106=VERTEX_POINT('',#13955);
#4107=VERTEX_POINT('',#13957);
#4108=VERTEX_POINT('',#13959);
#4109=VERTEX_POINT('',#13961);
#4110=VERTEX_POINT('',#13963);
#4111=VERTEX_POINT('',#13965);
#4112=VERTEX_POINT('',#13968);
#4113=VERTEX_POINT('',#13972);
#4114=VERTEX_POINT('',#13974);
#4115=VERTEX_POINT('',#13976);
#4116=VERTEX_POINT('',#13978);
#4117=VERTEX_POINT('',#13980);
#4118=VERTEX_POINT('',#13982);
#4119=VERTEX_POINT('',#13984);
#4120=VERTEX_POINT('',#13986);
#4121=VERTEX_POINT('',#13990);
#4122=VERTEX_POINT('',#13991);
#4123=VERTEX_POINT('',#13993);
#4124=VERTEX_POINT('',#13995);
#4125=VERTEX_POINT('',#14001);
#4126=VERTEX_POINT('',#14002);
#4127=VERTEX_POINT('',#14004);
#4128=VERTEX_POINT('',#14008);
#4129=VERTEX_POINT('',#14009);
#4130=VERTEX_POINT('',#14011);
#4131=VERTEX_POINT('',#14013);
#4132=VERTEX_POINT('',#14015);
#4133=VERTEX_POINT('',#14018);
#4134=VERTEX_POINT('',#14020);
#4135=VERTEX_POINT('',#14026);
#4136=VERTEX_POINT('',#14028);
#4137=VERTEX_POINT('',#14065);
#4138=VERTEX_POINT('',#14070);
#4139=VERTEX_POINT('',#14121);
#4140=VERTEX_POINT('',#14203);
#4141=VERTEX_POINT('',#14207);
#4142=VERTEX_POINT('',#14211);
#4143=VERTEX_POINT('',#14212);
#4144=VERTEX_POINT('',#14214);
#4145=VERTEX_POINT('',#14216);
#4146=VERTEX_POINT('',#14223);
#4147=VERTEX_POINT('',#14224);
#4148=VERTEX_POINT('',#14226);
#4149=VERTEX_POINT('',#14228);
#4150=VERTEX_POINT('',#14230);
#4151=VERTEX_POINT('',#14232);
#4152=VERTEX_POINT('',#14234);
#4153=VERTEX_POINT('',#14236);
#4154=VERTEX_POINT('',#14238);
#4155=VERTEX_POINT('',#14245);
#4156=VERTEX_POINT('',#14246);
#4157=VERTEX_POINT('',#14249);
#4158=VERTEX_POINT('',#14251);
#4159=VERTEX_POINT('',#14253);
#4160=VERTEX_POINT('',#14255);
#4161=VERTEX_POINT('',#14257);
#4162=VERTEX_POINT('',#14259);
#4163=VERTEX_POINT('',#14261);
#4164=VERTEX_POINT('',#14263);
#4165=VERTEX_POINT('',#14265);
#4166=VERTEX_POINT('',#14267);
#4167=VERTEX_POINT('',#14277);
#4168=VERTEX_POINT('',#14278);
#4169=VERTEX_POINT('',#14283);
#4170=VERTEX_POINT('',#14285);
#4171=VERTEX_POINT('',#14289);
#4172=VERTEX_POINT('',#14290);
#4173=VERTEX_POINT('',#14292);
#4174=VERTEX_POINT('',#14295);
#4175=VERTEX_POINT('',#14299);
#4176=VERTEX_POINT('',#14301);
#4177=VERTEX_POINT('',#14303);
#4178=VERTEX_POINT('',#14306);
#4179=VERTEX_POINT('',#14308);
#4180=VERTEX_POINT('',#14310);
#4181=VERTEX_POINT('',#14312);
#4182=VERTEX_POINT('',#14314);
#4183=VERTEX_POINT('',#14316);
#4184=VERTEX_POINT('',#14318);
#4185=VERTEX_POINT('',#14320);
#4186=VERTEX_POINT('',#14322);
#4187=VERTEX_POINT('',#14324);
#4188=VERTEX_POINT('',#14326);
#4189=VERTEX_POINT('',#14328);
#4190=VERTEX_POINT('',#14330);
#4191=VERTEX_POINT('',#14332);
#4192=VERTEX_POINT('',#14334);
#4193=VERTEX_POINT('',#14336);
#4194=VERTEX_POINT('',#14338);
#4195=VERTEX_POINT('',#14340);
#4196=VERTEX_POINT('',#14342);
#4197=VERTEX_POINT('',#14344);
#4198=VERTEX_POINT('',#14346);
#4199=VERTEX_POINT('',#14348);
#4200=VERTEX_POINT('',#14350);
#4201=VERTEX_POINT('',#14352);
#4202=VERTEX_POINT('',#14354);
#4203=VERTEX_POINT('',#14356);
#4204=VERTEX_POINT('',#14358);
#4205=VERTEX_POINT('',#14360);
#4206=VERTEX_POINT('',#14362);
#4207=VERTEX_POINT('',#14364);
#4208=VERTEX_POINT('',#14366);
#4209=VERTEX_POINT('',#14368);
#4210=VERTEX_POINT('',#14370);
#4211=VERTEX_POINT('',#14372);
#4212=VERTEX_POINT('',#14374);
#4213=VERTEX_POINT('',#14376);
#4214=VERTEX_POINT('',#14378);
#4215=VERTEX_POINT('',#14380);
#4216=VERTEX_POINT('',#14382);
#4217=VERTEX_POINT('',#14384);
#4218=VERTEX_POINT('',#14386);
#4219=VERTEX_POINT('',#14388);
#4220=VERTEX_POINT('',#14393);
#4221=VERTEX_POINT('',#14394);
#4222=VERTEX_POINT('',#14397);
#4223=VERTEX_POINT('',#14406);
#4224=VERTEX_POINT('',#14407);
#4225=VERTEX_POINT('',#14409);
#4226=VERTEX_POINT('',#14411);
#4227=VERTEX_POINT('',#14414);
#4228=VERTEX_POINT('',#14416);
#4229=VERTEX_POINT('',#14418);
#4230=VERTEX_POINT('',#14420);
#4231=VERTEX_POINT('',#14424);
#4232=VERTEX_POINT('',#14425);
#4233=VERTEX_POINT('',#14427);
#4234=VERTEX_POINT('',#14429);
#4235=VERTEX_POINT('',#14432);
#4236=VERTEX_POINT('',#14434);
#4237=VERTEX_POINT('',#14437);
#4238=VERTEX_POINT('',#14439);
#4239=VERTEX_POINT('',#14443);
#4240=VERTEX_POINT('',#14444);
#4241=VERTEX_POINT('',#14446);
#4242=VERTEX_POINT('',#14448);
#4243=VERTEX_POINT('',#14450);
#4244=VERTEX_POINT('',#14452);
#4245=VERTEX_POINT('',#14454);
#4246=VERTEX_POINT('',#14456);
#4247=VERTEX_POINT('',#14465);
#4248=VERTEX_POINT('',#14466);
#4249=VERTEX_POINT('',#14468);
#4250=VERTEX_POINT('',#14470);
#4251=VERTEX_POINT('',#14474);
#4252=VERTEX_POINT('',#14475);
#4253=VERTEX_POINT('',#14480);
#4254=VERTEX_POINT('',#14487);
#4255=VERTEX_POINT('',#14488);
#4256=VERTEX_POINT('',#14490);
#4257=VERTEX_POINT('',#14492);
#4258=VERTEX_POINT('',#14494);
#4259=VERTEX_POINT('',#14496);
#4260=VERTEX_POINT('',#14498);
#4261=VERTEX_POINT('',#14500);
#4262=VERTEX_POINT('',#14502);
#4263=VERTEX_POINT('',#14504);
#4264=VERTEX_POINT('',#14506);
#4265=VERTEX_POINT('',#14508);
#4266=VERTEX_POINT('',#14510);
#4267=VERTEX_POINT('',#14513);
#4268=VERTEX_POINT('',#14514);
#4269=VERTEX_POINT('',#14516);
#4270=VERTEX_POINT('',#14518);
#4271=VERTEX_POINT('',#14521);
#4272=VERTEX_POINT('',#14522);
#4273=VERTEX_POINT('',#14524);
#4274=VERTEX_POINT('',#14526);
#4275=VERTEX_POINT('',#14530);
#4276=VERTEX_POINT('',#14531);
#4277=VERTEX_POINT('',#14533);
#4278=VERTEX_POINT('',#14536);
#4279=VERTEX_POINT('',#14539);
#4280=VERTEX_POINT('',#14541);
#4281=VERTEX_POINT('',#14544);
#4282=VERTEX_POINT('',#14545);
#4283=VERTEX_POINT('',#14550);
#4284=VERTEX_POINT('',#14551);
#4285=VERTEX_POINT('',#14554);
#4286=VERTEX_POINT('',#14557);
#4287=VERTEX_POINT('',#14560);
#4288=VERTEX_POINT('',#14563);
#4289=VERTEX_POINT('',#14564);
#4290=VERTEX_POINT('',#14566);
#4291=VERTEX_POINT('',#14568);
#4292=VERTEX_POINT('',#14571);
#4293=VERTEX_POINT('',#14572);
#4294=VERTEX_POINT('',#14574);
#4295=VERTEX_POINT('',#14576);
#4296=VERTEX_POINT('',#14580);
#4297=VERTEX_POINT('',#14581);
#4298=VERTEX_POINT('',#14583);
#4299=VERTEX_POINT('',#14585);
#4300=VERTEX_POINT('',#14587);
#4301=VERTEX_POINT('',#14589);
#4302=VERTEX_POINT('',#14591);
#4303=VERTEX_POINT('',#14593);
#4304=VERTEX_POINT('',#14596);
#4305=VERTEX_POINT('',#14598);
#4306=VERTEX_POINT('',#14600);
#4307=VERTEX_POINT('',#14602);
#4308=VERTEX_POINT('',#14605);
#4309=VERTEX_POINT('',#14607);
#4310=VERTEX_POINT('',#14609);
#4311=VERTEX_POINT('',#14611);
#4312=VERTEX_POINT('',#14615);
#4313=VERTEX_POINT('',#14617);
#4314=VERTEX_POINT('',#14620);
#4315=VERTEX_POINT('',#14622);
#4316=VERTEX_POINT('',#14625);
#4317=VERTEX_POINT('',#14627);
#4318=VERTEX_POINT('',#14633);
#4319=VERTEX_POINT('',#14638);
#4320=VERTEX_POINT('',#14640);
#4321=VERTEX_POINT('',#14642);
#4322=VERTEX_POINT('',#14646);
#4323=VERTEX_POINT('',#14648);
#4324=VERTEX_POINT('',#14652);
#4325=VERTEX_POINT('',#14654);
#4326=VERTEX_POINT('',#14656);
#4327=VERTEX_POINT('',#14658);
#4328=VERTEX_POINT('',#14660);
#4329=VERTEX_POINT('',#14663);
#4330=VERTEX_POINT('',#14664);
#4331=VERTEX_POINT('',#14666);
#4332=VERTEX_POINT('',#14669);
#4333=VERTEX_POINT('',#14672);
#4334=VERTEX_POINT('',#14695);
#4335=VERTEX_POINT('',#14697);
#4336=VERTEX_POINT('',#14699);
#4337=VERTEX_POINT('',#14701);
#4338=VERTEX_POINT('',#14702);
#4339=VERTEX_POINT('',#14704);
#4340=VERTEX_POINT('',#14706);
#4341=VERTEX_POINT('',#14708);
#4342=VERTEX_POINT('',#14711);
#4343=VERTEX_POINT('',#14713);
#4344=VERTEX_POINT('',#14715);
#4345=VERTEX_POINT('',#14718);
#4346=VERTEX_POINT('',#14720);
#4347=VERTEX_POINT('',#14723);
#4348=VERTEX_POINT('',#14726);
#4349=VERTEX_POINT('',#14728);
#4350=VERTEX_POINT('',#14731);
#4351=VERTEX_POINT('',#14734);
#4352=VERTEX_POINT('',#14750);
#4353=VERTEX_POINT('',#14755);
#4354=VERTEX_POINT('',#14757);
#4355=VERTEX_POINT('',#14759);
#4356=VERTEX_POINT('',#14761);
#4357=VERTEX_POINT('',#14763);
#4358=VERTEX_POINT('',#14765);
#4359=VERTEX_POINT('',#14767);
#4360=VERTEX_POINT('',#14771);
#4361=VERTEX_POINT('',#14773);
#4362=VERTEX_POINT('',#14775);
#4363=VERTEX_POINT('',#14777);
#4364=VERTEX_POINT('',#14779);
#4365=VERTEX_POINT('',#14781);
#4366=VERTEX_POINT('',#14783);
#4367=VERTEX_POINT('',#14785);
#4368=VERTEX_POINT('',#14788);
#4369=VERTEX_POINT('',#14790);
#4370=VERTEX_POINT('',#14794);
#4371=VERTEX_POINT('',#14808);
#4372=VERTEX_POINT('',#14812);
#4373=VERTEX_POINT('',#14813);
#4374=VERTEX_POINT('',#14815);
#4375=VERTEX_POINT('',#14818);
#4376=VERTEX_POINT('',#14822);
#4377=VERTEX_POINT('',#14823);
#4378=VERTEX_POINT('',#14825);
#4379=VERTEX_POINT('',#14827);
#4380=VERTEX_POINT('',#14829);
#4381=VERTEX_POINT('',#14831);
#4382=VERTEX_POINT('',#14833);
#4383=VERTEX_POINT('',#14835);
#4384=VERTEX_POINT('',#14837);
#4385=VERTEX_POINT('',#14839);
#4386=VERTEX_POINT('',#14842);
#4387=VERTEX_POINT('',#14844);
#4388=VERTEX_POINT('',#14846);
#4389=VERTEX_POINT('',#14848);
#4390=VERTEX_POINT('',#14850);
#4391=VERTEX_POINT('',#14852);
#4392=VERTEX_POINT('',#14854);
#4393=VERTEX_POINT('',#14858);
#4394=VERTEX_POINT('',#14859);
#4395=VERTEX_POINT('',#14861);
#4396=VERTEX_POINT('',#14863);
#4397=VERTEX_POINT('',#14865);
#4398=VERTEX_POINT('',#14867);
#4399=VERTEX_POINT('',#14869);
#4400=VERTEX_POINT('',#14871);
#4401=VERTEX_POINT('',#14873);
#4402=VERTEX_POINT('',#14875);
#4403=VERTEX_POINT('',#14878);
#4404=VERTEX_POINT('',#14880);
#4405=VERTEX_POINT('',#14882);
#4406=VERTEX_POINT('',#14884);
#4407=VERTEX_POINT('',#14886);
#4408=VERTEX_POINT('',#14888);
#4409=VERTEX_POINT('',#14890);
#4410=VERTEX_POINT('',#14894);
#4411=VERTEX_POINT('',#14902);
#4412=VERTEX_POINT('',#14903);
#4413=VERTEX_POINT('',#14908);
#4414=VERTEX_POINT('',#14910);
#4415=VERTEX_POINT('',#14914);
#4416=VERTEX_POINT('',#14918);
#4417=VERTEX_POINT('',#14920);
#4418=VERTEX_POINT('',#14924);
#4419=VERTEX_POINT('',#14925);
#4420=VERTEX_POINT('',#14935);
#4421=VERTEX_POINT('',#14965);
#4422=VERTEX_POINT('',#14968);
#4423=VERTEX_POINT('',#14972);
#4424=VERTEX_POINT('',#14973);
#4425=VERTEX_POINT('',#14978);
#4426=VERTEX_POINT('',#14980);
#4427=VERTEX_POINT('',#14984);
#4428=VERTEX_POINT('',#14985);
#4429=VERTEX_POINT('',#14990);
#4430=VERTEX_POINT('',#14992);
#4431=VERTEX_POINT('',#14996);
#4432=VERTEX_POINT('',#14998);
#4433=VERTEX_POINT('',#15002);
#4434=VERTEX_POINT('',#15006);
#4435=VERTEX_POINT('',#15007);
#4436=VERTEX_POINT('',#15012);
#4437=VERTEX_POINT('',#15013);
#4438=VERTEX_POINT('',#15018);
#4439=VERTEX_POINT('',#15019);
#4440=VERTEX_POINT('',#15024);
#4441=VERTEX_POINT('',#15026);
#4442=VERTEX_POINT('',#15030);
#4443=VERTEX_POINT('',#15032);
#4444=VERTEX_POINT('',#15039);
#4445=VERTEX_POINT('',#15041);
#4446=VERTEX_POINT('',#15052);
#4447=VERTEX_POINT('',#15053);
#4448=VERTEX_POINT('',#15060);
#4449=VERTEX_POINT('',#15061);
#4450=VERTEX_POINT('',#15070);
#4451=VERTEX_POINT('',#15071);
#4452=VERTEX_POINT('',#15085);
#4453=VERTEX_POINT('',#15086);
#4454=VERTEX_POINT('',#15099);
#4455=VERTEX_POINT('',#15100);
#4456=VERTEX_POINT('',#15107);
#4457=VERTEX_POINT('',#15109);
#4458=VERTEX_POINT('',#15115);
#4459=VERTEX_POINT('',#15117);
#4460=VERTEX_POINT('',#15127);
#4461=VERTEX_POINT('',#15128);
#4462=VERTEX_POINT('',#15143);
#4463=VERTEX_POINT('',#15145);
#4464=VERTEX_POINT('',#15153);
#4465=VERTEX_POINT('',#15155);
#4466=VERTEX_POINT('',#15161);
#4467=VERTEX_POINT('',#15162);
#4468=VERTEX_POINT('',#15175);
#4469=VERTEX_POINT('',#15176);
#4470=VERTEX_POINT('',#15187);
#4471=VERTEX_POINT('',#15193);
#4472=VERTEX_POINT('',#15194);
#4473=VERTEX_POINT('',#15203);
#4474=VERTEX_POINT('',#15205);
#4475=VERTEX_POINT('',#15211);
#4476=VERTEX_POINT('',#15213);
#4477=VERTEX_POINT('',#15233);
#4478=VERTEX_POINT('',#15239);
#4479=VERTEX_POINT('',#15241);
#4480=VERTEX_POINT('',#15249);
#4481=VERTEX_POINT('',#15251);
#4482=VERTEX_POINT('',#15255);
#4483=VERTEX_POINT('',#15256);
#4484=VERTEX_POINT('',#15261);
#4485=VERTEX_POINT('',#15262);
#4486=VERTEX_POINT('',#15269);
#4487=VERTEX_POINT('',#15270);
#4488=VERTEX_POINT('',#15281);
#4489=VERTEX_POINT('',#15285);
#4490=VERTEX_POINT('',#15305);
#4491=VERTEX_POINT('',#15306);
#4492=VERTEX_POINT('',#15308);
#4493=VERTEX_POINT('',#15311);
#4494=VERTEX_POINT('',#15317);
#4495=VERTEX_POINT('',#15321);
#4496=VERTEX_POINT('',#15322);
#4497=VERTEX_POINT('',#15336);
#4498=VERTEX_POINT('',#15337);
#4499=VERTEX_POINT('',#15339);
#4500=VERTEX_POINT('',#15344);
#4501=VERTEX_POINT('',#15348);
#4502=VERTEX_POINT('',#15354);
#4503=VERTEX_POINT('',#15355);
#4504=VERTEX_POINT('',#15357);
#4505=VERTEX_POINT('',#15359);
#4506=VERTEX_POINT('',#15366);
#4507=VERTEX_POINT('',#15368);
#4508=VERTEX_POINT('',#15374);
#4509=VERTEX_POINT('',#15376);
#4510=VERTEX_POINT('',#15387);
#4511=VERTEX_POINT('',#15388);
#4512=VERTEX_POINT('',#15390);
#4513=VERTEX_POINT('',#15397);
#4514=VERTEX_POINT('',#15402);
#4515=VERTEX_POINT('',#15403);
#4516=VERTEX_POINT('',#15405);
#4517=VERTEX_POINT('',#15410);
#4518=VERTEX_POINT('',#15414);
#4519=VERTEX_POINT('',#15415);
#4520=VERTEX_POINT('',#15417);
#4521=VERTEX_POINT('',#15419);
#4522=VERTEX_POINT('',#15422);
#4523=VERTEX_POINT('',#15424);
#4524=VERTEX_POINT('',#15428);
#4525=VERTEX_POINT('',#15430);
#4526=VERTEX_POINT('',#15432);
#4527=VERTEX_POINT('',#15438);
#4528=VERTEX_POINT('',#15444);
#4529=VERTEX_POINT('',#15448);
#4530=VERTEX_POINT('',#15450);
#4531=VERTEX_POINT('',#15452);
#4532=VERTEX_POINT('',#15456);
#4533=VERTEX_POINT('',#15462);
#4534=VERTEX_POINT('',#15466);
#4535=VERTEX_POINT('',#15468);
#4536=VERTEX_POINT('',#15472);
#4537=VERTEX_POINT('',#15474);
#4538=VERTEX_POINT('',#15478);
#4539=VERTEX_POINT('',#15482);
#4540=VERTEX_POINT('',#15496);
#4541=VERTEX_POINT('',#15499);
#4542=VERTEX_POINT('',#15506);
#4543=VERTEX_POINT('',#15525);
#4544=VERTEX_POINT('',#15557);
#4545=VERTEX_POINT('',#15564);
#4546=VERTEX_POINT('',#15566);
#4547=VERTEX_POINT('',#15570);
#4548=VERTEX_POINT('',#15572);
#4549=VERTEX_POINT('',#15576);
#4550=VERTEX_POINT('',#15578);
#4551=VERTEX_POINT('',#15583);
#4552=VERTEX_POINT('',#15589);
#4553=VERTEX_POINT('',#15607);
#4554=VERTEX_POINT('',#15608);
#4555=VERTEX_POINT('',#15611);
#4556=VERTEX_POINT('',#15613);
#4557=VERTEX_POINT('',#15617);
#4558=VERTEX_POINT('',#15619);
#4559=VERTEX_POINT('',#15621);
#4560=VERTEX_POINT('',#15623);
#4561=VERTEX_POINT('',#15627);
#4562=VERTEX_POINT('',#15628);
#4563=VERTEX_POINT('',#15631);
#4564=VERTEX_POINT('',#15633);
#4565=VERTEX_POINT('',#15637);
#4566=VERTEX_POINT('',#15639);
#4567=VERTEX_POINT('',#15641);
#4568=VERTEX_POINT('',#15643);
#4569=VERTEX_POINT('',#15647);
#4570=VERTEX_POINT('',#15648);
#4571=VERTEX_POINT('',#15655);
#4572=VERTEX_POINT('',#15664);
#4573=VERTEX_POINT('',#15665);
#4574=VERTEX_POINT('',#15667);
#4575=VERTEX_POINT('',#15669);
#4576=VERTEX_POINT('',#15674);
#4577=VERTEX_POINT('',#15675);
#4578=VERTEX_POINT('',#15678);
#4579=VERTEX_POINT('',#15680);
#4580=VERTEX_POINT('',#15684);
#4581=VERTEX_POINT('',#15685);
#4582=VERTEX_POINT('',#15707);
#4583=VERTEX_POINT('',#15709);
#4584=VERTEX_POINT('',#15713);
#4585=VERTEX_POINT('',#15715);
#4586=VERTEX_POINT('',#15717);
#4587=VERTEX_POINT('',#15719);
#4588=VERTEX_POINT('',#15723);
#4589=VERTEX_POINT('',#15725);
#4590=VERTEX_POINT('',#15727);
#4591=VERTEX_POINT('',#15729);
#4592=VERTEX_POINT('',#15733);
#4593=VERTEX_POINT('',#15741);
#4594=VERTEX_POINT('',#15747);
#4595=VERTEX_POINT('',#15753);
#4596=VERTEX_POINT('',#15761);
#4597=VERTEX_POINT('',#15769);
#4598=VERTEX_POINT('',#15775);
#4599=VERTEX_POINT('',#15781);
#4600=VERTEX_POINT('',#15789);
#4601=VERTEX_POINT('',#15814);
#4602=VERTEX_POINT('',#15816);
#4603=VERTEX_POINT('',#15820);
#4604=VERTEX_POINT('',#15821);
#4605=VERTEX_POINT('',#15828);
#4606=VERTEX_POINT('',#15833);
#4607=VERTEX_POINT('',#15840);
#4608=VERTEX_POINT('',#15842);
#4609=VERTEX_POINT('',#15856);
#4610=VERTEX_POINT('',#15858);
#4611=VERTEX_POINT('',#15862);
#4612=VERTEX_POINT('',#15885);
#4613=VERTEX_POINT('',#15905);
#4614=VERTEX_POINT('',#15909);
#4615=VERTEX_POINT('',#15916);
#4616=VERTEX_POINT('',#15920);
#4617=VERTEX_POINT('',#15927);
#4618=VERTEX_POINT('',#15936);
#4619=VERTEX_POINT('',#15941);
#4620=VERTEX_POINT('',#15953);
#4621=VERTEX_POINT('',#15955);
#4622=VERTEX_POINT('',#15960);
#4623=VERTEX_POINT('',#15962);
#4624=VERTEX_POINT('',#15966);
#4625=VERTEX_POINT('',#15972);
#4626=VERTEX_POINT('',#15976);
#4627=VERTEX_POINT('',#15977);
#4628=VERTEX_POINT('',#15998);
#4629=VERTEX_POINT('',#16018);
#4630=VERTEX_POINT('',#16020);
#4631=VERTEX_POINT('',#16024);
#4632=VERTEX_POINT('',#16026);
#4633=VERTEX_POINT('',#16032);
#4634=VERTEX_POINT('',#16038);
#4635=VERTEX_POINT('',#16053);
#4636=VERTEX_POINT('',#16057);
#4637=VERTEX_POINT('',#16059);
#4638=VERTEX_POINT('',#16063);
#4639=VERTEX_POINT('',#16068);
#4640=VERTEX_POINT('',#16072);
#4641=VERTEX_POINT('',#16159);
#4642=VERTEX_POINT('',#16160);
#4643=VERTEX_POINT('',#16162);
#4644=VERTEX_POINT('',#16164);
#4645=VERTEX_POINT('',#16168);
#4646=VERTEX_POINT('',#16169);
#4647=VERTEX_POINT('',#16171);
#4648=VERTEX_POINT('',#16173);
#4649=VERTEX_POINT('',#16185);
#4650=VERTEX_POINT('',#16186);
#4651=VERTEX_POINT('',#16188);
#4652=VERTEX_POINT('',#16190);
#4653=VERTEX_POINT('',#16194);
#4654=VERTEX_POINT('',#16195);
#4655=VERTEX_POINT('',#16197);
#4656=VERTEX_POINT('',#16199);
#4657=VERTEX_POINT('',#16211);
#4658=VERTEX_POINT('',#16212);
#4659=VERTEX_POINT('',#16214);
#4660=VERTEX_POINT('',#16216);
#4661=VERTEX_POINT('',#16220);
#4662=VERTEX_POINT('',#16221);
#4663=VERTEX_POINT('',#16223);
#4664=VERTEX_POINT('',#16227);
#4665=VERTEX_POINT('',#16228);
#4666=VERTEX_POINT('',#16230);
#4667=EDGE_CURVE('',#3738,#3739,#1272,.T.);
#4668=EDGE_CURVE('',#3739,#3738,#1242,.T.);
#4669=EDGE_CURVE('',#3738,#3739,#1243,.T.);
#4670=EDGE_CURVE('',#3740,#3741,#1273,.T.);
#4671=EDGE_CURVE('',#3741,#3742,#1274,.T.);
#4672=EDGE_CURVE('',#3742,#3743,#1275,.T.);
#4673=EDGE_CURVE('',#3743,#3740,#1276,.T.);
#4674=EDGE_CURVE('',#3744,#3745,#1277,.T.);
#4675=EDGE_CURVE('',#3742,#3744,#1278,.T.);
#4676=EDGE_CURVE('',#3745,#3741,#1279,.T.);
#4677=EDGE_CURVE('',#3746,#3740,#1280,.T.);
#4678=EDGE_CURVE('',#3745,#3746,#1281,.T.);
#4679=EDGE_CURVE('',#3747,#3746,#1282,.T.);
#4680=EDGE_CURVE('',#3743,#3747,#1283,.T.);
#4681=EDGE_CURVE('',#3744,#3747,#1284,.T.);
#4682=EDGE_CURVE('',#3748,#3749,#1285,.T.);
#4683=EDGE_CURVE('',#3748,#3750,#79,.T.);
#4684=EDGE_CURVE('',#3750,#3751,#1286,.T.);
#4685=EDGE_CURVE('',#3749,#3751,#1287,.T.);
#4686=EDGE_CURVE('',#3752,#3753,#1288,.T.);
#4687=EDGE_CURVE('',#3752,#3754,#1289,.T.);
#4688=EDGE_CURVE('',#3754,#3755,#1290,.T.);
#4689=EDGE_CURVE('',#3753,#3755,#1291,.T.);
#4690=EDGE_CURVE('',#3756,#3757,#1292,.T.);
#4691=EDGE_CURVE('',#3758,#3757,#1293,.T.);
#4692=EDGE_CURVE('',#3759,#3758,#1294,.T.);
#4693=EDGE_CURVE('',#3759,#3756,#1295,.T.);
#4694=EDGE_CURVE('',#3751,#3753,#1296,.T.);
#4695=EDGE_CURVE('',#3750,#3760,#1244,.T.);
#4696=EDGE_CURVE('',#3760,#3761,#1297,.T.);
#4697=EDGE_CURVE('',#3761,#3752,#1298,.T.);
#4698=EDGE_CURVE('',#3762,#3763,#80,.T.);
#4699=EDGE_CURVE('',#3764,#3763,#1299,.T.);
#4700=EDGE_CURVE('',#3762,#3764,#1300,.T.);
#4701=EDGE_CURVE('',#3765,#3766,#1301,.T.);
#4702=EDGE_CURVE('',#3767,#3765,#1302,.T.);
#4703=EDGE_CURVE('',#3767,#3768,#81,.T.);
#4704=EDGE_CURVE('',#3768,#3766,#1303,.T.);
#4705=EDGE_CURVE('',#3769,#3770,#1304,.T.);
#4706=EDGE_CURVE('',#3771,#3769,#1305,.T.);
#4707=EDGE_CURVE('',#3771,#3772,#1306,.T.);
#4708=EDGE_CURVE('',#3772,#3773,#1307,.T.);
#4709=EDGE_CURVE('',#3774,#3773,#1308,.T.);
#4710=EDGE_CURVE('',#3775,#3774,#1309,.T.);
#4711=EDGE_CURVE('',#3770,#3775,#1310,.T.);
#4712=EDGE_CURVE('',#3776,#3777,#52,.T.);
#4713=EDGE_CURVE('',#3778,#3776,#53,.T.);
#4714=EDGE_CURVE('',#3778,#3779,#54,.T.);
#4715=EDGE_CURVE('',#3779,#3777,#1311,.T.);
#4716=EDGE_CURVE('',#3780,#3780,#82,.T.);
#4717=EDGE_CURVE('',#3781,#3782,#1312,.T.);
#4718=EDGE_CURVE('',#3782,#3783,#1313,.T.);
#4719=EDGE_CURVE('',#3784,#3783,#1314,.T.);
#4720=EDGE_CURVE('',#3784,#3781,#1315,.T.);
#4721=EDGE_CURVE('',#3785,#3785,#83,.T.);
#4722=EDGE_CURVE('',#3786,#3786,#84,.T.);
#4723=EDGE_CURVE('',#3787,#3788,#1316,.T.);
#4724=EDGE_CURVE('',#3788,#3789,#1317,.T.);
#4725=EDGE_CURVE('',#3789,#3790,#1318,.T.);
#4726=EDGE_CURVE('',#3787,#3790,#1319,.T.);
#4727=EDGE_CURVE('',#3791,#3792,#85,.T.);
#4728=EDGE_CURVE('',#3792,#3791,#86,.T.);
#4729=EDGE_CURVE('',#3791,#3793,#1320,.T.);
#4730=EDGE_CURVE('',#3793,#3793,#87,.T.);
#4731=EDGE_CURVE('',#3794,#3795,#1321,.T.);
#4732=EDGE_CURVE('',#3795,#3796,#1322,.T.);
#4733=EDGE_CURVE('',#3797,#3796,#1323,.T.);
#4734=EDGE_CURVE('',#3794,#3797,#1324,.T.);
#4735=EDGE_CURVE('',#3779,#3794,#1245,.T.);
#4736=EDGE_CURVE('',#3777,#3797,#1325,.T.);
#4737=EDGE_CURVE('',#3760,#3798,#88,.T.);
#4738=EDGE_CURVE('',#3761,#3798,#1326,.T.);
#4739=EDGE_CURVE('',#3799,#3800,#55,.T.);
#4740=EDGE_CURVE('',#3800,#3801,#1327,.T.);
#4741=EDGE_CURVE('',#3802,#3801,#56,.T.);
#4742=EDGE_CURVE('',#3799,#3802,#1328,.T.);
#4743=EDGE_CURVE('',#3803,#3804,#1329,.T.);
#4744=EDGE_CURVE('',#3804,#3805,#1330,.T.);
#4745=EDGE_CURVE('',#3805,#3806,#1331,.T.);
#4746=EDGE_CURVE('',#3807,#3806,#1332,.T.);
#4747=EDGE_CURVE('',#3808,#3807,#1333,.T.);
#4748=EDGE_CURVE('',#3808,#3809,#1334,.T.);
#4749=EDGE_CURVE('',#3809,#3810,#1335,.T.);
#4750=EDGE_CURVE('',#3810,#3811,#1336,.T.);
#4751=EDGE_CURVE('',#3812,#3811,#1337,.T.);
#4752=EDGE_CURVE('',#3812,#3803,#1338,.T.);
#4753=EDGE_CURVE('',#3813,#3814,#1339,.T.);
#4754=EDGE_CURVE('',#3814,#3815,#1246,.T.);
#4755=EDGE_CURVE('',#3816,#3815,#1340,.T.);
#4756=EDGE_CURVE('',#3816,#3813,#20,.T.);
#4757=EDGE_CURVE('',#3817,#3818,#1341,.T.);
#4758=EDGE_CURVE('',#3818,#3814,#1342,.T.);
#4759=EDGE_CURVE('',#3813,#3819,#1247,.T.);
#4760=EDGE_CURVE('',#3819,#3817,#1343,.T.);
#4761=EDGE_CURVE('',#3820,#3821,#1344,.T.);
#4762=EDGE_CURVE('',#3821,#3822,#1345,.T.);
#4763=EDGE_CURVE('',#3823,#3822,#1346,.T.);
#4764=EDGE_CURVE('',#3820,#3823,#1347,.T.);
#4765=EDGE_CURVE('',#3824,#3820,#1348,.F.);
#4766=EDGE_CURVE('',#3825,#3824,#1349,.T.);
#4767=EDGE_CURVE('',#3825,#3821,#1350,.T.);
#4768=EDGE_CURVE('',#3823,#3826,#1351,.T.);
#4769=EDGE_CURVE('',#3826,#3827,#1352,.T.);
#4770=EDGE_CURVE('',#3827,#3828,#1353,.T.);
#4771=EDGE_CURVE('',#3828,#3824,#1354,.T.);
#4772=EDGE_CURVE('',#3822,#3829,#1355,.T.);
#4773=EDGE_CURVE('',#3829,#3830,#1356,.T.);
#4774=EDGE_CURVE('',#3831,#3830,#1357,.T.);
#4775=EDGE_CURVE('',#3831,#3832,#1358,.T.);
#4776=EDGE_CURVE('',#3832,#3833,#1359,.T.);
#4777=EDGE_CURVE('',#3833,#3834,#1360,.T.);
#4778=EDGE_CURVE('',#3835,#3834,#1361,.T.);
#4779=EDGE_CURVE('',#3835,#3836,#1362,.T.);
#4780=EDGE_CURVE('',#3836,#3837,#1363,.T.);
#4781=EDGE_CURVE('',#3837,#3838,#1364,.T.);
#4782=EDGE_CURVE('',#3839,#3838,#1365,.T.);
#4783=EDGE_CURVE('',#3839,#3840,#1366,.T.);
#4784=EDGE_CURVE('',#3840,#3841,#1367,.T.);
#4785=EDGE_CURVE('',#3841,#3842,#1368,.T.);
#4786=EDGE_CURVE('',#3842,#3843,#89,.T.);
#4787=EDGE_CURVE('',#3844,#3843,#1369,.T.);
#4788=EDGE_CURVE('',#3845,#3844,#1370,.T.);
#4789=EDGE_CURVE('',#3845,#3846,#1371,.T.);
#4790=EDGE_CURVE('',#3846,#3847,#1372,.T.);
#4791=EDGE_CURVE('',#3847,#3818,#90,.T.);
#4792=EDGE_CURVE('',#3817,#3848,#91,.T.);
#4793=EDGE_CURVE('',#3849,#3848,#1373,.T.);
#4794=EDGE_CURVE('',#3850,#3849,#1374,.T.);
#4795=EDGE_CURVE('',#3850,#3851,#1375,.T.);
#4796=EDGE_CURVE('',#3851,#3852,#1376,.T.);
#4797=EDGE_CURVE('',#3852,#3853,#1377,.T.);
#4798=EDGE_CURVE('',#3853,#3854,#1378,.T.);
#4799=EDGE_CURVE('',#3855,#3854,#1379,.T.);
#4800=EDGE_CURVE('',#3855,#3856,#1380,.T.);
#4801=EDGE_CURVE('',#3856,#3857,#1381,.T.);
#4802=EDGE_CURVE('',#3857,#3858,#1382,.T.);
#4803=EDGE_CURVE('',#3859,#3858,#1383,.T.);
#4804=EDGE_CURVE('',#3859,#3860,#1384,.T.);
#4805=EDGE_CURVE('',#3860,#3861,#1385,.T.);
#4806=EDGE_CURVE('',#3861,#3862,#1386,.T.);
#4807=EDGE_CURVE('',#3863,#3862,#1387,.T.);
#4808=EDGE_CURVE('',#3863,#3864,#1388,.T.);
#4809=EDGE_CURVE('',#3864,#3865,#1389,.T.);
#4810=EDGE_CURVE('',#3865,#3866,#1390,.T.);
#4811=EDGE_CURVE('',#3867,#3866,#1391,.T.);
#4812=EDGE_CURVE('',#3867,#3868,#1392,.T.);
#4813=EDGE_CURVE('',#3868,#3869,#1393,.T.);
#4814=EDGE_CURVE('',#3869,#3870,#1394,.T.);
#4815=EDGE_CURVE('',#3871,#3870,#1395,.T.);
#4816=EDGE_CURVE('',#3871,#3872,#1396,.T.);
#4817=EDGE_CURVE('',#3872,#3873,#1397,.T.);
#4818=EDGE_CURVE('',#3873,#3874,#1398,.T.);
#4819=EDGE_CURVE('',#3874,#3875,#1399,.T.);
#4820=EDGE_CURVE('',#3876,#3875,#1400,.T.);
#4821=EDGE_CURVE('',#3876,#3826,#1401,.T.);
#4822=EDGE_CURVE('',#3877,#3827,#1402,.T.);
#4823=EDGE_CURVE('',#3877,#3876,#1403,.T.);
#4824=EDGE_CURVE('',#3828,#3878,#1404,.T.);
#4825=EDGE_CURVE('',#3879,#3877,#1405,.T.);
#4826=EDGE_CURVE('',#3880,#3879,#1406,.T.);
#4827=EDGE_CURVE('',#3881,#3880,#1407,.T.);
#4828=EDGE_CURVE('',#3878,#3881,#1408,.T.);
#4829=EDGE_CURVE('',#3882,#3883,#1409,.T.);
#4830=EDGE_CURVE('',#3784,#3883,#1410,.T.);
#4831=EDGE_CURVE('',#3884,#3783,#1411,.T.);
#4832=EDGE_CURVE('',#3884,#3885,#1412,.T.);
#4833=EDGE_CURVE('',#3886,#3885,#1413,.T.);
#4834=EDGE_CURVE('',#3886,#3887,#1414,.T.);
#4835=EDGE_CURVE('',#3888,#3887,#1415,.T.);
#4836=EDGE_CURVE('',#3888,#3889,#1416,.T.);
#4837=EDGE_CURVE('',#3889,#3890,#1417,.T.);
#4838=EDGE_CURVE('',#3891,#3890,#1418,.T.);
#4839=EDGE_CURVE('',#3891,#3892,#1419,.T.);
#4840=EDGE_CURVE('',#3893,#3892,#1420,.T.);
#4841=EDGE_CURVE('',#3893,#3894,#1421,.T.);
#4842=EDGE_CURVE('',#3894,#3895,#1422,.T.);
#4843=EDGE_CURVE('',#3895,#3896,#1423,.T.);
#4844=EDGE_CURVE('',#3897,#3896,#1424,.T.);
#4845=EDGE_CURVE('',#3897,#3898,#1425,.T.);
#4846=EDGE_CURVE('',#3898,#3899,#1426,.T.);
#4847=EDGE_CURVE('',#3899,#3900,#1427,.T.);
#4848=EDGE_CURVE('',#3901,#3900,#1428,.T.);
#4849=EDGE_CURVE('',#3901,#3902,#1429,.T.);
#4850=EDGE_CURVE('',#3902,#3903,#1430,.T.);
#4851=EDGE_CURVE('',#3903,#3904,#1431,.T.);
#4852=EDGE_CURVE('',#3905,#3904,#1432,.T.);
#4853=EDGE_CURVE('',#3905,#3906,#1433,.T.);
#4854=EDGE_CURVE('',#3906,#3907,#1434,.T.);
#4855=EDGE_CURVE('',#3907,#3908,#1435,.T.);
#4856=EDGE_CURVE('',#3909,#3908,#1436,.T.);
#4857=EDGE_CURVE('',#3909,#3910,#1437,.T.);
#4858=EDGE_CURVE('',#3910,#3911,#1438,.T.);
#4859=EDGE_CURVE('',#3911,#3912,#1439,.T.);
#4860=EDGE_CURVE('',#3913,#3912,#1440,.T.);
#4861=EDGE_CURVE('',#3913,#3914,#1441,.T.);
#4862=EDGE_CURVE('',#3914,#3915,#1442,.T.);
#4863=EDGE_CURVE('',#3915,#3916,#1443,.T.);
#4864=EDGE_CURVE('',#3917,#3916,#1444,.T.);
#4865=EDGE_CURVE('',#3917,#3918,#1445,.T.);
#4866=EDGE_CURVE('',#3918,#3919,#1446,.T.);
#4867=EDGE_CURVE('',#3919,#3920,#1447,.T.);
#4868=EDGE_CURVE('',#3921,#3920,#1448,.T.);
#4869=EDGE_CURVE('',#3921,#3922,#1449,.T.);
#4870=EDGE_CURVE('',#3922,#3923,#1450,.T.);
#4871=EDGE_CURVE('',#3923,#3924,#1451,.T.);
#4872=EDGE_CURVE('',#3924,#3925,#1452,.T.);
#4873=EDGE_CURVE('',#3926,#3925,#1453,.T.);
#4874=EDGE_CURVE('',#3926,#3927,#1454,.T.);
#4875=EDGE_CURVE('',#3927,#3928,#1455,.T.);
#4876=EDGE_CURVE('',#3928,#3929,#1456,.T.);
#4877=EDGE_CURVE('',#3930,#3929,#1457,.T.);
#4878=EDGE_CURVE('',#3930,#3931,#1458,.T.);
#4879=EDGE_CURVE('',#3931,#3932,#92,.T.);
#4880=EDGE_CURVE('',#3932,#3933,#1459,.T.);
#4881=EDGE_CURVE('',#3933,#3934,#1460,.T.);
#4882=EDGE_CURVE('',#3934,#3935,#1461,.T.);
#4883=EDGE_CURVE('',#3935,#3936,#1462,.T.);
#4884=EDGE_CURVE('',#3936,#3937,#93,.T.);
#4885=EDGE_CURVE('',#3937,#3938,#1463,.T.);
#4886=EDGE_CURVE('',#3938,#3939,#1248,.T.);
#4887=EDGE_CURVE('',#3939,#3940,#1464,.T.);
#4888=EDGE_CURVE('',#3940,#3941,#1465,.T.);
#4889=EDGE_CURVE('',#3942,#3941,#1466,.T.);
#4890=EDGE_CURVE('',#3943,#3942,#1467,.T.);
#4891=EDGE_CURVE('',#3943,#3944,#1468,.T.);
#4892=EDGE_CURVE('',#3945,#3944,#1469,.T.);
#4893=EDGE_CURVE('',#3945,#3946,#1470,.T.);
#4894=EDGE_CURVE('',#3947,#3946,#1471,.T.);
#4895=EDGE_CURVE('',#3804,#3947,#1472,.T.);
#4896=EDGE_CURVE('',#3948,#3803,#1473,.T.);
#4897=EDGE_CURVE('',#3949,#3948,#1474,.T.);
#4898=EDGE_CURVE('',#3949,#3950,#1475,.T.);
#4899=EDGE_CURVE('',#3951,#3950,#1476,.T.);
#4900=EDGE_CURVE('',#3951,#3952,#1477,.T.);
#4901=EDGE_CURVE('',#3952,#3816,#1249,.T.);
#4902=EDGE_CURVE('',#3815,#3953,#94,.T.);
#4903=EDGE_CURVE('',#3953,#3954,#1478,.T.);
#4904=EDGE_CURVE('',#3954,#3955,#1479,.T.);
#4905=EDGE_CURVE('',#3955,#3956,#1480,.T.);
#4906=EDGE_CURVE('',#3956,#3957,#1481,.T.);
#4907=EDGE_CURVE('',#3957,#3958,#95,.T.);
#4908=EDGE_CURVE('',#3958,#3959,#1482,.T.);
#4909=EDGE_CURVE('',#3959,#3960,#1483,.T.);
#4910=EDGE_CURVE('',#3960,#3961,#1484,.T.);
#4911=EDGE_CURVE('',#3962,#3961,#1485,.T.);
#4912=EDGE_CURVE('',#3962,#3963,#1486,.T.);
#4913=EDGE_CURVE('',#3963,#3964,#1487,.T.);
#4914=EDGE_CURVE('',#3964,#3965,#1488,.T.);
#4915=EDGE_CURVE('',#3966,#3965,#1489,.T.);
#4916=EDGE_CURVE('',#3966,#3967,#1490,.T.);
#4917=EDGE_CURVE('',#3967,#3968,#1491,.T.);
#4918=EDGE_CURVE('',#3968,#3969,#1492,.T.);
#4919=EDGE_CURVE('',#3970,#3969,#1493,.T.);
#4920=EDGE_CURVE('',#3970,#3971,#1494,.T.);
#4921=EDGE_CURVE('',#3971,#3825,#1495,.T.);
#4922=EDGE_CURVE('',#3878,#3972,#1496,.T.);
#4923=EDGE_CURVE('',#3972,#3973,#1497,.T.);
#4924=EDGE_CURVE('',#3974,#3973,#1498,.T.);
#4925=EDGE_CURVE('',#3974,#3975,#1499,.T.);
#4926=EDGE_CURVE('',#3975,#3976,#1500,.T.);
#4927=EDGE_CURVE('',#3976,#3977,#1501,.T.);
#4928=EDGE_CURVE('',#3978,#3977,#1502,.T.);
#4929=EDGE_CURVE('',#3978,#3979,#1503,.T.);
#4930=EDGE_CURVE('',#3979,#3980,#1504,.T.);
#4931=EDGE_CURVE('',#3980,#3981,#1505,.T.);
#4932=EDGE_CURVE('',#3982,#3981,#1506,.T.);
#4933=EDGE_CURVE('',#3982,#3983,#1507,.T.);
#4934=EDGE_CURVE('',#3983,#3984,#1508,.T.);
#4935=EDGE_CURVE('',#3984,#3985,#1509,.T.);
#4936=EDGE_CURVE('',#3986,#3985,#1510,.T.);
#4937=EDGE_CURVE('',#3986,#3987,#1511,.T.);
#4938=EDGE_CURVE('',#3987,#3988,#1512,.T.);
#4939=EDGE_CURVE('',#3988,#3989,#1513,.T.);
#4940=EDGE_CURVE('',#3990,#3989,#1514,.T.);
#4941=EDGE_CURVE('',#3990,#3991,#1515,.T.);
#4942=EDGE_CURVE('',#3991,#3992,#1516,.T.);
#4943=EDGE_CURVE('',#3992,#3993,#1517,.T.);
#4944=EDGE_CURVE('',#3993,#3994,#1518,.T.);
#4945=EDGE_CURVE('',#3994,#3882,#1519,.T.);
#4946=EDGE_CURVE('',#3995,#3995,#96,.T.);
#4947=EDGE_CURVE('',#3996,#3997,#1520,.T.);
#4948=EDGE_CURVE('',#3883,#3996,#1521,.T.);
#4949=EDGE_CURVE('',#3882,#3998,#1522,.T.);
#4950=EDGE_CURVE('',#3997,#3998,#1523,.T.);
#4951=EDGE_CURVE('',#3999,#4000,#1524,.T.);
#4952=EDGE_CURVE('',#3999,#4001,#1525,.T.);
#4953=EDGE_CURVE('',#4001,#3790,#1526,.T.);
#4954=EDGE_CURVE('',#3789,#4002,#1527,.T.);
#4955=EDGE_CURVE('',#4002,#4003,#1528,.T.);
#4956=EDGE_CURVE('',#4004,#4003,#1529,.T.);
#4957=EDGE_CURVE('',#4004,#4005,#1530,.T.);
#4958=EDGE_CURVE('',#4005,#4006,#1531,.T.);
#4959=EDGE_CURVE('',#4007,#4006,#1532,.T.);
#4960=EDGE_CURVE('',#4007,#4008,#1533,.T.);
#4961=EDGE_CURVE('',#4008,#4009,#1534,.T.);
#4962=EDGE_CURVE('',#4009,#4010,#1535,.T.);
#4963=EDGE_CURVE('',#4010,#4011,#1536,.T.);
#4964=EDGE_CURVE('',#4011,#4012,#1537,.T.);
#4965=EDGE_CURVE('',#4013,#4012,#1538,.T.);
#4966=EDGE_CURVE('',#4013,#4014,#1539,.T.);
#4967=EDGE_CURVE('',#4014,#4015,#1540,.T.);
#4968=EDGE_CURVE('',#4016,#4015,#1541,.T.);
#4969=EDGE_CURVE('',#4017,#4016,#1542,.T.);
#4970=EDGE_CURVE('',#4018,#4017,#1543,.T.);
#4971=EDGE_CURVE('',#4018,#4019,#1544,.T.);
#4972=EDGE_CURVE('',#3782,#4019,#1545,.T.);
#4973=EDGE_CURVE('',#3996,#3781,#1546,.T.);
#4974=EDGE_CURVE('',#3997,#4000,#1547,.T.);
#4975=EDGE_CURVE('',#4020,#4021,#1548,.T.);
#4976=EDGE_CURVE('',#4021,#4022,#1549,.T.);
#4977=EDGE_CURVE('',#4010,#4022,#1550,.T.);
#4978=EDGE_CURVE('',#4009,#4004,#1551,.T.);
#4979=EDGE_CURVE('',#4003,#3999,#1552,.T.);
#4980=EDGE_CURVE('',#4000,#4023,#1553,.T.);
#4981=EDGE_CURVE('',#4023,#4024,#1554,.T.);
#4982=EDGE_CURVE('',#4024,#4025,#1555,.T.);
#4983=EDGE_CURVE('',#4025,#4020,#1556,.T.);
#4984=EDGE_CURVE('',#4026,#4027,#1557,.T.);
#4985=EDGE_CURVE('',#4028,#4027,#1558,.T.);
#4986=EDGE_CURVE('',#4028,#4029,#1559,.T.);
#4987=EDGE_CURVE('',#4029,#4030,#1560,.T.);
#4988=EDGE_CURVE('',#4030,#4031,#1561,.T.);
#4989=EDGE_CURVE('',#4031,#4032,#1562,.T.);
#4990=EDGE_CURVE('',#4032,#4033,#1563,.T.);
#4991=EDGE_CURVE('',#4033,#4034,#1564,.T.);
#4992=EDGE_CURVE('',#4034,#4035,#1565,.T.);
#4993=EDGE_CURVE('',#4035,#4036,#1566,.T.);
#4994=EDGE_CURVE('',#4036,#4037,#1567,.T.);
#4995=EDGE_CURVE('',#4021,#4037,#1568,.T.);
#4996=EDGE_CURVE('',#4020,#4026,#1569,.T.);
#4997=EDGE_CURVE('',#4038,#4039,#1570,.T.);
#4998=EDGE_CURVE('',#4040,#4039,#1571,.T.);
#4999=EDGE_CURVE('',#4027,#4040,#1572,.T.);
#5000=EDGE_CURVE('',#4026,#4041,#1573,.T.);
#5001=EDGE_CURVE('',#4041,#4042,#1574,.T.);
#5002=EDGE_CURVE('',#4042,#4043,#1575,.T.);
#5003=EDGE_CURVE('',#4043,#4038,#1576,.T.);
#5004=EDGE_CURVE('',#4044,#4045,#1250,.T.);
#5005=EDGE_CURVE('',#4039,#4045,#1577,.T.);
#5006=EDGE_CURVE('',#4046,#4038,#1578,.T.);
#5007=EDGE_CURVE('',#4044,#4046,#1579,.T.);
#5008=EDGE_CURVE('',#4047,#4044,#1580,.T.);
#5009=EDGE_CURVE('',#4048,#4047,#97,.T.);
#5010=EDGE_CURVE('',#3798,#4048,#1581,.T.);
#5011=EDGE_CURVE('',#3763,#3748,#1582,.T.);
#5012=EDGE_CURVE('',#4049,#3762,#1583,.T.);
#5013=EDGE_CURVE('',#4050,#4049,#98,.T.);
#5014=EDGE_CURVE('',#4051,#4050,#1584,.T.);
#5015=EDGE_CURVE('',#4052,#4051,#99,.T.);
#5016=EDGE_CURVE('',#4053,#4052,#1585,.T.);
#5017=EDGE_CURVE('',#4053,#4054,#100,.T.);
#5018=EDGE_CURVE('',#4055,#4054,#1586,.T.);
#5019=EDGE_CURVE('',#4056,#4055,#101,.T.);
#5020=EDGE_CURVE('',#4057,#4056,#1587,.T.);
#5021=EDGE_CURVE('',#4058,#4057,#102,.T.);
#5022=EDGE_CURVE('',#4059,#4058,#1588,.T.);
#5023=EDGE_CURVE('',#4060,#4059,#103,.T.);
#5024=EDGE_CURVE('',#4061,#4060,#1589,.T.);
#5025=EDGE_CURVE('',#4062,#4061,#1251,.T.);
#5026=EDGE_CURVE('',#4045,#4062,#1590,.T.);
#5027=EDGE_CURVE('',#4063,#3799,#1591,.T.);
#5028=EDGE_CURVE('',#4064,#4063,#104,.T.);
#5029=EDGE_CURVE('',#3768,#4064,#1592,.T.);
#5030=EDGE_CURVE('',#4065,#3767,#1593,.T.);
#5031=EDGE_CURVE('',#4066,#4065,#57,.T.);
#5032=EDGE_CURVE('',#3795,#4066,#1252,.T.);
#5033=EDGE_CURVE('',#4067,#3778,#1253,.T.);
#5034=EDGE_CURVE('',#4068,#4067,#58,.T.);
#5035=EDGE_CURVE('',#4069,#4068,#59,.T.);
#5036=EDGE_CURVE('',#3800,#4069,#60,.T.);
#5037=EDGE_CURVE('',#4070,#4071,#1594,.T.);
#5038=EDGE_CURVE('',#4047,#4070,#1595,.T.);
#5039=EDGE_CURVE('',#4046,#4072,#1596,.T.);
#5040=EDGE_CURVE('',#4072,#4073,#1597,.T.);
#5041=EDGE_CURVE('',#4073,#4074,#1598,.T.);
#5042=EDGE_CURVE('',#4074,#4071,#1599,.T.);
#5043=EDGE_CURVE('',#4075,#4076,#1600,.T.);
#5044=EDGE_CURVE('',#4070,#4076,#1601,.T.);
#5045=EDGE_CURVE('',#4071,#4075,#1602,.T.);
#5046=EDGE_CURVE('',#4077,#4078,#1603,.T.);
#5047=EDGE_CURVE('',#4079,#4077,#1604,.T.);
#5048=EDGE_CURVE('',#3756,#4079,#1605,.T.);
#5049=EDGE_CURVE('',#4080,#3759,#1606,.T.);
#5050=EDGE_CURVE('',#3754,#4080,#1607,.T.);
#5051=EDGE_CURVE('',#4081,#4048,#1608,.T.);
#5052=EDGE_CURVE('',#4081,#3769,#1609,.T.);
#5053=EDGE_CURVE('',#4082,#3770,#1610,.T.);
#5054=EDGE_CURVE('',#4049,#4082,#1611,.T.);
#5055=EDGE_CURVE('',#4083,#3764,#1612,.T.);
#5056=EDGE_CURVE('',#4078,#4083,#1613,.T.);
#5057=EDGE_CURVE('',#3785,#4084,#1614,.T.);
#5058=EDGE_CURVE('',#4084,#4084,#105,.T.);
#5059=EDGE_CURVE('',#3780,#3786,#1615,.T.);
#5060=EDGE_CURVE('',#3772,#4085,#1616,.T.);
#5061=EDGE_CURVE('',#4086,#4085,#1617,.T.);
#5062=EDGE_CURVE('',#4087,#4086,#1618,.T.);
#5063=EDGE_CURVE('',#4088,#4087,#1619,.T.);
#5064=EDGE_CURVE('',#4089,#4088,#1620,.T.);
#5065=EDGE_CURVE('',#4090,#4089,#1621,.T.);
#5066=EDGE_CURVE('',#4091,#4090,#1622,.T.);
#5067=EDGE_CURVE('',#4092,#4091,#1254,.T.);
#5068=EDGE_CURVE('',#4093,#4092,#1623,.T.);
#5069=EDGE_CURVE('',#4094,#4093,#1255,.T.);
#5070=EDGE_CURVE('',#4095,#4094,#1624,.T.);
#5071=EDGE_CURVE('',#4096,#4095,#1625,.T.);
#5072=EDGE_CURVE('',#4097,#4096,#1626,.T.);
#5073=EDGE_CURVE('',#3773,#4097,#1627,.T.);
#5074=EDGE_CURVE('',#4098,#4099,#1628,.T.);
#5075=EDGE_CURVE('',#4100,#4098,#1256,.T.);
#5076=EDGE_CURVE('',#4099,#4100,#1257,.T.);
#5077=EDGE_CURVE('',#4101,#4102,#1629,.T.);
#5078=EDGE_CURVE('',#4096,#4101,#1630,.T.);
#5079=EDGE_CURVE('',#4102,#4095,#1631,.T.);
#5080=EDGE_CURVE('',#3774,#4103,#1632,.T.);
#5081=EDGE_CURVE('',#4103,#4101,#1633,.T.);
#5082=EDGE_CURVE('',#4104,#4102,#1634,.T.);
#5083=EDGE_CURVE('',#4104,#4105,#1258,.T.);
#5084=EDGE_CURVE('',#4105,#4106,#1635,.T.);
#5085=EDGE_CURVE('',#4106,#4107,#1259,.T.);
#5086=EDGE_CURVE('',#4107,#4108,#1636,.T.);
#5087=EDGE_CURVE('',#4108,#4109,#1637,.T.);
#5088=EDGE_CURVE('',#4109,#4110,#1638,.T.);
#5089=EDGE_CURVE('',#4111,#4110,#1639,.T.);
#5090=EDGE_CURVE('',#3775,#4111,#1640,.T.);
#5091=EDGE_CURVE('',#4112,#4112,#106,.T.);
#5092=EDGE_CURVE('',#4087,#4111,#1641,.T.);
#5093=EDGE_CURVE('',#4113,#4086,#1642,.T.);
#5094=EDGE_CURVE('',#4113,#4114,#1643,.T.);
#5095=EDGE_CURVE('',#4114,#4115,#1644,.T.);
#5096=EDGE_CURVE('',#4116,#4115,#1645,.T.);
#5097=EDGE_CURVE('',#4116,#4117,#1646,.T.);
#5098=EDGE_CURVE('',#4117,#4118,#1647,.T.);
#5099=EDGE_CURVE('',#4119,#4118,#1648,.T.);
#5100=EDGE_CURVE('',#4120,#4119,#1649,.T.);
#5101=EDGE_CURVE('',#4082,#4120,#1650,.T.);
#5102=EDGE_CURVE('',#4121,#4122,#1651,.T.);
#5103=EDGE_CURVE('',#4121,#4123,#1652,.T.);
#5104=EDGE_CURVE('',#4124,#4123,#1653,.T.);
#5105=EDGE_CURVE('',#4122,#4124,#1654,.T.);
#5106=EDGE_CURVE('',#4099,#4098,#107,.T.);
#5107=EDGE_CURVE('',#4125,#4126,#1655,.T.);
#5108=EDGE_CURVE('',#4125,#4127,#108,.T.);
#5109=EDGE_CURVE('',#4126,#4127,#1656,.T.);
#5110=EDGE_CURVE('',#4128,#4129,#1657,.T.);
#5111=EDGE_CURVE('',#4129,#4130,#1658,.T.);
#5112=EDGE_CURVE('',#4130,#4131,#1659,.T.);
#5113=EDGE_CURVE('',#4132,#4131,#1660,.T.);
#5114=EDGE_CURVE('',#4132,#4125,#1661,.T.);
#5115=EDGE_CURVE('',#4133,#4126,#1662,.T.);
#5116=EDGE_CURVE('',#4133,#4134,#1663,.T.);
#5117=EDGE_CURVE('',#4128,#4134,#1664,.T.);
#5118=EDGE_CURVE('',#4058,#4057,#1665,.T.);
#5119=EDGE_CURVE('',#4063,#4135,#1666,.T.);
#5120=EDGE_CURVE('',#4136,#4135,#1667,.T.);
#5121=EDGE_CURVE('',#4064,#4136,#1668,.T.);
#5122=EDGE_CURVE('',#4068,#4137,#61,.T.);
#5123=EDGE_CURVE('',#4067,#4138,#62,.T.);
#5124=EDGE_CURVE('',#4138,#4137,#63,.T.);
#5125=EDGE_CURVE('',#4139,#4137,#64,.T.);
#5126=EDGE_CURVE('',#4069,#4139,#1669,.T.);
#5127=EDGE_CURVE('',#3776,#4138,#1670,.T.);
#5128=EDGE_CURVE('',#3801,#4139,#65,.T.);
#5129=EDGE_CURVE('',#4135,#3802,#1671,.T.);
#5130=EDGE_CURVE('',#4066,#4140,#1672,.T.);
#5131=EDGE_CURVE('',#3796,#4140,#1673,.T.);
#5132=EDGE_CURVE('',#4141,#3765,#1674,.T.);
#5133=EDGE_CURVE('',#4065,#4141,#1675,.T.);
#5134=EDGE_CURVE('',#4142,#4143,#1676,.T.);
#5135=EDGE_CURVE('',#4144,#4143,#1677,.T.);
#5136=EDGE_CURVE('',#4144,#4145,#1678,.T.);
#5137=EDGE_CURVE('',#4145,#4142,#1679,.T.);
#5138=EDGE_CURVE('',#3999,#4144,#1680,.T.);
#5139=EDGE_CURVE('',#4145,#4003,#1681,.T.);
#5140=EDGE_CURVE('',#4146,#4147,#1682,.T.);
#5141=EDGE_CURVE('',#4147,#4148,#1683,.T.);
#5142=EDGE_CURVE('',#4148,#4149,#1684,.T.);
#5143=EDGE_CURVE('',#4149,#4150,#109,.T.);
#5144=EDGE_CURVE('',#4150,#4151,#1685,.T.);
#5145=EDGE_CURVE('',#4151,#4152,#110,.T.);
#5146=EDGE_CURVE('',#4152,#4153,#1686,.T.);
#5147=EDGE_CURVE('',#4153,#4154,#1687,.T.);
#5148=EDGE_CURVE('',#4154,#4146,#1688,.T.);
#5149=EDGE_CURVE('',#4051,#4119,#1689,.T.);
#5150=EDGE_CURVE('',#4120,#4050,#1690,.T.);
#5151=EDGE_CURVE('',#4155,#4156,#1691,.T.);
#5152=EDGE_CURVE('',#4040,#4156,#1692,.T.);
#5153=EDGE_CURVE('',#4157,#4062,#1693,.T.);
#5154=EDGE_CURVE('',#4157,#4158,#1694,.T.);
#5155=EDGE_CURVE('',#4158,#4159,#1695,.T.);
#5156=EDGE_CURVE('',#4159,#4160,#1696,.T.);
#5157=EDGE_CURVE('',#4160,#4161,#1697,.T.);
#5158=EDGE_CURVE('',#4161,#4162,#1698,.T.);
#5159=EDGE_CURVE('',#4162,#4163,#1699,.T.);
#5160=EDGE_CURVE('',#4163,#4164,#1700,.T.);
#5161=EDGE_CURVE('',#4164,#4165,#1701,.T.);
#5162=EDGE_CURVE('',#4165,#4166,#1702,.T.);
#5163=EDGE_CURVE('',#4166,#4155,#1703,.T.);
#5164=EDGE_CURVE('',#4156,#4028,#1704,.T.);
#5165=EDGE_CURVE('',#4029,#4155,#1705,.T.);
#5166=EDGE_CURVE('',#4019,#3884,#1706,.T.);
#5167=EDGE_CURVE('',#3885,#4018,#1707,.T.);
#5168=EDGE_CURVE('',#4167,#4168,#1708,.T.);
#5169=EDGE_CURVE('',#4168,#3935,#1709,.T.);
#5170=EDGE_CURVE('',#3934,#4167,#1710,.T.);
#5171=EDGE_CURVE('',#4169,#3932,#1711,.T.);
#5172=EDGE_CURVE('',#4170,#4169,#1712,.T.);
#5173=EDGE_CURVE('',#3933,#4170,#1713,.T.);
#5174=EDGE_CURVE('',#4171,#4172,#1714,.T.);
#5175=EDGE_CURVE('',#4171,#4173,#1715,.T.);
#5176=EDGE_CURVE('',#3928,#4173,#1716,.T.);
#5177=EDGE_CURVE('',#4174,#3927,#1717,.T.);
#5178=EDGE_CURVE('',#4172,#4174,#1718,.T.);
#5179=EDGE_CURVE('',#4169,#4175,#111,.T.);
#5180=EDGE_CURVE('',#4175,#4176,#1719,.T.);
#5181=EDGE_CURVE('',#4177,#4176,#1720,.T.);
#5182=EDGE_CURVE('',#4177,#4171,#1721,.T.);
#5183=EDGE_CURVE('',#4172,#4178,#1722,.T.);
#5184=EDGE_CURVE('',#4179,#4178,#1723,.T.);
#5185=EDGE_CURVE('',#4179,#4180,#1724,.T.);
#5186=EDGE_CURVE('',#4180,#4181,#1725,.T.);
#5187=EDGE_CURVE('',#4181,#4182,#1726,.T.);
#5188=EDGE_CURVE('',#4182,#4183,#1727,.T.);
#5189=EDGE_CURVE('',#4184,#4183,#1728,.T.);
#5190=EDGE_CURVE('',#4184,#4185,#1729,.T.);
#5191=EDGE_CURVE('',#4185,#4186,#1730,.T.);
#5192=EDGE_CURVE('',#4186,#4187,#1731,.T.);
#5193=EDGE_CURVE('',#4188,#4187,#1732,.T.);
#5194=EDGE_CURVE('',#4188,#4189,#1733,.T.);
#5195=EDGE_CURVE('',#4189,#4190,#1734,.T.);
#5196=EDGE_CURVE('',#4190,#4191,#1735,.T.);
#5197=EDGE_CURVE('',#4192,#4191,#1736,.T.);
#5198=EDGE_CURVE('',#4192,#4193,#1737,.T.);
#5199=EDGE_CURVE('',#4193,#4194,#1738,.T.);
#5200=EDGE_CURVE('',#4194,#4195,#1739,.T.);
#5201=EDGE_CURVE('',#4196,#4195,#1740,.T.);
#5202=EDGE_CURVE('',#4196,#4197,#1741,.T.);
#5203=EDGE_CURVE('',#4197,#4198,#1742,.T.);
#5204=EDGE_CURVE('',#4198,#4199,#1743,.T.);
#5205=EDGE_CURVE('',#4200,#4199,#1744,.T.);
#5206=EDGE_CURVE('',#4200,#4201,#1745,.T.);
#5207=EDGE_CURVE('',#4201,#4202,#1746,.T.);
#5208=EDGE_CURVE('',#4202,#4203,#1747,.T.);
#5209=EDGE_CURVE('',#4204,#4203,#1748,.T.);
#5210=EDGE_CURVE('',#4204,#4205,#1749,.T.);
#5211=EDGE_CURVE('',#4205,#4206,#1750,.T.);
#5212=EDGE_CURVE('',#4206,#4207,#1751,.T.);
#5213=EDGE_CURVE('',#4208,#4207,#1752,.T.);
#5214=EDGE_CURVE('',#4208,#4209,#1753,.T.);
#5215=EDGE_CURVE('',#4209,#4210,#1754,.T.);
#5216=EDGE_CURVE('',#4210,#4211,#1755,.T.);
#5217=EDGE_CURVE('',#4212,#4211,#1756,.T.);
#5218=EDGE_CURVE('',#4212,#4213,#1757,.T.);
#5219=EDGE_CURVE('',#4213,#4214,#1758,.T.);
#5220=EDGE_CURVE('',#4215,#4214,#1759,.T.);
#5221=EDGE_CURVE('',#4216,#4215,#1760,.T.);
#5222=EDGE_CURVE('',#4216,#4217,#112,.T.);
#5223=EDGE_CURVE('',#4218,#4217,#1761,.T.);
#5224=EDGE_CURVE('',#4218,#4219,#113,.T.);
#5225=EDGE_CURVE('',#4219,#4168,#1762,.T.);
#5226=EDGE_CURVE('',#4170,#4167,#1763,.T.);
#5227=EDGE_CURVE('',#4220,#4221,#1764,.T.);
#5228=EDGE_CURVE('',#4220,#4218,#1765,.T.);
#5229=EDGE_CURVE('',#4217,#4222,#1766,.T.);
#5230=EDGE_CURVE('',#4222,#4221,#1260,.T.);
#5231=EDGE_CURVE('',#3937,#4220,#1261,.T.);
#5232=EDGE_CURVE('',#4221,#3938,#21,.T.);
#5233=EDGE_CURVE('',#4223,#4224,#1767,.T.);
#5234=EDGE_CURVE('',#4223,#4225,#1768,.T.);
#5235=EDGE_CURVE('',#4225,#4226,#1769,.T.);
#5236=EDGE_CURVE('',#4226,#3945,#1770,.T.);
#5237=EDGE_CURVE('',#3944,#4227,#1771,.T.);
#5238=EDGE_CURVE('',#4227,#4228,#1772,.T.);
#5239=EDGE_CURVE('',#4228,#4229,#1773,.T.);
#5240=EDGE_CURVE('',#4229,#4230,#1774,.T.);
#5241=EDGE_CURVE('',#4230,#4224,#1775,.T.);
#5242=EDGE_CURVE('',#4231,#4232,#1776,.T.);
#5243=EDGE_CURVE('',#4232,#4233,#1777,.T.);
#5244=EDGE_CURVE('',#4234,#4233,#1778,.T.);
#5245=EDGE_CURVE('',#4234,#4223,#1779,.T.);
#5246=EDGE_CURVE('',#4235,#4224,#1780,.T.);
#5247=EDGE_CURVE('',#4235,#4236,#1781,.T.);
#5248=EDGE_CURVE('',#4236,#4228,#1782,.T.);
#5249=EDGE_CURVE('',#4227,#4237,#1783,.T.);
#5250=EDGE_CURVE('',#4237,#4238,#1784,.T.);
#5251=EDGE_CURVE('',#4238,#4231,#1785,.T.);
#5252=EDGE_CURVE('',#4239,#4240,#1786,.T.);
#5253=EDGE_CURVE('',#4240,#4241,#1787,.T.);
#5254=EDGE_CURVE('',#4242,#4241,#1788,.T.);
#5255=EDGE_CURVE('',#4242,#4243,#1789,.T.);
#5256=EDGE_CURVE('',#4243,#4244,#1790,.T.);
#5257=EDGE_CURVE('',#4244,#4245,#1791,.T.);
#5258=EDGE_CURVE('',#4245,#4246,#1792,.T.);
#5259=EDGE_CURVE('',#4246,#4239,#1793,.T.);
#5260=EDGE_CURVE('',#4103,#4097,#1794,.T.);
#5261=EDGE_CURVE('',#4129,#4117,#1795,.T.);
#5262=EDGE_CURVE('',#4118,#4128,#1796,.T.);
#5263=EDGE_CURVE('',#4247,#4248,#1797,.T.);
#5264=EDGE_CURVE('',#4248,#4249,#1798,.T.);
#5265=EDGE_CURVE('',#4250,#4249,#1799,.T.);
#5266=EDGE_CURVE('',#4250,#4247,#1800,.T.);
#5267=EDGE_CURVE('',#4251,#4252,#1801,.T.);
#5268=EDGE_CURVE('',#4248,#4251,#1802,.T.);
#5269=EDGE_CURVE('',#4252,#4247,#1803,.T.);
#5270=EDGE_CURVE('',#4100,#4253,#1804,.T.);
#5271=EDGE_CURVE('',#4253,#4253,#114,.T.);
#5272=EDGE_CURVE('',#4122,#4250,#1805,.T.);
#5273=EDGE_CURVE('',#4249,#4121,#1806,.T.);
#5274=EDGE_CURVE('',#4254,#4255,#1807,.T.);
#5275=EDGE_CURVE('',#4255,#4256,#1808,.T.);
#5276=EDGE_CURVE('',#4257,#4256,#1809,.T.);
#5277=EDGE_CURVE('',#4257,#4258,#1810,.T.);
#5278=EDGE_CURVE('',#4258,#4259,#1811,.T.);
#5279=EDGE_CURVE('',#4259,#4260,#1812,.T.);
#5280=EDGE_CURVE('',#4260,#4261,#1813,.T.);
#5281=EDGE_CURVE('',#4261,#4262,#1814,.T.);
#5282=EDGE_CURVE('',#4262,#4263,#1815,.T.);
#5283=EDGE_CURVE('',#4263,#4264,#1816,.T.);
#5284=EDGE_CURVE('',#4265,#4264,#1817,.T.);
#5285=EDGE_CURVE('',#4266,#4265,#1818,.T.);
#5286=EDGE_CURVE('',#4266,#4254,#1819,.T.);
#5287=EDGE_CURVE('',#4267,#4268,#1820,.T.);
#5288=EDGE_CURVE('',#4268,#4269,#1821,.T.);
#5289=EDGE_CURVE('',#4269,#4270,#1822,.T.);
#5290=EDGE_CURVE('',#4270,#4267,#1823,.T.);
#5291=EDGE_CURVE('',#4271,#4272,#1824,.T.);
#5292=EDGE_CURVE('',#4272,#4273,#1825,.T.);
#5293=EDGE_CURVE('',#4273,#4274,#1826,.T.);
#5294=EDGE_CURVE('',#4274,#4271,#1827,.T.);
#5295=EDGE_CURVE('',#4275,#4276,#1828,.T.);
#5296=EDGE_CURVE('',#4277,#4276,#1829,.T.);
#5297=EDGE_CURVE('',#4277,#4255,#1830,.T.);
#5298=EDGE_CURVE('',#4254,#4278,#1831,.T.);
#5299=EDGE_CURVE('',#4278,#4275,#1832,.T.);
#5300=EDGE_CURVE('',#4279,#4279,#115,.T.);
#5301=EDGE_CURVE('',#4280,#4280,#116,.T.);
#5302=EDGE_CURVE('',#4281,#4282,#1833,.T.);
#5303=EDGE_CURVE('',#4276,#4281,#1834,.T.);
#5304=EDGE_CURVE('',#4282,#4275,#1835,.T.);
#5305=EDGE_CURVE('',#4283,#4284,#1836,.T.);
#5306=EDGE_CURVE('',#4257,#4284,#1837,.T.);
#5307=EDGE_CURVE('',#4285,#4256,#1838,.T.);
#5308=EDGE_CURVE('',#4285,#4281,#1839,.T.);
#5309=EDGE_CURVE('',#4282,#4286,#1840,.T.);
#5310=EDGE_CURVE('',#4266,#4286,#1841,.T.);
#5311=EDGE_CURVE('',#4265,#4287,#1842,.T.);
#5312=EDGE_CURVE('',#4287,#4283,#1843,.T.);
#5313=EDGE_CURVE('',#4288,#4289,#1844,.T.);
#5314=EDGE_CURVE('',#4289,#4290,#1845,.T.);
#5315=EDGE_CURVE('',#4290,#4291,#1846,.T.);
#5316=EDGE_CURVE('',#4291,#4288,#1847,.T.);
#5317=EDGE_CURVE('',#4292,#4293,#1848,.T.);
#5318=EDGE_CURVE('',#4293,#4294,#1849,.T.);
#5319=EDGE_CURVE('',#4294,#4295,#1850,.T.);
#5320=EDGE_CURVE('',#4295,#4292,#1851,.T.);
#5321=EDGE_CURVE('',#4296,#4297,#1852,.T.);
#5322=EDGE_CURVE('',#4298,#4296,#117,.T.);
#5323=EDGE_CURVE('',#4299,#4298,#1853,.T.);
#5324=EDGE_CURVE('',#4300,#4299,#118,.T.);
#5325=EDGE_CURVE('',#4301,#4300,#1854,.T.);
#5326=EDGE_CURVE('',#4301,#4302,#119,.T.);
#5327=EDGE_CURVE('',#4303,#4302,#1855,.T.);
#5328=EDGE_CURVE('',#4303,#4232,#120,.T.);
#5329=EDGE_CURVE('',#4304,#4231,#121,.T.);
#5330=EDGE_CURVE('',#4305,#4304,#1856,.T.);
#5331=EDGE_CURVE('',#4306,#4305,#122,.T.);
#5332=EDGE_CURVE('',#4307,#4306,#1857,.T.);
#5333=EDGE_CURVE('',#4284,#4307,#123,.T.);
#5334=EDGE_CURVE('',#4308,#4283,#124,.T.);
#5335=EDGE_CURVE('',#4309,#4308,#1858,.T.);
#5336=EDGE_CURVE('',#4310,#4309,#125,.T.);
#5337=EDGE_CURVE('',#4311,#4310,#1859,.T.);
#5338=EDGE_CURVE('',#4297,#4311,#126,.T.);
#5339=EDGE_CURVE('',#3807,#4312,#1860,.T.);
#5340=EDGE_CURVE('',#4313,#4312,#1861,.T.);
#5341=EDGE_CURVE('',#4296,#4313,#1862,.T.);
#5342=EDGE_CURVE('',#4297,#4314,#1863,.T.);
#5343=EDGE_CURVE('',#4314,#4315,#1864,.T.);
#5344=EDGE_CURVE('',#4315,#3812,#1865,.T.);
#5345=EDGE_CURVE('',#4316,#3811,#1866,.T.);
#5346=EDGE_CURVE('',#4316,#4317,#1867,.T.);
#5347=EDGE_CURVE('',#4317,#3808,#1868,.T.);
#5348=EDGE_CURVE('',#3806,#4312,#1869,.T.);
#5349=EDGE_CURVE('',#3771,#4318,#1870,.T.);
#5350=EDGE_CURVE('',#4073,#4318,#1871,.T.);
#5351=EDGE_CURVE('',#4043,#4072,#1872,.T.);
#5352=EDGE_CURVE('',#4042,#4024,#1873,.T.);
#5353=EDGE_CURVE('',#4023,#4319,#1874,.T.);
#5354=EDGE_CURVE('',#4320,#4319,#1875,.T.);
#5355=EDGE_CURVE('',#4320,#4321,#1876,.T.);
#5356=EDGE_CURVE('',#4264,#4321,#1877,.T.);
#5357=EDGE_CURVE('',#4244,#4263,#1878,.T.);
#5358=EDGE_CURVE('',#4322,#4243,#127,.T.);
#5359=EDGE_CURVE('',#4323,#4322,#1879,.T.);
#5360=EDGE_CURVE('',#4240,#4323,#128,.T.);
#5361=EDGE_CURVE('',#4147,#4239,#129,.T.);
#5362=EDGE_CURVE('',#4146,#4324,#1880,.T.);
#5363=EDGE_CURVE('',#4325,#4324,#1881,.T.);
#5364=EDGE_CURVE('',#4326,#4325,#1882,.T.);
#5365=EDGE_CURVE('',#4327,#4326,#1883,.T.);
#5366=EDGE_CURVE('',#4328,#4327,#1884,.T.);
#5367=EDGE_CURVE('',#4085,#4328,#1885,.T.);
#5368=EDGE_CURVE('',#4329,#4330,#1886,.T.);
#5369=EDGE_CURVE('',#4330,#4331,#1887,.T.);
#5370=EDGE_CURVE('',#4331,#3749,#1888,.T.);
#5371=EDGE_CURVE('',#3755,#4332,#1889,.T.);
#5372=EDGE_CURVE('',#4332,#3758,#1890,.T.);
#5373=EDGE_CURVE('',#3757,#4333,#1891,.T.);
#5374=EDGE_CURVE('',#4333,#4329,#1892,.T.);
#5375=EDGE_CURVE('',#4140,#4141,#66,.T.);
#5376=EDGE_CURVE('',#3766,#4136,#1893,.T.);
#5377=EDGE_CURVE('',#4334,#4334,#130,.T.);
#5378=EDGE_CURVE('',#4335,#4335,#131,.T.);
#5379=EDGE_CURVE('',#4336,#4336,#132,.T.);
#5380=EDGE_CURVE('',#4337,#4338,#1894,.T.);
#5381=EDGE_CURVE('',#4339,#4337,#1895,.T.);
#5382=EDGE_CURVE('',#4340,#4339,#1896,.T.);
#5383=EDGE_CURVE('',#4341,#4340,#1897,.T.);
#5384=EDGE_CURVE('',#4338,#4341,#1898,.T.);
#5385=EDGE_CURVE('',#4342,#4342,#133,.T.);
#5386=EDGE_CURVE('',#4343,#4343,#134,.T.);
#5387=EDGE_CURVE('',#4344,#4344,#135,.T.);
#5388=EDGE_CURVE('',#4345,#4271,#1899,.T.);
#5389=EDGE_CURVE('',#4345,#4346,#1900,.T.);
#5390=EDGE_CURVE('',#4346,#4272,#1901,.T.);
#5391=EDGE_CURVE('',#4347,#4347,#136,.T.);
#5392=EDGE_CURVE('',#4348,#4270,#1902,.T.);
#5393=EDGE_CURVE('',#4348,#4349,#1903,.T.);
#5394=EDGE_CURVE('',#4349,#4267,#1904,.T.);
#5395=EDGE_CURVE('',#4350,#4350,#137,.T.);
#5396=EDGE_CURVE('',#4351,#4287,#1905,.T.);
#5397=EDGE_CURVE('',#4321,#4351,#1906,.T.);
#5398=EDGE_CURVE('',#4235,#4294,#138,.T.);
#5399=EDGE_CURVE('',#4230,#4295,#139,.T.);
#5400=EDGE_CURVE('',#4293,#4236,#140,.T.);
#5401=EDGE_CURVE('',#4316,#4290,#141,.T.);
#5402=EDGE_CURVE('',#3810,#4291,#142,.T.);
#5403=EDGE_CURVE('',#4289,#4317,#143,.T.);
#5404=EDGE_CURVE('',#4262,#4245,#1907,.T.);
#5405=EDGE_CURVE('',#4261,#4352,#1908,.T.);
#5406=EDGE_CURVE('',#4149,#4352,#1909,.T.);
#5407=EDGE_CURVE('',#4148,#4246,#144,.T.);
#5408=EDGE_CURVE('',#4353,#4260,#1910,.T.);
#5409=EDGE_CURVE('',#4354,#4353,#1911,.T.);
#5410=EDGE_CURVE('',#4355,#4354,#1912,.T.);
#5411=EDGE_CURVE('',#4356,#4355,#1913,.T.);
#5412=EDGE_CURVE('',#4356,#4357,#1914,.T.);
#5413=EDGE_CURVE('',#4358,#4357,#1915,.T.);
#5414=EDGE_CURVE('',#4359,#4358,#1916,.T.);
#5415=EDGE_CURVE('',#4359,#4352,#145,.T.);
#5416=EDGE_CURVE('',#4360,#4259,#1917,.T.);
#5417=EDGE_CURVE('',#4361,#4360,#1918,.T.);
#5418=EDGE_CURVE('',#4362,#4361,#1919,.T.);
#5419=EDGE_CURVE('',#4363,#4362,#1920,.T.);
#5420=EDGE_CURVE('',#4364,#4363,#1921,.T.);
#5421=EDGE_CURVE('',#4365,#4364,#1922,.T.);
#5422=EDGE_CURVE('',#4366,#4365,#146,.T.);
#5423=EDGE_CURVE('',#4366,#4367,#1923,.T.);
#5424=EDGE_CURVE('',#4357,#4367,#147,.T.);
#5425=EDGE_CURVE('',#4368,#4356,#148,.T.);
#5426=EDGE_CURVE('',#4369,#4368,#1924,.T.);
#5427=EDGE_CURVE('',#4353,#4369,#149,.T.);
#5428=EDGE_CURVE('',#4370,#4258,#1925,.T.);
#5429=EDGE_CURVE('',#4370,#4360,#1926,.T.);
#5430=EDGE_CURVE('',#3809,#4288,#150,.T.);
#5431=EDGE_CURVE('',#4335,#4350,#1927,.T.);
#5432=EDGE_CURVE('',#4343,#4347,#1928,.T.);
#5433=EDGE_CURVE('',#4229,#4292,#151,.T.);
#5434=EDGE_CURVE('',#4344,#4371,#1929,.T.);
#5435=EDGE_CURVE('',#4371,#4371,#152,.T.);
#5436=EDGE_CURVE('',#4372,#4373,#153,.T.);
#5437=EDGE_CURVE('',#4374,#4372,#154,.T.);
#5438=EDGE_CURVE('',#4374,#3995,#1930,.T.);
#5439=EDGE_CURVE('',#4375,#4374,#155,.T.);
#5440=EDGE_CURVE('',#4373,#4375,#156,.T.);
#5441=EDGE_CURVE('',#4376,#4377,#157,.T.);
#5442=EDGE_CURVE('',#4378,#4377,#1931,.T.);
#5443=EDGE_CURVE('',#4379,#4378,#158,.T.);
#5444=EDGE_CURVE('',#4380,#4379,#1932,.T.);
#5445=EDGE_CURVE('',#4380,#4381,#159,.T.);
#5446=EDGE_CURVE('',#4382,#4381,#1933,.T.);
#5447=EDGE_CURVE('',#4383,#4382,#160,.T.);
#5448=EDGE_CURVE('',#4384,#4383,#1934,.T.);
#5449=EDGE_CURVE('',#4384,#4385,#161,.T.);
#5450=EDGE_CURVE('',#4385,#4279,#1935,.T.);
#5451=EDGE_CURVE('',#4385,#4386,#162,.T.);
#5452=EDGE_CURVE('',#4387,#4386,#1936,.T.);
#5453=EDGE_CURVE('',#4388,#4387,#163,.T.);
#5454=EDGE_CURVE('',#4389,#4388,#1937,.T.);
#5455=EDGE_CURVE('',#4389,#4390,#164,.T.);
#5456=EDGE_CURVE('',#4391,#4390,#1938,.T.);
#5457=EDGE_CURVE('',#4392,#4391,#165,.T.);
#5458=EDGE_CURVE('',#4376,#4392,#1939,.T.);
#5459=EDGE_CURVE('',#4393,#4394,#166,.T.);
#5460=EDGE_CURVE('',#4395,#4394,#1940,.T.);
#5461=EDGE_CURVE('',#4396,#4395,#167,.T.);
#5462=EDGE_CURVE('',#4397,#4396,#1941,.T.);
#5463=EDGE_CURVE('',#4397,#4398,#168,.T.);
#5464=EDGE_CURVE('',#4399,#4398,#1942,.T.);
#5465=EDGE_CURVE('',#4400,#4399,#169,.T.);
#5466=EDGE_CURVE('',#4401,#4400,#1943,.T.);
#5467=EDGE_CURVE('',#4401,#4402,#170,.T.);
#5468=EDGE_CURVE('',#4402,#4280,#1944,.T.);
#5469=EDGE_CURVE('',#4402,#4403,#171,.T.);
#5470=EDGE_CURVE('',#4404,#4403,#1945,.T.);
#5471=EDGE_CURVE('',#4405,#4404,#172,.T.);
#5472=EDGE_CURVE('',#4406,#4405,#1946,.T.);
#5473=EDGE_CURVE('',#4406,#4407,#173,.T.);
#5474=EDGE_CURVE('',#4408,#4407,#1947,.T.);
#5475=EDGE_CURVE('',#4409,#4408,#174,.T.);
#5476=EDGE_CURVE('',#4393,#4409,#1948,.T.);
#5477=EDGE_CURVE('',#4410,#4410,#175,.T.);
#5478=EDGE_CURVE('',#4410,#4336,#1949,.T.);
#5479=EDGE_CURVE('',#3847,#3953,#1950,.T.);
#5480=EDGE_CURVE('',#3792,#4334,#1951,.T.);
#5481=EDGE_CURVE('',#4411,#4412,#176,.T.);
#5482=EDGE_CURVE('',#4412,#4411,#177,.T.);
#5483=EDGE_CURVE('',#4412,#4342,#1952,.T.);
#5484=EDGE_CURVE('',#4413,#4413,#178,.T.);
#5485=EDGE_CURVE('',#4413,#4414,#1953,.T.);
#5486=EDGE_CURVE('',#4414,#4414,#179,.T.);
#5487=EDGE_CURVE('',#4411,#4415,#1954,.T.);
#5488=EDGE_CURVE('',#4415,#4415,#180,.T.);
#5489=EDGE_CURVE('',#4416,#4416,#181,.T.);
#5490=EDGE_CURVE('',#4416,#4417,#1955,.T.);
#5491=EDGE_CURVE('',#4417,#4417,#182,.T.);
#5492=EDGE_CURVE('',#4418,#4419,#67,.T.);
#5493=EDGE_CURVE('',#4419,#4416,#1956,.T.);
#5494=EDGE_CURVE('',#4419,#4420,#68,.T.);
#5495=EDGE_CURVE('',#4420,#4418,#1262,.T.);
#5496=EDGE_CURVE('',#4127,#4421,#183,.T.);
#5497=EDGE_CURVE('',#4127,#4112,#1957,.T.);
#5498=EDGE_CURVE('',#4422,#4125,#184,.T.);
#5499=EDGE_CURVE('',#4421,#4422,#185,.T.);
#5500=EDGE_CURVE('',#4423,#4424,#1958,.T.);
#5501=EDGE_CURVE('',#3912,#4423,#1959,.T.);
#5502=EDGE_CURVE('',#4424,#3911,#1960,.T.);
#5503=EDGE_CURVE('',#4425,#3974,#1961,.T.);
#5504=EDGE_CURVE('',#4426,#4425,#1962,.T.);
#5505=EDGE_CURVE('',#4426,#3975,#1963,.T.);
#5506=EDGE_CURVE('',#4427,#4428,#1964,.T.);
#5507=EDGE_CURVE('',#3973,#4427,#1965,.T.);
#5508=EDGE_CURVE('',#3972,#4428,#1966,.T.);
#5509=EDGE_CURVE('',#4429,#3909,#1967,.T.);
#5510=EDGE_CURVE('',#4430,#4429,#1968,.T.);
#5511=EDGE_CURVE('',#3910,#4430,#1969,.T.);
#5512=EDGE_CURVE('',#4431,#3913,#1970,.T.);
#5513=EDGE_CURVE('',#4432,#4431,#1971,.T.);
#5514=EDGE_CURVE('',#4432,#3914,#1972,.T.);
#5515=EDGE_CURVE('',#3880,#4433,#1973,.T.);
#5516=EDGE_CURVE('',#4433,#3879,#1974,.T.);
#5517=EDGE_CURVE('',#4434,#4435,#1975,.T.);
#5518=EDGE_CURVE('',#3977,#4434,#1976,.T.);
#5519=EDGE_CURVE('',#4435,#3976,#1977,.T.);
#5520=EDGE_CURVE('',#4436,#4437,#1978,.T.);
#5521=EDGE_CURVE('',#3908,#4436,#1979,.T.);
#5522=EDGE_CURVE('',#3907,#4437,#1980,.T.);
#5523=EDGE_CURVE('',#4438,#4439,#1981,.T.);
#5524=EDGE_CURVE('',#3916,#4438,#1982,.T.);
#5525=EDGE_CURVE('',#4439,#3915,#1983,.T.);
#5526=EDGE_CURVE('',#4440,#3978,#1984,.T.);
#5527=EDGE_CURVE('',#4441,#4440,#1985,.T.);
#5528=EDGE_CURVE('',#4441,#3979,#1986,.T.);
#5529=EDGE_CURVE('',#4442,#3905,#1987,.T.);
#5530=EDGE_CURVE('',#4443,#4442,#1988,.T.);
#5531=EDGE_CURVE('',#3906,#4443,#1989,.T.);
#5532=EDGE_CURVE('',#3881,#3873,#1990,.T.);
#5533=EDGE_CURVE('',#3872,#4428,#1991,.T.);
#5534=EDGE_CURVE('',#4444,#3917,#1992,.T.);
#5535=EDGE_CURVE('',#4445,#4444,#1993,.T.);
#5536=EDGE_CURVE('',#4445,#3918,#1994,.T.);
#5537=EDGE_CURVE('',#3880,#3874,#1995,.T.);
#5538=EDGE_CURVE('',#4427,#3871,#1996,.T.);
#5539=EDGE_CURVE('',#4424,#4193,#1997,.T.);
#5540=EDGE_CURVE('',#4423,#4192,#1998,.T.);
#5541=EDGE_CURVE('',#4446,#4447,#1999,.T.);
#5542=EDGE_CURVE('',#3981,#4446,#2000,.T.);
#5543=EDGE_CURVE('',#4447,#3980,#2001,.T.);
#5544=EDGE_CURVE('',#4191,#4431,#2002,.T.);
#5545=EDGE_CURVE('',#4448,#4449,#2003,.T.);
#5546=EDGE_CURVE('',#3971,#4448,#2004,.T.);
#5547=EDGE_CURVE('',#4449,#3970,#2005,.T.);
#5548=EDGE_CURVE('',#3875,#4433,#2006,.T.);
#5549=EDGE_CURVE('',#3870,#4425,#2007,.T.);
#5550=EDGE_CURVE('',#4450,#4451,#2008,.T.);
#5551=EDGE_CURVE('',#3904,#4450,#2009,.T.);
#5552=EDGE_CURVE('',#3903,#4451,#2010,.T.);
#5553=EDGE_CURVE('',#4430,#4194,#2011,.T.);
#5554=EDGE_CURVE('',#4190,#4432,#2012,.T.);
#5555=EDGE_CURVE('',#3869,#4426,#2013,.T.);
#5556=EDGE_CURVE('',#4195,#4429,#2014,.T.);
#5557=EDGE_CURVE('',#4452,#4453,#2015,.T.);
#5558=EDGE_CURVE('',#3920,#4452,#2016,.T.);
#5559=EDGE_CURVE('',#4453,#3919,#2017,.T.);
#5560=EDGE_CURVE('',#4189,#4439,#2018,.T.);
#5561=EDGE_CURVE('',#3868,#4435,#2019,.T.);
#5562=EDGE_CURVE('',#4436,#4196,#2020,.T.);
#5563=EDGE_CURVE('',#4438,#4188,#2021,.T.);
#5564=EDGE_CURVE('',#4454,#4455,#2022,.T.);
#5565=EDGE_CURVE('',#3969,#4454,#2023,.T.);
#5566=EDGE_CURVE('',#3968,#4455,#2024,.T.);
#5567=EDGE_CURVE('',#4434,#3867,#2025,.T.);
#5568=EDGE_CURVE('',#4456,#3901,#2026,.T.);
#5569=EDGE_CURVE('',#4457,#4456,#2027,.T.);
#5570=EDGE_CURVE('',#3902,#4457,#2028,.T.);
#5571=EDGE_CURVE('',#4437,#4197,#2029,.T.);
#5572=EDGE_CURVE('',#4458,#3982,#2030,.T.);
#5573=EDGE_CURVE('',#4459,#4458,#2031,.T.);
#5574=EDGE_CURVE('',#4459,#3983,#2032,.T.);
#5575=EDGE_CURVE('',#4187,#4444,#2033,.T.);
#5576=EDGE_CURVE('',#3866,#4440,#2034,.T.);
#5577=EDGE_CURVE('',#4443,#4198,#2035,.T.);
#5578=EDGE_CURVE('',#4460,#4461,#2036,.T.);
#5579=EDGE_CURVE('',#4460,#3922,#2037,.T.);
#5580=EDGE_CURVE('',#4461,#3921,#2038,.T.);
#5581=EDGE_CURVE('',#4186,#4445,#2039,.T.);
#5582=EDGE_CURVE('',#4448,#3829,#2040,.T.);
#5583=EDGE_CURVE('',#3865,#4441,#2041,.T.);
#5584=EDGE_CURVE('',#4199,#4442,#2042,.T.);
#5585=EDGE_CURVE('',#4185,#4453,#2043,.T.);
#5586=EDGE_CURVE('',#4462,#3966,#2044,.T.);
#5587=EDGE_CURVE('',#4463,#4462,#2045,.T.);
#5588=EDGE_CURVE('',#3967,#4463,#2046,.T.);
#5589=EDGE_CURVE('',#3830,#4449,#2047,.T.);
#5590=EDGE_CURVE('',#3864,#4447,#2048,.T.);
#5591=EDGE_CURVE('',#3899,#4464,#2049,.T.);
#5592=EDGE_CURVE('',#4465,#4464,#2050,.T.);
#5593=EDGE_CURVE('',#3900,#4465,#2051,.T.);
#5594=EDGE_CURVE('',#4450,#4200,#2052,.T.);
#5595=EDGE_CURVE('',#4466,#4467,#2053,.T.);
#5596=EDGE_CURVE('',#3985,#4466,#2054,.T.);
#5597=EDGE_CURVE('',#4467,#3984,#2055,.T.);
#5598=EDGE_CURVE('',#4452,#4184,#2056,.T.);
#5599=EDGE_CURVE('',#4454,#3831,#2057,.T.);
#5600=EDGE_CURVE('',#4446,#3863,#2058,.T.);
#5601=EDGE_CURVE('',#4451,#4201,#2059,.T.);
#5602=EDGE_CURVE('',#4468,#4469,#2060,.T.);
#5603=EDGE_CURVE('',#4468,#3924,#2061,.T.);
#5604=EDGE_CURVE('',#4469,#3923,#2062,.T.);
#5605=EDGE_CURVE('',#4183,#4461,#2063,.T.);
#5606=EDGE_CURVE('',#4455,#3832,#2064,.T.);
#5607=EDGE_CURVE('',#4457,#4202,#2065,.T.);
#5608=EDGE_CURVE('',#4470,#4468,#2066,.T.);
#5609=EDGE_CURVE('',#3925,#4470,#2067,.T.);
#5610=EDGE_CURVE('',#4182,#4460,#2068,.T.);
#5611=EDGE_CURVE('',#4471,#4472,#2069,.T.);
#5612=EDGE_CURVE('',#3965,#4471,#2070,.T.);
#5613=EDGE_CURVE('',#3964,#4472,#2071,.T.);
#5614=EDGE_CURVE('',#4463,#3833,#2072,.T.);
#5615=EDGE_CURVE('',#3862,#4458,#2073,.T.);
#5616=EDGE_CURVE('',#4473,#3897,#2074,.T.);
#5617=EDGE_CURVE('',#4474,#4473,#2075,.T.);
#5618=EDGE_CURVE('',#3898,#4474,#2076,.T.);
#5619=EDGE_CURVE('',#4203,#4456,#2077,.T.);
#5620=EDGE_CURVE('',#4475,#3986,#2078,.T.);
#5621=EDGE_CURVE('',#4476,#4475,#2079,.T.);
#5622=EDGE_CURVE('',#4476,#3987,#2080,.T.);
#5623=EDGE_CURVE('',#4181,#4469,#2081,.T.);
#5624=EDGE_CURVE('',#3834,#4462,#2082,.T.);
#5625=EDGE_CURVE('',#3861,#4459,#2083,.T.);
#5626=EDGE_CURVE('',#4465,#4204,#2084,.T.);
#5627=EDGE_CURVE('',#4180,#4468,#2085,.T.);
#5628=EDGE_CURVE('',#4471,#3835,#2086,.T.);
#5629=EDGE_CURVE('',#3860,#4467,#2087,.T.);
#5630=EDGE_CURVE('',#4464,#4205,#2088,.T.);
#5631=EDGE_CURVE('',#4477,#3926,#2089,.T.);
#5632=EDGE_CURVE('',#4174,#4477,#2090,.T.);
#5633=EDGE_CURVE('',#4470,#4179,#2091,.T.);
#5634=EDGE_CURVE('',#4478,#3962,#2092,.T.);
#5635=EDGE_CURVE('',#4479,#4478,#2093,.T.);
#5636=EDGE_CURVE('',#3963,#4479,#2094,.T.);
#5637=EDGE_CURVE('',#4472,#3836,#2095,.T.);
#5638=EDGE_CURVE('',#4466,#3859,#2096,.T.);
#5639=EDGE_CURVE('',#4480,#4133,#2097,.T.);
#5640=EDGE_CURVE('',#4481,#4480,#2098,.T.);
#5641=EDGE_CURVE('',#4134,#4481,#2099,.T.);
#5642=EDGE_CURVE('',#4482,#4483,#2100,.T.);
#5643=EDGE_CURVE('',#4482,#4131,#2101,.T.);
#5644=EDGE_CURVE('',#4130,#4483,#2102,.T.);
#5645=EDGE_CURVE('',#4484,#4485,#2103,.T.);
#5646=EDGE_CURVE('',#3896,#4484,#2104,.T.);
#5647=EDGE_CURVE('',#3895,#4485,#2105,.T.);
#5648=EDGE_CURVE('',#4474,#4206,#2106,.T.);
#5649=EDGE_CURVE('',#4486,#4487,#2107,.T.);
#5650=EDGE_CURVE('',#3989,#4486,#2108,.T.);
#5651=EDGE_CURVE('',#4487,#3988,#2109,.T.);
#5652=EDGE_CURVE('',#4178,#4477,#2110,.T.);
#5653=EDGE_CURVE('',#4479,#3837,#2111,.T.);
#5654=EDGE_CURVE('',#3858,#4475,#2112,.T.);
#5655=EDGE_CURVE('',#4127,#4488,#2113,.T.);
#5656=EDGE_CURVE('',#4480,#4488,#2114,.T.);
#5657=EDGE_CURVE('',#4489,#4482,#2115,.T.);
#5658=EDGE_CURVE('',#4489,#4422,#2116,.T.);
#5659=EDGE_CURVE('',#4422,#4132,#2117,.T.);
#5660=EDGE_CURVE('',#4488,#4421,#2118,.T.);
#5661=EDGE_CURVE('',#4421,#4489,#2119,.T.);
#5662=EDGE_CURVE('',#4483,#4251,#2120,.T.);
#5663=EDGE_CURVE('',#4252,#4481,#2121,.T.);
#5664=EDGE_CURVE('',#4207,#4473,#2122,.T.);
#5665=EDGE_CURVE('',#3838,#4478,#2123,.T.);
#5666=EDGE_CURVE('',#3857,#4476,#2124,.T.);
#5667=EDGE_CURVE('',#4490,#4491,#2125,.T.);
#5668=EDGE_CURVE('',#4492,#4491,#2126,.T.);
#5669=EDGE_CURVE('',#4492,#4341,#2127,.T.);
#5670=EDGE_CURVE('',#4493,#4341,#2128,.T.);
#5671=EDGE_CURVE('',#4493,#4490,#2129,.T.);
#5672=EDGE_CURVE('',#4484,#4208,#2130,.T.);
#5673=EDGE_CURVE('',#4494,#4173,#2131,.T.);
#5674=EDGE_CURVE('',#3929,#4494,#2132,.T.);
#5675=EDGE_CURVE('',#4495,#4496,#2133,.T.);
#5676=EDGE_CURVE('',#3961,#4495,#2134,.T.);
#5677=EDGE_CURVE('',#3960,#4496,#2135,.T.);
#5678=EDGE_CURVE('',#4495,#3839,#2136,.T.);
#5679=EDGE_CURVE('',#3856,#4487,#2137,.T.);
#5680=EDGE_CURVE('',#4124,#4052,#2138,.T.);
#5681=EDGE_CURVE('',#4054,#4116,#2139,.T.);
#5682=EDGE_CURVE('',#4123,#4053,#2140,.T.);
#5683=EDGE_CURVE('',#4497,#4498,#2141,.T.);
#5684=EDGE_CURVE('',#4499,#4498,#2142,.T.);
#5685=EDGE_CURVE('',#4499,#4492,#2143,.T.);
#5686=EDGE_CURVE('',#4491,#4497,#2144,.T.);
#5687=EDGE_CURVE('',#4500,#4340,#2145,.T.);
#5688=EDGE_CURVE('',#4500,#4493,#2146,.T.);
#5689=EDGE_CURVE('',#4501,#4074,#2147,.T.);
#5690=EDGE_CURVE('',#4318,#4501,#2148,.T.);
#5691=EDGE_CURVE('',#4501,#4075,#2149,.T.);
#5692=EDGE_CURVE('',#4502,#4503,#2150,.T.);
#5693=EDGE_CURVE('',#4504,#4503,#2151,.T.);
#5694=EDGE_CURVE('',#4505,#4504,#2152,.T.);
#5695=EDGE_CURVE('',#4502,#4505,#2153,.T.);
#5696=EDGE_CURVE('',#4504,#4326,#2154,.T.);
#5697=EDGE_CURVE('',#4503,#4327,#2155,.T.);
#5698=EDGE_CURVE('',#4506,#3893,#2156,.T.);
#5699=EDGE_CURVE('',#4507,#4506,#2157,.T.);
#5700=EDGE_CURVE('',#3894,#4507,#2158,.T.);
#5701=EDGE_CURVE('',#4485,#4209,#2159,.T.);
#5702=EDGE_CURVE('',#4508,#3990,#2160,.T.);
#5703=EDGE_CURVE('',#4509,#4508,#2161,.T.);
#5704=EDGE_CURVE('',#4509,#3991,#2162,.T.);
#5705=EDGE_CURVE('',#4494,#4177,#2163,.T.);
#5706=EDGE_CURVE('',#4496,#3840,#2164,.T.);
#5707=EDGE_CURVE('',#4486,#3855,#2165,.T.);
#5708=EDGE_CURVE('',#4510,#4511,#2166,.T.);
#5709=EDGE_CURVE('',#4511,#4512,#69,.T.);
#5710=EDGE_CURVE('',#4510,#4512,#1263,.T.);
#5711=EDGE_CURVE('',#4513,#4511,#1264,.T.);
#5712=EDGE_CURVE('',#4511,#4105,#2167,.T.);
#5713=EDGE_CURVE('',#4513,#4104,#2168,.T.);
#5714=EDGE_CURVE('',#4514,#4515,#2169,.T.);
#5715=EDGE_CURVE('',#4516,#4515,#2170,.T.);
#5716=EDGE_CURVE('',#4516,#4499,#2171,.T.);
#5717=EDGE_CURVE('',#4498,#4514,#2172,.T.);
#5718=EDGE_CURVE('',#4517,#4500,#2173,.T.);
#5719=EDGE_CURVE('',#4517,#4339,#2174,.T.);
#5720=EDGE_CURVE('',#4518,#4519,#2175,.T.);
#5721=EDGE_CURVE('',#4519,#4520,#2176,.T.);
#5722=EDGE_CURVE('',#4520,#4521,#2177,.T.);
#5723=EDGE_CURVE('',#4521,#4490,#2178,.T.);
#5724=EDGE_CURVE('',#4522,#4517,#2179,.T.);
#5725=EDGE_CURVE('',#4522,#4523,#2180,.T.);
#5726=EDGE_CURVE('',#4523,#4518,#2181,.T.);
#5727=EDGE_CURVE('',#4524,#4502,#2182,.T.);
#5728=EDGE_CURVE('',#4524,#4525,#2183,.T.);
#5729=EDGE_CURVE('',#4526,#4525,#2184,.T.);
#5730=EDGE_CURVE('',#4328,#4526,#2185,.T.);
#5731=EDGE_CURVE('',#4076,#4081,#2186,.T.);
#5732=EDGE_CURVE('',#4527,#4505,#2187,.T.);
#5733=EDGE_CURVE('',#4527,#4524,#2188,.T.);
#5734=EDGE_CURVE('',#4507,#4210,#2189,.T.);
#5735=EDGE_CURVE('',#4528,#4368,#2190,.T.);
#5736=EDGE_CURVE('',#4528,#4355,#186,.T.);
#5737=EDGE_CURVE('',#4004,#4529,#2191,.T.);
#5738=EDGE_CURVE('',#4530,#4529,#2192,.T.);
#5739=EDGE_CURVE('',#4530,#4531,#2193,.T.);
#5740=EDGE_CURVE('',#4005,#4531,#2194,.T.);
#5741=EDGE_CURVE('',#3788,#4532,#2195,.T.);
#5742=EDGE_CURVE('',#4002,#4532,#2196,.T.);
#5743=EDGE_CURVE('',#4532,#4142,#2197,.T.);
#5744=EDGE_CURVE('',#4531,#4533,#2198,.T.);
#5745=EDGE_CURVE('',#4006,#4533,#2199,.T.);
#5746=EDGE_CURVE('',#4534,#4007,#2200,.T.);
#5747=EDGE_CURVE('',#4534,#4535,#2201,.T.);
#5748=EDGE_CURVE('',#4008,#4535,#2202,.T.);
#5749=EDGE_CURVE('',#4535,#4536,#2203,.T.);
#5750=EDGE_CURVE('',#4537,#4536,#2204,.T.);
#5751=EDGE_CURVE('',#4537,#4009,#2205,.T.);
#5752=EDGE_CURVE('',#4176,#4538,#2206,.T.);
#5753=EDGE_CURVE('',#4538,#3930,#2207,.T.);
#5754=EDGE_CURVE('',#4539,#3841,#2208,.T.);
#5755=EDGE_CURVE('',#3959,#4539,#2209,.T.);
#5756=EDGE_CURVE('',#3854,#4508,#2210,.T.);
#5757=EDGE_CURVE('',#4529,#4537,#2211,.T.);
#5758=EDGE_CURVE('',#4536,#4530,#2212,.T.);
#5759=EDGE_CURVE('',#4518,#4030,#2213,.T.);
#5760=EDGE_CURVE('',#4166,#4519,#2214,.T.);
#5761=EDGE_CURVE('',#4523,#4031,#2215,.T.);
#5762=EDGE_CURVE('',#4540,#4161,#2216,.T.);
#5763=EDGE_CURVE('',#4160,#4032,#2217,.T.);
#5764=EDGE_CURVE('',#4541,#4522,#2218,.T.);
#5765=EDGE_CURVE('',#4540,#4541,#2219,.T.);
#5766=EDGE_CURVE('',#4094,#4513,#1265,.T.);
#5767=EDGE_CURVE('',#4512,#4542,#187,.T.);
#5768=EDGE_CURVE('',#4093,#4542,#2220,.T.);
#5769=EDGE_CURVE('',#4092,#4106,#2221,.T.);
#5770=EDGE_CURVE('',#4091,#4420,#2222,.T.);
#5771=EDGE_CURVE('',#4418,#4107,#2223,.T.);
#5772=EDGE_CURVE('',#4090,#4108,#2224,.T.);
#5773=EDGE_CURVE('',#4089,#4109,#2225,.T.);
#5774=EDGE_CURVE('',#4110,#4088,#2226,.T.);
#5775=EDGE_CURVE('',#4526,#4113,#2227,.T.);
#5776=EDGE_CURVE('',#4515,#4543,#2228,.T.);
#5777=EDGE_CURVE('',#4338,#4543,#2229,.T.);
#5778=EDGE_CURVE('',#4338,#4516,#2230,.T.);
#5779=EDGE_CURVE('',#4541,#4337,#2231,.T.);
#5780=EDGE_CURVE('',#4159,#4033,#2232,.T.);
#5781=EDGE_CURVE('',#4543,#4540,#2233,.T.);
#5782=EDGE_CURVE('',#4514,#4162,#2234,.T.);
#5783=EDGE_CURVE('',#4497,#4163,#2235,.T.);
#5784=EDGE_CURVE('',#4521,#4164,#2236,.T.);
#5785=EDGE_CURVE('',#4520,#4165,#2237,.T.);
#5786=EDGE_CURVE('',#4060,#4527,#2238,.T.);
#5787=EDGE_CURVE('',#4525,#4059,#2239,.T.);
#5788=EDGE_CURVE('',#4056,#4114,#2240,.T.);
#5789=EDGE_CURVE('',#4115,#4055,#2241,.T.);
#5790=EDGE_CURVE('',#4533,#4534,#2242,.T.);
#5791=EDGE_CURVE('',#4544,#3787,#2243,.T.);
#5792=EDGE_CURVE('',#4143,#4544,#2244,.T.);
#5793=EDGE_CURVE('',#4211,#4506,#2245,.T.);
#5794=EDGE_CURVE('',#4158,#4545,#2246,.T.);
#5795=EDGE_CURVE('',#4546,#4545,#2247,.T.);
#5796=EDGE_CURVE('',#4546,#4034,#2248,.T.);
#5797=EDGE_CURVE('',#4547,#4036,#2249,.T.);
#5798=EDGE_CURVE('',#4035,#4548,#2250,.T.);
#5799=EDGE_CURVE('',#4547,#4548,#2251,.T.);
#5800=EDGE_CURVE('',#4367,#4549,#2252,.T.);
#5801=EDGE_CURVE('',#4550,#4366,#2253,.T.);
#5802=EDGE_CURVE('',#4549,#4550,#2254,.T.);
#5803=EDGE_CURVE('',#4538,#4551,#2255,.T.);
#5804=EDGE_CURVE('',#4551,#3931,#1266,.T.);
#5805=EDGE_CURVE('',#4175,#4551,#2256,.T.);
#5806=EDGE_CURVE('',#3958,#4552,#1267,.T.);
#5807=EDGE_CURVE('',#4552,#4539,#2257,.T.);
#5808=EDGE_CURVE('',#4552,#3842,#2258,.T.);
#5809=EDGE_CURVE('',#3853,#4509,#2259,.T.);
#5810=EDGE_CURVE('',#4001,#4544,#2260,.T.);
#5811=EDGE_CURVE('',#4545,#4157,#2261,.T.);
#5812=EDGE_CURVE('',#4061,#4325,#2262,.T.);
#5813=EDGE_CURVE('',#4553,#4554,#2263,.T.);
#5814=EDGE_CURVE('',#4394,#4553,#2264,.T.);
#5815=EDGE_CURVE('',#4555,#4393,#2265,.T.);
#5816=EDGE_CURVE('',#4556,#4555,#2266,.T.);
#5817=EDGE_CURVE('',#4556,#4554,#2267,.T.);
#5818=EDGE_CURVE('',#4557,#4401,#2268,.T.);
#5819=EDGE_CURVE('',#4558,#4557,#2269,.T.);
#5820=EDGE_CURVE('',#4559,#4558,#2270,.T.);
#5821=EDGE_CURVE('',#4560,#4559,#2271,.T.);
#5822=EDGE_CURVE('',#4403,#4560,#2272,.T.);
#5823=EDGE_CURVE('',#4561,#4562,#2273,.T.);
#5824=EDGE_CURVE('',#4377,#4561,#2274,.T.);
#5825=EDGE_CURVE('',#4563,#4376,#2275,.T.);
#5826=EDGE_CURVE('',#4564,#4563,#2276,.T.);
#5827=EDGE_CURVE('',#4564,#4562,#2277,.T.);
#5828=EDGE_CURVE('',#4565,#4384,#2278,.T.);
#5829=EDGE_CURVE('',#4566,#4565,#2279,.T.);
#5830=EDGE_CURVE('',#4567,#4566,#2280,.T.);
#5831=EDGE_CURVE('',#4568,#4567,#2281,.T.);
#5832=EDGE_CURVE('',#4386,#4568,#2282,.T.);
#5833=EDGE_CURVE('',#4569,#4570,#2283,.T.);
#5834=EDGE_CURVE('',#3892,#4569,#2284,.T.);
#5835=EDGE_CURVE('',#3891,#4570,#2285,.T.);
#5836=EDGE_CURVE('',#4569,#4212,#2286,.T.);
#5837=EDGE_CURVE('',#4037,#4571,#2287,.T.);
#5838=EDGE_CURVE('',#4022,#4571,#2288,.T.);
#5839=EDGE_CURVE('',#4154,#4548,#2289,.T.);
#5840=EDGE_CURVE('',#4324,#4546,#2290,.T.);
#5841=EDGE_CURVE('',#4219,#3936,#2291,.T.);
#5842=EDGE_CURVE('',#4572,#4573,#2292,.T.);
#5843=EDGE_CURVE('',#4572,#4574,#2293,.T.);
#5844=EDGE_CURVE('',#4575,#4574,#2294,.T.);
#5845=EDGE_CURVE('',#4575,#4373,#2295,.T.);
#5846=EDGE_CURVE('',#4373,#4573,#2296,.T.);
#5847=EDGE_CURVE('',#4576,#4577,#2297,.T.);
#5848=EDGE_CURVE('',#4577,#4374,#2298,.T.);
#5849=EDGE_CURVE('',#4374,#4578,#2299,.T.);
#5850=EDGE_CURVE('',#4579,#4578,#2300,.T.);
#5851=EDGE_CURVE('',#4579,#4576,#2301,.T.);
#5852=EDGE_CURVE('',#4580,#4581,#2302,.T.);
#5853=EDGE_CURVE('',#3993,#4580,#2303,.T.);
#5854=EDGE_CURVE('',#3992,#4581,#2304,.T.);
#5855=EDGE_CURVE('',#3886,#4017,#2305,.T.);
#5856=EDGE_CURVE('',#4016,#3887,#2306,.T.);
#5857=EDGE_CURVE('',#4015,#3888,#2307,.T.);
#5858=EDGE_CURVE('',#3843,#3957,#2308,.T.);
#5859=EDGE_CURVE('',#3852,#4581,#2309,.T.);
#5860=EDGE_CURVE('',#4041,#4025,#2310,.T.);
#5861=EDGE_CURVE('',#4582,#4241,#188,.T.);
#5862=EDGE_CURVE('',#4583,#4582,#2311,.T.);
#5863=EDGE_CURVE('',#4242,#4583,#189,.T.);
#5864=EDGE_CURVE('',#4398,#4584,#2312,.T.);
#5865=EDGE_CURVE('',#4585,#4397,#2313,.T.);
#5866=EDGE_CURVE('',#4586,#4585,#2314,.T.);
#5867=EDGE_CURVE('',#4587,#4586,#2315,.T.);
#5868=EDGE_CURVE('',#4584,#4587,#2316,.T.);
#5869=EDGE_CURVE('',#4381,#4588,#2317,.T.);
#5870=EDGE_CURVE('',#4589,#4380,#2318,.T.);
#5871=EDGE_CURVE('',#4590,#4589,#2319,.T.);
#5872=EDGE_CURVE('',#4591,#4590,#2320,.T.);
#5873=EDGE_CURVE('',#4588,#4591,#2321,.T.);
#5874=EDGE_CURVE('',#4396,#4592,#2322,.T.);
#5875=EDGE_CURVE('',#4592,#4553,#2323,.T.);
#5876=EDGE_CURVE('',#4554,#4585,#2324,.T.);
#5877=EDGE_CURVE('',#4395,#4592,#2325,.T.);
#5878=EDGE_CURVE('',#4409,#4593,#2326,.T.);
#5879=EDGE_CURVE('',#4593,#4555,#2327,.T.);
#5880=EDGE_CURVE('',#4408,#4593,#2328,.T.);
#5881=EDGE_CURVE('',#4594,#4404,#2329,.T.);
#5882=EDGE_CURVE('',#4405,#4594,#2330,.T.);
#5883=EDGE_CURVE('',#4560,#4594,#2331,.T.);
#5884=EDGE_CURVE('',#4400,#4595,#2332,.T.);
#5885=EDGE_CURVE('',#4557,#4595,#2333,.T.);
#5886=EDGE_CURVE('',#4595,#4399,#2334,.T.);
#5887=EDGE_CURVE('',#4558,#4584,#2335,.T.);
#5888=EDGE_CURVE('',#4379,#4596,#2336,.T.);
#5889=EDGE_CURVE('',#4596,#4561,#2337,.T.);
#5890=EDGE_CURVE('',#4562,#4589,#2338,.T.);
#5891=EDGE_CURVE('',#4378,#4596,#2339,.T.);
#5892=EDGE_CURVE('',#4392,#4597,#2340,.T.);
#5893=EDGE_CURVE('',#4597,#4563,#2341,.T.);
#5894=EDGE_CURVE('',#4391,#4597,#2342,.T.);
#5895=EDGE_CURVE('',#4598,#4387,#2343,.T.);
#5896=EDGE_CURVE('',#4388,#4598,#2344,.T.);
#5897=EDGE_CURVE('',#4568,#4598,#2345,.T.);
#5898=EDGE_CURVE('',#4383,#4599,#2346,.T.);
#5899=EDGE_CURVE('',#4565,#4599,#2347,.T.);
#5900=EDGE_CURVE('',#4599,#4382,#2348,.T.);
#5901=EDGE_CURVE('',#4566,#4588,#2349,.T.);
#5902=EDGE_CURVE('',#4600,#4216,#2350,.T.);
#5903=EDGE_CURVE('',#4600,#4222,#70,.T.);
#5904=EDGE_CURVE('',#4213,#4570,#2351,.T.);
#5905=EDGE_CURVE('',#4571,#4011,#2352,.T.);
#5906=EDGE_CURVE('',#4153,#4601,#2353,.T.);
#5907=EDGE_CURVE('',#4601,#4602,#2354,.T.);
#5908=EDGE_CURVE('',#4547,#4602,#2355,.T.);
#5909=EDGE_CURVE('',#4603,#4604,#2356,.T.);
#5910=EDGE_CURVE('',#4604,#4603,#190,.T.);
#5911=EDGE_CURVE('',#4151,#4603,#2357,.T.);
#5912=EDGE_CURVE('',#4604,#4152,#2358,.T.);
#5913=EDGE_CURVE('',#4605,#4354,#191,.T.);
#5914=EDGE_CURVE('',#4605,#4528,#2359,.T.);
#5915=EDGE_CURVE('',#4606,#4600,#1268,.T.);
#5916=EDGE_CURVE('',#3939,#4606,#22,.T.);
#5917=EDGE_CURVE('',#4574,#4607,#2360,.T.);
#5918=EDGE_CURVE('',#4608,#4572,#2361,.T.);
#5919=EDGE_CURVE('',#4608,#4607,#2362,.T.);
#5920=EDGE_CURVE('',#3846,#3954,#2363,.T.);
#5921=EDGE_CURVE('',#4577,#4375,#2364,.T.);
#5922=EDGE_CURVE('',#4578,#4372,#2365,.T.);
#5923=EDGE_CURVE('',#4372,#4575,#2366,.T.);
#5924=EDGE_CURVE('',#4375,#4573,#2367,.T.);
#5925=EDGE_CURVE('',#4609,#4579,#2368,.T.);
#5926=EDGE_CURVE('',#4610,#4609,#2369,.T.);
#5927=EDGE_CURVE('',#4610,#4576,#2370,.T.);
#5928=EDGE_CURVE('',#4611,#3819,#71,.T.);
#5929=EDGE_CURVE('',#4611,#3952,#192,.T.);
#5930=EDGE_CURVE('',#4612,#4611,#1269,.T.);
#5931=EDGE_CURVE('',#3848,#4612,#2371,.T.);
#5932=EDGE_CURVE('',#4014,#3889,#2372,.T.);
#5933=EDGE_CURVE('',#3956,#3844,#2373,.T.);
#5934=EDGE_CURVE('',#3955,#3845,#2374,.T.);
#5935=EDGE_CURVE('',#3851,#4580,#2375,.T.);
#5936=EDGE_CURVE('',#4582,#4323,#2376,.T.);
#5937=EDGE_CURVE('',#4583,#4322,#2377,.T.);
#5938=EDGE_CURVE('',#4613,#4559,#2378,.T.);
#5939=EDGE_CURVE('',#4613,#4406,#2379,.T.);
#5940=EDGE_CURVE('',#4407,#4614,#2380,.T.);
#5941=EDGE_CURVE('',#4614,#4556,#2381,.T.);
#5942=EDGE_CURVE('',#4586,#4346,#2382,.T.);
#5943=EDGE_CURVE('',#4587,#4345,#2383,.T.);
#5944=EDGE_CURVE('',#4615,#4567,#2384,.T.);
#5945=EDGE_CURVE('',#4615,#4389,#2385,.T.);
#5946=EDGE_CURVE('',#4390,#4616,#2386,.T.);
#5947=EDGE_CURVE('',#4616,#4564,#2387,.T.);
#5948=EDGE_CURVE('',#4590,#4349,#2388,.T.);
#5949=EDGE_CURVE('',#4591,#4348,#2389,.T.);
#5950=EDGE_CURVE('',#4606,#4617,#2390,.T.);
#5951=EDGE_CURVE('',#4617,#4215,#2391,.T.);
#5952=EDGE_CURVE('',#3890,#4013,#2392,.T.);
#5953=EDGE_CURVE('',#4602,#4363,#2393,.T.);
#5954=EDGE_CURVE('',#4012,#4362,#2394,.T.);
#5955=EDGE_CURVE('',#4618,#4359,#2395,.T.);
#5956=EDGE_CURVE('',#4549,#4358,#193,.T.);
#5957=EDGE_CURVE('',#4618,#4550,#194,.T.);
#5958=EDGE_CURVE('',#4619,#4364,#1270,.T.);
#5959=EDGE_CURVE('',#4601,#4619,#2396,.T.);
#5960=EDGE_CURVE('',#4150,#4619,#2397,.T.);
#5961=EDGE_CURVE('',#4369,#4605,#2398,.T.);
#5962=EDGE_CURVE('',#3940,#4617,#2399,.T.);
#5963=EDGE_CURVE('',#4609,#4620,#2400,.T.);
#5964=EDGE_CURVE('',#4607,#4621,#2401,.T.);
#5965=EDGE_CURVE('',#4621,#4620,#2402,.T.);
#5966=EDGE_CURVE('',#4622,#4610,#2403,.T.);
#5967=EDGE_CURVE('',#4622,#4623,#2404,.T.);
#5968=EDGE_CURVE('',#4608,#4623,#2405,.T.);
#5969=EDGE_CURVE('',#4612,#4624,#2406,.T.);
#5970=EDGE_CURVE('',#4624,#3951,#2407,.T.);
#5971=EDGE_CURVE('',#3849,#4624,#2408,.T.);
#5972=EDGE_CURVE('',#3994,#4625,#2409,.T.);
#5973=EDGE_CURVE('',#4625,#3998,#2410,.T.);
#5974=EDGE_CURVE('',#4626,#4627,#2411,.T.);
#5975=EDGE_CURVE('',#4627,#3997,#2412,.T.);
#5976=EDGE_CURVE('',#4625,#4626,#2413,.T.);
#5977=EDGE_CURVE('',#4627,#4319,#2414,.T.);
#5978=EDGE_CURVE('',#4285,#4277,#2415,.T.);
#5979=EDGE_CURVE('',#4614,#4273,#2416,.T.);
#5980=EDGE_CURVE('',#4274,#4613,#2417,.T.);
#5981=EDGE_CURVE('',#4616,#4268,#2418,.T.);
#5982=EDGE_CURVE('',#4269,#4615,#2419,.T.);
#5983=EDGE_CURVE('',#4286,#4278,#2420,.T.);
#5984=EDGE_CURVE('',#4628,#4617,#2421,.T.);
#5985=EDGE_CURVE('',#3941,#4628,#2422,.T.);
#5986=EDGE_CURVE('',#4628,#4214,#2423,.T.);
#5987=EDGE_CURVE('',#4365,#4618,#72,.T.);
#5988=EDGE_CURVE('',#4234,#4225,#2424,.T.);
#5989=EDGE_CURVE('',#4233,#4226,#2425,.T.);
#5990=EDGE_CURVE('',#4629,#4621,#2426,.T.);
#5991=EDGE_CURVE('',#4630,#4629,#2427,.T.);
#5992=EDGE_CURVE('',#4620,#4630,#2428,.T.);
#5993=EDGE_CURVE('',#4631,#4623,#2429,.T.);
#5994=EDGE_CURVE('',#4632,#4622,#2430,.T.);
#5995=EDGE_CURVE('',#4631,#4632,#2431,.T.);
#5996=EDGE_CURVE('',#4313,#3805,#2432,.T.);
#5997=EDGE_CURVE('',#3950,#4633,#2433,.T.);
#5998=EDGE_CURVE('',#4624,#4633,#2434,.T.);
#5999=EDGE_CURVE('',#4633,#3850,#2435,.T.);
#6000=EDGE_CURVE('',#4626,#4634,#2436,.T.);
#6001=EDGE_CURVE('',#4634,#4320,#2437,.T.);
#6002=EDGE_CURVE('',#4361,#4370,#2438,.T.);
#6003=EDGE_CURVE('',#4307,#4304,#2439,.T.);
#6004=EDGE_CURVE('',#4305,#4306,#2440,.T.);
#6005=EDGE_CURVE('',#4237,#3943,#2441,.T.);
#6006=EDGE_CURVE('',#3942,#4238,#2442,.T.);
#6007=EDGE_CURVE('',#3946,#4635,#2443,.T.);
#6008=EDGE_CURVE('',#4635,#4303,#2444,.T.);
#6009=EDGE_CURVE('',#4629,#4636,#2445,.T.);
#6010=EDGE_CURVE('',#4637,#4636,#2446,.T.);
#6011=EDGE_CURVE('',#4630,#4637,#2447,.T.);
#6012=EDGE_CURVE('',#4638,#4631,#2448,.T.);
#6013=EDGE_CURVE('',#4302,#4638,#2449,.T.);
#6014=EDGE_CURVE('',#4636,#4301,#2450,.T.);
#6015=EDGE_CURVE('',#4639,#3947,#2451,.T.);
#6016=EDGE_CURVE('',#4298,#4639,#2452,.T.);
#6017=EDGE_CURVE('',#4640,#4632,#2453,.T.);
#6018=EDGE_CURVE('',#4639,#4640,#2454,.T.);
#6019=EDGE_CURVE('',#4638,#4635,#2455,.T.);
#6020=EDGE_CURVE('',#4300,#4637,#2456,.T.);
#6021=EDGE_CURVE('',#4640,#4299,#2457,.T.);
#6022=EDGE_CURVE('',#4314,#3949,#2458,.T.);
#6023=EDGE_CURVE('',#4315,#3948,#2459,.T.);
#6024=EDGE_CURVE('',#4634,#4351,#2460,.T.);
#6025=EDGE_CURVE('',#4310,#4309,#2461,.T.);
#6026=EDGE_CURVE('',#4308,#4311,#2462,.T.);
#6027=EDGE_CURVE('',#4077,#4329,#2463,.T.);
#6028=EDGE_CURVE('',#4078,#4330,#2464,.T.);
#6029=EDGE_CURVE('',#4083,#4331,#2465,.T.);
#6030=EDGE_CURVE('',#4080,#4332,#2466,.T.);
#6031=EDGE_CURVE('',#4079,#4333,#2467,.T.);
#6032=EDGE_CURVE('',#4641,#4642,#2468,.T.);
#6033=EDGE_CURVE('',#4643,#4642,#2469,.T.);
#6034=EDGE_CURVE('',#4644,#4643,#2470,.T.);
#6035=EDGE_CURVE('',#4644,#4641,#2471,.T.);
#6036=EDGE_CURVE('',#4645,#4646,#2472,.T.);
#6037=EDGE_CURVE('',#4647,#4645,#2473,.T.);
#6038=EDGE_CURVE('',#4648,#4647,#2474,.T.);
#6039=EDGE_CURVE('',#4648,#4646,#2475,.T.);
#6040=EDGE_CURVE('',#4641,#4648,#2476,.T.);
#6041=EDGE_CURVE('',#4646,#4644,#2477,.T.);
#6042=EDGE_CURVE('',#4643,#4645,#2478,.T.);
#6043=EDGE_CURVE('',#4642,#4647,#2479,.T.);
#6044=EDGE_CURVE('',#4649,#4650,#2480,.T.);
#6045=EDGE_CURVE('',#4651,#4650,#2481,.T.);
#6046=EDGE_CURVE('',#4652,#4651,#2482,.T.);
#6047=EDGE_CURVE('',#4652,#4649,#2483,.T.);
#6048=EDGE_CURVE('',#4653,#4654,#2484,.T.);
#6049=EDGE_CURVE('',#4654,#4655,#2485,.T.);
#6050=EDGE_CURVE('',#4655,#4656,#2486,.T.);
#6051=EDGE_CURVE('',#4656,#4653,#2487,.T.);
#6052=EDGE_CURVE('',#4653,#4652,#2488,.T.);
#6053=EDGE_CURVE('',#4649,#4656,#2489,.T.);
#6054=EDGE_CURVE('',#4654,#4651,#2490,.T.);
#6055=EDGE_CURVE('',#4650,#4655,#2491,.T.);
#6056=EDGE_CURVE('',#4657,#4658,#2492,.T.);
#6057=EDGE_CURVE('',#4659,#4657,#2493,.T.);
#6058=EDGE_CURVE('',#4659,#4660,#2494,.T.);
#6059=EDGE_CURVE('',#4658,#4660,#2495,.T.);
#6060=EDGE_CURVE('',#4661,#4662,#1271,.T.);
#6061=EDGE_CURVE('',#4663,#4661,#195,.T.);
#6062=EDGE_CURVE('',#4662,#4663,#2496,.T.);
#6063=EDGE_CURVE('',#4664,#4665,#2497,.T.);
#6064=EDGE_CURVE('',#4665,#4666,#2498,.T.);
#6065=EDGE_CURVE('',#4666,#4664,#2499,.T.);
#6066=EDGE_CURVE('',#4658,#4666,#2500,.T.);
#6067=EDGE_CURVE('',#4660,#4661,#2501,.T.);
#6068=EDGE_CURVE('',#4664,#4662,#2502,.T.);
#6069=EDGE_CURVE('',#4663,#4659,#2503,.T.);
#6070=EDGE_CURVE('',#4657,#4665,#2504,.T.);
#6071=ORIENTED_EDGE('',*,*,#4667,.T.);
#6072=ORIENTED_EDGE('',*,*,#4668,.T.);
#6073=ORIENTED_EDGE('',*,*,#4669,.F.);
#6074=ORIENTED_EDGE('',*,*,#4668,.F.);
#6075=ORIENTED_EDGE('',*,*,#4667,.F.);
#6076=ORIENTED_EDGE('',*,*,#4669,.T.);
#6077=ORIENTED_EDGE('',*,*,#4670,.T.);
#6078=ORIENTED_EDGE('',*,*,#4671,.T.);
#6079=ORIENTED_EDGE('',*,*,#4672,.T.);
#6080=ORIENTED_EDGE('',*,*,#4673,.T.);
#6081=ORIENTED_EDGE('',*,*,#4674,.F.);
#6082=ORIENTED_EDGE('',*,*,#4675,.F.);
#6083=ORIENTED_EDGE('',*,*,#4671,.F.);
#6084=ORIENTED_EDGE('',*,*,#4676,.F.);
#6085=ORIENTED_EDGE('',*,*,#4676,.T.);
#6086=ORIENTED_EDGE('',*,*,#4670,.F.);
#6087=ORIENTED_EDGE('',*,*,#4677,.F.);
#6088=ORIENTED_EDGE('',*,*,#4678,.F.);
#6089=ORIENTED_EDGE('',*,*,#4679,.T.);
#6090=ORIENTED_EDGE('',*,*,#4677,.T.);
#6091=ORIENTED_EDGE('',*,*,#4673,.F.);
#6092=ORIENTED_EDGE('',*,*,#4680,.T.);
#6093=ORIENTED_EDGE('',*,*,#4675,.T.);
#6094=ORIENTED_EDGE('',*,*,#4681,.T.);
#6095=ORIENTED_EDGE('',*,*,#4680,.F.);
#6096=ORIENTED_EDGE('',*,*,#4672,.F.);
#6097=ORIENTED_EDGE('',*,*,#4678,.T.);
#6098=ORIENTED_EDGE('',*,*,#4679,.F.);
#6099=ORIENTED_EDGE('',*,*,#4681,.F.);
#6100=ORIENTED_EDGE('',*,*,#4674,.T.);
#6101=ORIENTED_EDGE('',*,*,#4682,.F.);
#6102=ORIENTED_EDGE('',*,*,#4683,.T.);
#6103=ORIENTED_EDGE('',*,*,#4684,.T.);
#6104=ORIENTED_EDGE('',*,*,#4685,.F.);
#6105=ORIENTED_EDGE('',*,*,#4686,.F.);
#6106=ORIENTED_EDGE('',*,*,#4687,.T.);
#6107=ORIENTED_EDGE('',*,*,#4688,.T.);
#6108=ORIENTED_EDGE('',*,*,#4689,.F.);
#6109=ORIENTED_EDGE('',*,*,#4690,.T.);
#6110=ORIENTED_EDGE('',*,*,#4691,.F.);
#6111=ORIENTED_EDGE('',*,*,#4692,.F.);
#6112=ORIENTED_EDGE('',*,*,#4693,.T.);
#6113=ORIENTED_EDGE('',*,*,#4686,.T.);
#6114=ORIENTED_EDGE('',*,*,#4694,.F.);
#6115=ORIENTED_EDGE('',*,*,#4684,.F.);
#6116=ORIENTED_EDGE('',*,*,#4695,.T.);
#6117=ORIENTED_EDGE('',*,*,#4696,.T.);
#6118=ORIENTED_EDGE('',*,*,#4697,.T.);
#6119=ORIENTED_EDGE('',*,*,#4698,.T.);
#6120=ORIENTED_EDGE('',*,*,#4699,.F.);
#6121=ORIENTED_EDGE('',*,*,#4700,.F.);
#6122=ORIENTED_EDGE('',*,*,#4701,.F.);
#6123=ORIENTED_EDGE('',*,*,#4702,.F.);
#6124=ORIENTED_EDGE('',*,*,#4703,.T.);
#6125=ORIENTED_EDGE('',*,*,#4704,.T.);
#6126=ORIENTED_EDGE('',*,*,#4705,.F.);
#6127=ORIENTED_EDGE('',*,*,#4706,.F.);
#6128=ORIENTED_EDGE('',*,*,#4707,.T.);
#6129=ORIENTED_EDGE('',*,*,#4708,.T.);
#6130=ORIENTED_EDGE('',*,*,#4709,.F.);
#6131=ORIENTED_EDGE('',*,*,#4710,.F.);
#6132=ORIENTED_EDGE('',*,*,#4711,.F.);
#6133=ORIENTED_EDGE('',*,*,#4712,.F.);
#6134=ORIENTED_EDGE('',*,*,#4713,.F.);
#6135=ORIENTED_EDGE('',*,*,#4714,.T.);
#6136=ORIENTED_EDGE('',*,*,#4715,.T.);
#6137=ORIENTED_EDGE('',*,*,#4716,.T.);
#6138=ORIENTED_EDGE('',*,*,#4717,.T.);
#6139=ORIENTED_EDGE('',*,*,#4718,.T.);
#6140=ORIENTED_EDGE('',*,*,#4719,.F.);
#6141=ORIENTED_EDGE('',*,*,#4720,.T.);
#6142=ORIENTED_EDGE('',*,*,#4721,.T.);
#6143=ORIENTED_EDGE('',*,*,#4722,.F.);
#6144=ORIENTED_EDGE('',*,*,#4723,.T.);
#6145=ORIENTED_EDGE('',*,*,#4724,.T.);
#6146=ORIENTED_EDGE('',*,*,#4725,.T.);
#6147=ORIENTED_EDGE('',*,*,#4726,.F.);
#6148=ORIENTED_EDGE('',*,*,#4727,.T.);
#6149=ORIENTED_EDGE('',*,*,#4728,.T.);
#6150=ORIENTED_EDGE('',*,*,#4729,.T.);
#6151=ORIENTED_EDGE('',*,*,#4730,.F.);
#6152=ORIENTED_EDGE('',*,*,#4729,.F.);
#6153=ORIENTED_EDGE('',*,*,#4731,.T.);
#6154=ORIENTED_EDGE('',*,*,#4732,.T.);
#6155=ORIENTED_EDGE('',*,*,#4733,.F.);
#6156=ORIENTED_EDGE('',*,*,#4734,.F.);
#6157=ORIENTED_EDGE('',*,*,#4735,.T.);
#6158=ORIENTED_EDGE('',*,*,#4734,.T.);
#6159=ORIENTED_EDGE('',*,*,#4736,.F.);
#6160=ORIENTED_EDGE('',*,*,#4715,.F.);
#6161=ORIENTED_EDGE('',*,*,#4696,.F.);
#6162=ORIENTED_EDGE('',*,*,#4737,.T.);
#6163=ORIENTED_EDGE('',*,*,#4738,.F.);
#6164=ORIENTED_EDGE('',*,*,#4739,.T.);
#6165=ORIENTED_EDGE('',*,*,#4740,.T.);
#6166=ORIENTED_EDGE('',*,*,#4741,.F.);
#6167=ORIENTED_EDGE('',*,*,#4742,.F.);
#6168=ORIENTED_EDGE('',*,*,#4743,.T.);
#6169=ORIENTED_EDGE('',*,*,#4744,.T.);
#6170=ORIENTED_EDGE('',*,*,#4745,.T.);
#6171=ORIENTED_EDGE('',*,*,#4746,.F.);
#6172=ORIENTED_EDGE('',*,*,#4747,.F.);
#6173=ORIENTED_EDGE('',*,*,#4748,.T.);
#6174=ORIENTED_EDGE('',*,*,#4749,.T.);
#6175=ORIENTED_EDGE('',*,*,#4750,.T.);
#6176=ORIENTED_EDGE('',*,*,#4751,.F.);
#6177=ORIENTED_EDGE('',*,*,#4752,.T.);
#6178=ORIENTED_EDGE('',*,*,#4753,.T.);
#6179=ORIENTED_EDGE('',*,*,#4754,.T.);
#6180=ORIENTED_EDGE('',*,*,#4755,.F.);
#6181=ORIENTED_EDGE('',*,*,#4756,.T.);
#6182=ORIENTED_EDGE('',*,*,#4757,.T.);
#6183=ORIENTED_EDGE('',*,*,#4758,.T.);
#6184=ORIENTED_EDGE('',*,*,#4753,.F.);
#6185=ORIENTED_EDGE('',*,*,#4759,.T.);
#6186=ORIENTED_EDGE('',*,*,#4760,.T.);
#6187=ORIENTED_EDGE('',*,*,#4761,.T.);
#6188=ORIENTED_EDGE('',*,*,#4762,.T.);
#6189=ORIENTED_EDGE('',*,*,#4763,.F.);
#6190=ORIENTED_EDGE('',*,*,#4764,.F.);
#6191=ORIENTED_EDGE('',*,*,#4765,.F.);
#6192=ORIENTED_EDGE('',*,*,#4766,.F.);
#6193=ORIENTED_EDGE('',*,*,#4767,.T.);
#6194=ORIENTED_EDGE('',*,*,#4761,.F.);
#6195=ORIENTED_EDGE('',*,*,#4768,.T.);
#6196=ORIENTED_EDGE('',*,*,#4769,.T.);
#6197=ORIENTED_EDGE('',*,*,#4770,.T.);
#6198=ORIENTED_EDGE('',*,*,#4771,.T.);
#6199=ORIENTED_EDGE('',*,*,#4765,.T.);
#6200=ORIENTED_EDGE('',*,*,#4764,.T.);
#6201=ORIENTED_EDGE('',*,*,#4763,.T.);
#6202=ORIENTED_EDGE('',*,*,#4772,.T.);
#6203=ORIENTED_EDGE('',*,*,#4773,.T.);
#6204=ORIENTED_EDGE('',*,*,#4774,.F.);
#6205=ORIENTED_EDGE('',*,*,#4775,.T.);
#6206=ORIENTED_EDGE('',*,*,#4776,.T.);
#6207=ORIENTED_EDGE('',*,*,#4777,.T.);
#6208=ORIENTED_EDGE('',*,*,#4778,.F.);
#6209=ORIENTED_EDGE('',*,*,#4779,.T.);
#6210=ORIENTED_EDGE('',*,*,#4780,.T.);
#6211=ORIENTED_EDGE('',*,*,#4781,.T.);
#6212=ORIENTED_EDGE('',*,*,#4782,.F.);
#6213=ORIENTED_EDGE('',*,*,#4783,.T.);
#6214=ORIENTED_EDGE('',*,*,#4784,.T.);
#6215=ORIENTED_EDGE('',*,*,#4785,.T.);
#6216=ORIENTED_EDGE('',*,*,#4786,.T.);
#6217=ORIENTED_EDGE('',*,*,#4787,.F.);
#6218=ORIENTED_EDGE('',*,*,#4788,.F.);
#6219=ORIENTED_EDGE('',*,*,#4789,.T.);
#6220=ORIENTED_EDGE('',*,*,#4790,.T.);
#6221=ORIENTED_EDGE('',*,*,#4791,.T.);
#6222=ORIENTED_EDGE('',*,*,#4757,.F.);
#6223=ORIENTED_EDGE('',*,*,#4792,.T.);
#6224=ORIENTED_EDGE('',*,*,#4793,.F.);
#6225=ORIENTED_EDGE('',*,*,#4794,.F.);
#6226=ORIENTED_EDGE('',*,*,#4795,.T.);
#6227=ORIENTED_EDGE('',*,*,#4796,.T.);
#6228=ORIENTED_EDGE('',*,*,#4797,.T.);
#6229=ORIENTED_EDGE('',*,*,#4798,.T.);
#6230=ORIENTED_EDGE('',*,*,#4799,.F.);
#6231=ORIENTED_EDGE('',*,*,#4800,.T.);
#6232=ORIENTED_EDGE('',*,*,#4801,.T.);
#6233=ORIENTED_EDGE('',*,*,#4802,.T.);
#6234=ORIENTED_EDGE('',*,*,#4803,.F.);
#6235=ORIENTED_EDGE('',*,*,#4804,.T.);
#6236=ORIENTED_EDGE('',*,*,#4805,.T.);
#6237=ORIENTED_EDGE('',*,*,#4806,.T.);
#6238=ORIENTED_EDGE('',*,*,#4807,.F.);
#6239=ORIENTED_EDGE('',*,*,#4808,.T.);
#6240=ORIENTED_EDGE('',*,*,#4809,.T.);
#6241=ORIENTED_EDGE('',*,*,#4810,.T.);
#6242=ORIENTED_EDGE('',*,*,#4811,.F.);
#6243=ORIENTED_EDGE('',*,*,#4812,.T.);
#6244=ORIENTED_EDGE('',*,*,#4813,.T.);
#6245=ORIENTED_EDGE('',*,*,#4814,.T.);
#6246=ORIENTED_EDGE('',*,*,#4815,.F.);
#6247=ORIENTED_EDGE('',*,*,#4816,.T.);
#6248=ORIENTED_EDGE('',*,*,#4817,.T.);
#6249=ORIENTED_EDGE('',*,*,#4818,.T.);
#6250=ORIENTED_EDGE('',*,*,#4819,.T.);
#6251=ORIENTED_EDGE('',*,*,#4820,.F.);
#6252=ORIENTED_EDGE('',*,*,#4821,.T.);
#6253=ORIENTED_EDGE('',*,*,#4768,.F.);
#6254=ORIENTED_EDGE('',*,*,#4822,.T.);
#6255=ORIENTED_EDGE('',*,*,#4769,.F.);
#6256=ORIENTED_EDGE('',*,*,#4821,.F.);
#6257=ORIENTED_EDGE('',*,*,#4823,.F.);
#6258=ORIENTED_EDGE('',*,*,#4824,.F.);
#6259=ORIENTED_EDGE('',*,*,#4770,.F.);
#6260=ORIENTED_EDGE('',*,*,#4822,.F.);
#6261=ORIENTED_EDGE('',*,*,#4825,.F.);
#6262=ORIENTED_EDGE('',*,*,#4826,.F.);
#6263=ORIENTED_EDGE('',*,*,#4827,.F.);
#6264=ORIENTED_EDGE('',*,*,#4828,.F.);
#6265=ORIENTED_EDGE('',*,*,#4829,.T.);
#6266=ORIENTED_EDGE('',*,*,#4830,.F.);
#6267=ORIENTED_EDGE('',*,*,#4719,.T.);
#6268=ORIENTED_EDGE('',*,*,#4831,.F.);
#6269=ORIENTED_EDGE('',*,*,#4832,.T.);
#6270=ORIENTED_EDGE('',*,*,#4833,.F.);
#6271=ORIENTED_EDGE('',*,*,#4834,.T.);
#6272=ORIENTED_EDGE('',*,*,#4835,.F.);
#6273=ORIENTED_EDGE('',*,*,#4836,.T.);
#6274=ORIENTED_EDGE('',*,*,#4837,.T.);
#6275=ORIENTED_EDGE('',*,*,#4838,.F.);
#6276=ORIENTED_EDGE('',*,*,#4839,.T.);
#6277=ORIENTED_EDGE('',*,*,#4840,.F.);
#6278=ORIENTED_EDGE('',*,*,#4841,.T.);
#6279=ORIENTED_EDGE('',*,*,#4842,.T.);
#6280=ORIENTED_EDGE('',*,*,#4843,.T.);
#6281=ORIENTED_EDGE('',*,*,#4844,.F.);
#6282=ORIENTED_EDGE('',*,*,#4845,.T.);
#6283=ORIENTED_EDGE('',*,*,#4846,.T.);
#6284=ORIENTED_EDGE('',*,*,#4847,.T.);
#6285=ORIENTED_EDGE('',*,*,#4848,.F.);
#6286=ORIENTED_EDGE('',*,*,#4849,.T.);
#6287=ORIENTED_EDGE('',*,*,#4850,.T.);
#6288=ORIENTED_EDGE('',*,*,#4851,.T.);
#6289=ORIENTED_EDGE('',*,*,#4852,.F.);
#6290=ORIENTED_EDGE('',*,*,#4853,.T.);
#6291=ORIENTED_EDGE('',*,*,#4854,.T.);
#6292=ORIENTED_EDGE('',*,*,#4855,.T.);
#6293=ORIENTED_EDGE('',*,*,#4856,.F.);
#6294=ORIENTED_EDGE('',*,*,#4857,.T.);
#6295=ORIENTED_EDGE('',*,*,#4858,.T.);
#6296=ORIENTED_EDGE('',*,*,#4859,.T.);
#6297=ORIENTED_EDGE('',*,*,#4860,.F.);
#6298=ORIENTED_EDGE('',*,*,#4861,.T.);
#6299=ORIENTED_EDGE('',*,*,#4862,.T.);
#6300=ORIENTED_EDGE('',*,*,#4863,.T.);
#6301=ORIENTED_EDGE('',*,*,#4864,.F.);
#6302=ORIENTED_EDGE('',*,*,#4865,.T.);
#6303=ORIENTED_EDGE('',*,*,#4866,.T.);
#6304=ORIENTED_EDGE('',*,*,#4867,.T.);
#6305=ORIENTED_EDGE('',*,*,#4868,.F.);
#6306=ORIENTED_EDGE('',*,*,#4869,.T.);
#6307=ORIENTED_EDGE('',*,*,#4870,.T.);
#6308=ORIENTED_EDGE('',*,*,#4871,.T.);
#6309=ORIENTED_EDGE('',*,*,#4872,.T.);
#6310=ORIENTED_EDGE('',*,*,#4873,.F.);
#6311=ORIENTED_EDGE('',*,*,#4874,.T.);
#6312=ORIENTED_EDGE('',*,*,#4875,.T.);
#6313=ORIENTED_EDGE('',*,*,#4876,.T.);
#6314=ORIENTED_EDGE('',*,*,#4877,.F.);
#6315=ORIENTED_EDGE('',*,*,#4878,.T.);
#6316=ORIENTED_EDGE('',*,*,#4879,.T.);
#6317=ORIENTED_EDGE('',*,*,#4880,.T.);
#6318=ORIENTED_EDGE('',*,*,#4881,.T.);
#6319=ORIENTED_EDGE('',*,*,#4882,.T.);
#6320=ORIENTED_EDGE('',*,*,#4883,.T.);
#6321=ORIENTED_EDGE('',*,*,#4884,.T.);
#6322=ORIENTED_EDGE('',*,*,#4885,.T.);
#6323=ORIENTED_EDGE('',*,*,#4886,.T.);
#6324=ORIENTED_EDGE('',*,*,#4887,.T.);
#6325=ORIENTED_EDGE('',*,*,#4888,.T.);
#6326=ORIENTED_EDGE('',*,*,#4889,.F.);
#6327=ORIENTED_EDGE('',*,*,#4890,.F.);
#6328=ORIENTED_EDGE('',*,*,#4891,.T.);
#6329=ORIENTED_EDGE('',*,*,#4892,.F.);
#6330=ORIENTED_EDGE('',*,*,#4893,.T.);
#6331=ORIENTED_EDGE('',*,*,#4894,.F.);
#6332=ORIENTED_EDGE('',*,*,#4895,.F.);
#6333=ORIENTED_EDGE('',*,*,#4743,.F.);
#6334=ORIENTED_EDGE('',*,*,#4896,.F.);
#6335=ORIENTED_EDGE('',*,*,#4897,.F.);
#6336=ORIENTED_EDGE('',*,*,#4898,.T.);
#6337=ORIENTED_EDGE('',*,*,#4899,.F.);
#6338=ORIENTED_EDGE('',*,*,#4900,.T.);
#6339=ORIENTED_EDGE('',*,*,#4901,.T.);
#6340=ORIENTED_EDGE('',*,*,#4755,.T.);
#6341=ORIENTED_EDGE('',*,*,#4902,.T.);
#6342=ORIENTED_EDGE('',*,*,#4903,.T.);
#6343=ORIENTED_EDGE('',*,*,#4904,.T.);
#6344=ORIENTED_EDGE('',*,*,#4905,.T.);
#6345=ORIENTED_EDGE('',*,*,#4906,.T.);
#6346=ORIENTED_EDGE('',*,*,#4907,.T.);
#6347=ORIENTED_EDGE('',*,*,#4908,.T.);
#6348=ORIENTED_EDGE('',*,*,#4909,.T.);
#6349=ORIENTED_EDGE('',*,*,#4910,.T.);
#6350=ORIENTED_EDGE('',*,*,#4911,.F.);
#6351=ORIENTED_EDGE('',*,*,#4912,.T.);
#6352=ORIENTED_EDGE('',*,*,#4913,.T.);
#6353=ORIENTED_EDGE('',*,*,#4914,.T.);
#6354=ORIENTED_EDGE('',*,*,#4915,.F.);
#6355=ORIENTED_EDGE('',*,*,#4916,.T.);
#6356=ORIENTED_EDGE('',*,*,#4917,.T.);
#6357=ORIENTED_EDGE('',*,*,#4918,.T.);
#6358=ORIENTED_EDGE('',*,*,#4919,.F.);
#6359=ORIENTED_EDGE('',*,*,#4920,.T.);
#6360=ORIENTED_EDGE('',*,*,#4921,.T.);
#6361=ORIENTED_EDGE('',*,*,#4766,.T.);
#6362=ORIENTED_EDGE('',*,*,#4771,.F.);
#6363=ORIENTED_EDGE('',*,*,#4824,.T.);
#6364=ORIENTED_EDGE('',*,*,#4922,.T.);
#6365=ORIENTED_EDGE('',*,*,#4923,.T.);
#6366=ORIENTED_EDGE('',*,*,#4924,.F.);
#6367=ORIENTED_EDGE('',*,*,#4925,.T.);
#6368=ORIENTED_EDGE('',*,*,#4926,.T.);
#6369=ORIENTED_EDGE('',*,*,#4927,.T.);
#6370=ORIENTED_EDGE('',*,*,#4928,.F.);
#6371=ORIENTED_EDGE('',*,*,#4929,.T.);
#6372=ORIENTED_EDGE('',*,*,#4930,.T.);
#6373=ORIENTED_EDGE('',*,*,#4931,.T.);
#6374=ORIENTED_EDGE('',*,*,#4932,.F.);
#6375=ORIENTED_EDGE('',*,*,#4933,.T.);
#6376=ORIENTED_EDGE('',*,*,#4934,.T.);
#6377=ORIENTED_EDGE('',*,*,#4935,.T.);
#6378=ORIENTED_EDGE('',*,*,#4936,.F.);
#6379=ORIENTED_EDGE('',*,*,#4937,.T.);
#6380=ORIENTED_EDGE('',*,*,#4938,.T.);
#6381=ORIENTED_EDGE('',*,*,#4939,.T.);
#6382=ORIENTED_EDGE('',*,*,#4940,.F.);
#6383=ORIENTED_EDGE('',*,*,#4941,.T.);
#6384=ORIENTED_EDGE('',*,*,#4942,.T.);
#6385=ORIENTED_EDGE('',*,*,#4943,.T.);
#6386=ORIENTED_EDGE('',*,*,#4944,.T.);
#6387=ORIENTED_EDGE('',*,*,#4945,.T.);
#6388=ORIENTED_EDGE('',*,*,#4946,.T.);
#6389=ORIENTED_EDGE('',*,*,#4947,.F.);
#6390=ORIENTED_EDGE('',*,*,#4948,.F.);
#6391=ORIENTED_EDGE('',*,*,#4829,.F.);
#6392=ORIENTED_EDGE('',*,*,#4949,.T.);
#6393=ORIENTED_EDGE('',*,*,#4950,.F.);
#6394=ORIENTED_EDGE('',*,*,#4951,.F.);
#6395=ORIENTED_EDGE('',*,*,#4952,.T.);
#6396=ORIENTED_EDGE('',*,*,#4953,.T.);
#6397=ORIENTED_EDGE('',*,*,#4725,.F.);
#6398=ORIENTED_EDGE('',*,*,#4954,.T.);
#6399=ORIENTED_EDGE('',*,*,#4955,.T.);
#6400=ORIENTED_EDGE('',*,*,#4956,.F.);
#6401=ORIENTED_EDGE('',*,*,#4957,.T.);
#6402=ORIENTED_EDGE('',*,*,#4958,.T.);
#6403=ORIENTED_EDGE('',*,*,#4959,.F.);
#6404=ORIENTED_EDGE('',*,*,#4960,.T.);
#6405=ORIENTED_EDGE('',*,*,#4961,.T.);
#6406=ORIENTED_EDGE('',*,*,#4962,.T.);
#6407=ORIENTED_EDGE('',*,*,#4963,.T.);
#6408=ORIENTED_EDGE('',*,*,#4964,.T.);
#6409=ORIENTED_EDGE('',*,*,#4965,.F.);
#6410=ORIENTED_EDGE('',*,*,#4966,.T.);
#6411=ORIENTED_EDGE('',*,*,#4967,.T.);
#6412=ORIENTED_EDGE('',*,*,#4968,.F.);
#6413=ORIENTED_EDGE('',*,*,#4969,.F.);
#6414=ORIENTED_EDGE('',*,*,#4970,.F.);
#6415=ORIENTED_EDGE('',*,*,#4971,.T.);
#6416=ORIENTED_EDGE('',*,*,#4972,.F.);
#6417=ORIENTED_EDGE('',*,*,#4717,.F.);
#6418=ORIENTED_EDGE('',*,*,#4973,.F.);
#6419=ORIENTED_EDGE('',*,*,#4947,.T.);
#6420=ORIENTED_EDGE('',*,*,#4974,.T.);
#6421=ORIENTED_EDGE('',*,*,#4975,.T.);
#6422=ORIENTED_EDGE('',*,*,#4976,.T.);
#6423=ORIENTED_EDGE('',*,*,#4977,.F.);
#6424=ORIENTED_EDGE('',*,*,#4962,.F.);
#6425=ORIENTED_EDGE('',*,*,#4978,.T.);
#6426=ORIENTED_EDGE('',*,*,#4956,.T.);
#6427=ORIENTED_EDGE('',*,*,#4979,.T.);
#6428=ORIENTED_EDGE('',*,*,#4951,.T.);
#6429=ORIENTED_EDGE('',*,*,#4980,.T.);
#6430=ORIENTED_EDGE('',*,*,#4981,.T.);
#6431=ORIENTED_EDGE('',*,*,#4982,.T.);
#6432=ORIENTED_EDGE('',*,*,#4983,.T.);
#6433=ORIENTED_EDGE('',*,*,#4984,.T.);
#6434=ORIENTED_EDGE('',*,*,#4985,.F.);
#6435=ORIENTED_EDGE('',*,*,#4986,.T.);
#6436=ORIENTED_EDGE('',*,*,#4987,.T.);
#6437=ORIENTED_EDGE('',*,*,#4988,.T.);
#6438=ORIENTED_EDGE('',*,*,#4989,.T.);
#6439=ORIENTED_EDGE('',*,*,#4990,.T.);
#6440=ORIENTED_EDGE('',*,*,#4991,.T.);
#6441=ORIENTED_EDGE('',*,*,#4992,.T.);
#6442=ORIENTED_EDGE('',*,*,#4993,.T.);
#6443=ORIENTED_EDGE('',*,*,#4994,.T.);
#6444=ORIENTED_EDGE('',*,*,#4995,.F.);
#6445=ORIENTED_EDGE('',*,*,#4975,.F.);
#6446=ORIENTED_EDGE('',*,*,#4996,.T.);
#6447=ORIENTED_EDGE('',*,*,#4997,.T.);
#6448=ORIENTED_EDGE('',*,*,#4998,.F.);
#6449=ORIENTED_EDGE('',*,*,#4999,.F.);
#6450=ORIENTED_EDGE('',*,*,#4984,.F.);
#6451=ORIENTED_EDGE('',*,*,#5000,.T.);
#6452=ORIENTED_EDGE('',*,*,#5001,.T.);
#6453=ORIENTED_EDGE('',*,*,#5002,.T.);
#6454=ORIENTED_EDGE('',*,*,#5003,.T.);
#6455=ORIENTED_EDGE('',*,*,#5004,.T.);
#6456=ORIENTED_EDGE('',*,*,#5005,.F.);
#6457=ORIENTED_EDGE('',*,*,#4997,.F.);
#6458=ORIENTED_EDGE('',*,*,#5006,.F.);
#6459=ORIENTED_EDGE('',*,*,#5007,.F.);
#6460=ORIENTED_EDGE('',*,*,#5008,.F.);
#6461=ORIENTED_EDGE('',*,*,#5009,.F.);
#6462=ORIENTED_EDGE('',*,*,#5010,.F.);
#6463=ORIENTED_EDGE('',*,*,#4737,.F.);
#6464=ORIENTED_EDGE('',*,*,#4695,.F.);
#6465=ORIENTED_EDGE('',*,*,#4683,.F.);
#6466=ORIENTED_EDGE('',*,*,#5011,.F.);
#6467=ORIENTED_EDGE('',*,*,#4698,.F.);
#6468=ORIENTED_EDGE('',*,*,#5012,.F.);
#6469=ORIENTED_EDGE('',*,*,#5013,.F.);
#6470=ORIENTED_EDGE('',*,*,#5014,.F.);
#6471=ORIENTED_EDGE('',*,*,#5015,.F.);
#6472=ORIENTED_EDGE('',*,*,#5016,.F.);
#6473=ORIENTED_EDGE('',*,*,#5017,.T.);
#6474=ORIENTED_EDGE('',*,*,#5018,.F.);
#6475=ORIENTED_EDGE('',*,*,#5019,.F.);
#6476=ORIENTED_EDGE('',*,*,#5020,.F.);
#6477=ORIENTED_EDGE('',*,*,#5021,.F.);
#6478=ORIENTED_EDGE('',*,*,#5022,.F.);
#6479=ORIENTED_EDGE('',*,*,#5023,.F.);
#6480=ORIENTED_EDGE('',*,*,#5024,.F.);
#6481=ORIENTED_EDGE('',*,*,#5025,.F.);
#6482=ORIENTED_EDGE('',*,*,#5026,.F.);
#6483=ORIENTED_EDGE('',*,*,#5004,.F.);
#6484=ORIENTED_EDGE('',*,*,#4739,.F.);
#6485=ORIENTED_EDGE('',*,*,#5027,.F.);
#6486=ORIENTED_EDGE('',*,*,#5028,.F.);
#6487=ORIENTED_EDGE('',*,*,#5029,.F.);
#6488=ORIENTED_EDGE('',*,*,#4703,.F.);
#6489=ORIENTED_EDGE('',*,*,#5030,.F.);
#6490=ORIENTED_EDGE('',*,*,#5031,.F.);
#6491=ORIENTED_EDGE('',*,*,#5032,.F.);
#6492=ORIENTED_EDGE('',*,*,#4731,.F.);
#6493=ORIENTED_EDGE('',*,*,#4735,.F.);
#6494=ORIENTED_EDGE('',*,*,#4714,.F.);
#6495=ORIENTED_EDGE('',*,*,#5033,.F.);
#6496=ORIENTED_EDGE('',*,*,#5034,.F.);
#6497=ORIENTED_EDGE('',*,*,#5035,.F.);
#6498=ORIENTED_EDGE('',*,*,#5036,.F.);
#6499=ORIENTED_EDGE('',*,*,#5037,.F.);
#6500=ORIENTED_EDGE('',*,*,#5038,.F.);
#6501=ORIENTED_EDGE('',*,*,#5008,.T.);
#6502=ORIENTED_EDGE('',*,*,#5007,.T.);
#6503=ORIENTED_EDGE('',*,*,#5039,.T.);
#6504=ORIENTED_EDGE('',*,*,#5040,.T.);
#6505=ORIENTED_EDGE('',*,*,#5041,.T.);
#6506=ORIENTED_EDGE('',*,*,#5042,.T.);
#6507=ORIENTED_EDGE('',*,*,#5043,.T.);
#6508=ORIENTED_EDGE('',*,*,#5044,.F.);
#6509=ORIENTED_EDGE('',*,*,#5037,.T.);
#6510=ORIENTED_EDGE('',*,*,#5045,.T.);
#6511=ORIENTED_EDGE('',*,*,#5046,.F.);
#6512=ORIENTED_EDGE('',*,*,#5047,.F.);
#6513=ORIENTED_EDGE('',*,*,#5048,.F.);
#6514=ORIENTED_EDGE('',*,*,#4693,.F.);
#6515=ORIENTED_EDGE('',*,*,#5049,.F.);
#6516=ORIENTED_EDGE('',*,*,#5050,.F.);
#6517=ORIENTED_EDGE('',*,*,#4687,.F.);
#6518=ORIENTED_EDGE('',*,*,#4697,.F.);
#6519=ORIENTED_EDGE('',*,*,#4738,.T.);
#6520=ORIENTED_EDGE('',*,*,#5010,.T.);
#6521=ORIENTED_EDGE('',*,*,#5051,.F.);
#6522=ORIENTED_EDGE('',*,*,#5052,.T.);
#6523=ORIENTED_EDGE('',*,*,#4705,.T.);
#6524=ORIENTED_EDGE('',*,*,#5053,.F.);
#6525=ORIENTED_EDGE('',*,*,#5054,.F.);
#6526=ORIENTED_EDGE('',*,*,#5012,.T.);
#6527=ORIENTED_EDGE('',*,*,#4700,.T.);
#6528=ORIENTED_EDGE('',*,*,#5055,.F.);
#6529=ORIENTED_EDGE('',*,*,#5056,.F.);
#6530=ORIENTED_EDGE('',*,*,#4721,.F.);
#6531=ORIENTED_EDGE('',*,*,#5057,.T.);
#6532=ORIENTED_EDGE('',*,*,#5058,.T.);
#6533=ORIENTED_EDGE('',*,*,#5057,.F.);
#6534=ORIENTED_EDGE('',*,*,#4716,.F.);
#6535=ORIENTED_EDGE('',*,*,#5059,.T.);
#6536=ORIENTED_EDGE('',*,*,#4722,.T.);
#6537=ORIENTED_EDGE('',*,*,#5059,.F.);
#6538=ORIENTED_EDGE('',*,*,#5060,.T.);
#6539=ORIENTED_EDGE('',*,*,#5061,.F.);
#6540=ORIENTED_EDGE('',*,*,#5062,.F.);
#6541=ORIENTED_EDGE('',*,*,#5063,.F.);
#6542=ORIENTED_EDGE('',*,*,#5064,.F.);
#6543=ORIENTED_EDGE('',*,*,#5065,.F.);
#6544=ORIENTED_EDGE('',*,*,#5066,.F.);
#6545=ORIENTED_EDGE('',*,*,#5067,.F.);
#6546=ORIENTED_EDGE('',*,*,#5068,.F.);
#6547=ORIENTED_EDGE('',*,*,#5069,.F.);
#6548=ORIENTED_EDGE('',*,*,#5070,.F.);
#6549=ORIENTED_EDGE('',*,*,#5071,.F.);
#6550=ORIENTED_EDGE('',*,*,#5072,.F.);
#6551=ORIENTED_EDGE('',*,*,#5073,.F.);
#6552=ORIENTED_EDGE('',*,*,#4708,.F.);
#6553=ORIENTED_EDGE('',*,*,#5074,.F.);
#6554=ORIENTED_EDGE('',*,*,#5075,.F.);
#6555=ORIENTED_EDGE('',*,*,#5076,.F.);
#6556=ORIENTED_EDGE('',*,*,#5077,.F.);
#6557=ORIENTED_EDGE('',*,*,#5078,.F.);
#6558=ORIENTED_EDGE('',*,*,#5071,.T.);
#6559=ORIENTED_EDGE('',*,*,#5079,.F.);
#6560=ORIENTED_EDGE('',*,*,#5080,.T.);
#6561=ORIENTED_EDGE('',*,*,#5081,.T.);
#6562=ORIENTED_EDGE('',*,*,#5077,.T.);
#6563=ORIENTED_EDGE('',*,*,#5082,.F.);
#6564=ORIENTED_EDGE('',*,*,#5083,.T.);
#6565=ORIENTED_EDGE('',*,*,#5084,.T.);
#6566=ORIENTED_EDGE('',*,*,#5085,.T.);
#6567=ORIENTED_EDGE('',*,*,#5086,.T.);
#6568=ORIENTED_EDGE('',*,*,#5087,.T.);
#6569=ORIENTED_EDGE('',*,*,#5088,.T.);
#6570=ORIENTED_EDGE('',*,*,#5089,.F.);
#6571=ORIENTED_EDGE('',*,*,#5090,.F.);
#6572=ORIENTED_EDGE('',*,*,#4710,.T.);
#6573=ORIENTED_EDGE('',*,*,#5091,.T.);
#6574=ORIENTED_EDGE('',*,*,#5090,.T.);
#6575=ORIENTED_EDGE('',*,*,#5092,.F.);
#6576=ORIENTED_EDGE('',*,*,#5062,.T.);
#6577=ORIENTED_EDGE('',*,*,#5093,.F.);
#6578=ORIENTED_EDGE('',*,*,#5094,.T.);
#6579=ORIENTED_EDGE('',*,*,#5095,.T.);
#6580=ORIENTED_EDGE('',*,*,#5096,.F.);
#6581=ORIENTED_EDGE('',*,*,#5097,.T.);
#6582=ORIENTED_EDGE('',*,*,#5098,.T.);
#6583=ORIENTED_EDGE('',*,*,#5099,.F.);
#6584=ORIENTED_EDGE('',*,*,#5100,.F.);
#6585=ORIENTED_EDGE('',*,*,#5101,.F.);
#6586=ORIENTED_EDGE('',*,*,#5053,.T.);
#6587=ORIENTED_EDGE('',*,*,#4711,.T.);
#6588=ORIENTED_EDGE('',*,*,#5102,.F.);
#6589=ORIENTED_EDGE('',*,*,#5103,.T.);
#6590=ORIENTED_EDGE('',*,*,#5104,.F.);
#6591=ORIENTED_EDGE('',*,*,#5105,.F.);
#6592=ORIENTED_EDGE('',*,*,#5074,.T.);
#6593=ORIENTED_EDGE('',*,*,#5106,.T.);
#6594=ORIENTED_EDGE('',*,*,#5107,.F.);
#6595=ORIENTED_EDGE('',*,*,#5108,.T.);
#6596=ORIENTED_EDGE('',*,*,#5109,.F.);
#6597=ORIENTED_EDGE('',*,*,#5110,.T.);
#6598=ORIENTED_EDGE('',*,*,#5111,.T.);
#6599=ORIENTED_EDGE('',*,*,#5112,.T.);
#6600=ORIENTED_EDGE('',*,*,#5113,.F.);
#6601=ORIENTED_EDGE('',*,*,#5114,.T.);
#6602=ORIENTED_EDGE('',*,*,#5107,.T.);
#6603=ORIENTED_EDGE('',*,*,#5115,.F.);
#6604=ORIENTED_EDGE('',*,*,#5116,.T.);
#6605=ORIENTED_EDGE('',*,*,#5117,.F.);
#6606=ORIENTED_EDGE('',*,*,#5118,.F.);
#6607=ORIENTED_EDGE('',*,*,#5021,.T.);
#6608=ORIENTED_EDGE('',*,*,#5028,.T.);
#6609=ORIENTED_EDGE('',*,*,#5119,.T.);
#6610=ORIENTED_EDGE('',*,*,#5120,.F.);
#6611=ORIENTED_EDGE('',*,*,#5121,.F.);
#6612=ORIENTED_EDGE('',*,*,#5122,.F.);
#6613=ORIENTED_EDGE('',*,*,#5034,.T.);
#6614=ORIENTED_EDGE('',*,*,#5123,.T.);
#6615=ORIENTED_EDGE('',*,*,#5124,.T.);
#6616=ORIENTED_EDGE('',*,*,#5122,.T.);
#6617=ORIENTED_EDGE('',*,*,#5125,.F.);
#6618=ORIENTED_EDGE('',*,*,#5126,.F.);
#6619=ORIENTED_EDGE('',*,*,#5035,.T.);
#6620=ORIENTED_EDGE('',*,*,#5033,.T.);
#6621=ORIENTED_EDGE('',*,*,#4713,.T.);
#6622=ORIENTED_EDGE('',*,*,#5127,.T.);
#6623=ORIENTED_EDGE('',*,*,#5123,.F.);
#6624=ORIENTED_EDGE('',*,*,#5126,.T.);
#6625=ORIENTED_EDGE('',*,*,#5128,.F.);
#6626=ORIENTED_EDGE('',*,*,#4740,.F.);
#6627=ORIENTED_EDGE('',*,*,#5036,.T.);
#6628=ORIENTED_EDGE('',*,*,#5027,.T.);
#6629=ORIENTED_EDGE('',*,*,#4742,.T.);
#6630=ORIENTED_EDGE('',*,*,#5129,.F.);
#6631=ORIENTED_EDGE('',*,*,#5119,.F.);
#6632=ORIENTED_EDGE('',*,*,#5032,.T.);
#6633=ORIENTED_EDGE('',*,*,#5130,.T.);
#6634=ORIENTED_EDGE('',*,*,#5131,.F.);
#6635=ORIENTED_EDGE('',*,*,#4732,.F.);
#6636=ORIENTED_EDGE('',*,*,#4702,.T.);
#6637=ORIENTED_EDGE('',*,*,#5132,.F.);
#6638=ORIENTED_EDGE('',*,*,#5133,.F.);
#6639=ORIENTED_EDGE('',*,*,#5030,.T.);
#6640=ORIENTED_EDGE('',*,*,#5134,.T.);
#6641=ORIENTED_EDGE('',*,*,#5135,.F.);
#6642=ORIENTED_EDGE('',*,*,#5136,.T.);
#6643=ORIENTED_EDGE('',*,*,#5137,.T.);
#6644=ORIENTED_EDGE('',*,*,#5136,.F.);
#6645=ORIENTED_EDGE('',*,*,#5138,.F.);
#6646=ORIENTED_EDGE('',*,*,#4979,.F.);
#6647=ORIENTED_EDGE('',*,*,#5139,.F.);
#6648=ORIENTED_EDGE('',*,*,#5140,.T.);
#6649=ORIENTED_EDGE('',*,*,#5141,.T.);
#6650=ORIENTED_EDGE('',*,*,#5142,.T.);
#6651=ORIENTED_EDGE('',*,*,#5143,.T.);
#6652=ORIENTED_EDGE('',*,*,#5144,.T.);
#6653=ORIENTED_EDGE('',*,*,#5145,.T.);
#6654=ORIENTED_EDGE('',*,*,#5146,.T.);
#6655=ORIENTED_EDGE('',*,*,#5147,.T.);
#6656=ORIENTED_EDGE('',*,*,#5148,.T.);
#6657=ORIENTED_EDGE('',*,*,#5100,.T.);
#6658=ORIENTED_EDGE('',*,*,#5149,.F.);
#6659=ORIENTED_EDGE('',*,*,#5014,.T.);
#6660=ORIENTED_EDGE('',*,*,#5150,.F.);
#6661=ORIENTED_EDGE('',*,*,#5151,.T.);
#6662=ORIENTED_EDGE('',*,*,#5152,.F.);
#6663=ORIENTED_EDGE('',*,*,#4998,.T.);
#6664=ORIENTED_EDGE('',*,*,#5005,.T.);
#6665=ORIENTED_EDGE('',*,*,#5026,.T.);
#6666=ORIENTED_EDGE('',*,*,#5153,.F.);
#6667=ORIENTED_EDGE('',*,*,#5154,.T.);
#6668=ORIENTED_EDGE('',*,*,#5155,.T.);
#6669=ORIENTED_EDGE('',*,*,#5156,.T.);
#6670=ORIENTED_EDGE('',*,*,#5157,.T.);
#6671=ORIENTED_EDGE('',*,*,#5158,.T.);
#6672=ORIENTED_EDGE('',*,*,#5159,.T.);
#6673=ORIENTED_EDGE('',*,*,#5160,.T.);
#6674=ORIENTED_EDGE('',*,*,#5161,.T.);
#6675=ORIENTED_EDGE('',*,*,#5162,.T.);
#6676=ORIENTED_EDGE('',*,*,#5163,.T.);
#6677=ORIENTED_EDGE('',*,*,#4986,.F.);
#6678=ORIENTED_EDGE('',*,*,#5164,.F.);
#6679=ORIENTED_EDGE('',*,*,#5151,.F.);
#6680=ORIENTED_EDGE('',*,*,#5165,.F.);
#6681=ORIENTED_EDGE('',*,*,#4832,.F.);
#6682=ORIENTED_EDGE('',*,*,#5166,.F.);
#6683=ORIENTED_EDGE('',*,*,#4971,.F.);
#6684=ORIENTED_EDGE('',*,*,#5167,.F.);
#6685=ORIENTED_EDGE('',*,*,#5168,.T.);
#6686=ORIENTED_EDGE('',*,*,#5169,.T.);
#6687=ORIENTED_EDGE('',*,*,#4882,.F.);
#6688=ORIENTED_EDGE('',*,*,#5170,.T.);
#6689=ORIENTED_EDGE('',*,*,#4880,.F.);
#6690=ORIENTED_EDGE('',*,*,#5171,.F.);
#6691=ORIENTED_EDGE('',*,*,#5172,.F.);
#6692=ORIENTED_EDGE('',*,*,#5173,.F.);
#6693=ORIENTED_EDGE('',*,*,#5174,.F.);
#6694=ORIENTED_EDGE('',*,*,#5175,.T.);
#6695=ORIENTED_EDGE('',*,*,#5176,.F.);
#6696=ORIENTED_EDGE('',*,*,#4875,.F.);
#6697=ORIENTED_EDGE('',*,*,#5177,.F.);
#6698=ORIENTED_EDGE('',*,*,#5178,.F.);
#6699=ORIENTED_EDGE('',*,*,#5172,.T.);
#6700=ORIENTED_EDGE('',*,*,#5179,.T.);
#6701=ORIENTED_EDGE('',*,*,#5180,.T.);
#6702=ORIENTED_EDGE('',*,*,#5181,.F.);
#6703=ORIENTED_EDGE('',*,*,#5182,.T.);
#6704=ORIENTED_EDGE('',*,*,#5174,.T.);
#6705=ORIENTED_EDGE('',*,*,#5183,.T.);
#6706=ORIENTED_EDGE('',*,*,#5184,.F.);
#6707=ORIENTED_EDGE('',*,*,#5185,.T.);
#6708=ORIENTED_EDGE('',*,*,#5186,.T.);
#6709=ORIENTED_EDGE('',*,*,#5187,.T.);
#6710=ORIENTED_EDGE('',*,*,#5188,.T.);
#6711=ORIENTED_EDGE('',*,*,#5189,.F.);
#6712=ORIENTED_EDGE('',*,*,#5190,.T.);
#6713=ORIENTED_EDGE('',*,*,#5191,.T.);
#6714=ORIENTED_EDGE('',*,*,#5192,.T.);
#6715=ORIENTED_EDGE('',*,*,#5193,.F.);
#6716=ORIENTED_EDGE('',*,*,#5194,.T.);
#6717=ORIENTED_EDGE('',*,*,#5195,.T.);
#6718=ORIENTED_EDGE('',*,*,#5196,.T.);
#6719=ORIENTED_EDGE('',*,*,#5197,.F.);
#6720=ORIENTED_EDGE('',*,*,#5198,.T.);
#6721=ORIENTED_EDGE('',*,*,#5199,.T.);
#6722=ORIENTED_EDGE('',*,*,#5200,.T.);
#6723=ORIENTED_EDGE('',*,*,#5201,.F.);
#6724=ORIENTED_EDGE('',*,*,#5202,.T.);
#6725=ORIENTED_EDGE('',*,*,#5203,.T.);
#6726=ORIENTED_EDGE('',*,*,#5204,.T.);
#6727=ORIENTED_EDGE('',*,*,#5205,.F.);
#6728=ORIENTED_EDGE('',*,*,#5206,.T.);
#6729=ORIENTED_EDGE('',*,*,#5207,.T.);
#6730=ORIENTED_EDGE('',*,*,#5208,.T.);
#6731=ORIENTED_EDGE('',*,*,#5209,.F.);
#6732=ORIENTED_EDGE('',*,*,#5210,.T.);
#6733=ORIENTED_EDGE('',*,*,#5211,.T.);
#6734=ORIENTED_EDGE('',*,*,#5212,.T.);
#6735=ORIENTED_EDGE('',*,*,#5213,.F.);
#6736=ORIENTED_EDGE('',*,*,#5214,.T.);
#6737=ORIENTED_EDGE('',*,*,#5215,.T.);
#6738=ORIENTED_EDGE('',*,*,#5216,.T.);
#6739=ORIENTED_EDGE('',*,*,#5217,.F.);
#6740=ORIENTED_EDGE('',*,*,#5218,.T.);
#6741=ORIENTED_EDGE('',*,*,#5219,.T.);
#6742=ORIENTED_EDGE('',*,*,#5220,.F.);
#6743=ORIENTED_EDGE('',*,*,#5221,.F.);
#6744=ORIENTED_EDGE('',*,*,#5222,.T.);
#6745=ORIENTED_EDGE('',*,*,#5223,.F.);
#6746=ORIENTED_EDGE('',*,*,#5224,.T.);
#6747=ORIENTED_EDGE('',*,*,#5225,.T.);
#6748=ORIENTED_EDGE('',*,*,#5168,.F.);
#6749=ORIENTED_EDGE('',*,*,#5226,.F.);
#6750=ORIENTED_EDGE('',*,*,#5227,.F.);
#6751=ORIENTED_EDGE('',*,*,#5228,.T.);
#6752=ORIENTED_EDGE('',*,*,#5223,.T.);
#6753=ORIENTED_EDGE('',*,*,#5229,.T.);
#6754=ORIENTED_EDGE('',*,*,#5230,.T.);
#6755=ORIENTED_EDGE('',*,*,#4885,.F.);
#6756=ORIENTED_EDGE('',*,*,#5231,.T.);
#6757=ORIENTED_EDGE('',*,*,#5227,.T.);
#6758=ORIENTED_EDGE('',*,*,#5232,.T.);
#6759=ORIENTED_EDGE('',*,*,#5233,.F.);
#6760=ORIENTED_EDGE('',*,*,#5234,.T.);
#6761=ORIENTED_EDGE('',*,*,#5235,.T.);
#6762=ORIENTED_EDGE('',*,*,#5236,.T.);
#6763=ORIENTED_EDGE('',*,*,#4892,.T.);
#6764=ORIENTED_EDGE('',*,*,#5237,.T.);
#6765=ORIENTED_EDGE('',*,*,#5238,.T.);
#6766=ORIENTED_EDGE('',*,*,#5239,.T.);
#6767=ORIENTED_EDGE('',*,*,#5240,.T.);
#6768=ORIENTED_EDGE('',*,*,#5241,.T.);
#6769=ORIENTED_EDGE('',*,*,#5242,.T.);
#6770=ORIENTED_EDGE('',*,*,#5243,.T.);
#6771=ORIENTED_EDGE('',*,*,#5244,.F.);
#6772=ORIENTED_EDGE('',*,*,#5245,.T.);
#6773=ORIENTED_EDGE('',*,*,#5233,.T.);
#6774=ORIENTED_EDGE('',*,*,#5246,.F.);
#6775=ORIENTED_EDGE('',*,*,#5247,.T.);
#6776=ORIENTED_EDGE('',*,*,#5248,.T.);
#6777=ORIENTED_EDGE('',*,*,#5238,.F.);
#6778=ORIENTED_EDGE('',*,*,#5249,.T.);
#6779=ORIENTED_EDGE('',*,*,#5250,.T.);
#6780=ORIENTED_EDGE('',*,*,#5251,.T.);
#6781=ORIENTED_EDGE('',*,*,#5252,.T.);
#6782=ORIENTED_EDGE('',*,*,#5253,.T.);
#6783=ORIENTED_EDGE('',*,*,#5254,.F.);
#6784=ORIENTED_EDGE('',*,*,#5255,.T.);
#6785=ORIENTED_EDGE('',*,*,#5256,.T.);
#6786=ORIENTED_EDGE('',*,*,#5257,.T.);
#6787=ORIENTED_EDGE('',*,*,#5258,.T.);
#6788=ORIENTED_EDGE('',*,*,#5259,.T.);
#6789=ORIENTED_EDGE('',*,*,#5073,.T.);
#6790=ORIENTED_EDGE('',*,*,#5260,.F.);
#6791=ORIENTED_EDGE('',*,*,#5080,.F.);
#6792=ORIENTED_EDGE('',*,*,#4709,.T.);
#6793=ORIENTED_EDGE('',*,*,#5098,.F.);
#6794=ORIENTED_EDGE('',*,*,#5261,.F.);
#6795=ORIENTED_EDGE('',*,*,#5110,.F.);
#6796=ORIENTED_EDGE('',*,*,#5262,.F.);
#6797=ORIENTED_EDGE('',*,*,#5263,.T.);
#6798=ORIENTED_EDGE('',*,*,#5264,.T.);
#6799=ORIENTED_EDGE('',*,*,#5265,.F.);
#6800=ORIENTED_EDGE('',*,*,#5266,.T.);
#6801=ORIENTED_EDGE('',*,*,#5267,.F.);
#6802=ORIENTED_EDGE('',*,*,#5268,.F.);
#6803=ORIENTED_EDGE('',*,*,#5263,.F.);
#6804=ORIENTED_EDGE('',*,*,#5269,.F.);
#6805=ORIENTED_EDGE('',*,*,#5106,.F.);
#6806=ORIENTED_EDGE('',*,*,#5076,.T.);
#6807=ORIENTED_EDGE('',*,*,#5270,.T.);
#6808=ORIENTED_EDGE('',*,*,#5271,.F.);
#6809=ORIENTED_EDGE('',*,*,#5270,.F.);
#6810=ORIENTED_EDGE('',*,*,#5075,.T.);
#6811=ORIENTED_EDGE('',*,*,#5102,.T.);
#6812=ORIENTED_EDGE('',*,*,#5272,.T.);
#6813=ORIENTED_EDGE('',*,*,#5265,.T.);
#6814=ORIENTED_EDGE('',*,*,#5273,.T.);
#6815=ORIENTED_EDGE('',*,*,#5271,.T.);
#6816=ORIENTED_EDGE('',*,*,#5274,.T.);
#6817=ORIENTED_EDGE('',*,*,#5275,.T.);
#6818=ORIENTED_EDGE('',*,*,#5276,.F.);
#6819=ORIENTED_EDGE('',*,*,#5277,.T.);
#6820=ORIENTED_EDGE('',*,*,#5278,.T.);
#6821=ORIENTED_EDGE('',*,*,#5279,.T.);
#6822=ORIENTED_EDGE('',*,*,#5280,.T.);
#6823=ORIENTED_EDGE('',*,*,#5281,.T.);
#6824=ORIENTED_EDGE('',*,*,#5282,.T.);
#6825=ORIENTED_EDGE('',*,*,#5283,.T.);
#6826=ORIENTED_EDGE('',*,*,#5284,.F.);
#6827=ORIENTED_EDGE('',*,*,#5285,.F.);
#6828=ORIENTED_EDGE('',*,*,#5286,.T.);
#6829=ORIENTED_EDGE('',*,*,#5287,.T.);
#6830=ORIENTED_EDGE('',*,*,#5288,.T.);
#6831=ORIENTED_EDGE('',*,*,#5289,.T.);
#6832=ORIENTED_EDGE('',*,*,#5290,.T.);
#6833=ORIENTED_EDGE('',*,*,#5291,.T.);
#6834=ORIENTED_EDGE('',*,*,#5292,.T.);
#6835=ORIENTED_EDGE('',*,*,#5293,.T.);
#6836=ORIENTED_EDGE('',*,*,#5294,.T.);
#6837=ORIENTED_EDGE('',*,*,#5295,.T.);
#6838=ORIENTED_EDGE('',*,*,#5296,.F.);
#6839=ORIENTED_EDGE('',*,*,#5297,.T.);
#6840=ORIENTED_EDGE('',*,*,#5274,.F.);
#6841=ORIENTED_EDGE('',*,*,#5298,.T.);
#6842=ORIENTED_EDGE('',*,*,#5299,.T.);
#6843=ORIENTED_EDGE('',*,*,#5300,.T.);
#6844=ORIENTED_EDGE('',*,*,#5301,.T.);
#6845=ORIENTED_EDGE('',*,*,#5302,.F.);
#6846=ORIENTED_EDGE('',*,*,#5303,.F.);
#6847=ORIENTED_EDGE('',*,*,#5295,.F.);
#6848=ORIENTED_EDGE('',*,*,#5304,.F.);
#6849=ORIENTED_EDGE('',*,*,#5305,.T.);
#6850=ORIENTED_EDGE('',*,*,#5306,.F.);
#6851=ORIENTED_EDGE('',*,*,#5276,.T.);
#6852=ORIENTED_EDGE('',*,*,#5307,.F.);
#6853=ORIENTED_EDGE('',*,*,#5308,.T.);
#6854=ORIENTED_EDGE('',*,*,#5302,.T.);
#6855=ORIENTED_EDGE('',*,*,#5309,.T.);
#6856=ORIENTED_EDGE('',*,*,#5310,.F.);
#6857=ORIENTED_EDGE('',*,*,#5285,.T.);
#6858=ORIENTED_EDGE('',*,*,#5311,.T.);
#6859=ORIENTED_EDGE('',*,*,#5312,.T.);
#6860=ORIENTED_EDGE('',*,*,#5313,.T.);
#6861=ORIENTED_EDGE('',*,*,#5314,.T.);
#6862=ORIENTED_EDGE('',*,*,#5315,.T.);
#6863=ORIENTED_EDGE('',*,*,#5316,.T.);
#6864=ORIENTED_EDGE('',*,*,#5317,.T.);
#6865=ORIENTED_EDGE('',*,*,#5318,.T.);
#6866=ORIENTED_EDGE('',*,*,#5319,.T.);
#6867=ORIENTED_EDGE('',*,*,#5320,.T.);
#6868=ORIENTED_EDGE('',*,*,#5321,.F.);
#6869=ORIENTED_EDGE('',*,*,#5322,.F.);
#6870=ORIENTED_EDGE('',*,*,#5323,.F.);
#6871=ORIENTED_EDGE('',*,*,#5324,.F.);
#6872=ORIENTED_EDGE('',*,*,#5325,.F.);
#6873=ORIENTED_EDGE('',*,*,#5326,.T.);
#6874=ORIENTED_EDGE('',*,*,#5327,.F.);
#6875=ORIENTED_EDGE('',*,*,#5328,.T.);
#6876=ORIENTED_EDGE('',*,*,#5242,.F.);
#6877=ORIENTED_EDGE('',*,*,#5329,.F.);
#6878=ORIENTED_EDGE('',*,*,#5330,.F.);
#6879=ORIENTED_EDGE('',*,*,#5331,.F.);
#6880=ORIENTED_EDGE('',*,*,#5332,.F.);
#6881=ORIENTED_EDGE('',*,*,#5333,.F.);
#6882=ORIENTED_EDGE('',*,*,#5305,.F.);
#6883=ORIENTED_EDGE('',*,*,#5334,.F.);
#6884=ORIENTED_EDGE('',*,*,#5335,.F.);
#6885=ORIENTED_EDGE('',*,*,#5336,.F.);
#6886=ORIENTED_EDGE('',*,*,#5337,.F.);
#6887=ORIENTED_EDGE('',*,*,#5338,.F.);
#6888=ORIENTED_EDGE('',*,*,#5339,.T.);
#6889=ORIENTED_EDGE('',*,*,#5340,.F.);
#6890=ORIENTED_EDGE('',*,*,#5341,.F.);
#6891=ORIENTED_EDGE('',*,*,#5321,.T.);
#6892=ORIENTED_EDGE('',*,*,#5342,.T.);
#6893=ORIENTED_EDGE('',*,*,#5343,.T.);
#6894=ORIENTED_EDGE('',*,*,#5344,.T.);
#6895=ORIENTED_EDGE('',*,*,#4751,.T.);
#6896=ORIENTED_EDGE('',*,*,#5345,.F.);
#6897=ORIENTED_EDGE('',*,*,#5346,.T.);
#6898=ORIENTED_EDGE('',*,*,#5347,.T.);
#6899=ORIENTED_EDGE('',*,*,#4747,.T.);
#6900=ORIENTED_EDGE('',*,*,#5348,.T.);
#6901=ORIENTED_EDGE('',*,*,#5339,.F.);
#6902=ORIENTED_EDGE('',*,*,#4746,.T.);
#6903=ORIENTED_EDGE('',*,*,#5060,.F.);
#6904=ORIENTED_EDGE('',*,*,#4707,.F.);
#6905=ORIENTED_EDGE('',*,*,#5349,.T.);
#6906=ORIENTED_EDGE('',*,*,#5350,.F.);
#6907=ORIENTED_EDGE('',*,*,#5040,.F.);
#6908=ORIENTED_EDGE('',*,*,#5351,.F.);
#6909=ORIENTED_EDGE('',*,*,#5002,.F.);
#6910=ORIENTED_EDGE('',*,*,#5352,.T.);
#6911=ORIENTED_EDGE('',*,*,#4981,.F.);
#6912=ORIENTED_EDGE('',*,*,#5353,.T.);
#6913=ORIENTED_EDGE('',*,*,#5354,.F.);
#6914=ORIENTED_EDGE('',*,*,#5355,.T.);
#6915=ORIENTED_EDGE('',*,*,#5356,.F.);
#6916=ORIENTED_EDGE('',*,*,#5283,.F.);
#6917=ORIENTED_EDGE('',*,*,#5357,.F.);
#6918=ORIENTED_EDGE('',*,*,#5256,.F.);
#6919=ORIENTED_EDGE('',*,*,#5358,.F.);
#6920=ORIENTED_EDGE('',*,*,#5359,.F.);
#6921=ORIENTED_EDGE('',*,*,#5360,.F.);
#6922=ORIENTED_EDGE('',*,*,#5252,.F.);
#6923=ORIENTED_EDGE('',*,*,#5361,.F.);
#6924=ORIENTED_EDGE('',*,*,#5140,.F.);
#6925=ORIENTED_EDGE('',*,*,#5362,.T.);
#6926=ORIENTED_EDGE('',*,*,#5363,.F.);
#6927=ORIENTED_EDGE('',*,*,#5364,.F.);
#6928=ORIENTED_EDGE('',*,*,#5365,.F.);
#6929=ORIENTED_EDGE('',*,*,#5366,.F.);
#6930=ORIENTED_EDGE('',*,*,#5367,.F.);
#6931=ORIENTED_EDGE('',*,*,#5368,.T.);
#6932=ORIENTED_EDGE('',*,*,#5369,.T.);
#6933=ORIENTED_EDGE('',*,*,#5370,.T.);
#6934=ORIENTED_EDGE('',*,*,#4685,.T.);
#6935=ORIENTED_EDGE('',*,*,#4694,.T.);
#6936=ORIENTED_EDGE('',*,*,#4689,.T.);
#6937=ORIENTED_EDGE('',*,*,#5371,.T.);
#6938=ORIENTED_EDGE('',*,*,#5372,.T.);
#6939=ORIENTED_EDGE('',*,*,#4691,.T.);
#6940=ORIENTED_EDGE('',*,*,#5373,.T.);
#6941=ORIENTED_EDGE('',*,*,#5374,.T.);
#6942=ORIENTED_EDGE('',*,*,#4736,.T.);
#6943=ORIENTED_EDGE('',*,*,#4733,.T.);
#6944=ORIENTED_EDGE('',*,*,#5131,.T.);
#6945=ORIENTED_EDGE('',*,*,#5375,.T.);
#6946=ORIENTED_EDGE('',*,*,#5132,.T.);
#6947=ORIENTED_EDGE('',*,*,#4701,.T.);
#6948=ORIENTED_EDGE('',*,*,#5376,.T.);
#6949=ORIENTED_EDGE('',*,*,#5120,.T.);
#6950=ORIENTED_EDGE('',*,*,#5129,.T.);
#6951=ORIENTED_EDGE('',*,*,#4741,.T.);
#6952=ORIENTED_EDGE('',*,*,#5128,.T.);
#6953=ORIENTED_EDGE('',*,*,#5125,.T.);
#6954=ORIENTED_EDGE('',*,*,#5124,.F.);
#6955=ORIENTED_EDGE('',*,*,#5127,.F.);
#6956=ORIENTED_EDGE('',*,*,#4712,.T.);
#6957=ORIENTED_EDGE('',*,*,#5377,.F.);
#6958=ORIENTED_EDGE('',*,*,#5378,.F.);
#6959=ORIENTED_EDGE('',*,*,#5379,.F.);
#6960=ORIENTED_EDGE('',*,*,#5380,.F.);
#6961=ORIENTED_EDGE('',*,*,#5381,.F.);
#6962=ORIENTED_EDGE('',*,*,#5382,.F.);
#6963=ORIENTED_EDGE('',*,*,#5383,.F.);
#6964=ORIENTED_EDGE('',*,*,#5384,.F.);
#6965=ORIENTED_EDGE('',*,*,#5385,.F.);
#6966=ORIENTED_EDGE('',*,*,#5386,.F.);
#6967=ORIENTED_EDGE('',*,*,#5387,.T.);
#6968=ORIENTED_EDGE('',*,*,#5058,.F.);
#6969=ORIENTED_EDGE('',*,*,#5291,.F.);
#6970=ORIENTED_EDGE('',*,*,#5388,.F.);
#6971=ORIENTED_EDGE('',*,*,#5389,.T.);
#6972=ORIENTED_EDGE('',*,*,#5390,.T.);
#6973=ORIENTED_EDGE('',*,*,#5391,.T.);
#6974=ORIENTED_EDGE('',*,*,#5290,.F.);
#6975=ORIENTED_EDGE('',*,*,#5392,.F.);
#6976=ORIENTED_EDGE('',*,*,#5393,.T.);
#6977=ORIENTED_EDGE('',*,*,#5394,.T.);
#6978=ORIENTED_EDGE('',*,*,#5395,.T.);
#6979=ORIENTED_EDGE('',*,*,#5396,.T.);
#6980=ORIENTED_EDGE('',*,*,#5311,.F.);
#6981=ORIENTED_EDGE('',*,*,#5284,.T.);
#6982=ORIENTED_EDGE('',*,*,#5356,.T.);
#6983=ORIENTED_EDGE('',*,*,#5397,.T.);
#6984=ORIENTED_EDGE('',*,*,#5398,.F.);
#6985=ORIENTED_EDGE('',*,*,#5246,.T.);
#6986=ORIENTED_EDGE('',*,*,#5241,.F.);
#6987=ORIENTED_EDGE('',*,*,#5399,.T.);
#6988=ORIENTED_EDGE('',*,*,#5319,.F.);
#6989=ORIENTED_EDGE('',*,*,#5400,.T.);
#6990=ORIENTED_EDGE('',*,*,#5247,.F.);
#6991=ORIENTED_EDGE('',*,*,#5398,.T.);
#6992=ORIENTED_EDGE('',*,*,#5318,.F.);
#6993=ORIENTED_EDGE('',*,*,#5401,.F.);
#6994=ORIENTED_EDGE('',*,*,#5345,.T.);
#6995=ORIENTED_EDGE('',*,*,#4750,.F.);
#6996=ORIENTED_EDGE('',*,*,#5402,.T.);
#6997=ORIENTED_EDGE('',*,*,#5315,.F.);
#6998=ORIENTED_EDGE('',*,*,#5403,.T.);
#6999=ORIENTED_EDGE('',*,*,#5346,.F.);
#7000=ORIENTED_EDGE('',*,*,#5401,.T.);
#7001=ORIENTED_EDGE('',*,*,#5314,.F.);
#7002=ORIENTED_EDGE('',*,*,#5282,.F.);
#7003=ORIENTED_EDGE('',*,*,#5404,.T.);
#7004=ORIENTED_EDGE('',*,*,#5257,.F.);
#7005=ORIENTED_EDGE('',*,*,#5357,.T.);
#7006=ORIENTED_EDGE('',*,*,#5281,.F.);
#7007=ORIENTED_EDGE('',*,*,#5405,.T.);
#7008=ORIENTED_EDGE('',*,*,#5406,.F.);
#7009=ORIENTED_EDGE('',*,*,#5142,.F.);
#7010=ORIENTED_EDGE('',*,*,#5407,.T.);
#7011=ORIENTED_EDGE('',*,*,#5258,.F.);
#7012=ORIENTED_EDGE('',*,*,#5404,.F.);
#7013=ORIENTED_EDGE('',*,*,#5280,.F.);
#7014=ORIENTED_EDGE('',*,*,#5408,.F.);
#7015=ORIENTED_EDGE('',*,*,#5409,.F.);
#7016=ORIENTED_EDGE('',*,*,#5410,.F.);
#7017=ORIENTED_EDGE('',*,*,#5411,.F.);
#7018=ORIENTED_EDGE('',*,*,#5412,.T.);
#7019=ORIENTED_EDGE('',*,*,#5413,.F.);
#7020=ORIENTED_EDGE('',*,*,#5414,.F.);
#7021=ORIENTED_EDGE('',*,*,#5415,.T.);
#7022=ORIENTED_EDGE('',*,*,#5405,.F.);
#7023=ORIENTED_EDGE('',*,*,#5279,.F.);
#7024=ORIENTED_EDGE('',*,*,#5416,.F.);
#7025=ORIENTED_EDGE('',*,*,#5417,.F.);
#7026=ORIENTED_EDGE('',*,*,#5418,.F.);
#7027=ORIENTED_EDGE('',*,*,#5419,.F.);
#7028=ORIENTED_EDGE('',*,*,#5420,.F.);
#7029=ORIENTED_EDGE('',*,*,#5421,.F.);
#7030=ORIENTED_EDGE('',*,*,#5422,.F.);
#7031=ORIENTED_EDGE('',*,*,#5423,.T.);
#7032=ORIENTED_EDGE('',*,*,#5424,.F.);
#7033=ORIENTED_EDGE('',*,*,#5412,.F.);
#7034=ORIENTED_EDGE('',*,*,#5425,.F.);
#7035=ORIENTED_EDGE('',*,*,#5426,.F.);
#7036=ORIENTED_EDGE('',*,*,#5427,.F.);
#7037=ORIENTED_EDGE('',*,*,#5408,.T.);
#7038=ORIENTED_EDGE('',*,*,#5278,.F.);
#7039=ORIENTED_EDGE('',*,*,#5428,.F.);
#7040=ORIENTED_EDGE('',*,*,#5429,.T.);
#7041=ORIENTED_EDGE('',*,*,#5416,.T.);
#7042=ORIENTED_EDGE('',*,*,#5402,.F.);
#7043=ORIENTED_EDGE('',*,*,#4749,.F.);
#7044=ORIENTED_EDGE('',*,*,#5430,.T.);
#7045=ORIENTED_EDGE('',*,*,#5316,.F.);
#7046=ORIENTED_EDGE('',*,*,#5378,.T.);
#7047=ORIENTED_EDGE('',*,*,#5431,.T.);
#7048=ORIENTED_EDGE('',*,*,#5395,.F.);
#7049=ORIENTED_EDGE('',*,*,#5431,.F.);
#7050=ORIENTED_EDGE('',*,*,#5386,.T.);
#7051=ORIENTED_EDGE('',*,*,#5432,.T.);
#7052=ORIENTED_EDGE('',*,*,#5391,.F.);
#7053=ORIENTED_EDGE('',*,*,#5432,.F.);
#7054=ORIENTED_EDGE('',*,*,#5433,.F.);
#7055=ORIENTED_EDGE('',*,*,#5239,.F.);
#7056=ORIENTED_EDGE('',*,*,#5248,.F.);
#7057=ORIENTED_EDGE('',*,*,#5400,.F.);
#7058=ORIENTED_EDGE('',*,*,#5317,.F.);
#7059=ORIENTED_EDGE('',*,*,#5399,.F.);
#7060=ORIENTED_EDGE('',*,*,#5240,.F.);
#7061=ORIENTED_EDGE('',*,*,#5433,.T.);
#7062=ORIENTED_EDGE('',*,*,#5320,.F.);
#7063=ORIENTED_EDGE('',*,*,#5430,.F.);
#7064=ORIENTED_EDGE('',*,*,#4748,.F.);
#7065=ORIENTED_EDGE('',*,*,#5347,.F.);
#7066=ORIENTED_EDGE('',*,*,#5403,.F.);
#7067=ORIENTED_EDGE('',*,*,#5313,.F.);
#7068=ORIENTED_EDGE('',*,*,#5387,.F.);
#7069=ORIENTED_EDGE('',*,*,#5434,.T.);
#7070=ORIENTED_EDGE('',*,*,#5435,.F.);
#7071=ORIENTED_EDGE('',*,*,#5434,.F.);
#7072=ORIENTED_EDGE('',*,*,#5436,.F.);
#7073=ORIENTED_EDGE('',*,*,#5437,.F.);
#7074=ORIENTED_EDGE('',*,*,#5438,.T.);
#7075=ORIENTED_EDGE('',*,*,#4946,.F.);
#7076=ORIENTED_EDGE('',*,*,#5438,.F.);
#7077=ORIENTED_EDGE('',*,*,#5439,.F.);
#7078=ORIENTED_EDGE('',*,*,#5440,.F.);
#7079=ORIENTED_EDGE('',*,*,#5441,.T.);
#7080=ORIENTED_EDGE('',*,*,#5442,.F.);
#7081=ORIENTED_EDGE('',*,*,#5443,.F.);
#7082=ORIENTED_EDGE('',*,*,#5444,.F.);
#7083=ORIENTED_EDGE('',*,*,#5445,.T.);
#7084=ORIENTED_EDGE('',*,*,#5446,.F.);
#7085=ORIENTED_EDGE('',*,*,#5447,.F.);
#7086=ORIENTED_EDGE('',*,*,#5448,.F.);
#7087=ORIENTED_EDGE('',*,*,#5449,.T.);
#7088=ORIENTED_EDGE('',*,*,#5450,.T.);
#7089=ORIENTED_EDGE('',*,*,#5300,.F.);
#7090=ORIENTED_EDGE('',*,*,#5450,.F.);
#7091=ORIENTED_EDGE('',*,*,#5451,.T.);
#7092=ORIENTED_EDGE('',*,*,#5452,.F.);
#7093=ORIENTED_EDGE('',*,*,#5453,.F.);
#7094=ORIENTED_EDGE('',*,*,#5454,.F.);
#7095=ORIENTED_EDGE('',*,*,#5455,.T.);
#7096=ORIENTED_EDGE('',*,*,#5456,.F.);
#7097=ORIENTED_EDGE('',*,*,#5457,.F.);
#7098=ORIENTED_EDGE('',*,*,#5458,.F.);
#7099=ORIENTED_EDGE('',*,*,#5459,.T.);
#7100=ORIENTED_EDGE('',*,*,#5460,.F.);
#7101=ORIENTED_EDGE('',*,*,#5461,.F.);
#7102=ORIENTED_EDGE('',*,*,#5462,.F.);
#7103=ORIENTED_EDGE('',*,*,#5463,.T.);
#7104=ORIENTED_EDGE('',*,*,#5464,.F.);
#7105=ORIENTED_EDGE('',*,*,#5465,.F.);
#7106=ORIENTED_EDGE('',*,*,#5466,.F.);
#7107=ORIENTED_EDGE('',*,*,#5467,.T.);
#7108=ORIENTED_EDGE('',*,*,#5468,.T.);
#7109=ORIENTED_EDGE('',*,*,#5301,.F.);
#7110=ORIENTED_EDGE('',*,*,#5468,.F.);
#7111=ORIENTED_EDGE('',*,*,#5469,.T.);
#7112=ORIENTED_EDGE('',*,*,#5470,.F.);
#7113=ORIENTED_EDGE('',*,*,#5471,.F.);
#7114=ORIENTED_EDGE('',*,*,#5472,.F.);
#7115=ORIENTED_EDGE('',*,*,#5473,.T.);
#7116=ORIENTED_EDGE('',*,*,#5474,.F.);
#7117=ORIENTED_EDGE('',*,*,#5475,.F.);
#7118=ORIENTED_EDGE('',*,*,#5476,.F.);
#7119=ORIENTED_EDGE('',*,*,#5477,.F.);
#7120=ORIENTED_EDGE('',*,*,#5478,.T.);
#7121=ORIENTED_EDGE('',*,*,#5379,.T.);
#7122=ORIENTED_EDGE('',*,*,#5478,.F.);
#7123=ORIENTED_EDGE('',*,*,#4791,.F.);
#7124=ORIENTED_EDGE('',*,*,#5479,.T.);
#7125=ORIENTED_EDGE('',*,*,#4902,.F.);
#7126=ORIENTED_EDGE('',*,*,#4754,.F.);
#7127=ORIENTED_EDGE('',*,*,#4758,.F.);
#7128=ORIENTED_EDGE('',*,*,#4727,.F.);
#7129=ORIENTED_EDGE('',*,*,#4728,.F.);
#7130=ORIENTED_EDGE('',*,*,#5480,.T.);
#7131=ORIENTED_EDGE('',*,*,#5377,.T.);
#7132=ORIENTED_EDGE('',*,*,#5480,.F.);
#7133=ORIENTED_EDGE('',*,*,#5481,.F.);
#7134=ORIENTED_EDGE('',*,*,#5482,.F.);
#7135=ORIENTED_EDGE('',*,*,#5483,.T.);
#7136=ORIENTED_EDGE('',*,*,#5385,.T.);
#7137=ORIENTED_EDGE('',*,*,#5483,.F.);
#7138=ORIENTED_EDGE('',*,*,#5484,.F.);
#7139=ORIENTED_EDGE('',*,*,#5485,.T.);
#7140=ORIENTED_EDGE('',*,*,#5486,.T.);
#7141=ORIENTED_EDGE('',*,*,#5485,.F.);
#7142=ORIENTED_EDGE('',*,*,#5481,.T.);
#7143=ORIENTED_EDGE('',*,*,#5482,.T.);
#7144=ORIENTED_EDGE('',*,*,#5487,.T.);
#7145=ORIENTED_EDGE('',*,*,#5488,.F.);
#7146=ORIENTED_EDGE('',*,*,#5487,.F.);
#7147=ORIENTED_EDGE('',*,*,#5489,.F.);
#7148=ORIENTED_EDGE('',*,*,#5490,.T.);
#7149=ORIENTED_EDGE('',*,*,#5491,.F.);
#7150=ORIENTED_EDGE('',*,*,#5490,.F.);
#7151=ORIENTED_EDGE('',*,*,#5492,.T.);
#7152=ORIENTED_EDGE('',*,*,#5493,.T.);
#7153=ORIENTED_EDGE('',*,*,#5489,.T.);
#7154=ORIENTED_EDGE('',*,*,#5493,.F.);
#7155=ORIENTED_EDGE('',*,*,#5494,.T.);
#7156=ORIENTED_EDGE('',*,*,#5495,.T.);
#7157=ORIENTED_EDGE('',*,*,#5496,.F.);
#7158=ORIENTED_EDGE('',*,*,#5497,.T.);
#7159=ORIENTED_EDGE('',*,*,#5091,.F.);
#7160=ORIENTED_EDGE('',*,*,#5497,.F.);
#7161=ORIENTED_EDGE('',*,*,#5108,.F.);
#7162=ORIENTED_EDGE('',*,*,#5498,.F.);
#7163=ORIENTED_EDGE('',*,*,#5499,.F.);
#7164=ORIENTED_EDGE('',*,*,#5500,.F.);
#7165=ORIENTED_EDGE('',*,*,#5501,.F.);
#7166=ORIENTED_EDGE('',*,*,#4859,.F.);
#7167=ORIENTED_EDGE('',*,*,#5502,.F.);
#7168=ORIENTED_EDGE('',*,*,#5503,.F.);
#7169=ORIENTED_EDGE('',*,*,#5504,.F.);
#7170=ORIENTED_EDGE('',*,*,#5505,.T.);
#7171=ORIENTED_EDGE('',*,*,#4925,.F.);
#7172=ORIENTED_EDGE('',*,*,#5506,.F.);
#7173=ORIENTED_EDGE('',*,*,#5507,.F.);
#7174=ORIENTED_EDGE('',*,*,#4923,.F.);
#7175=ORIENTED_EDGE('',*,*,#5508,.T.);
#7176=ORIENTED_EDGE('',*,*,#5509,.F.);
#7177=ORIENTED_EDGE('',*,*,#5510,.F.);
#7178=ORIENTED_EDGE('',*,*,#5511,.F.);
#7179=ORIENTED_EDGE('',*,*,#4857,.F.);
#7180=ORIENTED_EDGE('',*,*,#5512,.F.);
#7181=ORIENTED_EDGE('',*,*,#5513,.F.);
#7182=ORIENTED_EDGE('',*,*,#5514,.T.);
#7183=ORIENTED_EDGE('',*,*,#4861,.F.);
#7184=ORIENTED_EDGE('',*,*,#5515,.F.);
#7185=ORIENTED_EDGE('',*,*,#4826,.T.);
#7186=ORIENTED_EDGE('',*,*,#5516,.F.);
#7187=ORIENTED_EDGE('',*,*,#5517,.F.);
#7188=ORIENTED_EDGE('',*,*,#5518,.F.);
#7189=ORIENTED_EDGE('',*,*,#4927,.F.);
#7190=ORIENTED_EDGE('',*,*,#5519,.F.);
#7191=ORIENTED_EDGE('',*,*,#5520,.F.);
#7192=ORIENTED_EDGE('',*,*,#5521,.F.);
#7193=ORIENTED_EDGE('',*,*,#4855,.F.);
#7194=ORIENTED_EDGE('',*,*,#5522,.T.);
#7195=ORIENTED_EDGE('',*,*,#5523,.F.);
#7196=ORIENTED_EDGE('',*,*,#5524,.F.);
#7197=ORIENTED_EDGE('',*,*,#4863,.F.);
#7198=ORIENTED_EDGE('',*,*,#5525,.F.);
#7199=ORIENTED_EDGE('',*,*,#5526,.F.);
#7200=ORIENTED_EDGE('',*,*,#5527,.F.);
#7201=ORIENTED_EDGE('',*,*,#5528,.T.);
#7202=ORIENTED_EDGE('',*,*,#4929,.F.);
#7203=ORIENTED_EDGE('',*,*,#5529,.F.);
#7204=ORIENTED_EDGE('',*,*,#5530,.F.);
#7205=ORIENTED_EDGE('',*,*,#5531,.F.);
#7206=ORIENTED_EDGE('',*,*,#4853,.F.);
#7207=ORIENTED_EDGE('',*,*,#5532,.T.);
#7208=ORIENTED_EDGE('',*,*,#4817,.F.);
#7209=ORIENTED_EDGE('',*,*,#5533,.T.);
#7210=ORIENTED_EDGE('',*,*,#5508,.F.);
#7211=ORIENTED_EDGE('',*,*,#4922,.F.);
#7212=ORIENTED_EDGE('',*,*,#4828,.T.);
#7213=ORIENTED_EDGE('',*,*,#5534,.F.);
#7214=ORIENTED_EDGE('',*,*,#5535,.F.);
#7215=ORIENTED_EDGE('',*,*,#5536,.T.);
#7216=ORIENTED_EDGE('',*,*,#4865,.F.);
#7217=ORIENTED_EDGE('',*,*,#5537,.T.);
#7218=ORIENTED_EDGE('',*,*,#4818,.F.);
#7219=ORIENTED_EDGE('',*,*,#5532,.F.);
#7220=ORIENTED_EDGE('',*,*,#4827,.T.);
#7221=ORIENTED_EDGE('',*,*,#5533,.F.);
#7222=ORIENTED_EDGE('',*,*,#4816,.F.);
#7223=ORIENTED_EDGE('',*,*,#5538,.F.);
#7224=ORIENTED_EDGE('',*,*,#5506,.T.);
#7225=ORIENTED_EDGE('',*,*,#5539,.T.);
#7226=ORIENTED_EDGE('',*,*,#5198,.F.);
#7227=ORIENTED_EDGE('',*,*,#5540,.F.);
#7228=ORIENTED_EDGE('',*,*,#5500,.T.);
#7229=ORIENTED_EDGE('',*,*,#5541,.F.);
#7230=ORIENTED_EDGE('',*,*,#5542,.F.);
#7231=ORIENTED_EDGE('',*,*,#4931,.F.);
#7232=ORIENTED_EDGE('',*,*,#5543,.F.);
#7233=ORIENTED_EDGE('',*,*,#5544,.T.);
#7234=ORIENTED_EDGE('',*,*,#5512,.T.);
#7235=ORIENTED_EDGE('',*,*,#4860,.T.);
#7236=ORIENTED_EDGE('',*,*,#5501,.T.);
#7237=ORIENTED_EDGE('',*,*,#5540,.T.);
#7238=ORIENTED_EDGE('',*,*,#5197,.T.);
#7239=ORIENTED_EDGE('',*,*,#5545,.F.);
#7240=ORIENTED_EDGE('',*,*,#5546,.F.);
#7241=ORIENTED_EDGE('',*,*,#4920,.F.);
#7242=ORIENTED_EDGE('',*,*,#5547,.F.);
#7243=ORIENTED_EDGE('',*,*,#5548,.F.);
#7244=ORIENTED_EDGE('',*,*,#4819,.F.);
#7245=ORIENTED_EDGE('',*,*,#5537,.F.);
#7246=ORIENTED_EDGE('',*,*,#5515,.T.);
#7247=ORIENTED_EDGE('',*,*,#5549,.T.);
#7248=ORIENTED_EDGE('',*,*,#5503,.T.);
#7249=ORIENTED_EDGE('',*,*,#4924,.T.);
#7250=ORIENTED_EDGE('',*,*,#5507,.T.);
#7251=ORIENTED_EDGE('',*,*,#5538,.T.);
#7252=ORIENTED_EDGE('',*,*,#4815,.T.);
#7253=ORIENTED_EDGE('',*,*,#5550,.F.);
#7254=ORIENTED_EDGE('',*,*,#5551,.F.);
#7255=ORIENTED_EDGE('',*,*,#4851,.F.);
#7256=ORIENTED_EDGE('',*,*,#5552,.T.);
#7257=ORIENTED_EDGE('',*,*,#5553,.T.);
#7258=ORIENTED_EDGE('',*,*,#5199,.F.);
#7259=ORIENTED_EDGE('',*,*,#5539,.F.);
#7260=ORIENTED_EDGE('',*,*,#5502,.T.);
#7261=ORIENTED_EDGE('',*,*,#4858,.F.);
#7262=ORIENTED_EDGE('',*,*,#5511,.T.);
#7263=ORIENTED_EDGE('',*,*,#5544,.F.);
#7264=ORIENTED_EDGE('',*,*,#5196,.F.);
#7265=ORIENTED_EDGE('',*,*,#5554,.T.);
#7266=ORIENTED_EDGE('',*,*,#5513,.T.);
#7267=ORIENTED_EDGE('',*,*,#5548,.T.);
#7268=ORIENTED_EDGE('',*,*,#5516,.T.);
#7269=ORIENTED_EDGE('',*,*,#4825,.T.);
#7270=ORIENTED_EDGE('',*,*,#4823,.T.);
#7271=ORIENTED_EDGE('',*,*,#4820,.T.);
#7272=ORIENTED_EDGE('',*,*,#5549,.F.);
#7273=ORIENTED_EDGE('',*,*,#4814,.F.);
#7274=ORIENTED_EDGE('',*,*,#5555,.T.);
#7275=ORIENTED_EDGE('',*,*,#5504,.T.);
#7276=ORIENTED_EDGE('',*,*,#5556,.F.);
#7277=ORIENTED_EDGE('',*,*,#5200,.F.);
#7278=ORIENTED_EDGE('',*,*,#5553,.F.);
#7279=ORIENTED_EDGE('',*,*,#5510,.T.);
#7280=ORIENTED_EDGE('',*,*,#5557,.F.);
#7281=ORIENTED_EDGE('',*,*,#5558,.F.);
#7282=ORIENTED_EDGE('',*,*,#4867,.F.);
#7283=ORIENTED_EDGE('',*,*,#5559,.F.);
#7284=ORIENTED_EDGE('',*,*,#5554,.F.);
#7285=ORIENTED_EDGE('',*,*,#5195,.F.);
#7286=ORIENTED_EDGE('',*,*,#5560,.T.);
#7287=ORIENTED_EDGE('',*,*,#5525,.T.);
#7288=ORIENTED_EDGE('',*,*,#4862,.F.);
#7289=ORIENTED_EDGE('',*,*,#5514,.F.);
#7290=ORIENTED_EDGE('',*,*,#5555,.F.);
#7291=ORIENTED_EDGE('',*,*,#4813,.F.);
#7292=ORIENTED_EDGE('',*,*,#5561,.T.);
#7293=ORIENTED_EDGE('',*,*,#5519,.T.);
#7294=ORIENTED_EDGE('',*,*,#4926,.F.);
#7295=ORIENTED_EDGE('',*,*,#5505,.F.);
#7296=ORIENTED_EDGE('',*,*,#5556,.T.);
#7297=ORIENTED_EDGE('',*,*,#5509,.T.);
#7298=ORIENTED_EDGE('',*,*,#4856,.T.);
#7299=ORIENTED_EDGE('',*,*,#5521,.T.);
#7300=ORIENTED_EDGE('',*,*,#5562,.T.);
#7301=ORIENTED_EDGE('',*,*,#5201,.T.);
#7302=ORIENTED_EDGE('',*,*,#5560,.F.);
#7303=ORIENTED_EDGE('',*,*,#5194,.F.);
#7304=ORIENTED_EDGE('',*,*,#5563,.F.);
#7305=ORIENTED_EDGE('',*,*,#5523,.T.);
#7306=ORIENTED_EDGE('',*,*,#5564,.F.);
#7307=ORIENTED_EDGE('',*,*,#5565,.F.);
#7308=ORIENTED_EDGE('',*,*,#4918,.F.);
#7309=ORIENTED_EDGE('',*,*,#5566,.T.);
#7310=ORIENTED_EDGE('',*,*,#5561,.F.);
#7311=ORIENTED_EDGE('',*,*,#4812,.F.);
#7312=ORIENTED_EDGE('',*,*,#5567,.F.);
#7313=ORIENTED_EDGE('',*,*,#5517,.T.);
#7314=ORIENTED_EDGE('',*,*,#5568,.F.);
#7315=ORIENTED_EDGE('',*,*,#5569,.F.);
#7316=ORIENTED_EDGE('',*,*,#5570,.F.);
#7317=ORIENTED_EDGE('',*,*,#4849,.F.);
#7318=ORIENTED_EDGE('',*,*,#5571,.T.);
#7319=ORIENTED_EDGE('',*,*,#5202,.F.);
#7320=ORIENTED_EDGE('',*,*,#5562,.F.);
#7321=ORIENTED_EDGE('',*,*,#5520,.T.);
#7322=ORIENTED_EDGE('',*,*,#5572,.F.);
#7323=ORIENTED_EDGE('',*,*,#5573,.F.);
#7324=ORIENTED_EDGE('',*,*,#5574,.T.);
#7325=ORIENTED_EDGE('',*,*,#4933,.F.);
#7326=ORIENTED_EDGE('',*,*,#5575,.T.);
#7327=ORIENTED_EDGE('',*,*,#5534,.T.);
#7328=ORIENTED_EDGE('',*,*,#4864,.T.);
#7329=ORIENTED_EDGE('',*,*,#5524,.T.);
#7330=ORIENTED_EDGE('',*,*,#5563,.T.);
#7331=ORIENTED_EDGE('',*,*,#5193,.T.);
#7332=ORIENTED_EDGE('',*,*,#5576,.T.);
#7333=ORIENTED_EDGE('',*,*,#5526,.T.);
#7334=ORIENTED_EDGE('',*,*,#4928,.T.);
#7335=ORIENTED_EDGE('',*,*,#5518,.T.);
#7336=ORIENTED_EDGE('',*,*,#5567,.T.);
#7337=ORIENTED_EDGE('',*,*,#4811,.T.);
#7338=ORIENTED_EDGE('',*,*,#5577,.T.);
#7339=ORIENTED_EDGE('',*,*,#5203,.F.);
#7340=ORIENTED_EDGE('',*,*,#5571,.F.);
#7341=ORIENTED_EDGE('',*,*,#5522,.F.);
#7342=ORIENTED_EDGE('',*,*,#4854,.F.);
#7343=ORIENTED_EDGE('',*,*,#5531,.T.);
#7344=ORIENTED_EDGE('',*,*,#5578,.F.);
#7345=ORIENTED_EDGE('',*,*,#5579,.T.);
#7346=ORIENTED_EDGE('',*,*,#4869,.F.);
#7347=ORIENTED_EDGE('',*,*,#5580,.F.);
#7348=ORIENTED_EDGE('',*,*,#5575,.F.);
#7349=ORIENTED_EDGE('',*,*,#5192,.F.);
#7350=ORIENTED_EDGE('',*,*,#5581,.T.);
#7351=ORIENTED_EDGE('',*,*,#5535,.T.);
#7352=ORIENTED_EDGE('',*,*,#5582,.T.);
#7353=ORIENTED_EDGE('',*,*,#4772,.F.);
#7354=ORIENTED_EDGE('',*,*,#4762,.F.);
#7355=ORIENTED_EDGE('',*,*,#4767,.F.);
#7356=ORIENTED_EDGE('',*,*,#4921,.F.);
#7357=ORIENTED_EDGE('',*,*,#5546,.T.);
#7358=ORIENTED_EDGE('',*,*,#5576,.F.);
#7359=ORIENTED_EDGE('',*,*,#4810,.F.);
#7360=ORIENTED_EDGE('',*,*,#5583,.T.);
#7361=ORIENTED_EDGE('',*,*,#5527,.T.);
#7362=ORIENTED_EDGE('',*,*,#5584,.F.);
#7363=ORIENTED_EDGE('',*,*,#5204,.F.);
#7364=ORIENTED_EDGE('',*,*,#5577,.F.);
#7365=ORIENTED_EDGE('',*,*,#5530,.T.);
#7366=ORIENTED_EDGE('',*,*,#5581,.F.);
#7367=ORIENTED_EDGE('',*,*,#5191,.F.);
#7368=ORIENTED_EDGE('',*,*,#5585,.T.);
#7369=ORIENTED_EDGE('',*,*,#5559,.T.);
#7370=ORIENTED_EDGE('',*,*,#4866,.F.);
#7371=ORIENTED_EDGE('',*,*,#5536,.F.);
#7372=ORIENTED_EDGE('',*,*,#5586,.F.);
#7373=ORIENTED_EDGE('',*,*,#5587,.F.);
#7374=ORIENTED_EDGE('',*,*,#5588,.F.);
#7375=ORIENTED_EDGE('',*,*,#4916,.F.);
#7376=ORIENTED_EDGE('',*,*,#4773,.F.);
#7377=ORIENTED_EDGE('',*,*,#5582,.F.);
#7378=ORIENTED_EDGE('',*,*,#5545,.T.);
#7379=ORIENTED_EDGE('',*,*,#5589,.F.);
#7380=ORIENTED_EDGE('',*,*,#5583,.F.);
#7381=ORIENTED_EDGE('',*,*,#4809,.F.);
#7382=ORIENTED_EDGE('',*,*,#5590,.T.);
#7383=ORIENTED_EDGE('',*,*,#5543,.T.);
#7384=ORIENTED_EDGE('',*,*,#4930,.F.);
#7385=ORIENTED_EDGE('',*,*,#5528,.F.);
#7386=ORIENTED_EDGE('',*,*,#5591,.T.);
#7387=ORIENTED_EDGE('',*,*,#5592,.F.);
#7388=ORIENTED_EDGE('',*,*,#5593,.F.);
#7389=ORIENTED_EDGE('',*,*,#4847,.F.);
#7390=ORIENTED_EDGE('',*,*,#5584,.T.);
#7391=ORIENTED_EDGE('',*,*,#5529,.T.);
#7392=ORIENTED_EDGE('',*,*,#4852,.T.);
#7393=ORIENTED_EDGE('',*,*,#5551,.T.);
#7394=ORIENTED_EDGE('',*,*,#5594,.T.);
#7395=ORIENTED_EDGE('',*,*,#5205,.T.);
#7396=ORIENTED_EDGE('',*,*,#5595,.F.);
#7397=ORIENTED_EDGE('',*,*,#5596,.F.);
#7398=ORIENTED_EDGE('',*,*,#4935,.F.);
#7399=ORIENTED_EDGE('',*,*,#5597,.F.);
#7400=ORIENTED_EDGE('',*,*,#5585,.F.);
#7401=ORIENTED_EDGE('',*,*,#5190,.F.);
#7402=ORIENTED_EDGE('',*,*,#5598,.F.);
#7403=ORIENTED_EDGE('',*,*,#5557,.T.);
#7404=ORIENTED_EDGE('',*,*,#5589,.T.);
#7405=ORIENTED_EDGE('',*,*,#5547,.T.);
#7406=ORIENTED_EDGE('',*,*,#4919,.T.);
#7407=ORIENTED_EDGE('',*,*,#5565,.T.);
#7408=ORIENTED_EDGE('',*,*,#5599,.T.);
#7409=ORIENTED_EDGE('',*,*,#4774,.T.);
#7410=ORIENTED_EDGE('',*,*,#4808,.F.);
#7411=ORIENTED_EDGE('',*,*,#5600,.F.);
#7412=ORIENTED_EDGE('',*,*,#5541,.T.);
#7413=ORIENTED_EDGE('',*,*,#5590,.F.);
#7414=ORIENTED_EDGE('',*,*,#5206,.F.);
#7415=ORIENTED_EDGE('',*,*,#5594,.F.);
#7416=ORIENTED_EDGE('',*,*,#5550,.T.);
#7417=ORIENTED_EDGE('',*,*,#5601,.T.);
#7418=ORIENTED_EDGE('',*,*,#5602,.F.);
#7419=ORIENTED_EDGE('',*,*,#5603,.T.);
#7420=ORIENTED_EDGE('',*,*,#4871,.F.);
#7421=ORIENTED_EDGE('',*,*,#5604,.F.);
#7422=ORIENTED_EDGE('',*,*,#5605,.T.);
#7423=ORIENTED_EDGE('',*,*,#5580,.T.);
#7424=ORIENTED_EDGE('',*,*,#4868,.T.);
#7425=ORIENTED_EDGE('',*,*,#5558,.T.);
#7426=ORIENTED_EDGE('',*,*,#5598,.T.);
#7427=ORIENTED_EDGE('',*,*,#5189,.T.);
#7428=ORIENTED_EDGE('',*,*,#5606,.T.);
#7429=ORIENTED_EDGE('',*,*,#4775,.F.);
#7430=ORIENTED_EDGE('',*,*,#5599,.F.);
#7431=ORIENTED_EDGE('',*,*,#5564,.T.);
#7432=ORIENTED_EDGE('',*,*,#5552,.F.);
#7433=ORIENTED_EDGE('',*,*,#4850,.F.);
#7434=ORIENTED_EDGE('',*,*,#5570,.T.);
#7435=ORIENTED_EDGE('',*,*,#5607,.T.);
#7436=ORIENTED_EDGE('',*,*,#5207,.F.);
#7437=ORIENTED_EDGE('',*,*,#5601,.F.);
#7438=ORIENTED_EDGE('',*,*,#4872,.F.);
#7439=ORIENTED_EDGE('',*,*,#5603,.F.);
#7440=ORIENTED_EDGE('',*,*,#5608,.F.);
#7441=ORIENTED_EDGE('',*,*,#5609,.F.);
#7442=ORIENTED_EDGE('',*,*,#5188,.F.);
#7443=ORIENTED_EDGE('',*,*,#5610,.T.);
#7444=ORIENTED_EDGE('',*,*,#5578,.T.);
#7445=ORIENTED_EDGE('',*,*,#5605,.F.);
#7446=ORIENTED_EDGE('',*,*,#5611,.F.);
#7447=ORIENTED_EDGE('',*,*,#5612,.F.);
#7448=ORIENTED_EDGE('',*,*,#4914,.F.);
#7449=ORIENTED_EDGE('',*,*,#5613,.T.);
#7450=ORIENTED_EDGE('',*,*,#5614,.T.);
#7451=ORIENTED_EDGE('',*,*,#4776,.F.);
#7452=ORIENTED_EDGE('',*,*,#5606,.F.);
#7453=ORIENTED_EDGE('',*,*,#5566,.F.);
#7454=ORIENTED_EDGE('',*,*,#4917,.F.);
#7455=ORIENTED_EDGE('',*,*,#5588,.T.);
#7456=ORIENTED_EDGE('',*,*,#5542,.T.);
#7457=ORIENTED_EDGE('',*,*,#5600,.T.);
#7458=ORIENTED_EDGE('',*,*,#4807,.T.);
#7459=ORIENTED_EDGE('',*,*,#5615,.T.);
#7460=ORIENTED_EDGE('',*,*,#5572,.T.);
#7461=ORIENTED_EDGE('',*,*,#4932,.T.);
#7462=ORIENTED_EDGE('',*,*,#5616,.F.);
#7463=ORIENTED_EDGE('',*,*,#5617,.F.);
#7464=ORIENTED_EDGE('',*,*,#5618,.F.);
#7465=ORIENTED_EDGE('',*,*,#4845,.F.);
#7466=ORIENTED_EDGE('',*,*,#5619,.F.);
#7467=ORIENTED_EDGE('',*,*,#5208,.F.);
#7468=ORIENTED_EDGE('',*,*,#5607,.F.);
#7469=ORIENTED_EDGE('',*,*,#5569,.T.);
#7470=ORIENTED_EDGE('',*,*,#5620,.F.);
#7471=ORIENTED_EDGE('',*,*,#5621,.F.);
#7472=ORIENTED_EDGE('',*,*,#5622,.T.);
#7473=ORIENTED_EDGE('',*,*,#4937,.F.);
#7474=ORIENTED_EDGE('',*,*,#5610,.F.);
#7475=ORIENTED_EDGE('',*,*,#5187,.F.);
#7476=ORIENTED_EDGE('',*,*,#5623,.T.);
#7477=ORIENTED_EDGE('',*,*,#5604,.T.);
#7478=ORIENTED_EDGE('',*,*,#4870,.F.);
#7479=ORIENTED_EDGE('',*,*,#5579,.F.);
#7480=ORIENTED_EDGE('',*,*,#5624,.F.);
#7481=ORIENTED_EDGE('',*,*,#4777,.F.);
#7482=ORIENTED_EDGE('',*,*,#5614,.F.);
#7483=ORIENTED_EDGE('',*,*,#5587,.T.);
#7484=ORIENTED_EDGE('',*,*,#5615,.F.);
#7485=ORIENTED_EDGE('',*,*,#4806,.F.);
#7486=ORIENTED_EDGE('',*,*,#5625,.T.);
#7487=ORIENTED_EDGE('',*,*,#5573,.T.);
#7488=ORIENTED_EDGE('',*,*,#5619,.T.);
#7489=ORIENTED_EDGE('',*,*,#5568,.T.);
#7490=ORIENTED_EDGE('',*,*,#4848,.T.);
#7491=ORIENTED_EDGE('',*,*,#5593,.T.);
#7492=ORIENTED_EDGE('',*,*,#5626,.T.);
#7493=ORIENTED_EDGE('',*,*,#5209,.T.);
#7494=ORIENTED_EDGE('',*,*,#5186,.F.);
#7495=ORIENTED_EDGE('',*,*,#5627,.T.);
#7496=ORIENTED_EDGE('',*,*,#5602,.T.);
#7497=ORIENTED_EDGE('',*,*,#5623,.F.);
#7498=ORIENTED_EDGE('',*,*,#5624,.T.);
#7499=ORIENTED_EDGE('',*,*,#5586,.T.);
#7500=ORIENTED_EDGE('',*,*,#4915,.T.);
#7501=ORIENTED_EDGE('',*,*,#5612,.T.);
#7502=ORIENTED_EDGE('',*,*,#5628,.T.);
#7503=ORIENTED_EDGE('',*,*,#4778,.T.);
#7504=ORIENTED_EDGE('',*,*,#5625,.F.);
#7505=ORIENTED_EDGE('',*,*,#4805,.F.);
#7506=ORIENTED_EDGE('',*,*,#5629,.T.);
#7507=ORIENTED_EDGE('',*,*,#5597,.T.);
#7508=ORIENTED_EDGE('',*,*,#4934,.F.);
#7509=ORIENTED_EDGE('',*,*,#5574,.F.);
#7510=ORIENTED_EDGE('',*,*,#5630,.T.);
#7511=ORIENTED_EDGE('',*,*,#5210,.F.);
#7512=ORIENTED_EDGE('',*,*,#5626,.F.);
#7513=ORIENTED_EDGE('',*,*,#5592,.T.);
#7514=ORIENTED_EDGE('',*,*,#5631,.F.);
#7515=ORIENTED_EDGE('',*,*,#5632,.F.);
#7516=ORIENTED_EDGE('',*,*,#5177,.T.);
#7517=ORIENTED_EDGE('',*,*,#4874,.F.);
#7518=ORIENTED_EDGE('',*,*,#5185,.F.);
#7519=ORIENTED_EDGE('',*,*,#5633,.F.);
#7520=ORIENTED_EDGE('',*,*,#5608,.T.);
#7521=ORIENTED_EDGE('',*,*,#5627,.F.);
#7522=ORIENTED_EDGE('',*,*,#5634,.F.);
#7523=ORIENTED_EDGE('',*,*,#5635,.F.);
#7524=ORIENTED_EDGE('',*,*,#5636,.F.);
#7525=ORIENTED_EDGE('',*,*,#4912,.F.);
#7526=ORIENTED_EDGE('',*,*,#5637,.T.);
#7527=ORIENTED_EDGE('',*,*,#4779,.F.);
#7528=ORIENTED_EDGE('',*,*,#5628,.F.);
#7529=ORIENTED_EDGE('',*,*,#5611,.T.);
#7530=ORIENTED_EDGE('',*,*,#5629,.F.);
#7531=ORIENTED_EDGE('',*,*,#4804,.F.);
#7532=ORIENTED_EDGE('',*,*,#5638,.F.);
#7533=ORIENTED_EDGE('',*,*,#5595,.T.);
#7534=ORIENTED_EDGE('',*,*,#5639,.F.);
#7535=ORIENTED_EDGE('',*,*,#5640,.F.);
#7536=ORIENTED_EDGE('',*,*,#5641,.F.);
#7537=ORIENTED_EDGE('',*,*,#5116,.F.);
#7538=ORIENTED_EDGE('',*,*,#5642,.F.);
#7539=ORIENTED_EDGE('',*,*,#5643,.T.);
#7540=ORIENTED_EDGE('',*,*,#5112,.F.);
#7541=ORIENTED_EDGE('',*,*,#5644,.T.);
#7542=ORIENTED_EDGE('',*,*,#5645,.F.);
#7543=ORIENTED_EDGE('',*,*,#5646,.F.);
#7544=ORIENTED_EDGE('',*,*,#4843,.F.);
#7545=ORIENTED_EDGE('',*,*,#5647,.T.);
#7546=ORIENTED_EDGE('',*,*,#5648,.T.);
#7547=ORIENTED_EDGE('',*,*,#5211,.F.);
#7548=ORIENTED_EDGE('',*,*,#5630,.F.);
#7549=ORIENTED_EDGE('',*,*,#5591,.F.);
#7550=ORIENTED_EDGE('',*,*,#4846,.F.);
#7551=ORIENTED_EDGE('',*,*,#5618,.T.);
#7552=ORIENTED_EDGE('',*,*,#5649,.F.);
#7553=ORIENTED_EDGE('',*,*,#5650,.F.);
#7554=ORIENTED_EDGE('',*,*,#4939,.F.);
#7555=ORIENTED_EDGE('',*,*,#5651,.F.);
#7556=ORIENTED_EDGE('',*,*,#5652,.T.);
#7557=ORIENTED_EDGE('',*,*,#5631,.T.);
#7558=ORIENTED_EDGE('',*,*,#4873,.T.);
#7559=ORIENTED_EDGE('',*,*,#5609,.T.);
#7560=ORIENTED_EDGE('',*,*,#5633,.T.);
#7561=ORIENTED_EDGE('',*,*,#5184,.T.);
#7562=ORIENTED_EDGE('',*,*,#5653,.T.);
#7563=ORIENTED_EDGE('',*,*,#4780,.F.);
#7564=ORIENTED_EDGE('',*,*,#5637,.F.);
#7565=ORIENTED_EDGE('',*,*,#5613,.F.);
#7566=ORIENTED_EDGE('',*,*,#4913,.F.);
#7567=ORIENTED_EDGE('',*,*,#5636,.T.);
#7568=ORIENTED_EDGE('',*,*,#5654,.T.);
#7569=ORIENTED_EDGE('',*,*,#5620,.T.);
#7570=ORIENTED_EDGE('',*,*,#4936,.T.);
#7571=ORIENTED_EDGE('',*,*,#5596,.T.);
#7572=ORIENTED_EDGE('',*,*,#5638,.T.);
#7573=ORIENTED_EDGE('',*,*,#4803,.T.);
#7574=ORIENTED_EDGE('',*,*,#5639,.T.);
#7575=ORIENTED_EDGE('',*,*,#5115,.T.);
#7576=ORIENTED_EDGE('',*,*,#5109,.T.);
#7577=ORIENTED_EDGE('',*,*,#5655,.T.);
#7578=ORIENTED_EDGE('',*,*,#5656,.F.);
#7579=ORIENTED_EDGE('',*,*,#5113,.T.);
#7580=ORIENTED_EDGE('',*,*,#5643,.F.);
#7581=ORIENTED_EDGE('',*,*,#5657,.F.);
#7582=ORIENTED_EDGE('',*,*,#5658,.T.);
#7583=ORIENTED_EDGE('',*,*,#5659,.T.);
#7584=ORIENTED_EDGE('',*,*,#5660,.T.);
#7585=ORIENTED_EDGE('',*,*,#5661,.T.);
#7586=ORIENTED_EDGE('',*,*,#5657,.T.);
#7587=ORIENTED_EDGE('',*,*,#5642,.T.);
#7588=ORIENTED_EDGE('',*,*,#5662,.T.);
#7589=ORIENTED_EDGE('',*,*,#5267,.T.);
#7590=ORIENTED_EDGE('',*,*,#5663,.T.);
#7591=ORIENTED_EDGE('',*,*,#5640,.T.);
#7592=ORIENTED_EDGE('',*,*,#5656,.T.);
#7593=ORIENTED_EDGE('',*,*,#5664,.F.);
#7594=ORIENTED_EDGE('',*,*,#5212,.F.);
#7595=ORIENTED_EDGE('',*,*,#5648,.F.);
#7596=ORIENTED_EDGE('',*,*,#5617,.T.);
#7597=ORIENTED_EDGE('',*,*,#5652,.F.);
#7598=ORIENTED_EDGE('',*,*,#5183,.F.);
#7599=ORIENTED_EDGE('',*,*,#5178,.T.);
#7600=ORIENTED_EDGE('',*,*,#5632,.T.);
#7601=ORIENTED_EDGE('',*,*,#5665,.F.);
#7602=ORIENTED_EDGE('',*,*,#4781,.F.);
#7603=ORIENTED_EDGE('',*,*,#5653,.F.);
#7604=ORIENTED_EDGE('',*,*,#5635,.T.);
#7605=ORIENTED_EDGE('',*,*,#5654,.F.);
#7606=ORIENTED_EDGE('',*,*,#4802,.F.);
#7607=ORIENTED_EDGE('',*,*,#5666,.T.);
#7608=ORIENTED_EDGE('',*,*,#5621,.T.);
#7609=ORIENTED_EDGE('',*,*,#5496,.T.);
#7610=ORIENTED_EDGE('',*,*,#5660,.F.);
#7611=ORIENTED_EDGE('',*,*,#5655,.F.);
#7612=ORIENTED_EDGE('',*,*,#5661,.F.);
#7613=ORIENTED_EDGE('',*,*,#5499,.T.);
#7614=ORIENTED_EDGE('',*,*,#5658,.F.);
#7615=ORIENTED_EDGE('',*,*,#5498,.T.);
#7616=ORIENTED_EDGE('',*,*,#5114,.F.);
#7617=ORIENTED_EDGE('',*,*,#5659,.F.);
#7618=ORIENTED_EDGE('',*,*,#5667,.T.);
#7619=ORIENTED_EDGE('',*,*,#5668,.F.);
#7620=ORIENTED_EDGE('',*,*,#5669,.T.);
#7621=ORIENTED_EDGE('',*,*,#5670,.F.);
#7622=ORIENTED_EDGE('',*,*,#5671,.T.);
#7623=ORIENTED_EDGE('',*,*,#5664,.T.);
#7624=ORIENTED_EDGE('',*,*,#5616,.T.);
#7625=ORIENTED_EDGE('',*,*,#4844,.T.);
#7626=ORIENTED_EDGE('',*,*,#5646,.T.);
#7627=ORIENTED_EDGE('',*,*,#5672,.T.);
#7628=ORIENTED_EDGE('',*,*,#5213,.T.);
#7629=ORIENTED_EDGE('',*,*,#5176,.T.);
#7630=ORIENTED_EDGE('',*,*,#5673,.F.);
#7631=ORIENTED_EDGE('',*,*,#5674,.F.);
#7632=ORIENTED_EDGE('',*,*,#4876,.F.);
#7633=ORIENTED_EDGE('',*,*,#5675,.F.);
#7634=ORIENTED_EDGE('',*,*,#5676,.F.);
#7635=ORIENTED_EDGE('',*,*,#4910,.F.);
#7636=ORIENTED_EDGE('',*,*,#5677,.T.);
#7637=ORIENTED_EDGE('',*,*,#5665,.T.);
#7638=ORIENTED_EDGE('',*,*,#5634,.T.);
#7639=ORIENTED_EDGE('',*,*,#4911,.T.);
#7640=ORIENTED_EDGE('',*,*,#5676,.T.);
#7641=ORIENTED_EDGE('',*,*,#5678,.T.);
#7642=ORIENTED_EDGE('',*,*,#4782,.T.);
#7643=ORIENTED_EDGE('',*,*,#5666,.F.);
#7644=ORIENTED_EDGE('',*,*,#4801,.F.);
#7645=ORIENTED_EDGE('',*,*,#5679,.T.);
#7646=ORIENTED_EDGE('',*,*,#5651,.T.);
#7647=ORIENTED_EDGE('',*,*,#4938,.F.);
#7648=ORIENTED_EDGE('',*,*,#5622,.F.);
#7649=ORIENTED_EDGE('',*,*,#5680,.T.);
#7650=ORIENTED_EDGE('',*,*,#5015,.T.);
#7651=ORIENTED_EDGE('',*,*,#5149,.T.);
#7652=ORIENTED_EDGE('',*,*,#5099,.T.);
#7653=ORIENTED_EDGE('',*,*,#5262,.T.);
#7654=ORIENTED_EDGE('',*,*,#5117,.T.);
#7655=ORIENTED_EDGE('',*,*,#5641,.T.);
#7656=ORIENTED_EDGE('',*,*,#5663,.F.);
#7657=ORIENTED_EDGE('',*,*,#5269,.T.);
#7658=ORIENTED_EDGE('',*,*,#5266,.F.);
#7659=ORIENTED_EDGE('',*,*,#5272,.F.);
#7660=ORIENTED_EDGE('',*,*,#5105,.T.);
#7661=ORIENTED_EDGE('',*,*,#5268,.T.);
#7662=ORIENTED_EDGE('',*,*,#5662,.F.);
#7663=ORIENTED_EDGE('',*,*,#5644,.F.);
#7664=ORIENTED_EDGE('',*,*,#5111,.F.);
#7665=ORIENTED_EDGE('',*,*,#5261,.T.);
#7666=ORIENTED_EDGE('',*,*,#5097,.F.);
#7667=ORIENTED_EDGE('',*,*,#5681,.F.);
#7668=ORIENTED_EDGE('',*,*,#5017,.F.);
#7669=ORIENTED_EDGE('',*,*,#5682,.F.);
#7670=ORIENTED_EDGE('',*,*,#5103,.F.);
#7671=ORIENTED_EDGE('',*,*,#5273,.F.);
#7672=ORIENTED_EDGE('',*,*,#5264,.F.);
#7673=ORIENTED_EDGE('',*,*,#5683,.T.);
#7674=ORIENTED_EDGE('',*,*,#5684,.F.);
#7675=ORIENTED_EDGE('',*,*,#5685,.T.);
#7676=ORIENTED_EDGE('',*,*,#5668,.T.);
#7677=ORIENTED_EDGE('',*,*,#5686,.T.);
#7678=ORIENTED_EDGE('',*,*,#5687,.F.);
#7679=ORIENTED_EDGE('',*,*,#5688,.T.);
#7680=ORIENTED_EDGE('',*,*,#5670,.T.);
#7681=ORIENTED_EDGE('',*,*,#5383,.T.);
#7682=ORIENTED_EDGE('',*,*,#5689,.T.);
#7683=ORIENTED_EDGE('',*,*,#5041,.F.);
#7684=ORIENTED_EDGE('',*,*,#5350,.T.);
#7685=ORIENTED_EDGE('',*,*,#5690,.T.);
#7686=ORIENTED_EDGE('',*,*,#5691,.T.);
#7687=ORIENTED_EDGE('',*,*,#5045,.F.);
#7688=ORIENTED_EDGE('',*,*,#5042,.F.);
#7689=ORIENTED_EDGE('',*,*,#5689,.F.);
#7690=ORIENTED_EDGE('',*,*,#5692,.T.);
#7691=ORIENTED_EDGE('',*,*,#5693,.F.);
#7692=ORIENTED_EDGE('',*,*,#5694,.F.);
#7693=ORIENTED_EDGE('',*,*,#5695,.F.);
#7694=ORIENTED_EDGE('',*,*,#5696,.F.);
#7695=ORIENTED_EDGE('',*,*,#5693,.T.);
#7696=ORIENTED_EDGE('',*,*,#5697,.T.);
#7697=ORIENTED_EDGE('',*,*,#5365,.T.);
#7698=ORIENTED_EDGE('',*,*,#5698,.F.);
#7699=ORIENTED_EDGE('',*,*,#5699,.F.);
#7700=ORIENTED_EDGE('',*,*,#5700,.F.);
#7701=ORIENTED_EDGE('',*,*,#4841,.F.);
#7702=ORIENTED_EDGE('',*,*,#5701,.T.);
#7703=ORIENTED_EDGE('',*,*,#5214,.F.);
#7704=ORIENTED_EDGE('',*,*,#5672,.F.);
#7705=ORIENTED_EDGE('',*,*,#5645,.T.);
#7706=ORIENTED_EDGE('',*,*,#5702,.F.);
#7707=ORIENTED_EDGE('',*,*,#5703,.F.);
#7708=ORIENTED_EDGE('',*,*,#5704,.T.);
#7709=ORIENTED_EDGE('',*,*,#4941,.F.);
#7710=ORIENTED_EDGE('',*,*,#5175,.F.);
#7711=ORIENTED_EDGE('',*,*,#5182,.F.);
#7712=ORIENTED_EDGE('',*,*,#5705,.F.);
#7713=ORIENTED_EDGE('',*,*,#5673,.T.);
#7714=ORIENTED_EDGE('',*,*,#5706,.T.);
#7715=ORIENTED_EDGE('',*,*,#4783,.F.);
#7716=ORIENTED_EDGE('',*,*,#5678,.F.);
#7717=ORIENTED_EDGE('',*,*,#5675,.T.);
#7718=ORIENTED_EDGE('',*,*,#5679,.F.);
#7719=ORIENTED_EDGE('',*,*,#4800,.F.);
#7720=ORIENTED_EDGE('',*,*,#5707,.F.);
#7721=ORIENTED_EDGE('',*,*,#5649,.T.);
#7722=ORIENTED_EDGE('',*,*,#5078,.T.);
#7723=ORIENTED_EDGE('',*,*,#5081,.F.);
#7724=ORIENTED_EDGE('',*,*,#5260,.T.);
#7725=ORIENTED_EDGE('',*,*,#5072,.T.);
#7726=ORIENTED_EDGE('',*,*,#5708,.T.);
#7727=ORIENTED_EDGE('',*,*,#5709,.T.);
#7728=ORIENTED_EDGE('',*,*,#5710,.F.);
#7729=ORIENTED_EDGE('',*,*,#5711,.T.);
#7730=ORIENTED_EDGE('',*,*,#5712,.T.);
#7731=ORIENTED_EDGE('',*,*,#5083,.F.);
#7732=ORIENTED_EDGE('',*,*,#5713,.F.);
#7733=ORIENTED_EDGE('',*,*,#5714,.T.);
#7734=ORIENTED_EDGE('',*,*,#5715,.F.);
#7735=ORIENTED_EDGE('',*,*,#5716,.T.);
#7736=ORIENTED_EDGE('',*,*,#5684,.T.);
#7737=ORIENTED_EDGE('',*,*,#5717,.T.);
#7738=ORIENTED_EDGE('',*,*,#5718,.T.);
#7739=ORIENTED_EDGE('',*,*,#5687,.T.);
#7740=ORIENTED_EDGE('',*,*,#5382,.T.);
#7741=ORIENTED_EDGE('',*,*,#5719,.F.);
#7742=ORIENTED_EDGE('',*,*,#5720,.T.);
#7743=ORIENTED_EDGE('',*,*,#5721,.T.);
#7744=ORIENTED_EDGE('',*,*,#5722,.T.);
#7745=ORIENTED_EDGE('',*,*,#5723,.T.);
#7746=ORIENTED_EDGE('',*,*,#5671,.F.);
#7747=ORIENTED_EDGE('',*,*,#5688,.F.);
#7748=ORIENTED_EDGE('',*,*,#5718,.F.);
#7749=ORIENTED_EDGE('',*,*,#5724,.F.);
#7750=ORIENTED_EDGE('',*,*,#5725,.T.);
#7751=ORIENTED_EDGE('',*,*,#5726,.T.);
#7752=ORIENTED_EDGE('',*,*,#5727,.F.);
#7753=ORIENTED_EDGE('',*,*,#5728,.T.);
#7754=ORIENTED_EDGE('',*,*,#5729,.F.);
#7755=ORIENTED_EDGE('',*,*,#5730,.F.);
#7756=ORIENTED_EDGE('',*,*,#5366,.T.);
#7757=ORIENTED_EDGE('',*,*,#5697,.F.);
#7758=ORIENTED_EDGE('',*,*,#5692,.F.);
#7759=ORIENTED_EDGE('',*,*,#5043,.F.);
#7760=ORIENTED_EDGE('',*,*,#5691,.F.);
#7761=ORIENTED_EDGE('',*,*,#5690,.F.);
#7762=ORIENTED_EDGE('',*,*,#5349,.F.);
#7763=ORIENTED_EDGE('',*,*,#4706,.T.);
#7764=ORIENTED_EDGE('',*,*,#5052,.F.);
#7765=ORIENTED_EDGE('',*,*,#5731,.F.);
#7766=ORIENTED_EDGE('',*,*,#5695,.T.);
#7767=ORIENTED_EDGE('',*,*,#5732,.F.);
#7768=ORIENTED_EDGE('',*,*,#5733,.T.);
#7769=ORIENTED_EDGE('',*,*,#5727,.T.);
#7770=ORIENTED_EDGE('',*,*,#5734,.T.);
#7771=ORIENTED_EDGE('',*,*,#5215,.F.);
#7772=ORIENTED_EDGE('',*,*,#5701,.F.);
#7773=ORIENTED_EDGE('',*,*,#5647,.F.);
#7774=ORIENTED_EDGE('',*,*,#4842,.F.);
#7775=ORIENTED_EDGE('',*,*,#5700,.T.);
#7776=ORIENTED_EDGE('',*,*,#5735,.T.);
#7777=ORIENTED_EDGE('',*,*,#5425,.T.);
#7778=ORIENTED_EDGE('',*,*,#5411,.T.);
#7779=ORIENTED_EDGE('',*,*,#5736,.F.);
#7780=ORIENTED_EDGE('',*,*,#5737,.T.);
#7781=ORIENTED_EDGE('',*,*,#5738,.F.);
#7782=ORIENTED_EDGE('',*,*,#5739,.T.);
#7783=ORIENTED_EDGE('',*,*,#5740,.F.);
#7784=ORIENTED_EDGE('',*,*,#4957,.F.);
#7785=ORIENTED_EDGE('',*,*,#4954,.F.);
#7786=ORIENTED_EDGE('',*,*,#4724,.F.);
#7787=ORIENTED_EDGE('',*,*,#5741,.T.);
#7788=ORIENTED_EDGE('',*,*,#5742,.F.);
#7789=ORIENTED_EDGE('',*,*,#4955,.F.);
#7790=ORIENTED_EDGE('',*,*,#5742,.T.);
#7791=ORIENTED_EDGE('',*,*,#5743,.T.);
#7792=ORIENTED_EDGE('',*,*,#5137,.F.);
#7793=ORIENTED_EDGE('',*,*,#5139,.T.);
#7794=ORIENTED_EDGE('',*,*,#4958,.F.);
#7795=ORIENTED_EDGE('',*,*,#5740,.T.);
#7796=ORIENTED_EDGE('',*,*,#5744,.T.);
#7797=ORIENTED_EDGE('',*,*,#5745,.F.);
#7798=ORIENTED_EDGE('',*,*,#4960,.F.);
#7799=ORIENTED_EDGE('',*,*,#5746,.F.);
#7800=ORIENTED_EDGE('',*,*,#5747,.T.);
#7801=ORIENTED_EDGE('',*,*,#5748,.F.);
#7802=ORIENTED_EDGE('',*,*,#4961,.F.);
#7803=ORIENTED_EDGE('',*,*,#5748,.T.);
#7804=ORIENTED_EDGE('',*,*,#5749,.T.);
#7805=ORIENTED_EDGE('',*,*,#5750,.F.);
#7806=ORIENTED_EDGE('',*,*,#5751,.T.);
#7807=ORIENTED_EDGE('',*,*,#5752,.T.);
#7808=ORIENTED_EDGE('',*,*,#5753,.T.);
#7809=ORIENTED_EDGE('',*,*,#4877,.T.);
#7810=ORIENTED_EDGE('',*,*,#5674,.T.);
#7811=ORIENTED_EDGE('',*,*,#5705,.T.);
#7812=ORIENTED_EDGE('',*,*,#5181,.T.);
#7813=ORIENTED_EDGE('',*,*,#5754,.T.);
#7814=ORIENTED_EDGE('',*,*,#4784,.F.);
#7815=ORIENTED_EDGE('',*,*,#5706,.F.);
#7816=ORIENTED_EDGE('',*,*,#5677,.F.);
#7817=ORIENTED_EDGE('',*,*,#4909,.F.);
#7818=ORIENTED_EDGE('',*,*,#5755,.T.);
#7819=ORIENTED_EDGE('',*,*,#5756,.T.);
#7820=ORIENTED_EDGE('',*,*,#5702,.T.);
#7821=ORIENTED_EDGE('',*,*,#4940,.T.);
#7822=ORIENTED_EDGE('',*,*,#5650,.T.);
#7823=ORIENTED_EDGE('',*,*,#5707,.T.);
#7824=ORIENTED_EDGE('',*,*,#4799,.T.);
#7825=ORIENTED_EDGE('',*,*,#5757,.T.);
#7826=ORIENTED_EDGE('',*,*,#5750,.T.);
#7827=ORIENTED_EDGE('',*,*,#5758,.T.);
#7828=ORIENTED_EDGE('',*,*,#5738,.T.);
#7829=ORIENTED_EDGE('',*,*,#5759,.T.);
#7830=ORIENTED_EDGE('',*,*,#4987,.F.);
#7831=ORIENTED_EDGE('',*,*,#5165,.T.);
#7832=ORIENTED_EDGE('',*,*,#5163,.F.);
#7833=ORIENTED_EDGE('',*,*,#5760,.T.);
#7834=ORIENTED_EDGE('',*,*,#5720,.F.);
#7835=ORIENTED_EDGE('',*,*,#4988,.F.);
#7836=ORIENTED_EDGE('',*,*,#5759,.F.);
#7837=ORIENTED_EDGE('',*,*,#5726,.F.);
#7838=ORIENTED_EDGE('',*,*,#5761,.T.);
#7839=ORIENTED_EDGE('',*,*,#5762,.T.);
#7840=ORIENTED_EDGE('',*,*,#5157,.F.);
#7841=ORIENTED_EDGE('',*,*,#5763,.T.);
#7842=ORIENTED_EDGE('',*,*,#4989,.F.);
#7843=ORIENTED_EDGE('',*,*,#5761,.F.);
#7844=ORIENTED_EDGE('',*,*,#5725,.F.);
#7845=ORIENTED_EDGE('',*,*,#5764,.F.);
#7846=ORIENTED_EDGE('',*,*,#5765,.F.);
#7847=ORIENTED_EDGE('',*,*,#5152,.T.);
#7848=ORIENTED_EDGE('',*,*,#5164,.T.);
#7849=ORIENTED_EDGE('',*,*,#4985,.T.);
#7850=ORIENTED_EDGE('',*,*,#4999,.T.);
#7851=ORIENTED_EDGE('',*,*,#5070,.T.);
#7852=ORIENTED_EDGE('',*,*,#5766,.T.);
#7853=ORIENTED_EDGE('',*,*,#5713,.T.);
#7854=ORIENTED_EDGE('',*,*,#5082,.T.);
#7855=ORIENTED_EDGE('',*,*,#5079,.T.);
#7856=ORIENTED_EDGE('',*,*,#5767,.F.);
#7857=ORIENTED_EDGE('',*,*,#5709,.F.);
#7858=ORIENTED_EDGE('',*,*,#5711,.F.);
#7859=ORIENTED_EDGE('',*,*,#5766,.F.);
#7860=ORIENTED_EDGE('',*,*,#5069,.T.);
#7861=ORIENTED_EDGE('',*,*,#5768,.T.);
#7862=ORIENTED_EDGE('',*,*,#5712,.F.);
#7863=ORIENTED_EDGE('',*,*,#5708,.F.);
#7864=ORIENTED_EDGE('',*,*,#5710,.T.);
#7865=ORIENTED_EDGE('',*,*,#5767,.T.);
#7866=ORIENTED_EDGE('',*,*,#5768,.F.);
#7867=ORIENTED_EDGE('',*,*,#5068,.T.);
#7868=ORIENTED_EDGE('',*,*,#5769,.T.);
#7869=ORIENTED_EDGE('',*,*,#5084,.F.);
#7870=ORIENTED_EDGE('',*,*,#5067,.T.);
#7871=ORIENTED_EDGE('',*,*,#5770,.T.);
#7872=ORIENTED_EDGE('',*,*,#5494,.F.);
#7873=ORIENTED_EDGE('',*,*,#5492,.F.);
#7874=ORIENTED_EDGE('',*,*,#5771,.T.);
#7875=ORIENTED_EDGE('',*,*,#5085,.F.);
#7876=ORIENTED_EDGE('',*,*,#5769,.F.);
#7877=ORIENTED_EDGE('',*,*,#5086,.F.);
#7878=ORIENTED_EDGE('',*,*,#5771,.F.);
#7879=ORIENTED_EDGE('',*,*,#5495,.F.);
#7880=ORIENTED_EDGE('',*,*,#5770,.F.);
#7881=ORIENTED_EDGE('',*,*,#5066,.T.);
#7882=ORIENTED_EDGE('',*,*,#5772,.T.);
#7883=ORIENTED_EDGE('',*,*,#5773,.T.);
#7884=ORIENTED_EDGE('',*,*,#5087,.F.);
#7885=ORIENTED_EDGE('',*,*,#5772,.F.);
#7886=ORIENTED_EDGE('',*,*,#5065,.T.);
#7887=ORIENTED_EDGE('',*,*,#5773,.F.);
#7888=ORIENTED_EDGE('',*,*,#5064,.T.);
#7889=ORIENTED_EDGE('',*,*,#5774,.F.);
#7890=ORIENTED_EDGE('',*,*,#5088,.F.);
#7891=ORIENTED_EDGE('',*,*,#5063,.T.);
#7892=ORIENTED_EDGE('',*,*,#5092,.T.);
#7893=ORIENTED_EDGE('',*,*,#5089,.T.);
#7894=ORIENTED_EDGE('',*,*,#5774,.T.);
#7895=ORIENTED_EDGE('',*,*,#5491,.T.);
#7896=ORIENTED_EDGE('',*,*,#5367,.T.);
#7897=ORIENTED_EDGE('',*,*,#5730,.T.);
#7898=ORIENTED_EDGE('',*,*,#5775,.T.);
#7899=ORIENTED_EDGE('',*,*,#5093,.T.);
#7900=ORIENTED_EDGE('',*,*,#5061,.T.);
#7901=ORIENTED_EDGE('',*,*,#5351,.T.);
#7902=ORIENTED_EDGE('',*,*,#5039,.F.);
#7903=ORIENTED_EDGE('',*,*,#5006,.T.);
#7904=ORIENTED_EDGE('',*,*,#5003,.F.);
#7905=ORIENTED_EDGE('',*,*,#5776,.T.);
#7906=ORIENTED_EDGE('',*,*,#5777,.F.);
#7907=ORIENTED_EDGE('',*,*,#5778,.T.);
#7908=ORIENTED_EDGE('',*,*,#5715,.T.);
#7909=ORIENTED_EDGE('',*,*,#5724,.T.);
#7910=ORIENTED_EDGE('',*,*,#5719,.T.);
#7911=ORIENTED_EDGE('',*,*,#5381,.T.);
#7912=ORIENTED_EDGE('',*,*,#5779,.F.);
#7913=ORIENTED_EDGE('',*,*,#5764,.T.);
#7914=ORIENTED_EDGE('',*,*,#4990,.F.);
#7915=ORIENTED_EDGE('',*,*,#5763,.F.);
#7916=ORIENTED_EDGE('',*,*,#5156,.F.);
#7917=ORIENTED_EDGE('',*,*,#5780,.T.);
#7918=ORIENTED_EDGE('',*,*,#5762,.F.);
#7919=ORIENTED_EDGE('',*,*,#5781,.F.);
#7920=ORIENTED_EDGE('',*,*,#5776,.F.);
#7921=ORIENTED_EDGE('',*,*,#5714,.F.);
#7922=ORIENTED_EDGE('',*,*,#5782,.T.);
#7923=ORIENTED_EDGE('',*,*,#5158,.F.);
#7924=ORIENTED_EDGE('',*,*,#5782,.F.);
#7925=ORIENTED_EDGE('',*,*,#5717,.F.);
#7926=ORIENTED_EDGE('',*,*,#5683,.F.);
#7927=ORIENTED_EDGE('',*,*,#5783,.T.);
#7928=ORIENTED_EDGE('',*,*,#5159,.F.);
#7929=ORIENTED_EDGE('',*,*,#5783,.F.);
#7930=ORIENTED_EDGE('',*,*,#5686,.F.);
#7931=ORIENTED_EDGE('',*,*,#5667,.F.);
#7932=ORIENTED_EDGE('',*,*,#5723,.F.);
#7933=ORIENTED_EDGE('',*,*,#5784,.T.);
#7934=ORIENTED_EDGE('',*,*,#5160,.F.);
#7935=ORIENTED_EDGE('',*,*,#5784,.F.);
#7936=ORIENTED_EDGE('',*,*,#5722,.F.);
#7937=ORIENTED_EDGE('',*,*,#5785,.T.);
#7938=ORIENTED_EDGE('',*,*,#5161,.F.);
#7939=ORIENTED_EDGE('',*,*,#5760,.F.);
#7940=ORIENTED_EDGE('',*,*,#5162,.F.);
#7941=ORIENTED_EDGE('',*,*,#5785,.F.);
#7942=ORIENTED_EDGE('',*,*,#5721,.F.);
#7943=ORIENTED_EDGE('',*,*,#5786,.F.);
#7944=ORIENTED_EDGE('',*,*,#5023,.T.);
#7945=ORIENTED_EDGE('',*,*,#5787,.F.);
#7946=ORIENTED_EDGE('',*,*,#5728,.F.);
#7947=ORIENTED_EDGE('',*,*,#5733,.F.);
#7948=ORIENTED_EDGE('',*,*,#5729,.T.);
#7949=ORIENTED_EDGE('',*,*,#5787,.T.);
#7950=ORIENTED_EDGE('',*,*,#5022,.T.);
#7951=ORIENTED_EDGE('',*,*,#5118,.T.);
#7952=ORIENTED_EDGE('',*,*,#5020,.T.);
#7953=ORIENTED_EDGE('',*,*,#5788,.T.);
#7954=ORIENTED_EDGE('',*,*,#5094,.F.);
#7955=ORIENTED_EDGE('',*,*,#5775,.F.);
#7956=ORIENTED_EDGE('',*,*,#5095,.F.);
#7957=ORIENTED_EDGE('',*,*,#5788,.F.);
#7958=ORIENTED_EDGE('',*,*,#5019,.T.);
#7959=ORIENTED_EDGE('',*,*,#5789,.F.);
#7960=ORIENTED_EDGE('',*,*,#5096,.T.);
#7961=ORIENTED_EDGE('',*,*,#5789,.T.);
#7962=ORIENTED_EDGE('',*,*,#5018,.T.);
#7963=ORIENTED_EDGE('',*,*,#5681,.T.);
#7964=ORIENTED_EDGE('',*,*,#5104,.T.);
#7965=ORIENTED_EDGE('',*,*,#5682,.T.);
#7966=ORIENTED_EDGE('',*,*,#5016,.T.);
#7967=ORIENTED_EDGE('',*,*,#5680,.F.);
#7968=ORIENTED_EDGE('',*,*,#5101,.T.);
#7969=ORIENTED_EDGE('',*,*,#5150,.T.);
#7970=ORIENTED_EDGE('',*,*,#5013,.T.);
#7971=ORIENTED_EDGE('',*,*,#5054,.T.);
#7972=ORIENTED_EDGE('',*,*,#5038,.T.);
#7973=ORIENTED_EDGE('',*,*,#5044,.T.);
#7974=ORIENTED_EDGE('',*,*,#5731,.T.);
#7975=ORIENTED_EDGE('',*,*,#5051,.T.);
#7976=ORIENTED_EDGE('',*,*,#5009,.T.);
#7977=ORIENTED_EDGE('',*,*,#5744,.F.);
#7978=ORIENTED_EDGE('',*,*,#5739,.F.);
#7979=ORIENTED_EDGE('',*,*,#5758,.F.);
#7980=ORIENTED_EDGE('',*,*,#5749,.F.);
#7981=ORIENTED_EDGE('',*,*,#5747,.F.);
#7982=ORIENTED_EDGE('',*,*,#5790,.F.);
#7983=ORIENTED_EDGE('',*,*,#5488,.T.);
#7984=ORIENTED_EDGE('',*,*,#5791,.F.);
#7985=ORIENTED_EDGE('',*,*,#5792,.F.);
#7986=ORIENTED_EDGE('',*,*,#5134,.F.);
#7987=ORIENTED_EDGE('',*,*,#5743,.F.);
#7988=ORIENTED_EDGE('',*,*,#5741,.F.);
#7989=ORIENTED_EDGE('',*,*,#4723,.F.);
#7990=ORIENTED_EDGE('',*,*,#4730,.T.);
#7991=ORIENTED_EDGE('',*,*,#5484,.T.);
#7992=ORIENTED_EDGE('',*,*,#5793,.F.);
#7993=ORIENTED_EDGE('',*,*,#5216,.F.);
#7994=ORIENTED_EDGE('',*,*,#5734,.F.);
#7995=ORIENTED_EDGE('',*,*,#5699,.T.);
#7996=ORIENTED_EDGE('',*,*,#5155,.F.);
#7997=ORIENTED_EDGE('',*,*,#5794,.T.);
#7998=ORIENTED_EDGE('',*,*,#5795,.F.);
#7999=ORIENTED_EDGE('',*,*,#5796,.T.);
#8000=ORIENTED_EDGE('',*,*,#4991,.F.);
#8001=ORIENTED_EDGE('',*,*,#5780,.F.);
#8002=ORIENTED_EDGE('',*,*,#5797,.T.);
#8003=ORIENTED_EDGE('',*,*,#4993,.F.);
#8004=ORIENTED_EDGE('',*,*,#5798,.T.);
#8005=ORIENTED_EDGE('',*,*,#5799,.F.);
#8006=ORIENTED_EDGE('',*,*,#5800,.F.);
#8007=ORIENTED_EDGE('',*,*,#5423,.F.);
#8008=ORIENTED_EDGE('',*,*,#5801,.F.);
#8009=ORIENTED_EDGE('',*,*,#5802,.F.);
#8010=ORIENTED_EDGE('',*,*,#4959,.T.);
#8011=ORIENTED_EDGE('',*,*,#5745,.T.);
#8012=ORIENTED_EDGE('',*,*,#5790,.T.);
#8013=ORIENTED_EDGE('',*,*,#5746,.T.);
#8014=ORIENTED_EDGE('',*,*,#5803,.T.);
#8015=ORIENTED_EDGE('',*,*,#5804,.T.);
#8016=ORIENTED_EDGE('',*,*,#4878,.F.);
#8017=ORIENTED_EDGE('',*,*,#5753,.F.);
#8018=ORIENTED_EDGE('',*,*,#5752,.F.);
#8019=ORIENTED_EDGE('',*,*,#5180,.F.);
#8020=ORIENTED_EDGE('',*,*,#5805,.T.);
#8021=ORIENTED_EDGE('',*,*,#5803,.F.);
#8022=ORIENTED_EDGE('',*,*,#5806,.T.);
#8023=ORIENTED_EDGE('',*,*,#5807,.T.);
#8024=ORIENTED_EDGE('',*,*,#5755,.F.);
#8025=ORIENTED_EDGE('',*,*,#4908,.F.);
#8026=ORIENTED_EDGE('',*,*,#5808,.T.);
#8027=ORIENTED_EDGE('',*,*,#4785,.F.);
#8028=ORIENTED_EDGE('',*,*,#5754,.F.);
#8029=ORIENTED_EDGE('',*,*,#5807,.F.);
#8030=ORIENTED_EDGE('',*,*,#5756,.F.);
#8031=ORIENTED_EDGE('',*,*,#4798,.F.);
#8032=ORIENTED_EDGE('',*,*,#5809,.T.);
#8033=ORIENTED_EDGE('',*,*,#5703,.T.);
#8034=ORIENTED_EDGE('',*,*,#5737,.F.);
#8035=ORIENTED_EDGE('',*,*,#4978,.F.);
#8036=ORIENTED_EDGE('',*,*,#5751,.F.);
#8037=ORIENTED_EDGE('',*,*,#5757,.F.);
#8038=ORIENTED_EDGE('',*,*,#5792,.T.);
#8039=ORIENTED_EDGE('',*,*,#5810,.F.);
#8040=ORIENTED_EDGE('',*,*,#4952,.F.);
#8041=ORIENTED_EDGE('',*,*,#5138,.T.);
#8042=ORIENTED_EDGE('',*,*,#5135,.T.);
#8043=ORIENTED_EDGE('',*,*,#4953,.F.);
#8044=ORIENTED_EDGE('',*,*,#5810,.T.);
#8045=ORIENTED_EDGE('',*,*,#5791,.T.);
#8046=ORIENTED_EDGE('',*,*,#4726,.T.);
#8047=ORIENTED_EDGE('',*,*,#5765,.T.);
#8048=ORIENTED_EDGE('',*,*,#5779,.T.);
#8049=ORIENTED_EDGE('',*,*,#5380,.T.);
#8050=ORIENTED_EDGE('',*,*,#5777,.T.);
#8051=ORIENTED_EDGE('',*,*,#5781,.T.);
#8052=ORIENTED_EDGE('',*,*,#5685,.F.);
#8053=ORIENTED_EDGE('',*,*,#5716,.F.);
#8054=ORIENTED_EDGE('',*,*,#5778,.F.);
#8055=ORIENTED_EDGE('',*,*,#5384,.T.);
#8056=ORIENTED_EDGE('',*,*,#5669,.F.);
#8057=ORIENTED_EDGE('',*,*,#5154,.F.);
#8058=ORIENTED_EDGE('',*,*,#5811,.F.);
#8059=ORIENTED_EDGE('',*,*,#5794,.F.);
#8060=ORIENTED_EDGE('',*,*,#5812,.F.);
#8061=ORIENTED_EDGE('',*,*,#5024,.T.);
#8062=ORIENTED_EDGE('',*,*,#5786,.T.);
#8063=ORIENTED_EDGE('',*,*,#5732,.T.);
#8064=ORIENTED_EDGE('',*,*,#5694,.T.);
#8065=ORIENTED_EDGE('',*,*,#5696,.T.);
#8066=ORIENTED_EDGE('',*,*,#5364,.T.);
#8067=ORIENTED_EDGE('',*,*,#5813,.F.);
#8068=ORIENTED_EDGE('',*,*,#5814,.F.);
#8069=ORIENTED_EDGE('',*,*,#5459,.F.);
#8070=ORIENTED_EDGE('',*,*,#5815,.F.);
#8071=ORIENTED_EDGE('',*,*,#5816,.F.);
#8072=ORIENTED_EDGE('',*,*,#5817,.T.);
#8073=ORIENTED_EDGE('',*,*,#5467,.F.);
#8074=ORIENTED_EDGE('',*,*,#5818,.F.);
#8075=ORIENTED_EDGE('',*,*,#5819,.F.);
#8076=ORIENTED_EDGE('',*,*,#5820,.F.);
#8077=ORIENTED_EDGE('',*,*,#5821,.F.);
#8078=ORIENTED_EDGE('',*,*,#5822,.F.);
#8079=ORIENTED_EDGE('',*,*,#5469,.F.);
#8080=ORIENTED_EDGE('',*,*,#5823,.F.);
#8081=ORIENTED_EDGE('',*,*,#5824,.F.);
#8082=ORIENTED_EDGE('',*,*,#5441,.F.);
#8083=ORIENTED_EDGE('',*,*,#5825,.F.);
#8084=ORIENTED_EDGE('',*,*,#5826,.F.);
#8085=ORIENTED_EDGE('',*,*,#5827,.T.);
#8086=ORIENTED_EDGE('',*,*,#5449,.F.);
#8087=ORIENTED_EDGE('',*,*,#5828,.F.);
#8088=ORIENTED_EDGE('',*,*,#5829,.F.);
#8089=ORIENTED_EDGE('',*,*,#5830,.F.);
#8090=ORIENTED_EDGE('',*,*,#5831,.F.);
#8091=ORIENTED_EDGE('',*,*,#5832,.F.);
#8092=ORIENTED_EDGE('',*,*,#5451,.F.);
#8093=ORIENTED_EDGE('',*,*,#5833,.F.);
#8094=ORIENTED_EDGE('',*,*,#5834,.F.);
#8095=ORIENTED_EDGE('',*,*,#4839,.F.);
#8096=ORIENTED_EDGE('',*,*,#5835,.T.);
#8097=ORIENTED_EDGE('',*,*,#5793,.T.);
#8098=ORIENTED_EDGE('',*,*,#5698,.T.);
#8099=ORIENTED_EDGE('',*,*,#4840,.T.);
#8100=ORIENTED_EDGE('',*,*,#5834,.T.);
#8101=ORIENTED_EDGE('',*,*,#5836,.T.);
#8102=ORIENTED_EDGE('',*,*,#5217,.T.);
#8103=ORIENTED_EDGE('',*,*,#4995,.T.);
#8104=ORIENTED_EDGE('',*,*,#5837,.T.);
#8105=ORIENTED_EDGE('',*,*,#5838,.F.);
#8106=ORIENTED_EDGE('',*,*,#4976,.F.);
#8107=ORIENTED_EDGE('',*,*,#5148,.F.);
#8108=ORIENTED_EDGE('',*,*,#5839,.T.);
#8109=ORIENTED_EDGE('',*,*,#5798,.F.);
#8110=ORIENTED_EDGE('',*,*,#4992,.F.);
#8111=ORIENTED_EDGE('',*,*,#5796,.F.);
#8112=ORIENTED_EDGE('',*,*,#5840,.F.);
#8113=ORIENTED_EDGE('',*,*,#5362,.F.);
#8114=ORIENTED_EDGE('',*,*,#4883,.F.);
#8115=ORIENTED_EDGE('',*,*,#5169,.F.);
#8116=ORIENTED_EDGE('',*,*,#5225,.F.);
#8117=ORIENTED_EDGE('',*,*,#5841,.T.);
#8118=ORIENTED_EDGE('',*,*,#5842,.F.);
#8119=ORIENTED_EDGE('',*,*,#5843,.T.);
#8120=ORIENTED_EDGE('',*,*,#5844,.F.);
#8121=ORIENTED_EDGE('',*,*,#5845,.T.);
#8122=ORIENTED_EDGE('',*,*,#5846,.T.);
#8123=ORIENTED_EDGE('',*,*,#5847,.T.);
#8124=ORIENTED_EDGE('',*,*,#5848,.T.);
#8125=ORIENTED_EDGE('',*,*,#5849,.T.);
#8126=ORIENTED_EDGE('',*,*,#5850,.F.);
#8127=ORIENTED_EDGE('',*,*,#5851,.T.);
#8128=ORIENTED_EDGE('',*,*,#5852,.F.);
#8129=ORIENTED_EDGE('',*,*,#5853,.F.);
#8130=ORIENTED_EDGE('',*,*,#4943,.F.);
#8131=ORIENTED_EDGE('',*,*,#5854,.T.);
#8132=ORIENTED_EDGE('',*,*,#4831,.T.);
#8133=ORIENTED_EDGE('',*,*,#4718,.F.);
#8134=ORIENTED_EDGE('',*,*,#4972,.T.);
#8135=ORIENTED_EDGE('',*,*,#5166,.T.);
#8136=ORIENTED_EDGE('',*,*,#4833,.T.);
#8137=ORIENTED_EDGE('',*,*,#5167,.T.);
#8138=ORIENTED_EDGE('',*,*,#4970,.T.);
#8139=ORIENTED_EDGE('',*,*,#5855,.F.);
#8140=ORIENTED_EDGE('',*,*,#4835,.T.);
#8141=ORIENTED_EDGE('',*,*,#5856,.F.);
#8142=ORIENTED_EDGE('',*,*,#4968,.T.);
#8143=ORIENTED_EDGE('',*,*,#5857,.T.);
#8144=ORIENTED_EDGE('',*,*,#5179,.F.);
#8145=ORIENTED_EDGE('',*,*,#5171,.T.);
#8146=ORIENTED_EDGE('',*,*,#4879,.F.);
#8147=ORIENTED_EDGE('',*,*,#5804,.F.);
#8148=ORIENTED_EDGE('',*,*,#5805,.F.);
#8149=ORIENTED_EDGE('',*,*,#4907,.F.);
#8150=ORIENTED_EDGE('',*,*,#5858,.F.);
#8151=ORIENTED_EDGE('',*,*,#4786,.F.);
#8152=ORIENTED_EDGE('',*,*,#5808,.F.);
#8153=ORIENTED_EDGE('',*,*,#5806,.F.);
#8154=ORIENTED_EDGE('',*,*,#4830,.T.);
#8155=ORIENTED_EDGE('',*,*,#4948,.T.);
#8156=ORIENTED_EDGE('',*,*,#4973,.T.);
#8157=ORIENTED_EDGE('',*,*,#4720,.F.);
#8158=ORIENTED_EDGE('',*,*,#5809,.F.);
#8159=ORIENTED_EDGE('',*,*,#4797,.F.);
#8160=ORIENTED_EDGE('',*,*,#5859,.T.);
#8161=ORIENTED_EDGE('',*,*,#5854,.F.);
#8162=ORIENTED_EDGE('',*,*,#4942,.F.);
#8163=ORIENTED_EDGE('',*,*,#5704,.F.);
#8164=ORIENTED_EDGE('',*,*,#5860,.T.);
#8165=ORIENTED_EDGE('',*,*,#4982,.F.);
#8166=ORIENTED_EDGE('',*,*,#5352,.F.);
#8167=ORIENTED_EDGE('',*,*,#5001,.F.);
#8168=ORIENTED_EDGE('',*,*,#5000,.F.);
#8169=ORIENTED_EDGE('',*,*,#4996,.F.);
#8170=ORIENTED_EDGE('',*,*,#4983,.F.);
#8171=ORIENTED_EDGE('',*,*,#5860,.F.);
#8172=ORIENTED_EDGE('',*,*,#5812,.T.);
#8173=ORIENTED_EDGE('',*,*,#5363,.T.);
#8174=ORIENTED_EDGE('',*,*,#5840,.T.);
#8175=ORIENTED_EDGE('',*,*,#5795,.T.);
#8176=ORIENTED_EDGE('',*,*,#5811,.T.);
#8177=ORIENTED_EDGE('',*,*,#5153,.T.);
#8178=ORIENTED_EDGE('',*,*,#5025,.T.);
#8179=ORIENTED_EDGE('',*,*,#5477,.T.);
#8180=ORIENTED_EDGE('',*,*,#5486,.F.);
#8181=ORIENTED_EDGE('',*,*,#5254,.T.);
#8182=ORIENTED_EDGE('',*,*,#5861,.F.);
#8183=ORIENTED_EDGE('',*,*,#5862,.F.);
#8184=ORIENTED_EDGE('',*,*,#5863,.F.);
#8185=ORIENTED_EDGE('',*,*,#5864,.F.);
#8186=ORIENTED_EDGE('',*,*,#5463,.F.);
#8187=ORIENTED_EDGE('',*,*,#5865,.F.);
#8188=ORIENTED_EDGE('',*,*,#5866,.F.);
#8189=ORIENTED_EDGE('',*,*,#5867,.F.);
#8190=ORIENTED_EDGE('',*,*,#5868,.F.);
#8191=ORIENTED_EDGE('',*,*,#5869,.F.);
#8192=ORIENTED_EDGE('',*,*,#5445,.F.);
#8193=ORIENTED_EDGE('',*,*,#5870,.F.);
#8194=ORIENTED_EDGE('',*,*,#5871,.F.);
#8195=ORIENTED_EDGE('',*,*,#5872,.F.);
#8196=ORIENTED_EDGE('',*,*,#5873,.F.);
#8197=ORIENTED_EDGE('',*,*,#5462,.T.);
#8198=ORIENTED_EDGE('',*,*,#5874,.T.);
#8199=ORIENTED_EDGE('',*,*,#5875,.T.);
#8200=ORIENTED_EDGE('',*,*,#5813,.T.);
#8201=ORIENTED_EDGE('',*,*,#5876,.T.);
#8202=ORIENTED_EDGE('',*,*,#5865,.T.);
#8203=ORIENTED_EDGE('',*,*,#5874,.F.);
#8204=ORIENTED_EDGE('',*,*,#5461,.T.);
#8205=ORIENTED_EDGE('',*,*,#5877,.T.);
#8206=ORIENTED_EDGE('',*,*,#5460,.T.);
#8207=ORIENTED_EDGE('',*,*,#5814,.T.);
#8208=ORIENTED_EDGE('',*,*,#5875,.F.);
#8209=ORIENTED_EDGE('',*,*,#5877,.F.);
#8210=ORIENTED_EDGE('',*,*,#5878,.T.);
#8211=ORIENTED_EDGE('',*,*,#5879,.T.);
#8212=ORIENTED_EDGE('',*,*,#5815,.T.);
#8213=ORIENTED_EDGE('',*,*,#5476,.T.);
#8214=ORIENTED_EDGE('',*,*,#5475,.T.);
#8215=ORIENTED_EDGE('',*,*,#5880,.T.);
#8216=ORIENTED_EDGE('',*,*,#5878,.F.);
#8217=ORIENTED_EDGE('',*,*,#5471,.T.);
#8218=ORIENTED_EDGE('',*,*,#5881,.F.);
#8219=ORIENTED_EDGE('',*,*,#5882,.F.);
#8220=ORIENTED_EDGE('',*,*,#5881,.T.);
#8221=ORIENTED_EDGE('',*,*,#5470,.T.);
#8222=ORIENTED_EDGE('',*,*,#5822,.T.);
#8223=ORIENTED_EDGE('',*,*,#5883,.T.);
#8224=ORIENTED_EDGE('',*,*,#5466,.T.);
#8225=ORIENTED_EDGE('',*,*,#5884,.T.);
#8226=ORIENTED_EDGE('',*,*,#5885,.F.);
#8227=ORIENTED_EDGE('',*,*,#5818,.T.);
#8228=ORIENTED_EDGE('',*,*,#5886,.F.);
#8229=ORIENTED_EDGE('',*,*,#5884,.F.);
#8230=ORIENTED_EDGE('',*,*,#5465,.T.);
#8231=ORIENTED_EDGE('',*,*,#5864,.T.);
#8232=ORIENTED_EDGE('',*,*,#5887,.F.);
#8233=ORIENTED_EDGE('',*,*,#5819,.T.);
#8234=ORIENTED_EDGE('',*,*,#5885,.T.);
#8235=ORIENTED_EDGE('',*,*,#5886,.T.);
#8236=ORIENTED_EDGE('',*,*,#5464,.T.);
#8237=ORIENTED_EDGE('',*,*,#5444,.T.);
#8238=ORIENTED_EDGE('',*,*,#5888,.T.);
#8239=ORIENTED_EDGE('',*,*,#5889,.T.);
#8240=ORIENTED_EDGE('',*,*,#5823,.T.);
#8241=ORIENTED_EDGE('',*,*,#5890,.T.);
#8242=ORIENTED_EDGE('',*,*,#5870,.T.);
#8243=ORIENTED_EDGE('',*,*,#5888,.F.);
#8244=ORIENTED_EDGE('',*,*,#5443,.T.);
#8245=ORIENTED_EDGE('',*,*,#5891,.T.);
#8246=ORIENTED_EDGE('',*,*,#5442,.T.);
#8247=ORIENTED_EDGE('',*,*,#5824,.T.);
#8248=ORIENTED_EDGE('',*,*,#5889,.F.);
#8249=ORIENTED_EDGE('',*,*,#5891,.F.);
#8250=ORIENTED_EDGE('',*,*,#5892,.T.);
#8251=ORIENTED_EDGE('',*,*,#5893,.T.);
#8252=ORIENTED_EDGE('',*,*,#5825,.T.);
#8253=ORIENTED_EDGE('',*,*,#5458,.T.);
#8254=ORIENTED_EDGE('',*,*,#5457,.T.);
#8255=ORIENTED_EDGE('',*,*,#5894,.T.);
#8256=ORIENTED_EDGE('',*,*,#5892,.F.);
#8257=ORIENTED_EDGE('',*,*,#5453,.T.);
#8258=ORIENTED_EDGE('',*,*,#5895,.F.);
#8259=ORIENTED_EDGE('',*,*,#5896,.F.);
#8260=ORIENTED_EDGE('',*,*,#5895,.T.);
#8261=ORIENTED_EDGE('',*,*,#5452,.T.);
#8262=ORIENTED_EDGE('',*,*,#5832,.T.);
#8263=ORIENTED_EDGE('',*,*,#5897,.T.);
#8264=ORIENTED_EDGE('',*,*,#5448,.T.);
#8265=ORIENTED_EDGE('',*,*,#5898,.T.);
#8266=ORIENTED_EDGE('',*,*,#5899,.F.);
#8267=ORIENTED_EDGE('',*,*,#5828,.T.);
#8268=ORIENTED_EDGE('',*,*,#5900,.F.);
#8269=ORIENTED_EDGE('',*,*,#5898,.F.);
#8270=ORIENTED_EDGE('',*,*,#5447,.T.);
#8271=ORIENTED_EDGE('',*,*,#5869,.T.);
#8272=ORIENTED_EDGE('',*,*,#5901,.F.);
#8273=ORIENTED_EDGE('',*,*,#5829,.T.);
#8274=ORIENTED_EDGE('',*,*,#5899,.T.);
#8275=ORIENTED_EDGE('',*,*,#5900,.T.);
#8276=ORIENTED_EDGE('',*,*,#5446,.T.);
#8277=ORIENTED_EDGE('',*,*,#5229,.F.);
#8278=ORIENTED_EDGE('',*,*,#5222,.F.);
#8279=ORIENTED_EDGE('',*,*,#5902,.F.);
#8280=ORIENTED_EDGE('',*,*,#5903,.T.);
#8281=ORIENTED_EDGE('',*,*,#5904,.F.);
#8282=ORIENTED_EDGE('',*,*,#5218,.F.);
#8283=ORIENTED_EDGE('',*,*,#5836,.F.);
#8284=ORIENTED_EDGE('',*,*,#5833,.T.);
#8285=ORIENTED_EDGE('',*,*,#4977,.T.);
#8286=ORIENTED_EDGE('',*,*,#5838,.T.);
#8287=ORIENTED_EDGE('',*,*,#5905,.T.);
#8288=ORIENTED_EDGE('',*,*,#4963,.F.);
#8289=ORIENTED_EDGE('',*,*,#5147,.F.);
#8290=ORIENTED_EDGE('',*,*,#5906,.T.);
#8291=ORIENTED_EDGE('',*,*,#5907,.T.);
#8292=ORIENTED_EDGE('',*,*,#5908,.F.);
#8293=ORIENTED_EDGE('',*,*,#5799,.T.);
#8294=ORIENTED_EDGE('',*,*,#5839,.F.);
#8295=ORIENTED_EDGE('',*,*,#5909,.T.);
#8296=ORIENTED_EDGE('',*,*,#5910,.T.);
#8297=ORIENTED_EDGE('',*,*,#5145,.F.);
#8298=ORIENTED_EDGE('',*,*,#5911,.T.);
#8299=ORIENTED_EDGE('',*,*,#5910,.F.);
#8300=ORIENTED_EDGE('',*,*,#5912,.T.);
#8301=ORIENTED_EDGE('',*,*,#5913,.F.);
#8302=ORIENTED_EDGE('',*,*,#5914,.T.);
#8303=ORIENTED_EDGE('',*,*,#5736,.T.);
#8304=ORIENTED_EDGE('',*,*,#5410,.T.);
#8305=ORIENTED_EDGE('',*,*,#5841,.F.);
#8306=ORIENTED_EDGE('',*,*,#5224,.F.);
#8307=ORIENTED_EDGE('',*,*,#5228,.F.);
#8308=ORIENTED_EDGE('',*,*,#5231,.F.);
#8309=ORIENTED_EDGE('',*,*,#4884,.F.);
#8310=ORIENTED_EDGE('',*,*,#5230,.F.);
#8311=ORIENTED_EDGE('',*,*,#5903,.F.);
#8312=ORIENTED_EDGE('',*,*,#5915,.F.);
#8313=ORIENTED_EDGE('',*,*,#5916,.F.);
#8314=ORIENTED_EDGE('',*,*,#4886,.F.);
#8315=ORIENTED_EDGE('',*,*,#5232,.F.);
#8316=ORIENTED_EDGE('',*,*,#5917,.F.);
#8317=ORIENTED_EDGE('',*,*,#5843,.F.);
#8318=ORIENTED_EDGE('',*,*,#5918,.F.);
#8319=ORIENTED_EDGE('',*,*,#5919,.T.);
#8320=ORIENTED_EDGE('',*,*,#4903,.F.);
#8321=ORIENTED_EDGE('',*,*,#5479,.F.);
#8322=ORIENTED_EDGE('',*,*,#4790,.F.);
#8323=ORIENTED_EDGE('',*,*,#5920,.T.);
#8324=ORIENTED_EDGE('',*,*,#5439,.T.);
#8325=ORIENTED_EDGE('',*,*,#5848,.F.);
#8326=ORIENTED_EDGE('',*,*,#5921,.T.);
#8327=ORIENTED_EDGE('',*,*,#5922,.F.);
#8328=ORIENTED_EDGE('',*,*,#5849,.F.);
#8329=ORIENTED_EDGE('',*,*,#5437,.T.);
#8330=ORIENTED_EDGE('',*,*,#5923,.F.);
#8331=ORIENTED_EDGE('',*,*,#5436,.T.);
#8332=ORIENTED_EDGE('',*,*,#5845,.F.);
#8333=ORIENTED_EDGE('',*,*,#5440,.T.);
#8334=ORIENTED_EDGE('',*,*,#5924,.T.);
#8335=ORIENTED_EDGE('',*,*,#5846,.F.);
#8336=ORIENTED_EDGE('',*,*,#5851,.F.);
#8337=ORIENTED_EDGE('',*,*,#5925,.F.);
#8338=ORIENTED_EDGE('',*,*,#5926,.F.);
#8339=ORIENTED_EDGE('',*,*,#5927,.T.);
#8340=ORIENTED_EDGE('',*,*,#5928,.T.);
#8341=ORIENTED_EDGE('',*,*,#4759,.F.);
#8342=ORIENTED_EDGE('',*,*,#4756,.F.);
#8343=ORIENTED_EDGE('',*,*,#4901,.F.);
#8344=ORIENTED_EDGE('',*,*,#5929,.F.);
#8345=ORIENTED_EDGE('',*,*,#5930,.F.);
#8346=ORIENTED_EDGE('',*,*,#5931,.F.);
#8347=ORIENTED_EDGE('',*,*,#4792,.F.);
#8348=ORIENTED_EDGE('',*,*,#4760,.F.);
#8349=ORIENTED_EDGE('',*,*,#5928,.F.);
#8350=ORIENTED_EDGE('',*,*,#4834,.F.);
#8351=ORIENTED_EDGE('',*,*,#5855,.T.);
#8352=ORIENTED_EDGE('',*,*,#4969,.T.);
#8353=ORIENTED_EDGE('',*,*,#5856,.T.);
#8354=ORIENTED_EDGE('',*,*,#4967,.F.);
#8355=ORIENTED_EDGE('',*,*,#5932,.T.);
#8356=ORIENTED_EDGE('',*,*,#4836,.F.);
#8357=ORIENTED_EDGE('',*,*,#5857,.F.);
#8358=ORIENTED_EDGE('',*,*,#5226,.T.);
#8359=ORIENTED_EDGE('',*,*,#5170,.F.);
#8360=ORIENTED_EDGE('',*,*,#4881,.F.);
#8361=ORIENTED_EDGE('',*,*,#5173,.T.);
#8362=ORIENTED_EDGE('',*,*,#5933,.F.);
#8363=ORIENTED_EDGE('',*,*,#4905,.F.);
#8364=ORIENTED_EDGE('',*,*,#5934,.T.);
#8365=ORIENTED_EDGE('',*,*,#4788,.T.);
#8366=ORIENTED_EDGE('',*,*,#4787,.T.);
#8367=ORIENTED_EDGE('',*,*,#5858,.T.);
#8368=ORIENTED_EDGE('',*,*,#4906,.F.);
#8369=ORIENTED_EDGE('',*,*,#5933,.T.);
#8370=ORIENTED_EDGE('',*,*,#5859,.F.);
#8371=ORIENTED_EDGE('',*,*,#4796,.F.);
#8372=ORIENTED_EDGE('',*,*,#5935,.T.);
#8373=ORIENTED_EDGE('',*,*,#5852,.T.);
#8374=ORIENTED_EDGE('',*,*,#5361,.T.);
#8375=ORIENTED_EDGE('',*,*,#5259,.F.);
#8376=ORIENTED_EDGE('',*,*,#5407,.F.);
#8377=ORIENTED_EDGE('',*,*,#5141,.F.);
#8378=ORIENTED_EDGE('',*,*,#5936,.F.);
#8379=ORIENTED_EDGE('',*,*,#5861,.T.);
#8380=ORIENTED_EDGE('',*,*,#5253,.F.);
#8381=ORIENTED_EDGE('',*,*,#5360,.T.);
#8382=ORIENTED_EDGE('',*,*,#5937,.F.);
#8383=ORIENTED_EDGE('',*,*,#5862,.T.);
#8384=ORIENTED_EDGE('',*,*,#5936,.T.);
#8385=ORIENTED_EDGE('',*,*,#5359,.T.);
#8386=ORIENTED_EDGE('',*,*,#5358,.T.);
#8387=ORIENTED_EDGE('',*,*,#5255,.F.);
#8388=ORIENTED_EDGE('',*,*,#5863,.T.);
#8389=ORIENTED_EDGE('',*,*,#5937,.T.);
#8390=ORIENTED_EDGE('',*,*,#5883,.F.);
#8391=ORIENTED_EDGE('',*,*,#5821,.T.);
#8392=ORIENTED_EDGE('',*,*,#5938,.F.);
#8393=ORIENTED_EDGE('',*,*,#5939,.T.);
#8394=ORIENTED_EDGE('',*,*,#5472,.T.);
#8395=ORIENTED_EDGE('',*,*,#5882,.T.);
#8396=ORIENTED_EDGE('',*,*,#5816,.T.);
#8397=ORIENTED_EDGE('',*,*,#5879,.F.);
#8398=ORIENTED_EDGE('',*,*,#5880,.F.);
#8399=ORIENTED_EDGE('',*,*,#5474,.T.);
#8400=ORIENTED_EDGE('',*,*,#5940,.T.);
#8401=ORIENTED_EDGE('',*,*,#5941,.T.);
#8402=ORIENTED_EDGE('',*,*,#5867,.T.);
#8403=ORIENTED_EDGE('',*,*,#5942,.T.);
#8404=ORIENTED_EDGE('',*,*,#5389,.F.);
#8405=ORIENTED_EDGE('',*,*,#5943,.F.);
#8406=ORIENTED_EDGE('',*,*,#5897,.F.);
#8407=ORIENTED_EDGE('',*,*,#5831,.T.);
#8408=ORIENTED_EDGE('',*,*,#5944,.F.);
#8409=ORIENTED_EDGE('',*,*,#5945,.T.);
#8410=ORIENTED_EDGE('',*,*,#5454,.T.);
#8411=ORIENTED_EDGE('',*,*,#5896,.T.);
#8412=ORIENTED_EDGE('',*,*,#5826,.T.);
#8413=ORIENTED_EDGE('',*,*,#5893,.F.);
#8414=ORIENTED_EDGE('',*,*,#5894,.F.);
#8415=ORIENTED_EDGE('',*,*,#5456,.T.);
#8416=ORIENTED_EDGE('',*,*,#5946,.T.);
#8417=ORIENTED_EDGE('',*,*,#5947,.T.);
#8418=ORIENTED_EDGE('',*,*,#5872,.T.);
#8419=ORIENTED_EDGE('',*,*,#5948,.T.);
#8420=ORIENTED_EDGE('',*,*,#5393,.F.);
#8421=ORIENTED_EDGE('',*,*,#5949,.F.);
#8422=ORIENTED_EDGE('',*,*,#5950,.F.);
#8423=ORIENTED_EDGE('',*,*,#5915,.T.);
#8424=ORIENTED_EDGE('',*,*,#5902,.T.);
#8425=ORIENTED_EDGE('',*,*,#5221,.T.);
#8426=ORIENTED_EDGE('',*,*,#5951,.F.);
#8427=ORIENTED_EDGE('',*,*,#4837,.F.);
#8428=ORIENTED_EDGE('',*,*,#5932,.F.);
#8429=ORIENTED_EDGE('',*,*,#4966,.F.);
#8430=ORIENTED_EDGE('',*,*,#5952,.F.);
#8431=ORIENTED_EDGE('',*,*,#4964,.F.);
#8432=ORIENTED_EDGE('',*,*,#5905,.F.);
#8433=ORIENTED_EDGE('',*,*,#5837,.F.);
#8434=ORIENTED_EDGE('',*,*,#4994,.F.);
#8435=ORIENTED_EDGE('',*,*,#5797,.F.);
#8436=ORIENTED_EDGE('',*,*,#5908,.T.);
#8437=ORIENTED_EDGE('',*,*,#5953,.T.);
#8438=ORIENTED_EDGE('',*,*,#5419,.T.);
#8439=ORIENTED_EDGE('',*,*,#5954,.F.);
#8440=ORIENTED_EDGE('',*,*,#5955,.T.);
#8441=ORIENTED_EDGE('',*,*,#5414,.T.);
#8442=ORIENTED_EDGE('',*,*,#5956,.F.);
#8443=ORIENTED_EDGE('',*,*,#5802,.T.);
#8444=ORIENTED_EDGE('',*,*,#5957,.F.);
#8445=ORIENTED_EDGE('',*,*,#5958,.T.);
#8446=ORIENTED_EDGE('',*,*,#5420,.T.);
#8447=ORIENTED_EDGE('',*,*,#5953,.F.);
#8448=ORIENTED_EDGE('',*,*,#5907,.F.);
#8449=ORIENTED_EDGE('',*,*,#5959,.T.);
#8450=ORIENTED_EDGE('',*,*,#5909,.F.);
#8451=ORIENTED_EDGE('',*,*,#5911,.F.);
#8452=ORIENTED_EDGE('',*,*,#5144,.F.);
#8453=ORIENTED_EDGE('',*,*,#5960,.T.);
#8454=ORIENTED_EDGE('',*,*,#5959,.F.);
#8455=ORIENTED_EDGE('',*,*,#5906,.F.);
#8456=ORIENTED_EDGE('',*,*,#5146,.F.);
#8457=ORIENTED_EDGE('',*,*,#5912,.F.);
#8458=ORIENTED_EDGE('',*,*,#5424,.T.);
#8459=ORIENTED_EDGE('',*,*,#5800,.T.);
#8460=ORIENTED_EDGE('',*,*,#5956,.T.);
#8461=ORIENTED_EDGE('',*,*,#5413,.T.);
#8462=ORIENTED_EDGE('',*,*,#5961,.F.);
#8463=ORIENTED_EDGE('',*,*,#5426,.T.);
#8464=ORIENTED_EDGE('',*,*,#5735,.F.);
#8465=ORIENTED_EDGE('',*,*,#5914,.F.);
#8466=ORIENTED_EDGE('',*,*,#5427,.T.);
#8467=ORIENTED_EDGE('',*,*,#5961,.T.);
#8468=ORIENTED_EDGE('',*,*,#5913,.T.);
#8469=ORIENTED_EDGE('',*,*,#5409,.T.);
#8470=ORIENTED_EDGE('',*,*,#4887,.F.);
#8471=ORIENTED_EDGE('',*,*,#5916,.T.);
#8472=ORIENTED_EDGE('',*,*,#5950,.T.);
#8473=ORIENTED_EDGE('',*,*,#5962,.F.);
#8474=ORIENTED_EDGE('',*,*,#5963,.F.);
#8475=ORIENTED_EDGE('',*,*,#5925,.T.);
#8476=ORIENTED_EDGE('',*,*,#5850,.T.);
#8477=ORIENTED_EDGE('',*,*,#5922,.T.);
#8478=ORIENTED_EDGE('',*,*,#5923,.T.);
#8479=ORIENTED_EDGE('',*,*,#5844,.T.);
#8480=ORIENTED_EDGE('',*,*,#5917,.T.);
#8481=ORIENTED_EDGE('',*,*,#5964,.T.);
#8482=ORIENTED_EDGE('',*,*,#5965,.T.);
#8483=ORIENTED_EDGE('',*,*,#4904,.F.);
#8484=ORIENTED_EDGE('',*,*,#5920,.F.);
#8485=ORIENTED_EDGE('',*,*,#4789,.F.);
#8486=ORIENTED_EDGE('',*,*,#5934,.F.);
#8487=ORIENTED_EDGE('',*,*,#5924,.F.);
#8488=ORIENTED_EDGE('',*,*,#5921,.F.);
#8489=ORIENTED_EDGE('',*,*,#5847,.F.);
#8490=ORIENTED_EDGE('',*,*,#5927,.F.);
#8491=ORIENTED_EDGE('',*,*,#5966,.F.);
#8492=ORIENTED_EDGE('',*,*,#5967,.T.);
#8493=ORIENTED_EDGE('',*,*,#5968,.F.);
#8494=ORIENTED_EDGE('',*,*,#5918,.T.);
#8495=ORIENTED_EDGE('',*,*,#5842,.T.);
#8496=ORIENTED_EDGE('',*,*,#5969,.F.);
#8497=ORIENTED_EDGE('',*,*,#5930,.T.);
#8498=ORIENTED_EDGE('',*,*,#5929,.T.);
#8499=ORIENTED_EDGE('',*,*,#4900,.F.);
#8500=ORIENTED_EDGE('',*,*,#5970,.F.);
#8501=ORIENTED_EDGE('',*,*,#5931,.T.);
#8502=ORIENTED_EDGE('',*,*,#5969,.T.);
#8503=ORIENTED_EDGE('',*,*,#5971,.F.);
#8504=ORIENTED_EDGE('',*,*,#4793,.T.);
#8505=ORIENTED_EDGE('',*,*,#4945,.F.);
#8506=ORIENTED_EDGE('',*,*,#5972,.T.);
#8507=ORIENTED_EDGE('',*,*,#5973,.T.);
#8508=ORIENTED_EDGE('',*,*,#4949,.F.);
#8509=ORIENTED_EDGE('',*,*,#5974,.T.);
#8510=ORIENTED_EDGE('',*,*,#5975,.T.);
#8511=ORIENTED_EDGE('',*,*,#4950,.T.);
#8512=ORIENTED_EDGE('',*,*,#5973,.F.);
#8513=ORIENTED_EDGE('',*,*,#5976,.T.);
#8514=ORIENTED_EDGE('',*,*,#5977,.T.);
#8515=ORIENTED_EDGE('',*,*,#5353,.F.);
#8516=ORIENTED_EDGE('',*,*,#4980,.F.);
#8517=ORIENTED_EDGE('',*,*,#4974,.F.);
#8518=ORIENTED_EDGE('',*,*,#5975,.F.);
#8519=ORIENTED_EDGE('',*,*,#5307,.T.);
#8520=ORIENTED_EDGE('',*,*,#5275,.F.);
#8521=ORIENTED_EDGE('',*,*,#5297,.F.);
#8522=ORIENTED_EDGE('',*,*,#5978,.F.);
#8523=ORIENTED_EDGE('',*,*,#5866,.T.);
#8524=ORIENTED_EDGE('',*,*,#5876,.F.);
#8525=ORIENTED_EDGE('',*,*,#5817,.F.);
#8526=ORIENTED_EDGE('',*,*,#5941,.F.);
#8527=ORIENTED_EDGE('',*,*,#5979,.T.);
#8528=ORIENTED_EDGE('',*,*,#5292,.F.);
#8529=ORIENTED_EDGE('',*,*,#5390,.F.);
#8530=ORIENTED_EDGE('',*,*,#5942,.F.);
#8531=ORIENTED_EDGE('',*,*,#5979,.F.);
#8532=ORIENTED_EDGE('',*,*,#5940,.F.);
#8533=ORIENTED_EDGE('',*,*,#5473,.F.);
#8534=ORIENTED_EDGE('',*,*,#5939,.F.);
#8535=ORIENTED_EDGE('',*,*,#5980,.F.);
#8536=ORIENTED_EDGE('',*,*,#5293,.F.);
#8537=ORIENTED_EDGE('',*,*,#5980,.T.);
#8538=ORIENTED_EDGE('',*,*,#5938,.T.);
#8539=ORIENTED_EDGE('',*,*,#5820,.T.);
#8540=ORIENTED_EDGE('',*,*,#5887,.T.);
#8541=ORIENTED_EDGE('',*,*,#5868,.T.);
#8542=ORIENTED_EDGE('',*,*,#5943,.T.);
#8543=ORIENTED_EDGE('',*,*,#5388,.T.);
#8544=ORIENTED_EDGE('',*,*,#5294,.F.);
#8545=ORIENTED_EDGE('',*,*,#5871,.T.);
#8546=ORIENTED_EDGE('',*,*,#5890,.F.);
#8547=ORIENTED_EDGE('',*,*,#5827,.F.);
#8548=ORIENTED_EDGE('',*,*,#5947,.F.);
#8549=ORIENTED_EDGE('',*,*,#5981,.T.);
#8550=ORIENTED_EDGE('',*,*,#5287,.F.);
#8551=ORIENTED_EDGE('',*,*,#5394,.F.);
#8552=ORIENTED_EDGE('',*,*,#5948,.F.);
#8553=ORIENTED_EDGE('',*,*,#5981,.F.);
#8554=ORIENTED_EDGE('',*,*,#5946,.F.);
#8555=ORIENTED_EDGE('',*,*,#5455,.F.);
#8556=ORIENTED_EDGE('',*,*,#5945,.F.);
#8557=ORIENTED_EDGE('',*,*,#5982,.F.);
#8558=ORIENTED_EDGE('',*,*,#5288,.F.);
#8559=ORIENTED_EDGE('',*,*,#5982,.T.);
#8560=ORIENTED_EDGE('',*,*,#5944,.T.);
#8561=ORIENTED_EDGE('',*,*,#5830,.T.);
#8562=ORIENTED_EDGE('',*,*,#5901,.T.);
#8563=ORIENTED_EDGE('',*,*,#5873,.T.);
#8564=ORIENTED_EDGE('',*,*,#5949,.T.);
#8565=ORIENTED_EDGE('',*,*,#5392,.T.);
#8566=ORIENTED_EDGE('',*,*,#5289,.F.);
#8567=ORIENTED_EDGE('',*,*,#5298,.F.);
#8568=ORIENTED_EDGE('',*,*,#5286,.F.);
#8569=ORIENTED_EDGE('',*,*,#5310,.T.);
#8570=ORIENTED_EDGE('',*,*,#5983,.T.);
#8571=ORIENTED_EDGE('',*,*,#4888,.F.);
#8572=ORIENTED_EDGE('',*,*,#5962,.T.);
#8573=ORIENTED_EDGE('',*,*,#5984,.F.);
#8574=ORIENTED_EDGE('',*,*,#5985,.F.);
#8575=ORIENTED_EDGE('',*,*,#5220,.T.);
#8576=ORIENTED_EDGE('',*,*,#5986,.F.);
#8577=ORIENTED_EDGE('',*,*,#5984,.T.);
#8578=ORIENTED_EDGE('',*,*,#5951,.T.);
#8579=ORIENTED_EDGE('',*,*,#5801,.T.);
#8580=ORIENTED_EDGE('',*,*,#5422,.T.);
#8581=ORIENTED_EDGE('',*,*,#5987,.T.);
#8582=ORIENTED_EDGE('',*,*,#5957,.T.);
#8583=ORIENTED_EDGE('',*,*,#5143,.F.);
#8584=ORIENTED_EDGE('',*,*,#5406,.T.);
#8585=ORIENTED_EDGE('',*,*,#5415,.F.);
#8586=ORIENTED_EDGE('',*,*,#5955,.F.);
#8587=ORIENTED_EDGE('',*,*,#5987,.F.);
#8588=ORIENTED_EDGE('',*,*,#5421,.T.);
#8589=ORIENTED_EDGE('',*,*,#5958,.F.);
#8590=ORIENTED_EDGE('',*,*,#5960,.F.);
#8591=ORIENTED_EDGE('',*,*,#5978,.T.);
#8592=ORIENTED_EDGE('',*,*,#5296,.T.);
#8593=ORIENTED_EDGE('',*,*,#5303,.T.);
#8594=ORIENTED_EDGE('',*,*,#5308,.F.);
#8595=ORIENTED_EDGE('',*,*,#5235,.F.);
#8596=ORIENTED_EDGE('',*,*,#5988,.F.);
#8597=ORIENTED_EDGE('',*,*,#5244,.T.);
#8598=ORIENTED_EDGE('',*,*,#5989,.T.);
#8599=ORIENTED_EDGE('',*,*,#5965,.F.);
#8600=ORIENTED_EDGE('',*,*,#5990,.F.);
#8601=ORIENTED_EDGE('',*,*,#5991,.F.);
#8602=ORIENTED_EDGE('',*,*,#5992,.F.);
#8603=ORIENTED_EDGE('',*,*,#5993,.T.);
#8604=ORIENTED_EDGE('',*,*,#5967,.F.);
#8605=ORIENTED_EDGE('',*,*,#5994,.F.);
#8606=ORIENTED_EDGE('',*,*,#5995,.F.);
#8607=ORIENTED_EDGE('',*,*,#4745,.F.);
#8608=ORIENTED_EDGE('',*,*,#5996,.F.);
#8609=ORIENTED_EDGE('',*,*,#5340,.T.);
#8610=ORIENTED_EDGE('',*,*,#5348,.F.);
#8611=ORIENTED_EDGE('',*,*,#4899,.T.);
#8612=ORIENTED_EDGE('',*,*,#5997,.T.);
#8613=ORIENTED_EDGE('',*,*,#5998,.F.);
#8614=ORIENTED_EDGE('',*,*,#5970,.T.);
#8615=ORIENTED_EDGE('',*,*,#5971,.T.);
#8616=ORIENTED_EDGE('',*,*,#5998,.T.);
#8617=ORIENTED_EDGE('',*,*,#5999,.T.);
#8618=ORIENTED_EDGE('',*,*,#4794,.T.);
#8619=ORIENTED_EDGE('',*,*,#5974,.F.);
#8620=ORIENTED_EDGE('',*,*,#6000,.T.);
#8621=ORIENTED_EDGE('',*,*,#6001,.T.);
#8622=ORIENTED_EDGE('',*,*,#5354,.T.);
#8623=ORIENTED_EDGE('',*,*,#5977,.F.);
#8624=ORIENTED_EDGE('',*,*,#5983,.F.);
#8625=ORIENTED_EDGE('',*,*,#5309,.F.);
#8626=ORIENTED_EDGE('',*,*,#5304,.T.);
#8627=ORIENTED_EDGE('',*,*,#5299,.F.);
#8628=ORIENTED_EDGE('',*,*,#5429,.F.);
#8629=ORIENTED_EDGE('',*,*,#6002,.F.);
#8630=ORIENTED_EDGE('',*,*,#5417,.T.);
#8631=ORIENTED_EDGE('',*,*,#6003,.F.);
#8632=ORIENTED_EDGE('',*,*,#5332,.T.);
#8633=ORIENTED_EDGE('',*,*,#6004,.F.);
#8634=ORIENTED_EDGE('',*,*,#5330,.T.);
#8635=ORIENTED_EDGE('',*,*,#5234,.F.);
#8636=ORIENTED_EDGE('',*,*,#5245,.F.);
#8637=ORIENTED_EDGE('',*,*,#5988,.T.);
#8638=ORIENTED_EDGE('',*,*,#5249,.F.);
#8639=ORIENTED_EDGE('',*,*,#5237,.F.);
#8640=ORIENTED_EDGE('',*,*,#4891,.F.);
#8641=ORIENTED_EDGE('',*,*,#6005,.F.);
#8642=ORIENTED_EDGE('',*,*,#6005,.T.);
#8643=ORIENTED_EDGE('',*,*,#4890,.T.);
#8644=ORIENTED_EDGE('',*,*,#6006,.T.);
#8645=ORIENTED_EDGE('',*,*,#5250,.F.);
#8646=ORIENTED_EDGE('',*,*,#6007,.F.);
#8647=ORIENTED_EDGE('',*,*,#4893,.F.);
#8648=ORIENTED_EDGE('',*,*,#5236,.F.);
#8649=ORIENTED_EDGE('',*,*,#5989,.F.);
#8650=ORIENTED_EDGE('',*,*,#5243,.F.);
#8651=ORIENTED_EDGE('',*,*,#5328,.F.);
#8652=ORIENTED_EDGE('',*,*,#6008,.F.);
#8653=ORIENTED_EDGE('',*,*,#5991,.T.);
#8654=ORIENTED_EDGE('',*,*,#6009,.T.);
#8655=ORIENTED_EDGE('',*,*,#6010,.F.);
#8656=ORIENTED_EDGE('',*,*,#6011,.F.);
#8657=ORIENTED_EDGE('',*,*,#5990,.T.);
#8658=ORIENTED_EDGE('',*,*,#5964,.F.);
#8659=ORIENTED_EDGE('',*,*,#5919,.F.);
#8660=ORIENTED_EDGE('',*,*,#5968,.T.);
#8661=ORIENTED_EDGE('',*,*,#5993,.F.);
#8662=ORIENTED_EDGE('',*,*,#6012,.F.);
#8663=ORIENTED_EDGE('',*,*,#6013,.F.);
#8664=ORIENTED_EDGE('',*,*,#5326,.F.);
#8665=ORIENTED_EDGE('',*,*,#6014,.F.);
#8666=ORIENTED_EDGE('',*,*,#6009,.F.);
#8667=ORIENTED_EDGE('',*,*,#4895,.T.);
#8668=ORIENTED_EDGE('',*,*,#6015,.F.);
#8669=ORIENTED_EDGE('',*,*,#6016,.F.);
#8670=ORIENTED_EDGE('',*,*,#5322,.T.);
#8671=ORIENTED_EDGE('',*,*,#5341,.T.);
#8672=ORIENTED_EDGE('',*,*,#5996,.T.);
#8673=ORIENTED_EDGE('',*,*,#4744,.F.);
#8674=ORIENTED_EDGE('',*,*,#5995,.T.);
#8675=ORIENTED_EDGE('',*,*,#6017,.F.);
#8676=ORIENTED_EDGE('',*,*,#6018,.F.);
#8677=ORIENTED_EDGE('',*,*,#6015,.T.);
#8678=ORIENTED_EDGE('',*,*,#4894,.T.);
#8679=ORIENTED_EDGE('',*,*,#6007,.T.);
#8680=ORIENTED_EDGE('',*,*,#6019,.F.);
#8681=ORIENTED_EDGE('',*,*,#6012,.T.);
#8682=ORIENTED_EDGE('',*,*,#5994,.T.);
#8683=ORIENTED_EDGE('',*,*,#5966,.T.);
#8684=ORIENTED_EDGE('',*,*,#5926,.T.);
#8685=ORIENTED_EDGE('',*,*,#5963,.T.);
#8686=ORIENTED_EDGE('',*,*,#5992,.T.);
#8687=ORIENTED_EDGE('',*,*,#6011,.T.);
#8688=ORIENTED_EDGE('',*,*,#6020,.F.);
#8689=ORIENTED_EDGE('',*,*,#5324,.T.);
#8690=ORIENTED_EDGE('',*,*,#6021,.F.);
#8691=ORIENTED_EDGE('',*,*,#6017,.T.);
#8692=ORIENTED_EDGE('',*,*,#6022,.T.);
#8693=ORIENTED_EDGE('',*,*,#4897,.T.);
#8694=ORIENTED_EDGE('',*,*,#6023,.F.);
#8695=ORIENTED_EDGE('',*,*,#5343,.F.);
#8696=ORIENTED_EDGE('',*,*,#5344,.F.);
#8697=ORIENTED_EDGE('',*,*,#6023,.T.);
#8698=ORIENTED_EDGE('',*,*,#4896,.T.);
#8699=ORIENTED_EDGE('',*,*,#4752,.F.);
#8700=ORIENTED_EDGE('',*,*,#5397,.F.);
#8701=ORIENTED_EDGE('',*,*,#5355,.F.);
#8702=ORIENTED_EDGE('',*,*,#6001,.F.);
#8703=ORIENTED_EDGE('',*,*,#6024,.T.);
#8704=ORIENTED_EDGE('',*,*,#6025,.T.);
#8705=ORIENTED_EDGE('',*,*,#5335,.T.);
#8706=ORIENTED_EDGE('',*,*,#6026,.T.);
#8707=ORIENTED_EDGE('',*,*,#5337,.T.);
#8708=ORIENTED_EDGE('',*,*,#6004,.T.);
#8709=ORIENTED_EDGE('',*,*,#5331,.T.);
#8710=ORIENTED_EDGE('',*,*,#5333,.T.);
#8711=ORIENTED_EDGE('',*,*,#6003,.T.);
#8712=ORIENTED_EDGE('',*,*,#5329,.T.);
#8713=ORIENTED_EDGE('',*,*,#5251,.F.);
#8714=ORIENTED_EDGE('',*,*,#6006,.F.);
#8715=ORIENTED_EDGE('',*,*,#4889,.T.);
#8716=ORIENTED_EDGE('',*,*,#5985,.T.);
#8717=ORIENTED_EDGE('',*,*,#5986,.T.);
#8718=ORIENTED_EDGE('',*,*,#5219,.F.);
#8719=ORIENTED_EDGE('',*,*,#5904,.T.);
#8720=ORIENTED_EDGE('',*,*,#5835,.F.);
#8721=ORIENTED_EDGE('',*,*,#4838,.T.);
#8722=ORIENTED_EDGE('',*,*,#5952,.T.);
#8723=ORIENTED_EDGE('',*,*,#4965,.T.);
#8724=ORIENTED_EDGE('',*,*,#5954,.T.);
#8725=ORIENTED_EDGE('',*,*,#5418,.T.);
#8726=ORIENTED_EDGE('',*,*,#6002,.T.);
#8727=ORIENTED_EDGE('',*,*,#5428,.T.);
#8728=ORIENTED_EDGE('',*,*,#5277,.F.);
#8729=ORIENTED_EDGE('',*,*,#5306,.T.);
#8730=ORIENTED_EDGE('',*,*,#6013,.T.);
#8731=ORIENTED_EDGE('',*,*,#6019,.T.);
#8732=ORIENTED_EDGE('',*,*,#6008,.T.);
#8733=ORIENTED_EDGE('',*,*,#5327,.T.);
#8734=ORIENTED_EDGE('',*,*,#6014,.T.);
#8735=ORIENTED_EDGE('',*,*,#5325,.T.);
#8736=ORIENTED_EDGE('',*,*,#6020,.T.);
#8737=ORIENTED_EDGE('',*,*,#6010,.T.);
#8738=ORIENTED_EDGE('',*,*,#5435,.T.);
#8739=ORIENTED_EDGE('',*,*,#6018,.T.);
#8740=ORIENTED_EDGE('',*,*,#6021,.T.);
#8741=ORIENTED_EDGE('',*,*,#5323,.T.);
#8742=ORIENTED_EDGE('',*,*,#6016,.T.);
#8743=ORIENTED_EDGE('',*,*,#5334,.T.);
#8744=ORIENTED_EDGE('',*,*,#5312,.F.);
#8745=ORIENTED_EDGE('',*,*,#5396,.F.);
#8746=ORIENTED_EDGE('',*,*,#6024,.F.);
#8747=ORIENTED_EDGE('',*,*,#6000,.F.);
#8748=ORIENTED_EDGE('',*,*,#5976,.F.);
#8749=ORIENTED_EDGE('',*,*,#5972,.F.);
#8750=ORIENTED_EDGE('',*,*,#4944,.F.);
#8751=ORIENTED_EDGE('',*,*,#5853,.T.);
#8752=ORIENTED_EDGE('',*,*,#5935,.F.);
#8753=ORIENTED_EDGE('',*,*,#4795,.F.);
#8754=ORIENTED_EDGE('',*,*,#5999,.F.);
#8755=ORIENTED_EDGE('',*,*,#5997,.F.);
#8756=ORIENTED_EDGE('',*,*,#4898,.F.);
#8757=ORIENTED_EDGE('',*,*,#6022,.F.);
#8758=ORIENTED_EDGE('',*,*,#5342,.F.);
#8759=ORIENTED_EDGE('',*,*,#5338,.T.);
#8760=ORIENTED_EDGE('',*,*,#6026,.F.);
#8761=ORIENTED_EDGE('',*,*,#6025,.F.);
#8762=ORIENTED_EDGE('',*,*,#5336,.T.);
#8763=ORIENTED_EDGE('',*,*,#6027,.F.);
#8764=ORIENTED_EDGE('',*,*,#5046,.T.);
#8765=ORIENTED_EDGE('',*,*,#6028,.T.);
#8766=ORIENTED_EDGE('',*,*,#5368,.F.);
#8767=ORIENTED_EDGE('',*,*,#5369,.F.);
#8768=ORIENTED_EDGE('',*,*,#6028,.F.);
#8769=ORIENTED_EDGE('',*,*,#5056,.T.);
#8770=ORIENTED_EDGE('',*,*,#6029,.T.);
#8771=ORIENTED_EDGE('',*,*,#4682,.T.);
#8772=ORIENTED_EDGE('',*,*,#5370,.F.);
#8773=ORIENTED_EDGE('',*,*,#6029,.F.);
#8774=ORIENTED_EDGE('',*,*,#5055,.T.);
#8775=ORIENTED_EDGE('',*,*,#4699,.T.);
#8776=ORIENTED_EDGE('',*,*,#5011,.T.);
#8777=ORIENTED_EDGE('',*,*,#5371,.F.);
#8778=ORIENTED_EDGE('',*,*,#4688,.F.);
#8779=ORIENTED_EDGE('',*,*,#5050,.T.);
#8780=ORIENTED_EDGE('',*,*,#6030,.T.);
#8781=ORIENTED_EDGE('',*,*,#5372,.F.);
#8782=ORIENTED_EDGE('',*,*,#6030,.F.);
#8783=ORIENTED_EDGE('',*,*,#5049,.T.);
#8784=ORIENTED_EDGE('',*,*,#4692,.T.);
#8785=ORIENTED_EDGE('',*,*,#5373,.F.);
#8786=ORIENTED_EDGE('',*,*,#4690,.F.);
#8787=ORIENTED_EDGE('',*,*,#5048,.T.);
#8788=ORIENTED_EDGE('',*,*,#6031,.T.);
#8789=ORIENTED_EDGE('',*,*,#5374,.F.);
#8790=ORIENTED_EDGE('',*,*,#6031,.F.);
#8791=ORIENTED_EDGE('',*,*,#5047,.T.);
#8792=ORIENTED_EDGE('',*,*,#6027,.T.);
#8793=ORIENTED_EDGE('',*,*,#5376,.F.);
#8794=ORIENTED_EDGE('',*,*,#4704,.F.);
#8795=ORIENTED_EDGE('',*,*,#5029,.T.);
#8796=ORIENTED_EDGE('',*,*,#5121,.T.);
#8797=ORIENTED_EDGE('',*,*,#5375,.F.);
#8798=ORIENTED_EDGE('',*,*,#5130,.F.);
#8799=ORIENTED_EDGE('',*,*,#5031,.T.);
#8800=ORIENTED_EDGE('',*,*,#5133,.T.);
#8801=ORIENTED_EDGE('',*,*,#6032,.T.);
#8802=ORIENTED_EDGE('',*,*,#6033,.F.);
#8803=ORIENTED_EDGE('',*,*,#6034,.F.);
#8804=ORIENTED_EDGE('',*,*,#6035,.T.);
#8805=ORIENTED_EDGE('',*,*,#6036,.F.);
#8806=ORIENTED_EDGE('',*,*,#6037,.F.);
#8807=ORIENTED_EDGE('',*,*,#6038,.F.);
#8808=ORIENTED_EDGE('',*,*,#6039,.T.);
#8809=ORIENTED_EDGE('',*,*,#6040,.F.);
#8810=ORIENTED_EDGE('',*,*,#6035,.F.);
#8811=ORIENTED_EDGE('',*,*,#6041,.F.);
#8812=ORIENTED_EDGE('',*,*,#6039,.F.);
#8813=ORIENTED_EDGE('',*,*,#6034,.T.);
#8814=ORIENTED_EDGE('',*,*,#6042,.T.);
#8815=ORIENTED_EDGE('',*,*,#6036,.T.);
#8816=ORIENTED_EDGE('',*,*,#6041,.T.);
#8817=ORIENTED_EDGE('',*,*,#6042,.F.);
#8818=ORIENTED_EDGE('',*,*,#6033,.T.);
#8819=ORIENTED_EDGE('',*,*,#6043,.T.);
#8820=ORIENTED_EDGE('',*,*,#6037,.T.);
#8821=ORIENTED_EDGE('',*,*,#6038,.T.);
#8822=ORIENTED_EDGE('',*,*,#6043,.F.);
#8823=ORIENTED_EDGE('',*,*,#6032,.F.);
#8824=ORIENTED_EDGE('',*,*,#6040,.T.);
#8825=ORIENTED_EDGE('',*,*,#6044,.T.);
#8826=ORIENTED_EDGE('',*,*,#6045,.F.);
#8827=ORIENTED_EDGE('',*,*,#6046,.F.);
#8828=ORIENTED_EDGE('',*,*,#6047,.T.);
#8829=ORIENTED_EDGE('',*,*,#6048,.T.);
#8830=ORIENTED_EDGE('',*,*,#6049,.T.);
#8831=ORIENTED_EDGE('',*,*,#6050,.T.);
#8832=ORIENTED_EDGE('',*,*,#6051,.T.);
#8833=ORIENTED_EDGE('',*,*,#6047,.F.);
#8834=ORIENTED_EDGE('',*,*,#6052,.F.);
#8835=ORIENTED_EDGE('',*,*,#6051,.F.);
#8836=ORIENTED_EDGE('',*,*,#6053,.F.);
#8837=ORIENTED_EDGE('',*,*,#6046,.T.);
#8838=ORIENTED_EDGE('',*,*,#6054,.F.);
#8839=ORIENTED_EDGE('',*,*,#6048,.F.);
#8840=ORIENTED_EDGE('',*,*,#6052,.T.);
#8841=ORIENTED_EDGE('',*,*,#6049,.F.);
#8842=ORIENTED_EDGE('',*,*,#6054,.T.);
#8843=ORIENTED_EDGE('',*,*,#6045,.T.);
#8844=ORIENTED_EDGE('',*,*,#6055,.T.);
#8845=ORIENTED_EDGE('',*,*,#6050,.F.);
#8846=ORIENTED_EDGE('',*,*,#6055,.F.);
#8847=ORIENTED_EDGE('',*,*,#6044,.F.);
#8848=ORIENTED_EDGE('',*,*,#6053,.T.);
#8849=ORIENTED_EDGE('',*,*,#6056,.F.);
#8850=ORIENTED_EDGE('',*,*,#6057,.F.);
#8851=ORIENTED_EDGE('',*,*,#6058,.T.);
#8852=ORIENTED_EDGE('',*,*,#6059,.F.);
#8853=ORIENTED_EDGE('',*,*,#6060,.F.);
#8854=ORIENTED_EDGE('',*,*,#6061,.F.);
#8855=ORIENTED_EDGE('',*,*,#6062,.F.);
#8856=ORIENTED_EDGE('',*,*,#6063,.T.);
#8857=ORIENTED_EDGE('',*,*,#6064,.T.);
#8858=ORIENTED_EDGE('',*,*,#6065,.T.);
#8859=ORIENTED_EDGE('',*,*,#6066,.F.);
#8860=ORIENTED_EDGE('',*,*,#6059,.T.);
#8861=ORIENTED_EDGE('',*,*,#6067,.T.);
#8862=ORIENTED_EDGE('',*,*,#6060,.T.);
#8863=ORIENTED_EDGE('',*,*,#6068,.F.);
#8864=ORIENTED_EDGE('',*,*,#6065,.F.);
#8865=ORIENTED_EDGE('',*,*,#6067,.F.);
#8866=ORIENTED_EDGE('',*,*,#6058,.F.);
#8867=ORIENTED_EDGE('',*,*,#6069,.F.);
#8868=ORIENTED_EDGE('',*,*,#6061,.T.);
#8869=ORIENTED_EDGE('',*,*,#6063,.F.);
#8870=ORIENTED_EDGE('',*,*,#6068,.T.);
#8871=ORIENTED_EDGE('',*,*,#6062,.T.);
#8872=ORIENTED_EDGE('',*,*,#6069,.T.);
#8873=ORIENTED_EDGE('',*,*,#6057,.T.);
#8874=ORIENTED_EDGE('',*,*,#6070,.T.);
#8875=ORIENTED_EDGE('',*,*,#6064,.F.);
#8876=ORIENTED_EDGE('',*,*,#6070,.F.);
#8877=ORIENTED_EDGE('',*,*,#6056,.T.);
#8878=ORIENTED_EDGE('',*,*,#6066,.T.);
#8879=PLANE('',#9813);
#8880=PLANE('',#9817);
#8881=PLANE('',#9818);
#8882=PLANE('',#9819);
#8883=PLANE('',#9820);
#8884=PLANE('',#9821);
#8885=PLANE('',#9822);
#8886=PLANE('',#9823);
#8887=PLANE('',#9824);
#8888=PLANE('',#9826);
#8889=PLANE('',#9827);
#8890=PLANE('',#9828);
#8891=PLANE('',#9830);
#8892=PLANE('',#9832);
#8893=PLANE('',#9834);
#8894=PLANE('',#9835);
#8895=PLANE('',#9837);
#8896=PLANE('',#9838);
#8897=PLANE('',#9841);
#8898=PLANE('',#9846);
#8899=PLANE('',#9847);
#8900=PLANE('',#9849);
#8901=PLANE('',#9851);
#8902=PLANE('',#9852);
#8903=PLANE('',#9854);
#8904=PLANE('',#9856);
#8905=PLANE('',#9857);
#8906=PLANE('',#9858);
#8907=PLANE('',#9859);
#8908=PLANE('',#9863);
#8909=PLANE('',#9864);
#8910=PLANE('',#9865);
#8911=PLANE('',#9873);
#8912=PLANE('',#9874);
#8913=PLANE('',#9875);
#8914=PLANE('',#9876);
#8915=PLANE('',#9877);
#8916=PLANE('',#9878);
#8917=PLANE('',#9892);
#8918=PLANE('',#9893);
#8919=PLANE('',#9894);
#8920=PLANE('',#9898);
#8921=PLANE('',#9903);
#8922=PLANE('',#9904);
#8923=PLANE('',#9908);
#8924=PLANE('',#9909);
#8925=PLANE('',#9910);
#8926=PLANE('',#9912);
#8927=PLANE('',#9914);
#8928=PLANE('',#9915);
#8929=PLANE('',#9916);
#8930=PLANE('',#9917);
#8931=PLANE('',#9918);
#8932=PLANE('',#9919);
#8933=PLANE('',#9920);
#8934=PLANE('',#9921);
#8935=PLANE('',#9922);
#8936=PLANE('',#9923);
#8937=PLANE('',#9926);
#8938=PLANE('',#9927);
#8939=PLANE('',#9928);
#8940=PLANE('',#9929);
#8941=PLANE('',#9930);
#8942=PLANE('',#9931);
#8943=PLANE('',#9932);
#8944=PLANE('',#9933);
#8945=PLANE('',#9937);
#8946=PLANE('',#9939);
#8947=PLANE('',#9941);
#8948=PLANE('',#9942);
#8949=PLANE('',#9943);
#8950=PLANE('',#9944);
#8951=PLANE('',#9945);
#8952=PLANE('',#9946);
#8953=PLANE('',#9947);
#8954=PLANE('',#9950);
#8955=PLANE('',#9951);
#8956=PLANE('',#9952);
#8957=PLANE('',#9955);
#8958=PLANE('',#9956);
#8959=PLANE('',#9968);
#8960=PLANE('',#9969);
#8961=PLANE('',#9970);
#8962=PLANE('',#9980);
#8963=PLANE('',#9982);
#8964=PLANE('',#9984);
#8965=PLANE('',#9985);
#8966=PLANE('',#9990);
#8967=PLANE('',#9995);
#8968=PLANE('',#9996);
#8969=PLANE('',#9998);
#8970=PLANE('',#10000);
#8971=PLANE('',#10005);
#8972=PLANE('',#10010);
#8973=PLANE('',#10013);
#8974=PLANE('',#10062);
#8975=PLANE('',#10063);
#8976=PLANE('',#10064);
#8977=PLANE('',#10065);
#8978=PLANE('',#10066);
#8979=PLANE('',#10067);
#8980=PLANE('',#10068);
#8981=PLANE('',#10069);
#8982=PLANE('',#10070);
#8983=PLANE('',#10071);
#8984=PLANE('',#10072);
#8985=PLANE('',#10073);
#8986=PLANE('',#10074);
#8987=PLANE('',#10075);
#8988=PLANE('',#10076);
#8989=PLANE('',#10077);
#8990=PLANE('',#10078);
#8991=PLANE('',#10079);
#8992=PLANE('',#10080);
#8993=PLANE('',#10081);
#8994=PLANE('',#10082);
#8995=PLANE('',#10083);
#8996=PLANE('',#10084);
#8997=PLANE('',#10085);
#8998=PLANE('',#10086);
#8999=PLANE('',#10087);
#9000=PLANE('',#10088);
#9001=PLANE('',#10089);
#9002=PLANE('',#10090);
#9003=PLANE('',#10091);
#9004=PLANE('',#10092);
#9005=PLANE('',#10093);
#9006=PLANE('',#10094);
#9007=PLANE('',#10095);
#9008=PLANE('',#10096);
#9009=PLANE('',#10097);
#9010=PLANE('',#10098);
#9011=PLANE('',#10099);
#9012=PLANE('',#10100);
#9013=PLANE('',#10101);
#9014=PLANE('',#10102);
#9015=PLANE('',#10103);
#9016=PLANE('',#10104);
#9017=PLANE('',#10105);
#9018=PLANE('',#10106);
#9019=PLANE('',#10107);
#9020=PLANE('',#10108);
#9021=PLANE('',#10109);
#9022=PLANE('',#10110);
#9023=PLANE('',#10111);
#9024=PLANE('',#10112);
#9025=PLANE('',#10113);
#9026=PLANE('',#10114);
#9027=PLANE('',#10115);
#9028=PLANE('',#10116);
#9029=PLANE('',#10117);
#9030=PLANE('',#10118);
#9031=PLANE('',#10119);
#9032=PLANE('',#10120);
#9033=PLANE('',#10121);
#9034=PLANE('',#10122);
#9035=PLANE('',#10123);
#9036=PLANE('',#10124);
#9037=PLANE('',#10125);
#9038=PLANE('',#10126);
#9039=PLANE('',#10127);
#9040=PLANE('',#10128);
#9041=PLANE('',#10129);
#9042=PLANE('',#10130);
#9043=PLANE('',#10131);
#9044=PLANE('',#10132);
#9045=PLANE('',#10133);
#9046=PLANE('',#10134);
#9047=PLANE('',#10135);
#9048=PLANE('',#10136);
#9049=PLANE('',#10137);
#9050=PLANE('',#10138);
#9051=PLANE('',#10139);
#9052=PLANE('',#10140);
#9053=PLANE('',#10141);
#9054=PLANE('',#10142);
#9055=PLANE('',#10143);
#9056=PLANE('',#10144);
#9057=PLANE('',#10145);
#9058=PLANE('',#10146);
#9059=PLANE('',#10147);
#9060=PLANE('',#10148);
#9061=PLANE('',#10149);
#9062=PLANE('',#10150);
#9063=PLANE('',#10151);
#9064=PLANE('',#10152);
#9065=PLANE('',#10153);
#9066=PLANE('',#10154);
#9067=PLANE('',#10155);
#9068=PLANE('',#10156);
#9069=PLANE('',#10157);
#9070=PLANE('',#10158);
#9071=PLANE('',#10159);
#9072=PLANE('',#10160);
#9073=PLANE('',#10161);
#9074=PLANE('',#10162);
#9075=PLANE('',#10163);
#9076=PLANE('',#10164);
#9077=PLANE('',#10165);
#9078=PLANE('',#10166);
#9079=PLANE('',#10167);
#9080=PLANE('',#10168);
#9081=PLANE('',#10169);
#9082=PLANE('',#10170);
#9083=PLANE('',#10171);
#9084=PLANE('',#10172);
#9085=PLANE('',#10173);
#9086=PLANE('',#10174);
#9087=PLANE('',#10175);
#9088=PLANE('',#10176);
#9089=PLANE('',#10177);
#9090=PLANE('',#10178);
#9091=PLANE('',#10179);
#9092=PLANE('',#10180);
#9093=PLANE('',#10181);
#9094=PLANE('',#10186);
#9095=PLANE('',#10187);
#9096=PLANE('',#10188);
#9097=PLANE('',#10189);
#9098=PLANE('',#10190);
#9099=PLANE('',#10191);
#9100=PLANE('',#10192);
#9101=PLANE('',#10195);
#9102=PLANE('',#10196);
#9103=PLANE('',#10197);
#9104=PLANE('',#10198);
#9105=PLANE('',#10199);
#9106=PLANE('',#10200);
#9107=PLANE('',#10201);
#9108=PLANE('',#10202);
#9109=PLANE('',#10203);
#9110=PLANE('',#10204);
#9111=PLANE('',#10205);
#9112=PLANE('',#10206);
#9113=PLANE('',#10207);
#9114=PLANE('',#10208);
#9115=PLANE('',#10209);
#9116=PLANE('',#10213);
#9117=PLANE('',#10215);
#9118=PLANE('',#10216);
#9119=PLANE('',#10217);
#9120=PLANE('',#10218);
#9121=PLANE('',#10219);
#9122=PLANE('',#10220);
#9123=PLANE('',#10221);
#9124=PLANE('',#10222);
#9125=PLANE('',#10223);
#9126=PLANE('',#10224);
#9127=PLANE('',#10225);
#9128=PLANE('',#10226);
#9129=PLANE('',#10227);
#9130=PLANE('',#10228);
#9131=PLANE('',#10229);
#9132=PLANE('',#10230);
#9133=PLANE('',#10231);
#9134=PLANE('',#10232);
#9135=PLANE('',#10233);
#9136=PLANE('',#10234);
#9137=PLANE('',#10235);
#9138=PLANE('',#10236);
#9139=PLANE('',#10237);
#9140=PLANE('',#10238);
#9141=PLANE('',#10239);
#9142=PLANE('',#10240);
#9143=PLANE('',#10241);
#9144=PLANE('',#10242);
#9145=PLANE('',#10243);
#9146=PLANE('',#10244);
#9147=PLANE('',#10246);
#9148=PLANE('',#10247);
#9149=PLANE('',#10249);
#9150=PLANE('',#10250);
#9151=PLANE('',#10251);
#9152=PLANE('',#10252);
#9153=PLANE('',#10253);
#9154=PLANE('',#10254);
#9155=PLANE('',#10255);
#9156=PLANE('',#10256);
#9157=PLANE('',#10257);
#9158=PLANE('',#10258);
#9159=PLANE('',#10259);
#9160=PLANE('',#10260);
#9161=PLANE('',#10261);
#9162=PLANE('',#10262);
#9163=PLANE('',#10263);
#9164=PLANE('',#10264);
#9165=PLANE('',#10265);
#9166=PLANE('',#10266);
#9167=PLANE('',#10267);
#9168=PLANE('',#10268);
#9169=PLANE('',#10269);
#9170=PLANE('',#10270);
#9171=PLANE('',#10271);
#9172=PLANE('',#10272);
#9173=PLANE('',#10275);
#9174=PLANE('',#10276);
#9175=PLANE('',#10277);
#9176=PLANE('',#10278);
#9177=PLANE('',#10279);
#9178=PLANE('',#10280);
#9179=PLANE('',#10281);
#9180=PLANE('',#10284);
#9181=PLANE('',#10285);
#9182=PLANE('',#10286);
#9183=PLANE('',#10287);
#9184=PLANE('',#10288);
#9185=PLANE('',#10289);
#9186=PLANE('',#10290);
#9187=PLANE('',#10291);
#9188=PLANE('',#10292);
#9189=PLANE('',#10293);
#9190=PLANE('',#10294);
#9191=PLANE('',#10295);
#9192=PLANE('',#10296);
#9193=PLANE('',#10297);
#9194=PLANE('',#10298);
#9195=PLANE('',#10299);
#9196=PLANE('',#10300);
#9197=PLANE('',#10301);
#9198=PLANE('',#10302);
#9199=PLANE('',#10303);
#9200=PLANE('',#10304);
#9201=PLANE('',#10305);
#9202=PLANE('',#10307);
#9203=PLANE('',#10308);
#9204=PLANE('',#10309);
#9205=PLANE('',#10310);
#9206=PLANE('',#10313);
#9207=PLANE('',#10318);
#9208=PLANE('',#10319);
#9209=PLANE('',#10320);
#9210=PLANE('',#10321);
#9211=PLANE('',#10322);
#9212=PLANE('',#10323);
#9213=PLANE('',#10324);
#9214=PLANE('',#10329);
#9215=PLANE('',#10330);
#9216=PLANE('',#10331);
#9217=PLANE('',#10332);
#9218=PLANE('',#10333);
#9219=PLANE('',#10334);
#9220=PLANE('',#10337);
#9221=PLANE('',#10339);
#9222=PLANE('',#10340);
#9223=PLANE('',#10341);
#9224=PLANE('',#10342);
#9225=PLANE('',#10343);
#9226=PLANE('',#10344);
#9227=PLANE('',#10345);
#9228=PLANE('',#10346);
#9229=PLANE('',#10347);
#9230=PLANE('',#10348);
#9231=PLANE('',#10351);
#9232=PLANE('',#10353);
#9233=PLANE('',#10355);
#9234=PLANE('',#10357);
#9235=PLANE('',#10358);
#9236=PLANE('',#10359);
#9237=PLANE('',#10360);
#9238=PLANE('',#10361);
#9239=PLANE('',#10362);
#9240=PLANE('',#10363);
#9241=PLANE('',#10364);
#9242=PLANE('',#10365);
#9243=PLANE('',#10366);
#9244=PLANE('',#10367);
#9245=PLANE('',#10368);
#9246=PLANE('',#10369);
#9247=PLANE('',#10370);
#9248=PLANE('',#10371);
#9249=PLANE('',#10372);
#9250=PLANE('',#10373);
#9251=PLANE('',#10374);
#9252=PLANE('',#10375);
#9253=PLANE('',#10378);
#9254=PLANE('',#10379);
#9255=PLANE('',#10380);
#9256=PLANE('',#10381);
#9257=PLANE('',#10382);
#9258=PLANE('',#10383);
#9259=PLANE('',#10384);
#9260=PLANE('',#10385);
#9261=PLANE('',#10386);
#9262=PLANE('',#10387);
#9263=PLANE('',#10388);
#9264=PLANE('',#10389);
#9265=PLANE('',#10390);
#9266=PLANE('',#10391);
#9267=PLANE('',#10392);
#9268=PLANE('',#10393);
#9269=PLANE('',#10394);
#9270=PLANE('',#10395);
#9271=PLANE('',#10396);
#9272=PLANE('',#10397);
#9273=PLANE('',#10398);
#9274=PLANE('',#10399);
#9275=PLANE('',#10400);
#9276=PLANE('',#10401);
#9277=PLANE('',#10402);
#9278=PLANE('',#10403);
#9279=PLANE('',#10404);
#9280=PLANE('',#10405);
#9281=PLANE('',#10406);
#9282=PLANE('',#10407);
#9283=PLANE('',#10408);
#9284=PLANE('',#10409);
#9285=PLANE('',#10410);
#9286=PLANE('',#10411);
#9287=PLANE('',#10412);
#9288=PLANE('',#10413);
#9289=PLANE('',#10414);
#9290=PLANE('',#10415);
#9291=PLANE('',#10416);
#9292=PLANE('',#10417);
#9293=PLANE('',#10418);
#9294=PLANE('',#10419);
#9295=PLANE('',#10420);
#9296=PLANE('',#10421);
#9297=PLANE('',#10422);
#9298=PLANE('',#10423);
#9299=PLANE('',#10424);
#9300=PLANE('',#10425);
#9301=PLANE('',#10426);
#9302=PLANE('',#10427);
#9303=PLANE('',#10428);
#9304=PLANE('',#10429);
#9305=PLANE('',#10433);
#9306=PLANE('',#10434);
#9307=PLANE('',#10435);
#9308=PLANE('',#10436);
#9309=PLANE('',#10437);
#9310=ADVANCED_FACE('',(#245),#8879,.T.);
#9311=ADVANCED_FACE('',(#246),#205,.F.);
#9312=ADVANCED_FACE('',(#247),#8880,.F.);
#9313=ADVANCED_FACE('',(#248),#8881,.T.);
#9314=ADVANCED_FACE('',(#249),#8882,.F.);
#9315=ADVANCED_FACE('',(#250),#8883,.F.);
#9316=ADVANCED_FACE('',(#251),#8884,.T.);
#9317=ADVANCED_FACE('',(#252),#8885,.T.);
#9318=ADVANCED_FACE('',(#253),#8886,.F.);
#9319=ADVANCED_FACE('',(#254),#8887,.T.);
#9320=ADVANCED_FACE('',(#255),#8888,.T.);
#9321=ADVANCED_FACE('',(#256),#8889,.T.);
#9322=ADVANCED_FACE('',(#257),#8890,.T.);
#9323=ADVANCED_FACE('',(#258),#8891,.F.);
#9324=ADVANCED_FACE('',(#259),#8892,.T.);
#9325=ADVANCED_FACE('',(#260),#8893,.F.);
#9326=ADVANCED_FACE('',(#261),#73,.T.);
#9327=ADVANCED_FACE('',(#262),#8894,.F.);
#9328=ADVANCED_FACE('',(#263),#8895,.T.);
#9329=ADVANCED_FACE('',(#264,#23),#8896,.F.);
#9330=ADVANCED_FACE('',(#265),#8897,.T.);
#9331=ADVANCED_FACE('',(#266),#206,.F.);
#9332=ADVANCED_FACE('',(#267),#8898,.T.);
#9333=ADVANCED_FACE('',(#268),#8899,.T.);
#9334=ADVANCED_FACE('',(#269),#8900,.F.);
#9335=ADVANCED_FACE('',(#270),#74,.T.);
#9336=ADVANCED_FACE('',(#271),#8901,.T.);
#9337=ADVANCED_FACE('',(#272),#8902,.T.);
#9338=ADVANCED_FACE('',(#273),#8903,.T.);
#9339=ADVANCED_FACE('',(#274),#8904,.F.);
#9340=ADVANCED_FACE('',(#275),#8905,.F.);
#9341=ADVANCED_FACE('',(#276),#8906,.T.);
#9342=ADVANCED_FACE('',(#277),#8907,.T.);
#9343=ADVANCED_FACE('',(#278),#8908,.F.);
#9344=ADVANCED_FACE('',(#279),#8909,.F.);
#9345=ADVANCED_FACE('',(#280,#24),#8910,.T.);
#9346=ADVANCED_FACE('',(#281),#8911,.F.);
#9347=ADVANCED_FACE('',(#282),#8912,.T.);
#9348=ADVANCED_FACE('',(#283),#8913,.T.);
#9349=ADVANCED_FACE('',(#284),#8914,.T.);
#9350=ADVANCED_FACE('',(#285),#8915,.F.);
#9351=ADVANCED_FACE('',(#286),#8916,.F.);
#9352=ADVANCED_FACE('',(#287,#25),#207,.F.);
#9353=ADVANCED_FACE('',(#288),#8917,.T.);
#9354=ADVANCED_FACE('',(#289),#8918,.T.);
#9355=ADVANCED_FACE('',(#290),#8919,.T.);
#9356=ADVANCED_FACE('',(#291),#13,.F.);
#9357=ADVANCED_FACE('',(#292),#14,.F.);
#9358=ADVANCED_FACE('',(#293,#26),#8920,.F.);
#9359=ADVANCED_FACE('',(#294),#8921,.F.);
#9360=ADVANCED_FACE('',(#295,#27),#8922,.T.);
#9361=ADVANCED_FACE('',(#296),#8923,.T.);
#9362=ADVANCED_FACE('',(#297),#8924,.F.);
#9363=ADVANCED_FACE('',(#298),#8925,.T.);
#9364=ADVANCED_FACE('',(#299),#8926,.F.);
#9365=ADVANCED_FACE('',(#300),#8927,.F.);
#9366=ADVANCED_FACE('',(#301),#8928,.T.);
#9367=ADVANCED_FACE('',(#302),#8929,.T.);
#9368=ADVANCED_FACE('',(#303),#75,.T.);
#9369=ADVANCED_FACE('',(#304),#76,.T.);
#9370=ADVANCED_FACE('',(#305),#8930,.T.);
#9371=ADVANCED_FACE('',(#306),#77,.T.);
#9372=ADVANCED_FACE('',(#307),#8931,.T.);
#9373=ADVANCED_FACE('',(#308),#8932,.T.);
#9374=ADVANCED_FACE('',(#309),#8933,.T.);
#9375=ADVANCED_FACE('',(#310),#8934,.T.);
#9376=ADVANCED_FACE('',(#311),#8935,.F.);
#9377=ADVANCED_FACE('',(#312),#8936,.T.);
#9378=ADVANCED_FACE('',(#313),#8937,.T.);
#9379=ADVANCED_FACE('',(#314),#8938,.T.);
#9380=ADVANCED_FACE('',(#315),#8939,.F.);
#9381=ADVANCED_FACE('',(#316),#8940,.F.);
#9382=ADVANCED_FACE('',(#317),#8941,.T.);
#9383=ADVANCED_FACE('',(#318),#8942,.F.);
#9384=ADVANCED_FACE('',(#319),#8943,.F.);
#9385=ADVANCED_FACE('',(#320),#8944,.T.);
#9386=ADVANCED_FACE('',(#321),#8945,.T.);
#9387=ADVANCED_FACE('',(#322),#8946,.T.);
#9388=ADVANCED_FACE('',(#323),#8947,.T.);
#9389=ADVANCED_FACE('',(#324),#8948,.T.);
#9390=ADVANCED_FACE('',(#325),#8949,.T.);
#9391=ADVANCED_FACE('',(#326),#8950,.F.);
#9392=ADVANCED_FACE('',(#327),#8951,.F.);
#9393=ADVANCED_FACE('',(#328),#8952,.T.);
#9394=ADVANCED_FACE('',(#329),#8953,.F.);
#9395=ADVANCED_FACE('',(#330),#208,.F.);
#9396=ADVANCED_FACE('',(#331,#28),#8954,.T.);
#9397=ADVANCED_FACE('',(#332,#29,#30),#8955,.T.);
#9398=ADVANCED_FACE('',(#333,#31,#32),#8956,.T.);
#9399=ADVANCED_FACE('',(#334),#8957,.F.);
#9400=ADVANCED_FACE('',(#335,#33,#34),#8958,.T.);
#9401=ADVANCED_FACE('',(#336),#209,.F.);
#9402=ADVANCED_FACE('',(#337),#8959,.T.);
#9403=ADVANCED_FACE('',(#338),#8960,.T.);
#9404=ADVANCED_FACE('',(#339,#35,#36,#37,#38,#39,#40,#41,#42,#43,#44),#8961,
 .F.);
#9405=ADVANCED_FACE('',(#340,#45),#8962,.T.);
#9406=ADVANCED_FACE('',(#341,#46),#8963,.T.);
#9407=ADVANCED_FACE('',(#342),#8964,.T.);
#9408=ADVANCED_FACE('',(#343),#8965,.T.);
#9409=ADVANCED_FACE('',(#344),#210,.T.);
#9410=ADVANCED_FACE('',(#345),#8966,.T.);
#9411=ADVANCED_FACE('',(#346),#211,.T.);
#9412=ADVANCED_FACE('',(#347),#8967,.T.);
#9413=ADVANCED_FACE('',(#348),#8968,.F.);
#9414=ADVANCED_FACE('',(#349),#8969,.F.);
#9415=ADVANCED_FACE('',(#350),#8970,.F.);
#9416=ADVANCED_FACE('',(#351),#8971,.T.);
#9417=ADVANCED_FACE('',(#352),#212,.F.);
#9418=ADVANCED_FACE('',(#353),#213,.F.);
#9419=ADVANCED_FACE('',(#354),#214,.F.);
#9420=ADVANCED_FACE('',(#355),#8972,.F.);
#9421=ADVANCED_FACE('',(#356),#215,.F.);
#9422=ADVANCED_FACE('',(#357),#8973,.F.);
#9423=ADVANCED_FACE('',(#358),#216,.F.);
#9424=ADVANCED_FACE('',(#359),#217,.F.);
#9425=ADVANCED_FACE('',(#360),#218,.F.);
#9426=ADVANCED_FACE('',(#361),#219,.F.);
#9427=ADVANCED_FACE('',(#362),#15,.F.);
#9428=ADVANCED_FACE('',(#363),#220,.F.);
#9429=ADVANCED_FACE('',(#364),#16,.F.);
#9430=ADVANCED_FACE('',(#365),#17,.F.);
#9431=ADVANCED_FACE('',(#366),#18,.F.);
#9432=ADVANCED_FACE('',(#367),#221,.F.);
#9433=ADVANCED_FACE('',(#368),#19,.F.);
#9434=ADVANCED_FACE('',(#369),#222,.F.);
#9435=ADVANCED_FACE('',(#370),#223,.F.);
#9436=ADVANCED_FACE('',(#371),#8974,.F.);
#9437=ADVANCED_FACE('',(#372),#8975,.F.);
#9438=ADVANCED_FACE('',(#373),#8976,.F.);
#9439=ADVANCED_FACE('',(#374),#8977,.F.);
#9440=ADVANCED_FACE('',(#375),#8978,.F.);
#9441=ADVANCED_FACE('',(#376),#8979,.F.);
#9442=ADVANCED_FACE('',(#377),#8980,.F.);
#9443=ADVANCED_FACE('',(#378),#8981,.F.);
#9444=ADVANCED_FACE('',(#379),#8982,.F.);
#9445=ADVANCED_FACE('',(#380),#8983,.F.);
#9446=ADVANCED_FACE('',(#381),#8984,.F.);
#9447=ADVANCED_FACE('',(#382),#8985,.F.);
#9448=ADVANCED_FACE('',(#383),#8986,.F.);
#9449=ADVANCED_FACE('',(#384),#8987,.F.);
#9450=ADVANCED_FACE('',(#385),#8988,.F.);
#9451=ADVANCED_FACE('',(#386),#8989,.F.);
#9452=ADVANCED_FACE('',(#387),#8990,.F.);
#9453=ADVANCED_FACE('',(#388),#8991,.T.);
#9454=ADVANCED_FACE('',(#389),#8992,.F.);
#9455=ADVANCED_FACE('',(#390),#8993,.F.);
#9456=ADVANCED_FACE('',(#391),#8994,.T.);
#9457=ADVANCED_FACE('',(#392),#8995,.F.);
#9458=ADVANCED_FACE('',(#393),#8996,.F.);
#9459=ADVANCED_FACE('',(#394),#8997,.F.);
#9460=ADVANCED_FACE('',(#395),#8998,.T.);
#9461=ADVANCED_FACE('',(#396),#8999,.F.);
#9462=ADVANCED_FACE('',(#397),#9000,.F.);
#9463=ADVANCED_FACE('',(#398),#9001,.F.);
#9464=ADVANCED_FACE('',(#399),#9002,.F.);
#9465=ADVANCED_FACE('',(#400),#9003,.F.);
#9466=ADVANCED_FACE('',(#401),#9004,.T.);
#9467=ADVANCED_FACE('',(#402),#9005,.F.);
#9468=ADVANCED_FACE('',(#403),#9006,.F.);
#9469=ADVANCED_FACE('',(#404),#9007,.F.);
#9470=ADVANCED_FACE('',(#405),#9008,.F.);
#9471=ADVANCED_FACE('',(#406),#9009,.F.);
#9472=ADVANCED_FACE('',(#407),#9010,.F.);
#9473=ADVANCED_FACE('',(#408),#9011,.T.);
#9474=ADVANCED_FACE('',(#409),#9012,.T.);
#9475=ADVANCED_FACE('',(#410),#9013,.F.);
#9476=ADVANCED_FACE('',(#411),#9014,.F.);
#9477=ADVANCED_FACE('',(#412),#9015,.F.);
#9478=ADVANCED_FACE('',(#413),#9016,.F.);
#9479=ADVANCED_FACE('',(#414),#9017,.F.);
#9480=ADVANCED_FACE('',(#415),#9018,.F.);
#9481=ADVANCED_FACE('',(#416),#9019,.F.);
#9482=ADVANCED_FACE('',(#417),#9020,.F.);
#9483=ADVANCED_FACE('',(#418),#9021,.F.);
#9484=ADVANCED_FACE('',(#419),#9022,.F.);
#9485=ADVANCED_FACE('',(#420),#9023,.F.);
#9486=ADVANCED_FACE('',(#421),#9024,.T.);
#9487=ADVANCED_FACE('',(#422),#9025,.F.);
#9488=ADVANCED_FACE('',(#423),#9026,.F.);
#9489=ADVANCED_FACE('',(#424),#9027,.T.);
#9490=ADVANCED_FACE('',(#425),#9028,.F.);
#9491=ADVANCED_FACE('',(#426),#9029,.F.);
#9492=ADVANCED_FACE('',(#427),#9030,.F.);
#9493=ADVANCED_FACE('',(#428),#9031,.T.);
#9494=ADVANCED_FACE('',(#429),#9032,.F.);
#9495=ADVANCED_FACE('',(#430),#9033,.F.);
#9496=ADVANCED_FACE('',(#431),#9034,.F.);
#9497=ADVANCED_FACE('',(#432),#9035,.F.);
#9498=ADVANCED_FACE('',(#433),#9036,.F.);
#9499=ADVANCED_FACE('',(#434),#9037,.F.);
#9500=ADVANCED_FACE('',(#435),#9038,.T.);
#9501=ADVANCED_FACE('',(#436),#9039,.F.);
#9502=ADVANCED_FACE('',(#437),#9040,.F.);
#9503=ADVANCED_FACE('',(#438),#9041,.F.);
#9504=ADVANCED_FACE('',(#439),#9042,.F.);
#9505=ADVANCED_FACE('',(#440),#9043,.F.);
#9506=ADVANCED_FACE('',(#441),#9044,.F.);
#9507=ADVANCED_FACE('',(#442),#9045,.T.);
#9508=ADVANCED_FACE('',(#443),#9046,.F.);
#9509=ADVANCED_FACE('',(#444),#9047,.T.);
#9510=ADVANCED_FACE('',(#445),#9048,.F.);
#9511=ADVANCED_FACE('',(#446),#9049,.F.);
#9512=ADVANCED_FACE('',(#447),#9050,.F.);
#9513=ADVANCED_FACE('',(#448),#9051,.F.);
#9514=ADVANCED_FACE('',(#449),#9052,.F.);
#9515=ADVANCED_FACE('',(#450),#9053,.F.);
#9516=ADVANCED_FACE('',(#451),#9054,.F.);
#9517=ADVANCED_FACE('',(#452),#9055,.F.);
#9518=ADVANCED_FACE('',(#453),#9056,.F.);
#9519=ADVANCED_FACE('',(#454),#9057,.F.);
#9520=ADVANCED_FACE('',(#455),#9058,.F.);
#9521=ADVANCED_FACE('',(#456),#9059,.F.);
#9522=ADVANCED_FACE('',(#457),#9060,.T.);
#9523=ADVANCED_FACE('',(#458),#9061,.F.);
#9524=ADVANCED_FACE('',(#459),#9062,.T.);
#9525=ADVANCED_FACE('',(#460),#9063,.T.);
#9526=ADVANCED_FACE('',(#461),#9064,.F.);
#9527=ADVANCED_FACE('',(#462),#9065,.T.);
#9528=ADVANCED_FACE('',(#463),#9066,.F.);
#9529=ADVANCED_FACE('',(#464),#9067,.F.);
#9530=ADVANCED_FACE('',(#465),#9068,.F.);
#9531=ADVANCED_FACE('',(#466),#9069,.F.);
#9532=ADVANCED_FACE('',(#467),#9070,.F.);
#9533=ADVANCED_FACE('',(#468),#9071,.F.);
#9534=ADVANCED_FACE('',(#469),#9072,.F.);
#9535=ADVANCED_FACE('',(#470),#9073,.T.);
#9536=ADVANCED_FACE('',(#471),#9074,.T.);
#9537=ADVANCED_FACE('',(#472),#9075,.F.);
#9538=ADVANCED_FACE('',(#473),#9076,.F.);
#9539=ADVANCED_FACE('',(#474),#9077,.T.);
#9540=ADVANCED_FACE('',(#475),#9078,.F.);
#9541=ADVANCED_FACE('',(#476),#9079,.T.);
#9542=ADVANCED_FACE('',(#477),#9080,.F.);
#9543=ADVANCED_FACE('',(#478),#9081,.T.);
#9544=ADVANCED_FACE('',(#479),#9082,.T.);
#9545=ADVANCED_FACE('',(#480),#9083,.F.);
#9546=ADVANCED_FACE('',(#481),#9084,.F.);
#9547=ADVANCED_FACE('',(#482),#9085,.T.);
#9548=ADVANCED_FACE('',(#483),#9086,.T.);
#9549=ADVANCED_FACE('',(#484),#9087,.F.);
#9550=ADVANCED_FACE('',(#485),#9088,.F.);
#9551=ADVANCED_FACE('',(#486),#9089,.F.);
#9552=ADVANCED_FACE('',(#487),#9090,.F.);
#9553=ADVANCED_FACE('',(#488),#9091,.F.);
#9554=ADVANCED_FACE('',(#489),#9092,.F.);
#9555=ADVANCED_FACE('',(#490),#9093,.T.);
#9556=ADVANCED_FACE('',(#491),#224,.F.);
#9557=ADVANCED_FACE('',(#492),#225,.F.);
#9558=ADVANCED_FACE('',(#493),#9094,.T.);
#9559=ADVANCED_FACE('',(#494),#9095,.T.);
#9560=ADVANCED_FACE('',(#495),#9096,.F.);
#9561=ADVANCED_FACE('',(#496),#9097,.F.);
#9562=ADVANCED_FACE('',(#497),#9098,.F.);
#9563=ADVANCED_FACE('',(#498),#9099,.T.);
#9564=ADVANCED_FACE('',(#499),#9100,.F.);
#9565=ADVANCED_FACE('',(#500),#226,.T.);
#9566=ADVANCED_FACE('',(#501),#9101,.T.);
#9567=ADVANCED_FACE('',(#502),#9102,.T.);
#9568=ADVANCED_FACE('',(#503),#9103,.T.);
#9569=ADVANCED_FACE('',(#504),#9104,.T.);
#9570=ADVANCED_FACE('',(#505),#9105,.T.);
#9571=ADVANCED_FACE('',(#506),#9106,.T.);
#9572=ADVANCED_FACE('',(#507),#9107,.T.);
#9573=ADVANCED_FACE('',(#508),#9108,.F.);
#9574=ADVANCED_FACE('',(#509),#9109,.T.);
#9575=ADVANCED_FACE('',(#510),#9110,.T.);
#9576=ADVANCED_FACE('',(#511),#9111,.F.);
#9577=ADVANCED_FACE('',(#512),#9112,.F.);
#9578=ADVANCED_FACE('',(#513),#9113,.F.);
#9579=ADVANCED_FACE('',(#514),#9114,.T.);
#9580=ADVANCED_FACE('',(#515),#9115,.T.);
#9581=ADVANCED_FACE('',(#516),#227,.F.);
#9582=ADVANCED_FACE('',(#517),#9116,.F.);
#9583=ADVANCED_FACE('',(#518),#228,.F.);
#9584=ADVANCED_FACE('',(#519),#9117,.F.);
#9585=ADVANCED_FACE('',(#520),#9118,.F.);
#9586=ADVANCED_FACE('',(#521),#9119,.F.);
#9587=ADVANCED_FACE('',(#522,#47),#9120,.T.);
#9588=ADVANCED_FACE('',(#523),#9121,.T.);
#9589=ADVANCED_FACE('',(#524),#9122,.F.);
#9590=ADVANCED_FACE('',(#525),#9123,.T.);
#9591=ADVANCED_FACE('',(#526),#9124,.T.);
#9592=ADVANCED_FACE('',(#527),#9125,.F.);
#9593=ADVANCED_FACE('',(#528),#9126,.F.);
#9594=ADVANCED_FACE('',(#529),#9127,.F.);
#9595=ADVANCED_FACE('',(#530),#9128,.F.);
#9596=ADVANCED_FACE('',(#531),#9129,.F.);
#9597=ADVANCED_FACE('',(#532),#9130,.F.);
#9598=ADVANCED_FACE('',(#533),#9131,.F.);
#9599=ADVANCED_FACE('',(#534),#9132,.T.);
#9600=ADVANCED_FACE('',(#535),#9133,.F.);
#9601=ADVANCED_FACE('',(#536),#9134,.T.);
#9602=ADVANCED_FACE('',(#537),#9135,.T.);
#9603=ADVANCED_FACE('',(#538),#9136,.T.);
#9604=ADVANCED_FACE('',(#539),#9137,.T.);
#9605=ADVANCED_FACE('',(#540,#48),#9138,.F.);
#9606=ADVANCED_FACE('',(#541,#49),#9139,.F.);
#9607=ADVANCED_FACE('',(#542),#9140,.F.);
#9608=ADVANCED_FACE('',(#543),#9141,.F.);
#9609=ADVANCED_FACE('',(#544),#9142,.F.);
#9610=ADVANCED_FACE('',(#545),#9143,.F.);
#9611=ADVANCED_FACE('',(#546),#9144,.F.);
#9612=ADVANCED_FACE('',(#547),#9145,.T.);
#9613=ADVANCED_FACE('',(#548),#9146,.F.);
#9614=ADVANCED_FACE('',(#549),#9147,.F.);
#9615=ADVANCED_FACE('',(#550),#9148,.F.);
#9616=ADVANCED_FACE('',(#551),#9149,.F.);
#9617=ADVANCED_FACE('',(#552),#9150,.F.);
#9618=ADVANCED_FACE('',(#553),#9151,.F.);
#9619=ADVANCED_FACE('',(#554),#9152,.T.);
#9620=ADVANCED_FACE('',(#555),#9153,.T.);
#9621=ADVANCED_FACE('',(#556),#9154,.T.);
#9622=ADVANCED_FACE('',(#557),#9155,.F.);
#9623=ADVANCED_FACE('',(#558),#9156,.F.);
#9624=ADVANCED_FACE('',(#559),#9157,.T.);
#9625=ADVANCED_FACE('',(#560),#9158,.F.);
#9626=ADVANCED_FACE('',(#561),#9159,.F.);
#9627=ADVANCED_FACE('',(#562),#9160,.F.);
#9628=ADVANCED_FACE('',(#563),#9161,.F.);
#9629=ADVANCED_FACE('',(#564),#9162,.F.);
#9630=ADVANCED_FACE('',(#565),#9163,.T.);
#9631=ADVANCED_FACE('',(#566),#9164,.T.);
#9632=ADVANCED_FACE('',(#567),#9165,.F.);
#9633=ADVANCED_FACE('',(#568),#9166,.F.);
#9634=ADVANCED_FACE('',(#569),#9167,.F.);
#9635=ADVANCED_FACE('',(#570),#9168,.T.);
#9636=ADVANCED_FACE('',(#571),#9169,.F.);
#9637=ADVANCED_FACE('',(#572),#9170,.T.);
#9638=ADVANCED_FACE('',(#573),#9171,.T.);
#9639=ADVANCED_FACE('',(#574),#9172,.T.);
#9640=ADVANCED_FACE('',(#575),#229,.F.);
#9641=ADVANCED_FACE('',(#576),#230,.F.);
#9642=ADVANCED_FACE('',(#577),#9173,.T.);
#9643=ADVANCED_FACE('',(#578),#9174,.F.);
#9644=ADVANCED_FACE('',(#579),#9175,.F.);
#9645=ADVANCED_FACE('',(#580),#9176,.F.);
#9646=ADVANCED_FACE('',(#581),#9177,.T.);
#9647=ADVANCED_FACE('',(#582,#50),#9178,.F.);
#9648=ADVANCED_FACE('',(#583),#9179,.T.);
#9649=ADVANCED_FACE('',(#584),#9180,.F.);
#9650=ADVANCED_FACE('',(#585),#9181,.F.);
#9651=ADVANCED_FACE('',(#586),#9182,.T.);
#9652=ADVANCED_FACE('',(#587),#9183,.F.);
#9653=ADVANCED_FACE('',(#588),#9184,.F.);
#9654=ADVANCED_FACE('',(#589),#9185,.F.);
#9655=ADVANCED_FACE('',(#590),#9186,.F.);
#9656=ADVANCED_FACE('',(#591),#9187,.F.);
#9657=ADVANCED_FACE('',(#592),#9188,.T.);
#9658=ADVANCED_FACE('',(#593),#9189,.T.);
#9659=ADVANCED_FACE('',(#594),#9190,.F.);
#9660=ADVANCED_FACE('',(#595),#9191,.T.);
#9661=ADVANCED_FACE('',(#596),#9192,.T.);
#9662=ADVANCED_FACE('',(#597),#9193,.F.);
#9663=ADVANCED_FACE('',(#598),#9194,.F.);
#9664=ADVANCED_FACE('',(#599),#9195,.F.);
#9665=ADVANCED_FACE('',(#600),#9196,.F.);
#9666=ADVANCED_FACE('',(#601),#9197,.F.);
#9667=ADVANCED_FACE('',(#602),#9198,.T.);
#9668=ADVANCED_FACE('',(#603),#9199,.T.);
#9669=ADVANCED_FACE('',(#604),#9200,.F.);
#9670=ADVANCED_FACE('',(#605),#9201,.T.);
#9671=ADVANCED_FACE('',(#606),#231,.F.);
#9672=ADVANCED_FACE('',(#607),#9202,.F.);
#9673=ADVANCED_FACE('',(#608),#9203,.T.);
#9674=ADVANCED_FACE('',(#609),#9204,.F.);
#9675=ADVANCED_FACE('',(#610),#9205,.F.);
#9676=ADVANCED_FACE('',(#611),#232,.F.);
#9677=ADVANCED_FACE('',(#612),#9206,.T.);
#9678=ADVANCED_FACE('',(#613),#233,.F.);
#9679=ADVANCED_FACE('',(#614),#234,.F.);
#9680=ADVANCED_FACE('',(#615),#9207,.F.);
#9681=ADVANCED_FACE('',(#616),#9208,.F.);
#9682=ADVANCED_FACE('',(#617),#9209,.F.);
#9683=ADVANCED_FACE('',(#618),#9210,.F.);
#9684=ADVANCED_FACE('',(#619),#9211,.F.);
#9685=ADVANCED_FACE('',(#620),#9212,.F.);
#9686=ADVANCED_FACE('',(#621),#9213,.F.);
#9687=ADVANCED_FACE('',(#622),#235,.F.);
#9688=ADVANCED_FACE('',(#623),#236,.F.);
#9689=ADVANCED_FACE('',(#624),#9214,.T.);
#9690=ADVANCED_FACE('',(#625),#9215,.F.);
#9691=ADVANCED_FACE('',(#626),#9216,.T.);
#9692=ADVANCED_FACE('',(#627),#9217,.T.);
#9693=ADVANCED_FACE('',(#628),#9218,.T.);
#9694=ADVANCED_FACE('',(#629),#9219,.F.);
#9695=ADVANCED_FACE('',(#630),#237,.F.);
#9696=ADVANCED_FACE('',(#631),#238,.T.);
#9697=ADVANCED_FACE('',(#632),#9220,.T.);
#9698=ADVANCED_FACE('',(#633),#239,.T.);
#9699=ADVANCED_FACE('',(#634),#9221,.F.);
#9700=ADVANCED_FACE('',(#635),#9222,.F.);
#9701=ADVANCED_FACE('',(#636),#9223,.T.);
#9702=ADVANCED_FACE('',(#637),#9224,.F.);
#9703=ADVANCED_FACE('',(#638),#9225,.F.);
#9704=ADVANCED_FACE('',(#639),#9226,.T.);
#9705=ADVANCED_FACE('',(#640),#9227,.T.);
#9706=ADVANCED_FACE('',(#641),#9228,.F.);
#9707=ADVANCED_FACE('',(#642),#9229,.F.);
#9708=ADVANCED_FACE('',(#643),#9230,.T.);
#9709=ADVANCED_FACE('',(#644),#9231,.F.);
#9710=ADVANCED_FACE('',(#645),#9232,.F.);
#9711=ADVANCED_FACE('',(#646),#240,.T.);
#9712=ADVANCED_FACE('',(#647),#9233,.F.);
#9713=ADVANCED_FACE('',(#648),#241,.T.);
#9714=ADVANCED_FACE('',(#649),#9234,.T.);
#9715=ADVANCED_FACE('',(#650),#9235,.T.);
#9716=ADVANCED_FACE('',(#651),#9236,.F.);
#9717=ADVANCED_FACE('',(#652),#9237,.F.);
#9718=ADVANCED_FACE('',(#653),#9238,.T.);
#9719=ADVANCED_FACE('',(#654),#9239,.T.);
#9720=ADVANCED_FACE('',(#655),#9240,.F.);
#9721=ADVANCED_FACE('',(#656),#9241,.F.);
#9722=ADVANCED_FACE('',(#657),#9242,.F.);
#9723=ADVANCED_FACE('',(#658),#9243,.T.);
#9724=ADVANCED_FACE('',(#659),#9244,.F.);
#9725=ADVANCED_FACE('',(#660),#9245,.F.);
#9726=ADVANCED_FACE('',(#661),#9246,.T.);
#9727=ADVANCED_FACE('',(#662),#9247,.F.);
#9728=ADVANCED_FACE('',(#663),#9248,.F.);
#9729=ADVANCED_FACE('',(#664),#9249,.T.);
#9730=ADVANCED_FACE('',(#665),#9250,.T.);
#9731=ADVANCED_FACE('',(#666),#9251,.T.);
#9732=ADVANCED_FACE('',(#667),#9252,.T.);
#9733=ADVANCED_FACE('',(#668),#242,.T.);
#9734=ADVANCED_FACE('',(#669),#243,.F.);
#9735=ADVANCED_FACE('',(#670),#9253,.T.);
#9736=ADVANCED_FACE('',(#671),#9254,.T.);
#9737=ADVANCED_FACE('',(#672),#9255,.F.);
#9738=ADVANCED_FACE('',(#673),#9256,.F.);
#9739=ADVANCED_FACE('',(#674),#9257,.T.);
#9740=ADVANCED_FACE('',(#675),#9258,.T.);
#9741=ADVANCED_FACE('',(#676),#9259,.T.);
#9742=ADVANCED_FACE('',(#677),#9260,.F.);
#9743=ADVANCED_FACE('',(#678),#9261,.F.);
#9744=ADVANCED_FACE('',(#679),#9262,.T.);
#9745=ADVANCED_FACE('',(#680),#9263,.T.);
#9746=ADVANCED_FACE('',(#681),#9264,.T.);
#9747=ADVANCED_FACE('',(#682),#9265,.F.);
#9748=ADVANCED_FACE('',(#683),#9266,.T.);
#9749=ADVANCED_FACE('',(#684),#9267,.F.);
#9750=ADVANCED_FACE('',(#685),#9268,.T.);
#9751=ADVANCED_FACE('',(#686),#9269,.F.);
#9752=ADVANCED_FACE('',(#687),#9270,.T.);
#9753=ADVANCED_FACE('',(#688),#9271,.T.);
#9754=ADVANCED_FACE('',(#689),#9272,.T.);
#9755=ADVANCED_FACE('',(#690),#9273,.T.);
#9756=ADVANCED_FACE('',(#691),#9274,.T.);
#9757=ADVANCED_FACE('',(#692),#9275,.F.);
#9758=ADVANCED_FACE('',(#693),#9276,.T.);
#9759=ADVANCED_FACE('',(#694),#9277,.T.);
#9760=ADVANCED_FACE('',(#695),#9278,.T.);
#9761=ADVANCED_FACE('',(#696),#9279,.T.);
#9762=ADVANCED_FACE('',(#697,#51),#9280,.T.);
#9763=ADVANCED_FACE('',(#698),#9281,.T.);
#9764=ADVANCED_FACE('',(#699),#9282,.F.);
#9765=ADVANCED_FACE('',(#700),#9283,.F.);
#9766=ADVANCED_FACE('',(#701),#9284,.T.);
#9767=ADVANCED_FACE('',(#702),#9285,.T.);
#9768=ADVANCED_FACE('',(#703),#9286,.T.);
#9769=ADVANCED_FACE('',(#704),#9287,.T.);
#9770=ADVANCED_FACE('',(#705),#9288,.T.);
#9771=ADVANCED_FACE('',(#706),#9289,.T.);
#9772=ADVANCED_FACE('',(#707),#9290,.T.);
#9773=ADVANCED_FACE('',(#708),#9291,.T.);
#9774=ADVANCED_FACE('',(#709),#78,.T.);
#9775=ADVANCED_FACE('',(#710),#9292,.T.);
#9776=ADVANCED_FACE('',(#711),#9293,.F.);
#9777=ADVANCED_FACE('',(#712),#9294,.F.);
#9778=ADVANCED_FACE('',(#713),#9295,.T.);
#9779=ADVANCED_FACE('',(#714),#9296,.T.);
#9780=ADVANCED_FACE('',(#715),#9297,.F.);
#9781=ADVANCED_FACE('',(#716),#9298,.F.);
#9782=ADVANCED_FACE('',(#717),#9299,.T.);
#9783=ADVANCED_FACE('',(#718),#9300,.F.);
#9784=ADVANCED_FACE('',(#719),#9301,.T.);
#9785=ADVANCED_FACE('',(#720),#9302,.T.);
#9786=ADVANCED_FACE('',(#721),#9303,.F.);
#9787=ADVANCED_FACE('',(#722),#9304,.T.);
#9788=ADVANCED_FACE('',(#723),#244,.F.);
#9789=ADVANCED_FACE('',(#724),#9305,.F.);
#9790=ADVANCED_FACE('',(#725),#9306,.T.);
#9791=ADVANCED_FACE('',(#726),#9307,.F.);
#9792=ADVANCED_FACE('',(#727),#9308,.T.);
#9793=ADVANCED_FACE('',(#728),#9309,.T.);
#9794=CLOSED_SHELL('',(#9310,#9311,#9312));
#9795=CLOSED_SHELL('',(#9313,#9314,#9315,#9316,#9317,#9318));
#9796=CLOSED_SHELL('',(#9319,#9320,#9321,#9322,#9323,#9324,#9325,#9326,
#9327,#9328,#9329,#9330,#9331,#9332,#9333,#9334,#9335,#9336,#9337,#9338,
#9339,#9340,#9341,#9342,#9343,#9344,#9345,#9346,#9347,#9348,#9349,#9350,
#9351,#9352,#9353,#9354,#9355,#9356,#9357,#9358,#9359,#9360,#9361,#9362,
#9363,#9364,#9365,#9366,#9367,#9368,#9369,#9370,#9371,#9372,#9373,#9374,
#9375,#9376,#9377,#9378,#9379,#9380,#9381,#9382,#9383,#9384,#9385,#9386,
#9387,#9388,#9389,#9390,#9391,#9392,#9393,#9394,#9395,#9396,#9397,#9398,
#9399,#9400,#9401,#9402,#9403,#9404,#9405,#9406,#9407,#9408,#9409,#9410,
#9411,#9412,#9413,#9414,#9415,#9416,#9417,#9418,#9419,#9420,#9421,#9422,
#9423,#9424,#9425,#9426,#9427,#9428,#9429,#9430,#9431,#9432,#9433,#9434,
#9435,#9436,#9437,#9438,#9439,#9440,#9441,#9442,#9443,#9444,#9445,#9446,
#9447,#9448,#9449,#9450,#9451,#9452,#9453,#9454,#9455,#9456,#9457,#9458,
#9459,#9460,#9461,#9462,#9463,#9464,#9465,#9466,#9467,#9468,#9469,#9470,
#9471,#9472,#9473,#9474,#9475,#9476,#9477,#9478,#9479,#9480,#9481,#9482,
#9483,#9484,#9485,#9486,#9487,#9488,#9489,#9490,#9491,#9492,#9493,#9494,
#9495,#9496,#9497,#9498,#9499,#9500,#9501,#9502,#9503,#9504,#9505,#9506,
#9507,#9508,#9509,#9510,#9511,#9512,#9513,#9514,#9515,#9516,#9517,#9518,
#9519,#9520,#9521,#9522,#9523,#9524,#9525,#9526,#9527,#9528,#9529,#9530,
#9531,#9532,#9533,#9534,#9535,#9536,#9537,#9538,#9539,#9540,#9541,#9542,
#9543,#9544,#9545,#9546,#9547,#9548,#9549,#9550,#9551,#9552,#9553,#9554,
#9555,#9556,#9557,#9558,#9559,#9560,#9561,#9562,#9563,#9564,#9565,#9566,
#9567,#9568,#9569,#9570,#9571,#9572,#9573,#9574,#9575,#9576,#9577,#9578,
#9579,#9580,#9581,#9582,#9583,#9584,#9585,#9586,#9587,#9588,#9589,#9590,
#9591,#9592,#9593,#9594,#9595,#9596,#9597,#9598,#9599,#9600,#9601,#9602,
#9603,#9604,#9605,#9606,#9607,#9608,#9609,#9610,#9611,#9612,#9613,#9614,
#9615,#9616,#9617,#9618,#9619,#9620,#9621,#9622,#9623,#9624,#9625,#9626,
#9627,#9628,#9629,#9630,#9631,#9632,#9633,#9634,#9635,#9636,#9637,#9638,
#9639,#9640,#9641,#9642,#9643,#9644,#9645,#9646,#9647,#9648,#9649,#9650,
#9651,#9652,#9653,#9654,#9655,#9656,#9657,#9658,#9659,#9660,#9661,#9662,
#9663,#9664,#9665,#9666,#9667,#9668,#9669,#9670,#9671,#9672,#9673,#9674,
#9675,#9676,#9677,#9678,#9679,#9680,#9681,#9682,#9683,#9684,#9685,#9686,
#9687,#9688,#9689,#9690,#9691,#9692,#9693,#9694,#9695,#9696,#9697,#9698,
#9699,#9700,#9701,#9702,#9703,#9704,#9705,#9706,#9707,#9708,#9709,#9710,
#9711,#9712,#9713,#9714,#9715,#9716,#9717,#9718,#9719,#9720,#9721,#9722,
#9723,#9724,#9725,#9726,#9727,#9728,#9729,#9730,#9731,#9732,#9733,#9734,
#9735,#9736,#9737,#9738,#9739,#9740,#9741,#9742,#9743,#9744,#9745,#9746,
#9747,#9748,#9749,#9750,#9751,#9752,#9753,#9754,#9755,#9756,#9757,#9758,
#9759,#9760,#9761,#9762,#9763,#9764,#9765,#9766,#9767,#9768,#9769,#9770,
#9771,#9772,#9773,#9774));
#9797=CLOSED_SHELL('',(#9775,#9776,#9777,#9778,#9779,#9780));
#9798=CLOSED_SHELL('',(#9781,#9782,#9783,#9784,#9785,#9786));
#9799=CLOSED_SHELL('',(#9787,#9788,#9789,#9790,#9791,#9792,#9793));
#9800=DERIVED_UNIT_ELEMENT(#9802,1.);
#9801=DERIVED_UNIT_ELEMENT(#16247,-3.);
#9802=(
MASS_UNIT()
NAMED_UNIT(*)
SI_UNIT(.KILO.,.GRAM.)
);
#9803=DERIVED_UNIT((#9800,#9801));
#9804=MEASURE_REPRESENTATION_ITEM('density measure',
POSITIVE_RATIO_MEASURE(7850.),#9803);
#9805=PROPERTY_DEFINITION_REPRESENTATION(#9810,#9807);
#9806=PROPERTY_DEFINITION_REPRESENTATION(#9811,#9808);
#9807=REPRESENTATION('material name',(#9809),#16244);
#9808=REPRESENTATION('density',(#9804),#16244);
#9809=DESCRIPTIVE_REPRESENTATION_ITEM('Acier','Acier');
#9810=PROPERTY_DEFINITION('material property','material name',#16254);
#9811=PROPERTY_DEFINITION('material property','density of part',#16254);
#9812=AXIS2_PLACEMENT_3D('',#12923,#10438,#10439);
#9813=AXIS2_PLACEMENT_3D('',#12924,#10440,#10441);
#9814=AXIS2_PLACEMENT_3D('',#12928,#10443,#10444);
#9815=AXIS2_PLACEMENT_3D('',#12929,#10445,#10446);
#9816=AXIS2_PLACEMENT_3D('',#12930,#10447,#10448);
#9817=AXIS2_PLACEMENT_3D('',#12931,#10449,#10450);
#9818=AXIS2_PLACEMENT_3D('',#12932,#10451,#10452);
#9819=AXIS2_PLACEMENT_3D('',#12941,#10457,#10458);
#9820=AXIS2_PLACEMENT_3D('',#12947,#10462,#10463);
#9821=AXIS2_PLACEMENT_3D('',#12951,#10466,#10467);
#9822=AXIS2_PLACEMENT_3D('',#12955,#10470,#10471);
#9823=AXIS2_PLACEMENT_3D('',#12957,#10473,#10474);
#9824=AXIS2_PLACEMENT_3D('',#12958,#10475,#10476);
#9825=AXIS2_PLACEMENT_3D('',#12963,#10478,#10479);
#9826=AXIS2_PLACEMENT_3D('',#12967,#10482,#10483);
#9827=AXIS2_PLACEMENT_3D('',#12976,#10488,#10489);
#9828=AXIS2_PLACEMENT_3D('',#12985,#10494,#10495);
#9829=AXIS2_PLACEMENT_3D('',#12988,#10497,#10498);
#9830=AXIS2_PLACEMENT_3D('',#12992,#10501,#10502);
#9831=AXIS2_PLACEMENT_3D('',#12995,#10503,#10504);
#9832=AXIS2_PLACEMENT_3D('',#12999,#10507,#10508);
#9833=AXIS2_PLACEMENT_3D('',#13006,#10511,#10512);
#9834=AXIS2_PLACEMENT_3D('',#13008,#10514,#10515);
#9835=AXIS2_PLACEMENT_3D('',#13089,#10524,#10525);
#9836=AXIS2_PLACEMENT_3D('',#13091,#10526,#10527);
#9837=AXIS2_PLACEMENT_3D('',#13092,#10528,#10529);
#9838=AXIS2_PLACEMENT_3D('',#13101,#10534,#10535);
#9839=AXIS2_PLACEMENT_3D('',#13103,#10536,#10537);
#9840=AXIS2_PLACEMENT_3D('',#13105,#10538,#10539);
#9841=AXIS2_PLACEMENT_3D('',#13106,#10540,#10541);
#9842=AXIS2_PLACEMENT_3D('',#13115,#10546,#10547);
#9843=AXIS2_PLACEMENT_3D('',#13118,#10548,#10549);
#9844=AXIS2_PLACEMENT_3D('',#13119,#10550,#10551);
#9845=AXIS2_PLACEMENT_3D('',#13122,#10553,#10554);
#9846=AXIS2_PLACEMENT_3D('',#13123,#10555,#10556);
#9847=AXIS2_PLACEMENT_3D('',#13132,#10561,#10562);
#9848=AXIS2_PLACEMENT_3D('',#13133,#10563,#10564);
#9849=AXIS2_PLACEMENT_3D('',#13135,#10566,#10567);
#9850=AXIS2_PLACEMENT_3D('',#13137,#10568,#10569);
#9851=AXIS2_PLACEMENT_3D('',#13250,#10573,#10574);
#9852=AXIS2_PLACEMENT_3D('',#13271,#10585,#10586);
#9853=AXIS2_PLACEMENT_3D('',#13276,#10588,#10589);
#9854=AXIS2_PLACEMENT_3D('',#13283,#10591,#10592);
#9855=AXIS2_PLACEMENT_3D('',#13289,#10595,#10596);
#9856=AXIS2_PLACEMENT_3D('',#13291,#10598,#10599);
#9857=AXIS2_PLACEMENT_3D('',#13300,#10604,#10605);
#9858=AXIS2_PLACEMENT_3D('',#13306,#10609,#10610);
#9859=AXIS2_PLACEMENT_3D('',#13314,#10615,#10616);
#9860=AXIS2_PLACEMENT_3D('',#13344,#10631,#10632);
#9861=AXIS2_PLACEMENT_3D('',#13353,#10637,#10638);
#9862=AXIS2_PLACEMENT_3D('',#13355,#10639,#10640);
#9863=AXIS2_PLACEMENT_3D('',#13413,#10670,#10671);
#9864=AXIS2_PLACEMENT_3D('',#13417,#10674,#10675);
#9865=AXIS2_PLACEMENT_3D('',#13427,#10681,#10682);
#9866=AXIS2_PLACEMENT_3D('',#13529,#10733,#10734);
#9867=AXIS2_PLACEMENT_3D('',#13539,#10739,#10740);
#9868=AXIS2_PLACEMENT_3D('',#13543,#10742,#10743);
#9869=AXIS2_PLACEMENT_3D('',#13571,#10758,#10759);
#9870=AXIS2_PLACEMENT_3D('',#13573,#10760,#10761);
#9871=AXIS2_PLACEMENT_3D('',#13583,#10766,#10767);
#9872=AXIS2_PLACEMENT_3D('',#13659,#10806,#10807);
#9873=AXIS2_PLACEMENT_3D('',#13660,#10808,#10809);
#9874=AXIS2_PLACEMENT_3D('',#13668,#10814,#10815);
#9875=AXIS2_PLACEMENT_3D('',#13714,#10840,#10841);
#9876=AXIS2_PLACEMENT_3D('',#13730,#10851,#10852);
#9877=AXIS2_PLACEMENT_3D('',#13756,#10866,#10867);
#9878=AXIS2_PLACEMENT_3D('',#13770,#10875,#10876);
#9879=AXIS2_PLACEMENT_3D('',#13773,#10877,#10878);
#9880=AXIS2_PLACEMENT_3D('',#13778,#10882,#10883);
#9881=AXIS2_PLACEMENT_3D('',#13782,#10885,#10886);
#9882=AXIS2_PLACEMENT_3D('',#13788,#10890,#10891);
#9883=AXIS2_PLACEMENT_3D('',#13792,#10893,#10894);
#9884=AXIS2_PLACEMENT_3D('',#13796,#10896,#10897);
#9885=AXIS2_PLACEMENT_3D('',#13800,#10899,#10900);
#9886=AXIS2_PLACEMENT_3D('',#13804,#10902,#10903);
#9887=AXIS2_PLACEMENT_3D('',#13808,#10905,#10906);
#9888=AXIS2_PLACEMENT_3D('',#13812,#10908,#10909);
#9889=AXIS2_PLACEMENT_3D('',#13817,#10912,#10913);
#9890=AXIS2_PLACEMENT_3D('',#13834,#10916,#10917);
#9891=AXIS2_PLACEMENT_3D('',#13836,#10918,#10919);
#9892=AXIS2_PLACEMENT_3D('',#13864,#10920,#10921);
#9893=AXIS2_PLACEMENT_3D('',#13876,#10928,#10929);
#9894=AXIS2_PLACEMENT_3D('',#13882,#10933,#10934);
#9895=AXIS2_PLACEMENT_3D('',#13901,#10946,#10947);
#9896=AXIS2_PLACEMENT_3D('',#13904,#10949,#10950);
#9897=AXIS2_PLACEMENT_3D('',#13905,#10951,#10952);
#9898=AXIS2_PLACEMENT_3D('',#13907,#10954,#10955);
#9899=AXIS2_PLACEMENT_3D('',#13923,#10963,#10964);
#9900=AXIS2_PLACEMENT_3D('',#13927,#10966,#10967);
#9901=AXIS2_PLACEMENT_3D('',#13939,#10973,#10974);
#9902=AXIS2_PLACEMENT_3D('',#13940,#10975,#10976);
#9903=AXIS2_PLACEMENT_3D('',#13941,#10977,#10978);
#9904=AXIS2_PLACEMENT_3D('',#13947,#10982,#10983);
#9905=AXIS2_PLACEMENT_3D('',#13954,#10987,#10988);
#9906=AXIS2_PLACEMENT_3D('',#13958,#10990,#10991);
#9907=AXIS2_PLACEMENT_3D('',#13969,#10997,#10998);
#9908=AXIS2_PLACEMENT_3D('',#13970,#10999,#11000);
#9909=AXIS2_PLACEMENT_3D('',#13989,#11011,#11012);
#9910=AXIS2_PLACEMENT_3D('',#13998,#11017,#11018);
#9911=AXIS2_PLACEMENT_3D('',#13999,#11019,#11020);
#9912=AXIS2_PLACEMENT_3D('',#14000,#11021,#11022);
#9913=AXIS2_PLACEMENT_3D('',#14005,#11024,#11025);
#9914=AXIS2_PLACEMENT_3D('',#14007,#11027,#11028);
#9915=AXIS2_PLACEMENT_3D('',#14023,#11037,#11038);
#9916=AXIS2_PLACEMENT_3D('',#14025,#11040,#11041);
#9917=AXIS2_PLACEMENT_3D('',#14129,#11046,#11047);
#9918=AXIS2_PLACEMENT_3D('',#14200,#11049,#11050);
#9919=AXIS2_PLACEMENT_3D('',#14202,#11052,#11053);
#9920=AXIS2_PLACEMENT_3D('',#14206,#11056,#11057);
#9921=AXIS2_PLACEMENT_3D('',#14210,#11060,#11061);
#9922=AXIS2_PLACEMENT_3D('',#14219,#11066,#11067);
#9923=AXIS2_PLACEMENT_3D('',#14222,#11070,#11071);
#9924=AXIS2_PLACEMENT_3D('',#14231,#11075,#11076);
#9925=AXIS2_PLACEMENT_3D('',#14235,#11078,#11079);
#9926=AXIS2_PLACEMENT_3D('',#14241,#11083,#11084);
#9927=AXIS2_PLACEMENT_3D('',#14244,#11087,#11088);
#9928=AXIS2_PLACEMENT_3D('',#14270,#11102,#11103);
#9929=AXIS2_PLACEMENT_3D('',#14273,#11106,#11107);
#9930=AXIS2_PLACEMENT_3D('',#14276,#11110,#11111);
#9931=AXIS2_PLACEMENT_3D('',#14282,#11115,#11116);
#9932=AXIS2_PLACEMENT_3D('',#14288,#11120,#11121);
#9933=AXIS2_PLACEMENT_3D('',#14298,#11127,#11128);
#9934=AXIS2_PLACEMENT_3D('',#14300,#11129,#11130);
#9935=AXIS2_PLACEMENT_3D('',#14385,#11173,#11174);
#9936=AXIS2_PLACEMENT_3D('',#14389,#11176,#11177);
#9937=AXIS2_PLACEMENT_3D('',#14392,#11180,#11181);
#9938=AXIS2_PLACEMENT_3D('',#14399,#11185,#11186);
#9939=AXIS2_PLACEMENT_3D('',#14400,#11187,#11188);
#9940=AXIS2_PLACEMENT_3D('',#14401,#11189,#11190);
#9941=AXIS2_PLACEMENT_3D('',#14405,#11191,#11192);
#9942=AXIS2_PLACEMENT_3D('',#14423,#11202,#11203);
#9943=AXIS2_PLACEMENT_3D('',#14442,#11214,#11215);
#9944=AXIS2_PLACEMENT_3D('',#14459,#11224,#11225);
#9945=AXIS2_PLACEMENT_3D('',#14461,#11227,#11228);
#9946=AXIS2_PLACEMENT_3D('',#14464,#11231,#11232);
#9947=AXIS2_PLACEMENT_3D('',#14473,#11237,#11238);
#9948=AXIS2_PLACEMENT_3D('',#14479,#11242,#11243);
#9949=AXIS2_PLACEMENT_3D('',#14482,#11245,#11246);
#9950=AXIS2_PLACEMENT_3D('',#14483,#11247,#11248);
#9951=AXIS2_PLACEMENT_3D('',#14486,#11251,#11252);
#9952=AXIS2_PLACEMENT_3D('',#14529,#11274,#11275);
#9953=AXIS2_PLACEMENT_3D('',#14540,#11281,#11282);
#9954=AXIS2_PLACEMENT_3D('',#14542,#11283,#11284);
#9955=AXIS2_PLACEMENT_3D('',#14543,#11285,#11286);
#9956=AXIS2_PLACEMENT_3D('',#14549,#11290,#11291);
#9957=AXIS2_PLACEMENT_3D('',#14579,#11308,#11309);
#9958=AXIS2_PLACEMENT_3D('',#14584,#11311,#11312);
#9959=AXIS2_PLACEMENT_3D('',#14588,#11314,#11315);
#9960=AXIS2_PLACEMENT_3D('',#14592,#11317,#11318);
#9961=AXIS2_PLACEMENT_3D('',#14595,#11320,#11321);
#9962=AXIS2_PLACEMENT_3D('',#14597,#11322,#11323);
#9963=AXIS2_PLACEMENT_3D('',#14601,#11325,#11326);
#9964=AXIS2_PLACEMENT_3D('',#14604,#11328,#11329);
#9965=AXIS2_PLACEMENT_3D('',#14606,#11330,#11331);
#9966=AXIS2_PLACEMENT_3D('',#14610,#11333,#11334);
#9967=AXIS2_PLACEMENT_3D('',#14613,#11336,#11337);
#9968=AXIS2_PLACEMENT_3D('',#14614,#11338,#11339);
#9969=AXIS2_PLACEMENT_3D('',#14630,#11349,#11350);
#9970=AXIS2_PLACEMENT_3D('',#14632,#11352,#11353);
#9971=AXIS2_PLACEMENT_3D('',#14647,#11363,#11364);
#9972=AXIS2_PLACEMENT_3D('',#14650,#11366,#11367);
#9973=AXIS2_PLACEMENT_3D('',#14651,#11368,#11369);
#9974=AXIS2_PLACEMENT_3D('',#14696,#11384,#11385);
#9975=AXIS2_PLACEMENT_3D('',#14698,#11386,#11387);
#9976=AXIS2_PLACEMENT_3D('',#14700,#11388,#11389);
#9977=AXIS2_PLACEMENT_3D('',#14712,#11395,#11396);
#9978=AXIS2_PLACEMENT_3D('',#14714,#11397,#11398);
#9979=AXIS2_PLACEMENT_3D('',#14716,#11399,#11400);
#9980=AXIS2_PLACEMENT_3D('',#14717,#11401,#11402);
#9981=AXIS2_PLACEMENT_3D('',#14724,#11406,#11407);
#9982=AXIS2_PLACEMENT_3D('',#14725,#11408,#11409);
#9983=AXIS2_PLACEMENT_3D('',#14732,#11413,#11414);
#9984=AXIS2_PLACEMENT_3D('',#14733,#11415,#11416);
#9985=AXIS2_PLACEMENT_3D('',#14737,#11419,#11420);
#9986=AXIS2_PLACEMENT_3D('',#14738,#11421,#11422);
#9987=AXIS2_PLACEMENT_3D('',#14739,#11423,#11424);
#9988=AXIS2_PLACEMENT_3D('',#14740,#11425,#11426);
#9989=AXIS2_PLACEMENT_3D('',#14741,#11427,#11428);
#9990=AXIS2_PLACEMENT_3D('',#14742,#11429,#11430);
#9991=AXIS2_PLACEMENT_3D('',#14743,#11431,#11432);
#9992=AXIS2_PLACEMENT_3D('',#14744,#11433,#11434);
#9993=AXIS2_PLACEMENT_3D('',#14745,#11435,#11436);
#9994=AXIS2_PLACEMENT_3D('',#14746,#11437,#11438);
#9995=AXIS2_PLACEMENT_3D('',#14747,#11439,#11440);
#9996=AXIS2_PLACEMENT_3D('',#14749,#11442,#11443);
#9997=AXIS2_PLACEMENT_3D('',#14753,#11446,#11447);
#9998=AXIS2_PLACEMENT_3D('',#14754,#11448,#11449);
#9999=AXIS2_PLACEMENT_3D('',#14769,#11457,#11458);
#10000=AXIS2_PLACEMENT_3D('',#14770,#11459,#11460);
#10001=AXIS2_PLACEMENT_3D('',#14784,#11467,#11468);
#10002=AXIS2_PLACEMENT_3D('',#14787,#11470,#11471);
#10003=AXIS2_PLACEMENT_3D('',#14789,#11472,#11473);
#10004=AXIS2_PLACEMENT_3D('',#14792,#11475,#11476);
#10005=AXIS2_PLACEMENT_3D('',#14793,#11477,#11478);
#10006=AXIS2_PLACEMENT_3D('',#14797,#11481,#11482);
#10007=AXIS2_PLACEMENT_3D('',#14798,#11483,#11484);
#10008=AXIS2_PLACEMENT_3D('',#14799,#11485,#11486);
#10009=AXIS2_PLACEMENT_3D('',#14801,#11488,#11489);
#10010=AXIS2_PLACEMENT_3D('',#14803,#11491,#11492);
#10011=AXIS2_PLACEMENT_3D('',#14804,#11493,#11494);
#10012=AXIS2_PLACEMENT_3D('',#14805,#11495,#11496);
#10013=AXIS2_PLACEMENT_3D('',#14806,#11497,#11498);
#10014=AXIS2_PLACEMENT_3D('',#14807,#11499,#11500);
#10015=AXIS2_PLACEMENT_3D('',#14810,#11502,#11503);
#10016=AXIS2_PLACEMENT_3D('',#14811,#11504,#11505);
#10017=AXIS2_PLACEMENT_3D('',#14814,#11506,#11507);
#10018=AXIS2_PLACEMENT_3D('',#14816,#11508,#11509);
#10019=AXIS2_PLACEMENT_3D('',#14819,#11511,#11512);
#10020=AXIS2_PLACEMENT_3D('',#14820,#11513,#11514);
#10021=AXIS2_PLACEMENT_3D('',#14821,#11515,#11516);
#10022=AXIS2_PLACEMENT_3D('',#14824,#11517,#11518);
#10023=AXIS2_PLACEMENT_3D('',#14828,#11520,#11521);
#10024=AXIS2_PLACEMENT_3D('',#14832,#11523,#11524);
#10025=AXIS2_PLACEMENT_3D('',#14836,#11526,#11527);
#10026=AXIS2_PLACEMENT_3D('',#14840,#11529,#11530);
#10027=AXIS2_PLACEMENT_3D('',#14843,#11532,#11533);
#10028=AXIS2_PLACEMENT_3D('',#14847,#11535,#11536);
#10029=AXIS2_PLACEMENT_3D('',#14851,#11538,#11539);
#10030=AXIS2_PLACEMENT_3D('',#14855,#11541,#11542);
#10031=AXIS2_PLACEMENT_3D('',#14857,#11544,#11545);
#10032=AXIS2_PLACEMENT_3D('',#14860,#11546,#11547);
#10033=AXIS2_PLACEMENT_3D('',#14864,#11549,#11550);
#10034=AXIS2_PLACEMENT_3D('',#14868,#11552,#11553);
#10035=AXIS2_PLACEMENT_3D('',#14872,#11555,#11556);
#10036=AXIS2_PLACEMENT_3D('',#14876,#11558,#11559);
#10037=AXIS2_PLACEMENT_3D('',#14879,#11561,#11562);
#10038=AXIS2_PLACEMENT_3D('',#14883,#11564,#11565);
#10039=AXIS2_PLACEMENT_3D('',#14887,#11567,#11568);
#10040=AXIS2_PLACEMENT_3D('',#14891,#11570,#11571);
#10041=AXIS2_PLACEMENT_3D('',#14893,#11573,#11574);
#10042=AXIS2_PLACEMENT_3D('',#14895,#11575,#11576);
#10043=AXIS2_PLACEMENT_3D('',#14897,#11578,#11579);
#10044=AXIS2_PLACEMENT_3D('',#14899,#11581,#11582);
#10045=AXIS2_PLACEMENT_3D('',#14901,#11584,#11585);
#10046=AXIS2_PLACEMENT_3D('',#14904,#11586,#11587);
#10047=AXIS2_PLACEMENT_3D('',#14905,#11588,#11589);
#10048=AXIS2_PLACEMENT_3D('',#14907,#11591,#11592);
#10049=AXIS2_PLACEMENT_3D('',#14909,#11593,#11594);
#10050=AXIS2_PLACEMENT_3D('',#14912,#11596,#11597);
#10051=AXIS2_PLACEMENT_3D('',#14913,#11598,#11599);
#10052=AXIS2_PLACEMENT_3D('',#14916,#11601,#11602);
#10053=AXIS2_PLACEMENT_3D('',#14917,#11603,#11604);
#10054=AXIS2_PLACEMENT_3D('',#14919,#11605,#11606);
#10055=AXIS2_PLACEMENT_3D('',#14922,#11608,#11609);
#10056=AXIS2_PLACEMENT_3D('',#14923,#11610,#11611);
#10057=AXIS2_PLACEMENT_3D('',#14963,#11613,#11614);
#10058=AXIS2_PLACEMENT_3D('',#14964,#11615,#11616);
#10059=AXIS2_PLACEMENT_3D('',#14966,#11617,#11618);
#10060=AXIS2_PLACEMENT_3D('',#14969,#11620,#11621);
#10061=AXIS2_PLACEMENT_3D('',#14970,#11622,#11623);
#10062=AXIS2_PLACEMENT_3D('',#14971,#11624,#11625);
#10063=AXIS2_PLACEMENT_3D('',#14977,#11629,#11630);
#10064=AXIS2_PLACEMENT_3D('',#14983,#11634,#11635);
#10065=AXIS2_PLACEMENT_3D('',#14989,#11639,#11640);
#10066=AXIS2_PLACEMENT_3D('',#14995,#11644,#11645);
#10067=AXIS2_PLACEMENT_3D('',#15001,#11649,#11650);
#10068=AXIS2_PLACEMENT_3D('',#15005,#11653,#11654);
#10069=AXIS2_PLACEMENT_3D('',#15011,#11658,#11659);
#10070=AXIS2_PLACEMENT_3D('',#15017,#11663,#11664);
#10071=AXIS2_PLACEMENT_3D('',#15023,#11668,#11669);
#10072=AXIS2_PLACEMENT_3D('',#15029,#11673,#11674);
#10073=AXIS2_PLACEMENT_3D('',#15035,#11678,#11679);
#10074=AXIS2_PLACEMENT_3D('',#15038,#11682,#11683);
#10075=AXIS2_PLACEMENT_3D('',#15044,#11687,#11688);
#10076=AXIS2_PLACEMENT_3D('',#15046,#11690,#11691);
#10077=AXIS2_PLACEMENT_3D('',#15048,#11693,#11694);
#10078=AXIS2_PLACEMENT_3D('',#15051,#11697,#11698);
#10079=AXIS2_PLACEMENT_3D('',#15057,#11702,#11703);
#10080=AXIS2_PLACEMENT_3D('',#15059,#11705,#11706);
#10081=AXIS2_PLACEMENT_3D('',#15065,#11710,#11711);
#10082=AXIS2_PLACEMENT_3D('',#15067,#11713,#11714);
#10083=AXIS2_PLACEMENT_3D('',#15069,#11716,#11717);
#10084=AXIS2_PLACEMENT_3D('',#15075,#11721,#11722);
#10085=AXIS2_PLACEMENT_3D('',#15077,#11724,#11725);
#10086=AXIS2_PLACEMENT_3D('',#15079,#11727,#11728);
#10087=AXIS2_PLACEMENT_3D('',#15080,#11729,#11730);
#10088=AXIS2_PLACEMENT_3D('',#15082,#11732,#11733);
#10089=AXIS2_PLACEMENT_3D('',#15084,#11735,#11736);
#10090=AXIS2_PLACEMENT_3D('',#15090,#11740,#11741);
#10091=AXIS2_PLACEMENT_3D('',#15092,#11743,#11744);
#10092=AXIS2_PLACEMENT_3D('',#15094,#11746,#11747);
#10093=AXIS2_PLACEMENT_3D('',#15096,#11749,#11750);
#10094=AXIS2_PLACEMENT_3D('',#15098,#11752,#11753);
#10095=AXIS2_PLACEMENT_3D('',#15104,#11757,#11758);
#10096=AXIS2_PLACEMENT_3D('',#15106,#11760,#11761);
#10097=AXIS2_PLACEMENT_3D('',#15112,#11765,#11766);
#10098=AXIS2_PLACEMENT_3D('',#15114,#11768,#11769);
#10099=AXIS2_PLACEMENT_3D('',#15120,#11773,#11774);
#10100=AXIS2_PLACEMENT_3D('',#15122,#11776,#11777);
#10101=AXIS2_PLACEMENT_3D('',#15124,#11779,#11780);
#10102=AXIS2_PLACEMENT_3D('',#15126,#11782,#11783);
#10103=AXIS2_PLACEMENT_3D('',#15132,#11787,#11788);
#10104=AXIS2_PLACEMENT_3D('',#15134,#11790,#11791);
#10105=AXIS2_PLACEMENT_3D('',#15136,#11793,#11794);
#10106=AXIS2_PLACEMENT_3D('',#15138,#11796,#11797);
#10107=AXIS2_PLACEMENT_3D('',#15140,#11799,#11800);
#10108=AXIS2_PLACEMENT_3D('',#15142,#11802,#11803);
#10109=AXIS2_PLACEMENT_3D('',#15148,#11807,#11808);
#10110=AXIS2_PLACEMENT_3D('',#15150,#11810,#11811);
#10111=AXIS2_PLACEMENT_3D('',#15152,#11813,#11814);
#10112=AXIS2_PLACEMENT_3D('',#15158,#11818,#11819);
#10113=AXIS2_PLACEMENT_3D('',#15160,#11821,#11822);
#10114=AXIS2_PLACEMENT_3D('',#15166,#11826,#11827);
#10115=AXIS2_PLACEMENT_3D('',#15168,#11829,#11830);
#10116=AXIS2_PLACEMENT_3D('',#15170,#11832,#11833);
#10117=AXIS2_PLACEMENT_3D('',#15172,#11835,#11836);
#10118=AXIS2_PLACEMENT_3D('',#15174,#11838,#11839);
#10119=AXIS2_PLACEMENT_3D('',#15180,#11843,#11844);
#10120=AXIS2_PLACEMENT_3D('',#15182,#11846,#11847);
#10121=AXIS2_PLACEMENT_3D('',#15184,#11849,#11850);
#10122=AXIS2_PLACEMENT_3D('',#15186,#11852,#11853);
#10123=AXIS2_PLACEMENT_3D('',#15190,#11856,#11857);
#10124=AXIS2_PLACEMENT_3D('',#15192,#11859,#11860);
#10125=AXIS2_PLACEMENT_3D('',#15198,#11864,#11865);
#10126=AXIS2_PLACEMENT_3D('',#15200,#11867,#11868);
#10127=AXIS2_PLACEMENT_3D('',#15202,#11870,#11871);
#10128=AXIS2_PLACEMENT_3D('',#15208,#11875,#11876);
#10129=AXIS2_PLACEMENT_3D('',#15210,#11878,#11879);
#10130=AXIS2_PLACEMENT_3D('',#15216,#11883,#11884);
#10131=AXIS2_PLACEMENT_3D('',#15218,#11886,#11887);
#10132=AXIS2_PLACEMENT_3D('',#15220,#11889,#11890);
#10133=AXIS2_PLACEMENT_3D('',#15222,#11892,#11893);
#10134=AXIS2_PLACEMENT_3D('',#15224,#11895,#11896);
#10135=AXIS2_PLACEMENT_3D('',#15226,#11898,#11899);
#10136=AXIS2_PLACEMENT_3D('',#15228,#11901,#11902);
#10137=AXIS2_PLACEMENT_3D('',#15230,#11904,#11905);
#10138=AXIS2_PLACEMENT_3D('',#15232,#11907,#11908);
#10139=AXIS2_PLACEMENT_3D('',#15236,#11911,#11912);
#10140=AXIS2_PLACEMENT_3D('',#15238,#11914,#11915);
#10141=AXIS2_PLACEMENT_3D('',#15244,#11919,#11920);
#10142=AXIS2_PLACEMENT_3D('',#15246,#11922,#11923);
#10143=AXIS2_PLACEMENT_3D('',#15248,#11925,#11926);
#10144=AXIS2_PLACEMENT_3D('',#15254,#11930,#11931);
#10145=AXIS2_PLACEMENT_3D('',#15260,#11935,#11936);
#10146=AXIS2_PLACEMENT_3D('',#15266,#11940,#11941);
#10147=AXIS2_PLACEMENT_3D('',#15268,#11943,#11944);
#10148=AXIS2_PLACEMENT_3D('',#15274,#11948,#11949);
#10149=AXIS2_PLACEMENT_3D('',#15276,#11951,#11952);
#10150=AXIS2_PLACEMENT_3D('',#15278,#11954,#11955);
#10151=AXIS2_PLACEMENT_3D('',#15280,#11957,#11958);
#10152=AXIS2_PLACEMENT_3D('',#15284,#11961,#11962);
#10153=AXIS2_PLACEMENT_3D('',#15289,#11966,#11967);
#10154=AXIS2_PLACEMENT_3D('',#15294,#11972,#11973);
#10155=AXIS2_PLACEMENT_3D('',#15296,#11975,#11976);
#10156=AXIS2_PLACEMENT_3D('',#15297,#11977,#11978);
#10157=AXIS2_PLACEMENT_3D('',#15299,#11980,#11981);
#10158=AXIS2_PLACEMENT_3D('',#15301,#11983,#11984);
#10159=AXIS2_PLACEMENT_3D('',#15302,#11985,#11986);
#10160=AXIS2_PLACEMENT_3D('',#15303,#11987,#11988);
#10161=AXIS2_PLACEMENT_3D('',#15304,#11989,#11990);
#10162=AXIS2_PLACEMENT_3D('',#15314,#11996,#11997);
#10163=AXIS2_PLACEMENT_3D('',#15316,#11999,#12000);
#10164=AXIS2_PLACEMENT_3D('',#15320,#12003,#12004);
#10165=AXIS2_PLACEMENT_3D('',#15326,#12008,#12009);
#10166=AXIS2_PLACEMENT_3D('',#15328,#12011,#12012);
#10167=AXIS2_PLACEMENT_3D('',#15330,#12014,#12015);
#10168=AXIS2_PLACEMENT_3D('',#15332,#12017,#12018);
#10169=AXIS2_PLACEMENT_3D('',#15335,#12021,#12022);
#10170=AXIS2_PLACEMENT_3D('',#15343,#12027,#12028);
#10171=AXIS2_PLACEMENT_3D('',#15347,#12031,#12032);
#10172=AXIS2_PLACEMENT_3D('',#15351,#12035,#12036);
#10173=AXIS2_PLACEMENT_3D('',#15353,#12038,#12039);
#10174=AXIS2_PLACEMENT_3D('',#15362,#12044,#12045);
#10175=AXIS2_PLACEMENT_3D('',#15365,#12048,#12049);
#10176=AXIS2_PLACEMENT_3D('',#15371,#12053,#12054);
#10177=AXIS2_PLACEMENT_3D('',#15373,#12056,#12057);
#10178=AXIS2_PLACEMENT_3D('',#15379,#12061,#12062);
#10179=AXIS2_PLACEMENT_3D('',#15381,#12064,#12065);
#10180=AXIS2_PLACEMENT_3D('',#15383,#12067,#12068);
#10181=AXIS2_PLACEMENT_3D('',#15385,#12070,#12071);
#10182=AXIS2_PLACEMENT_3D('',#15386,#12072,#12073);
#10183=AXIS2_PLACEMENT_3D('',#15395,#12075,#12076);
#10184=AXIS2_PLACEMENT_3D('',#15396,#12077,#12078);
#10185=AXIS2_PLACEMENT_3D('',#15398,#12079,#12080);
#10186=AXIS2_PLACEMENT_3D('',#15401,#12083,#12084);
#10187=AXIS2_PLACEMENT_3D('',#15409,#12089,#12090);
#10188=AXIS2_PLACEMENT_3D('',#15413,#12093,#12094);
#10189=AXIS2_PLACEMENT_3D('',#15427,#12102,#12103);
#10190=AXIS2_PLACEMENT_3D('',#15435,#12108,#12109);
#10191=AXIS2_PLACEMENT_3D('',#15437,#12111,#12112);
#10192=AXIS2_PLACEMENT_3D('',#15441,#12115,#12116);
#10193=AXIS2_PLACEMENT_3D('',#15443,#12118,#12119);
#10194=AXIS2_PLACEMENT_3D('',#15446,#12121,#12122);
#10195=AXIS2_PLACEMENT_3D('',#15447,#12123,#12124);
#10196=AXIS2_PLACEMENT_3D('',#15455,#12129,#12130);
#10197=AXIS2_PLACEMENT_3D('',#15459,#12133,#12134);
#10198=AXIS2_PLACEMENT_3D('',#15461,#12136,#12137);
#10199=AXIS2_PLACEMENT_3D('',#15465,#12140,#12141);
#10200=AXIS2_PLACEMENT_3D('',#15471,#12145,#12146);
#10201=AXIS2_PLACEMENT_3D('',#15477,#12150,#12151);
#10202=AXIS2_PLACEMENT_3D('',#15481,#12154,#12155);
#10203=AXIS2_PLACEMENT_3D('',#15485,#12158,#12159);
#10204=AXIS2_PLACEMENT_3D('',#15487,#12161,#12162);
#10205=AXIS2_PLACEMENT_3D('',#15490,#12165,#12166);
#10206=AXIS2_PLACEMENT_3D('',#15493,#12169,#12170);
#10207=AXIS2_PLACEMENT_3D('',#15495,#12172,#12173);
#10208=AXIS2_PLACEMENT_3D('',#15502,#12178,#12179);
#10209=AXIS2_PLACEMENT_3D('',#15503,#12180,#12181);
#10210=AXIS2_PLACEMENT_3D('',#15504,#12182,#12183);
#10211=AXIS2_PLACEMENT_3D('',#15505,#12184,#12185);
#10212=AXIS2_PLACEMENT_3D('',#15507,#12186,#12187);
#10213=AXIS2_PLACEMENT_3D('',#15509,#12189,#12190);
#10214=AXIS2_PLACEMENT_3D('',#15511,#12192,#12193);
#10215=AXIS2_PLACEMENT_3D('',#15514,#12196,#12197);
#10216=AXIS2_PLACEMENT_3D('',#15516,#12199,#12200);
#10217=AXIS2_PLACEMENT_3D('',#15518,#12202,#12203);
#10218=AXIS2_PLACEMENT_3D('',#15520,#12205,#12206);
#10219=AXIS2_PLACEMENT_3D('',#15521,#12207,#12208);
#10220=AXIS2_PLACEMENT_3D('',#15523,#12210,#12211);
#10221=AXIS2_PLACEMENT_3D('',#15524,#12212,#12213);
#10222=AXIS2_PLACEMENT_3D('',#15529,#12217,#12218);
#10223=AXIS2_PLACEMENT_3D('',#15531,#12220,#12221);
#10224=AXIS2_PLACEMENT_3D('',#15533,#12223,#12224);
#10225=AXIS2_PLACEMENT_3D('',#15536,#12227,#12228);
#10226=AXIS2_PLACEMENT_3D('',#15538,#12230,#12231);
#10227=AXIS2_PLACEMENT_3D('',#15540,#12233,#12234);
#10228=AXIS2_PLACEMENT_3D('',#15542,#12236,#12237);
#10229=AXIS2_PLACEMENT_3D('',#15543,#12238,#12239);
#10230=AXIS2_PLACEMENT_3D('',#15546,#12242,#12243);
#10231=AXIS2_PLACEMENT_3D('',#15548,#12245,#12246);
#10232=AXIS2_PLACEMENT_3D('',#15550,#12248,#12249);
#10233=AXIS2_PLACEMENT_3D('',#15551,#12250,#12251);
#10234=AXIS2_PLACEMENT_3D('',#15552,#12252,#12253);
#10235=AXIS2_PLACEMENT_3D('',#15553,#12254,#12255);
#10236=AXIS2_PLACEMENT_3D('',#15554,#12256,#12257);
#10237=AXIS2_PLACEMENT_3D('',#15556,#12259,#12260);
#10238=AXIS2_PLACEMENT_3D('',#15560,#12263,#12264);
#10239=AXIS2_PLACEMENT_3D('',#15561,#12265,#12266);
#10240=AXIS2_PLACEMENT_3D('',#15563,#12268,#12269);
#10241=AXIS2_PLACEMENT_3D('',#15569,#12273,#12274);
#10242=AXIS2_PLACEMENT_3D('',#15575,#12278,#12279);
#10243=AXIS2_PLACEMENT_3D('',#15581,#12283,#12284);
#10244=AXIS2_PLACEMENT_3D('',#15582,#12285,#12286);
#10245=AXIS2_PLACEMENT_3D('',#15585,#12288,#12289);
#10246=AXIS2_PLACEMENT_3D('',#15586,#12290,#12291);
#10247=AXIS2_PLACEMENT_3D('',#15588,#12293,#12294);
#10248=AXIS2_PLACEMENT_3D('',#15590,#12295,#12296);
#10249=AXIS2_PLACEMENT_3D('',#15592,#12298,#12299);
#10250=AXIS2_PLACEMENT_3D('',#15594,#12301,#12302);
#10251=AXIS2_PLACEMENT_3D('',#15596,#12304,#12305);
#10252=AXIS2_PLACEMENT_3D('',#15597,#12306,#12307);
#10253=AXIS2_PLACEMENT_3D('',#15599,#12309,#12310);
#10254=AXIS2_PLACEMENT_3D('',#15600,#12311,#12312);
#10255=AXIS2_PLACEMENT_3D('',#15601,#12313,#12314);
#10256=AXIS2_PLACEMENT_3D('',#15602,#12315,#12316);
#10257=AXIS2_PLACEMENT_3D('',#15604,#12318,#12319);
#10258=AXIS2_PLACEMENT_3D('',#15606,#12321,#12322);
#10259=AXIS2_PLACEMENT_3D('',#15616,#12328,#12329);
#10260=AXIS2_PLACEMENT_3D('',#15626,#12335,#12336);
#10261=AXIS2_PLACEMENT_3D('',#15636,#12342,#12343);
#10262=AXIS2_PLACEMENT_3D('',#15646,#12349,#12350);
#10263=AXIS2_PLACEMENT_3D('',#15652,#12354,#12355);
#10264=AXIS2_PLACEMENT_3D('',#15654,#12357,#12358);
#10265=AXIS2_PLACEMENT_3D('',#15658,#12361,#12362);
#10266=AXIS2_PLACEMENT_3D('',#15661,#12365,#12366);
#10267=AXIS2_PLACEMENT_3D('',#15663,#12368,#12369);
#10268=AXIS2_PLACEMENT_3D('',#15673,#12375,#12376);
#10269=AXIS2_PLACEMENT_3D('',#15683,#12382,#12383);
#10270=AXIS2_PLACEMENT_3D('',#15689,#12387,#12388);
#10271=AXIS2_PLACEMENT_3D('',#15690,#12389,#12390);
#10272=AXIS2_PLACEMENT_3D('',#15692,#12392,#12393);
#10273=AXIS2_PLACEMENT_3D('',#15695,#12396,#12397);
#10274=AXIS2_PLACEMENT_3D('',#15696,#12398,#12399);
#10275=AXIS2_PLACEMENT_3D('',#15698,#12401,#12402);
#10276=AXIS2_PLACEMENT_3D('',#15699,#12403,#12404);
#10277=AXIS2_PLACEMENT_3D('',#15701,#12406,#12407);
#10278=AXIS2_PLACEMENT_3D('',#15703,#12409,#12410);
#10279=AXIS2_PLACEMENT_3D('',#15704,#12411,#12412);
#10280=AXIS2_PLACEMENT_3D('',#15705,#12413,#12414);
#10281=AXIS2_PLACEMENT_3D('',#15706,#12415,#12416);
#10282=AXIS2_PLACEMENT_3D('',#15708,#12417,#12418);
#10283=AXIS2_PLACEMENT_3D('',#15711,#12420,#12421);
#10284=AXIS2_PLACEMENT_3D('',#15712,#12422,#12423);
#10285=AXIS2_PLACEMENT_3D('',#15722,#12429,#12430);
#10286=AXIS2_PLACEMENT_3D('',#15732,#12436,#12437);
#10287=AXIS2_PLACEMENT_3D('',#15737,#12441,#12442);
#10288=AXIS2_PLACEMENT_3D('',#15739,#12444,#12445);
#10289=AXIS2_PLACEMENT_3D('',#15740,#12446,#12447);
#10290=AXIS2_PLACEMENT_3D('',#15744,#12450,#12451);
#10291=AXIS2_PLACEMENT_3D('',#15746,#12453,#12454);
#10292=AXIS2_PLACEMENT_3D('',#15750,#12457,#12458);
#10293=AXIS2_PLACEMENT_3D('',#15752,#12460,#12461);
#10294=AXIS2_PLACEMENT_3D('',#15756,#12464,#12465);
#10295=AXIS2_PLACEMENT_3D('',#15758,#12467,#12468);
#10296=AXIS2_PLACEMENT_3D('',#15760,#12470,#12471);
#10297=AXIS2_PLACEMENT_3D('',#15765,#12475,#12476);
#10298=AXIS2_PLACEMENT_3D('',#15767,#12478,#12479);
#10299=AXIS2_PLACEMENT_3D('',#15768,#12480,#12481);
#10300=AXIS2_PLACEMENT_3D('',#15772,#12484,#12485);
#10301=AXIS2_PLACEMENT_3D('',#15774,#12487,#12488);
#10302=AXIS2_PLACEMENT_3D('',#15778,#12491,#12492);
#10303=AXIS2_PLACEMENT_3D('',#15780,#12494,#12495);
#10304=AXIS2_PLACEMENT_3D('',#15784,#12498,#12499);
#10305=AXIS2_PLACEMENT_3D('',#15786,#12501,#12502);
#10306=AXIS2_PLACEMENT_3D('',#15788,#12504,#12505);
#10307=AXIS2_PLACEMENT_3D('',#15809,#12507,#12508);
#10308=AXIS2_PLACEMENT_3D('',#15811,#12510,#12511);
#10309=AXIS2_PLACEMENT_3D('',#15813,#12513,#12514);
#10310=AXIS2_PLACEMENT_3D('',#15819,#12518,#12519);
#10311=AXIS2_PLACEMENT_3D('',#15823,#12521,#12522);
#10312=AXIS2_PLACEMENT_3D('',#15824,#12523,#12524);
#10313=AXIS2_PLACEMENT_3D('',#15827,#12527,#12528);
#10314=AXIS2_PLACEMENT_3D('',#15829,#12529,#12530);
#10315=AXIS2_PLACEMENT_3D('',#15831,#12532,#12533);
#10316=AXIS2_PLACEMENT_3D('',#15832,#12534,#12535);
#10317=AXIS2_PLACEMENT_3D('',#15834,#12536,#12537);
#10318=AXIS2_PLACEMENT_3D('',#15839,#12538,#12539);
#10319=AXIS2_PLACEMENT_3D('',#15845,#12543,#12544);
#10320=AXIS2_PLACEMENT_3D('',#15847,#12546,#12547);
#10321=AXIS2_PLACEMENT_3D('',#15849,#12549,#12550);
#10322=AXIS2_PLACEMENT_3D('',#15851,#12552,#12553);
#10323=AXIS2_PLACEMENT_3D('',#15853,#12555,#12556);
#10324=AXIS2_PLACEMENT_3D('',#15855,#12558,#12559);
#10325=AXIS2_PLACEMENT_3D('',#15861,#12563,#12564);
#10326=AXIS2_PLACEMENT_3D('',#15883,#12565,#12566);
#10327=AXIS2_PLACEMENT_3D('',#15884,#12567,#12568);
#10328=AXIS2_PLACEMENT_3D('',#15886,#12569,#12570);
#10329=AXIS2_PLACEMENT_3D('',#15888,#12572,#12573);
#10330=AXIS2_PLACEMENT_3D('',#15889,#12574,#12575);
#10331=AXIS2_PLACEMENT_3D('',#15891,#12577,#12578);
#10332=AXIS2_PLACEMENT_3D('',#15892,#12579,#12580);
#10333=AXIS2_PLACEMENT_3D('',#15895,#12583,#12584);
#10334=AXIS2_PLACEMENT_3D('',#15896,#12585,#12586);
#10335=AXIS2_PLACEMENT_3D('',#15898,#12588,#12589);
#10336=AXIS2_PLACEMENT_3D('',#15899,#12590,#12591);
#10337=AXIS2_PLACEMENT_3D('',#15901,#12593,#12594);
#10338=AXIS2_PLACEMENT_3D('',#15903,#12596,#12597);
#10339=AXIS2_PLACEMENT_3D('',#15904,#12598,#12599);
#10340=AXIS2_PLACEMENT_3D('',#15908,#12602,#12603);
#10341=AXIS2_PLACEMENT_3D('',#15912,#12606,#12607);
#10342=AXIS2_PLACEMENT_3D('',#15915,#12610,#12611);
#10343=AXIS2_PLACEMENT_3D('',#15919,#12614,#12615);
#10344=AXIS2_PLACEMENT_3D('',#15923,#12618,#12619);
#10345=AXIS2_PLACEMENT_3D('',#15926,#12622,#12623);
#10346=AXIS2_PLACEMENT_3D('',#15930,#12626,#12627);
#10347=AXIS2_PLACEMENT_3D('',#15932,#12629,#12630);
#10348=AXIS2_PLACEMENT_3D('',#15935,#12633,#12634);
#10349=AXIS2_PLACEMENT_3D('',#15938,#12636,#12637);
#10350=AXIS2_PLACEMENT_3D('',#15939,#12638,#12639);
#10351=AXIS2_PLACEMENT_3D('',#15940,#12640,#12641);
#10352=AXIS2_PLACEMENT_3D('',#15942,#12642,#12643);
#10353=AXIS2_PLACEMENT_3D('',#15944,#12645,#12646);
#10354=AXIS2_PLACEMENT_3D('',#15946,#12648,#12649);
#10355=AXIS2_PLACEMENT_3D('',#15947,#12650,#12651);
#10356=AXIS2_PLACEMENT_3D('',#15949,#12653,#12654);
#10357=AXIS2_PLACEMENT_3D('',#15950,#12655,#12656);
#10358=AXIS2_PLACEMENT_3D('',#15952,#12658,#12659);
#10359=AXIS2_PLACEMENT_3D('',#15958,#12663,#12664);
#10360=AXIS2_PLACEMENT_3D('',#15959,#12665,#12666);
#10361=AXIS2_PLACEMENT_3D('',#15965,#12670,#12671);
#10362=AXIS2_PLACEMENT_3D('',#15969,#12674,#12675);
#10363=AXIS2_PLACEMENT_3D('',#15971,#12677,#12678);
#10364=AXIS2_PLACEMENT_3D('',#15975,#12681,#12682);
#10365=AXIS2_PLACEMENT_3D('',#15981,#12686,#12687);
#10366=AXIS2_PLACEMENT_3D('',#15983,#12689,#12690);
#10367=AXIS2_PLACEMENT_3D('',#15985,#12692,#12693);
#10368=AXIS2_PLACEMENT_3D('',#15987,#12695,#12696);
#10369=AXIS2_PLACEMENT_3D('',#15989,#12698,#12699);
#10370=AXIS2_PLACEMENT_3D('',#15990,#12700,#12701);
#10371=AXIS2_PLACEMENT_3D('',#15992,#12703,#12704);
#10372=AXIS2_PLACEMENT_3D('',#15994,#12706,#12707);
#10373=AXIS2_PLACEMENT_3D('',#15995,#12708,#12709);
#10374=AXIS2_PLACEMENT_3D('',#15997,#12711,#12712);
#10375=AXIS2_PLACEMENT_3D('',#16001,#12715,#12716);
#10376=AXIS2_PLACEMENT_3D('',#16003,#12718,#12719);
#10377=AXIS2_PLACEMENT_3D('',#16012,#12720,#12721);
#10378=AXIS2_PLACEMENT_3D('',#16013,#12722,#12723);
#10379=AXIS2_PLACEMENT_3D('',#16014,#12724,#12725);
#10380=AXIS2_PLACEMENT_3D('',#16017,#12728,#12729);
#10381=AXIS2_PLACEMENT_3D('',#16023,#12733,#12734);
#10382=AXIS2_PLACEMENT_3D('',#16029,#12738,#12739);
#10383=AXIS2_PLACEMENT_3D('',#16031,#12741,#12742);
#10384=AXIS2_PLACEMENT_3D('',#16035,#12745,#12746);
#10385=AXIS2_PLACEMENT_3D('',#16037,#12748,#12749);
#10386=AXIS2_PLACEMENT_3D('',#16041,#12752,#12753);
#10387=AXIS2_PLACEMENT_3D('',#16042,#12754,#12755);
#10388=AXIS2_PLACEMENT_3D('',#16044,#12757,#12758);
#10389=AXIS2_PLACEMENT_3D('',#16047,#12761,#12762);
#10390=AXIS2_PLACEMENT_3D('',#16048,#12763,#12764);
#10391=AXIS2_PLACEMENT_3D('',#16050,#12766,#12767);
#10392=AXIS2_PLACEMENT_3D('',#16052,#12769,#12770);
#10393=AXIS2_PLACEMENT_3D('',#16056,#12773,#12774);
#10394=AXIS2_PLACEMENT_3D('',#16062,#12778,#12779);
#10395=AXIS2_PLACEMENT_3D('',#16067,#12783,#12784);
#10396=AXIS2_PLACEMENT_3D('',#16071,#12787,#12788);
#10397=AXIS2_PLACEMENT_3D('',#16076,#12792,#12793);
#10398=AXIS2_PLACEMENT_3D('',#16079,#12796,#12797);
#10399=AXIS2_PLACEMENT_3D('',#16082,#12800,#12801);
#10400=AXIS2_PLACEMENT_3D('',#16083,#12802,#12803);
#10401=AXIS2_PLACEMENT_3D('',#16085,#12805,#12806);
#10402=AXIS2_PLACEMENT_3D('',#16088,#12809,#12810);
#10403=AXIS2_PLACEMENT_3D('',#16089,#12811,#12812);
#10404=AXIS2_PLACEMENT_3D('',#16090,#12813,#12814);
#10405=AXIS2_PLACEMENT_3D('',#16091,#12815,#12816);
#10406=AXIS2_PLACEMENT_3D('',#16092,#12817,#12818);
#10407=AXIS2_PLACEMENT_3D('',#16093,#12819,#12820);
#10408=AXIS2_PLACEMENT_3D('',#16094,#12821,#12822);
#10409=AXIS2_PLACEMENT_3D('',#16095,#12823,#12824);
#10410=AXIS2_PLACEMENT_3D('',#16098,#12827,#12828);
#10411=AXIS2_PLACEMENT_3D('',#16100,#12830,#12831);
#10412=AXIS2_PLACEMENT_3D('',#16101,#12832,#12833);
#10413=AXIS2_PLACEMENT_3D('',#16103,#12835,#12836);
#10414=AXIS2_PLACEMENT_3D('',#16104,#12837,#12838);
#10415=AXIS2_PLACEMENT_3D('',#16106,#12840,#12841);
#10416=AXIS2_PLACEMENT_3D('',#16107,#12842,#12843);
#10417=AXIS2_PLACEMENT_3D('',#16158,#12844,#12845);
#10418=AXIS2_PLACEMENT_3D('',#16167,#12850,#12851);
#10419=AXIS2_PLACEMENT_3D('',#16176,#12856,#12857);
#10420=AXIS2_PLACEMENT_3D('',#16179,#12860,#12861);
#10421=AXIS2_PLACEMENT_3D('',#16181,#12863,#12864);
#10422=AXIS2_PLACEMENT_3D('',#16183,#12866,#12867);
#10423=AXIS2_PLACEMENT_3D('',#16184,#12868,#12869);
#10424=AXIS2_PLACEMENT_3D('',#16193,#12874,#12875);
#10425=AXIS2_PLACEMENT_3D('',#16202,#12880,#12881);
#10426=AXIS2_PLACEMENT_3D('',#16205,#12884,#12885);
#10427=AXIS2_PLACEMENT_3D('',#16207,#12887,#12888);
#10428=AXIS2_PLACEMENT_3D('',#16209,#12890,#12891);
#10429=AXIS2_PLACEMENT_3D('',#16210,#12892,#12893);
#10430=AXIS2_PLACEMENT_3D('',#16219,#12898,#12899);
#10431=AXIS2_PLACEMENT_3D('',#16222,#12900,#12901);
#10432=AXIS2_PLACEMENT_3D('',#16224,#12902,#12903);
#10433=AXIS2_PLACEMENT_3D('',#16226,#12905,#12906);
#10434=AXIS2_PLACEMENT_3D('',#16233,#12910,#12911);
#10435=AXIS2_PLACEMENT_3D('',#16237,#12915,#12916);
#10436=AXIS2_PLACEMENT_3D('',#16239,#12918,#12919);
#10437=AXIS2_PLACEMENT_3D('',#16241,#12921,#12922);
#10438=DIRECTION('axis',(0.,0.,1.));
#10439=DIRECTION('refdir',(1.,0.,0.));
#10440=DIRECTION('center_axis',(0.866025403784329,-0.50000000000019,0.));
#10441=DIRECTION('ref_axis',(0.50000000000019,0.866025403784329,0.));
#10442=DIRECTION('',(0.,0.,-1.));
#10443=DIRECTION('center_axis',(-0.866025403784329,0.50000000000019,0.));
#10444=DIRECTION('ref_axis',(0.0839503585309539,0.145406286289162,0.985803910121135));
#10445=DIRECTION('center_axis',(0.0449434449267303,0.167731034800001,0.984807791766007));
#10446=DIRECTION('ref_axis',(1.88217497143484E-16,-0.985803914230644,0.167900692933475));
#10447=DIRECTION('center_axis',(1.,0.,0.));
#10448=DIRECTION('ref_axis',(0.,-0.167900692933475,-0.985803914230644));
#10449=DIRECTION('center_axis',(1.,0.,0.));
#10450=DIRECTION('ref_axis',(0.,0.,-1.));
#10451=DIRECTION('center_axis',(-1.48264447995418E-31,3.06355407353094E-16,
-1.));
#10452=DIRECTION('ref_axis',(-1.23259516440783E-31,1.,3.06355407353094E-16));
#10453=DIRECTION('',(1.,1.23259516440783E-31,-1.48264447995418E-31));
#10454=DIRECTION('',(1.23259516440783E-31,-1.,-3.06355407353094E-16));
#10455=DIRECTION('',(-1.,-1.23259516440783E-31,1.48264447995418E-31));
#10456=DIRECTION('',(-1.23259516440783E-31,1.,3.06355407353094E-16));
#10457=DIRECTION('center_axis',(1.,1.23259516440783E-31,-1.48264447995418E-31));
#10458=DIRECTION('ref_axis',(1.23259516440783E-31,-1.,-3.06355407353094E-16));
#10459=DIRECTION('',(-1.23259516440783E-31,1.,3.06355407353094E-16));
#10460=DIRECTION('',(-1.48264447995418E-31,3.06355407353094E-16,-1.));
#10461=DIRECTION('',(1.48264447995418E-31,-3.06355407353094E-16,1.));
#10462=DIRECTION('center_axis',(-1.23259516440783E-31,1.,3.06355407353094E-16));
#10463=DIRECTION('ref_axis',(1.,1.23259516440783E-31,-1.48264447995418E-31));
#10464=DIRECTION('',(1.48264447995418E-31,-3.06355407353094E-16,1.));
#10465=DIRECTION('',(-1.,-1.23259516440783E-31,1.48264447995418E-31));
#10466=DIRECTION('center_axis',(1.,1.23259516440783E-31,-1.48264447995418E-31));
#10467=DIRECTION('ref_axis',(1.23259516440783E-31,-1.,-3.06355407353094E-16));
#10468=DIRECTION('',(-1.23259516440783E-31,1.,3.06355407353094E-16));
#10469=DIRECTION('',(-1.48264447995418E-31,3.06355407353094E-16,-1.));
#10470=DIRECTION('center_axis',(-1.23259516440783E-31,1.,3.06355407353094E-16));
#10471=DIRECTION('ref_axis',(1.,1.23259516440783E-31,-1.48264447995418E-31));
#10472=DIRECTION('',(-1.,-1.23259516440783E-31,1.48264447995418E-31));
#10473=DIRECTION('center_axis',(-1.48264447995418E-31,3.06355407353094E-16,
-1.));
#10474=DIRECTION('ref_axis',(-1.23259516440783E-31,1.,3.06355407353094E-16));
#10475=DIRECTION('center_axis',(-1.,-1.23259516440783E-31,1.48264447995418E-31));
#10476=DIRECTION('ref_axis',(-1.23259516440783E-31,1.,3.06355407353094E-16));
#10477=DIRECTION('',(1.23259516440783E-31,-1.,-3.06355407353094E-16));
#10478=DIRECTION('center_axis',(1.,1.23259516440783E-31,-1.48264447995418E-31));
#10479=DIRECTION('ref_axis',(-2.22044604925E-16,-1.,-3.06355407353094E-16));
#10480=DIRECTION('',(1.23259516440783E-31,-1.,-3.06355407353094E-16));
#10481=DIRECTION('',(-1.48264447995418E-31,3.06355407353094E-16,-1.));
#10482=DIRECTION('center_axis',(1.48264447995418E-31,-3.06355407353094E-16,
1.));
#10483=DIRECTION('ref_axis',(1.23259516440783E-31,-1.,-3.06355407353094E-16));
#10484=DIRECTION('',(1.23259516440783E-31,-1.,-3.06355407353094E-16));
#10485=DIRECTION('',(-1.,-1.23259516440783E-31,1.48264447995418E-31));
#10486=DIRECTION('',(1.23259516440783E-31,-1.,-3.06355407353094E-16));
#10487=DIRECTION('',(-1.,-1.23259516440783E-31,1.48264447995418E-31));
#10488=DIRECTION('center_axis',(1.,1.23259516440783E-31,-1.48264447995418E-31));
#10489=DIRECTION('ref_axis',(1.23259516440783E-31,-1.,-3.06355407353094E-16));
#10490=DIRECTION('',(1.23259516440783E-31,-1.,-3.06355407353094E-16));
#10491=DIRECTION('',(1.48264447995418E-31,-3.06355407353094E-16,1.));
#10492=DIRECTION('',(1.23259516440783E-31,-1.,-3.06355407353094E-16));
#10493=DIRECTION('',(1.48264447995418E-31,-3.06355407353094E-16,1.));
#10494=DIRECTION('center_axis',(-0.82442504851538,-1.73388321328234E-16,
0.565971147127143));
#10495=DIRECTION('ref_axis',(0.565971147127143,-2.52567071570023E-16,0.82442504851538));
#10496=DIRECTION('',(-0.565971147127143,2.52567071570023E-16,-0.82442504851538));
#10497=DIRECTION('center_axis',(0.82442504851538,1.73388321328234E-16,-0.565971147127143));
#10498=DIRECTION('ref_axis',(-0.565971147127143,3.78237911332819E-16,-0.82442504851538));
#10499=DIRECTION('',(-1.23259516440783E-31,1.,3.06355407353094E-16));
#10500=DIRECTION('',(-0.565971147127143,2.52567071570023E-16,-0.82442504851538));
#10501=DIRECTION('center_axis',(-1.,-1.91284081833138E-31,2.22044604925E-16));
#10502=DIRECTION('ref_axis',(2.22044604925E-16,-3.06355407353094E-16,1.));
#10503=DIRECTION('center_axis',(1.,-2.22044604925E-16,-2.22044604925E-16));
#10504=DIRECTION('ref_axis',(-2.22044604925E-16,-1.,-3.06355407353094E-16));
#10505=DIRECTION('',(1.23259516440783E-31,-1.,-3.06355407353094E-16));
#10506=DIRECTION('',(-1.48264447995418E-31,3.06355407353094E-16,-1.));
#10507=DIRECTION('center_axis',(1.,1.23259516440783E-31,-1.48264447995418E-31));
#10508=DIRECTION('ref_axis',(1.23259516440783E-31,-1.,-3.06355407353094E-16));
#10509=DIRECTION('',(1.48264447995418E-31,-3.06355407353094E-16,1.));
#10510=DIRECTION('',(1.23259516440783E-31,-1.,-3.06355407353094E-16));
#10511=DIRECTION('center_axis',(-1.,-1.23259516440783E-31,1.48264447995418E-31));
#10512=DIRECTION('ref_axis',(-2.22044604925E-16,-1.,-3.06355407353094E-16));
#10513=DIRECTION('',(1.23259516440783E-31,-1.,-3.06355407353094E-16));
#10514=DIRECTION('center_axis',(1.,1.23259516440783E-31,-1.48264447995418E-31));
#10515=DIRECTION('ref_axis',(1.23259516440783E-31,-1.,-3.06355407353094E-16));
#10516=DIRECTION('',(1.48264447995418E-31,-3.06355407353094E-16,1.));
#10517=DIRECTION('',(-1.23259516440783E-31,1.,3.06355407353094E-16));
#10518=DIRECTION('',(1.48264447995418E-31,-3.06355407353094E-16,1.));
#10519=DIRECTION('',(8.80282497539912E-34,0.76604444311876,0.642787609686799));
#10520=DIRECTION('',(1.23259516440783E-31,-1.,-3.06355407353094E-16));
#10521=DIRECTION('',(1.48264447995418E-31,-3.06355407353094E-16,1.));
#10522=DIRECTION('',(-1.23259516440783E-31,1.,3.06355407353094E-16));
#10523=DIRECTION('',(1.23259516440783E-31,-1.,-3.06355407353094E-16));
#10524=DIRECTION('center_axis',(-1.23259516440783E-31,1.,3.06355407353094E-16));
#10525=DIRECTION('ref_axis',(1.,1.23259516440783E-31,-1.48264447995418E-31));
#10526=DIRECTION('center_axis',(1.23259516440783E-31,-1.,-3.06355407353094E-16));
#10527=DIRECTION('ref_axis',(-1.,-1.23259516440783E-31,1.48264447995418E-31));
#10528=DIRECTION('center_axis',(-1.268826313857E-16,-3.06355407353094E-16,
1.));
#10529=DIRECTION('ref_axis',(1.,8.43883362165845E-32,1.268826313857E-16));
#10530=DIRECTION('',(1.,8.43883362165845E-32,1.268826313857E-16));
#10531=DIRECTION('',(-1.23259516440783E-31,1.,3.06355407353094E-16));
#10532=DIRECTION('',(1.,1.23259516440783E-31,-1.48264447995418E-31));
#10533=DIRECTION('',(1.23259516440783E-31,-1.,-3.06355407353094E-16));
#10534=DIRECTION('center_axis',(-1.23259516440783E-31,1.,3.06355407353094E-16));
#10535=DIRECTION('ref_axis',(1.,1.23259516440783E-31,-1.48264447995418E-31));
#10536=DIRECTION('center_axis',(1.23259516440783E-31,-1.,-3.06355407353094E-16));
#10537=DIRECTION('ref_axis',(-1.,-1.23259516440783E-31,1.48264447995418E-31));
#10538=DIRECTION('center_axis',(1.23259516440783E-31,-1.,-3.06355407353094E-16));
#10539=DIRECTION('ref_axis',(-1.,-1.23259516440783E-31,1.48264447995418E-31));
#10540=DIRECTION('center_axis',(-1.432545838226E-16,-3.06355407353094E-16,
1.));
#10541=DIRECTION('ref_axis',(1.,7.93727000586125E-32,1.432545838226E-16));
#10542=DIRECTION('',(1.,7.93727000586125E-32,1.432545838226E-16));
#10543=DIRECTION('',(-1.23259516440783E-31,1.,3.06355407353094E-16));
#10544=DIRECTION('',(-1.,-1.23259516440783E-31,1.48264447995418E-31));
#10545=DIRECTION('',(-1.23259516440783E-31,1.,3.06355407353094E-16));
#10546=DIRECTION('center_axis',(-1.23259516440783E-31,1.,3.06355407353094E-16));
#10547=DIRECTION('ref_axis',(1.,1.23259516440783E-31,-1.48264447995418E-31));
#10548=DIRECTION('center_axis',(1.23259516440783E-31,-1.,-3.06355407353094E-16));
#10549=DIRECTION('ref_axis',(1.,1.23259516440783E-31,-1.48264447995418E-31));
#10550=DIRECTION('center_axis',(1.23259516440783E-31,-1.,-3.06355407353094E-16));
#10551=DIRECTION('ref_axis',(1.,1.23259516440783E-31,-1.48264447995418E-31));
#10552=DIRECTION('',(-1.23259516440783E-31,1.,3.06355407353094E-16));
#10553=DIRECTION('center_axis',(1.23259516440783E-31,-1.,-3.06355407353094E-16));
#10554=DIRECTION('ref_axis',(1.,1.23259516440783E-31,-1.48264447995418E-31));
#10555=DIRECTION('center_axis',(-1.48264447995418E-31,3.06355407353094E-16,
-1.));
#10556=DIRECTION('ref_axis',(-1.23259516440783E-31,1.,3.06355407353094E-16));
#10557=DIRECTION('',(1.,-2.22044604925E-16,-2.22044604925E-16));
#10558=DIRECTION('',(1.23259516440783E-31,-1.,-3.06355407353094E-16));
#10559=DIRECTION('',(1.,1.23259516440783E-31,-1.48264447995418E-31));
#10560=DIRECTION('',(1.23259516440783E-31,-1.,-3.06355407353094E-16));
#10561=DIRECTION('center_axis',(0.852812078550412,-1.5998428440341E-16,
0.522217922594127));
#10562=DIRECTION('ref_axis',(0.522217922594127,2.6126359171995E-16,-0.852812078550412));
#10563=DIRECTION('center_axis',(-0.852812078550412,1.5998428440341E-16,
-0.522217922594127));
#10564=DIRECTION('ref_axis',(0.522217922594127,1.45307919412783E-16,-0.852812078550412));
#10565=DIRECTION('',(-0.522217922594127,-2.6126359171995E-16,0.852812078550412));
#10566=DIRECTION('center_axis',(-1.,-1.91284081833138E-31,2.22044604925E-16));
#10567=DIRECTION('ref_axis',(2.22044604925E-16,-3.06355407353094E-16,1.));
#10568=DIRECTION('center_axis',(1.,-2.22044604925E-16,-2.22044604925E-16));
#10569=DIRECTION('ref_axis',(-2.22044604925E-16,-1.,-3.06355407353094E-16));
#10570=DIRECTION('',(-1.48264447995418E-31,3.06355407353094E-16,-1.));
#10571=DIRECTION('',(1.23259516440783E-31,-1.,-3.06355407353094E-16));
#10572=DIRECTION('',(1.23259516440783E-31,-1.,-3.06355407353094E-16));
#10573=DIRECTION('center_axis',(-1.48264447995418E-31,3.06355407353094E-16,
-1.));
#10574=DIRECTION('ref_axis',(-1.23259516440783E-31,1.,3.06355407353094E-16));
#10575=DIRECTION('',(1.,1.23259516440783E-31,-1.48264447995418E-31));
#10576=DIRECTION('',(1.23259516440783E-31,-1.,-3.06355407353094E-16));
#10577=DIRECTION('',(-1.,-1.23259516440783E-31,1.48264447995418E-31));
#10578=DIRECTION('',(-1.23259516440783E-31,1.,3.06355407353094E-16));
#10579=DIRECTION('',(1.,1.23259516440783E-31,-1.48264447995418E-31));
#10580=DIRECTION('',(-1.23259516440783E-31,1.,3.06355407353094E-16));
#10581=DIRECTION('',(-1.,-1.23259516440783E-31,1.48264447995418E-31));
#10582=DIRECTION('',(1.23259516440783E-31,-1.,-3.06355407353094E-16));
#10583=DIRECTION('',(1.,1.23259516440783E-31,-1.48264447995418E-31));
#10584=DIRECTION('',(-1.23259516440783E-31,1.,3.06355407353094E-16));
#10585=DIRECTION('center_axis',(-1.20604166250223E-16,0.173648177667033,
0.98480775301219));
#10586=DIRECTION('ref_axis',(1.4713277863063E-31,-0.98480775301219,0.173648177667033));
#10587=DIRECTION('',(1.,2.09426936884033E-17,1.18771917968791E-16));
#10588=DIRECTION('center_axis',(2.8897012466723E-12,-0.173648177667338,
-0.984807753012136));
#10589=DIRECTION('ref_axis',(-1.41622640586501E-13,0.984807753012136,-0.173648177667338));
#10590=DIRECTION('',(1.,1.23259516440783E-31,-1.48264447995418E-31));
#10591=DIRECTION('center_axis',(-1.224646799147E-16,-3.06355407353094E-16,
1.));
#10592=DIRECTION('ref_axis',(1.,8.57417995391489E-32,1.224646799147E-16));
#10593=DIRECTION('',(1.,8.57417995391489E-32,1.224646799147E-16));
#10594=DIRECTION('',(-1.23259516440783E-31,1.,3.06355407353094E-16));
#10595=DIRECTION('center_axis',(1.224646799147E-16,3.06355407353094E-16,
-1.));
#10596=DIRECTION('ref_axis',(-0.0455893181363958,0.998960266513067,3.05880279359364E-16));
#10597=DIRECTION('',(1.23259516440783E-31,-1.,-3.06355407353094E-16));
#10598=DIRECTION('center_axis',(-1.224646799147E-16,-3.06355407353094E-16,
1.));
#10599=DIRECTION('ref_axis',(1.,8.57417995391489E-32,1.224646799147E-16));
#10600=DIRECTION('',(1.,-1.48134437544869E-17,1.20645817727965E-16));
#10601=DIRECTION('',(1.23259516440783E-31,-1.,-3.06355407353094E-16));
#10602=DIRECTION('',(1.,8.57417995391489E-32,1.224646799147E-16));
#10603=DIRECTION('',(1.23259516440783E-31,-1.,-3.06355407353094E-16));
#10604=DIRECTION('center_axis',(-1.21551846761441E-16,-0.121869343405041,
0.992546151641335));
#10605=DIRECTION('ref_axis',(1.01190379857939E-31,-0.992546151641335,-0.121869343405041));
#10606=DIRECTION('',(0.0567370660594668,0.990947313890867,0.121673030813895));
#10607=DIRECTION('',(-1.,-1.23259516440783E-31,1.48264447995418E-31));
#10608=DIRECTION('',(1.04271867768934E-31,-0.992546151641317,-0.121869343405191));
#10609=DIRECTION('center_axis',(-0.906307787036597,-1.29471389730463E-16,
0.422618261740812));
#10610=DIRECTION('ref_axis',(0.422618261740812,-2.77652291284878E-16,0.906307787036597));
#10611=DIRECTION('',(0.422618261740812,-2.77652291284878E-16,0.906307787036597));
#10612=DIRECTION('',(-1.23259516440783E-31,1.,3.06355407353094E-16));
#10613=DIRECTION('',(0.0515042100691631,0.992546151641384,0.110451134928661));
#10614=DIRECTION('',(-0.422618261740812,2.77652291284878E-16,-0.906307787036597));
#10615=DIRECTION('center_axis',(-1.23259516440783E-31,1.,3.06355407353094E-16));
#10616=DIRECTION('ref_axis',(1.,1.23259516440783E-31,-1.48264447995418E-31));
#10617=DIRECTION('',(-1.224646799147E-16,-3.06355407353094E-16,1.));
#10618=DIRECTION('',(1.,8.57417995391489E-32,1.224646799147E-16));
#10619=DIRECTION('',(-1.224646799147E-16,-3.06355407353094E-16,1.));
#10620=DIRECTION('',(1.,8.57417995391489E-32,1.224646799147E-16));
#10621=DIRECTION('',(-1.224646799147E-16,-3.06355407353094E-16,1.));
#10622=DIRECTION('',(1.,8.57417995391489E-32,1.224646799147E-16));
#10623=DIRECTION('',(-1.224646799147E-16,-3.06355407353094E-16,1.));
#10624=DIRECTION('',(1.,8.57417995391489E-32,1.224646799147E-16));
#10625=DIRECTION('',(-1.224646799147E-16,-3.06355407353094E-16,1.));
#10626=DIRECTION('',(1.,8.57417995391489E-32,1.224646799147E-16));
#10627=DIRECTION('',(-1.224646799147E-16,-3.06355407353094E-16,1.));
#10628=DIRECTION('',(1.,8.57417995391489E-32,1.224646799147E-16));
#10629=DIRECTION('',(1.48264447995418E-31,-3.06355407353094E-16,1.));
#10630=DIRECTION('',(1.,8.57417995391489E-32,1.224646799147E-16));
#10631=DIRECTION('center_axis',(-1.23259516440783E-31,1.,3.06355407353094E-16));
#10632=DIRECTION('ref_axis',(1.,1.23259516440783E-31,-1.48264447995418E-31));
#10633=DIRECTION('',(-1.48264447995418E-31,3.06355407353094E-16,-1.));
#10634=DIRECTION('',(-1.,-1.23259516440783E-31,1.48264447995418E-31));
#10635=DIRECTION('',(-1.48264447995418E-31,3.06355407353094E-16,-1.));
#10636=DIRECTION('',(-1.,-1.23259516440783E-31,1.48264447995418E-31));
#10637=DIRECTION('center_axis',(-1.23259516440783E-31,1.,3.06355407353094E-16));
#10638=DIRECTION('ref_axis',(1.,1.23259516440783E-31,-1.48264447995418E-31));
#10639=DIRECTION('center_axis',(-1.23259516440783E-31,1.,3.06355407353094E-16));
#10640=DIRECTION('ref_axis',(1.,1.23259516440783E-31,-1.48264447995418E-31));
#10641=DIRECTION('',(0.906307787036597,1.29471389730463E-16,-0.422618261740812));
#10642=DIRECTION('',(1.,8.57417995391489E-32,1.224646799147E-16));
#10643=DIRECTION('',(1.48264447995418E-31,-3.06355407353094E-16,1.));
#10644=DIRECTION('',(1.,1.23259516440783E-31,-1.48264447995418E-31));
#10645=DIRECTION('',(-1.224646799147E-16,-3.06355407353094E-16,1.));
#10646=DIRECTION('',(1.,1.23259516440783E-31,-1.48264447995418E-31));
#10647=DIRECTION('',(-1.224646799147E-16,-3.06355407353094E-16,1.));
#10648=DIRECTION('',(1.,8.57417995391489E-32,1.224646799147E-16));
#10649=DIRECTION('',(-1.224646799147E-16,-3.06355407353094E-16,1.));
#10650=DIRECTION('',(1.,8.57417995391489E-32,1.224646799147E-16));
#10651=DIRECTION('',(-1.224646799147E-16,-3.06355407353094E-16,1.));
#10652=DIRECTION('',(1.,8.57417995391489E-32,1.224646799147E-16));
#10653=DIRECTION('',(-1.224646799147E-16,-3.06355407353094E-16,1.));
#10654=DIRECTION('',(1.,8.57417995391489E-32,1.224646799147E-16));
#10655=DIRECTION('',(-1.224646799147E-16,-3.06355407353094E-16,1.));
#10656=DIRECTION('',(0.906307787036597,1.29471389730463E-16,-0.422618261740812));
#10657=DIRECTION('',(0.422618261740812,-2.77652291284878E-16,0.906307787036597));
#10658=DIRECTION('',(0.906307787036597,1.29471389730463E-16,-0.422618261740812));
#10659=DIRECTION('',(0.422618261740812,-2.77652291284878E-16,0.906307787036597));
#10660=DIRECTION('',(0.906307787036597,1.29471389730463E-16,-0.422618261740812));
#10661=DIRECTION('',(0.422618261740812,-2.77652291284878E-16,0.906307787036597));
#10662=DIRECTION('',(0.906307787036597,1.29471389730463E-16,-0.422618261740812));
#10663=DIRECTION('',(0.422618261740812,-2.77652291284878E-16,0.906307787036597));
#10664=DIRECTION('',(0.906307787036597,1.29471389730463E-16,-0.422618261740812));
#10665=DIRECTION('',(0.422618261740812,-2.77652291284878E-16,0.906307787036597));
#10666=DIRECTION('',(0.906307787036597,1.29471389730463E-16,-0.422618261740812));
#10667=DIRECTION('',(1.,8.57417995391489E-32,1.224646799147E-16));
#10668=DIRECTION('',(-1.224646799147E-16,-3.06355407353094E-16,1.));
#10669=DIRECTION('',(0.906307787036597,1.29471389730463E-16,-0.422618261740812));
#10670=DIRECTION('center_axis',(0.422618261740812,-2.77652291284878E-16,
0.906307787036597));
#10671=DIRECTION('ref_axis',(0.906307787036597,1.29471389730463E-16,-0.422618261740812));
#10672=DIRECTION('',(0.906307787036717,1.29471389730384E-16,-0.422618261740555));
#10673=DIRECTION('',(1.23259516440783E-31,-1.,-3.06355407353094E-16));
#10674=DIRECTION('center_axis',(0.419468129303942,-0.121869343404983,0.899552306225875));
#10675=DIRECTION('ref_axis',(0.906307787036717,1.29471389730384E-16,-0.422618261740555));
#10676=DIRECTION('',(-0.906307787037131,-1.29471389730112E-16,0.422618261739667));
#10677=DIRECTION('',(-4.96932706992231E-13,-0.990947313890911,-0.134251335532977));
#10678=DIRECTION('',(0.0270079274081988,0.992184090056688,0.121824887832888));
#10679=DIRECTION('',(0.906307787036717,1.29471389730384E-16,-0.422618261740555));
#10680=DIRECTION('',(-0.0515042100692767,-0.992546151641342,-0.110451134928988));
#10681=DIRECTION('center_axis',(-1.23259516440783E-31,1.,3.06355407353094E-16));
#10682=DIRECTION('ref_axis',(1.,1.23259516440783E-31,-1.48264447995418E-31));
#10683=DIRECTION('',(1.,1.23259516440783E-31,-1.48264447995418E-31));
#10684=DIRECTION('',(-0.50000000000019,-2.65311565354476E-16,0.866025403784329));
#10685=DIRECTION('',(-0.50000000000019,2.65311565354476E-16,-0.866025403784329));
#10686=DIRECTION('',(1.,1.23259516440783E-31,-1.48264447995418E-31));
#10687=DIRECTION('',(-0.50000000000019,-2.65311565354476E-16,0.866025403784329));
#10688=DIRECTION('',(1.,1.23259516440783E-31,-1.48264447995418E-31));
#10689=DIRECTION('',(-0.50000000000019,2.65311565354476E-16,-0.866025403784329));
#10690=DIRECTION('',(1.,1.23259516440783E-31,-1.48264447995418E-31));
#10691=DIRECTION('',(0.965925826289058,7.92906139931334E-17,-0.258819045102559));
#10692=DIRECTION('',(1.48264447995418E-31,-3.06355407353094E-16,1.));
#10693=DIRECTION('',(-1.,-1.23259516440783E-31,1.48264447995418E-31));
#10694=DIRECTION('',(1.224646799147E-16,3.06355407353094E-16,-1.));
#10695=DIRECTION('',(-1.,-1.23259516440783E-31,1.48264447995418E-31));
#10696=DIRECTION('',(-1.48264447995418E-31,3.06355407353094E-16,-1.));
#10697=DIRECTION('',(-1.,-1.23259516440783E-31,1.48264447995418E-31));
#10698=DIRECTION('',(1.224646799147E-16,3.06355407353094E-16,-1.));
#10699=DIRECTION('',(-1.,-1.23259516440783E-31,1.48264447995418E-31));
#10700=DIRECTION('',(-1.48264447995418E-31,3.06355407353094E-16,-1.));
#10701=DIRECTION('',(-1.,-1.23259516440783E-31,1.48264447995418E-31));
#10702=DIRECTION('',(1.224646799147E-16,3.06355407353094E-16,-1.));
#10703=DIRECTION('',(-1.,-1.23259516440783E-31,1.48264447995418E-31));
#10704=DIRECTION('',(-1.48264447995418E-31,3.06355407353094E-16,-1.));
#10705=DIRECTION('',(-0.866025403784268,1.53177703676637E-16,-0.500000000000295));
#10706=DIRECTION('',(0.50000000000019,2.65311565354476E-16,-0.866025403784329));
#10707=DIRECTION('',(-0.86602540378458,1.53177703676472E-16,-0.499999999999756));
#10708=DIRECTION('',(0.500000000000031,2.65311565354504E-16,-0.866025403784421));
#10709=DIRECTION('',(-0.866025403784578,1.53177703676473E-16,-0.499999999999758));
#10710=DIRECTION('',(0.50000000000019,2.65311565354476E-16,-0.866025403784329));
#10711=DIRECTION('',(-0.86602540378458,1.53177703676472E-16,-0.499999999999755));
#10712=DIRECTION('',(0.500000000000571,2.65311565354409E-16,-0.866025403784109));
#10713=DIRECTION('',(-0.86602540378458,1.53177703676472E-16,-0.499999999999755));
#10714=DIRECTION('',(0.50000000000019,2.65311565354476E-16,-0.866025403784329));
#10715=DIRECTION('',(-0.866025403784329,1.53177703676605E-16,-0.500000000000191));
#10716=DIRECTION('',(0.500000000000869,2.65311565354356E-16,-0.866025403783937));
#10717=DIRECTION('',(-0.866025403784329,1.53177703676605E-16,-0.500000000000191));
#10718=DIRECTION('',(0.50000000000019,2.65311565354476E-16,-0.866025403784329));
#10719=DIRECTION('',(-0.866025403784329,1.53177703676605E-16,-0.500000000000191));
#10720=DIRECTION('',(0.499999999998876,2.65311565354708E-16,-0.866025403785087));
#10721=DIRECTION('',(-0.866025403784332,1.53177703676604E-16,-0.500000000000185));
#10722=DIRECTION('',(0.50000000000019,2.65311565354476E-16,-0.866025403784329));
#10723=DIRECTION('',(-0.86602540378433,1.53177703676605E-16,-0.500000000000188));
#10724=DIRECTION('',(0.499999999998876,2.65311565354708E-16,-0.866025403785087));
#10725=DIRECTION('',(-0.86602540378445,1.53177703676541E-16,-0.49999999999998));
#10726=DIRECTION('',(-1.,-1.23259516440783E-31,1.48264447995418E-31));
#10727=DIRECTION('',(1.224646799147E-16,3.06355407353094E-16,-1.));
#10728=DIRECTION('',(-1.,-1.23259516440783E-31,1.48264447995418E-31));
#10729=DIRECTION('',(-1.48264447995418E-31,3.06355407353094E-16,-1.));
#10730=DIRECTION('',(-1.,-1.23259516440783E-31,1.48264447995418E-31));
#10731=DIRECTION('',(1.224646799147E-16,3.06355407353094E-16,-1.));
#10732=DIRECTION('',(-1.,-1.23259516440783E-31,1.48264447995418E-31));
#10733=DIRECTION('center_axis',(1.23259516440783E-31,-1.,-3.06355407353094E-16));
#10734=DIRECTION('ref_axis',(1.,1.23259516440783E-31,-1.48264447995418E-31));
#10735=DIRECTION('',(1.48264447995418E-31,-3.06355407353094E-16,1.));
#10736=DIRECTION('',(-1.,-1.23259516440783E-31,1.48264447995418E-31));
#10737=DIRECTION('',(-1.48264447995418E-31,3.06355407353094E-16,-1.));
#10738=DIRECTION('',(1.,1.23259516440783E-31,-1.48264447995418E-31));
#10739=DIRECTION('center_axis',(1.23259516440783E-31,-1.,-3.06355407353094E-16));
#10740=DIRECTION('ref_axis',(1.,-5.85329706396351E-31,2.31296463463574E-15));
#10741=DIRECTION('',(1.,1.23259516440783E-31,-1.48264447995418E-31));
#10742=DIRECTION('center_axis',(-3.8604170108252E-15,-1.,2.01664992963854E-14));
#10743=DIRECTION('ref_axis',(0.258819311640548,-2.04784915293413E-14,-0.96592575487038));
#10744=DIRECTION('',(0.866025403784436,-1.53177703676548E-16,0.500000000000004));
#10745=DIRECTION('',(1.,1.23259516440783E-31,-1.48264447995418E-31));
#10746=DIRECTION('',(1.48264447995418E-31,-3.06355407353094E-16,1.));
#10747=DIRECTION('',(1.,1.23259516440783E-31,-1.48264447995418E-31));
#10748=DIRECTION('',(1.48264447995418E-31,-3.06355407353094E-16,1.));
#10749=DIRECTION('',(1.,1.23259516440783E-31,-1.48264447995418E-31));
#10750=DIRECTION('',(1.48264447995418E-31,-3.06355407353094E-16,1.));
#10751=DIRECTION('',(1.,1.23259516440783E-31,-1.48264447995418E-31));
#10752=DIRECTION('',(1.48264447995418E-31,-3.06355407353094E-16,1.));
#10753=DIRECTION('',(1.48264447995418E-31,-3.06355407353094E-16,1.));
#10754=DIRECTION('',(1.,1.23259516440783E-31,-1.48264447995418E-31));
#10755=DIRECTION('',(1.48264447995418E-31,-3.06355407353094E-16,1.));
#10756=DIRECTION('',(-1.,-2.09426936884033E-17,-1.18771917968791E-16));
#10757=DIRECTION('',(0.906307787036414,1.29471389730584E-16,-0.422618261741206));
#10758=DIRECTION('center_axis',(-5.28985335952123E-15,-1.,-3.25141831296144E-14));
#10759=DIRECTION('ref_axis',(-0.258819311641068,3.27754030886555E-14,-0.96592575487024));
#10760=DIRECTION('center_axis',(1.23259516440783E-31,-1.,-3.06355407353094E-16));
#10761=DIRECTION('ref_axis',(1.,1.54043796211505E-30,-4.62592926927148E-15));
#10762=DIRECTION('',(1.,1.23259516440783E-31,-1.48264447995418E-31));
#10763=DIRECTION('',(1.48264447995418E-31,-3.06355407353094E-16,1.));
#10764=DIRECTION('',(-1.,-1.23259516440783E-31,1.48264447995418E-31));
#10765=DIRECTION('',(-1.48264447995418E-31,3.06355407353094E-16,-1.));
#10766=DIRECTION('center_axis',(1.23259516440783E-31,-1.,-3.06355407353094E-16));
#10767=DIRECTION('ref_axis',(1.,1.54043796211505E-30,-4.62592926927148E-15));
#10768=DIRECTION('',(-1.,-1.23259516440783E-31,1.48264447995418E-31));
#10769=DIRECTION('',(-1.48264447995418E-31,3.06355407353094E-16,-1.));
#10770=DIRECTION('',(-1.,-1.23259516440783E-31,1.48264447995418E-31));
#10771=DIRECTION('',(1.224646799147E-16,3.06355407353094E-16,-1.));
#10772=DIRECTION('',(-1.,-1.23259516440783E-31,1.48264447995418E-31));
#10773=DIRECTION('',(-1.48264447995418E-31,3.06355407353094E-16,-1.));
#10774=DIRECTION('',(-1.,-1.23259516440783E-31,1.48264447995418E-31));
#10775=DIRECTION('',(1.224646799147E-16,3.06355407353094E-16,-1.));
#10776=DIRECTION('',(-1.,-1.23259516440783E-31,1.48264447995418E-31));
#10777=DIRECTION('',(-1.48264447995418E-31,3.06355407353094E-16,-1.));
#10778=DIRECTION('',(-1.,-1.23259516440783E-31,1.48264447995418E-31));
#10779=DIRECTION('',(1.224646799147E-16,3.06355407353094E-16,-1.));
#10780=DIRECTION('',(-1.,-1.23259516440783E-31,1.48264447995418E-31));
#10781=DIRECTION('',(-1.48264447995418E-31,3.06355407353094E-16,-1.));
#10782=DIRECTION('',(-0.422618261733155,2.77652291285972E-16,-0.906307787040168));
#10783=DIRECTION('',(-0.906307787035347,-1.29471389731285E-16,0.422618261743494));
#10784=DIRECTION('',(-0.422618261740812,2.77652291284878E-16,-0.906307787036597));
#10785=DIRECTION('',(-0.906307787037517,-1.29471389729859E-16,0.422618261738841));
#10786=DIRECTION('',(-0.422618261746998,2.77652291283994E-16,-0.906307787033713));
#10787=DIRECTION('',(-0.906307787037517,-1.29471389729859E-16,0.422618261738841));
#10788=DIRECTION('',(-0.422618261740812,2.77652291284878E-16,-0.906307787036597));
#10789=DIRECTION('',(-0.906307787035347,-1.29471389731285E-16,0.422618261743494));
#10790=DIRECTION('',(-0.422618261725159,2.77652291287114E-16,-0.906307787043897));
#10791=DIRECTION('',(-0.906307787038075,-1.29471389729492E-16,0.422618261737643));
#10792=DIRECTION('',(1.224646799147E-16,3.06355407353094E-16,-1.));
#10793=DIRECTION('',(-1.,-1.23259516440783E-31,1.48264447995418E-31));
#10794=DIRECTION('',(-1.48264447995418E-31,3.06355407353094E-16,-1.));
#10795=DIRECTION('',(-1.,-1.23259516440783E-31,1.48264447995418E-31));
#10796=DIRECTION('',(1.224646799147E-16,3.06355407353094E-16,-1.));
#10797=DIRECTION('',(-1.,-1.23259516440783E-31,1.48264447995418E-31));
#10798=DIRECTION('',(-1.48264447995418E-31,3.06355407353094E-16,-1.));
#10799=DIRECTION('',(-1.,-1.23259516440783E-31,1.48264447995418E-31));
#10800=DIRECTION('',(1.224646799147E-16,3.06355407353094E-16,-1.));
#10801=DIRECTION('',(-1.,-1.23259516440783E-31,1.48264447995418E-31));
#10802=DIRECTION('',(-1.48264447995418E-31,3.06355407353094E-16,-1.));
#10803=DIRECTION('',(-1.,-1.23259516440783E-31,1.48264447995418E-31));
#10804=DIRECTION('',(1.48264447995418E-31,-3.06355407353094E-16,1.));
#10805=DIRECTION('',(0.972370007537506,-7.15171383428408E-17,0.233445000892094));
#10806=DIRECTION('center_axis',(1.23259516440783E-31,-1.,-3.06355407353094E-16));
#10807=DIRECTION('ref_axis',(1.,1.23259516440783E-31,-1.48264447995418E-31));
#10808=DIRECTION('center_axis',(-1.48264447995418E-31,3.06355407353094E-16,
-1.));
#10809=DIRECTION('ref_axis',(-1.23259516440783E-31,1.,3.06355407353094E-16));
#10810=DIRECTION('',(-1.,-1.23259516440783E-31,1.48264447995418E-31));
#10811=DIRECTION('',(1.23259516440783E-31,-1.,-3.06355407353094E-16));
#10812=DIRECTION('',(1.23259516440783E-31,-1.,-3.06355407353094E-16));
#10813=DIRECTION('',(-1.,-1.23259516440783E-31,1.48264447995418E-31));
#10814=DIRECTION('center_axis',(-1.23259516440783E-31,1.,3.06355407353094E-16));
#10815=DIRECTION('ref_axis',(1.,1.23259516440783E-31,-1.48264447995418E-31));
#10816=DIRECTION('',(-1.,-1.23259516440783E-31,1.48264447995418E-31));
#10817=DIRECTION('',(-0.500000000001542,2.65311565354237E-16,-0.866025403783548));
#10818=DIRECTION('',(0.500000000001541,2.65311565354237E-16,-0.866025403783549));
#10819=DIRECTION('',(0.499999999998944,-2.65311565354696E-16,0.866025403785048));
#10820=DIRECTION('',(-0.499999999998946,-2.65311565354696E-16,0.866025403785047));
#10821=DIRECTION('',(-1.,-1.23259516440783E-31,1.48264447995418E-31));
#10822=DIRECTION('',(-0.499999999999984,2.65311565354512E-16,-0.866025403784448));
#10823=DIRECTION('',(0.499999999999983,2.65311565354513E-16,-0.866025403784449));
#10824=DIRECTION('',(-1.,-1.23259516440783E-31,1.48264447995418E-31));
#10825=DIRECTION('',(0.499999999999983,-2.65311565354512E-16,0.866025403784449));
#10826=DIRECTION('',(-0.499999999999984,-2.65311565354512E-16,0.866025403784448));
#10827=DIRECTION('',(1.,1.23259516440783E-31,-1.48264447995418E-31));
#10828=DIRECTION('',(1.48264447995418E-31,-3.06355407353094E-16,1.));
#10829=DIRECTION('',(1.,1.23259516440783E-31,-1.48264447995418E-31));
#10830=DIRECTION('',(1.48264447995418E-31,-3.06355407353094E-16,1.));
#10831=DIRECTION('',(-0.965925826288944,-7.92906139932639E-17,0.258819045102985));
#10832=DIRECTION('',(-1.,-1.23259516440783E-31,1.48264447995418E-31));
#10833=DIRECTION('',(0.50000000000019,-2.65311565354476E-16,0.866025403784329));
#10834=DIRECTION('',(1.,5.52349510484279E-32,2.22044604925E-16));
#10835=DIRECTION('',(0.50000000000019,2.65311565354476E-16,-0.866025403784329));
#10836=DIRECTION('',(-1.,-1.23259516440783E-31,1.48264447995418E-31));
#10837=DIRECTION('',(0.50000000000019,-2.65311565354476E-16,0.866025403784329));
#10838=DIRECTION('',(0.50000000000019,2.65311565354476E-16,-0.866025403784329));
#10839=DIRECTION('',(1.48264447995418E-31,-3.06355407353094E-16,1.));
#10840=DIRECTION('center_axis',(-1.48264447995418E-31,3.06355407353094E-16,
-1.));
#10841=DIRECTION('ref_axis',(-1.23259516440783E-31,1.,3.06355407353094E-16));
#10842=DIRECTION('',(1.,1.23259516440783E-31,-1.48264447995418E-31));
#10843=DIRECTION('',(0.707106781186547,-0.707106781186547,-2.1662598599254E-16));
#10844=DIRECTION('',(-1.23259516440783E-31,1.,3.06355407353094E-16));
#10845=DIRECTION('',(-1.,-1.23259516440783E-31,1.48264447995418E-31));
#10846=DIRECTION('',(-1.,-1.23259516440783E-31,1.48264447995418E-31));
#10847=DIRECTION('',(1.23259516440783E-31,-1.,-3.06355407353094E-16));
#10848=DIRECTION('',(-1.,-1.23259516440783E-31,1.48264447995418E-31));
#10849=DIRECTION('',(-1.23259516440783E-31,1.,3.06355407353094E-16));
#10850=DIRECTION('',(0.707106781187445,0.70710678118565,2.16625985992265E-16));
#10851=DIRECTION('center_axis',(-1.23259516440783E-31,1.,3.06355407353094E-16));
#10852=DIRECTION('ref_axis',(1.,1.23259516440783E-31,-1.48264447995418E-31));
#10853=DIRECTION('',(1.,1.23259516440783E-31,-1.48264447995418E-31));
#10854=DIRECTION('',(1.48264447995418E-31,-3.06355407353094E-16,1.));
#10855=DIRECTION('',(1.,1.23259516440783E-31,-1.48264447995418E-31));
#10856=DIRECTION('',(0.702304093321041,2.18087389273014E-16,-0.711877068393491));
#10857=DIRECTION('',(0.999977083652965,-2.07400956614255E-18,0.00676994600507326));
#10858=DIRECTION('',(0.696951025443447,-2.19693199627923E-16,0.717118726664788));
#10859=DIRECTION('',(1.,1.23259516440783E-31,-1.48264447995418E-31));
#10860=DIRECTION('',(1.48264447995418E-31,-3.06355407353094E-16,1.));
#10861=DIRECTION('',(1.,1.23259516440783E-31,-1.48264447995418E-31));
#10862=DIRECTION('',(1.48264447995418E-31,-3.06355407353094E-16,1.));
#10863=DIRECTION('',(1.,1.23259516440783E-31,-1.48264447995418E-31));
#10864=DIRECTION('',(1.48264447995418E-31,-3.06355407353094E-16,1.));
#10865=DIRECTION('',(1.48264447995418E-31,-3.06355407353094E-16,1.));
#10866=DIRECTION('center_axis',(-1.48264447995418E-31,3.06355407353094E-16,
-1.));
#10867=DIRECTION('ref_axis',(-1.23259516440783E-31,1.,3.06355407353094E-16));
#10868=DIRECTION('',(0.342020143325932,0.939692620785813,2.87879915627534E-16));
#10869=DIRECTION('',(-1.,-1.23259516440783E-31,1.48264447995418E-31));
#10870=DIRECTION('',(1.23259516440783E-31,-1.,-3.06355407353094E-16));
#10871=DIRECTION('',(-0.707106781186547,-0.707106781186547,-2.1662598599254E-16));
#10872=DIRECTION('',(1.23259516440783E-31,-1.,-3.06355407353094E-16));
#10873=DIRECTION('',(1.,1.23259516440783E-31,-1.48264447995418E-31));
#10874=DIRECTION('',(-1.23259516440783E-31,1.,3.06355407353094E-16));
#10875=DIRECTION('center_axis',(0.939692620785813,-0.342020143325932,-1.0477972033158E-16));
#10876=DIRECTION('ref_axis',(-0.342020143325932,-0.939692620785813,-2.87879915627534E-16));
#10877=DIRECTION('center_axis',(0.939692620785415,-0.342020143327024,-1.33793582742817E-11));
#10878=DIRECTION('ref_axis',(0.342020143327024,0.939692620785415,3.07119613149292E-11));
#10879=DIRECTION('',(1.48264447995418E-31,-3.06355407353094E-16,1.));
#10880=DIRECTION('',(-1.48264447995418E-31,3.06355407353094E-16,-1.));
#10881=DIRECTION('',(-0.342020143325932,-0.939692620785813,-2.87879915627534E-16));
#10882=DIRECTION('center_axis',(1.,-2.22044604925E-16,-2.22044604925E-16));
#10883=DIRECTION('ref_axis',(-2.22044604925E-16,-1.,-3.06355407353094E-16));
#10884=DIRECTION('',(-1.,-1.23259516440783E-31,1.48264447995418E-31));
#10885=DIRECTION('center_axis',(1.,-2.22044604925E-16,-2.22044604925E-16));
#10886=DIRECTION('ref_axis',(-2.22044604925E-16,-1.,-3.06355407353094E-16));
#10887=DIRECTION('',(-1.,2.22044604925E-16,2.22044604925E-16));
#10888=DIRECTION('',(1.,-2.22044604925E-16,-2.22044604925E-16));
#10889=DIRECTION('',(1.,-2.22044604925E-16,-2.22044604925E-16));
#10890=DIRECTION('center_axis',(1.,-2.22044604925E-16,-2.22044604925E-16));
#10891=DIRECTION('ref_axis',(-2.22044604925E-16,-1.,-3.06355407353094E-16));
#10892=DIRECTION('',(-1.,2.22044604925E-16,2.22044604925E-16));
#10893=DIRECTION('center_axis',(-1.,2.22044604925E-16,2.22044604925E-16));
#10894=DIRECTION('ref_axis',(-2.22044604925E-16,-1.,-3.06355407353094E-16));
#10895=DIRECTION('',(-1.,2.22044604925E-16,2.22044604925E-16));
#10896=DIRECTION('center_axis',(-1.,2.22044604925E-16,2.22044604925E-16));
#10897=DIRECTION('ref_axis',(-2.22044604925E-16,-1.,-3.06355407353094E-16));
#10898=DIRECTION('',(-1.,2.22044604925E-16,2.22044604925E-16));
#10899=DIRECTION('center_axis',(-1.,2.22044604925E-16,2.22044604925E-16));
#10900=DIRECTION('ref_axis',(-2.22044604925E-16,-1.,-3.06355407353094E-16));
#10901=DIRECTION('',(1.,-2.22044604925E-16,-2.22044604925E-16));
#10902=DIRECTION('center_axis',(-1.,2.22044604925E-16,2.22044604925E-16));
#10903=DIRECTION('ref_axis',(-2.22044604925E-16,-1.,-2.08271224675334E-15));
#10904=DIRECTION('',(-1.,2.22044604925E-16,2.22044604925E-16));
#10905=DIRECTION('center_axis',(-1.,2.22044604925E-16,2.22044604925E-16));
#10906=DIRECTION('ref_axis',(-2.22044604924998E-16,-1.,6.79907195024791E-15));
#10907=DIRECTION('',(-1.,-1.23259516440783E-31,1.48264447995418E-31));
#10908=DIRECTION('center_axis',(-0.98480775301219,-0.173648177667033,-5.31980582053064E-17));
#10909=DIRECTION('ref_axis',(0.173648177667033,-0.98480775301219,-3.40258821344557E-16));
#10910=DIRECTION('',(1.,-2.22044604925E-16,-2.22044604925E-16));
#10911=DIRECTION('',(-1.,2.22044604925E-16,2.22044604925E-16));
#10912=DIRECTION('center_axis',(1.,1.23259516440783E-31,-1.48264447995418E-31));
#10913=DIRECTION('ref_axis',(-2.22044604925E-16,-1.,-3.06355407353094E-16));
#10914=DIRECTION('',(1.,-2.22044604925E-16,-2.22044604925E-16));
#10915=DIRECTION('',(1.,-2.22044604925E-16,-2.22044604925E-16));
#10916=DIRECTION('center_axis',(0.847367454038296,-1.62676855346298E-16,
0.531006965902197));
#10917=DIRECTION('ref_axis',(0.531006965902197,1.4168836960348E-16,-0.847367454038296));
#10918=DIRECTION('center_axis',(-0.852812078550412,1.5998428440341E-16,
-0.522217922594127));
#10919=DIRECTION('ref_axis',(0.522217922594127,1.45307919412783E-16,-0.852812078550412));
#10920=DIRECTION('center_axis',(-1.48264447995418E-31,3.06355407353094E-16,
-1.));
#10921=DIRECTION('ref_axis',(-1.23259516440783E-31,1.,3.06355407353094E-16));
#10922=DIRECTION('',(-1.,-1.23259516440783E-31,1.48264447995418E-31));
#10923=DIRECTION('',(-1.23259516440783E-31,1.,3.06355407353094E-16));
#10924=DIRECTION('',(1.23259516440783E-31,-1.,-3.06355407353094E-16));
#10925=DIRECTION('',(-1.,-1.23259516440783E-31,1.48264447995418E-31));
#10926=DIRECTION('',(-1.23259516440783E-31,1.,3.06355407353094E-16));
#10927=DIRECTION('',(0.707106781186547,0.707106781186547,2.1662598599254E-16));
#10928=DIRECTION('center_axis',(-1.23259516440783E-31,1.,3.06355407353094E-16));
#10929=DIRECTION('ref_axis',(1.,1.23259516440783E-31,-1.48264447995418E-31));
#10930=DIRECTION('',(1.,1.23259516440783E-31,-1.48264447995418E-31));
#10931=DIRECTION('',(1.48264447995418E-31,-3.06355407353094E-16,1.));
#10932=DIRECTION('',(1.48264447995418E-31,-3.06355407353094E-16,1.));
#10933=DIRECTION('center_axis',(-1.23259516440783E-31,1.,3.06355407353094E-16));
#10934=DIRECTION('ref_axis',(1.,1.23259516440783E-31,-1.48264447995418E-31));
#10935=DIRECTION('',(1.,1.23259516440783E-31,-1.48264447995418E-31));
#10936=DIRECTION('',(1.48264447995418E-31,-3.06355407353094E-16,1.));
#10937=DIRECTION('',(1.,1.23259516440783E-31,-1.48264447995418E-31));
#10938=DIRECTION('',(-1.,-1.23259516440783E-31,1.48264447995418E-31));
#10939=DIRECTION('',(1.48264447995418E-31,-3.06355407353094E-16,1.));
#10940=DIRECTION('',(-1.48264447995418E-31,3.06355407353094E-16,-1.));
#10941=DIRECTION('',(-1.,-1.23259516440783E-31,1.48264447995418E-31));
#10942=DIRECTION('',(-1.,-1.23259516440783E-31,1.48264447995418E-31));
#10943=DIRECTION('',(2.22044604925E-16,-3.06355407353094E-16,1.));
#10944=DIRECTION('',(1.,1.23259516440783E-31,-1.48264447995418E-31));
#10945=DIRECTION('',(-1.48264447995418E-31,3.06355407353094E-16,-1.));
#10946=DIRECTION('center_axis',(1.23259516440783E-31,-1.,-3.06355407353094E-16));
#10947=DIRECTION('ref_axis',(-1.,-1.23259516440783E-31,1.48264447995418E-31));
#10948=DIRECTION('',(0.316227766016838,-0.948683298050514,-2.51907526077938E-16));
#10949=DIRECTION('center_axis',(1.23259516440783E-31,-1.,-3.06355407353094E-16));
#10950=DIRECTION('ref_axis',(-1.,-1.23259516440783E-31,1.48264447995418E-31));
#10951=DIRECTION('center_axis',(1.23259516440783E-31,-1.,-3.06355407353094E-16));
#10952=DIRECTION('ref_axis',(-1.,-1.23259516440783E-31,1.48264447995418E-31));
#10953=DIRECTION('',(0.0698291276991884,-0.997558967141677,-2.97055981965014E-16));
#10954=DIRECTION('center_axis',(-1.92806846443082E-31,0.642787609686799,
-0.76604444311876));
#10955=DIRECTION('ref_axis',(8.802824975399E-34,0.76604444311876,0.642787609686799));
#10956=DIRECTION('',(1.,1.23259516440783E-31,-1.48264447995418E-31));
#10957=DIRECTION('',(-8.80282497539912E-34,-0.76604444311876,-0.642787609686799));
#10958=DIRECTION('',(-1.,-1.23259516440783E-31,1.48264447995418E-31));
#10959=DIRECTION('',(-8.80282497539912E-34,-0.76604444311876,-0.642787609686799));
#10960=DIRECTION('',(0.540716203060872,-0.64440047757162,-0.540716203061182));
#10961=DIRECTION('',(1.,1.23259516440783E-31,-1.48264447995418E-31));
#10962=DIRECTION('',(-0.268573407547115,0.737899372701691,0.619171091480362));
#10963=DIRECTION('center_axis',(-1.1906513544361E-13,-0.642787609686808,
0.766044443118752));
#10964=DIRECTION('ref_axis',(0.429152172061111,-0.691916010242025,-0.580586469000086));
#10965=DIRECTION('',(1.,1.23259516440783E-31,-1.48264447995418E-31));
#10966=DIRECTION('center_axis',(7.78541760512623E-14,-0.642787609686808,
0.766044443118752));
#10967=DIRECTION('ref_axis',(-9.33940245817389E-14,-0.766044443118752,-0.642787609686808));
#10968=DIRECTION('',(0.268573407546785,-0.737899372701761,-0.619171091480421));
#10969=DIRECTION('',(1.,1.23259516440783E-31,-1.48264447995418E-31));
#10970=DIRECTION('',(-0.540716203065136,0.644400477564724,0.540716203065136));
#10971=DIRECTION('',(0.540716203060961,0.644400477571576,0.540716203061145));
#10972=DIRECTION('',(1.,1.23259516440783E-31,-1.48264447995418E-31));
#10973=DIRECTION('center_axis',(1.92806846443082E-31,-0.642787609686799,
0.76604444311876));
#10974=DIRECTION('ref_axis',(-2.4718927005071E-15,0.76604444311876,0.642787609686799));
#10975=DIRECTION('center_axis',(1.92806846443082E-31,-0.642787609686799,
0.76604444311876));
#10976=DIRECTION('ref_axis',(-2.4718927005071E-15,0.76604444311876,0.642787609686799));
#10977=DIRECTION('center_axis',(-1.48264447995418E-31,3.06355407353094E-16,
-1.));
#10978=DIRECTION('ref_axis',(-1.23259516440783E-31,1.,3.06355407353094E-16));
#10979=DIRECTION('',(1.,1.23259516440783E-31,-1.48264447995418E-31));
#10980=DIRECTION('',(-1.23259516440783E-31,1.,3.06355407353094E-16));
#10981=DIRECTION('',(0.342020143325932,-0.939692620785813,-2.87879915627534E-16));
#10982=DIRECTION('center_axis',(-1.23259516440783E-31,1.,3.06355407353094E-16));
#10983=DIRECTION('ref_axis',(1.,1.23259516440783E-31,-1.48264447995418E-31));
#10984=DIRECTION('',(0.707106781186547,-2.1662598599254E-16,0.707106781186547));
#10985=DIRECTION('',(-0.707106781186576,-2.16625985992531E-16,0.707106781186519));
#10986=DIRECTION('',(1.48264447995418E-31,-3.06355407353094E-16,1.));
#10987=DIRECTION('center_axis',(-1.72415079190734E-13,-1.,-6.95969539015871E-13));
#10988=DIRECTION('ref_axis',(1.,-1.72415079190991E-13,3.6890446769222E-13));
#10989=DIRECTION('',(1.,1.23259516440783E-31,-1.48264447995418E-31));
#10990=DIRECTION('center_axis',(7.86617585375486E-14,-1.,-3.18643582924327E-13));
#10991=DIRECTION('ref_axis',(1.,7.86617585375121E-14,1.14419567520457E-13));
#10992=DIRECTION('',(1.48264447995418E-31,-3.06355407353094E-16,1.));
#10993=DIRECTION('',(1.,1.23259516440783E-31,-1.48264447995418E-31));
#10994=DIRECTION('',(0.707106781186548,2.1662598599254E-16,-0.707106781186548));
#10995=DIRECTION('',(1.48264447995418E-31,-3.06355407353094E-16,1.));
#10996=DIRECTION('',(1.,1.23259516440783E-31,-1.48264447995418E-31));
#10997=DIRECTION('center_axis',(1.23259516440783E-31,-1.,-3.06355407353094E-16));
#10998=DIRECTION('ref_axis',(1.,1.23259516440783E-31,-1.48264447995418E-31));
#10999=DIRECTION('center_axis',(-1.48264447995418E-31,3.06355407353094E-16,
-1.));
#11000=DIRECTION('ref_axis',(-1.23259516440783E-31,1.,3.06355407353094E-16));
#11001=DIRECTION('',(-1.23259516440783E-31,1.,3.06355407353094E-16));
#11002=DIRECTION('',(1.23259516440783E-31,-1.,-3.06355407353094E-16));
#11003=DIRECTION('',(-1.,-1.23259516440783E-31,1.48264447995418E-31));
#11004=DIRECTION('',(-1.23259516440783E-31,1.,3.06355407353094E-16));
#11005=DIRECTION('',(1.,1.23259516440783E-31,-1.48264447995418E-31));
#11006=DIRECTION('',(-1.23259516440783E-31,1.,3.06355407353094E-16));
#11007=DIRECTION('',(-1.,-1.23259516440783E-31,1.48264447995418E-31));
#11008=DIRECTION('',(-1.23259516440783E-31,1.,3.06355407353094E-16));
#11009=DIRECTION('',(1.,1.23259516440783E-31,-1.48264447995418E-31));
#11010=DIRECTION('',(-1.23259516440783E-31,1.,3.06355407353094E-16));
#11011=DIRECTION('center_axis',(-1.48264447995418E-31,3.06355407353094E-16,
-1.));
#11012=DIRECTION('ref_axis',(-1.23259516440783E-31,1.,3.06355407353094E-16));
#11013=DIRECTION('',(-1.,-1.23259516440783E-31,1.48264447995418E-31));
#11014=DIRECTION('',(-1.23259516440783E-31,1.,3.06355407353094E-16));
#11015=DIRECTION('',(1.,1.23259516440783E-31,-1.48264447995418E-31));
#11016=DIRECTION('',(-1.23259516440783E-31,1.,3.06355407353094E-16));
#11017=DIRECTION('center_axis',(-1.23259516440783E-31,1.,3.06355407353094E-16));
#11018=DIRECTION('ref_axis',(1.,1.23259516440783E-31,-1.48264447995418E-31));
#11019=DIRECTION('center_axis',(-1.23259516440783E-31,1.,3.06355407353094E-16));
#11020=DIRECTION('ref_axis',(1.,1.23259516440783E-31,-1.48264447995418E-31));
#11021=DIRECTION('center_axis',(-1.23259516440783E-31,1.,3.06355407353094E-16));
#11022=DIRECTION('ref_axis',(1.,1.23259516440783E-31,-1.48264447995418E-31));
#11023=DIRECTION('',(-1.,-1.23259516440783E-31,1.48264447995418E-31));
#11024=DIRECTION('center_axis',(-1.23259516440783E-31,1.,3.06355407353094E-16));
#11025=DIRECTION('ref_axis',(1.,1.23259516440783E-31,-1.48264447995418E-31));
#11026=DIRECTION('',(1.48264447995418E-31,-3.06355407353094E-16,1.));
#11027=DIRECTION('center_axis',(-1.48264447995418E-31,3.06355407353094E-16,
-1.));
#11028=DIRECTION('ref_axis',(-1.23259516440783E-31,1.,3.06355407353094E-16));
#11029=DIRECTION('',(1.,1.23259516440783E-31,-1.48264447995418E-31));
#11030=DIRECTION('',(-1.23259516440783E-31,1.,3.06355407353094E-16));
#11031=DIRECTION('',(-1.,-1.23259516440783E-31,1.48264447995418E-31));
#11032=DIRECTION('',(1.23259516440783E-31,-1.,-3.06355407353094E-16));
#11033=DIRECTION('',(-1.,-1.23259516440783E-31,1.48264447995418E-31));
#11034=DIRECTION('',(-1.23259516440783E-31,1.,3.06355407353094E-16));
#11035=DIRECTION('',(-1.,-1.23259516440783E-31,1.48264447995418E-31));
#11036=DIRECTION('',(-1.23259516440783E-31,1.,3.06355407353094E-16));
#11037=DIRECTION('center_axis',(-1.,-1.91284081833138E-31,2.22044604925E-16));
#11038=DIRECTION('ref_axis',(2.22044604925E-16,-3.06355407353094E-16,1.));
#11039=DIRECTION('',(1.48264447995418E-31,-3.06355407353094E-16,1.));
#11040=DIRECTION('center_axis',(-1.,-1.23259516440783E-31,1.48264447995418E-31));
#11041=DIRECTION('ref_axis',(-1.23259516440783E-31,1.,3.06355407353094E-16));
#11042=DIRECTION('',(1.23259516440783E-31,-1.,-3.06355407353094E-16));
#11043=DIRECTION('',(-1.48264447995418E-31,3.06355407353094E-16,-1.));
#11044=DIRECTION('',(1.23259516440783E-31,-1.,-3.06355407353094E-16));
#11045=DIRECTION('',(1.23259516440783E-31,-1.,-3.06355407353094E-16));
#11046=DIRECTION('center_axis',(0.852812078550412,-1.5998428440341E-16,
0.522217922594127));
#11047=DIRECTION('ref_axis',(0.522217922594127,2.6126359171995E-16,-0.852812078550412));
#11048=DIRECTION('',(0.522217922594127,2.6126359171995E-16,-0.852812078550412));
#11049=DIRECTION('center_axis',(1.48264447995418E-31,-3.06355407353094E-16,
1.));
#11050=DIRECTION('ref_axis',(1.23259516440783E-31,-1.,-3.06355407353094E-16));
#11051=DIRECTION('',(-1.,-1.23259516440783E-31,1.48264447995418E-31));
#11052=DIRECTION('center_axis',(-0.847367454038296,1.62676855346298E-16,
-0.531006965902197));
#11053=DIRECTION('ref_axis',(-0.531006965902197,-2.59595601559656E-16,0.847367454038296));
#11054=DIRECTION('',(1.23259516440783E-31,-1.,-3.06355407353094E-16));
#11055=DIRECTION('',(0.531006965902197,2.59595601559656E-16,-0.847367454038296));
#11056=DIRECTION('center_axis',(-1.48264447995418E-31,3.06355407353094E-16,
-1.));
#11057=DIRECTION('ref_axis',(-1.23259516440783E-31,1.,3.06355407353094E-16));
#11058=DIRECTION('',(1.,1.23259516440783E-31,-1.48264447995418E-31));
#11059=DIRECTION('',(1.23259516440783E-31,-1.,-3.06355407353094E-16));
#11060=DIRECTION('center_axis',(5.730183352904E-16,3.06355407353094E-16,
-1.));
#11061=DIRECTION('ref_axis',(-1.,5.22877490878992E-32,-5.730183352904E-16));
#11062=DIRECTION('',(-1.,-1.23259516440783E-31,1.48264447995418E-31));
#11063=DIRECTION('',(1.23259516440783E-31,-1.,-3.06355407353094E-16));
#11064=DIRECTION('',(1.,1.23259516440783E-31,-1.48264447995418E-31));
#11065=DIRECTION('',(1.23259516440783E-31,-1.,-3.06355407353094E-16));
#11066=DIRECTION('center_axis',(-1.23259516440783E-31,1.,3.06355407353094E-16));
#11067=DIRECTION('ref_axis',(1.,1.23259516440783E-31,-1.48264447995418E-31));
#11068=DIRECTION('',(0.50000000000019,-2.65311565354476E-16,0.866025403784329));
#11069=DIRECTION('',(0.50000000000019,2.65311565354476E-16,-0.866025403784329));
#11070=DIRECTION('center_axis',(1.,-2.22044604925E-16,-2.16289013387773E-31));
#11071=DIRECTION('ref_axis',(-2.22044604925E-16,-1.,-3.06355407353094E-16));
#11072=DIRECTION('',(-1.48264447995418E-31,3.06355407353094E-16,-1.));
#11073=DIRECTION('',(2.22044604925E-16,1.,3.06355407353094E-16));
#11074=DIRECTION('',(-1.48264447995418E-31,3.06355407353094E-16,-1.));
#11075=DIRECTION('center_axis',(1.,-2.22044604925E-16,-2.16289013387773E-31));
#11076=DIRECTION('ref_axis',(-2.22044604925E-16,-1.,-3.06355407353094E-16));
#11077=DIRECTION('',(1.48264447995418E-31,-3.06355407353094E-16,1.));
#11078=DIRECTION('center_axis',(1.,-2.22044604925E-16,-2.16289013387773E-31));
#11079=DIRECTION('ref_axis',(-2.22044604925E-16,-1.,-3.06355407353094E-16));
#11080=DIRECTION('',(1.48264447995418E-31,-3.06355407353094E-16,1.));
#11081=DIRECTION('',(1.76811566653876E-32,0.707106781186547,0.707106781186548));
#11082=DIRECTION('',(1.23259516440783E-31,-1.,-3.06355407353094E-16));
#11083=DIRECTION('center_axis',(-1.23259516440783E-31,1.,3.06355407353094E-16));
#11084=DIRECTION('ref_axis',(1.,1.23259516440783E-31,-1.48264447995418E-31));
#11085=DIRECTION('',(1.48264447995418E-31,-3.06355407353094E-16,1.));
#11086=DIRECTION('',(-2.22044604925E-16,3.06355407353094E-16,-1.));
#11087=DIRECTION('center_axis',(-1.23259516440783E-31,1.,3.06355407353094E-16));
#11088=DIRECTION('ref_axis',(1.,1.23259516440783E-31,-1.48264447995418E-31));
#11089=DIRECTION('',(-1.,-1.23259516440783E-31,1.48264447995418E-31));
#11090=DIRECTION('',(-1.48264447995418E-31,3.06355407353094E-16,-1.));
#11091=DIRECTION('',(1.48264447995418E-31,-3.06355407353094E-16,1.));
#11092=DIRECTION('',(-1.,-1.23259516440783E-31,1.48264447995418E-31));
#11093=DIRECTION('',(-1.48264447995418E-31,3.06355407353094E-16,-1.));
#11094=DIRECTION('',(-1.,-1.23259516440783E-31,1.48264447995418E-31));
#11095=DIRECTION('',(0.696951025443385,-2.19693199627942E-16,0.717118726664849));
#11096=DIRECTION('',(-0.0114325087917155,-3.0633538602723E-16,0.999934646735839));
#11097=DIRECTION('',(-0.709882190022349,-2.15772374017395E-16,0.704320435802535));
#11098=DIRECTION('',(-0.999992269857454,-1.20457393102564E-18,0.00393194930500171));
#11099=DIRECTION('',(-0.715144010015415,2.14135427046125E-16,-0.698977141928884));
#11100=DIRECTION('',(-0.0142599011609565,3.06324257882866E-16,-0.999898322440277));
#11101=DIRECTION('',(0.702304093321775,2.18087389272793E-16,-0.711877068392767));
#11102=DIRECTION('center_axis',(-1.48264447995418E-31,3.06355407353094E-16,
-1.));
#11103=DIRECTION('ref_axis',(-1.23259516440783E-31,1.,3.06355407353094E-16));
#11104=DIRECTION('',(-1.23259516440783E-31,1.,3.06355407353094E-16));
#11105=DIRECTION('',(0.323274029214961,-0.946305395755051,-1.1685463810934E-12));
#11106=DIRECTION('center_axis',(-1.48264447995418E-31,3.06355407353094E-16,
-1.));
#11107=DIRECTION('ref_axis',(-1.23259516440783E-31,1.,3.06355407353094E-16));
#11108=DIRECTION('',(-1.23259516440783E-31,1.,3.06355407353094E-16));
#11109=DIRECTION('',(1.23259516440783E-31,-1.,-3.06355407353094E-16));
#11110=DIRECTION('center_axis',(1.,1.23259516440783E-31,-1.48264447995418E-31));
#11111=DIRECTION('ref_axis',(1.23259516440783E-31,-1.,-3.06355407353094E-16));
#11112=DIRECTION('',(-1.48264447995418E-31,3.06355407353094E-16,-1.));
#11113=DIRECTION('',(-1.23259516440783E-31,1.,3.06355407353094E-16));
#11114=DIRECTION('',(1.23259516440783E-31,-1.,-3.06355407353094E-16));
#11115=DIRECTION('center_axis',(1.,1.23259516440783E-31,-1.48264447995418E-31));
#11116=DIRECTION('ref_axis',(1.23259516440783E-31,-1.,-3.06355407353094E-16));
#11117=DIRECTION('',(-1.23259516440783E-31,1.,3.06355407353094E-16));
#11118=DIRECTION('',(-1.48264447995418E-31,3.06355407353094E-16,-1.));
#11119=DIRECTION('',(1.23259516440783E-31,-1.,-3.06355407353094E-16));
#11120=DIRECTION('center_axis',(-1.,-8.57417995391489E-32,-1.224646799147E-16));
#11121=DIRECTION('ref_axis',(-1.224646799147E-16,-3.06355407353094E-16,
1.));
#11122=DIRECTION('',(-1.224646799147E-16,-3.06355407353094E-16,1.));
#11123=DIRECTION('',(-1.23259516440783E-31,1.,3.06355407353094E-16));
#11124=DIRECTION('',(1.04271867768973E-31,-0.992546151641346,-0.121869343404955));
#11125=DIRECTION('',(-1.04271867768915E-31,0.992546151641302,0.121869343405307));
#11126=DIRECTION('',(-1.23259516440783E-31,1.,3.06355407353094E-16));
#11127=DIRECTION('center_axis',(-1.23259516440783E-31,1.,3.06355407353094E-16));
#11128=DIRECTION('ref_axis',(1.,1.23259516440783E-31,-1.48264447995418E-31));
#11129=DIRECTION('center_axis',(-1.23259516440783E-31,1.,3.06355407353094E-16));
#11130=DIRECTION('ref_axis',(1.,1.23259516440783E-31,-1.48264447995418E-31));
#11131=DIRECTION('',(1.,8.57417995391489E-32,1.224646799147E-16));
#11132=DIRECTION('',(-1.224646799147E-16,-3.06355407353094E-16,1.));
#11133=DIRECTION('',(1.,8.57417995391489E-32,1.224646799147E-16));
#11134=DIRECTION('',(1.,8.57417995391489E-32,1.224646799147E-16));
#11135=DIRECTION('',(-1.224646799147E-16,-3.06355407353094E-16,1.));
#11136=DIRECTION('',(1.,8.57417995391489E-32,1.224646799147E-16));
#11137=DIRECTION('',(0.866025403784329,-1.53177703676605E-16,0.50000000000019));
#11138=DIRECTION('',(-0.50000000000019,-2.65311565354476E-16,0.866025403784329));
#11139=DIRECTION('',(0.866025403784329,-1.53177703676605E-16,0.50000000000019));
#11140=DIRECTION('',(-0.50000000000019,-2.65311565354476E-16,0.866025403784329));
#11141=DIRECTION('',(0.866025403784329,-1.53177703676605E-16,0.50000000000019));
#11142=DIRECTION('',(-0.50000000000019,-2.65311565354476E-16,0.866025403784329));
#11143=DIRECTION('',(0.866025403784329,-1.53177703676605E-16,0.50000000000019));
#11144=DIRECTION('',(-0.50000000000019,-2.65311565354476E-16,0.866025403784329));
#11145=DIRECTION('',(0.866025403784329,-1.53177703676605E-16,0.50000000000019));
#11146=DIRECTION('',(-0.50000000000019,-2.65311565354476E-16,0.866025403784329));
#11147=DIRECTION('',(0.866025403784329,-1.53177703676605E-16,0.50000000000019));
#11148=DIRECTION('',(-0.50000000000019,-2.65311565354476E-16,0.866025403784329));
#11149=DIRECTION('',(0.866025403784329,-1.53177703676605E-16,0.50000000000019));
#11150=DIRECTION('',(-0.50000000000019,-2.65311565354476E-16,0.866025403784329));
#11151=DIRECTION('',(0.866025403784329,-1.53177703676605E-16,0.50000000000019));
#11152=DIRECTION('',(-0.50000000000019,-2.65311565354476E-16,0.866025403784329));
#11153=DIRECTION('',(0.866025403784329,-1.53177703676605E-16,0.50000000000019));
#11154=DIRECTION('',(-0.50000000000019,-2.65311565354476E-16,0.866025403784329));
#11155=DIRECTION('',(0.866025403784329,-1.53177703676605E-16,0.50000000000019));
#11156=DIRECTION('',(-0.50000000000019,-2.65311565354476E-16,0.866025403784329));
#11157=DIRECTION('',(0.866025403784329,-1.53177703676605E-16,0.50000000000019));
#11158=DIRECTION('',(-1.224646799147E-16,-3.06355407353094E-16,1.));
#11159=DIRECTION('',(1.,8.57417995391489E-32,1.224646799147E-16));
#11160=DIRECTION('',(-1.224646799147E-16,-3.06355407353094E-16,1.));
#11161=DIRECTION('',(1.,8.57417995391489E-32,1.224646799147E-16));
#11162=DIRECTION('',(-1.224646799147E-16,-3.06355407353094E-16,1.));
#11163=DIRECTION('',(1.,8.57417995391489E-32,1.224646799147E-16));
#11164=DIRECTION('',(-1.224646799147E-16,-3.06355407353094E-16,1.));
#11165=DIRECTION('',(1.,8.57417995391489E-32,1.224646799147E-16));
#11166=DIRECTION('',(-1.224646799147E-16,-3.06355407353094E-16,1.));
#11167=DIRECTION('',(1.,1.23259516440783E-31,-1.48264447995418E-31));
#11168=DIRECTION('',(-1.224646799147E-16,-3.06355407353094E-16,1.));
#11169=DIRECTION('',(1.,1.23259516440783E-31,-1.48264447995418E-31));
#11170=DIRECTION('',(-1.48264447995418E-31,3.06355407353094E-16,-1.));
#11171=DIRECTION('',(1.,8.57417995391489E-32,1.224646799147E-16));
#11172=DIRECTION('',(0.866025403784329,-1.53177703676605E-16,0.50000000000019));
#11173=DIRECTION('center_axis',(-1.23259516440783E-31,1.,3.06355407353094E-16));
#11174=DIRECTION('ref_axis',(1.,1.23259516440783E-31,-1.48264447995418E-31));
#11175=DIRECTION('',(1.,8.57417995391489E-32,1.224646799147E-16));
#11176=DIRECTION('center_axis',(-1.23259516440783E-31,1.,3.06355407353094E-16));
#11177=DIRECTION('ref_axis',(1.,1.23259516440783E-31,-1.48264447995418E-31));
#11178=DIRECTION('',(-1.,-1.23259516440783E-31,1.48264447995418E-31));
#11179=DIRECTION('',(-1.,-1.23259516440783E-31,1.48264447995418E-31));
#11180=DIRECTION('center_axis',(-1.224646799147E-16,-3.06355407353094E-16,
1.));
#11181=DIRECTION('ref_axis',(1.,8.57417995391489E-32,1.224646799147E-16));
#11182=DIRECTION('',(1.,2.09426936884033E-17,1.18771917968791E-16));
#11183=DIRECTION('',(1.23259516440783E-31,-1.,-3.06355407353094E-16));
#11184=DIRECTION('',(-1.23259516440783E-31,1.,3.06355407353094E-16));
#11185=DIRECTION('center_axis',(-1.48264447995418E-31,3.06355407353094E-16,
-1.));
#11186=DIRECTION('ref_axis',(0.0455893181413068,0.998960266512843,3.06036879377097E-16));
#11187=DIRECTION('center_axis',(-1.20604166250223E-16,0.173648177667033,
0.98480775301219));
#11188=DIRECTION('ref_axis',(1.4713277863063E-31,-0.98480775301219,0.173648177667033));
#11189=DIRECTION('center_axis',(-2.39985330651788E-12,-0.173648177667317,
-0.98480775301214));
#11190=DIRECTION('ref_axis',(-1.21007054818784E-13,0.98480775301214,-0.173648177667317));
#11191=DIRECTION('center_axis',(-1.48264447995418E-31,3.06355407353094E-16,
-1.));
#11192=DIRECTION('ref_axis',(-1.23259516440783E-31,1.,3.06355407353094E-16));
#11193=DIRECTION('',(1.,1.23259516440783E-31,-1.48264447995418E-31));
#11194=DIRECTION('',(-1.23259516440783E-31,1.,3.06355407353094E-16));
#11195=DIRECTION('',(-1.,-1.23259516440783E-31,1.48264447995418E-31));
#11196=DIRECTION('',(-1.23259516440783E-31,1.,3.06355407353094E-16));
#11197=DIRECTION('',(1.23259516440783E-31,-1.,-3.06355407353094E-16));
#11198=DIRECTION('',(-1.,-1.23259516440783E-31,1.48264447995418E-31));
#11199=DIRECTION('',(-1.23259516440783E-31,1.,3.06355407353094E-16));
#11200=DIRECTION('',(-1.,-1.23259516440783E-31,1.48264447995418E-31));
#11201=DIRECTION('',(1.23259516440783E-31,-1.,-3.06355407353094E-16));
#11202=DIRECTION('center_axis',(-1.23259516440783E-31,1.,3.06355407353094E-16));
#11203=DIRECTION('ref_axis',(1.,1.23259516440783E-31,-1.48264447995418E-31));
#11204=DIRECTION('',(-1.,2.22044604925E-16,2.22044604925E-16));
#11205=DIRECTION('',(1.48264447995418E-31,-3.06355407353094E-16,1.));
#11206=DIRECTION('',(-1.,-1.23259516440783E-31,1.48264447995418E-31));
#11207=DIRECTION('',(0.707106781186163,-2.16625985992658E-16,0.707106781186932));
#11208=DIRECTION('',(1.48264447995418E-31,-3.06355407353094E-16,1.));
#11209=DIRECTION('',(1.,1.23259516440783E-31,-1.48264447995418E-31));
#11210=DIRECTION('',(1.48264447995418E-31,-3.06355407353094E-16,1.));
#11211=DIRECTION('',(-1.48264447995418E-31,3.06355407353094E-16,-1.));
#11212=DIRECTION('',(1.,1.23259516440783E-31,-1.48264447995418E-31));
#11213=DIRECTION('',(-1.48264447995418E-31,3.06355407353094E-16,-1.));
#11214=DIRECTION('center_axis',(1.,1.23259516440783E-31,-1.48264447995418E-31));
#11215=DIRECTION('ref_axis',(1.23259516440783E-31,-1.,-3.06355407353094E-16));
#11216=DIRECTION('',(-1.48264447995418E-31,3.06355407353094E-16,-1.));
#11217=DIRECTION('',(-1.23259516440783E-31,1.,3.06355407353094E-16));
#11218=DIRECTION('',(1.48264447995418E-31,-3.06355407353094E-16,1.));
#11219=DIRECTION('',(1.23259516440783E-31,-1.,-3.06355407353094E-16));
#11220=DIRECTION('',(-1.48264447995418E-31,3.06355407353094E-16,-1.));
#11221=DIRECTION('',(-1.23259516440783E-31,1.,3.06355407353094E-16));
#11222=DIRECTION('',(1.48264447995418E-31,-3.06355407353094E-16,1.));
#11223=DIRECTION('',(1.23259516440783E-31,-1.,-3.06355407353094E-16));
#11224=DIRECTION('center_axis',(0.707106781186548,2.1662598599254E-16,-0.707106781186548));
#11225=DIRECTION('ref_axis',(-0.707106781186548,2.1662598599254E-16,-0.707106781186548));
#11226=DIRECTION('',(1.23259516440783E-31,-1.,-3.06355407353094E-16));
#11227=DIRECTION('center_axis',(-1.23259516440783E-31,1.,3.06355407353094E-16));
#11228=DIRECTION('ref_axis',(1.,1.23259516440783E-31,-1.48264447995418E-31));
#11229=DIRECTION('',(-1.48264447995418E-31,3.06355407353094E-16,-1.));
#11230=DIRECTION('',(1.48264447995418E-31,-3.06355407353094E-16,1.));
#11231=DIRECTION('center_axis',(-1.48264447995418E-31,3.06355407353094E-16,
-1.));
#11232=DIRECTION('ref_axis',(-1.23259516440783E-31,1.,3.06355407353094E-16));
#11233=DIRECTION('',(1.,1.23259516440783E-31,-1.48264447995418E-31));
#11234=DIRECTION('',(1.23259516440783E-31,-1.,-3.06355407353094E-16));
#11235=DIRECTION('',(1.,1.23259516440783E-31,-1.48264447995418E-31));
#11236=DIRECTION('',(-1.23259516440783E-31,1.,3.06355407353094E-16));
#11237=DIRECTION('center_axis',(-1.23259516440783E-31,1.,3.06355407353094E-16));
#11238=DIRECTION('ref_axis',(1.,1.23259516440783E-31,-1.48264447995418E-31));
#11239=DIRECTION('',(-1.,-1.23259516440783E-31,1.48264447995418E-31));
#11240=DIRECTION('',(-1.48264447995418E-31,3.06355407353094E-16,-1.));
#11241=DIRECTION('',(1.48264447995418E-31,-3.06355407353094E-16,1.));
#11242=DIRECTION('center_axis',(-1.23259516440783E-31,1.,3.06355407353094E-16));
#11243=DIRECTION('ref_axis',(1.,1.23259516440783E-31,-1.48264447995418E-31));
#11244=DIRECTION('',(-1.23259516440783E-31,1.,3.06355407353094E-16));
#11245=DIRECTION('center_axis',(1.23259516440783E-31,-1.,-3.06355407353094E-16));
#11246=DIRECTION('ref_axis',(1.,1.23259516440783E-31,-1.48264447995418E-31));
#11247=DIRECTION('center_axis',(-1.23259516440783E-31,1.,3.06355407353094E-16));
#11248=DIRECTION('ref_axis',(1.,1.23259516440783E-31,-1.48264447995418E-31));
#11249=DIRECTION('',(1.48264447995418E-31,-3.06355407353094E-16,1.));
#11250=DIRECTION('',(-1.48264447995418E-31,3.06355407353094E-16,-1.));
#11251=DIRECTION('center_axis',(-1.48264447995418E-31,3.06355407353094E-16,
-1.));
#11252=DIRECTION('ref_axis',(-1.23259516440783E-31,1.,3.06355407353094E-16));
#11253=DIRECTION('',(1.,1.23259516440783E-31,-1.48264447995418E-31));
#11254=DIRECTION('',(1.23259516440783E-31,-1.,-3.06355407353094E-16));
#11255=DIRECTION('',(-1.,-1.23259516440783E-31,1.48264447995418E-31));
#11256=DIRECTION('',(1.23259516440783E-31,-1.,-3.06355407353094E-16));
#11257=DIRECTION('',(-0.422618261740812,-0.906307787036597,-2.77652291284878E-16));
#11258=DIRECTION('',(-1.,-1.23259516440783E-31,1.48264447995418E-31));
#11259=DIRECTION('',(-1.23259516440783E-31,1.,3.06355407353094E-16));
#11260=DIRECTION('',(-1.,-1.23259516440783E-31,1.48264447995418E-31));
#11261=DIRECTION('',(1.13862263995645E-31,-1.,-3.06355407353094E-16));
#11262=DIRECTION('',(-1.,-1.23259516440783E-31,1.48264447995418E-31));
#11263=DIRECTION('',(1.23259516440783E-31,-1.,-3.06355407353094E-16));
#11264=DIRECTION('',(-1.,-1.23259516440783E-31,1.48264447995418E-31));
#11265=DIRECTION('',(-1.23259516440783E-31,1.,3.06355407353094E-16));
#11266=DIRECTION('',(-1.23259516440783E-31,1.,3.06355407353094E-16));
#11267=DIRECTION('',(-1.,-1.23259516440783E-31,1.48264447995418E-31));
#11268=DIRECTION('',(1.23259516440783E-31,-1.,-3.06355407353094E-16));
#11269=DIRECTION('',(1.,1.23259516440783E-31,-1.48264447995418E-31));
#11270=DIRECTION('',(1.,1.23259516440783E-31,-1.48264447995418E-31));
#11271=DIRECTION('',(-1.23259516440783E-31,1.,3.06355407353094E-16));
#11272=DIRECTION('',(-1.,-1.23259516440783E-31,1.48264447995418E-31));
#11273=DIRECTION('',(1.23259516440783E-31,-1.,-3.06355407353094E-16));
#11274=DIRECTION('center_axis',(-1.23259516440783E-31,1.,3.06355407353094E-16));
#11275=DIRECTION('ref_axis',(1.,1.23259516440783E-31,-1.48264447995418E-31));
#11276=DIRECTION('',(1.,1.23259516440783E-31,-1.48264447995418E-31));
#11277=DIRECTION('',(1.48264447995418E-31,-3.06355407353094E-16,1.));
#11278=DIRECTION('',(-0.707106781186546,2.1662598599254E-16,-0.707106781186549));
#11279=DIRECTION('',(-0.707106781186547,-2.1662598599254E-16,0.707106781186548));
#11280=DIRECTION('',(1.48264447995418E-31,-3.06355407353094E-16,1.));
#11281=DIRECTION('center_axis',(1.23259516440783E-31,-1.,-3.06355407353094E-16));
#11282=DIRECTION('ref_axis',(1.,1.23259516440783E-31,-1.48264447995418E-31));
#11283=DIRECTION('center_axis',(1.23259516440783E-31,-1.,-3.06355407353094E-16));
#11284=DIRECTION('ref_axis',(1.,1.23259516440783E-31,-1.48264447995418E-31));
#11285=DIRECTION('center_axis',(-1.48264447995418E-31,3.06355407353094E-16,
-1.));
#11286=DIRECTION('ref_axis',(-1.23259516440783E-31,1.,3.06355407353094E-16));
#11287=DIRECTION('',(-1.,-1.23259516440783E-31,1.48264447995418E-31));
#11288=DIRECTION('',(1.23259516440783E-31,-1.,-3.06355407353094E-16));
#11289=DIRECTION('',(-1.23259516440783E-31,1.,3.06355407353094E-16));
#11290=DIRECTION('center_axis',(-1.23259516440783E-31,1.,3.06355407353094E-16));
#11291=DIRECTION('ref_axis',(1.,1.23259516440783E-31,-1.48264447995418E-31));
#11292=DIRECTION('',(1.,-2.22044604925E-16,-2.22044604925E-16));
#11293=DIRECTION('',(1.48264447995418E-31,-3.06355407353094E-16,1.));
#11294=DIRECTION('',(-0.707106781186547,2.1662598599254E-16,-0.707106781186547));
#11295=DIRECTION('',(1.48264447995418E-31,-3.06355407353094E-16,1.));
#11296=DIRECTION('',(-1.48264447995418E-31,3.06355407353094E-16,-1.));
#11297=DIRECTION('',(-0.707106781186547,-2.1662598599254E-16,0.707106781186547));
#11298=DIRECTION('',(-0.707106781186548,-2.1662598599254E-16,0.707106781186548));
#11299=DIRECTION('',(1.48264447995418E-31,-3.06355407353094E-16,1.));
#11300=DIRECTION('',(1.48264447995418E-31,-3.06355407353094E-16,1.));
#11301=DIRECTION('',(-1.,-1.23259516440783E-31,1.48264447995418E-31));
#11302=DIRECTION('',(-1.48264447995418E-31,3.06355407353094E-16,-1.));
#11303=DIRECTION('',(1.,1.23259516440783E-31,-1.48264447995418E-31));
#11304=DIRECTION('',(1.48264447995418E-31,-3.06355407353094E-16,1.));
#11305=DIRECTION('',(-1.,-1.23259516440783E-31,1.48264447995418E-31));
#11306=DIRECTION('',(-1.48264447995418E-31,3.06355407353094E-16,-1.));
#11307=DIRECTION('',(1.,1.23259516440783E-31,-1.48264447995418E-31));
#11308=DIRECTION('center_axis',(1.,-2.22044604925E-16,-2.22044604925E-16));
#11309=DIRECTION('ref_axis',(-2.22044604925E-16,-1.,-3.06355407353094E-16));
#11310=DIRECTION('',(-1.,2.22044604925E-16,2.22044604925E-16));
#11311=DIRECTION('center_axis',(-1.,2.22044604925E-16,2.22044604925E-16));
#11312=DIRECTION('ref_axis',(-2.22044604925E-16,-1.,-3.06355407353094E-16));
#11313=DIRECTION('',(-1.,2.22044604925E-16,2.22044604925E-16));
#11314=DIRECTION('center_axis',(-1.,2.22044604925E-16,2.22044604925E-16));
#11315=DIRECTION('ref_axis',(-2.22044604925E-16,-1.,-3.06355407353094E-16));
#11316=DIRECTION('',(-1.,2.22044604925E-16,2.22044604925E-16));
#11317=DIRECTION('center_axis',(-1.,2.22044604925E-16,2.22044604925E-16));
#11318=DIRECTION('ref_axis',(-2.22044604925E-16,-1.,-3.06355407353094E-16));
#11319=DIRECTION('',(-1.,2.22044604925E-16,2.22044604925E-16));
#11320=DIRECTION('center_axis',(-1.,2.22044604925E-16,2.22044604925E-16));
#11321=DIRECTION('ref_axis',(-2.22044604925E-16,-1.,-3.06355407353094E-16));
#11322=DIRECTION('center_axis',(-1.,2.22044604925E-16,2.22044604925E-16));
#11323=DIRECTION('ref_axis',(-2.22044604925E-16,-1.,-3.06355407353094E-16));
#11324=DIRECTION('',(1.,1.23259516440783E-31,-1.48264447995418E-31));
#11325=DIRECTION('center_axis',(-1.,2.22044604925E-16,2.22044604925E-16));
#11326=DIRECTION('ref_axis',(-2.22044604925001E-16,-1.,-5.73089787294832E-15));
#11327=DIRECTION('',(-1.,-1.23259516440783E-31,1.48264447995418E-31));
#11328=DIRECTION('center_axis',(-1.,2.22044604925E-16,2.22044604925E-16));
#11329=DIRECTION('ref_axis',(-2.22044604925E-16,-1.,-3.06355407353094E-16));
#11330=DIRECTION('center_axis',(1.,-2.22044604925E-16,-2.22044604925E-16));
#11331=DIRECTION('ref_axis',(-2.22044604925E-16,-1.,-3.06355407353094E-16));
#11332=DIRECTION('',(-1.,-1.23259516440783E-31,1.48264447995418E-31));
#11333=DIRECTION('center_axis',(1.,-2.22044604925E-16,-2.22044604925E-16));
#11334=DIRECTION('ref_axis',(-2.22044604925E-16,-1.,-3.06355407353094E-16));
#11335=DIRECTION('',(1.,1.23259516440783E-31,-1.48264447995418E-31));
#11336=DIRECTION('center_axis',(1.,-2.22044604925E-16,-2.22044604925E-16));
#11337=DIRECTION('ref_axis',(-2.22044604925E-16,-1.,-3.06355407353094E-16));
#11338=DIRECTION('center_axis',(-1.23259516440783E-31,1.,3.06355407353094E-16));
#11339=DIRECTION('ref_axis',(1.,1.23259516440783E-31,-1.48264447995418E-31));
#11340=DIRECTION('',(0.707106781186291,2.16625985992619E-16,-0.707106781186804));
#11341=DIRECTION('',(-1.,-1.23259516440783E-31,1.48264447995418E-31));
#11342=DIRECTION('',(1.48264447995418E-31,-3.06355407353094E-16,1.));
#11343=DIRECTION('',(1.48264447995418E-31,-3.06355407353094E-16,1.));
#11344=DIRECTION('',(1.,1.23259516440783E-31,-1.48264447995418E-31));
#11345=DIRECTION('',(1.48264447995418E-31,-3.06355407353094E-16,1.));
#11346=DIRECTION('',(1.48264447995418E-31,-3.06355407353094E-16,1.));
#11347=DIRECTION('',(1.,1.23259516440783E-31,-1.48264447995418E-31));
#11348=DIRECTION('',(1.48264447995418E-31,-3.06355407353094E-16,1.));
#11349=DIRECTION('center_axis',(-0.707106781186548,2.1662598599254E-16,
-0.707106781186548));
#11350=DIRECTION('ref_axis',(-0.707106781186548,-2.1662598599254E-16,0.707106781186548));
#11351=DIRECTION('',(0.56343843697098,-0.604213749833118,-0.56343843697098));
#11352=DIRECTION('center_axis',(-1.23259516440783E-31,1.,3.06355407353094E-16));
#11353=DIRECTION('ref_axis',(1.,1.23259516440783E-31,-1.48264447995418E-31));
#11354=DIRECTION('',(-1.,-1.23259516440783E-31,1.48264447995418E-31));
#11355=DIRECTION('',(1.48264447995418E-31,-3.06355407353094E-16,1.));
#11356=DIRECTION('',(1.48264447995418E-31,-3.06355407353094E-16,1.));
#11357=DIRECTION('',(-1.48264447995418E-31,3.06355407353094E-16,-1.));
#11358=DIRECTION('',(-1.48264447995418E-31,3.06355407353094E-16,-1.));
#11359=DIRECTION('',(1.,1.23259516440783E-31,-1.48264447995418E-31));
#11360=DIRECTION('',(-1.48264447995418E-31,3.06355407353094E-16,-1.));
#11361=DIRECTION('',(-0.707106781186548,-2.1662598599254E-16,0.707106781186548));
#11362=DIRECTION('',(-0.500000000000044,2.65311565354502E-16,-0.866025403784414));
#11363=DIRECTION('center_axis',(-1.23259516440783E-31,1.,3.06355407353094E-16));
#11364=DIRECTION('ref_axis',(1.,1.23259516440783E-31,-1.48264447995418E-31));
#11365=DIRECTION('',(-1.48264447995418E-31,3.06355407353094E-16,-1.));
#11366=DIRECTION('center_axis',(-1.23259516440783E-31,1.,3.06355407353094E-16));
#11367=DIRECTION('ref_axis',(1.,1.23259516440783E-31,-1.48264447995418E-31));
#11368=DIRECTION('center_axis',(1.23259516440783E-31,-1.,-3.06355407353094E-16));
#11369=DIRECTION('ref_axis',(1.,6.54701433568633E-31,-1.73472347597681E-15));
#11370=DIRECTION('',(-1.,-1.23259516440783E-31,1.48264447995418E-31));
#11371=DIRECTION('',(-1.48264447995418E-31,3.06355407353094E-16,-1.));
#11372=DIRECTION('',(-1.,-1.23259516440783E-31,1.48264447995418E-31));
#11373=DIRECTION('',(-1.48264447995418E-31,3.06355407353094E-16,-1.));
#11374=DIRECTION('',(1.,1.23259516440783E-31,-1.48264447995418E-31));
#11375=DIRECTION('',(-1.48264447995418E-31,3.06355407353094E-16,-1.));
#11376=DIRECTION('',(1.,1.23259516440783E-31,-1.48264447995418E-31));
#11377=DIRECTION('',(-1.48264447995418E-31,3.06355407353094E-16,-1.));
#11378=DIRECTION('',(1.,1.23259516440783E-31,-1.48264447995418E-31));
#11379=DIRECTION('',(1.48264447995418E-31,-3.06355407353094E-16,1.));
#11380=DIRECTION('',(-1.,-1.23259516440783E-31,1.48264447995418E-31));
#11381=DIRECTION('',(1.,1.23259516440783E-31,-1.48264447995418E-31));
#11382=DIRECTION('',(1.48264447995418E-31,-3.06355407353094E-16,1.));
#11383=DIRECTION('',(1.,1.23259516440783E-31,-1.48264447995418E-31));
#11384=DIRECTION('center_axis',(1.23259516440783E-31,-1.,-3.06355407353094E-16));
#11385=DIRECTION('ref_axis',(-1.,-1.23259516440783E-31,1.48264447995418E-31));
#11386=DIRECTION('center_axis',(1.23259516440783E-31,-1.,-3.06355407353094E-16));
#11387=DIRECTION('ref_axis',(1.,1.23259516440783E-31,-1.48264447995418E-31));
#11388=DIRECTION('center_axis',(1.23259516440783E-31,-1.,-3.06355407353094E-16));
#11389=DIRECTION('ref_axis',(-1.,-1.23259516440783E-31,1.48264447995418E-31));
#11390=DIRECTION('',(0.706153998757937,-2.16917483266764E-16,0.70805828152644));
#11391=DIRECTION('',(0.999999088523009,1.22818725311036E-14,0.00135016782301664));
#11392=DIRECTION('',(0.706152002688133,2.1691809312721E-16,-0.708060272222315));
#11393=DIRECTION('',(-0.00134572100200526,5.63848000287354E-8,-0.999999094517081));
#11394=DIRECTION('',(-0.923879498316431,-1.17237164100252E-16,0.382683514918764));
#11395=DIRECTION('center_axis',(1.23259516440783E-31,-1.,-3.06355407353094E-16));
#11396=DIRECTION('ref_axis',(-1.,-1.23259516440783E-31,1.48264447995418E-31));
#11397=DIRECTION('center_axis',(1.23259516440783E-31,-1.,-3.06355407353094E-16));
#11398=DIRECTION('ref_axis',(1.,1.23259516440783E-31,-1.48264447995418E-31));
#11399=DIRECTION('center_axis',(-1.23259516440783E-31,1.,3.06355407353094E-16));
#11400=DIRECTION('ref_axis',(1.,1.23259516440783E-31,-1.48264447995418E-31));
#11401=DIRECTION('center_axis',(-1.23259516440783E-31,1.,3.06355407353094E-16));
#11402=DIRECTION('ref_axis',(1.,1.23259516440783E-31,-1.48264447995418E-31));
#11403=DIRECTION('',(-1.48264447995418E-31,3.06355407353094E-16,-1.));
#11404=DIRECTION('',(1.,1.23259516440783E-31,-1.48264447995418E-31));
#11405=DIRECTION('',(-1.48264447995418E-31,3.06355407353094E-16,-1.));
#11406=DIRECTION('center_axis',(1.23259516440783E-31,-1.,-3.06355407353094E-16));
#11407=DIRECTION('ref_axis',(1.,1.23259516440783E-31,-1.48264447995418E-31));
#11408=DIRECTION('center_axis',(-1.23259516440783E-31,1.,3.06355407353094E-16));
#11409=DIRECTION('ref_axis',(1.,1.23259516440783E-31,-1.48264447995418E-31));
#11410=DIRECTION('',(-1.48264447995418E-31,3.06355407353094E-16,-1.));
#11411=DIRECTION('',(1.,1.23259516440783E-31,-1.48264447995418E-31));
#11412=DIRECTION('',(-1.48264447995418E-31,3.06355407353094E-16,-1.));
#11413=DIRECTION('center_axis',(1.23259516440783E-31,-1.,-3.06355407353094E-16));
#11414=DIRECTION('ref_axis',(1.,1.23259516440783E-31,-1.48264447995418E-31));
#11415=DIRECTION('center_axis',(-0.707106781186548,2.1662598599254E-16,
-0.707106781186548));
#11416=DIRECTION('ref_axis',(-0.707106781186548,-2.1662598599254E-16,0.707106781186548));
#11417=DIRECTION('',(-1.23259516440783E-31,1.,3.06355407353094E-16));
#11418=DIRECTION('',(-0.389281620635354,0.834817129478681,0.389281620635354));
#11419=DIRECTION('center_axis',(1.,-2.22044604925E-16,-2.16289013387773E-31));
#11420=DIRECTION('ref_axis',(-2.22044604925E-16,-1.,-3.06355407353094E-16));
#11421=DIRECTION('center_axis',(1.,-2.22044604925E-16,-2.16289013387773E-31));
#11422=DIRECTION('ref_axis',(-2.22044604925E-16,-1.,-3.06355407353094E-16));
#11423=DIRECTION('center_axis',(1.,-2.22044604925E-16,-2.16289013387773E-31));
#11424=DIRECTION('ref_axis',(-2.22044604925E-16,-1.,-3.06355407353094E-16));
#11425=DIRECTION('center_axis',(1.,-2.22044604925E-16,-2.16289013387773E-31));
#11426=DIRECTION('ref_axis',(-2.22044604925E-16,-1.,-3.06355407353094E-16));
#11427=DIRECTION('center_axis',(-1.,2.22044604925E-16,2.16289013387773E-31));
#11428=DIRECTION('ref_axis',(-2.22044604925E-16,-1.,-3.06355407353094E-16));
#11429=DIRECTION('center_axis',(1.,-2.22044604925E-16,-2.16289013387773E-31));
#11430=DIRECTION('ref_axis',(-2.22044604925E-16,-1.,-3.06355407353094E-16));
#11431=DIRECTION('center_axis',(1.,-2.22044604925E-16,-2.16289013387773E-31));
#11432=DIRECTION('ref_axis',(-2.22044604925E-16,-1.,-3.06355407353094E-16));
#11433=DIRECTION('center_axis',(1.,-2.22044604925E-16,-2.16289013387773E-31));
#11434=DIRECTION('ref_axis',(-2.22044604925E-16,-1.,-3.06355407353094E-16));
#11435=DIRECTION('center_axis',(1.,-2.22044604925E-16,-2.16289013387773E-31));
#11436=DIRECTION('ref_axis',(-2.22044604925E-16,-1.,-3.06355407353094E-16));
#11437=DIRECTION('center_axis',(-1.,2.22044604925E-16,2.16289013387773E-31));
#11438=DIRECTION('ref_axis',(-2.22044604925E-16,-1.,-3.06355407353094E-16));
#11439=DIRECTION('center_axis',(0.866025403784329,1.53177703676605E-16,
-0.50000000000019));
#11440=DIRECTION('ref_axis',(-0.50000000000019,2.65311565354476E-16,-0.866025403784329));
#11441=DIRECTION('',(0.500000000000037,-2.65311565354503E-16,0.866025403784417));
#11442=DIRECTION('center_axis',(-1.23259516440783E-31,1.,3.06355407353094E-16));
#11443=DIRECTION('ref_axis',(1.,1.23259516440783E-31,-1.48264447995418E-31));
#11444=DIRECTION('',(1.48264447995418E-31,-3.06355407353094E-16,1.));
#11445=DIRECTION('',(1.,1.23259516440783E-31,-1.48264447995418E-31));
#11446=DIRECTION('center_axis',(1.23259516440783E-31,-1.,-3.06355407353094E-16));
#11447=DIRECTION('ref_axis',(1.,6.54701433568633E-31,-1.73472347597681E-15));
#11448=DIRECTION('center_axis',(1.,1.23259516440783E-31,-1.48264447995418E-31));
#11449=DIRECTION('ref_axis',(1.23259516440783E-31,-1.,-3.06355407353094E-16));
#11450=DIRECTION('',(-1.48264447995418E-31,3.06355407353094E-16,-1.));
#11451=DIRECTION('',(1.23259516440783E-31,-1.,-3.06355407353094E-16));
#11452=DIRECTION('',(-1.48264447995418E-31,3.06355407353094E-16,-1.));
#11453=DIRECTION('',(-1.23259516440783E-31,1.,3.06355407353094E-16));
#11454=DIRECTION('',(1.48264447995418E-31,-3.06355407353094E-16,1.));
#11455=DIRECTION('',(1.23259516440783E-31,-1.,-3.06355407353094E-16));
#11456=DIRECTION('',(-1.48264447995418E-31,3.06355407353094E-16,-1.));
#11457=DIRECTION('center_axis',(1.,-2.22044604925E-16,-2.16289013387773E-31));
#11458=DIRECTION('ref_axis',(-2.22044604925E-16,-1.,-3.06355407353094E-16));
#11459=DIRECTION('center_axis',(-1.23259516440783E-31,1.,3.06355407353094E-16));
#11460=DIRECTION('ref_axis',(1.,1.23259516440783E-31,-1.48264447995418E-31));
#11461=DIRECTION('',(-1.48264447995418E-31,3.06355407353094E-16,-1.));
#11462=DIRECTION('',(-1.,-1.23259516440783E-31,1.48264447995418E-31));
#11463=DIRECTION('',(-1.48264447995418E-31,3.06355407353094E-16,-1.));
#11464=DIRECTION('',(1.,1.23259516440783E-31,-1.48264447995418E-31));
#11465=DIRECTION('',(1.48264447995418E-31,-3.06355407353094E-16,1.));
#11466=DIRECTION('',(1.,1.23259516440783E-31,-1.48264447995418E-31));
#11467=DIRECTION('center_axis',(-1.23259516440783E-31,1.,3.06355407353094E-16));
#11468=DIRECTION('ref_axis',(1.,1.23259516440783E-31,-1.48264447995418E-31));
#11469=DIRECTION('',(-1.48264447995418E-31,3.06355407353094E-16,-1.));
#11470=DIRECTION('center_axis',(-1.23259516440783E-31,1.,3.06355407353094E-16));
#11471=DIRECTION('ref_axis',(1.,1.23259516440783E-31,-1.48264447995418E-31));
#11472=DIRECTION('center_axis',(-1.23259516440783E-31,1.,3.06355407353094E-16));
#11473=DIRECTION('ref_axis',(1.,1.23259516440783E-31,-1.48264447995418E-31));
#11474=DIRECTION('',(1.48264447995418E-31,-3.06355407353094E-16,1.));
#11475=DIRECTION('center_axis',(-1.23259516440783E-31,1.,3.06355407353094E-16));
#11476=DIRECTION('ref_axis',(1.,1.23259516440783E-31,-1.48264447995418E-31));
#11477=DIRECTION('center_axis',(0.906307787036597,-0.422618261740812,-1.29471389730463E-16));
#11478=DIRECTION('ref_axis',(-0.422618261740812,-0.906307787036598,-2.77652291284878E-16));
#11479=DIRECTION('',(-1.48264447995418E-31,3.06355407353094E-16,-1.));
#11480=DIRECTION('',(-0.422618261740812,-0.906307787036597,-2.77652291284878E-16));
#11481=DIRECTION('center_axis',(1.,-2.22044604925E-16,-2.16289013387773E-31));
#11482=DIRECTION('ref_axis',(-2.22044604925E-16,-1.,-3.06355407353094E-16));
#11483=DIRECTION('center_axis',(1.,-2.22044604925E-16,-2.16289013387773E-31));
#11484=DIRECTION('ref_axis',(-2.22044604925E-16,-1.,-3.06355407353094E-16));
#11485=DIRECTION('center_axis',(-1.23259516440783E-31,1.,3.06355407353094E-16));
#11486=DIRECTION('ref_axis',(1.,1.23259516440783E-31,-1.48264447995418E-31));
#11487=DIRECTION('',(-1.23259516440783E-31,1.,3.06355407353094E-16));
#11488=DIRECTION('center_axis',(-1.23259516440783E-31,1.,3.06355407353094E-16));
#11489=DIRECTION('ref_axis',(1.,1.23259516440783E-31,-1.48264447995418E-31));
#11490=DIRECTION('',(-1.23259516440783E-31,1.,3.06355407353094E-16));
#11491=DIRECTION('center_axis',(1.,-2.22044604925E-16,-2.16289013387773E-31));
#11492=DIRECTION('ref_axis',(-2.22044604925E-16,-1.,-3.06355407353094E-16));
#11493=DIRECTION('center_axis',(1.,-2.22044604925E-16,-2.16289013387773E-31));
#11494=DIRECTION('ref_axis',(-2.22044604925E-16,-1.,-3.06355407353094E-16));
#11495=DIRECTION('center_axis',(1.,-2.22044604925E-16,-2.16289013387773E-31));
#11496=DIRECTION('ref_axis',(-2.22044604925E-16,-1.,-3.06355407353094E-16));
#11497=DIRECTION('center_axis',(1.,-2.22044604925E-16,-2.16289013387773E-31));
#11498=DIRECTION('ref_axis',(-2.22044604925E-16,-1.,-3.06355407353094E-16));
#11499=DIRECTION('center_axis',(-1.23259516440783E-31,1.,3.06355407353094E-16));
#11500=DIRECTION('ref_axis',(1.,1.23259516440783E-31,-1.48264447995418E-31));
#11501=DIRECTION('',(-1.23259516440783E-31,1.,3.06355407353094E-16));
#11502=DIRECTION('center_axis',(1.23259516440783E-31,-1.,-3.06355407353094E-16));
#11503=DIRECTION('ref_axis',(1.,1.23259516440783E-31,-1.48264447995418E-31));
#11504=DIRECTION('center_axis',(-1.23259516440783E-31,1.,3.06355407353094E-16));
#11505=DIRECTION('ref_axis',(1.,1.23259516440783E-31,-1.48264447995418E-31));
#11506=DIRECTION('center_axis',(-1.23259516440783E-31,1.,3.06355407353094E-16));
#11507=DIRECTION('ref_axis',(1.,1.23259516440783E-31,-1.48264447995418E-31));
#11508=DIRECTION('center_axis',(-1.23259516440783E-31,1.,3.06355407353094E-16));
#11509=DIRECTION('ref_axis',(1.,1.23259516440783E-31,-1.48264447995418E-31));
#11510=DIRECTION('',(-1.23259516440783E-31,1.,3.06355407353094E-16));
#11511=DIRECTION('center_axis',(-1.23259516440783E-31,1.,3.06355407353094E-16));
#11512=DIRECTION('ref_axis',(1.,1.23259516440783E-31,-1.48264447995418E-31));
#11513=DIRECTION('center_axis',(-1.23259516440783E-31,1.,3.06355407353094E-16));
#11514=DIRECTION('ref_axis',(1.,1.23259516440783E-31,-1.48264447995418E-31));
#11515=DIRECTION('center_axis',(-1.23259516440783E-31,1.,3.06355407353094E-16));
#11516=DIRECTION('ref_axis',(1.,1.23259516440783E-31,-1.48264447995418E-31));
#11517=DIRECTION('center_axis',(1.23259516440783E-31,-1.,-3.06355407353094E-16));
#11518=DIRECTION('ref_axis',(1.,1.23259516440783E-31,-1.48264447995418E-31));
#11519=DIRECTION('',(1.23259516440783E-31,-1.,-3.06355407353094E-16));
#11520=DIRECTION('center_axis',(-1.23259516440783E-31,1.,3.06355407353094E-16));
#11521=DIRECTION('ref_axis',(1.,1.23259516440783E-31,-1.48264447995418E-31));
#11522=DIRECTION('',(-1.23259516440783E-31,1.,3.06355407353094E-16));
#11523=DIRECTION('center_axis',(1.23259516440783E-31,-1.,-3.06355407353094E-16));
#11524=DIRECTION('ref_axis',(1.,1.23259516440783E-31,-1.48264447995418E-31));
#11525=DIRECTION('',(1.23259516440783E-31,-1.,-3.06355407353094E-16));
#11526=DIRECTION('center_axis',(-1.23259516440783E-31,1.,3.06355407353094E-16));
#11527=DIRECTION('ref_axis',(1.,1.23259516440783E-31,-1.48264447995418E-31));
#11528=DIRECTION('',(-1.23259516440783E-31,1.,3.06355407353094E-16));
#11529=DIRECTION('center_axis',(1.23259516440783E-31,-1.,-3.06355407353094E-16));
#11530=DIRECTION('ref_axis',(1.,1.37371108615337E-30,-4.08170229641602E-15));
#11531=DIRECTION('',(-1.23259516440783E-31,1.,3.06355407353094E-16));
#11532=DIRECTION('center_axis',(1.23259516440783E-31,-1.,-3.06355407353094E-16));
#11533=DIRECTION('ref_axis',(1.,1.37371108615337E-30,-4.08170229641602E-15));
#11534=DIRECTION('',(1.23259516440783E-31,-1.,-3.06355407353094E-16));
#11535=DIRECTION('center_axis',(-1.23259516440783E-31,1.,3.06355407353094E-16));
#11536=DIRECTION('ref_axis',(1.,1.23259516440783E-31,-1.48264447995418E-31));
#11537=DIRECTION('',(-1.23259516440783E-31,1.,3.06355407353094E-16));
#11538=DIRECTION('center_axis',(1.23259516440783E-31,-1.,-3.06355407353094E-16));
#11539=DIRECTION('ref_axis',(1.,1.23259516440783E-31,-1.48264447995418E-31));
#11540=DIRECTION('',(1.23259516440783E-31,-1.,-3.06355407353094E-16));
#11541=DIRECTION('center_axis',(-1.23259516440783E-31,1.,3.06355407353094E-16));
#11542=DIRECTION('ref_axis',(1.,1.23259516440783E-31,-1.48264447995418E-31));
#11543=DIRECTION('',(-1.23259516440783E-31,1.,3.06355407353094E-16));
#11544=DIRECTION('center_axis',(-1.23259516440783E-31,1.,3.06355407353094E-16));
#11545=DIRECTION('ref_axis',(1.,1.23259516440783E-31,-1.48264447995418E-31));
#11546=DIRECTION('center_axis',(1.23259516440783E-31,-1.,-3.06355407353094E-16));
#11547=DIRECTION('ref_axis',(1.,1.23259516440783E-31,-1.48264447995418E-31));
#11548=DIRECTION('',(1.23259516440783E-31,-1.,-3.06355407353094E-16));
#11549=DIRECTION('center_axis',(-1.23259516440783E-31,1.,3.06355407353094E-16));
#11550=DIRECTION('ref_axis',(1.,1.23259516440783E-31,-1.48264447995418E-31));
#11551=DIRECTION('',(-1.23259516440783E-31,1.,3.06355407353094E-16));
#11552=DIRECTION('center_axis',(1.23259516440783E-31,-1.,-3.06355407353094E-16));
#11553=DIRECTION('ref_axis',(1.,1.37371108615337E-30,-4.08170229641602E-15));
#11554=DIRECTION('',(1.23259516440783E-31,-1.,-3.06355407353094E-16));
#11555=DIRECTION('center_axis',(-1.23259516440783E-31,1.,3.06355407353094E-16));
#11556=DIRECTION('ref_axis',(1.,1.23259516440783E-31,-1.48264447995418E-31));
#11557=DIRECTION('',(-1.23259516440783E-31,1.,3.06355407353094E-16));
#11558=DIRECTION('center_axis',(1.23259516440783E-31,-1.,-3.06355407353094E-16));
#11559=DIRECTION('ref_axis',(1.,1.23259516440783E-31,-1.48264447995418E-31));
#11560=DIRECTION('',(-1.23259516440783E-31,1.,3.06355407353094E-16));
#11561=DIRECTION('center_axis',(1.23259516440783E-31,-1.,-3.06355407353094E-16));
#11562=DIRECTION('ref_axis',(1.,1.23259516440783E-31,-1.48264447995418E-31));
#11563=DIRECTION('',(1.23259516440783E-31,-1.,-3.06355407353094E-16));
#11564=DIRECTION('center_axis',(-1.23259516440783E-31,1.,3.06355407353094E-16));
#11565=DIRECTION('ref_axis',(1.,1.23259516440783E-31,-1.48264447995418E-31));
#11566=DIRECTION('',(-1.23259516440783E-31,1.,3.06355407353094E-16));
#11567=DIRECTION('center_axis',(1.23259516440783E-31,-1.,-3.06355407353094E-16));
#11568=DIRECTION('ref_axis',(1.,1.23259516440783E-31,-1.48264447995418E-31));
#11569=DIRECTION('',(1.23259516440783E-31,-1.,-3.06355407353094E-16));
#11570=DIRECTION('center_axis',(-1.23259516440783E-31,1.,3.06355407353094E-16));
#11571=DIRECTION('ref_axis',(1.,1.23259516440783E-31,-1.48264447995418E-31));
#11572=DIRECTION('',(-1.23259516440783E-31,1.,3.06355407353094E-16));
#11573=DIRECTION('center_axis',(1.23259516440783E-31,-1.,-3.06355407353094E-16));
#11574=DIRECTION('ref_axis',(-1.,-1.23259516440783E-31,1.48264447995418E-31));
#11575=DIRECTION('center_axis',(1.23259516440783E-31,-1.,-3.06355407353094E-16));
#11576=DIRECTION('ref_axis',(-1.,-1.23259516440783E-31,1.48264447995418E-31));
#11577=DIRECTION('',(0.316227766016838,-0.948683298050514,-2.51907526077938E-16));
#11578=DIRECTION('center_axis',(-1.23259516440783E-31,1.,3.06355407353094E-16));
#11579=DIRECTION('ref_axis',(1.,1.23259516440783E-31,-1.48264447995418E-31));
#11580=DIRECTION('',(-1.23259516440783E-31,1.,3.06355407353094E-16));
#11581=DIRECTION('center_axis',(1.23259516440783E-31,-1.,-3.06355407353094E-16));
#11582=DIRECTION('ref_axis',(-1.,-1.23259516440783E-31,1.48264447995418E-31));
#11583=DIRECTION('',(0.265156483010851,-0.964205392806593,-2.62917232066073E-16));
#11584=DIRECTION('center_axis',(1.23259516440783E-31,-1.,-3.06355407353094E-16));
#11585=DIRECTION('ref_axis',(-1.,-1.23259516440783E-31,1.48264447995418E-31));
#11586=DIRECTION('center_axis',(1.23259516440783E-31,-1.,-3.06355407353094E-16));
#11587=DIRECTION('ref_axis',(1.,1.23259516440783E-31,-1.48264447995418E-31));
#11588=DIRECTION('center_axis',(1.23259516440783E-31,-1.,-3.06355407353094E-16));
#11589=DIRECTION('ref_axis',(1.,1.23259516440783E-31,-1.48264447995418E-31));
#11590=DIRECTION('',(0.265156483013399,-0.964205392805892,-2.62917232065546E-16));
#11591=DIRECTION('center_axis',(1.23259516440783E-31,-1.,-3.06355407353094E-16));
#11592=DIRECTION('ref_axis',(-1.,-1.23259516440783E-31,1.48264447995418E-31));
#11593=DIRECTION('center_axis',(1.23259516440783E-31,-1.,-3.06355407353094E-16));
#11594=DIRECTION('ref_axis',(-1.,-1.23259516440783E-31,1.48264447995418E-31));
#11595=DIRECTION('',(0.0698291276991884,-0.997558967141678,-2.97055981965014E-16));
#11596=DIRECTION('center_axis',(1.23259516440783E-31,-1.,-3.06355407353094E-16));
#11597=DIRECTION('ref_axis',(-1.,-1.23259516440783E-31,1.48264447995418E-31));
#11598=DIRECTION('center_axis',(-1.23259516440783E-31,1.,3.06355407353094E-16));
#11599=DIRECTION('ref_axis',(1.,1.23259516440783E-31,-1.48264447995418E-31));
#11600=DIRECTION('',(-1.23259516440783E-31,1.,3.06355407353094E-16));
#11601=DIRECTION('center_axis',(1.23259516440783E-31,-1.,-3.06355407353094E-16));
#11602=DIRECTION('ref_axis',(1.,1.23259516440783E-31,-1.48264447995418E-31));
#11603=DIRECTION('center_axis',(1.,2.00160401076698E-16,-8.69442267876073E-32));
#11604=DIRECTION('ref_axis',(2.00160401076698E-16,-1.,-3.06355407353094E-16));
#11605=DIRECTION('center_axis',(1.,-2.22044604925E-16,-2.16289013387773E-31));
#11606=DIRECTION('ref_axis',(-2.22044604925E-16,-1.,-3.06355407353094E-16));
#11607=DIRECTION('',(0.988936352867748,0.14834045293391,6.36113659724685E-17));
#11608=DIRECTION('center_axis',(-1.,-2.00160401076698E-16,8.69442267876073E-32));
#11609=DIRECTION('ref_axis',(2.00160401076698E-16,-1.,-3.06355407353094E-16));
#11610=DIRECTION('center_axis',(1.,-2.22044604925E-16,-2.16289013387773E-31));
#11611=DIRECTION('ref_axis',(-2.22044604925E-16,-1.,-3.06355407353094E-16));
#11612=DIRECTION('',(1.,-2.22044604925E-16,-2.16289013387773E-31));
#11613=DIRECTION('center_axis',(-0.939692620785813,-0.342020143325932,2.2749094032787E-13));
#11614=DIRECTION('ref_axis',(0.342020143325932,-0.939692620785813,4.38139069471327E-13));
#11615=DIRECTION('center_axis',(-1.23259516440783E-31,1.,3.06355407353094E-16));
#11616=DIRECTION('ref_axis',(1.,1.23259516440783E-31,-1.48264447995418E-31));
#11617=DIRECTION('center_axis',(-1.23259516440783E-31,1.,3.06355407353094E-16));
#11618=DIRECTION('ref_axis',(1.,1.23259516440783E-31,-1.48264447995418E-31));
#11619=DIRECTION('',(-1.23259516440783E-31,1.,3.06355407353094E-16));
#11620=DIRECTION('center_axis',(-1.23259516440783E-31,1.,3.06355407353094E-16));
#11621=DIRECTION('ref_axis',(1.,1.23259516440783E-31,-1.48264447995418E-31));
#11622=DIRECTION('center_axis',(-1.23259516440783E-31,1.,3.06355407353094E-16));
#11623=DIRECTION('ref_axis',(1.,1.23259516440783E-31,-1.48264447995418E-31));
#11624=DIRECTION('center_axis',(-0.496273075820868,-0.121869343404968,0.859570181749772));
#11625=DIRECTION('ref_axis',(0.866025403784325,-1.462388097727E-16,0.500000000000198));
#11626=DIRECTION('',(0.866025403784324,-1.53177703676608E-16,0.500000000000198));
#11627=DIRECTION('',(0.0609346717026766,-0.992546151641302,-0.105541947331512));
#11628=DIRECTION('',(-0.060934671702508,0.992546151641344,0.105541947331218));
#11629=DIRECTION('center_axis',(0.419468129303942,-0.121869343404983,0.899552306225875));
#11630=DIRECTION('ref_axis',(0.906307787036717,1.29471389730384E-16,-0.422618261740555));
#11631=DIRECTION('',(0.0515042100692767,0.992546151641342,0.110451134928988));
#11632=DIRECTION('',(0.906307787036717,1.29471389730384E-16,-0.422618261740555));
#11633=DIRECTION('',(0.0515042100691609,0.992546151641384,0.110451134928661));
#11634=DIRECTION('center_axis',(0.419468129303942,-0.121869343404983,0.899552306225875));
#11635=DIRECTION('ref_axis',(0.906307787036717,1.29471389730384E-16,-0.422618261740555));
#11636=DIRECTION('',(0.906307787036717,1.29471389730384E-16,-0.422618261740555));
#11637=DIRECTION('',(-0.0515042100692767,-0.992546151641342,-0.110451134928988));
#11638=DIRECTION('',(-0.0515042100691489,-0.992546151641388,-0.110451134928632));
#11639=DIRECTION('center_axis',(-0.496273075820868,-0.121869343404968,0.859570181749772));
#11640=DIRECTION('ref_axis',(0.866025403784325,-1.462388097727E-16,0.500000000000198));
#11641=DIRECTION('',(-0.0609346717026723,0.992546151641303,0.105541947331505));
#11642=DIRECTION('',(0.866025403784324,-1.53177703676608E-16,0.500000000000198));
#11643=DIRECTION('',(0.060934671702508,-0.992546151641344,-0.105541947331218));
#11644=DIRECTION('center_axis',(-0.496273075820868,-0.121869343404968,0.859570181749772));
#11645=DIRECTION('ref_axis',(0.866025403784325,-1.462388097727E-16,0.500000000000198));
#11646=DIRECTION('',(-0.060934671702508,0.992546151641344,0.105541947331218));
#11647=DIRECTION('',(0.866025403784324,-1.53177703676608E-16,0.500000000000198));
#11648=DIRECTION('',(-0.0609346717025924,0.992546151641323,0.105541947331366));
#11649=DIRECTION('center_axis',(-1.21551846761441E-16,-0.121869343405041,
0.992546151641335));
#11650=DIRECTION('ref_axis',(1.01190379857939E-31,-0.992546151641335,-0.121869343405041));
#11651=DIRECTION('',(1.,-1.48134437544869E-17,1.20645817727965E-16));
#11652=DIRECTION('',(-1.04271867768958E-31,0.992546151641335,0.121869343405043));
#11653=DIRECTION('center_axis',(0.419468129303942,-0.121869343404983,0.899552306225875));
#11654=DIRECTION('ref_axis',(0.906307787036717,1.29471389730384E-16,-0.422618261740555));
#11655=DIRECTION('',(0.906307787036717,1.29471389730384E-16,-0.422618261740555));
#11656=DIRECTION('',(-0.0515042100691489,-0.992546151641388,-0.110451134928633));
#11657=DIRECTION('',(0.0515042100692767,0.992546151641342,0.110451134928988));
#11658=DIRECTION('center_axis',(-0.496273075820868,-0.121869343404968,0.859570181749772));
#11659=DIRECTION('ref_axis',(0.866025403784325,-1.462388097727E-16,0.500000000000198));
#11660=DIRECTION('',(0.866025403784324,-1.53177703676608E-16,0.500000000000198));
#11661=DIRECTION('',(0.060934671702508,-0.992546151641344,-0.105541947331218));
#11662=DIRECTION('',(0.0609346717025959,-0.992546151641322,-0.105541947331372));
#11663=DIRECTION('center_axis',(-0.496273075820868,-0.121869343404968,0.859570181749772));
#11664=DIRECTION('ref_axis',(0.866025403784325,-1.462388097727E-16,0.500000000000198));
#11665=DIRECTION('',(0.866025403784324,-1.53177703676608E-16,0.500000000000198));
#11666=DIRECTION('',(0.0609346717025963,-0.992546151641322,-0.105541947331373));
#11667=DIRECTION('',(-0.060934671702508,0.992546151641344,0.105541947331218));
#11668=DIRECTION('center_axis',(0.419468129303942,-0.121869343404983,0.899552306225875));
#11669=DIRECTION('ref_axis',(0.906307787036717,1.29471389730384E-16,-0.422618261740555));
#11670=DIRECTION('',(0.0515042100692767,0.992546151641342,0.110451134928988));
#11671=DIRECTION('',(0.906307787036717,1.29471389730384E-16,-0.422618261740555));
#11672=DIRECTION('',(0.0515042100698546,0.992546151641183,0.110451134930146));
#11673=DIRECTION('center_axis',(-0.496273075820868,-0.121869343404968,0.859570181749772));
#11674=DIRECTION('ref_axis',(0.866025403784325,-1.462388097727E-16,0.500000000000198));
#11675=DIRECTION('',(-0.0609346717026723,0.992546151641303,0.105541947331505));
#11676=DIRECTION('',(0.866025403784324,-1.53177703676608E-16,0.500000000000198));
#11677=DIRECTION('',(0.060934671702508,-0.992546151641344,-0.105541947331218));
#11678=DIRECTION('center_axis',(-0.906307787036597,-1.29471389730463E-16,
0.422618261740812));
#11679=DIRECTION('ref_axis',(0.422618261740812,-2.77652291284878E-16,0.906307787036597));
#11680=DIRECTION('',(1.23259516440783E-31,-1.,-3.06355407353094E-16));
#11681=DIRECTION('',(-1.23259516440783E-31,1.,3.06355407353094E-16));
#11682=DIRECTION('center_axis',(-0.496273075820868,-0.121869343404968,0.859570181749772));
#11683=DIRECTION('ref_axis',(0.866025403784325,-1.462388097727E-16,0.500000000000198));
#11684=DIRECTION('',(-0.060934671702508,0.992546151641344,0.105541947331218));
#11685=DIRECTION('',(0.866025403784324,-1.53177703676608E-16,0.500000000000198));
#11686=DIRECTION('',(-0.0609346717026723,0.992546151641303,0.105541947331505));
#11687=DIRECTION('center_axis',(0.422618261740812,-2.77652291284878E-16,
0.906307787036597));
#11688=DIRECTION('ref_axis',(0.906307787036597,1.29471389730463E-16,-0.422618261740812));
#11689=DIRECTION('',(1.23259516440783E-31,-1.,-3.06355407353094E-16));
#11690=DIRECTION('center_axis',(0.422618261740812,-2.77652291284878E-16,
0.906307787036597));
#11691=DIRECTION('ref_axis',(0.906307787036597,1.29471389730463E-16,-0.422618261740812));
#11692=DIRECTION('',(1.23259516440783E-31,-1.,-3.06355407353094E-16));
#11693=DIRECTION('center_axis',(-0.50000000000019,-2.65311565354476E-16,
0.866025403784329));
#11694=DIRECTION('ref_axis',(0.866025403784329,-1.53177703676605E-16,0.50000000000019));
#11695=DIRECTION('',(1.23259516440783E-31,-1.,-3.06355407353094E-16));
#11696=DIRECTION('',(1.23259516440783E-31,-1.,-3.06355407353094E-16));
#11697=DIRECTION('center_axis',(0.419468129303942,-0.121869343404983,0.899552306225875));
#11698=DIRECTION('ref_axis',(0.906307787036717,1.29471389730384E-16,-0.422618261740555));
#11699=DIRECTION('',(0.906307787036717,1.29471389730384E-16,-0.422618261740555));
#11700=DIRECTION('',(1.02238986572974E-31,-0.990947313890855,-0.134251335533388));
#11701=DIRECTION('',(0.0515042100692767,0.992546151641342,0.110451134928988));
#11702=DIRECTION('center_axis',(-0.866025403784329,1.53177703676605E-16,
-0.50000000000019));
#11703=DIRECTION('ref_axis',(-0.50000000000019,-2.65311565354476E-16,0.866025403784329));
#11704=DIRECTION('',(-1.23259516440783E-31,1.,3.06355407353094E-16));
#11705=DIRECTION('center_axis',(-1.21551846761441E-16,-0.121869343405041,
0.992546151641335));
#11706=DIRECTION('ref_axis',(1.01190379857939E-31,-0.992546151641335,-0.121869343405041));
#11707=DIRECTION('',(1.,-1.48134437544869E-17,1.20645817727965E-16));
#11708=DIRECTION('',(1.04271867768959E-31,-0.992546151641335,-0.121869343405041));
#11709=DIRECTION('',(-1.04271867768915E-31,0.992546151641303,0.121869343405306));
#11710=DIRECTION('center_axis',(-1.224646799147E-16,-3.06355407353094E-16,
1.));
#11711=DIRECTION('ref_axis',(1.,8.57417995391489E-32,1.224646799147E-16));
#11712=DIRECTION('',(-1.23259516440783E-31,1.,3.06355407353094E-16));
#11713=DIRECTION('center_axis',(-0.906307787036597,-1.29471389730463E-16,
0.422618261740812));
#11714=DIRECTION('ref_axis',(0.422618261740812,-2.77652291284878E-16,0.906307787036597));
#11715=DIRECTION('',(-1.23259516440783E-31,1.,3.06355407353094E-16));
#11716=DIRECTION('center_axis',(-0.496273075820868,-0.121869343404968,0.859570181749772));
#11717=DIRECTION('ref_axis',(0.866025403784325,-1.462388097727E-16,0.500000000000198));
#11718=DIRECTION('',(0.866025403784324,-1.53177703676608E-16,0.500000000000198));
#11719=DIRECTION('',(0.060934671702508,-0.992546151641344,-0.105541947331218));
#11720=DIRECTION('',(1.0122633873624E-31,-0.990098331526368,-0.14037554597829));
#11721=DIRECTION('center_axis',(-0.866025403784329,1.53177703676605E-16,
-0.50000000000019));
#11722=DIRECTION('ref_axis',(-0.50000000000019,-2.65311565354476E-16,0.866025403784329));
#11723=DIRECTION('',(1.23259516440783E-31,-1.,-3.06355407353094E-16));
#11724=DIRECTION('center_axis',(-0.50000000000019,-2.65311565354476E-16,
0.866025403784329));
#11725=DIRECTION('ref_axis',(0.866025403784329,-1.53177703676605E-16,0.50000000000019));
#11726=DIRECTION('',(-1.23259516440783E-31,1.,3.06355407353094E-16));
#11727=DIRECTION('center_axis',(-1.,-8.57417995391489E-32,-1.224646799147E-16));
#11728=DIRECTION('ref_axis',(-1.224646799147E-16,-3.06355407353094E-16,
1.));
#11729=DIRECTION('center_axis',(0.422618261740812,-2.77652291284878E-16,
0.906307787036597));
#11730=DIRECTION('ref_axis',(0.906307787036597,1.29471389730463E-16,-0.422618261740812));
#11731=DIRECTION('',(-1.23259516440783E-31,1.,3.06355407353094E-16));
#11732=DIRECTION('center_axis',(-0.50000000000019,-2.65311565354476E-16,
0.866025403784329));
#11733=DIRECTION('ref_axis',(0.866025403784329,-1.53177703676605E-16,0.50000000000019));
#11734=DIRECTION('',(-1.23259516440783E-31,1.,3.06355407353094E-16));
#11735=DIRECTION('center_axis',(-0.496273075820868,-0.121869343404968,0.859570181749772));
#11736=DIRECTION('ref_axis',(0.866025403784325,-1.462388097727E-16,0.500000000000198));
#11737=DIRECTION('',(0.866025403784324,-1.53177703676608E-16,0.500000000000198));
#11738=DIRECTION('',(0.0609346717025959,-0.992546151641322,-0.105541947331372));
#11739=DIRECTION('',(-0.060934671702508,0.992546151641344,0.105541947331218));
#11740=DIRECTION('center_axis',(-0.866025403784329,1.53177703676605E-16,
-0.50000000000019));
#11741=DIRECTION('ref_axis',(-0.50000000000019,-2.65311565354476E-16,0.866025403784329));
#11742=DIRECTION('',(-1.23259516440783E-31,1.,3.06355407353094E-16));
#11743=DIRECTION('center_axis',(-0.906307787036597,-1.29471389730463E-16,
0.422618261740812));
#11744=DIRECTION('ref_axis',(0.422618261740812,-2.77652291284878E-16,0.906307787036597));
#11745=DIRECTION('',(-1.23259516440783E-31,1.,3.06355407353094E-16));
#11746=DIRECTION('center_axis',(-0.866025403784329,1.53177703676605E-16,
-0.50000000000019));
#11747=DIRECTION('ref_axis',(-0.50000000000019,-2.65311565354476E-16,0.866025403784329));
#11748=DIRECTION('',(1.23259516440783E-31,-1.,-3.06355407353094E-16));
#11749=DIRECTION('center_axis',(-0.50000000000019,-2.65311565354476E-16,
0.866025403784329));
#11750=DIRECTION('ref_axis',(0.866025403784329,-1.53177703676605E-16,0.50000000000019));
#11751=DIRECTION('',(1.23259516440783E-31,-1.,-3.06355407353094E-16));
#11752=DIRECTION('center_axis',(-1.21551846761441E-16,-0.121869343405041,
0.992546151641335));
#11753=DIRECTION('ref_axis',(1.01190379857939E-31,-0.992546151641335,-0.121869343405041));
#11754=DIRECTION('',(1.,-1.48134437544869E-17,1.20645817727965E-16));
#11755=DIRECTION('',(1.04271867768959E-31,-0.992546151641335,-0.121869343405041));
#11756=DIRECTION('',(1.04271867768934E-31,-0.992546151641317,-0.121869343405191));
#11757=DIRECTION('center_axis',(0.422618261740812,-2.77652291284878E-16,
0.906307787036597));
#11758=DIRECTION('ref_axis',(0.906307787036597,1.29471389730463E-16,-0.422618261740812));
#11759=DIRECTION('',(1.23259516440783E-31,-1.,-3.06355407353094E-16));
#11760=DIRECTION('center_axis',(-1.21551846761441E-16,-0.121869343405041,
0.992546151641335));
#11761=DIRECTION('ref_axis',(1.01190379857939E-31,-0.992546151641335,-0.121869343405041));
#11762=DIRECTION('',(-1.04271867768915E-31,0.992546151641303,0.121869343405306));
#11763=DIRECTION('',(1.,-1.48134437544869E-17,1.20645817727965E-16));
#11764=DIRECTION('',(1.04271867768959E-31,-0.992546151641335,-0.121869343405041));
#11765=DIRECTION('center_axis',(-0.50000000000019,-2.65311565354476E-16,
0.866025403784329));
#11766=DIRECTION('ref_axis',(0.866025403784329,-1.53177703676605E-16,0.50000000000019));
#11767=DIRECTION('',(1.23259516440783E-31,-1.,-3.06355407353094E-16));
#11768=DIRECTION('center_axis',(-1.21551846761441E-16,-0.121869343405041,
0.992546151641335));
#11769=DIRECTION('ref_axis',(1.01190379857939E-31,-0.992546151641335,-0.121869343405041));
#11770=DIRECTION('',(-1.04271867768959E-31,0.992546151641335,0.121869343405041));
#11771=DIRECTION('',(1.,-1.48134437544869E-17,1.20645817727965E-16));
#11772=DIRECTION('',(-1.04271867768915E-31,0.992546151641303,0.121869343405306));
#11773=DIRECTION('center_axis',(-0.866025403784329,1.53177703676605E-16,
-0.50000000000019));
#11774=DIRECTION('ref_axis',(-0.50000000000019,-2.65311565354476E-16,0.866025403784329));
#11775=DIRECTION('',(-1.23259516440783E-31,1.,3.06355407353094E-16));
#11776=DIRECTION('center_axis',(-0.906307787036597,-1.29471389730463E-16,
0.422618261740812));
#11777=DIRECTION('ref_axis',(0.422618261740812,-2.77652291284878E-16,0.906307787036597));
#11778=DIRECTION('',(-1.23259516440783E-31,1.,3.06355407353094E-16));
#11779=DIRECTION('center_axis',(-0.866025403784329,1.53177703676605E-16,
-0.50000000000019));
#11780=DIRECTION('ref_axis',(-0.50000000000019,-2.65311565354476E-16,0.866025403784329));
#11781=DIRECTION('',(1.23259516440783E-31,-1.,-3.06355407353094E-16));
#11782=DIRECTION('center_axis',(-0.496273075820868,-0.121869343404968,0.859570181749772));
#11783=DIRECTION('ref_axis',(0.866025403784325,-1.462388097727E-16,0.500000000000198));
#11784=DIRECTION('',(0.866025403784324,-1.53177703676608E-16,0.500000000000198));
#11785=DIRECTION('',(-0.0609346717026723,0.992546151641303,0.105541947331505));
#11786=DIRECTION('',(-0.060934671702508,0.992546151641344,0.105541947331218));
#11787=DIRECTION('center_axis',(-0.50000000000019,-2.65311565354476E-16,
0.866025403784329));
#11788=DIRECTION('ref_axis',(0.866025403784329,-1.53177703676605E-16,0.50000000000019));
#11789=DIRECTION('',(-1.23259516440783E-31,1.,3.06355407353094E-16));
#11790=DIRECTION('center_axis',(-1.,-8.57417995391489E-32,-1.224646799147E-16));
#11791=DIRECTION('ref_axis',(-1.224646799147E-16,-3.06355407353094E-16,
1.));
#11792=DIRECTION('',(1.23259516440783E-31,-1.,-3.06355407353094E-16));
#11793=DIRECTION('center_axis',(0.422618261740812,-2.77652291284878E-16,
0.906307787036597));
#11794=DIRECTION('ref_axis',(0.906307787036597,1.29471389730463E-16,-0.422618261740812));
#11795=DIRECTION('',(-1.23259516440783E-31,1.,3.06355407353094E-16));
#11796=DIRECTION('center_axis',(-0.50000000000019,-2.65311565354476E-16,
0.866025403784329));
#11797=DIRECTION('ref_axis',(0.866025403784329,-1.53177703676605E-16,0.50000000000019));
#11798=DIRECTION('',(-1.23259516440783E-31,1.,3.06355407353094E-16));
#11799=DIRECTION('center_axis',(-0.866025403784329,1.53177703676605E-16,
-0.50000000000019));
#11800=DIRECTION('ref_axis',(-0.50000000000019,-2.65311565354476E-16,0.866025403784329));
#11801=DIRECTION('',(-1.23259516440783E-31,1.,3.06355407353094E-16));
#11802=DIRECTION('center_axis',(-1.21551846761441E-16,-0.121869343405041,
0.992546151641335));
#11803=DIRECTION('ref_axis',(1.01190379857939E-31,-0.992546151641335,-0.121869343405041));
#11804=DIRECTION('',(-1.04271867768915E-31,0.992546151641303,0.121869343405306));
#11805=DIRECTION('',(1.,-1.48134437544869E-17,1.20645817727965E-16));
#11806=DIRECTION('',(1.04271867768959E-31,-0.992546151641335,-0.121869343405041));
#11807=DIRECTION('center_axis',(-1.224646799147E-16,-3.06355407353094E-16,
1.));
#11808=DIRECTION('ref_axis',(1.,8.57417995391489E-32,1.224646799147E-16));
#11809=DIRECTION('',(-1.23259516440783E-31,1.,3.06355407353094E-16));
#11810=DIRECTION('center_axis',(-0.906307787036597,-1.29471389730463E-16,
0.422618261740812));
#11811=DIRECTION('ref_axis',(0.422618261740812,-2.77652291284878E-16,0.906307787036597));
#11812=DIRECTION('',(-1.23259516440783E-31,1.,3.06355407353094E-16));
#11813=DIRECTION('center_axis',(-1.21551846761441E-16,-0.121869343405041,
0.992546151641335));
#11814=DIRECTION('ref_axis',(1.01190379857939E-31,-0.992546151641335,-0.121869343405041));
#11815=DIRECTION('',(1.04271867768934E-31,-0.992546151641316,-0.121869343405193));
#11816=DIRECTION('',(1.,-1.48134437544869E-17,1.20645817727965E-16));
#11817=DIRECTION('',(1.04271867768959E-31,-0.992546151641335,-0.121869343405041));
#11818=DIRECTION('center_axis',(-0.866025403784329,1.53177703676605E-16,
-0.50000000000019));
#11819=DIRECTION('ref_axis',(-0.50000000000019,-2.65311565354476E-16,0.866025403784329));
#11820=DIRECTION('',(1.23259516440783E-31,-1.,-3.06355407353094E-16));
#11821=DIRECTION('center_axis',(-1.21551846761441E-16,-0.121869343405041,
0.992546151641335));
#11822=DIRECTION('ref_axis',(1.01190379857939E-31,-0.992546151641335,-0.121869343405041));
#11823=DIRECTION('',(1.,-1.48134437544869E-17,1.20645817727965E-16));
#11824=DIRECTION('',(1.04271867768934E-31,-0.992546151641317,-0.121869343405191));
#11825=DIRECTION('',(-1.04271867768959E-31,0.992546151641335,0.121869343405041));
#11826=DIRECTION('center_axis',(-0.50000000000019,-2.65311565354476E-16,
0.866025403784329));
#11827=DIRECTION('ref_axis',(0.866025403784329,-1.53177703676605E-16,0.50000000000019));
#11828=DIRECTION('',(1.23259516440783E-31,-1.,-3.06355407353094E-16));
#11829=DIRECTION('center_axis',(-1.,-8.57417995391489E-32,-1.224646799147E-16));
#11830=DIRECTION('ref_axis',(-1.224646799147E-16,-3.06355407353094E-16,
1.));
#11831=DIRECTION('',(1.23259516440783E-31,-1.,-3.06355407353094E-16));
#11832=DIRECTION('center_axis',(0.422618261740812,-2.77652291284878E-16,
0.906307787036597));
#11833=DIRECTION('ref_axis',(0.906307787036597,1.29471389730463E-16,-0.422618261740812));
#11834=DIRECTION('',(1.23259516440783E-31,-1.,-3.06355407353094E-16));
#11835=DIRECTION('center_axis',(-0.50000000000019,-2.65311565354476E-16,
0.866025403784329));
#11836=DIRECTION('ref_axis',(0.866025403784329,-1.53177703676605E-16,0.50000000000019));
#11837=DIRECTION('',(1.23259516440783E-31,-1.,-3.06355407353094E-16));
#11838=DIRECTION('center_axis',(-0.496273075820868,-0.121869343404968,0.859570181749772));
#11839=DIRECTION('ref_axis',(0.866025403784325,-1.462388097727E-16,0.500000000000198));
#11840=DIRECTION('',(0.866025403784324,-1.53177703676608E-16,0.500000000000198));
#11841=DIRECTION('',(-0.0326373955779469,0.992017380915279,0.121804418523625));
#11842=DIRECTION('',(-0.060934671702508,0.992546151641344,0.105541947331218));
#11843=DIRECTION('center_axis',(-0.866025403784329,1.53177703676605E-16,
-0.50000000000019));
#11844=DIRECTION('ref_axis',(-0.50000000000019,-2.65311565354476E-16,0.866025403784329));
#11845=DIRECTION('',(-1.23259516440783E-31,1.,3.06355407353094E-16));
#11846=DIRECTION('center_axis',(-1.224646799147E-16,-3.06355407353094E-16,
1.));
#11847=DIRECTION('ref_axis',(1.,8.57417995391489E-32,1.224646799147E-16));
#11848=DIRECTION('',(1.23259516440783E-31,-1.,-3.06355407353094E-16));
#11849=DIRECTION('center_axis',(-1.,-8.57417995391489E-32,-1.224646799147E-16));
#11850=DIRECTION('ref_axis',(-1.224646799147E-16,-3.06355407353094E-16,
1.));
#11851=DIRECTION('',(1.23259516440783E-31,-1.,-3.06355407353094E-16));
#11852=DIRECTION('center_axis',(-1.21551846761441E-16,-0.121869343405041,
0.992546151641335));
#11853=DIRECTION('ref_axis',(1.01190379857939E-31,-0.992546151641335,-0.121869343405041));
#11854=DIRECTION('',(1.,-1.48134437544869E-17,1.20645817727965E-16));
#11855=DIRECTION('',(1.04271867768934E-31,-0.992546151641317,-0.121869343405191));
#11856=DIRECTION('center_axis',(-0.50000000000019,-2.65311565354476E-16,
0.866025403784329));
#11857=DIRECTION('ref_axis',(0.866025403784329,-1.53177703676605E-16,0.50000000000019));
#11858=DIRECTION('',(-1.23259516440783E-31,1.,3.06355407353094E-16));
#11859=DIRECTION('center_axis',(-1.21551846761441E-16,-0.121869343405041,
0.992546151641335));
#11860=DIRECTION('ref_axis',(1.01190379857939E-31,-0.992546151641335,-0.121869343405041));
#11861=DIRECTION('',(1.,-1.48134437544869E-17,1.20645817727965E-16));
#11862=DIRECTION('',(1.04271867768959E-31,-0.992546151641335,-0.121869343405041));
#11863=DIRECTION('',(1.04271867768934E-31,-0.992546151641317,-0.121869343405191));
#11864=DIRECTION('center_axis',(-1.,-8.57417995391489E-32,-1.224646799147E-16));
#11865=DIRECTION('ref_axis',(-1.224646799147E-16,-3.06355407353094E-16,
1.));
#11866=DIRECTION('',(1.23259516440783E-31,-1.,-3.06355407353094E-16));
#11867=DIRECTION('center_axis',(-1.,-8.57417995391489E-32,-1.224646799147E-16));
#11868=DIRECTION('ref_axis',(-1.224646799147E-16,-3.06355407353094E-16,
1.));
#11869=DIRECTION('',(-1.23259516440783E-31,1.,3.06355407353094E-16));
#11870=DIRECTION('center_axis',(-1.21551846761441E-16,-0.121869343405041,
0.992546151641335));
#11871=DIRECTION('ref_axis',(1.01190379857939E-31,-0.992546151641335,-0.121869343405041));
#11872=DIRECTION('',(-1.04271867768915E-31,0.992546151641303,0.121869343405306));
#11873=DIRECTION('',(1.,-1.48134437544869E-17,1.20645817727965E-16));
#11874=DIRECTION('',(1.04271867768959E-31,-0.992546151641335,-0.121869343405041));
#11875=DIRECTION('center_axis',(-1.224646799147E-16,-3.06355407353094E-16,
1.));
#11876=DIRECTION('ref_axis',(1.,8.57417995391489E-32,1.224646799147E-16));
#11877=DIRECTION('',(-1.23259516440783E-31,1.,3.06355407353094E-16));
#11878=DIRECTION('center_axis',(-1.21551846761441E-16,-0.121869343405041,
0.992546151641335));
#11879=DIRECTION('ref_axis',(1.01190379857939E-31,-0.992546151641335,-0.121869343405041));
#11880=DIRECTION('',(-1.04271867768959E-31,0.992546151641335,0.121869343405041));
#11881=DIRECTION('',(1.,-1.48134437544869E-17,1.20645817727965E-16));
#11882=DIRECTION('',(-1.04271867768915E-31,0.992546151641303,0.121869343405306));
#11883=DIRECTION('center_axis',(-0.866025403784329,1.53177703676605E-16,
-0.50000000000019));
#11884=DIRECTION('ref_axis',(-0.50000000000019,-2.65311565354476E-16,0.866025403784329));
#11885=DIRECTION('',(-1.23259516440783E-31,1.,3.06355407353094E-16));
#11886=DIRECTION('center_axis',(-1.224646799147E-16,-3.06355407353094E-16,
1.));
#11887=DIRECTION('ref_axis',(1.,8.57417995391489E-32,1.224646799147E-16));
#11888=DIRECTION('',(-1.23259516440783E-31,1.,3.06355407353094E-16));
#11889=DIRECTION('center_axis',(-1.224646799147E-16,-3.06355407353094E-16,
1.));
#11890=DIRECTION('ref_axis',(1.,8.57417995391489E-32,1.224646799147E-16));
#11891=DIRECTION('',(-1.23259516440783E-31,1.,3.06355407353094E-16));
#11892=DIRECTION('center_axis',(-1.,-8.57417995391489E-32,-1.224646799147E-16));
#11893=DIRECTION('ref_axis',(-1.224646799147E-16,-3.06355407353094E-16,
1.));
#11894=DIRECTION('',(1.23259516440783E-31,-1.,-3.06355407353094E-16));
#11895=DIRECTION('center_axis',(-0.50000000000019,-2.65311565354476E-16,
0.866025403784329));
#11896=DIRECTION('ref_axis',(0.866025403784329,-1.53177703676605E-16,0.50000000000019));
#11897=DIRECTION('',(-1.23259516440783E-31,1.,3.06355407353094E-16));
#11898=DIRECTION('center_axis',(-1.,-8.57417995391489E-32,-1.224646799147E-16));
#11899=DIRECTION('ref_axis',(-1.224646799147E-16,-3.06355407353094E-16,
1.));
#11900=DIRECTION('',(1.23259516440783E-31,-1.,-3.06355407353094E-16));
#11901=DIRECTION('center_axis',(-1.,-8.57417995391489E-32,-1.224646799147E-16));
#11902=DIRECTION('ref_axis',(-1.224646799147E-16,-3.06355407353094E-16,
1.));
#11903=DIRECTION('',(-1.23259516440783E-31,1.,3.06355407353094E-16));
#11904=DIRECTION('center_axis',(-1.224646799147E-16,-3.06355407353094E-16,
1.));
#11905=DIRECTION('ref_axis',(1.,8.57417995391489E-32,1.224646799147E-16));
#11906=DIRECTION('',(1.23259516440783E-31,-1.,-3.06355407353094E-16));
#11907=DIRECTION('center_axis',(-1.21551846761441E-16,-0.121869343405041,
0.992546151641335));
#11908=DIRECTION('ref_axis',(1.01190379857939E-31,-0.992546151641335,-0.121869343405041));
#11909=DIRECTION('',(-1.04271867768959E-31,0.992546151641335,0.121869343405041));
#11910=DIRECTION('',(1.,-1.48134437544869E-17,1.20645817727965E-16));
#11911=DIRECTION('center_axis',(-1.224646799147E-16,-3.06355407353094E-16,
1.));
#11912=DIRECTION('ref_axis',(1.,8.57417995391489E-32,1.224646799147E-16));
#11913=DIRECTION('',(1.23259516440783E-31,-1.,-3.06355407353094E-16));
#11914=DIRECTION('center_axis',(-1.21551846761441E-16,-0.121869343405041,
0.992546151641335));
#11915=DIRECTION('ref_axis',(1.01190379857939E-31,-0.992546151641335,-0.121869343405041));
#11916=DIRECTION('',(-1.04271867768915E-31,0.992546151641303,0.121869343405306));
#11917=DIRECTION('',(1.,-1.48134437544869E-17,1.20645817727965E-16));
#11918=DIRECTION('',(1.04271867768959E-31,-0.992546151641335,-0.121869343405041));
#11919=DIRECTION('center_axis',(-1.224646799147E-16,-3.06355407353094E-16,
1.));
#11920=DIRECTION('ref_axis',(1.,8.57417995391489E-32,1.224646799147E-16));
#11921=DIRECTION('',(1.23259516440783E-31,-1.,-3.06355407353094E-16));
#11922=DIRECTION('center_axis',(-1.224646799147E-16,-3.06355407353094E-16,
1.));
#11923=DIRECTION('ref_axis',(1.,8.57417995391489E-32,1.224646799147E-16));
#11924=DIRECTION('',(1.23259516440783E-31,-1.,-3.06355407353094E-16));
#11925=DIRECTION('center_axis',(-1.23259516440783E-31,1.,3.06355407353094E-16));
#11926=DIRECTION('ref_axis',(1.,1.23259516440783E-31,-1.48264447995418E-31));
#11927=DIRECTION('',(-1.48264447995418E-31,3.06355407353094E-16,-1.));
#11928=DIRECTION('',(1.,1.23259516440783E-31,-1.48264447995418E-31));
#11929=DIRECTION('',(1.48264447995418E-31,-3.06355407353094E-16,1.));
#11930=DIRECTION('center_axis',(-1.23259516440783E-31,1.,3.06355407353094E-16));
#11931=DIRECTION('ref_axis',(1.,1.23259516440783E-31,-1.48264447995418E-31));
#11932=DIRECTION('',(1.,1.23259516440783E-31,-1.48264447995418E-31));
#11933=DIRECTION('',(-1.48264447995418E-31,3.06355407353094E-16,-1.));
#11934=DIRECTION('',(1.48264447995418E-31,-3.06355407353094E-16,1.));
#11935=DIRECTION('center_axis',(-1.21551846761441E-16,-0.121869343405041,
0.992546151641335));
#11936=DIRECTION('ref_axis',(1.01190379857939E-31,-0.992546151641335,-0.121869343405041));
#11937=DIRECTION('',(1.,-1.48134437544869E-17,1.20645817727965E-16));
#11938=DIRECTION('',(1.04271867768959E-31,-0.992546151641335,-0.121869343405041));
#11939=DIRECTION('',(1.04271867768934E-31,-0.992546151641316,-0.121869343405193));
#11940=DIRECTION('center_axis',(-1.,-8.57417995391489E-32,-1.224646799147E-16));
#11941=DIRECTION('ref_axis',(-1.224646799147E-16,-3.06355407353094E-16,
1.));
#11942=DIRECTION('',(1.23259516440783E-31,-1.,-3.06355407353094E-16));
#11943=DIRECTION('center_axis',(-1.21551846761441E-16,-0.121869343405041,
0.992546151641335));
#11944=DIRECTION('ref_axis',(1.01190379857939E-31,-0.992546151641335,-0.121869343405041));
#11945=DIRECTION('',(1.,-1.48134437544869E-17,1.20645817727965E-16));
#11946=DIRECTION('',(1.04271867768934E-31,-0.992546151641317,-0.121869343405191));
#11947=DIRECTION('',(-1.04271867768959E-31,0.992546151641335,0.121869343405041));
#11948=DIRECTION('center_axis',(-1.,-8.57417995391489E-32,-1.224646799147E-16));
#11949=DIRECTION('ref_axis',(-1.224646799147E-16,-3.06355407353094E-16,
1.));
#11950=DIRECTION('',(-1.23259516440783E-31,1.,3.06355407353094E-16));
#11951=DIRECTION('center_axis',(-1.,-8.57417995391489E-32,-1.224646799147E-16));
#11952=DIRECTION('ref_axis',(-1.224646799147E-16,-3.06355407353094E-16,
1.));
#11953=DIRECTION('',(1.23259516440783E-31,-1.,-3.06355407353094E-16));
#11954=DIRECTION('center_axis',(-1.,-8.57417995391489E-32,-1.224646799147E-16));
#11955=DIRECTION('ref_axis',(-1.224646799147E-16,-3.06355407353094E-16,
1.));
#11956=DIRECTION('',(-1.23259516440783E-31,1.,3.06355407353094E-16));
#11957=DIRECTION('center_axis',(1.,1.23259516440783E-31,-1.48264447995418E-31));
#11958=DIRECTION('ref_axis',(1.23259516440783E-31,-1.,-3.06355407353094E-16));
#11959=DIRECTION('',(1.48264447995418E-31,-3.06355407353094E-16,1.));
#11960=DIRECTION('',(-1.23259516440783E-31,1.,3.06355407353094E-16));
#11961=DIRECTION('center_axis',(1.,1.23259516440783E-31,-1.48264447995418E-31));
#11962=DIRECTION('ref_axis',(1.23259516440783E-31,-1.,-3.06355407353094E-16));
#11963=DIRECTION('',(1.23259516440783E-31,-1.,-3.06355407353094E-16));
#11964=DIRECTION('',(-1.48264447995418E-31,3.06355407353094E-16,-1.));
#11965=DIRECTION('',(-1.48264447995418E-31,3.06355407353094E-16,-1.));
#11966=DIRECTION('center_axis',(-1.48264447995418E-31,3.06355407353094E-16,
-1.));
#11967=DIRECTION('ref_axis',(-1.23259516440783E-31,1.,3.06355407353094E-16));
#11968=DIRECTION('',(1.,1.23259516440783E-31,-1.48264447995418E-31));
#11969=DIRECTION('',(1.,1.23259516440783E-31,-1.48264447995418E-31));
#11970=DIRECTION('',(1.23259516440783E-31,-1.,-3.06355407353094E-16));
#11971=DIRECTION('',(-1.23259516440783E-31,1.,3.06355407353094E-16));
#11972=DIRECTION('center_axis',(-1.224646799147E-16,-3.06355407353094E-16,
1.));
#11973=DIRECTION('ref_axis',(1.,8.57417995391489E-32,1.224646799147E-16));
#11974=DIRECTION('',(-1.23259516440783E-31,1.,3.06355407353094E-16));
#11975=DIRECTION('center_axis',(-1.224646799147E-16,-3.06355407353094E-16,
1.));
#11976=DIRECTION('ref_axis',(1.,8.57417995391489E-32,1.224646799147E-16));
#11977=DIRECTION('center_axis',(-1.224646799147E-16,-3.06355407353094E-16,
1.));
#11978=DIRECTION('ref_axis',(1.,8.57417995391489E-32,1.224646799147E-16));
#11979=DIRECTION('',(-1.23259516440783E-31,1.,3.06355407353094E-16));
#11980=DIRECTION('center_axis',(-1.224646799147E-16,-3.06355407353094E-16,
1.));
#11981=DIRECTION('ref_axis',(1.,8.57417995391489E-32,1.224646799147E-16));
#11982=DIRECTION('',(-1.23259516440783E-31,1.,3.06355407353094E-16));
#11983=DIRECTION('center_axis',(-1.23259516440783E-31,1.,3.06355407353094E-16));
#11984=DIRECTION('ref_axis',(1.,1.23259516440783E-31,-1.48264447995418E-31));
#11985=DIRECTION('center_axis',(-1.23259516440783E-31,1.,3.06355407353094E-16));
#11986=DIRECTION('ref_axis',(1.,1.23259516440783E-31,-1.48264447995418E-31));
#11987=DIRECTION('center_axis',(-1.23259516440783E-31,1.,3.06355407353094E-16));
#11988=DIRECTION('ref_axis',(1.,1.23259516440783E-31,-1.48264447995418E-31));
#11989=DIRECTION('center_axis',(0.707664341808982,-0.0333530046456989,-0.705761118518982));
#11990=DIRECTION('ref_axis',(-0.706153998757875,2.20386930218737E-16,-0.708058281526502));
#11991=DIRECTION('',(0.122636667205565,0.989521673915471,0.0762043614777722));
#11992=DIRECTION('',(-0.033353051841514,0.99619470132421,-0.0805213697500611));
#11993=DIRECTION('',(-0.705761116288625,-0.0805213892989491,-0.703859043133212));
#11994=DIRECTION('',(0.0333530518408135,-0.996194701324229,0.0805213697501164));
#11995=DIRECTION('',(0.705761116288623,0.0805213892990173,0.703859043133207));
#11996=DIRECTION('center_axis',(-1.,-8.57417995391489E-32,-1.224646799147E-16));
#11997=DIRECTION('ref_axis',(-1.224646799147E-16,-3.06355407353094E-16,
1.));
#11998=DIRECTION('',(1.23259516440783E-31,-1.,-3.06355407353094E-16));
#11999=DIRECTION('center_axis',(-1.21551846761441E-16,-0.121869343405041,
0.992546151641335));
#12000=DIRECTION('ref_axis',(1.01190379857939E-31,-0.992546151641335,-0.121869343405041));
#12001=DIRECTION('',(1.,-1.48134437544869E-17,1.20645817727965E-16));
#12002=DIRECTION('',(1.04271867768934E-31,-0.992546151641317,-0.121869343405191));
#12003=DIRECTION('center_axis',(-1.21551846761441E-16,-0.121869343405041,
0.992546151641335));
#12004=DIRECTION('ref_axis',(1.01190379857939E-31,-0.992546151641335,-0.121869343405041));
#12005=DIRECTION('',(1.,-1.48134437544869E-17,1.20645817727965E-16));
#12006=DIRECTION('',(1.04271867768973E-31,-0.992546151641346,-0.121869343404955));
#12007=DIRECTION('',(1.04271867768934E-31,-0.992546151641317,-0.121869343405191));
#12008=DIRECTION('center_axis',(-1.,-8.57417995391489E-32,-1.224646799147E-16));
#12009=DIRECTION('ref_axis',(-1.224646799147E-16,-3.06355407353094E-16,
1.));
#12010=DIRECTION('',(1.23259516440783E-31,-1.,-3.06355407353094E-16));
#12011=DIRECTION('center_axis',(-1.,-8.57417995391489E-32,-1.224646799147E-16));
#12012=DIRECTION('ref_axis',(-1.224646799147E-16,-3.06355407353094E-16,
1.));
#12013=DIRECTION('',(-1.23259516440783E-31,1.,3.06355407353094E-16));
#12014=DIRECTION('center_axis',(1.,1.23259516440783E-31,-1.48264447995418E-31));
#12015=DIRECTION('ref_axis',(1.23259516440783E-31,-1.,-3.06355407353094E-16));
#12016=DIRECTION('',(-1.48264447995418E-31,3.06355407353094E-16,-1.));
#12017=DIRECTION('center_axis',(1.,1.23259516440783E-31,-1.48264447995418E-31));
#12018=DIRECTION('ref_axis',(1.23259516440783E-31,-1.,-3.06355407353094E-16));
#12019=DIRECTION('',(1.48264447995418E-31,-3.06355407353094E-16,1.));
#12020=DIRECTION('',(-1.48264447995418E-31,3.06355407353094E-16,-1.));
#12021=DIRECTION('center_axis',(0.00134578367109639,-0.0805213561617331,
-0.996751975201547));
#12022=DIRECTION('ref_axis',(1.3552527155934E-20,0.996752877828314,-0.0805214290793026));
#12023=DIRECTION('',(0.187207555809916,0.979150921225836,-0.0788467152789072));
#12024=DIRECTION('',(-0.0333530518411051,0.996194701324244,-0.0805213697498062));
#12025=DIRECTION('',(-0.999442726122529,-0.0333530846456364,0.00134497040405735));
#12026=DIRECTION('',(0.999442726122515,0.0333530846460564,-0.00134497040409175));
#12027=DIRECTION('center_axis',(0.99944272612252,0.033353084645914,-0.00134497040408134));
#12028=DIRECTION('ref_axis',(0.0333531148129092,-0.999443630092401,-3.06191736686991E-16));
#12029=DIRECTION('',(0.0333530518413316,-0.996194701324255,0.0805213697495801));
#12030=DIRECTION('',(-0.00134578367111937,0.0805213561624375,0.99675197520149));
#12031=DIRECTION('center_axis',(1.,1.23259516440783E-31,-1.48264447995418E-31));
#12032=DIRECTION('ref_axis',(1.23259516440783E-31,-1.,-3.06355407353094E-16));
#12033=DIRECTION('',(-1.48264447995418E-31,3.06355407353094E-16,-1.));
#12034=DIRECTION('',(-1.23259516440783E-31,1.,3.06355407353094E-16));
#12035=DIRECTION('center_axis',(0.707106781186548,-0.707106781186548,-2.1662598599254E-16));
#12036=DIRECTION('ref_axis',(-0.707106781186548,-0.707106781186548,-2.1662598599254E-16));
#12037=DIRECTION('',(0.707106781187445,0.70710678118565,2.16625985992265E-16));
#12038=DIRECTION('center_axis',(0.707106781186548,0.707106781186548,2.1662598599254E-16));
#12039=DIRECTION('ref_axis',(0.707106781186548,-0.707106781186548,-2.1662598599254E-16));
#12040=DIRECTION('',(0.707106781186547,-0.707106781186547,-2.1662598599254E-16));
#12041=DIRECTION('',(1.48264447995418E-31,-3.06355407353094E-16,1.));
#12042=DIRECTION('',(0.707106781186547,-0.707106781186547,-2.1662598599254E-16));
#12043=DIRECTION('',(-1.48264447995418E-31,3.06355407353094E-16,-1.));
#12044=DIRECTION('center_axis',(1.,1.23259516440783E-31,-1.48264447995418E-31));
#12045=DIRECTION('ref_axis',(1.23259516440783E-31,-1.,-3.06355407353094E-16));
#12046=DIRECTION('',(1.23259516440783E-31,-1.,-3.06355407353094E-16));
#12047=DIRECTION('',(1.23259516440783E-31,-1.,-3.06355407353094E-16));
#12048=DIRECTION('center_axis',(-1.21551846761441E-16,-0.121869343405041,
0.992546151641335));
#12049=DIRECTION('ref_axis',(1.01190379857939E-31,-0.992546151641335,-0.121869343405041));
#12050=DIRECTION('',(-1.04271867768915E-31,0.992546151641303,0.121869343405306));
#12051=DIRECTION('',(1.,-1.48134437544869E-17,1.20645817727965E-16));
#12052=DIRECTION('',(1.04271867768959E-31,-0.992546151641335,-0.121869343405041));
#12053=DIRECTION('center_axis',(-1.224646799147E-16,-3.06355407353094E-16,
1.));
#12054=DIRECTION('ref_axis',(1.,8.57417995391489E-32,1.224646799147E-16));
#12055=DIRECTION('',(1.23259516440783E-31,-1.,-3.06355407353094E-16));
#12056=DIRECTION('center_axis',(-1.21551846761441E-16,-0.121869343405041,
0.992546151641335));
#12057=DIRECTION('ref_axis',(1.01190379857939E-31,-0.992546151641335,-0.121869343405041));
#12058=DIRECTION('',(-1.04271867768959E-31,0.992546151641335,0.121869343405041));
#12059=DIRECTION('',(1.,-1.48134437544869E-17,1.20645817727965E-16));
#12060=DIRECTION('',(-1.04271867768915E-31,0.992546151641303,0.121869343405306));
#12061=DIRECTION('center_axis',(-1.224646799147E-16,-3.06355407353094E-16,
1.));
#12062=DIRECTION('ref_axis',(1.,8.57417995391489E-32,1.224646799147E-16));
#12063=DIRECTION('',(1.23259516440783E-31,-1.,-3.06355407353094E-16));
#12064=DIRECTION('center_axis',(-1.224646799147E-16,-3.06355407353094E-16,
1.));
#12065=DIRECTION('ref_axis',(1.,8.57417995391489E-32,1.224646799147E-16));
#12066=DIRECTION('',(1.23259516440783E-31,-1.,-3.06355407353094E-16));
#12067=DIRECTION('center_axis',(-1.224646799147E-16,-3.06355407353094E-16,
1.));
#12068=DIRECTION('ref_axis',(1.,8.57417995391489E-32,1.224646799147E-16));
#12069=DIRECTION('',(1.23259516440783E-31,-1.,-3.06355407353094E-16));
#12070=DIRECTION('center_axis',(-0.707106781186548,2.1662598599254E-16,
-0.707106781186548));
#12071=DIRECTION('ref_axis',(-0.707106781186548,-2.1662598599254E-16,0.707106781186548));
#12072=DIRECTION('center_axis',(-0.342020143325932,0.939692620785813,2.87879915627534E-16));
#12073=DIRECTION('ref_axis',(0.939692620785813,0.342020143325932,1.04779720331579E-16));
#12074=DIRECTION('',(-0.342020143338491,0.939692620781242,2.87879915626134E-16));
#12075=DIRECTION('center_axis',(-4.19978776163514E-14,1.,-1.07945441167104E-11));
#12076=DIRECTION('ref_axis',(0.99999999999996,4.19948309502161E-14,-2.82241297156666E-7));
#12077=DIRECTION('center_axis',(-0.342020143325932,0.939692620785813,2.87879915627534E-16));
#12078=DIRECTION('ref_axis',(0.939692620785813,0.342020143325932,1.04779720331579E-16));
#12079=DIRECTION('center_axis',(0.173648177669591,-0.984807753011739,5.23771765840133E-13));
#12080=DIRECTION('ref_axis',(0.984807753011739,0.173648177669591,-1.74776397253495E-14));
#12081=DIRECTION('',(-0.342020143324725,0.939692620786252,2.87879915627669E-16));
#12082=DIRECTION('',(-0.342020143325932,0.939692620785813,2.87879915627534E-16));
#12083=DIRECTION('center_axis',(-0.705761116288919,-0.0805213892989405,
-0.703859043132919));
#12084=DIRECTION('ref_axis',(-0.706152002688133,-2.1691809312721E-16,0.708060272222315));
#12085=DIRECTION('',(0.123055123632642,0.964484454824321,-0.233724566423789));
#12086=DIRECTION('',(-0.033353051840813,0.996194701324228,-0.0805213697501216));
#12087=DIRECTION('',(-0.707664341808674,0.0333530046453085,0.705761118519309));
#12088=DIRECTION('',(0.707664341808692,-0.0333530046458541,-0.705761118519265));
#12089=DIRECTION('center_axis',(0.705761116288919,0.0805213892989405,0.703859043132919));
#12090=DIRECTION('ref_axis',(0.706152002688133,2.1691809312721E-16,-0.708060272222315));
#12091=DIRECTION('',(-0.707664341810388,0.0333530046455055,0.705761118517581));
#12092=DIRECTION('',(0.0333530518413169,-0.996194701324216,0.0805213697500614));
#12093=DIRECTION('center_axis',(0.0333530518408376,-0.996194701324228,0.0805213697501181));
#12094=DIRECTION('ref_axis',(-4.3368086899434E-19,-0.080566194186825,-0.996749260523554));
#12095=DIRECTION('',(-0.70766434180632,0.0333530046458741,0.705761118521642));
#12096=DIRECTION('',(-0.00134578367036955,0.0805213561616608,0.996751975201554));
#12097=DIRECTION('',(0.705761116287698,0.0805213892992356,0.703859043134109));
#12098=DIRECTION('',(0.999442726122542,0.0333530846452468,-0.00134497040427982));
#12099=DIRECTION('',(-0.999442726122539,-0.0333530846453545,0.00134497040403436));
#12100=DIRECTION('',(-0.705761116287699,-0.0805213892992341,-0.703859043134108));
#12101=DIRECTION('',(-0.999442726122542,-0.0333530846452482,0.00134497040427982));
#12102=DIRECTION('center_axis',(-1.48264447995418E-31,3.06355407353094E-16,
-1.));
#12103=DIRECTION('ref_axis',(-1.23259516440783E-31,1.,3.06355407353094E-16));
#12104=DIRECTION('',(1.,1.23259516440783E-31,-1.48264447995418E-31));
#12105=DIRECTION('',(1.23259516440783E-31,-1.,-3.06355407353094E-16));
#12106=DIRECTION('',(-1.,-1.23259516440783E-31,1.48264447995418E-31));
#12107=DIRECTION('',(-1.23259516440783E-31,1.,3.06355407353094E-16));
#12108=DIRECTION('center_axis',(-1.48264447995418E-31,3.06355407353094E-16,
-1.));
#12109=DIRECTION('ref_axis',(-1.23259516440783E-31,1.,3.06355407353094E-16));
#12110=DIRECTION('',(1.23259516440783E-31,-1.,-3.06355407353094E-16));
#12111=DIRECTION('center_axis',(-1.23259516440783E-31,1.,3.06355407353094E-16));
#12112=DIRECTION('ref_axis',(1.,1.23259516440783E-31,-1.48264447995418E-31));
#12113=DIRECTION('',(1.,1.23259516440783E-31,-1.48264447995418E-31));
#12114=DIRECTION('',(1.48264447995418E-31,-3.06355407353094E-16,1.));
#12115=DIRECTION('center_axis',(-1.,-8.57417995391489E-32,-1.224646799147E-16));
#12116=DIRECTION('ref_axis',(-1.224646799147E-16,-3.06355407353094E-16,
1.));
#12117=DIRECTION('',(1.23259516440783E-31,-1.,-3.06355407353094E-16));
#12118=DIRECTION('center_axis',(-1.23259516440783E-31,1.,3.06355407353094E-16));
#12119=DIRECTION('ref_axis',(1.,1.23259516440783E-31,-1.48264447995418E-31));
#12120=DIRECTION('',(1.23259516440783E-31,-1.,-3.06355407353094E-16));
#12121=DIRECTION('center_axis',(-1.23259516440783E-31,1.,3.06355407353094E-16));
#12122=DIRECTION('ref_axis',(1.,1.23259516440783E-31,-1.48264447995418E-31));
#12123=DIRECTION('center_axis',(0.866025403784329,1.53177703676605E-16,
-0.50000000000019));
#12124=DIRECTION('ref_axis',(-0.50000000000019,2.65311565354476E-16,-0.866025403784329));
#12125=DIRECTION('',(0.50000000000019,-2.65311565354476E-16,0.866025403784329));
#12126=DIRECTION('',(-1.23259516440783E-31,1.,3.06355407353094E-16));
#12127=DIRECTION('',(-0.499999999999966,2.65311565354515E-16,-0.866025403784458));
#12128=DIRECTION('',(1.23259516440783E-31,-1.,-3.06355407353094E-16));
#12129=DIRECTION('center_axis',(-0.866025403784329,-1.53177703676605E-16,
0.50000000000019));
#12130=DIRECTION('ref_axis',(0.50000000000019,-2.65311565354476E-16,0.866025403784329));
#12131=DIRECTION('',(0.499999999999967,-2.65311565354515E-16,0.866025403784458));
#12132=DIRECTION('',(1.23259516440783E-31,-1.,-3.06355407353094E-16));
#12133=DIRECTION('center_axis',(-0.866025403784329,1.53177703676605E-16,
-0.50000000000019));
#12134=DIRECTION('ref_axis',(-0.50000000000019,-2.65311565354476E-16,0.866025403784329));
#12135=DIRECTION('',(-0.499999999999967,-2.65311565354515E-16,0.866025403784458));
#12136=DIRECTION('center_axis',(0.866025403784329,-1.53177703676605E-16,
0.50000000000019));
#12137=DIRECTION('ref_axis',(0.50000000000019,2.65311565354476E-16,-0.866025403784329));
#12138=DIRECTION('',(0.499999999999966,2.65311565354516E-16,-0.866025403784458));
#12139=DIRECTION('',(1.23259516440783E-31,-1.,-3.06355407353094E-16));
#12140=DIRECTION('center_axis',(-0.866025403784329,-1.53177703676605E-16,
0.50000000000019));
#12141=DIRECTION('ref_axis',(0.50000000000019,-2.65311565354476E-16,0.866025403784329));
#12142=DIRECTION('',(-1.23259516440783E-31,1.,3.06355407353094E-16));
#12143=DIRECTION('',(0.499999999999966,-2.65311565354515E-16,0.866025403784458));
#12144=DIRECTION('',(1.23259516440783E-31,-1.,-3.06355407353094E-16));
#12145=DIRECTION('center_axis',(-0.866025403784329,1.53177703676605E-16,
-0.50000000000019));
#12146=DIRECTION('ref_axis',(-0.50000000000019,-2.65311565354476E-16,0.866025403784329));
#12147=DIRECTION('',(-0.499999999999967,-2.65311565354515E-16,0.866025403784458));
#12148=DIRECTION('',(1.23259516440783E-31,-1.,-3.06355407353094E-16));
#12149=DIRECTION('',(0.50000000000019,2.65311565354476E-16,-0.866025403784329));
#12150=DIRECTION('center_axis',(-1.,-8.57417995391489E-32,-1.224646799147E-16));
#12151=DIRECTION('ref_axis',(-1.224646799147E-16,-3.06355407353094E-16,
1.));
#12152=DIRECTION('',(-1.23259516440783E-31,1.,3.06355407353094E-16));
#12153=DIRECTION('',(-1.04271867768959E-31,0.992546151641335,0.121869343405041));
#12154=DIRECTION('center_axis',(-1.,-8.57417995391489E-32,-1.224646799147E-16));
#12155=DIRECTION('ref_axis',(-1.224646799147E-16,-3.06355407353094E-16,
1.));
#12156=DIRECTION('',(1.23259516440783E-31,-1.,-3.06355407353094E-16));
#12157=DIRECTION('',(1.04271867768959E-31,-0.992546151641335,-0.121869343405041));
#12158=DIRECTION('center_axis',(-1.,-8.57417995391489E-32,-1.224646799147E-16));
#12159=DIRECTION('ref_axis',(-1.224646799147E-16,-3.06355407353094E-16,
1.));
#12160=DIRECTION('',(-1.23259516440783E-31,1.,3.06355407353094E-16));
#12161=DIRECTION('center_axis',(5.730183352904E-16,3.06355407353094E-16,
-1.));
#12162=DIRECTION('ref_axis',(-1.,5.22877490878992E-32,-5.730183352904E-16));
#12163=DIRECTION('',(1.,1.23259516440783E-31,-1.48264447995418E-31));
#12164=DIRECTION('',(-1.,-1.23259516440783E-31,1.48264447995418E-31));
#12165=DIRECTION('center_axis',(-0.69171644952133,-0.236302112101781,-0.682414584602236));
#12166=DIRECTION('ref_axis',(-0.70766434180632,0.0333530046458741,0.705761118521642));
#12167=DIRECTION('',(-0.0976721540325638,0.966880424749275,-0.235801600001571));
#12168=DIRECTION('',(0.189742303897974,-0.971219792942284,0.143979067605799));
#12169=DIRECTION('center_axis',(0.00657821871236718,-0.236302079378047,
-0.971657374963101));
#12170=DIRECTION('ref_axis',(-0.999442726122542,-0.0333530846452482,0.00134497040427982));
#12171=DIRECTION('',(0.0323596083993752,0.971219803350651,-0.235976586388908));
#12172=DIRECTION('center_axis',(0.704094369734957,-0.189721557572397,-0.68429295561173));
#12173=DIRECTION('ref_axis',(-0.705761116287699,-0.0805213892992341,-0.703859043134109));
#12174=DIRECTION('',(0.124182140505651,0.981695979613933,-0.144401522115505));
#12175=DIRECTION('',(0.260175099371058,0.965561452040863,-9.69518841555005E-13));
#12176=DIRECTION('',(-0.18720755584391,-0.979150921219383,0.0788467152783416));
#12177=DIRECTION('',(-0.705761116287757,-0.0805213892992189,-0.703859043134051));
#12178=DIRECTION('center_axis',(1.,1.23259516440783E-31,-1.48264447995418E-31));
#12179=DIRECTION('ref_axis',(1.23259516440783E-31,-1.,-3.06355407353094E-16));
#12180=DIRECTION('center_axis',(0.939692620785813,0.342020143325932,1.04779720331579E-16));
#12181=DIRECTION('ref_axis',(0.342020143325932,-0.939692620785813,-2.87879915627534E-16));
#12182=DIRECTION('center_axis',(-0.939692620785022,-0.342020143328103,-6.55742590457542E-13));
#12183=DIRECTION('ref_axis',(0.342020143328103,-0.939692620785022,2.30685588919581E-12));
#12184=DIRECTION('center_axis',(-1.23259516440783E-31,1.,3.06355407353094E-16));
#12185=DIRECTION('ref_axis',(-0.875803542928319,1.47867874311904E-16,-0.482667747207336));
#12186=DIRECTION('center_axis',(-1.23259516440783E-31,1.,3.06355407353094E-16));
#12187=DIRECTION('ref_axis',(1.,1.23259516440783E-31,-1.48264447995418E-31));
#12188=DIRECTION('',(-1.23259516440783E-31,1.,3.06355407353094E-16));
#12189=DIRECTION('center_axis',(-1.48264447995418E-31,3.06355407353094E-16,
-1.));
#12190=DIRECTION('ref_axis',(-1.23259516440783E-31,1.,3.06355407353094E-16));
#12191=DIRECTION('',(-0.342020143325932,0.939692620785813,2.87879915627534E-16));
#12192=DIRECTION('center_axis',(-0.342020143325932,0.939692620785813,2.87879915627534E-16));
#12193=DIRECTION('ref_axis',(0.939692620785813,0.342020143325932,1.04779720331579E-16));
#12194=DIRECTION('',(-0.342020143325932,0.939692620785813,2.87879915627534E-16));
#12195=DIRECTION('',(-0.342020143325932,0.939692620785813,2.87879915627534E-16));
#12196=DIRECTION('center_axis',(0.939692620785813,0.342020143325932,1.04779720331579E-16));
#12197=DIRECTION('ref_axis',(0.342020143325932,-0.939692620785813,-2.87879915627534E-16));
#12198=DIRECTION('',(-0.342020143325713,0.939692620785892,2.87879915627559E-16));
#12199=DIRECTION('center_axis',(-1.48264447995418E-31,3.06355407353094E-16,
-1.));
#12200=DIRECTION('ref_axis',(-1.23259516440783E-31,1.,3.06355407353094E-16));
#12201=DIRECTION('',(-1.23259516440783E-31,1.,3.06355407353094E-16));
#12202=DIRECTION('center_axis',(-0.707106781186548,2.1662598599254E-16,
-0.707106781186548));
#12203=DIRECTION('ref_axis',(-0.707106781186548,-2.1662598599254E-16,0.707106781186548));
#12204=DIRECTION('',(1.23259516440783E-31,-1.,-3.06355407353094E-16));
#12205=DIRECTION('center_axis',(1.,1.23259516440783E-31,-1.48264447995418E-31));
#12206=DIRECTION('ref_axis',(1.23259516440783E-31,-1.,-3.06355407353094E-16));
#12207=DIRECTION('center_axis',(1.,1.23259516440783E-31,-1.48264447995418E-31));
#12208=DIRECTION('ref_axis',(1.23259516440783E-31,-1.,-3.06355407353094E-16));
#12209=DIRECTION('',(1.48264447995418E-31,-3.06355407353094E-16,1.));
#12210=DIRECTION('center_axis',(1.,1.23259516440783E-31,-1.48264447995418E-31));
#12211=DIRECTION('ref_axis',(1.23259516440783E-31,-1.,-3.06355407353094E-16));
#12212=DIRECTION('center_axis',(-0.99944272612252,-0.033353084645914,0.00134497040408134));
#12213=DIRECTION('ref_axis',(-0.0333531148129092,0.999443630092401,3.06191736686991E-16));
#12214=DIRECTION('',(0.00134578367046678,-0.080521356161665,-0.996751975201554));
#12215=DIRECTION('',(-0.0333530518406435,0.996194701324246,-0.0805213697499683));
#12216=DIRECTION('',(-0.00134578367109567,0.0805213561617605,0.996751975201545));
#12217=DIRECTION('center_axis',(-0.00134578367109639,0.0805213561617331,
0.996751975201547));
#12218=DIRECTION('ref_axis',(-1.3552527155934E-20,-0.996752877828314,0.0805214290793026));
#12219=DIRECTION('',(0.0333530518407711,-0.996194701324232,0.0805213697500957));
#12220=DIRECTION('center_axis',(-1.48264447995418E-31,3.06355407353094E-16,
-1.));
#12221=DIRECTION('ref_axis',(-1.23259516440783E-31,1.,3.06355407353094E-16));
#12222=DIRECTION('',(-1.23259516440783E-31,1.,3.06355407353094E-16));
#12223=DIRECTION('center_axis',(0.99223650225025,-0.123846784615481,0.0113444939329901));
#12224=DIRECTION('ref_axis',(0.00134578367036675,-0.0805213561616609,-0.996751975201554));
#12225=DIRECTION('',(-0.122636667192742,-0.989521673918063,-0.076204361464755));
#12226=DIRECTION('',(0.124007048308247,0.992172151566115,-0.0147198378571987));
#12227=DIRECTION('center_axis',(0.702214862927535,-0.0772663090879493,0.707759990225209));
#12228=DIRECTION('ref_axis',(0.707664341806321,-0.033353004645874,-0.705761118521642));
#12229=DIRECTION('',(0.0319368984428511,0.996511519759167,0.0771026945386845));
#12230=DIRECTION('center_axis',(0.00392019469366159,-0.0772663418122097,
0.997002780586154));
#12231=DIRECTION('ref_axis',(0.999442726122542,0.0333530846452468,-0.00134497040427982));
#12232=DIRECTION('',(-0.0980948639890832,0.9921721411578,0.0772776809260645));
#12233=DIRECTION('center_axis',(-0.693595956328667,-0.123846863618985,0.709638361234976));
#12234=DIRECTION('ref_axis',(0.705761116287698,0.0805213892992356,0.703859043134109));
#12235=DIRECTION('',(-0.189917396095366,0.98169596489431,-0.0142973833474641));
#12236=DIRECTION('center_axis',(-0.981738088844069,-0.189721636574858,0.0140009116900412));
#12237=DIRECTION('ref_axis',(-0.00134578367036955,0.0805213561616608,0.996751975201554));
#12238=DIRECTION('center_axis',(1.,1.23259516440783E-31,-1.48264447995418E-31));
#12239=DIRECTION('ref_axis',(1.23259516440783E-31,-1.,-3.06355407353094E-16));
#12240=DIRECTION('',(-1.23259516440783E-31,1.,3.06355407353094E-16));
#12241=DIRECTION('',(-1.48264447995418E-31,3.06355407353094E-16,-1.));
#12242=DIRECTION('center_axis',(-1.23259516440783E-31,1.,3.06355407353094E-16));
#12243=DIRECTION('ref_axis',(1.,1.23259516440783E-31,-1.48264447995418E-31));
#12244=DIRECTION('',(2.22044604925E-16,-3.06355407353094E-16,1.));
#12245=DIRECTION('center_axis',(-1.,-1.91284081833138E-31,2.22044604925E-16));
#12246=DIRECTION('ref_axis',(2.22044604925E-16,-3.06355407353094E-16,1.));
#12247=DIRECTION('',(-1.48264447995418E-31,3.06355407353094E-16,-1.));
#12248=DIRECTION('center_axis',(-1.23259516440783E-31,1.,3.06355407353094E-16));
#12249=DIRECTION('ref_axis',(1.,1.23259516440783E-31,-1.48264447995418E-31));
#12250=DIRECTION('center_axis',(-1.23259516440783E-31,1.,3.06355407353094E-16));
#12251=DIRECTION('ref_axis',(1.,1.23259516440783E-31,-1.48264447995418E-31));
#12252=DIRECTION('center_axis',(-1.,-1.91284081833138E-31,2.22044604925E-16));
#12253=DIRECTION('ref_axis',(2.22044604925E-16,-3.06355407353094E-16,1.));
#12254=DIRECTION('center_axis',(1.,1.23259516440783E-31,-1.48264447995418E-31));
#12255=DIRECTION('ref_axis',(1.23259516440783E-31,-1.,-3.06355407353094E-16));
#12256=DIRECTION('center_axis',(1.23259516440783E-31,-1.,-3.06355407353094E-16));
#12257=DIRECTION('ref_axis',(-1.,-1.23259516440783E-31,1.48264447995418E-31));
#12258=DIRECTION('',(1.,7.93727000586125E-32,1.432545838226E-16));
#12259=DIRECTION('center_axis',(1.23259516440783E-31,-1.,-3.06355407353094E-16));
#12260=DIRECTION('ref_axis',(-1.,-1.23259516440783E-31,1.48264447995418E-31));
#12261=DIRECTION('',(0.50000000000019,2.65311565354476E-16,-0.866025403784329));
#12262=DIRECTION('',(-0.50000000000019,2.65311565354476E-16,-0.866025403784329));
#12263=DIRECTION('center_axis',(-1.23259516440783E-31,1.,3.06355407353094E-16));
#12264=DIRECTION('ref_axis',(1.,1.23259516440783E-31,-1.48264447995418E-31));
#12265=DIRECTION('center_axis',(-1.224646799147E-16,-3.06355407353094E-16,
1.));
#12266=DIRECTION('ref_axis',(1.,8.57417995391489E-32,1.224646799147E-16));
#12267=DIRECTION('',(-1.23259516440783E-31,1.,3.06355407353094E-16));
#12268=DIRECTION('center_axis',(1.,1.23259516440783E-31,-1.48264447995418E-31));
#12269=DIRECTION('ref_axis',(1.23259516440783E-31,-1.,-3.06355407353094E-16));
#12270=DIRECTION('',(-1.23259516440783E-31,1.,3.06355407353094E-16));
#12271=DIRECTION('',(1.48264447995418E-31,-3.06355407353094E-16,1.));
#12272=DIRECTION('',(-1.23259516440783E-31,1.,3.06355407353094E-16));
#12273=DIRECTION('center_axis',(0.98480775301219,0.173648177667033,5.31980582053064E-17));
#12274=DIRECTION('ref_axis',(0.173648177667033,-0.98480775301219,-3.01701180338535E-16));
#12275=DIRECTION('',(-0.173648177666991,0.984807753012197,3.01701180338537E-16));
#12276=DIRECTION('',(0.173648177666939,-0.984807753012206,-3.0170118033854E-16));
#12277=DIRECTION('',(0.123724030206479,-0.701673843159364,-0.701673843160363));
#12278=DIRECTION('center_axis',(1.,1.23259516440783E-31,-1.48264447995418E-31));
#12279=DIRECTION('ref_axis',(1.23259516440783E-31,-1.,-3.06355407353094E-16));
#12280=DIRECTION('',(-1.23259516440783E-31,1.,3.06355407353094E-16));
#12281=DIRECTION('',(1.23259516440783E-31,-1.,-3.06355407353094E-16));
#12282=DIRECTION('',(1.48264447995418E-31,-3.06355407353094E-16,1.));
#12283=DIRECTION('center_axis',(-1.432545838226E-16,-3.06355407353094E-16,
1.));
#12284=DIRECTION('ref_axis',(1.,7.93727000586125E-32,1.432545838226E-16));
#12285=DIRECTION('center_axis',(-1.21551846761441E-16,-0.121869343405041,
0.992546151641335));
#12286=DIRECTION('ref_axis',(1.01190379857939E-31,-0.992546151641335,-0.121869343405041));
#12287=DIRECTION('',(-1.,-8.57417995391489E-32,-1.224646799147E-16));
#12288=DIRECTION('center_axis',(1.08103239275298E-11,-0.121869343404102,
0.992546151641451));
#12289=DIRECTION('ref_axis',(1.63913334039972E-12,-0.99254615164145,-0.121869343404102));
#12290=DIRECTION('center_axis',(-1.224646799147E-16,-3.06355407353094E-16,
1.));
#12291=DIRECTION('ref_axis',(1.,8.57417995391489E-32,1.224646799147E-16));
#12292=DIRECTION('',(-1.23259516440783E-31,1.,3.06355407353094E-16));
#12293=DIRECTION('center_axis',(-1.21551846761441E-16,-0.121869343405041,
0.992546151641335));
#12294=DIRECTION('ref_axis',(1.01190379857939E-31,-0.992546151641335,-0.121869343405041));
#12295=DIRECTION('center_axis',(-9.39391031732576E-12,-0.121869343404114,
0.992546151641449));
#12296=DIRECTION('ref_axis',(5.78410532098041E-13,-0.992546151641449,-0.121869343404114));
#12297=DIRECTION('',(-1.,-8.57417995391489E-32,-1.224646799147E-16));
#12298=DIRECTION('center_axis',(-1.224646799147E-16,-3.06355407353094E-16,
1.));
#12299=DIRECTION('ref_axis',(1.,8.57417995391489E-32,1.224646799147E-16));
#12300=DIRECTION('',(1.23259516440783E-31,-1.,-3.06355407353094E-16));
#12301=DIRECTION('center_axis',(-1.224646799147E-16,-3.06355407353094E-16,
1.));
#12302=DIRECTION('ref_axis',(1.,8.57417995391489E-32,1.224646799147E-16));
#12303=DIRECTION('',(-1.23259516440783E-31,1.,3.06355407353094E-16));
#12304=DIRECTION('center_axis',(-1.23259516440783E-31,1.,3.06355407353094E-16));
#12305=DIRECTION('ref_axis',(1.,1.23259516440783E-31,-1.48264447995418E-31));
#12306=DIRECTION('center_axis',(0.866025403784329,1.53177703676605E-16,
-0.50000000000019));
#12307=DIRECTION('ref_axis',(-0.50000000000019,2.65311565354476E-16,-0.866025403784329));
#12308=DIRECTION('',(1.23259516440783E-31,-1.,-3.06355407353094E-16));
#12309=DIRECTION('center_axis',(0.866025403784329,-1.53177703676605E-16,
0.50000000000019));
#12310=DIRECTION('ref_axis',(0.50000000000019,2.65311565354476E-16,-0.866025403784329));
#12311=DIRECTION('center_axis',(-0.707664341808982,0.0333530046456989,0.705761118518982));
#12312=DIRECTION('ref_axis',(0.706153998757875,-2.20386930218737E-16,0.708058281526502));
#12313=DIRECTION('center_axis',(0.0333530518408376,-0.996194701324228,0.0805213697501181));
#12314=DIRECTION('ref_axis',(-4.3368086899434E-19,-0.080566194186825,-0.996749260523554));
#12315=DIRECTION('center_axis',(-1.48264447995418E-31,3.06355407353094E-16,
-1.));
#12316=DIRECTION('ref_axis',(-1.23259516440783E-31,1.,3.06355407353094E-16));
#12317=DIRECTION('',(0.173648177667033,-0.98480775301219,-3.01701180338535E-16));
#12318=DIRECTION('center_axis',(-1.48264447995418E-31,3.06355407353094E-16,
-1.));
#12319=DIRECTION('ref_axis',(-1.23259516440783E-31,1.,3.06355407353094E-16));
#12320=DIRECTION('',(0.173648177667033,-0.98480775301219,-3.01701180338535E-16));
#12321=DIRECTION('center_axis',(-1.23259516440783E-31,1.,3.06355407353094E-16));
#12322=DIRECTION('ref_axis',(1.,1.23259516440783E-31,-1.48264447995418E-31));
#12323=DIRECTION('',(1.,1.23259516440783E-31,-1.48264447995418E-31));
#12324=DIRECTION('',(1.48264447995418E-31,-3.06355407353094E-16,1.));
#12325=DIRECTION('',(1.48264447995418E-31,-3.06355407353094E-16,1.));
#12326=DIRECTION('',(-1.,-1.23259516440783E-31,1.48264447995418E-31));
#12327=DIRECTION('',(1.48264447995418E-31,-3.06355407353094E-16,1.));
#12328=DIRECTION('center_axis',(-1.23259516440783E-31,1.,3.06355407353094E-16));
#12329=DIRECTION('ref_axis',(1.,1.23259516440783E-31,-1.48264447995418E-31));
#12330=DIRECTION('',(-1.48264447995418E-31,3.06355407353094E-16,-1.));
#12331=DIRECTION('',(1.,1.23259516440783E-31,-1.48264447995418E-31));
#12332=DIRECTION('',(1.48264447995418E-31,-3.06355407353094E-16,1.));
#12333=DIRECTION('',(-1.,-1.23259516440783E-31,1.48264447995418E-31));
#12334=DIRECTION('',(-1.48264447995418E-31,3.06355407353094E-16,-1.));
#12335=DIRECTION('center_axis',(-1.23259516440783E-31,1.,3.06355407353094E-16));
#12336=DIRECTION('ref_axis',(1.,1.23259516440783E-31,-1.48264447995418E-31));
#12337=DIRECTION('',(1.,1.23259516440783E-31,-1.48264447995418E-31));
#12338=DIRECTION('',(1.48264447995418E-31,-3.06355407353094E-16,1.));
#12339=DIRECTION('',(1.48264447995418E-31,-3.06355407353094E-16,1.));
#12340=DIRECTION('',(-1.,-1.23259516440783E-31,1.48264447995418E-31));
#12341=DIRECTION('',(1.48264447995418E-31,-3.06355407353094E-16,1.));
#12342=DIRECTION('center_axis',(-1.23259516440783E-31,1.,3.06355407353094E-16));
#12343=DIRECTION('ref_axis',(1.,1.23259516440783E-31,-1.48264447995418E-31));
#12344=DIRECTION('',(-1.48264447995418E-31,3.06355407353094E-16,-1.));
#12345=DIRECTION('',(1.,1.23259516440783E-31,-1.48264447995418E-31));
#12346=DIRECTION('',(1.48264447995418E-31,-3.06355407353094E-16,1.));
#12347=DIRECTION('',(-1.,-1.23259516440783E-31,1.48264447995418E-31));
#12348=DIRECTION('',(-1.48264447995418E-31,3.06355407353094E-16,-1.));
#12349=DIRECTION('center_axis',(-1.21551846761441E-16,-0.121869343405041,
0.992546151641335));
#12350=DIRECTION('ref_axis',(1.01190379857939E-31,-0.992546151641335,-0.121869343405041));
#12351=DIRECTION('',(1.,-1.48134437544869E-17,1.20645817727965E-16));
#12352=DIRECTION('',(1.04271867768973E-31,-0.992546151641346,-0.121869343404955));
#12353=DIRECTION('',(1.04271867768934E-31,-0.992546151641316,-0.121869343405193));
#12354=DIRECTION('center_axis',(-1.,-8.57417995391489E-32,-1.224646799147E-16));
#12355=DIRECTION('ref_axis',(-1.224646799147E-16,-3.06355407353094E-16,
1.));
#12356=DIRECTION('',(1.23259516440783E-31,-1.,-3.06355407353094E-16));
#12357=DIRECTION('center_axis',(0.707106781186548,0.707106781186548,2.1662598599254E-16));
#12358=DIRECTION('ref_axis',(0.707106781186548,-0.707106781186548,-2.1662598599254E-16));
#12359=DIRECTION('',(0.707106781186547,-0.707106781186547,-2.1662598599254E-16));
#12360=DIRECTION('',(1.48264447995418E-31,-3.06355407353094E-16,1.));
#12361=DIRECTION('center_axis',(-1.48264447995418E-31,3.06355407353094E-16,
-1.));
#12362=DIRECTION('ref_axis',(-1.23259516440783E-31,1.,3.06355407353094E-16));
#12363=DIRECTION('',(1.,1.23259516440783E-31,-1.48264447995418E-31));
#12364=DIRECTION('',(-0.173648177667033,0.98480775301219,3.01701180338535E-16));
#12365=DIRECTION('center_axis',(-1.48264447995418E-31,3.06355407353094E-16,
-1.));
#12366=DIRECTION('ref_axis',(-1.23259516440783E-31,1.,3.06355407353094E-16));
#12367=DIRECTION('',(-1.23259516440783E-31,1.,3.06355407353094E-16));
#12368=DIRECTION('center_axis',(1.,1.23259516440783E-31,-1.48264447995418E-31));
#12369=DIRECTION('ref_axis',(1.23259516440783E-31,-1.,-3.06355407353094E-16));
#12370=DIRECTION('',(-1.23259516440783E-31,1.,3.06355407353094E-16));
#12371=DIRECTION('',(1.48264447995418E-31,-3.06355407353094E-16,1.));
#12372=DIRECTION('',(1.23259516440783E-31,-1.,-3.06355407353094E-16));
#12373=DIRECTION('',(-1.48264447995418E-31,3.06355407353094E-16,-1.));
#12374=DIRECTION('',(-1.48264447995418E-31,3.06355407353094E-16,-1.));
#12375=DIRECTION('center_axis',(1.,1.23259516440783E-31,-1.48264447995418E-31));
#12376=DIRECTION('ref_axis',(1.23259516440783E-31,-1.,-3.06355407353094E-16));
#12377=DIRECTION('',(-1.23259516440783E-31,1.,3.06355407353094E-16));
#12378=DIRECTION('',(1.48264447995418E-31,-3.06355407353094E-16,1.));
#12379=DIRECTION('',(1.48264447995418E-31,-3.06355407353094E-16,1.));
#12380=DIRECTION('',(-1.23259516440783E-31,1.,3.06355407353094E-16));
#12381=DIRECTION('',(-1.48264447995418E-31,3.06355407353094E-16,-1.));
#12382=DIRECTION('center_axis',(-1.21551846761441E-16,-0.121869343405041,
0.992546151641335));
#12383=DIRECTION('ref_axis',(1.01190379857939E-31,-0.992546151641335,-0.121869343405041));
#12384=DIRECTION('',(1.,-1.48134437544869E-17,1.20645817727965E-16));
#12385=DIRECTION('',(1.04271867768934E-31,-0.992546151641317,-0.121869343405191));
#12386=DIRECTION('',(1.04271867768973E-31,-0.992546151641346,-0.121869343404955));
#12387=DIRECTION('center_axis',(-0.866025403784329,-1.53177703676605E-16,
0.50000000000019));
#12388=DIRECTION('ref_axis',(0.50000000000019,-2.65311565354476E-16,0.866025403784329));
#12389=DIRECTION('center_axis',(0.866025403784329,-1.53177703676605E-16,
0.50000000000019));
#12390=DIRECTION('ref_axis',(0.50000000000019,2.65311565354476E-16,-0.866025403784329));
#12391=DIRECTION('',(1.23259516440783E-31,-1.,-3.06355407353094E-16));
#12392=DIRECTION('center_axis',(-0.866025403784329,-1.53177703676605E-16,
0.50000000000019));
#12393=DIRECTION('ref_axis',(0.50000000000019,-2.65311565354476E-16,0.866025403784329));
#12394=DIRECTION('',(-1.23259516440783E-31,1.,3.06355407353094E-16));
#12395=DIRECTION('',(-1.23259516440783E-31,1.,3.06355407353094E-16));
#12396=DIRECTION('center_axis',(-1.23259516440783E-31,1.,3.06355407353094E-16));
#12397=DIRECTION('ref_axis',(1.,1.23259516440783E-31,-1.48264447995418E-31));
#12398=DIRECTION('center_axis',(-1.23259516440783E-31,1.,3.06355407353094E-16));
#12399=DIRECTION('ref_axis',(1.,1.23259516440783E-31,-1.48264447995418E-31));
#12400=DIRECTION('',(-1.23259516440783E-31,1.,3.06355407353094E-16));
#12401=DIRECTION('center_axis',(0.866025403784329,-1.53177703676605E-16,
0.50000000000019));
#12402=DIRECTION('ref_axis',(0.50000000000019,2.65311565354476E-16,-0.866025403784329));
#12403=DIRECTION('center_axis',(-1.,-8.57417995391489E-32,-1.224646799147E-16));
#12404=DIRECTION('ref_axis',(-1.224646799147E-16,-3.06355407353094E-16,
1.));
#12405=DIRECTION('',(-1.23259516440783E-31,1.,3.06355407353094E-16));
#12406=DIRECTION('center_axis',(1.,1.23259516440783E-31,-1.48264447995418E-31));
#12407=DIRECTION('ref_axis',(1.23259516440783E-31,-1.,-3.06355407353094E-16));
#12408=DIRECTION('',(-1.48264447995418E-31,3.06355407353094E-16,-1.));
#12409=DIRECTION('center_axis',(0.707106781186548,-0.707106781186548,-2.1662598599254E-16));
#12410=DIRECTION('ref_axis',(-0.707106781186548,-0.707106781186548,-2.1662598599254E-16));
#12411=DIRECTION('center_axis',(0.98480775301219,0.173648177667033,5.31980582053064E-17));
#12412=DIRECTION('ref_axis',(0.173648177667033,-0.98480775301219,-3.01701180338535E-16));
#12413=DIRECTION('center_axis',(-1.23259516440783E-31,1.,3.06355407353094E-16));
#12414=DIRECTION('ref_axis',(1.,1.23259516440783E-31,-1.48264447995418E-31));
#12415=DIRECTION('center_axis',(-1.23259516440783E-31,1.,3.06355407353094E-16));
#12416=DIRECTION('ref_axis',(1.,1.23259516440783E-31,-1.48264447995418E-31));
#12417=DIRECTION('center_axis',(1.23259516440783E-31,-1.,-3.06355407353094E-16));
#12418=DIRECTION('ref_axis',(1.,1.23259516440783E-31,-1.48264447995418E-31));
#12419=DIRECTION('',(1.48264447995418E-31,-3.06355407353094E-16,1.));
#12420=DIRECTION('center_axis',(1.23259516440783E-31,-1.,-3.06355407353094E-16));
#12421=DIRECTION('ref_axis',(1.,1.23259516440783E-31,-1.48264447995418E-31));
#12422=DIRECTION('center_axis',(-1.23259516440783E-31,1.,3.06355407353094E-16));
#12423=DIRECTION('ref_axis',(1.,1.23259516440783E-31,-1.48264447995418E-31));
#12424=DIRECTION('',(-1.,-1.23259516440783E-31,1.48264447995418E-31));
#12425=DIRECTION('',(-1.,-1.23259516440783E-31,1.48264447995418E-31));
#12426=DIRECTION('',(-1.48264447995418E-31,3.06355407353094E-16,-1.));
#12427=DIRECTION('',(1.,1.23259516440783E-31,-1.48264447995418E-31));
#12428=DIRECTION('',(1.48264447995418E-31,-3.06355407353094E-16,1.));
#12429=DIRECTION('center_axis',(-1.23259516440783E-31,1.,3.06355407353094E-16));
#12430=DIRECTION('ref_axis',(1.,1.23259516440783E-31,-1.48264447995418E-31));
#12431=DIRECTION('',(-1.,-1.23259516440783E-31,1.48264447995418E-31));
#12432=DIRECTION('',(-1.,-1.23259516440783E-31,1.48264447995418E-31));
#12433=DIRECTION('',(-1.48264447995418E-31,3.06355407353094E-16,-1.));
#12434=DIRECTION('',(1.,1.23259516440783E-31,-1.48264447995418E-31));
#12435=DIRECTION('',(1.48264447995418E-31,-3.06355407353094E-16,1.));
#12436=DIRECTION('center_axis',(-1.48264447995418E-31,3.06355407353094E-16,
-1.));
#12437=DIRECTION('ref_axis',(-1.23259516440783E-31,1.,3.06355407353094E-16));
#12438=DIRECTION('',(1.,1.23259516440783E-31,-1.48264447995418E-31));
#12439=DIRECTION('',(1.23259516440783E-31,-1.,-3.06355407353094E-16));
#12440=DIRECTION('',(1.23259516440783E-31,-1.,-3.06355407353094E-16));
#12441=DIRECTION('center_axis',(-1.23259516440783E-31,1.,3.06355407353094E-16));
#12442=DIRECTION('ref_axis',(1.,1.23259516440783E-31,-1.48264447995418E-31));
#12443=DIRECTION('',(1.48264447995418E-31,-3.06355407353094E-16,1.));
#12444=DIRECTION('center_axis',(1.,1.23259516440783E-31,-1.48264447995418E-31));
#12445=DIRECTION('ref_axis',(1.23259516440783E-31,-1.,-3.06355407353094E-16));
#12446=DIRECTION('center_axis',(1.,1.23259516440783E-31,-1.48264447995418E-31));
#12447=DIRECTION('ref_axis',(1.23259516440783E-31,-1.,-3.06355407353094E-16));
#12448=DIRECTION('',(-1.48264447995418E-31,3.06355407353094E-16,-1.));
#12449=DIRECTION('',(1.23259516440783E-31,-1.,-3.06355407353094E-16));
#12450=DIRECTION('center_axis',(-1.23259516440783E-31,1.,3.06355407353094E-16));
#12451=DIRECTION('ref_axis',(1.,1.23259516440783E-31,-1.48264447995418E-31));
#12452=DIRECTION('',(1.,1.23259516440783E-31,-1.48264447995418E-31));
#12453=DIRECTION('center_axis',(-1.23259516440783E-31,1.,3.06355407353094E-16));
#12454=DIRECTION('ref_axis',(1.,1.23259516440783E-31,-1.48264447995418E-31));
#12455=DIRECTION('',(1.48264447995418E-31,-3.06355407353094E-16,1.));
#12456=DIRECTION('',(-1.,-1.23259516440783E-31,1.48264447995418E-31));
#12457=DIRECTION('center_axis',(1.,1.23259516440783E-31,-1.48264447995418E-31));
#12458=DIRECTION('ref_axis',(1.23259516440783E-31,-1.,-3.06355407353094E-16));
#12459=DIRECTION('',(-1.23259516440783E-31,1.,3.06355407353094E-16));
#12460=DIRECTION('center_axis',(1.,1.23259516440783E-31,-1.48264447995418E-31));
#12461=DIRECTION('ref_axis',(1.23259516440783E-31,-1.,-3.06355407353094E-16));
#12462=DIRECTION('',(1.48264447995418E-31,-3.06355407353094E-16,1.));
#12463=DIRECTION('',(-1.23259516440783E-31,1.,3.06355407353094E-16));
#12464=DIRECTION('center_axis',(-1.23259516440783E-31,1.,3.06355407353094E-16));
#12465=DIRECTION('ref_axis',(1.,1.23259516440783E-31,-1.48264447995418E-31));
#12466=DIRECTION('',(1.,1.23259516440783E-31,-1.48264447995418E-31));
#12467=DIRECTION('center_axis',(-1.48264447995418E-31,3.06355407353094E-16,
-1.));
#12468=DIRECTION('ref_axis',(-1.23259516440783E-31,1.,3.06355407353094E-16));
#12469=DIRECTION('',(1.23259516440783E-31,-1.,-3.06355407353094E-16));
#12470=DIRECTION('center_axis',(-1.48264447995418E-31,3.06355407353094E-16,
-1.));
#12471=DIRECTION('ref_axis',(-1.23259516440783E-31,1.,3.06355407353094E-16));
#12472=DIRECTION('',(1.,1.23259516440783E-31,-1.48264447995418E-31));
#12473=DIRECTION('',(1.23259516440783E-31,-1.,-3.06355407353094E-16));
#12474=DIRECTION('',(1.23259516440783E-31,-1.,-3.06355407353094E-16));
#12475=DIRECTION('center_axis',(-1.23259516440783E-31,1.,3.06355407353094E-16));
#12476=DIRECTION('ref_axis',(1.,1.23259516440783E-31,-1.48264447995418E-31));
#12477=DIRECTION('',(1.48264447995418E-31,-3.06355407353094E-16,1.));
#12478=DIRECTION('center_axis',(1.,1.23259516440783E-31,-1.48264447995418E-31));
#12479=DIRECTION('ref_axis',(1.23259516440783E-31,-1.,-3.06355407353094E-16));
#12480=DIRECTION('center_axis',(1.,1.23259516440783E-31,-1.48264447995418E-31));
#12481=DIRECTION('ref_axis',(1.23259516440783E-31,-1.,-3.06355407353094E-16));
#12482=DIRECTION('',(-1.48264447995418E-31,3.06355407353094E-16,-1.));
#12483=DIRECTION('',(1.23259516440783E-31,-1.,-3.06355407353094E-16));
#12484=DIRECTION('center_axis',(-1.23259516440783E-31,1.,3.06355407353094E-16));
#12485=DIRECTION('ref_axis',(1.,1.23259516440783E-31,-1.48264447995418E-31));
#12486=DIRECTION('',(1.,1.23259516440783E-31,-1.48264447995418E-31));
#12487=DIRECTION('center_axis',(-1.23259516440783E-31,1.,3.06355407353094E-16));
#12488=DIRECTION('ref_axis',(1.,1.23259516440783E-31,-1.48264447995418E-31));
#12489=DIRECTION('',(1.48264447995418E-31,-3.06355407353094E-16,1.));
#12490=DIRECTION('',(-1.,-1.23259516440783E-31,1.48264447995418E-31));
#12491=DIRECTION('center_axis',(1.,1.23259516440783E-31,-1.48264447995418E-31));
#12492=DIRECTION('ref_axis',(1.23259516440783E-31,-1.,-3.06355407353094E-16));
#12493=DIRECTION('',(-1.23259516440783E-31,1.,3.06355407353094E-16));
#12494=DIRECTION('center_axis',(1.,1.23259516440783E-31,-1.48264447995418E-31));
#12495=DIRECTION('ref_axis',(1.23259516440783E-31,-1.,-3.06355407353094E-16));
#12496=DIRECTION('',(1.48264447995418E-31,-3.06355407353094E-16,1.));
#12497=DIRECTION('',(-1.23259516440783E-31,1.,3.06355407353094E-16));
#12498=DIRECTION('center_axis',(-1.23259516440783E-31,1.,3.06355407353094E-16));
#12499=DIRECTION('ref_axis',(1.,1.23259516440783E-31,-1.48264447995418E-31));
#12500=DIRECTION('',(1.,1.23259516440783E-31,-1.48264447995418E-31));
#12501=DIRECTION('center_axis',(-1.48264447995418E-31,3.06355407353094E-16,
-1.));
#12502=DIRECTION('ref_axis',(-1.23259516440783E-31,1.,3.06355407353094E-16));
#12503=DIRECTION('',(1.23259516440783E-31,-1.,-3.06355407353094E-16));
#12504=DIRECTION('center_axis',(-1.23259516440783E-31,1.,3.06355407353094E-16));
#12505=DIRECTION('ref_axis',(1.,1.23259516440783E-31,-1.48264447995418E-31));
#12506=DIRECTION('',(1.23259516440783E-31,-1.,-3.06355407353094E-16));
#12507=DIRECTION('center_axis',(-1.224646799147E-16,-3.06355407353094E-16,
1.));
#12508=DIRECTION('ref_axis',(1.,8.57417995391489E-32,1.224646799147E-16));
#12509=DIRECTION('',(-1.23259516440783E-31,1.,3.06355407353094E-16));
#12510=DIRECTION('center_axis',(1.,1.23259516440783E-31,-1.48264447995418E-31));
#12511=DIRECTION('ref_axis',(1.23259516440783E-31,-1.,-3.06355407353094E-16));
#12512=DIRECTION('',(1.23259516440783E-31,-1.,-3.06355407353094E-16));
#12513=DIRECTION('center_axis',(-1.91996436507493E-31,0.707106781186548,
-0.707106781186547));
#12514=DIRECTION('ref_axis',(1.76811566653876E-32,0.707106781186547,0.707106781186548));
#12515=DIRECTION('',(1.,1.23259516440783E-31,-1.48264447995418E-31));
#12516=DIRECTION('',(-0.0617457854184352,0.705757556807963,0.705757556807941));
#12517=DIRECTION('',(1.,1.23259516440783E-31,-1.48264447995418E-31));
#12518=DIRECTION('center_axis',(1.,-2.22044604925E-16,-2.16289013387773E-31));
#12519=DIRECTION('ref_axis',(-2.22044604925E-16,-1.,-3.06355407353094E-16));
#12520=DIRECTION('',(1.48264447995418E-31,-3.06355407353094E-16,1.));
#12521=DIRECTION('center_axis',(-1.,2.22044604925E-16,2.16289013387773E-31));
#12522=DIRECTION('ref_axis',(-2.22044604925E-16,-1.,-3.06355407353094E-16));
#12523=DIRECTION('center_axis',(1.,-2.22044604925E-16,-2.16289013387773E-31));
#12524=DIRECTION('ref_axis',(2.22044604925E-16,1.,-2.60198482411704E-16));
#12525=DIRECTION('',(1.,1.23259516440783E-31,-1.48264447995418E-31));
#12526=DIRECTION('',(-1.,-1.23259516440783E-31,1.48264447995418E-31));
#12527=DIRECTION('center_axis',(-1.23259516440783E-31,1.,3.06355407353094E-16));
#12528=DIRECTION('ref_axis',(1.,1.23259516440783E-31,-1.48264447995418E-31));
#12529=DIRECTION('center_axis',(1.23259516440783E-31,-1.,-3.06355407353094E-16));
#12530=DIRECTION('ref_axis',(1.,1.23259516440783E-31,-1.48264447995418E-31));
#12531=DIRECTION('',(1.48264447995418E-31,-3.06355407353094E-16,1.));
#12532=DIRECTION('center_axis',(-1.23259516440783E-31,1.,3.06355407353094E-16));
#12533=DIRECTION('ref_axis',(1.,1.23259516440783E-31,-1.48264447995418E-31));
#12534=DIRECTION('center_axis',(0.0449434449267303,0.984807791766007,-0.167731034800001));
#12535=DIRECTION('ref_axis',(0.189265224967716,-0.173253815340786,-0.966520455079861));
#12536=DIRECTION('center_axis',(0.499999990935795,1.11648579995641E-9,-0.86602540901766));
#12537=DIRECTION('ref_axis',(-0.0394814231896693,0.99896027100567,-0.0227946084677054));
#12538=DIRECTION('center_axis',(-1.23259516440783E-31,1.,3.06355407353094E-16));
#12539=DIRECTION('ref_axis',(1.,1.23259516440783E-31,-1.48264447995418E-31));
#12540=DIRECTION('',(1.,1.23259516440783E-31,-1.48264447995418E-31));
#12541=DIRECTION('',(-1.,-1.23259516440783E-31,1.48264447995418E-31));
#12542=DIRECTION('',(1.48264447995418E-31,-3.06355407353094E-16,1.));
#12543=DIRECTION('center_axis',(-1.48264447995418E-31,3.06355407353094E-16,
-1.));
#12544=DIRECTION('ref_axis',(-1.23259516440783E-31,1.,3.06355407353094E-16));
#12545=DIRECTION('',(-1.23259516440783E-31,1.,3.06355407353094E-16));
#12546=DIRECTION('center_axis',(-1.23259516440783E-31,1.,3.06355407353094E-16));
#12547=DIRECTION('ref_axis',(1.,1.23259516440783E-31,-1.48264447995418E-31));
#12548=DIRECTION('',(1.,1.23259516440783E-31,-1.48264447995418E-31));
#12549=DIRECTION('center_axis',(-1.23259516440783E-31,1.,3.06355407353094E-16));
#12550=DIRECTION('ref_axis',(1.,1.23259516440783E-31,-1.48264447995418E-31));
#12551=DIRECTION('',(1.,1.23259516440783E-31,-1.48264447995418E-31));
#12552=DIRECTION('center_axis',(-1.23259516440783E-31,1.,3.06355407353094E-16));
#12553=DIRECTION('ref_axis',(1.,1.23259516440783E-31,-1.48264447995418E-31));
#12554=DIRECTION('',(1.,1.23259516440783E-31,-1.48264447995418E-31));
#12555=DIRECTION('center_axis',(-1.23259516440783E-31,1.,3.06355407353094E-16));
#12556=DIRECTION('ref_axis',(1.,1.23259516440783E-31,-1.48264447995418E-31));
#12557=DIRECTION('',(1.,1.23259516440783E-31,-1.48264447995418E-31));
#12558=DIRECTION('center_axis',(-1.23259516440783E-31,1.,3.06355407353094E-16));
#12559=DIRECTION('ref_axis',(1.,1.23259516440783E-31,-1.48264447995418E-31));
#12560=DIRECTION('',(1.,1.23259516440783E-31,-1.48264447995418E-31));
#12561=DIRECTION('',(1.48264447995418E-31,-3.06355407353094E-16,1.));
#12562=DIRECTION('',(1.,1.23259516440783E-31,-1.48264447995418E-31));
#12563=DIRECTION('center_axis',(-0.0449434449267303,0.984807791766007,-0.167731034800001));
#12564=DIRECTION('ref_axis',(-0.128333522959847,-0.172201133707568,-0.976666410006274));
#12565=DIRECTION('center_axis',(-0.41619774670332,-0.173648177446893,-0.892538932544935));
#12566=DIRECTION('ref_axis',(-0.908285586379025,0.0336375056609939,0.416996177187534));
#12567=DIRECTION('center_axis',(-1.23259516440783E-31,1.,3.06355407353094E-16));
#12568=DIRECTION('ref_axis',(1.,1.23259516440783E-31,-1.48264447995418E-31));
#12569=DIRECTION('center_axis',(-0.41619774216397,-0.173648177350246,-0.892538934680472));
#12570=DIRECTION('ref_axis',(-0.0733868887405245,0.984807753068048,-0.157378696328469));
#12571=DIRECTION('',(-1.23259516440783E-31,1.,3.06355407353094E-16));
#12572=DIRECTION('center_axis',(-2.22044604925E-16,-3.06355407353094E-16,
1.));
#12573=DIRECTION('ref_axis',(1.,5.52349510484279E-32,2.22044604925E-16));
#12574=DIRECTION('center_axis',(-1.48264447995418E-31,3.06355407353094E-16,
-1.));
#12575=DIRECTION('ref_axis',(-1.23259516440783E-31,1.,3.06355407353094E-16));
#12576=DIRECTION('',(-1.23259516440783E-31,1.,3.06355407353094E-16));
#12577=DIRECTION('center_axis',(-1.48264447995418E-31,3.06355407353094E-16,
-1.));
#12578=DIRECTION('ref_axis',(-1.23259516440783E-31,1.,3.06355407353094E-16));
#12579=DIRECTION('center_axis',(-1.48264447995418E-31,3.06355407353094E-16,
-1.));
#12580=DIRECTION('ref_axis',(-1.23259516440783E-31,1.,3.06355407353094E-16));
#12581=DIRECTION('',(1.23259516440783E-31,-1.,-3.06355407353094E-16));
#12582=DIRECTION('',(1.23259516440783E-31,-1.,-3.06355407353094E-16));
#12583=DIRECTION('center_axis',(1.,1.23259516440783E-31,-1.48264447995418E-31));
#12584=DIRECTION('ref_axis',(1.23259516440783E-31,-1.,-3.06355407353094E-16));
#12585=DIRECTION('center_axis',(-1.224646799147E-16,-3.06355407353094E-16,
1.));
#12586=DIRECTION('ref_axis',(1.,8.57417995391489E-32,1.224646799147E-16));
#12587=DIRECTION('',(-1.23259516440783E-31,1.,3.06355407353094E-16));
#12588=DIRECTION('center_axis',(-1.23259516440783E-31,1.,3.06355407353094E-16));
#12589=DIRECTION('ref_axis',(-0.77387350728684,-1.94027191525738E-16,0.633340188776589));
#12590=DIRECTION('center_axis',(-1.23259516440783E-31,1.,3.06355407353094E-16));
#12591=DIRECTION('ref_axis',(1.,1.23259516440783E-31,-1.48264447995418E-31));
#12592=DIRECTION('',(1.23259516440783E-31,-1.,-3.06355407353094E-16));
#12593=DIRECTION('center_axis',(1.,1.23259516440783E-31,-1.48264447995418E-31));
#12594=DIRECTION('ref_axis',(1.23259516440783E-31,-1.,-3.06355407353094E-16));
#12595=DIRECTION('',(1.23259516440783E-31,-1.,-3.06355407353094E-16));
#12596=DIRECTION('center_axis',(-1.23259516440783E-31,1.,3.06355407353094E-16));
#12597=DIRECTION('ref_axis',(1.,1.23259516440783E-31,-1.48264447995418E-31));
#12598=DIRECTION('center_axis',(-1.48264447995418E-31,3.06355407353094E-16,
-1.));
#12599=DIRECTION('ref_axis',(-1.23259516440783E-31,1.,3.06355407353094E-16));
#12600=DIRECTION('',(-1.23259516440783E-31,1.,3.06355407353094E-16));
#12601=DIRECTION('',(1.,1.23259516440783E-31,-1.48264447995418E-31));
#12602=DIRECTION('center_axis',(-1.48264447995418E-31,3.06355407353094E-16,
-1.));
#12603=DIRECTION('ref_axis',(-1.23259516440783E-31,1.,3.06355407353094E-16));
#12604=DIRECTION('',(1.,1.23259516440783E-31,-1.48264447995418E-31));
#12605=DIRECTION('',(-1.23259516440783E-31,1.,3.06355407353094E-16));
#12606=DIRECTION('center_axis',(-1.48264447995418E-31,3.06355407353094E-16,
-1.));
#12607=DIRECTION('ref_axis',(-1.23259516440783E-31,1.,3.06355407353094E-16));
#12608=DIRECTION('',(1.23259516440783E-31,-1.,-3.06355407353094E-16));
#12609=DIRECTION('',(1.23259516440783E-31,-1.,-3.06355407353094E-16));
#12610=DIRECTION('center_axis',(-1.48264447995418E-31,3.06355407353094E-16,
-1.));
#12611=DIRECTION('ref_axis',(-1.23259516440783E-31,1.,3.06355407353094E-16));
#12612=DIRECTION('',(-1.23259516440783E-31,1.,3.06355407353094E-16));
#12613=DIRECTION('',(1.,1.23259516440783E-31,-1.48264447995418E-31));
#12614=DIRECTION('center_axis',(-1.48264447995418E-31,3.06355407353094E-16,
-1.));
#12615=DIRECTION('ref_axis',(-1.23259516440783E-31,1.,3.06355407353094E-16));
#12616=DIRECTION('',(1.,1.23259516440783E-31,-1.48264447995418E-31));
#12617=DIRECTION('',(-1.23259516440783E-31,1.,3.06355407353094E-16));
#12618=DIRECTION('center_axis',(-1.48264447995418E-31,3.06355407353094E-16,
-1.));
#12619=DIRECTION('ref_axis',(-1.23259516440783E-31,1.,3.06355407353094E-16));
#12620=DIRECTION('',(1.23259516440783E-31,-1.,-3.06355407353094E-16));
#12621=DIRECTION('',(1.23259516440783E-31,-1.,-3.06355407353094E-16));
#12622=DIRECTION('center_axis',(-0.50000000000019,-2.65311565354476E-16,
0.866025403784329));
#12623=DIRECTION('ref_axis',(0.866025403784329,-1.53177703676605E-16,0.50000000000019));
#12624=DIRECTION('',(0.866025403784372,-1.53177703676582E-16,0.500000000000116));
#12625=DIRECTION('',(1.23259516440783E-31,-1.,-3.06355407353094E-16));
#12626=DIRECTION('center_axis',(-0.258819045102985,2.95916599985623E-16,
-0.965925826288944));
#12627=DIRECTION('ref_axis',(-0.965925826288944,-7.92906139932639E-17,0.258819045102985));
#12628=DIRECTION('',(1.23259516440783E-31,-1.,-3.06355407353094E-16));
#12629=DIRECTION('center_axis',(-1.48264447995418E-31,3.06355407353094E-16,
-1.));
#12630=DIRECTION('ref_axis',(-1.23259516440783E-31,1.,3.06355407353094E-16));
#12631=DIRECTION('',(0.0871557427476379,-0.996194698091747,-3.0518963253689E-16));
#12632=DIRECTION('',(1.23259516440783E-31,-1.,-3.06355407353094E-16));
#12633=DIRECTION('center_axis',(-1.23259516440783E-31,1.,3.06355407353094E-16));
#12634=DIRECTION('ref_axis',(1.,1.23259516440783E-31,-1.48264447995418E-31));
#12635=DIRECTION('',(1.,1.23259516440783E-31,-1.48264447995418E-31));
#12636=DIRECTION('center_axis',(1.23259516440783E-31,-1.,-3.06355407353094E-16));
#12637=DIRECTION('ref_axis',(1.,1.23259516440783E-31,-1.48264447995418E-31));
#12638=DIRECTION('center_axis',(1.23259516440783E-31,-1.,-3.06355407353094E-16));
#12639=DIRECTION('ref_axis',(1.,1.23259516440783E-31,-1.48264447995418E-31));
#12640=DIRECTION('center_axis',(0.996194698091747,0.0871557427476379,2.67006330726139E-17));
#12641=DIRECTION('ref_axis',(0.0871557427476379,-0.996194698091747,-3.0518963253689E-16));
#12642=DIRECTION('center_axis',(-0.996194698091749,-0.0871557427476182,
3.13276741762513E-14));
#12643=DIRECTION('ref_axis',(0.0871557427476182,-0.996194698091749,-1.88317064488115E-12));
#12644=DIRECTION('',(-1.48264447995418E-31,3.06355407353094E-16,-1.));
#12645=DIRECTION('center_axis',(-1.23259516440783E-31,1.,3.06355407353094E-16));
#12646=DIRECTION('ref_axis',(1.,1.23259516440783E-31,-1.48264447995418E-31));
#12647=DIRECTION('',(1.,-2.22044604925E-16,-2.16289013387773E-31));
#12648=DIRECTION('center_axis',(-1.23259516440783E-31,1.,3.06355407353094E-16));
#12649=DIRECTION('ref_axis',(1.,1.23259516440783E-31,-1.48264447995418E-31));
#12650=DIRECTION('center_axis',(1.,1.23259516440783E-31,-1.48264447995418E-31));
#12651=DIRECTION('ref_axis',(1.23259516440783E-31,-1.,-3.06355407353094E-16));
#12652=DIRECTION('',(-1.23259516440783E-31,1.,3.06355407353094E-16));
#12653=DIRECTION('center_axis',(-1.23259516440783E-31,1.,3.06355407353094E-16));
#12654=DIRECTION('ref_axis',(1.,1.23259516440783E-31,-1.48264447995418E-31));
#12655=DIRECTION('center_axis',(-0.492403876506205,0.173648177667072,0.852868531952356));
#12656=DIRECTION('ref_axis',(0.866025403784372,-1.53177703676582E-16,0.500000000000116));
#12657=DIRECTION('',(-0.0464786045367922,-0.983743457179379,0.173460513596252));
#12658=DIRECTION('center_axis',(-1.48264447995418E-31,3.06355407353094E-16,
-1.));
#12659=DIRECTION('ref_axis',(-1.23259516440783E-31,1.,3.06355407353094E-16));
#12660=DIRECTION('',(1.23259516440783E-31,-1.,-3.06355407353094E-16));
#12661=DIRECTION('',(1.23259516440783E-31,-1.,-3.06355407353094E-16));
#12662=DIRECTION('',(-1.,-1.23259516440783E-31,1.48264447995418E-31));
#12663=DIRECTION('center_axis',(1.,1.23259516440783E-31,-1.48264447995418E-31));
#12664=DIRECTION('ref_axis',(1.23259516440783E-31,-1.,-3.06355407353094E-16));
#12665=DIRECTION('center_axis',(-1.48264447995418E-31,3.06355407353094E-16,
-1.));
#12666=DIRECTION('ref_axis',(-1.23259516440783E-31,1.,3.06355407353094E-16));
#12667=DIRECTION('',(-1.23259516440783E-31,1.,3.06355407353094E-16));
#12668=DIRECTION('',(1.,1.23259516440783E-31,-1.48264447995418E-31));
#12669=DIRECTION('',(1.23259516440783E-31,-1.,-3.06355407353094E-16));
#12670=DIRECTION('center_axis',(0.416197740726969,0.173648177666987,0.892538935288933));
#12671=DIRECTION('ref_axis',(0.90630778703656,1.29471389730488E-16,-0.422618261740892));
#12672=DIRECTION('',(-0.906307787036597,-1.29471389730463E-16,0.422618261740812));
#12673=DIRECTION('',(-0.0384683794684543,0.984078815996427,-0.173519646403918));
#12674=DIRECTION('center_axis',(0.422618261740812,-2.77652291284878E-16,
0.906307787036597));
#12675=DIRECTION('ref_axis',(0.906307787036597,1.29471389730463E-16,-0.422618261740812));
#12676=DIRECTION('',(-1.23259516440783E-31,1.,3.06355407353094E-16));
#12677=DIRECTION('center_axis',(0.233445000891893,2.97890809757099E-16,
-0.972370007537555));
#12678=DIRECTION('ref_axis',(-0.972370007537555,7.15171383427792E-17,-0.233445000891893));
#12679=DIRECTION('',(1.23259516440783E-31,-1.,-3.06355407353094E-16));
#12680=DIRECTION('',(0.972370007537506,-7.15171383428408E-17,0.233445000892094));
#12681=DIRECTION('center_axis',(-1.23259516440783E-31,1.,3.06355407353094E-16));
#12682=DIRECTION('ref_axis',(1.,1.23259516440783E-31,-1.48264447995418E-31));
#12683=DIRECTION('',(1.,1.23259516440783E-31,-1.48264447995418E-31));
#12684=DIRECTION('',(1.48264447995418E-31,-3.06355407353094E-16,1.));
#12685=DIRECTION('',(-1.48264447995418E-31,3.06355407353094E-16,-1.));
#12686=DIRECTION('center_axis',(1.,1.23259516440783E-31,-1.48264447995418E-31));
#12687=DIRECTION('ref_axis',(1.23259516440783E-31,-1.,-3.06355407353094E-16));
#12688=DIRECTION('',(1.23259516440783E-31,-1.,-3.06355407353094E-16));
#12689=DIRECTION('center_axis',(0.707106781186548,2.1662598599254E-16,-0.707106781186548));
#12690=DIRECTION('ref_axis',(-0.707106781186548,2.1662598599254E-16,-0.707106781186548));
#12691=DIRECTION('',(-1.23259516440783E-31,1.,3.06355407353094E-16));
#12692=DIRECTION('center_axis',(1.,1.23259516440783E-31,-1.48264447995418E-31));
#12693=DIRECTION('ref_axis',(1.23259516440783E-31,-1.,-3.06355407353094E-16));
#12694=DIRECTION('',(-1.48264447995418E-31,3.06355407353094E-16,-1.));
#12695=DIRECTION('center_axis',(-1.23259516440783E-31,1.,3.06355407353094E-16));
#12696=DIRECTION('ref_axis',(1.,1.23259516440783E-31,-1.48264447995418E-31));
#12697=DIRECTION('',(1.48264447995418E-31,-3.06355407353094E-16,1.));
#12698=DIRECTION('center_axis',(1.,1.23259516440783E-31,-1.48264447995418E-31));
#12699=DIRECTION('ref_axis',(1.23259516440783E-31,-1.,-3.06355407353094E-16));
#12700=DIRECTION('center_axis',(1.,1.23259516440783E-31,-1.48264447995418E-31));
#12701=DIRECTION('ref_axis',(1.23259516440783E-31,-1.,-3.06355407353094E-16));
#12702=DIRECTION('',(-1.48264447995418E-31,3.06355407353094E-16,-1.));
#12703=DIRECTION('center_axis',(-1.23259516440783E-31,1.,3.06355407353094E-16));
#12704=DIRECTION('ref_axis',(1.,1.23259516440783E-31,-1.48264447995418E-31));
#12705=DIRECTION('',(1.48264447995418E-31,-3.06355407353094E-16,1.));
#12706=DIRECTION('center_axis',(1.,1.23259516440783E-31,-1.48264447995418E-31));
#12707=DIRECTION('ref_axis',(1.23259516440783E-31,-1.,-3.06355407353094E-16));
#12708=DIRECTION('center_axis',(-0.707106781186548,2.1662598599254E-16,
-0.707106781186548));
#12709=DIRECTION('ref_axis',(-0.707106781186548,-2.1662598599254E-16,0.707106781186548));
#12710=DIRECTION('',(-1.23259516440783E-31,1.,3.06355407353094E-16));
#12711=DIRECTION('center_axis',(-1.20604166250223E-16,0.173648177667033,
0.98480775301219));
#12712=DIRECTION('ref_axis',(1.4713277863063E-31,-0.98480775301219,0.173648177667033));
#12713=DIRECTION('',(-1.,-8.57417995391489E-32,-1.224646799147E-16));
#12714=DIRECTION('',(1.47132778630601E-31,-0.98480775301223,0.173648177666804));
#12715=DIRECTION('center_axis',(-1.224646799147E-16,-3.06355407353094E-16,
1.));
#12716=DIRECTION('ref_axis',(1.,8.57417995391489E-32,1.224646799147E-16));
#12717=DIRECTION('',(1.23259516440783E-31,-1.,-3.06355407353094E-16));
#12718=DIRECTION('center_axis',(-1.23259516440783E-31,1.,3.06355407353094E-16));
#12719=DIRECTION('ref_axis',(1.,1.23259516440783E-31,-1.48264447995418E-31));
#12720=DIRECTION('center_axis',(1.,-2.22044604925E-16,-2.16289013387773E-31));
#12721=DIRECTION('ref_axis',(-2.22044604925E-16,-1.,-3.06355407353094E-16));
#12722=DIRECTION('center_axis',(1.,1.23259516440783E-31,-1.48264447995418E-31));
#12723=DIRECTION('ref_axis',(1.23259516440783E-31,-1.,-3.06355407353094E-16));
#12724=DIRECTION('center_axis',(-1.92496540934685E-31,0.681998360062317,
-0.73135370161934));
#12725=DIRECTION('ref_axis',(1.09698067796429E-32,0.73135370161934,0.681998360062317));
#12726=DIRECTION('',(0.563438436970943,0.604213749833188,0.563438436970943));
#12727=DIRECTION('',(1.09698067796898E-32,0.731353701619173,0.681998360062495));
#12728=DIRECTION('center_axis',(-1.23259516440783E-31,1.,3.06355407353094E-16));
#12729=DIRECTION('ref_axis',(1.,1.23259516440783E-31,-1.48264447995418E-31));
#12730=DIRECTION('',(-1.48264447995418E-31,3.06355407353094E-16,-1.));
#12731=DIRECTION('',(1.,1.23259516440783E-31,-1.48264447995418E-31));
#12732=DIRECTION('',(1.48264447995418E-31,-3.06355407353094E-16,1.));
#12733=DIRECTION('center_axis',(-1.23259516440783E-31,1.,3.06355407353094E-16));
#12734=DIRECTION('ref_axis',(1.,1.23259516440783E-31,-1.48264447995418E-31));
#12735=DIRECTION('',(1.48264447995418E-31,-3.06355407353094E-16,1.));
#12736=DIRECTION('',(1.48264447995418E-31,-3.06355407353094E-16,1.));
#12737=DIRECTION('',(-1.,-1.23259516440783E-31,1.48264447995418E-31));
#12738=DIRECTION('center_axis',(-1.92496540934685E-31,0.681998360062317,
-0.73135370161934));
#12739=DIRECTION('ref_axis',(1.09698067796429E-32,0.73135370161934,0.681998360062317));
#12740=DIRECTION('',(1.09698067797271E-32,0.731353701619041,0.681998360062637));
#12741=DIRECTION('center_axis',(-1.20604166250223E-16,0.173648177667033,
0.98480775301219));
#12742=DIRECTION('ref_axis',(1.4713277863063E-31,-0.98480775301219,0.173648177667033));
#12743=DIRECTION('',(1.47132778630601E-31,-0.98480775301223,0.173648177666804));
#12744=DIRECTION('',(-1.,-8.57417995391489E-32,-1.224646799147E-16));
#12745=DIRECTION('center_axis',(-1.224646799147E-16,-3.06355407353094E-16,
1.));
#12746=DIRECTION('ref_axis',(1.,8.57417995391489E-32,1.224646799147E-16));
#12747=DIRECTION('',(1.23259516440783E-31,-1.,-3.06355407353094E-16));
#12748=DIRECTION('center_axis',(-1.48264447995418E-31,3.06355407353094E-16,
-1.));
#12749=DIRECTION('ref_axis',(-1.23259516440783E-31,1.,3.06355407353094E-16));
#12750=DIRECTION('',(1.23259516440783E-31,-1.,-3.06355407353094E-16));
#12751=DIRECTION('',(0.422618261740812,-0.906307787036597,-2.77652291284878E-16));
#12752=DIRECTION('center_axis',(1.,1.23259516440783E-31,-1.48264447995418E-31));
#12753=DIRECTION('ref_axis',(1.23259516440783E-31,-1.,-3.06355407353094E-16));
#12754=DIRECTION('center_axis',(-1.48264447995418E-31,3.06355407353094E-16,
-1.));
#12755=DIRECTION('ref_axis',(-1.23259516440783E-31,1.,3.06355407353094E-16));
#12756=DIRECTION('',(-1.23259516440783E-31,1.,3.06355407353094E-16));
#12757=DIRECTION('center_axis',(-1.23259516440783E-31,1.,3.06355407353094E-16));
#12758=DIRECTION('ref_axis',(1.,1.23259516440783E-31,-1.48264447995418E-31));
#12759=DIRECTION('',(1.48264447995418E-31,-3.06355407353094E-16,1.));
#12760=DIRECTION('',(-2.22044604925E-16,3.06355407353094E-16,-1.));
#12761=DIRECTION('center_axis',(0.707106781186548,2.1662598599254E-16,-0.707106781186548));
#12762=DIRECTION('ref_axis',(-0.707106781186548,2.1662598599254E-16,-0.707106781186548));
#12763=DIRECTION('center_axis',(1.,1.23259516440783E-31,-1.48264447995418E-31));
#12764=DIRECTION('ref_axis',(1.23259516440783E-31,-1.,-3.06355407353094E-16));
#12765=DIRECTION('',(-1.23259516440783E-31,1.,3.06355407353094E-16));
#12766=DIRECTION('center_axis',(-1.48264447995418E-31,3.06355407353094E-16,
-1.));
#12767=DIRECTION('ref_axis',(-1.23259516440783E-31,1.,3.06355407353094E-16));
#12768=DIRECTION('',(1.23259516440783E-31,-1.,-3.06355407353094E-16));
#12769=DIRECTION('center_axis',(1.,1.23259516440783E-31,-1.48264447995418E-31));
#12770=DIRECTION('ref_axis',(1.23259516440783E-31,-1.,-3.06355407353094E-16));
#12771=DIRECTION('',(1.23259516440783E-31,-1.,-3.06355407353094E-16));
#12772=DIRECTION('',(-1.48264447995418E-31,3.06355407353094E-16,-1.));
#12773=DIRECTION('center_axis',(-1.48264447995418E-31,3.06355407353094E-16,
-1.));
#12774=DIRECTION('ref_axis',(-1.23259516440783E-31,1.,3.06355407353094E-16));
#12775=DIRECTION('',(1.23259516440783E-31,-1.,-3.06355407353094E-16));
#12776=DIRECTION('',(1.,1.23259516440783E-31,-1.48264447995418E-31));
#12777=DIRECTION('',(1.23259516440783E-31,-1.,-3.06355407353094E-16));
#12778=DIRECTION('center_axis',(1.,1.23259516440783E-31,-1.48264447995418E-31));
#12779=DIRECTION('ref_axis',(1.23259516440783E-31,-1.,-3.06355407353094E-16));
#12780=DIRECTION('',(-1.23259516440783E-31,1.,3.06355407353094E-16));
#12781=DIRECTION('',(1.48264447995418E-31,-3.06355407353094E-16,1.));
#12782=DIRECTION('',(-1.48264447995418E-31,3.06355407353094E-16,-1.));
#12783=DIRECTION('center_axis',(1.,1.23259516440783E-31,-1.48264447995418E-31));
#12784=DIRECTION('ref_axis',(1.23259516440783E-31,-1.,-3.06355407353094E-16));
#12785=DIRECTION('',(-1.23259516440783E-31,1.,3.06355407353094E-16));
#12786=DIRECTION('',(1.48264447995418E-31,-3.06355407353094E-16,1.));
#12787=DIRECTION('center_axis',(-1.48264447995418E-31,3.06355407353094E-16,
-1.));
#12788=DIRECTION('ref_axis',(-1.23259516440783E-31,1.,3.06355407353094E-16));
#12789=DIRECTION('',(-1.23259516440783E-31,1.,3.06355407353094E-16));
#12790=DIRECTION('',(1.,1.23259516440783E-31,-1.48264447995418E-31));
#12791=DIRECTION('',(1.,1.23259516440783E-31,-1.48264447995418E-31));
#12792=DIRECTION('center_axis',(1.,1.23259516440783E-31,-1.48264447995418E-31));
#12793=DIRECTION('ref_axis',(1.23259516440783E-31,-1.,-3.06355407353094E-16));
#12794=DIRECTION('',(1.48264447995418E-31,-3.06355407353094E-16,1.));
#12795=DIRECTION('',(-1.48264447995418E-31,3.06355407353094E-16,-1.));
#12796=DIRECTION('center_axis',(-1.48264447995418E-31,3.06355407353094E-16,
-1.));
#12797=DIRECTION('ref_axis',(-1.23259516440783E-31,1.,3.06355407353094E-16));
#12798=DIRECTION('',(-1.23259516440783E-31,1.,3.06355407353094E-16));
#12799=DIRECTION('',(-1.23259516440783E-31,1.,3.06355407353094E-16));
#12800=DIRECTION('center_axis',(1.,1.23259516440783E-31,-1.48264447995418E-31));
#12801=DIRECTION('ref_axis',(1.23259516440783E-31,-1.,-3.06355407353094E-16));
#12802=DIRECTION('center_axis',(0.906307787036597,0.422618261740812,1.29471389730463E-16));
#12803=DIRECTION('ref_axis',(0.422618261740812,-0.906307787036598,-2.77652291284878E-16));
#12804=DIRECTION('',(-1.48264447995418E-31,3.06355407353094E-16,-1.));
#12805=DIRECTION('center_axis',(-1.23259516440783E-31,1.,3.06355407353094E-16));
#12806=DIRECTION('ref_axis',(1.,1.23259516440783E-31,-1.48264447995418E-31));
#12807=DIRECTION('',(-2.22044604925E-16,3.06355407353094E-16,-1.));
#12808=DIRECTION('',(1.48264447995418E-31,-3.06355407353094E-16,1.));
#12809=DIRECTION('center_axis',(-1.,-1.91284081833138E-31,2.22044604925E-16));
#12810=DIRECTION('ref_axis',(2.22044604925E-16,-3.06355407353094E-16,1.));
#12811=DIRECTION('center_axis',(1.,1.23259516440783E-31,-1.48264447995418E-31));
#12812=DIRECTION('ref_axis',(1.23259516440783E-31,-1.,-3.06355407353094E-16));
#12813=DIRECTION('center_axis',(-1.23259516440783E-31,1.,3.06355407353094E-16));
#12814=DIRECTION('ref_axis',(1.,1.23259516440783E-31,-1.48264447995418E-31));
#12815=DIRECTION('center_axis',(-1.23259516440783E-31,1.,3.06355407353094E-16));
#12816=DIRECTION('ref_axis',(1.,1.23259516440783E-31,-1.48264447995418E-31));
#12817=DIRECTION('center_axis',(-1.23259516440783E-31,1.,3.06355407353094E-16));
#12818=DIRECTION('ref_axis',(1.,1.23259516440783E-31,-1.48264447995418E-31));
#12819=DIRECTION('center_axis',(1.,1.23259516440783E-31,-1.48264447995418E-31));
#12820=DIRECTION('ref_axis',(1.23259516440783E-31,-1.,-3.06355407353094E-16));
#12821=DIRECTION('center_axis',(-1.,-1.91284081833138E-31,2.22044604925E-16));
#12822=DIRECTION('ref_axis',(2.22044604925E-16,-3.06355407353094E-16,1.));
#12823=DIRECTION('center_axis',(-1.48264447995418E-31,3.06355407353094E-16,
-1.));
#12824=DIRECTION('ref_axis',(-1.23259516440783E-31,1.,3.06355407353094E-16));
#12825=DIRECTION('',(1.23259516440783E-31,-1.,-3.06355407353094E-16));
#12826=DIRECTION('',(1.23259516440783E-31,-1.,-3.06355407353094E-16));
#12827=DIRECTION('center_axis',(-1.,-1.23259516440783E-31,1.48264447995418E-31));
#12828=DIRECTION('ref_axis',(-1.23259516440783E-31,1.,3.06355407353094E-16));
#12829=DIRECTION('',(1.23259516440783E-31,-1.,-3.06355407353094E-16));
#12830=DIRECTION('center_axis',(-1.48264447995418E-31,3.06355407353094E-16,
-1.));
#12831=DIRECTION('ref_axis',(-1.23259516440783E-31,1.,3.06355407353094E-16));
#12832=DIRECTION('center_axis',(1.,1.23259516440783E-31,-1.48264447995418E-31));
#12833=DIRECTION('ref_axis',(1.23259516440783E-31,-1.,-3.06355407353094E-16));
#12834=DIRECTION('',(1.23259516440783E-31,-1.,-3.06355407353094E-16));
#12835=DIRECTION('center_axis',(1.48264447995418E-31,-3.06355407353094E-16,
1.));
#12836=DIRECTION('ref_axis',(1.23259516440783E-31,-1.,-3.06355407353094E-16));
#12837=DIRECTION('center_axis',(-1.48264447995418E-31,3.06355407353094E-16,
-1.));
#12838=DIRECTION('ref_axis',(-1.23259516440783E-31,1.,3.06355407353094E-16));
#12839=DIRECTION('',(1.23259516440783E-31,-1.,-3.06355407353094E-16));
#12840=DIRECTION('center_axis',(1.,1.23259516440783E-31,-1.48264447995418E-31));
#12841=DIRECTION('ref_axis',(1.23259516440783E-31,-1.,-3.06355407353094E-16));
#12842=DIRECTION('center_axis',(-1.48264447995418E-31,3.06355407353094E-16,
-1.));
#12843=DIRECTION('ref_axis',(-1.23259516440783E-31,1.,3.06355407353094E-16));
#12844=DIRECTION('center_axis',(-1.23259516440783E-31,1.,3.06355407353094E-16));
#12845=DIRECTION('ref_axis',(1.,1.23259516440783E-31,-1.48264447995418E-31));
#12846=DIRECTION('',(-1.,-1.23259516440783E-31,1.48264447995418E-31));
#12847=DIRECTION('',(-1.48264447995418E-31,3.06355407353094E-16,-1.));
#12848=DIRECTION('',(-1.,-1.23259516440783E-31,1.48264447995418E-31));
#12849=DIRECTION('',(-1.48264447995418E-31,3.06355407353094E-16,-1.));
#12850=DIRECTION('center_axis',(-1.23259516440783E-31,1.,3.06355407353094E-16));
#12851=DIRECTION('ref_axis',(1.,1.23259516440783E-31,-1.48264447995418E-31));
#12852=DIRECTION('',(1.,1.23259516440783E-31,-1.48264447995418E-31));
#12853=DIRECTION('',(1.48264447995418E-31,-3.06355407353094E-16,1.));
#12854=DIRECTION('',(-1.,-1.23259516440783E-31,1.48264447995418E-31));
#12855=DIRECTION('',(1.48264447995418E-31,-3.06355407353094E-16,1.));
#12856=DIRECTION('center_axis',(1.,1.23259516440783E-31,-1.48264447995418E-31));
#12857=DIRECTION('ref_axis',(1.23259516440783E-31,-1.,-3.06355407353094E-16));
#12858=DIRECTION('',(-1.23259516440783E-31,1.,3.06355407353094E-16));
#12859=DIRECTION('',(1.23259516440783E-31,-1.,-3.06355407353094E-16));
#12860=DIRECTION('center_axis',(-1.48264447995418E-31,3.06355407353094E-16,
-1.));
#12861=DIRECTION('ref_axis',(-1.23259516440783E-31,1.,3.06355407353094E-16));
#12862=DIRECTION('',(-1.23259516440783E-31,1.,3.06355407353094E-16));
#12863=DIRECTION('center_axis',(1.,1.23259516440783E-31,-1.48264447995418E-31));
#12864=DIRECTION('ref_axis',(1.23259516440783E-31,-1.,-3.06355407353094E-16));
#12865=DIRECTION('',(-1.23259516440783E-31,1.,3.06355407353094E-16));
#12866=DIRECTION('center_axis',(-1.48264447995418E-31,3.06355407353094E-16,
-1.));
#12867=DIRECTION('ref_axis',(-1.23259516440783E-31,1.,3.06355407353094E-16));
#12868=DIRECTION('center_axis',(-1.48264447995418E-31,3.06355407353094E-16,
-1.));
#12869=DIRECTION('ref_axis',(-1.23259516440783E-31,1.,3.06355407353094E-16));
#12870=DIRECTION('',(-1.,-1.23259516440783E-31,1.48264447995418E-31));
#12871=DIRECTION('',(-1.23259516440783E-31,1.,3.06355407353094E-16));
#12872=DIRECTION('',(-1.,-1.23259516440783E-31,1.48264447995418E-31));
#12873=DIRECTION('',(-1.23259516440783E-31,1.,3.06355407353094E-16));
#12874=DIRECTION('center_axis',(-1.48264447995418E-31,3.06355407353094E-16,
-1.));
#12875=DIRECTION('ref_axis',(-1.23259516440783E-31,1.,3.06355407353094E-16));
#12876=DIRECTION('',(-1.,-1.23259516440783E-31,1.48264447995418E-31));
#12877=DIRECTION('',(-1.23259516440783E-31,1.,3.06355407353094E-16));
#12878=DIRECTION('',(1.,1.23259516440783E-31,-1.48264447995418E-31));
#12879=DIRECTION('',(1.23259516440783E-31,-1.,-3.06355407353094E-16));
#12880=DIRECTION('center_axis',(1.,1.23259516440783E-31,-1.48264447995418E-31));
#12881=DIRECTION('ref_axis',(1.23259516440783E-31,-1.,-3.06355407353094E-16));
#12882=DIRECTION('',(-1.48264447995418E-31,3.06355407353094E-16,-1.));
#12883=DIRECTION('',(1.48264447995418E-31,-3.06355407353094E-16,1.));
#12884=DIRECTION('center_axis',(-1.23259516440783E-31,1.,3.06355407353094E-16));
#12885=DIRECTION('ref_axis',(1.,1.23259516440783E-31,-1.48264447995418E-31));
#12886=DIRECTION('',(-1.48264447995418E-31,3.06355407353094E-16,-1.));
#12887=DIRECTION('center_axis',(1.,1.23259516440783E-31,-1.48264447995418E-31));
#12888=DIRECTION('ref_axis',(1.23259516440783E-31,-1.,-3.06355407353094E-16));
#12889=DIRECTION('',(1.48264447995418E-31,-3.06355407353094E-16,1.));
#12890=DIRECTION('center_axis',(-1.23259516440783E-31,1.,3.06355407353094E-16));
#12891=DIRECTION('ref_axis',(1.,1.23259516440783E-31,-1.48264447995418E-31));
#12892=DIRECTION('center_axis',(-1.23259516440783E-31,1.,3.06355407353094E-16));
#12893=DIRECTION('ref_axis',(1.,1.23259516440783E-31,-1.48264447995418E-31));
#12894=DIRECTION('',(-1.48264447995418E-31,3.06355407353094E-16,-1.));
#12895=DIRECTION('',(-1.,-1.23259516440783E-31,1.48264447995418E-31));
#12896=DIRECTION('',(-1.48264447995418E-31,3.06355407353094E-16,-1.));
#12897=DIRECTION('',(0.566318342669578,-2.52494018443812E-16,0.824186589769563));
#12898=DIRECTION('center_axis',(1.,-2.22044604925E-16,-2.22044604925E-16));
#12899=DIRECTION('ref_axis',(-2.22044604925E-16,-1.,-3.06355407353094E-16));
#12900=DIRECTION('center_axis',(-0.824186589769563,-1.73494686560068E-16,
0.566318342669578));
#12901=DIRECTION('ref_axis',(-0.566318342669578,3.78241951103659E-16,-0.824186589769563));
#12902=DIRECTION('center_axis',(1.,-2.22044604925E-16,-2.22044604925E-16));
#12903=DIRECTION('ref_axis',(-2.22044604925E-16,-1.,-3.06355407353094E-16));
#12904=DIRECTION('',(-1.,2.22044604925E-16,2.22044604925E-16));
#12905=DIRECTION('center_axis',(-1.23259516440783E-31,1.,3.06355407353094E-16));
#12906=DIRECTION('ref_axis',(1.,1.23259516440783E-31,-1.48264447995418E-31));
#12907=DIRECTION('',(-1.,-1.23259516440783E-31,1.48264447995418E-31));
#12908=DIRECTION('',(-1.48264447995418E-31,3.06355407353094E-16,-1.));
#12909=DIRECTION('',(0.566318342669578,-2.52494018443812E-16,0.824186589769563));
#12910=DIRECTION('center_axis',(0.824186589769563,1.73494686560068E-16,
-0.566318342669578));
#12911=DIRECTION('ref_axis',(-0.566318342669578,2.52494018443812E-16,-0.824186589769563));
#12912=DIRECTION('',(1.23259516440783E-31,-1.,-3.06355407353094E-16));
#12913=DIRECTION('',(1.23259516440783E-31,-1.,-3.06355407353094E-16));
#12914=DIRECTION('',(-1.19642341159902E-31,1.,3.06355407353094E-16));
#12915=DIRECTION('center_axis',(-1.,-1.91284081833138E-31,2.22044604925E-16));
#12916=DIRECTION('ref_axis',(2.22044604925E-16,-3.06355407353094E-16,1.));
#12917=DIRECTION('',(-1.23259516440783E-31,1.,3.06355407353094E-16));
#12918=DIRECTION('center_axis',(1.48264447995418E-31,-3.06355407353094E-16,
1.));
#12919=DIRECTION('ref_axis',(1.23259516440783E-31,-1.,-3.06355407353094E-16));
#12920=DIRECTION('',(1.23259516440783E-31,-1.,-3.06355407353094E-16));
#12921=DIRECTION('center_axis',(-1.,-1.23259516440783E-31,1.48264447995418E-31));
#12922=DIRECTION('ref_axis',(-1.23259516440783E-31,1.,3.06355407353094E-16));
#12923=CARTESIAN_POINT('',(0.,0.,0.));
#12924=CARTESIAN_POINT('Origin',(-6.740431612858,27.950635094611,7.));
#12925=CARTESIAN_POINT('',(-4.897853167155,31.1434223443722,14.9887737544753));
#12926=CARTESIAN_POINT('',(-4.89999999999965,31.138356155936,14.9309511075207));
#12927=CARTESIAN_POINT('',(-4.89999999999929,31.1383561559366,7.));
#12928=CARTESIAN_POINT('Origin',(-4.9540267021382,31.0447791628667,13.1985897244512));
#12929=CARTESIAN_POINT('Origin',(-5.1,30.5,10.));
#12930=CARTESIAN_POINT('Origin',(-4.9,31.2464093376618,14.3824312683262));
#12931=CARTESIAN_POINT('Origin',(-4.9,27.45,7.));
#12932=CARTESIAN_POINT('Origin',(-18.9999999999999,36.4543302637972,10.9543302637976));
#12933=CARTESIAN_POINT('',(-18.9999999999999,48.4543302637972,10.9543302637976));
#12934=CARTESIAN_POINT('',(-13.,48.4543302637972,10.9543302637976));
#12935=CARTESIAN_POINT('',(-18.9999999999999,48.4543302637972,10.9543302637976));
#12936=CARTESIAN_POINT('',(-13.,36.4543302637972,10.9543302637976));
#12937=CARTESIAN_POINT('',(-13.,36.4543302637972,10.9543302637976));
#12938=CARTESIAN_POINT('',(-18.9999999999999,36.4543302637972,10.9543302637976));
#12939=CARTESIAN_POINT('',(-18.9999999999999,36.4543302637972,10.9543302637976));
#12940=CARTESIAN_POINT('',(-18.9999999999999,36.4543302637972,10.9543302637976));
#12941=CARTESIAN_POINT('Origin',(-13.,36.4543302637972,10.9543302637976));
#12942=CARTESIAN_POINT('',(-13.,36.4543302637972,10.4543302637976));
#12943=CARTESIAN_POINT('',(-13.,48.4543302637972,10.4543302637976));
#12944=CARTESIAN_POINT('',(-13.,36.4543302637972,10.4543302637976));
#12945=CARTESIAN_POINT('',(-13.,36.4543302637972,10.9543302637976));
#12946=CARTESIAN_POINT('',(-13.,48.4543302637972,10.9543302637976));
#12947=CARTESIAN_POINT('Origin',(-18.9999999999999,48.4543302637972,10.9543302637976));
#12948=CARTESIAN_POINT('',(-18.9999999999999,48.4543302637972,10.4543302637976));
#12949=CARTESIAN_POINT('',(-18.9999999999999,48.4543302637972,10.9543302637976));
#12950=CARTESIAN_POINT('',(-18.9999999999999,48.4543302637972,10.4543302637976));
#12951=CARTESIAN_POINT('Origin',(-18.9999999999999,36.4543302637972,10.9543302637976));
#12952=CARTESIAN_POINT('',(-18.9999999999999,36.4543302637972,10.4543302637976));
#12953=CARTESIAN_POINT('',(-18.9999999999999,36.4543302637972,10.4543302637976));
#12954=CARTESIAN_POINT('',(-18.9999999999999,36.4543302637972,10.9543302637976));
#12955=CARTESIAN_POINT('Origin',(-18.9999999999999,36.4543302637972,10.9543302637976));
#12956=CARTESIAN_POINT('',(-18.9999999999999,36.4543302637972,10.4543302637976));
#12957=CARTESIAN_POINT('Origin',(-18.9999999999999,36.4543302637972,10.4543302637976));
#12958=CARTESIAN_POINT('Origin',(-27.6971628662958,35.3543302637972,37.7988865312906));
#12959=CARTESIAN_POINT('',(-27.6971628662958,39.8259275927168,37.7988865312906));
#12960=CARTESIAN_POINT('',(-27.6971628662958,34.9543302637972,37.7988865312906));
#12961=CARTESIAN_POINT('',(-27.6971628662958,35.3543302637972,37.7988865312906));
#12962=CARTESIAN_POINT('',(-27.6971628662958,39.5051744669292,36.8024923005214));
#12963=CARTESIAN_POINT('Origin',(-27.6971628662958,46.9543302637972,34.9543302637976));
#12964=CARTESIAN_POINT('',(-27.6971628662958,34.9543302637972,36.8024923005214));
#12965=CARTESIAN_POINT('',(-27.6971628662958,35.3543302637972,36.8024923005214));
#12966=CARTESIAN_POINT('',(-27.6971628662958,34.9543302637972,37.7988865312906));
#12967=CARTESIAN_POINT('Origin',(-30.2344224816804,35.3543302637972,33.1065788389829));
#12968=CARTESIAN_POINT('',(-30.2344224816804,41.9543302637972,33.1065788389829));
#12969=CARTESIAN_POINT('',(-30.2344224816804,34.9543302637972,33.1065788389829));
#12970=CARTESIAN_POINT('',(-30.2344224816804,35.3543302637972,33.1065788389829));
#12971=CARTESIAN_POINT('',(-31.2356244047574,41.9543302637972,33.1065788389829));
#12972=CARTESIAN_POINT('',(-29.6172112408402,41.9543302637972,33.1065788389829));
#12973=CARTESIAN_POINT('',(-31.2356244047574,34.9543302637972,33.1065788389829));
#12974=CARTESIAN_POINT('',(-31.2356244047574,35.3543302637972,33.1065788389829));
#12975=CARTESIAN_POINT('',(-30.2344224816804,34.9543302637972,33.1065788389829));
#12976=CARTESIAN_POINT('Origin',(-32.0048551739881,35.3543302637972,36.7988865312906));
#12977=CARTESIAN_POINT('',(-32.0048551739881,41.9543302637972,37.7988865312906));
#12978=CARTESIAN_POINT('',(-32.0048551739881,34.9543302637972,37.7988865312906));
#12979=CARTESIAN_POINT('',(-32.0048551739881,35.3543302637972,37.7988865312906));
#12980=CARTESIAN_POINT('',(-32.0048551739881,34.9543302637972,36.7988865312906));
#12981=CARTESIAN_POINT('',(-32.0048551739881,34.9543302637972,36.7988865312906));
#12982=CARTESIAN_POINT('',(-32.0048551739881,41.9543302637972,36.7988865312906));
#12983=CARTESIAN_POINT('',(-32.0048551739881,35.3543302637972,36.7988865312906));
#12984=CARTESIAN_POINT('',(-32.0048551739881,41.9543302637972,41.8766083975441));
#12985=CARTESIAN_POINT('Origin',(-27.6971628662958,35.3543302637972,36.8024923005214));
#12986=CARTESIAN_POINT('',(-27.6971628662958,34.9543302637972,36.8024923005214));
#12987=CARTESIAN_POINT('',(-29.,39.2794906850756,34.9047072762958));
#12988=CARTESIAN_POINT('Origin',(-28.9659336173605,46.9543302637972,34.9543302637976));
#12989=CARTESIAN_POINT('',(-29.,41.9543302637972,34.9047072762958));
#12990=CARTESIAN_POINT('',(-29.,34.6543302637972,34.9047072762958));
#12991=CARTESIAN_POINT('',(-25.5373996279804,41.9543302637972,39.9485235453437));
#12992=CARTESIAN_POINT('Origin',(-29.,33.9543302637972,46.9543302637976));
#12993=CARTESIAN_POINT('',(-29.,41.9543302637972,40.7771839456275));
#12994=CARTESIAN_POINT('',(-29.,39.8259275927168,37.7988865312906));
#12995=CARTESIAN_POINT('Origin',(-29.,46.9543302637972,34.9543302637976));
#12996=CARTESIAN_POINT('',(-29.,41.9543302637972,37.7988865312906));
#12997=CARTESIAN_POINT('',(-29.,34.6543302637972,37.7988865312906));
#12998=CARTESIAN_POINT('',(-29.,41.9543302637972,46.9543302637976));
#12999=CARTESIAN_POINT('Origin',(-23.3125474816804,35.3543302637972,36.4911942235983));
#13000=CARTESIAN_POINT('',(-23.3125474816804,34.9543302637972,36.4911942235983));
#13001=CARTESIAN_POINT('',(-23.3125474816804,34.9543302637972,39.0296557620598));
#13002=CARTESIAN_POINT('',(-23.3125474816804,34.9543302637972,36.4911942235983));
#13003=CARTESIAN_POINT('',(-23.3125474816804,39.4347774733006,36.4911942235983));
#13004=CARTESIAN_POINT('',(-23.3125474816804,35.3543302637972,36.4911942235983));
#13005=CARTESIAN_POINT('',(-23.3125474816804,40.4506892002687,39.0296557620598));
#13006=CARTESIAN_POINT('Origin',(-23.3125474816804,46.9543302637972,34.9543302637976));
#13007=CARTESIAN_POINT('',(-23.3125474816804,35.3543302637972,39.0296557620598));
#13008=CARTESIAN_POINT('Origin',(-34.,34.9543302637972,48.9543302637976));
#13009=CARTESIAN_POINT('',(-34.,41.9543302637972,29.4543302637976));
#13010=CARTESIAN_POINT('',(-34.,41.9543302637972,42.9543302637976));
#13011=CARTESIAN_POINT('',(-34.,41.9543302637972,48.9543302637976));
#13012=CARTESIAN_POINT('',(-34.,34.9543302637972,29.4543302637976));
#13013=CARTESIAN_POINT('',(-34.,34.9543302637972,29.4543302637976));
#13014=CARTESIAN_POINT('',(-34.,34.9543302637971,41.5456697362027));
#13015=CARTESIAN_POINT('',(-34.,34.9543302637972,48.9543302637976));
#13016=CARTESIAN_POINT('',(-34.,41.0601357760306,46.6690488895584));
#13017=CARTESIAN_POINT('',(-34.,34.0966311412892,40.8259747188456));
#13018=CARTESIAN_POINT('',(-34.,49.9543302637972,46.6690488895576));
#13019=CARTESIAN_POINT('',(-34.,34.9543302637972,46.6690488895576));
#13020=CARTESIAN_POINT('',(-34.,49.9543302637972,42.9543302637976));
#13021=CARTESIAN_POINT('',(-34.,49.9543302637972,49.9543302637976));
#13022=CARTESIAN_POINT('',(-34.,34.9543302637972,42.9543302637976));
#13023=CARTESIAN_POINT('Ctrl Pts',(5.28009576884823,54.1076473513342,15.9561773710586));
#13024=CARTESIAN_POINT('Ctrl Pts',(5.28009576884823,34.9543302637972,15.9561773710586));
#13025=CARTESIAN_POINT('Ctrl Pts',(-4.97995198132799,54.1076473513342,22.7515035013924));
#13026=CARTESIAN_POINT('Ctrl Pts',(-4.97995198132799,34.9543302637972,22.7515035013924));
#13027=CARTESIAN_POINT('Ctrl Pts',(-15.2399997315042,54.1076473513342,29.5468296317261));
#13028=CARTESIAN_POINT('Ctrl Pts',(-15.2399997315042,34.9543302637972,29.5468296317261));
#13029=CARTESIAN_POINT('Ctrl Pts',(-25.5000474816804,54.1076473513342,36.3421557620598));
#13030=CARTESIAN_POINT('Ctrl Pts',(-25.5000474816804,34.9543302637972,36.3421557620598));
#13031=CARTESIAN_POINT('Ctrl Pts',(-25.5587117925839,54.1076473513342,36.3810096869642));
#13032=CARTESIAN_POINT('Ctrl Pts',(-25.5587117925839,34.9543302637972,36.3810096869641));
#13033=CARTESIAN_POINT('Ctrl Pts',(-25.673525841311,54.1076473513342,36.4570521113701));
#13034=CARTESIAN_POINT('Ctrl Pts',(-25.673525841311,34.9543302637972,36.4570521113701));
#13035=CARTESIAN_POINT('Ctrl Pts',(-25.8323793429207,54.1076473513342,36.5822949371699));
#13036=CARTESIAN_POINT('Ctrl Pts',(-25.8323793429207,34.9543302637972,36.5822949371699));
#13037=CARTESIAN_POINT('Ctrl Pts',(-25.9749920958745,54.1076473513342,36.7137469697023));
#13038=CARTESIAN_POINT('Ctrl Pts',(-25.9749920958745,34.9543302637972,36.7137469697023));
#13039=CARTESIAN_POINT('Ctrl Pts',(-26.0829712785596,54.1076473513342,36.830642294362));
#13040=CARTESIAN_POINT('Ctrl Pts',(-26.0829712785596,34.9543302637972,36.830642294362));
#13041=CARTESIAN_POINT('Ctrl Pts',(-26.1659421523806,54.1076473513342,36.9334391752781));
#13042=CARTESIAN_POINT('Ctrl Pts',(-26.1659421523806,34.9543302637972,36.9334391752781));
#13043=CARTESIAN_POINT('Ctrl Pts',(-26.2327478822057,54.1076473513342,37.0233463179211));
#13044=CARTESIAN_POINT('Ctrl Pts',(-26.2327478822057,34.9543302637972,37.0233463179211));
#13045=CARTESIAN_POINT('Ctrl Pts',(-26.3048085707896,54.1076473513342,37.1268163982673));
#13046=CARTESIAN_POINT('Ctrl Pts',(-26.3048085707896,34.9543302637972,37.1268163982673));
#13047=CARTESIAN_POINT('Ctrl Pts',(-26.3814174609019,54.1076473513342,37.2439054778031));
#13048=CARTESIAN_POINT('Ctrl Pts',(-26.3814174609019,34.9543302637972,37.243905477803));
#13049=CARTESIAN_POINT('Ctrl Pts',(-26.4648393052896,54.1076473513342,37.3735775968179));
#13050=CARTESIAN_POINT('Ctrl Pts',(-26.4648393052896,34.9543302637972,37.3735775968179));
#13051=CARTESIAN_POINT('Ctrl Pts',(-26.5519714955621,54.1076473513342,37.5178175859776));
#13052=CARTESIAN_POINT('Ctrl Pts',(-26.5519714955621,34.9543302637972,37.5178175859776));
#13053=CARTESIAN_POINT('Ctrl Pts',(-26.6446373969413,54.1076473513342,37.6752185073478));
#13054=CARTESIAN_POINT('Ctrl Pts',(-26.6446373969413,34.9543302637972,37.6752185073478));
#13055=CARTESIAN_POINT('Ctrl Pts',(-26.7069405271948,54.1076473513342,37.7851710200997));
#13056=CARTESIAN_POINT('Ctrl Pts',(-26.7069405271948,34.9543302637972,37.7851710200997));
#13057=CARTESIAN_POINT('Ctrl Pts',(-26.7392301739881,54.1076473513342,37.8421557620598));
#13058=CARTESIAN_POINT('Ctrl Pts',(-26.7392301739881,34.9543302637972,37.8421557620598));
#13059=CARTESIAN_POINT('Ctrl Pts',(-28.5687608057587,54.1076473513342,41.0709099081423));
#13060=CARTESIAN_POINT('Ctrl Pts',(-28.5687608057587,34.9543302637972,41.0709099081423));
#13061=CARTESIAN_POINT('Ctrl Pts',(-30.3982914375292,54.1076473513342,44.2996640542248));
#13062=CARTESIAN_POINT('Ctrl Pts',(-30.3982914375292,34.9543302637972,44.2996640542248));
#13063=CARTESIAN_POINT('Ctrl Pts',(-32.2278220692998,54.1076473513342,47.5284182003073));
#13064=CARTESIAN_POINT('Ctrl Pts',(-32.2278220692998,34.9543302637972,47.5284182003073));
#13065=CARTESIAN_POINT('',(-26.2765145540811,34.9543302637972,37.0865143860794));
#13066=CARTESIAN_POINT('',(-26.7392301739881,34.9543302637972,37.8421557620598));
#13067=CARTESIAN_POINT('Ctrl Pts',(-26.2765145540811,34.9543302637972,37.0865143860794));
#13068=CARTESIAN_POINT('Ctrl Pts',(-26.2849822435093,34.9543302637972,37.0987688840299));
#13069=CARTESIAN_POINT('Ctrl Pts',(-26.3196559401892,34.9543302637972,37.1495091277139));
#13070=CARTESIAN_POINT('Ctrl Pts',(-26.3814174609019,34.9543302637972,37.243905477803));
#13071=CARTESIAN_POINT('Ctrl Pts',(-26.4648393052896,34.9543302637972,37.3735775968179));
#13072=CARTESIAN_POINT('Ctrl Pts',(-26.5519714955621,34.9543302637972,37.5178175859776));
#13073=CARTESIAN_POINT('Ctrl Pts',(-26.6446373969413,34.9543302637972,37.6752185073478));
#13074=CARTESIAN_POINT('Ctrl Pts',(-26.7069405271948,34.9543302637972,37.7851710200997));
#13075=CARTESIAN_POINT('Ctrl Pts',(-26.7392301739881,34.9543302637972,37.8421557620598));
#13076=CARTESIAN_POINT('',(-26.2765145540811,39.5814464407135,37.0865143860794));
#13077=CARTESIAN_POINT('Ctrl Pts',(-26.2765145540811,39.5814464407135,37.0865143860794));
#13078=CARTESIAN_POINT('Ctrl Pts',(-26.2765145540811,38.0390743817414,37.0865143860794));
#13079=CARTESIAN_POINT('Ctrl Pts',(-26.2765145540811,36.4967023227693,37.0865143860794));
#13080=CARTESIAN_POINT('Ctrl Pts',(-26.2765145540811,34.9543302637972,37.0865143860794));
#13081=CARTESIAN_POINT('',(-26.7392301739882,39.8433465841938,37.8421557620599));
#13082=CARTESIAN_POINT('Ctrl Pts',(-26.2765145540811,39.5814464407135,37.0865143860794));
#13083=CARTESIAN_POINT('Ctrl Pts',(-26.3718408018529,39.6213425381276,37.2244711826591));
#13084=CARTESIAN_POINT('Ctrl Pts',(-26.4497710243345,39.6622129159926,37.349719077233));
#13085=CARTESIAN_POINT('Ctrl Pts',(-26.5594161631769,39.7235188724084,37.5295989866211));
#13086=CARTESIAN_POINT('Ctrl Pts',(-26.6416543520812,39.7734141291905,37.6699540322453));
#13087=CARTESIAN_POINT('Ctrl Pts',(-26.739230173988,39.8433465841937,37.8421557620595));
#13088=CARTESIAN_POINT('',(-26.7392301739881,35.3543302637972,37.8421557620598));
#13089=CARTESIAN_POINT('Origin',(-28.4999999999999,43.9543302637972,9.45433026379757));
#13090=CARTESIAN_POINT('',(-26.999999999997,43.9543302638118,9.45433026379757));
#13091=CARTESIAN_POINT('Origin',(-28.4999999999999,43.9543302638118,9.45433026379757));
#13092=CARTESIAN_POINT('Origin',(-25.25,41.9543302637972,16.4232413505516));
#13093=CARTESIAN_POINT('',(-28.7499999999999,41.9543302637972,16.4232413505516));
#13094=CARTESIAN_POINT('',(-25.2500000000002,41.9543302637972,16.4232413505517));
#13095=CARTESIAN_POINT('',(-25.25,41.9543302637972,16.4232413505516));
#13096=CARTESIAN_POINT('',(-25.2500000000005,49.9543302637972,16.4232413505516));
#13097=CARTESIAN_POINT('',(-25.25,41.9543302637972,16.4232413505516));
#13098=CARTESIAN_POINT('',(-28.7499999999999,49.9543302637972,16.4232413505516));
#13099=CARTESIAN_POINT('',(-42.4999999999999,49.9543302637972,16.4232413505516));
#13100=CARTESIAN_POINT('',(-28.7499999999999,41.9543302637972,16.4232413505516));
#13101=CARTESIAN_POINT('Origin',(-28.4999999999999,36.9543302637972,9.45433026379757));
#13102=CARTESIAN_POINT('',(-26.5000000000081,36.9543302638636,9.45433026379757));
#13103=CARTESIAN_POINT('Origin',(-28.4999999999999,36.9543302638636,9.45433026379757));
#13104=CARTESIAN_POINT('',(-26.5100000000018,36.9543302638068,9.45433026379757));
#13105=CARTESIAN_POINT('Origin',(-28.4999999999999,36.9543302638068,9.45433026379757));
#13106=CARTESIAN_POINT('Origin',(-25.4499999999999,38.9543302637972,16.7696515120656));
#13107=CARTESIAN_POINT('',(-28.55,38.9543302637972,16.7696515120656));
#13108=CARTESIAN_POINT('',(-25.4499999999999,38.9543302637972,16.7696515120656));
#13109=CARTESIAN_POINT('',(-25.4499999999999,38.9543302637972,16.7696515120656));
#13110=CARTESIAN_POINT('',(-25.4500000000002,41.9543302637972,16.7696515120657));
#13111=CARTESIAN_POINT('',(-25.4499999999999,38.9543302637972,16.7696515120656));
#13112=CARTESIAN_POINT('',(-28.55,41.9543302637972,16.7696515120656));
#13113=CARTESIAN_POINT('',(-23.4999999999999,41.9543302637972,16.7696515120656));
#13114=CARTESIAN_POINT('',(-28.55,38.9543302637972,16.7696515120656));
#13115=CARTESIAN_POINT('Origin',(-27.,33.9543302637972,19.4543302637976));
#13116=CARTESIAN_POINT('',(-28.6499999999969,35.9543302638304,19.4543302637976));
#13117=CARTESIAN_POINT('',(-25.3499999999978,35.9543302638319,19.4543302637976));
#13118=CARTESIAN_POINT('Origin',(-27.,35.9543302638304,19.4543302637976));
#13119=CARTESIAN_POINT('Origin',(-27.,35.9543302638304,19.4543302637976));
#13120=CARTESIAN_POINT('',(-28.6499999999999,38.9543302637972,19.4543302637976));
#13121=CARTESIAN_POINT('',(-28.6499999999999,33.9543302637972,19.4543302637976));
#13122=CARTESIAN_POINT('Origin',(-27.,38.9543302637972,19.4543302637976));
#13123=CARTESIAN_POINT('Origin',(-23.3125474816804,35.3543302637972,39.0296557620598));
#13124=CARTESIAN_POINT('',(-27.4663936355266,40.4506892002687,39.0296557620598));
#13125=CARTESIAN_POINT('',(-26.1178359432189,40.4506892002687,39.0296557620598));
#13126=CARTESIAN_POINT('',(-34.,40.4506892002687,39.0296557620598));
#13127=CARTESIAN_POINT('',(-26.1178359432189,34.9543302637972,39.0296557620598));
#13128=CARTESIAN_POINT('',(-26.1178359432189,35.3543302637972,39.0296557620598));
#13129=CARTESIAN_POINT('',(-27.4663936355266,34.9543302637972,39.0296557620598));
#13130=CARTESIAN_POINT('',(-27.4663936355266,34.9543302637972,39.0296557620598));
#13131=CARTESIAN_POINT('',(-27.4663936355266,35.3543302637972,39.0296557620598));
#13132=CARTESIAN_POINT('Origin',(-26.7392301739881,35.3543302637972,37.8421557620598));
#13133=CARTESIAN_POINT('Origin',(-24.9708754913478,46.9543302637972,34.9543302637976));
#13134=CARTESIAN_POINT('',(-26.7392301739881,34.9543302637972,37.8421557620598));
#13135=CARTESIAN_POINT('Origin',(-29.,33.9543302637972,46.9543302637976));
#13136=CARTESIAN_POINT('',(-29.,41.9543302637972,29.1314765819677));
#13137=CARTESIAN_POINT('Origin',(-29.,46.9543302637972,34.9543302637976));
#13138=CARTESIAN_POINT('',(-29.,41.9543302637972,46.9543302637976));
#13139=CARTESIAN_POINT('Ctrl Pts',(-4.53326449965309,53.9981378589884,32.9055120438552));
#13140=CARTESIAN_POINT('Ctrl Pts',(-4.53326449965309,34.9543302637972,32.9055120438552));
#13141=CARTESIAN_POINT('Ctrl Pts',(-11.2477530577648,53.9981378589884,32.9468932832567));
#13142=CARTESIAN_POINT('Ctrl Pts',(-11.2477530577648,34.9543302637972,32.9468932832567));
#13143=CARTESIAN_POINT('Ctrl Pts',(-17.9622416158764,53.9981378589884,32.9882745226583));
#13144=CARTESIAN_POINT('Ctrl Pts',(-17.9622416158764,34.9543302637972,32.9882745226583));
#13145=CARTESIAN_POINT('Ctrl Pts',(-24.6767301739881,53.9981378589884,33.0296557620598));
#13146=CARTESIAN_POINT('Ctrl Pts',(-24.6767301739881,34.9543302637972,33.0296557620598));
#13147=CARTESIAN_POINT('Ctrl Pts',(-24.7532555594687,53.9981378589884,33.0301273862601));
#13148=CARTESIAN_POINT('Ctrl Pts',(-24.7532555594687,34.9543302637972,33.0301273862601));
#13149=CARTESIAN_POINT('Ctrl Pts',(-24.9007339831425,53.9981378589884,33.0310362924119));
#13150=CARTESIAN_POINT('Ctrl Pts',(-24.9007339831425,34.9543302637972,33.0310362924119));
#13151=CARTESIAN_POINT('Ctrl Pts',(-25.1140165556841,53.9981378589884,33.0376642178851));
#13152=CARTESIAN_POINT('Ctrl Pts',(-25.1140165556841,34.9543302637972,33.0376642178851));
#13153=CARTESIAN_POINT('Ctrl Pts',(-25.3107109628364,53.9981378589884,33.0515501074563));
#13154=CARTESIAN_POINT('Ctrl Pts',(-25.3107109628364,34.9543302637972,33.0515501074563));
#13155=CARTESIAN_POINT('Ctrl Pts',(-25.4916897442684,53.9981378589884,33.0672759916514));
#13156=CARTESIAN_POINT('Ctrl Pts',(-25.4916897442684,34.9543302637972,33.0672759916514));
#13157=CARTESIAN_POINT('Ctrl Pts',(-25.656083644276,53.9981378589884,33.0901561395674));
#13158=CARTESIAN_POINT('Ctrl Pts',(-25.656083644276,34.9543302637972,33.0901561395674));
#13159=CARTESIAN_POINT('Ctrl Pts',(-25.8045426469562,53.9981378589884,33.1175663313553));
#13160=CARTESIAN_POINT('Ctrl Pts',(-25.8045426469562,34.9543302637972,33.1175663313553));
#13161=CARTESIAN_POINT('Ctrl Pts',(-25.9368168111899,53.9981378589884,33.1493309649278));
#13162=CARTESIAN_POINT('Ctrl Pts',(-25.9368168111899,34.9543302637972,33.1493309649278));
#13163=CARTESIAN_POINT('Ctrl Pts',(-26.0548360955284,53.9981378589884,33.1873742644548));
#13164=CARTESIAN_POINT('Ctrl Pts',(-26.0548360955284,34.9543302637972,33.1873742644548));
#13165=CARTESIAN_POINT('Ctrl Pts',(-26.1624457077632,53.9981378589884,33.2309161424202));
#13166=CARTESIAN_POINT('Ctrl Pts',(-26.1624457077632,34.9543302637972,33.2309161424202));
#13167=CARTESIAN_POINT('Ctrl Pts',(-26.2626893416931,53.9981378589884,33.2827432282109));
#13168=CARTESIAN_POINT('Ctrl Pts',(-26.2626893416931,34.9543302637972,33.2827432282109));
#13169=CARTESIAN_POINT('Ctrl Pts',(-26.3566692043361,53.9981378589884,33.34346502824));
#13170=CARTESIAN_POINT('Ctrl Pts',(-26.3566692043361,34.9543302637972,33.34346502824));
#13171=CARTESIAN_POINT('Ctrl Pts',(-26.4458287358107,53.9981378589884,33.4109886299152));
#13172=CARTESIAN_POINT('Ctrl Pts',(-26.4458287358107,34.9543302637972,33.4109886299152));
#13173=CARTESIAN_POINT('Ctrl Pts',(-26.5305454897331,53.9981378589884,33.4854177857799));
#13174=CARTESIAN_POINT('Ctrl Pts',(-26.5305454897331,34.9543302637972,33.4854177857799));
#13175=CARTESIAN_POINT('Ctrl Pts',(-26.6084969826774,53.9981378589884,33.5687222585387));
#13176=CARTESIAN_POINT('Ctrl Pts',(-26.6084969826774,34.9543302637972,33.5687222585387));
#13177=CARTESIAN_POINT('Ctrl Pts',(-26.6810413366155,53.9981378589884,33.6596616187138));
#13178=CARTESIAN_POINT('Ctrl Pts',(-26.6810413366155,34.9543302637972,33.6596616187138));
#13179=CARTESIAN_POINT('Ctrl Pts',(-26.748120017982,53.9981378589884,33.757479244646));
#13180=CARTESIAN_POINT('Ctrl Pts',(-26.748120017982,34.9543302637972,33.757479244646));
#13181=CARTESIAN_POINT('Ctrl Pts',(-26.8072121372021,53.9981378589884,33.8617432126487));
#13182=CARTESIAN_POINT('Ctrl Pts',(-26.8072121372021,34.9543302637972,33.8617432126487));
#13183=CARTESIAN_POINT('Ctrl Pts',(-26.8612068197541,53.9981378589884,33.969105062062));
#13184=CARTESIAN_POINT('Ctrl Pts',(-26.8612068197541,34.9543302637972,33.969105062062));
#13185=CARTESIAN_POINT('Ctrl Pts',(-26.9051605280502,53.9981378589884,34.0807072840019));
#13186=CARTESIAN_POINT('Ctrl Pts',(-26.9051605280502,34.9543302637972,34.0807072840019));
#13187=CARTESIAN_POINT('Ctrl Pts',(-26.9414658916011,53.9981378589884,34.1960241496414));
#13188=CARTESIAN_POINT('Ctrl Pts',(-26.9414658916011,34.9543302637972,34.1960241496414));
#13189=CARTESIAN_POINT('Ctrl Pts',(-26.9704671760468,53.9981378589884,34.3148052897313));
#13190=CARTESIAN_POINT('Ctrl Pts',(-26.9704671760468,34.9543302637972,34.3148052897313));
#13191=CARTESIAN_POINT('Ctrl Pts',(-26.9905965178535,53.9981378589884,34.4373526897723));
#13192=CARTESIAN_POINT('Ctrl Pts',(-26.9905965178535,34.9543302637972,34.4373526897723));
#13193=CARTESIAN_POINT('Ctrl Pts',(-27.0031630490026,53.9981378589884,34.5634445349311));
#13194=CARTESIAN_POINT('Ctrl Pts',(-27.0031630490026,34.9543302637972,34.5634445349311));
#13195=CARTESIAN_POINT('Ctrl Pts',(-27.0042848648718,53.9981378589884,34.6486159206714));
#13196=CARTESIAN_POINT('Ctrl Pts',(-27.0042848648718,34.9543302637972,34.6486159206714));
#13197=CARTESIAN_POINT('Ctrl Pts',(-27.0048551739881,53.9981378589884,34.6919153774444));
#13198=CARTESIAN_POINT('Ctrl Pts',(-27.0048551739881,34.9543302637972,34.6919153774444));
#13199=CARTESIAN_POINT('Ctrl Pts',(-27.157398435019,53.9981378589884,46.2734246821004));
#13200=CARTESIAN_POINT('Ctrl Pts',(-27.157398435019,34.9543302637972,46.2734246821003));
#13201=CARTESIAN_POINT('Ctrl Pts',(-27.3099416960498,53.9981378589884,57.8549339867563));
#13202=CARTESIAN_POINT('Ctrl Pts',(-27.3099416960498,34.9543302637972,57.8549339867563));
#13203=CARTESIAN_POINT('Ctrl Pts',(-27.4624849570807,53.9981378589884,69.4364432914122));
#13204=CARTESIAN_POINT('Ctrl Pts',(-27.4624849570807,34.9543302637972,69.4364432914122));
#13205=CARTESIAN_POINT('',(-24.6767301739881,39.524575687611,33.0296557620598));
#13206=CARTESIAN_POINT('',(-27.0048551739881,39.2838176715763,34.6919153774444));
#13207=CARTESIAN_POINT('Ctrl Pts',(-24.6767301739881,39.524575687611,33.0296557620598));
#13208=CARTESIAN_POINT('Ctrl Pts',(-25.3753900755359,39.5234602656294,33.0339615870523));
#13209=CARTESIAN_POINT('Ctrl Pts',(-25.6622876349504,39.5147309387164,33.0653469904058));
#13210=CARTESIAN_POINT('Ctrl Pts',(-26.1126356363463,39.4812654620821,33.2048444213975));
#13211=CARTESIAN_POINT('Ctrl Pts',(-26.2799419386313,39.4639157243521,33.2745009656217));
#13212=CARTESIAN_POINT('Ctrl Pts',(-26.6072272079067,39.4083588511366,33.547077295149));
#13213=CARTESIAN_POINT('Ctrl Pts',(-26.7129384936944,39.382593217432,33.6859244777808));
#13214=CARTESIAN_POINT('Ctrl Pts',(-26.8430706347444,39.3475336348951,33.9315018249751));
#13215=CARTESIAN_POINT('Ctrl Pts',(-26.9630905179544,39.3128416384537,34.1655820372528));
#13216=CARTESIAN_POINT('Ctrl Pts',(-27.0020172428994,39.2894452131372,34.5557383577861));
#13217=CARTESIAN_POINT('Ctrl Pts',(-27.00392824472,39.2862252631262,34.6215403253361));
#13218=CARTESIAN_POINT('Ctrl Pts',(-27.0048551739881,39.2838176715763,34.6919153774444));
#13219=CARTESIAN_POINT('',(-27.0048551739881,34.9543302637972,34.6919153774444));
#13220=CARTESIAN_POINT('',(-27.0048551739881,35.3543302637972,34.6919153774444));
#13221=CARTESIAN_POINT('',(-24.6767301739881,34.9543302637972,33.0296557620598));
#13222=CARTESIAN_POINT('Ctrl Pts',(-24.6767301739881,34.9543302637972,33.0296557620598));
#13223=CARTESIAN_POINT('Ctrl Pts',(-24.7532555594687,34.9543302637972,33.0301273862601));
#13224=CARTESIAN_POINT('Ctrl Pts',(-24.9007339831425,34.9543302637972,33.0310362924119));
#13225=CARTESIAN_POINT('Ctrl Pts',(-25.1140165556841,34.9543302637972,33.0376642178851));
#13226=CARTESIAN_POINT('Ctrl Pts',(-25.3107109628364,34.9543302637972,33.0515501074563));
#13227=CARTESIAN_POINT('Ctrl Pts',(-25.4916897442684,34.9543302637972,33.0672759916514));
#13228=CARTESIAN_POINT('Ctrl Pts',(-25.656083644276,34.9543302637972,33.0901561395674));
#13229=CARTESIAN_POINT('Ctrl Pts',(-25.8045426469562,34.9543302637972,33.1175663313553));
#13230=CARTESIAN_POINT('Ctrl Pts',(-25.9368168111899,34.9543302637972,33.1493309649278));
#13231=CARTESIAN_POINT('Ctrl Pts',(-26.0548360955284,34.9543302637972,33.1873742644548));
#13232=CARTESIAN_POINT('Ctrl Pts',(-26.1624457077632,34.9543302637972,33.2309161424202));
#13233=CARTESIAN_POINT('Ctrl Pts',(-26.2626893416931,34.9543302637972,33.2827432282109));
#13234=CARTESIAN_POINT('Ctrl Pts',(-26.3566692043361,34.9543302637972,33.34346502824));
#13235=CARTESIAN_POINT('Ctrl Pts',(-26.4458287358107,34.9543302637972,33.4109886299152));
#13236=CARTESIAN_POINT('Ctrl Pts',(-26.5305454897331,34.9543302637972,33.4854177857799));
#13237=CARTESIAN_POINT('Ctrl Pts',(-26.6084969826774,34.9543302637972,33.5687222585387));
#13238=CARTESIAN_POINT('Ctrl Pts',(-26.6810413366155,34.9543302637972,33.6596616187138));
#13239=CARTESIAN_POINT('Ctrl Pts',(-26.748120017982,34.9543302637972,33.757479244646));
#13240=CARTESIAN_POINT('Ctrl Pts',(-26.8072121372021,34.9543302637972,33.8617432126487));
#13241=CARTESIAN_POINT('Ctrl Pts',(-26.8612068197541,34.9543302637972,33.969105062062));
#13242=CARTESIAN_POINT('Ctrl Pts',(-26.9051605280502,34.9543302637972,34.0807072840019));
#13243=CARTESIAN_POINT('Ctrl Pts',(-26.9414658916011,34.9543302637972,34.1960241496414));
#13244=CARTESIAN_POINT('Ctrl Pts',(-26.9704671760468,34.9543302637972,34.3148052897313));
#13245=CARTESIAN_POINT('Ctrl Pts',(-26.9905965178535,34.9543302637972,34.4373526897723));
#13246=CARTESIAN_POINT('Ctrl Pts',(-27.0031630490026,34.9543302637972,34.5634445349311));
#13247=CARTESIAN_POINT('Ctrl Pts',(-27.0042848648718,34.9543302637972,34.6486159206714));
#13248=CARTESIAN_POINT('Ctrl Pts',(-27.0048551739881,34.9543302637972,34.6919153774444));
#13249=CARTESIAN_POINT('',(-24.6767301739881,35.3543302637972,33.0296557620598));
#13250=CARTESIAN_POINT('Origin',(-42.4999999999999,41.9543302637972,0.654330263797576));
#13251=CARTESIAN_POINT('',(-38.5,49.9543302637972,0.65433026379758));
#13252=CARTESIAN_POINT('',(-20.9999999999999,49.9543302637972,0.65433026379758));
#13253=CARTESIAN_POINT('',(-42.4999999999999,49.9543302637972,0.65433026379758));
#13254=CARTESIAN_POINT('',(-20.9999999999999,49.9220944908885,0.654330263797296));
#13255=CARTESIAN_POINT('',(-20.9999999999999,41.9543302637972,0.654330263797576));
#13256=CARTESIAN_POINT('',(-24.1852813742298,49.9220944908888,0.654330263797136));
#13257=CARTESIAN_POINT('',(-42.4999999999999,49.9220944908882,0.65433026379758));
#13258=CARTESIAN_POINT('',(-24.1852813742298,46.9543302637972,0.654330263797704));
#13259=CARTESIAN_POINT('',(-24.1852813742294,35.9543302637972,0.654330263798073));
#13260=CARTESIAN_POINT('',(-33.7499999999999,46.9543302637972,0.65433026379758));
#13261=CARTESIAN_POINT('',(12.5000000000001,46.9543302637972,0.65433026379758));
#13262=CARTESIAN_POINT('',(-33.7499999999999,48.420618093659,0.65433026379758));
#13263=CARTESIAN_POINT('',(-33.7499999999999,41.9543302637972,0.654330263797576));
#13264=CARTESIAN_POINT('',(-37.25,48.420618093659,0.65433026379758));
#13265=CARTESIAN_POINT('',(-42.4999999999999,48.4206180936592,0.65433026379758));
#13266=CARTESIAN_POINT('',(-37.25,46.9543302637972,0.65433026379758));
#13267=CARTESIAN_POINT('',(-37.25,41.9543302637972,0.654330263797576));
#13268=CARTESIAN_POINT('',(-38.5,46.9543302637972,0.65433026379758));
#13269=CARTESIAN_POINT('',(12.5000000000001,46.9543302637972,0.65433026379758));
#13270=CARTESIAN_POINT('',(-38.5,41.9543302637972,0.654330263797576));
#13271=CARTESIAN_POINT('Origin',(-23.2999999999999,46.9543302637972,4.57433026379757));
#13272=CARTESIAN_POINT('',(-31.4468330780517,46.9543303831847,4.5743302498173));
#13273=CARTESIAN_POINT('',(-23.8370115930677,46.9543302638071,4.57433026379582));
#13274=CARTESIAN_POINT('',(-23.2999999999999,46.9543302637972,4.57433026379757));
#13275=CARTESIAN_POINT('',(-23.3878992519298,49.9543302637972,4.04534932167222));
#13276=CARTESIAN_POINT('Origin',(-22.4999999999897,43.0978586264574,5.25433026380311));
#13277=CARTESIAN_POINT('',(-31.6030417651438,49.9543302637972,4.04534932167222));
#13278=CARTESIAN_POINT('',(-42.4999999999999,49.9543302637972,4.04534932167258));
#13279=CARTESIAN_POINT('Ctrl Pts',(-31.6030417651438,49.9543302637972,4.04534932167222));
#13280=CARTESIAN_POINT('Ctrl Pts',(-31.5538396594276,49.0254874550409,4.20912936969273));
#13281=CARTESIAN_POINT('Ctrl Pts',(-31.5016959129382,48.0240627372831,4.38570756658189));
#13282=CARTESIAN_POINT('Ctrl Pts',(-31.4468330914137,46.954330501099,4.57433022185674));
#13283=CARTESIAN_POINT('Origin',(-23.2999999999999,41.9543302637972,4.57433026379757));
#13284=CARTESIAN_POINT('',(-31.4480131584621,41.9543302637972,4.57433026379757));
#13285=CARTESIAN_POINT('',(-23.8370115930643,41.9543302637972,4.57433026379757));
#13286=CARTESIAN_POINT('',(-23.2999999999999,41.9543302637972,4.57433026379757));
#13287=CARTESIAN_POINT('',(-23.8370115930668,41.9543302637972,4.57433026379407));
#13288=CARTESIAN_POINT('',(-31.4480131584624,46.9441919804689,4.5743302637997));
#13289=CARTESIAN_POINT('Origin',(-31.6286157543268,47.7725787806047,4.57433026379757));
#13290=CARTESIAN_POINT('',(-31.4480131584624,41.9543302637972,4.57433026379969));
#13291=CARTESIAN_POINT('Origin',(-23.2999999999999,41.9543302637972,5.32433026379757));
#13292=CARTESIAN_POINT('',(-31.2638367901599,46.9084582986842,5.32433026379758));
#13293=CARTESIAN_POINT('',(-30.3,46.9084582986842,5.32433026379758));
#13294=CARTESIAN_POINT('',(-23.2999999999999,46.9084582986842,5.32433026379758));
#13295=CARTESIAN_POINT('',(-30.2999999999999,41.9543302637972,5.32433026379757));
#13296=CARTESIAN_POINT('',(-30.2999999999999,41.9543302637972,5.32433026379757));
#13297=CARTESIAN_POINT('',(-31.2638367901593,41.9543302637972,5.32433026379727));
#13298=CARTESIAN_POINT('',(-23.2999999999999,41.9543302637972,5.32433026379757));
#13299=CARTESIAN_POINT('',(-31.2638367901599,41.9543302637972,5.32433026379757));
#13300=CARTESIAN_POINT('Origin',(-23.2999999999999,46.8629282562432,5.31873987752857));
#13301=CARTESIAN_POINT('',(-31.0894442301585,49.9543302637972,5.69831631560046));
#13302=CARTESIAN_POINT('',(-31.3929360421978,44.6536614626608,5.04747602436143));
#13303=CARTESIAN_POINT('',(-30.2999999999999,49.9543302637972,5.69831631560057));
#13304=CARTESIAN_POINT('',(-42.4999999999999,49.9543302637972,5.69831631560057));
#13305=CARTESIAN_POINT('',(-30.2999999999999,49.9543302637972,5.69831631560057));
#13306=CARTESIAN_POINT('Origin',(-31.4135455555699,41.9543302637972,5.00327878030657));
#13307=CARTESIAN_POINT('',(-30.9909272938291,41.9543302637972,5.90958656734318));
#13308=CARTESIAN_POINT('',(-31.4135455555699,41.9543302637972,5.00327878030657));
#13309=CARTESIAN_POINT('',(-30.9909272938294,46.8931676436472,5.90958656734299));
#13310=CARTESIAN_POINT('',(-30.9909272938291,41.9543302637972,5.90958656734319));
#13311=CARTESIAN_POINT('',(-30.8320805113562,49.9543302637972,6.25023459165685));
#13312=CARTESIAN_POINT('',(-30.9909272938291,46.8931676436472,5.90958656734319));
#13313=CARTESIAN_POINT('',(-31.4135455555699,49.9543302637972,5.00327878030657));
#13314=CARTESIAN_POINT('Origin',(-36.5,41.9543302637972,6.95433026379757));
#13315=CARTESIAN_POINT('',(-30.3,41.9543302637972,6.07433026379757));
#13316=CARTESIAN_POINT('',(-30.2999999999999,41.9543302637972,5.07433026379757));
#13317=CARTESIAN_POINT('',(-29.3,41.9543302637972,6.07433026379757));
#13318=CARTESIAN_POINT('',(-29.2999999999999,41.9543302637972,6.07433026379757));
#13319=CARTESIAN_POINT('',(-29.2999999999999,41.9543302637972,5.32433026379757));
#13320=CARTESIAN_POINT('',(-29.2999999999999,41.9543302637972,5.07433026379757));
#13321=CARTESIAN_POINT('',(-28.2999999999999,41.9543302637972,5.32433026379757));
#13322=CARTESIAN_POINT('',(-23.2999999999999,41.9543302637972,5.32433026379757));
#13323=CARTESIAN_POINT('',(-28.2999999999999,41.9543302637972,6.07433026379757));
#13324=CARTESIAN_POINT('',(-28.2999999999999,41.9543302637972,5.07433026379757));
#13325=CARTESIAN_POINT('',(-27.3,41.9543302637972,6.07433026379757));
#13326=CARTESIAN_POINT('',(-27.3,41.9543302637972,6.07433026379757));
#13327=CARTESIAN_POINT('',(-27.3,41.9543302637972,5.32433026379757));
#13328=CARTESIAN_POINT('',(-27.3,41.9543302637972,5.07433026379757));
#13329=CARTESIAN_POINT('',(-26.3,41.9543302637972,5.32433026379757));
#13330=CARTESIAN_POINT('',(-23.2999999999999,41.9543302637972,5.32433026379757));
#13331=CARTESIAN_POINT('',(-26.3,41.9543302637972,6.07433026379757));
#13332=CARTESIAN_POINT('',(-26.3,41.9543302637972,5.07433026379757));
#13333=CARTESIAN_POINT('',(-25.2999999999999,41.9543302637972,6.07433026379757));
#13334=CARTESIAN_POINT('',(-25.2999999999999,41.9543302637972,6.07433026379757));
#13335=CARTESIAN_POINT('',(-25.2999999999999,41.9543302637972,5.32433026379757));
#13336=CARTESIAN_POINT('',(-25.2999999999999,41.9543302637972,5.07433026379757));
#13337=CARTESIAN_POINT('',(-24.2999999999999,41.9543302637972,5.32433026379757));
#13338=CARTESIAN_POINT('',(-23.2999999999999,41.9543302637972,5.32433026379757));
#13339=CARTESIAN_POINT('',(-24.2999999999999,41.9543302637972,6.07433026379757));
#13340=CARTESIAN_POINT('',(-24.2999999999999,41.9543302637972,5.07433026379757));
#13341=CARTESIAN_POINT('',(-23.7560254774443,41.9543302637972,6.07433026379757));
#13342=CARTESIAN_POINT('',(-23.2999999999999,41.9543302637972,6.07433026379757));
#13343=CARTESIAN_POINT('',(-23.,41.9543302637972,6.66854382617061));
#13344=CARTESIAN_POINT('Origin',(-22.4999999999999,41.9543302637972,5.25433026379757));
#13345=CARTESIAN_POINT('',(-23.,41.9543302637972,15.4543302637976));
#13346=CARTESIAN_POINT('',(-23.,41.9543302637972,15.4543302637976));
#13347=CARTESIAN_POINT('',(-20.9999999999999,41.9543302637972,15.4543302637976));
#13348=CARTESIAN_POINT('',(-23.,41.9543302637972,15.4543302637976));
#13349=CARTESIAN_POINT('',(-20.9999999999999,41.9543302637972,5.45433026379757));
#13350=CARTESIAN_POINT('',(-20.9999999999999,41.9543302637972,15.4543302637976));
#13351=CARTESIAN_POINT('',(-21.013393125264,41.9543302637972,5.45433026379757));
#13352=CARTESIAN_POINT('',(-23.,41.9543302637972,5.45433026379757));
#13353=CARTESIAN_POINT('Origin',(-22.4999999999999,41.9543302637972,5.25433026379757));
#13354=CARTESIAN_POINT('',(-31.7831271882057,41.9543302637972,4.6239285664378));
#13355=CARTESIAN_POINT('Origin',(-31.5999999999999,41.9543302637972,4.70433026379757));
#13356=CARTESIAN_POINT('',(-36.7806897557696,41.9543302637972,6.9543302637983));
#13357=CARTESIAN_POINT('',(-31.6248546864399,41.9543302637972,4.55012488678857));
#13358=CARTESIAN_POINT('',(-42.4999999999999,41.9543302637972,6.95433026379757));
#13359=CARTESIAN_POINT('',(-36.5,41.9543302637972,6.95433026379757));
#13360=CARTESIAN_POINT('',(-42.4999999999999,41.9543302637972,7.70433026379757));
#13361=CARTESIAN_POINT('',(-42.4999999999999,41.9543302637972,6.95433026379757));
#13362=CARTESIAN_POINT('',(-41.5,41.9543302637972,7.70433026379757));
#13363=CARTESIAN_POINT('',(-36.5,41.9543302637972,7.70433026379757));
#13364=CARTESIAN_POINT('',(-41.5,41.9543302637972,8.45433026379757));
#13365=CARTESIAN_POINT('',(-41.5,41.9543302637972,7.45433026379757));
#13366=CARTESIAN_POINT('',(-40.4999999999999,41.9543302637972,8.45433026379757));
#13367=CARTESIAN_POINT('',(-40.4999999999999,41.9543302637972,8.45433026379757));
#13368=CARTESIAN_POINT('',(-40.4999999999999,41.9543302637972,7.70433026379757));
#13369=CARTESIAN_POINT('',(-40.4999999999999,41.9543302637972,7.45433026379757));
#13370=CARTESIAN_POINT('',(-39.5,41.9543302637972,7.70433026379757));
#13371=CARTESIAN_POINT('',(-36.5,41.9543302637972,7.70433026379757));
#13372=CARTESIAN_POINT('',(-39.5,41.9543302637972,8.45433026379757));
#13373=CARTESIAN_POINT('',(-39.5,41.9543302637972,7.45433026379757));
#13374=CARTESIAN_POINT('',(-38.5,41.9543302637972,8.45433026379757));
#13375=CARTESIAN_POINT('',(-38.5,41.9543302637972,8.45433026379757));
#13376=CARTESIAN_POINT('',(-38.5,41.9543302637972,7.70433026379757));
#13377=CARTESIAN_POINT('',(-38.5,41.9543302637972,7.45433026379757));
#13378=CARTESIAN_POINT('',(-37.4999999999999,41.9543302637972,7.70433026379757));
#13379=CARTESIAN_POINT('',(-36.5,41.9543302637972,7.70433026379757));
#13380=CARTESIAN_POINT('',(-37.4999999999999,41.9543302637972,8.45433026379757));
#13381=CARTESIAN_POINT('',(-37.4999999999999,41.9543302637972,7.45433026379757));
#13382=CARTESIAN_POINT('',(-36.5,41.9543302637972,8.45433026379757));
#13383=CARTESIAN_POINT('',(-36.5,41.9543302637972,8.45433026379757));
#13384=CARTESIAN_POINT('',(-36.4999999999999,41.9543302637972,7.65097592033875));
#13385=CARTESIAN_POINT('',(-36.5,41.9543302637972,7.45433026379757));
#13386=CARTESIAN_POINT('',(-35.8394299253212,41.9543302637972,7.34294703576907));
#13387=CARTESIAN_POINT('',(-31.30789099014,41.9543302637972,5.22985572706557));
#13388=CARTESIAN_POINT('',(-35.5224662290192,41.9543302637972,8.02267787604703));
#13389=CARTESIAN_POINT('',(-35.94508449076,41.9543302637972,7.11637008901057));
#13390=CARTESIAN_POINT('',(-34.6161584419797,41.9543302637972,7.60005961430644));
#13391=CARTESIAN_POINT('',(-34.6161584419799,41.9543302637972,7.60005961430657));
#13392=CARTESIAN_POINT('',(-34.9331221382818,41.9543302637972,6.92032877402887));
#13393=CARTESIAN_POINT('',(-35.03877670372,41.9543302637972,6.69375182726957));
#13394=CARTESIAN_POINT('',(-34.0268143512492,41.9543302637972,6.49771051228783));
#13395=CARTESIAN_POINT('',(-31.30789099014,41.9543302637972,5.22985572706557));
#13396=CARTESIAN_POINT('',(-33.7098506549395,41.9543302637972,7.17744135256429));
#13397=CARTESIAN_POINT('',(-34.1324689166799,41.9543302637972,6.27113356552857));
#13398=CARTESIAN_POINT('',(-32.8035428679098,41.9543302637972,6.75482309082451));
#13399=CARTESIAN_POINT('',(-32.8035428679099,41.9543302637972,6.75482309082457));
#13400=CARTESIAN_POINT('',(-33.1205065642117,41.9543302637972,6.07509225054801));
#13401=CARTESIAN_POINT('',(-33.22616112965,41.9543302637972,5.84851530378857));
#13402=CARTESIAN_POINT('',(-32.2141987771715,41.9543302637972,5.65247398880534));
#13403=CARTESIAN_POINT('',(-31.30789099014,41.9543302637972,5.22985572706557));
#13404=CARTESIAN_POINT('',(-31.8972350808693,41.9543302637972,6.33220482908521));
#13405=CARTESIAN_POINT('',(-32.31985334261,41.9543302637972,5.42589704204757));
#13406=CARTESIAN_POINT('',(-31.3442212909898,41.9543302637972,6.07433026379789));
#13407=CARTESIAN_POINT('',(-30.99092729383,41.9543302637972,5.90958656734357));
#13408=CARTESIAN_POINT('',(-31.3,41.9543302637972,6.07433026379757));
#13409=CARTESIAN_POINT('',(-31.3,41.9543302637972,6.07433026379757));
#13410=CARTESIAN_POINT('',(-31.2999999999995,41.9543302637972,6.05370953715549));
#13411=CARTESIAN_POINT('',(-31.3,41.9543302637972,5.07433026379757));
#13412=CARTESIAN_POINT('',(-30.99092729383,41.9543302637972,5.90958656734357));
#13413=CARTESIAN_POINT('Origin',(-30.99092729383,41.9543302637972,5.90958656734357));
#13414=CARTESIAN_POINT('',(-31.2999999999993,46.8931676436472,6.05370953715591));
#13415=CARTESIAN_POINT('',(-30.9909272938333,46.8931676436471,5.90958656734345));
#13416=CARTESIAN_POINT('',(-31.2999999999989,41.9543302637972,6.05370953715688));
#13417=CARTESIAN_POINT('Origin',(-30.9940774262699,46.8324609203922,5.90283108653257));
#13418=CARTESIAN_POINT('',(-31.7383882983998,49.9543302637972,6.67285285339982));
#13419=CARTESIAN_POINT('',(-30.8320805113599,49.9543302637972,6.25023459165857));
#13420=CARTESIAN_POINT('',(-31.2999999999996,48.5177151588757,6.2737996171213));
#13421=CARTESIAN_POINT('',(-31.2999999999995,47.0453750954121,6.07433026379856));
#13422=CARTESIAN_POINT('',(-31.3442212909899,46.8931676436473,6.07433026379757));
#13423=CARTESIAN_POINT('',(-31.3442212909899,46.8931676436472,6.0743302637977));
#13424=CARTESIAN_POINT('',(-31.8972350808707,46.8931676436473,6.33220482908498));
#13425=CARTESIAN_POINT('',(-30.9909272938333,46.8931676436473,5.90958656734347));
#13426=CARTESIAN_POINT('',(-31.9003852133096,46.8324609203922,6.32544934827449));
#13427=CARTESIAN_POINT('Origin',(-42.4999999999999,49.9543302637972,16.9543302637976));
#13428=CARTESIAN_POINT('',(-34.2316606197395,49.9543302637972,16.9543302637967));
#13429=CARTESIAN_POINT('',(-29.0566243270231,49.9543302637972,16.9543302637976));
#13430=CARTESIAN_POINT('',(-42.4999999999999,49.9543302637972,16.9543302637976));
#13431=CARTESIAN_POINT('',(-28.7499999999999,49.9543302637972,16.4232413505516));
#13432=CARTESIAN_POINT('',(-24.9433756729723,49.9543302637972,16.9543302637976));
#13433=CARTESIAN_POINT('',(-23.4999999999999,49.9543302637972,19.4543302637976));
#13434=CARTESIAN_POINT('',(-9.55662432702612,49.9543302637972,16.9543302637976));
#13435=CARTESIAN_POINT('',(-42.4999999999999,49.9543302637972,16.9543302637976));
#13436=CARTESIAN_POINT('',(-8.99999999999995,49.9543302637972,15.9902286486596));
#13437=CARTESIAN_POINT('',(-8.99999999999995,49.9543302637972,15.9902286486596));
#13438=CARTESIAN_POINT('',(-5.00000000000052,49.9543302637972,15.9902286486596));
#13439=CARTESIAN_POINT('',(-42.4999999999999,49.9543302637972,15.9902286486596));
#13440=CARTESIAN_POINT('',(-4.44337567297434,49.9543302637972,16.9543302637976));
#13441=CARTESIAN_POINT('',(-2.99999999999995,49.9543302637972,19.4543302637976));
#13442=CARTESIAN_POINT('',(1.23183742648107,49.9543302637972,16.9543302637976));
#13443=CARTESIAN_POINT('',(-42.4999999999999,49.9543302637972,16.9543302637976));
#13444=CARTESIAN_POINT('',(9.50000000000006,49.9543302637972,14.7388827793336));
#13445=CARTESIAN_POINT('',(1.23183742648106,49.9543302637972,16.9543302637976));
#13446=CARTESIAN_POINT('',(9.50000000000006,49.9543302637972,10.0783163156006));
#13447=CARTESIAN_POINT('',(9.50000000000005,49.9543302637972,16.9543302637976));
#13448=CARTESIAN_POINT('',(8.50000000000005,49.9543302637972,10.0783163156003));
#13449=CARTESIAN_POINT('',(-42.4999999999999,49.9543302637972,10.0783163156006));
#13450=CARTESIAN_POINT('',(8.50000000000006,49.9543302637972,10.8301937719656));
#13451=CARTESIAN_POINT('',(8.50000000000005,49.9543302637972,9.45433026379757));
#13452=CARTESIAN_POINT('',(7.50000000000005,49.9543302637972,10.830193771965));
#13453=CARTESIAN_POINT('',(-42.4999999999999,49.9543302637972,10.8301937719656));
#13454=CARTESIAN_POINT('',(7.50000000000005,49.9543302637972,10.0783163156006));
#13455=CARTESIAN_POINT('',(7.50000000000005,49.9543302637972,16.9543302637976));
#13456=CARTESIAN_POINT('',(6.50000000000005,49.9543302637972,10.0783163156003));
#13457=CARTESIAN_POINT('',(-42.4999999999999,49.9543302637972,10.0783163156006));
#13458=CARTESIAN_POINT('',(6.50000000000006,49.9543302637972,10.8301937719656));
#13459=CARTESIAN_POINT('',(6.50000000000006,49.9543302637972,9.45433026379757));
#13460=CARTESIAN_POINT('',(5.50000000000005,49.9543302637972,10.830193771965));
#13461=CARTESIAN_POINT('',(-42.4999999999999,49.9543302637972,10.8301937719656));
#13462=CARTESIAN_POINT('',(5.50000000000005,49.9543302637972,10.0783163156006));
#13463=CARTESIAN_POINT('',(5.50000000000005,49.9543302637972,16.9543302637976));
#13464=CARTESIAN_POINT('',(4.50000000000005,49.9543302637972,10.0783163156003));
#13465=CARTESIAN_POINT('',(-42.4999999999999,49.9543302637972,10.0783163156006));
#13466=CARTESIAN_POINT('',(4.50000000000005,49.9543302637972,10.8301937719656));
#13467=CARTESIAN_POINT('',(4.50000000000005,49.9543302637972,9.45433026379757));
#13468=CARTESIAN_POINT('',(3.50000000000006,49.9543302637972,10.830193771965));
#13469=CARTESIAN_POINT('',(-42.4999999999999,49.9543302637972,10.8301937719656));
#13470=CARTESIAN_POINT('',(3.50000000000006,49.9543302637972,10.1724265323086));
#13471=CARTESIAN_POINT('',(3.50000000000006,49.9543302637972,16.9543302637976));
#13472=CARTESIAN_POINT('',(2.76141923757295,49.9543302637972,9.74600673029914));
#13473=CARTESIAN_POINT('',(3.50000000000006,49.9543302637972,10.1724265323086));
#13474=CARTESIAN_POINT('',(2.385480509389,49.9543302637972,10.3971517080465));
#13475=CARTESIAN_POINT('',(3.07341226347305,49.9543302637972,9.20561895783358));
#13476=CARTESIAN_POINT('',(1.51945510560427,49.9543302637972,9.89715170804621));
#13477=CARTESIAN_POINT('',(2.38548050938905,49.9543302637972,10.3971517080466));
#13478=CARTESIAN_POINT('',(1.89539383378693,49.9543302637972,9.24600673030151));
#13479=CARTESIAN_POINT('',(1.51945510560405,49.9543302637972,9.89715170804658));
#13480=CARTESIAN_POINT('',(1.02936843000408,49.9543302637972,8.74600673029891));
#13481=CARTESIAN_POINT('',(1.89539383378705,49.9543302637972,9.24600673030158));
#13482=CARTESIAN_POINT('',(0.653429701819993,49.9543302637972,9.39715170804654));
#13483=CARTESIAN_POINT('',(1.34136145590405,49.9543302637972,8.20561895783357));
#13484=CARTESIAN_POINT('',(-0.212595701964736,49.9543302637972,8.89715170804621));
#13485=CARTESIAN_POINT('',(0.653429701820055,49.9543302637972,9.39715170804658));
#13486=CARTESIAN_POINT('',(0.16334302621959,49.9543302637972,8.24600673029862));
#13487=CARTESIAN_POINT('',(-0.21259570196495,49.9543302637972,8.89715170804657));
#13488=CARTESIAN_POINT('',(-0.702682377566453,49.9543302637972,7.74600673030186));
#13489=CARTESIAN_POINT('',(0.163343026218057,49.9543302637972,8.24600673030158));
#13490=CARTESIAN_POINT('',(-1.07862110574892,49.9543302637972,8.39715170804639));
#13491=CARTESIAN_POINT('',(-0.390689351664947,49.9543302637972,7.20561895783357));
#13492=CARTESIAN_POINT('',(-1.94464650953335,49.9543302637972,7.89715170804634));
#13493=CARTESIAN_POINT('',(-1.07862110574895,49.9543302637972,8.39715170804658));
#13494=CARTESIAN_POINT('',(-1.56870778134928,49.9543302637972,7.2460067302984));
#13495=CARTESIAN_POINT('',(-1.75671475544995,49.9543302637972,7.57164436161757));
#13496=CARTESIAN_POINT('',(-2.4347331851352,49.9543302637972,6.74600673030142));
#13497=CARTESIAN_POINT('',(-1.56870778135095,49.9543302637972,7.24600673030158));
#13498=CARTESIAN_POINT('',(-2.81067191331792,49.9543302637972,7.39715170804639));
#13499=CARTESIAN_POINT('',(-2.12274015923395,49.9543302637972,6.20561895783358));
#13500=CARTESIAN_POINT('',(-3.67669731710197,49.9543302637972,6.89715170804656));
#13501=CARTESIAN_POINT('',(-2.81067191331795,49.9543302637972,7.39715170804657));
#13502=CARTESIAN_POINT('',(-3.30075858891797,49.9543302637972,6.24600673029828));
#13503=CARTESIAN_POINT('',(-3.48876556301795,49.9543302637972,6.57164436161758));
#13504=CARTESIAN_POINT('',(-4.1667839927042,49.9543302637972,5.74600673030143));
#13505=CARTESIAN_POINT('',(-3.30075858891994,49.9543302637972,6.24600673030157));
#13506=CARTESIAN_POINT('',(-4.54272272088692,49.9543302637972,6.39715170804639));
#13507=CARTESIAN_POINT('',(-3.85479096680295,49.9543302637972,5.20561895783358));
#13508=CARTESIAN_POINT('',(-5.40874812467098,49.9543302637972,5.89715170804656));
#13509=CARTESIAN_POINT('',(-4.54272272088695,49.9543302637972,6.39715170804657));
#13510=CARTESIAN_POINT('',(-5.03280939648684,49.9543302637972,5.24600673029806));
#13511=CARTESIAN_POINT('',(-5.22081637058695,49.9543302637972,5.57164436161758));
#13512=CARTESIAN_POINT('',(-5.236655174315,49.9543302637972,5.12831631560043));
#13513=CARTESIAN_POINT('',(-5.03280939648895,49.9543302637972,5.24600673030158));
#13514=CARTESIAN_POINT('',(-5.84999999999995,49.9543302637972,5.12831631560057));
#13515=CARTESIAN_POINT('',(-42.4999999999999,49.9543302637972,5.12831631560057));
#13516=CARTESIAN_POINT('',(-5.84999999999995,49.9543302637972,5.88019377196502));
#13517=CARTESIAN_POINT('',(-5.84999999999995,49.9543302637972,4.50433026379757));
#13518=CARTESIAN_POINT('',(-6.84999999999995,49.9543302637972,5.88019377196558));
#13519=CARTESIAN_POINT('',(-42.4999999999999,49.9543302637972,5.88019377196558));
#13520=CARTESIAN_POINT('',(-6.84999999999995,49.9543302637972,5.12831631560034));
#13521=CARTESIAN_POINT('',(-6.84999999999995,49.9543302637972,16.9543302637976));
#13522=CARTESIAN_POINT('',(-7.84999999999995,49.9543302637972,5.12831631560057));
#13523=CARTESIAN_POINT('',(-42.4999999999999,49.9543302637972,5.12831631560057));
#13524=CARTESIAN_POINT('',(-7.84999999999995,49.9543302637972,5.88019377196502));
#13525=CARTESIAN_POINT('',(-7.84999999999995,49.9543302637972,4.50433026379757));
#13526=CARTESIAN_POINT('',(-8.60882324433177,49.9543302637972,5.88019377196502));
#13527=CARTESIAN_POINT('',(-42.4999999999999,49.9543302637972,5.88019377196558));
#13528=CARTESIAN_POINT('',(-9.09999999999995,49.9543302637972,6.16854382617062));
#13529=CARTESIAN_POINT('Origin',(-9.59999999999995,49.9543302637972,4.75433026379757));
#13530=CARTESIAN_POINT('',(-9.09999999999995,49.9543302637972,14.6543302637976));
#13531=CARTESIAN_POINT('',(-9.09999999999995,49.9543302637972,16.9543302637976));
#13532=CARTESIAN_POINT('',(-11.0999999999999,49.9543302637972,14.6543302637976));
#13533=CARTESIAN_POINT('',(-42.4999999999999,49.9543302637972,14.6543302637976));
#13534=CARTESIAN_POINT('',(-11.0999999999999,49.9543302637972,4.65433026379757));
#13535=CARTESIAN_POINT('',(-11.0999999999999,49.9543302637972,16.9543302637976));
#13536=CARTESIAN_POINT('',(-11.0966629547095,49.9543302637972,4.65433026379759));
#13537=CARTESIAN_POINT('',(-11.0999999999999,49.9543302637972,4.65433026379757));
#13538=CARTESIAN_POINT('',(-8.81628592606728,49.9543302637972,3.47534932167222));
#13539=CARTESIAN_POINT('Origin',(-9.59999999999995,49.9543302637972,4.75433026379757));
#13540=CARTESIAN_POINT('',(-5.02667034070308,49.9543302637972,3.47534932167222));
#13541=CARTESIAN_POINT('',(-42.4999999999999,49.9543302637972,3.47534932167258));
#13542=CARTESIAN_POINT('',(-4.68077428183648,49.9543302637972,3.54057242069525));
#13543=CARTESIAN_POINT('Origin',(-4.87181615893724,49.9543302637972,3.60273751543386));
#13544=CARTESIAN_POINT('',(3.77990749428905,49.9543302637972,8.42534932167234));
#13545=CARTESIAN_POINT('',(-4.68077428183495,49.9543302637972,3.54057242069957));
#13546=CARTESIAN_POINT('',(9.50000000000006,49.9543302637972,8.42534932167258));
#13547=CARTESIAN_POINT('',(-42.4999999999999,49.9543302637972,8.42534932167258));
#13548=CARTESIAN_POINT('',(9.50000000000005,49.9543302637972,-2.04566973620242));
#13549=CARTESIAN_POINT('',(9.50000000000005,49.9543302637972,16.9543302637976));
#13550=CARTESIAN_POINT('',(6.50000000000006,49.9543302637972,-2.04566973620242));
#13551=CARTESIAN_POINT('',(6.50000000000006,49.9543302637972,-2.04566973620242));
#13552=CARTESIAN_POINT('',(6.50000000000005,49.9543302637972,0.65433026379758));
#13553=CARTESIAN_POINT('',(6.50000000000006,49.9543302637972,2.95433026379758));
#13554=CARTESIAN_POINT('',(-11.,49.9543302637972,0.65433026379758));
#13555=CARTESIAN_POINT('',(-42.4999999999999,49.9543302637972,0.65433026379758));
#13556=CARTESIAN_POINT('',(-11.,49.9543302637972,1.95433026379757));
#13557=CARTESIAN_POINT('',(-11.,49.9543302637972,16.9543302637976));
#13558=CARTESIAN_POINT('',(-20.9999999999999,49.9543302637972,1.95433026379757));
#13559=CARTESIAN_POINT('',(-20.9999999999999,49.9543302637972,1.95433026379757));
#13560=CARTESIAN_POINT('',(-20.9999999999999,49.9543302637972,1.95433026379757));
#13561=CARTESIAN_POINT('',(-38.5,49.9543302637972,-2.04566973620242));
#13562=CARTESIAN_POINT('',(-38.5,49.9543302637972,2.95433026379758));
#13563=CARTESIAN_POINT('',(-42.4999999999999,49.9543302637972,-2.04566973620242));
#13564=CARTESIAN_POINT('',(-42.4999999999999,49.9543302637972,-2.04566973620242));
#13565=CARTESIAN_POINT('',(-42.5,49.9543302637972,6.42534932167234));
#13566=CARTESIAN_POINT('',(-42.4999999999999,49.9543302637972,16.9543302637976));
#13567=CARTESIAN_POINT('',(-36.89796200727,49.9543302637971,6.42534932167211));
#13568=CARTESIAN_POINT('',(-36.5,49.9543302637971,6.42534932167188));
#13569=CARTESIAN_POINT('',(-31.8978837303918,49.9543302637972,4.09377452978761));
#13570=CARTESIAN_POINT('',(-36.89796200727,49.9543302637972,6.42534932167258));
#13571=CARTESIAN_POINT('Origin',(-31.7281838410627,49.9543302637972,4.20273751543372));
#13572=CARTESIAN_POINT('',(-21.013393125264,49.9543302637972,5.45433026379757));
#13573=CARTESIAN_POINT('Origin',(-22.4999999999999,49.9543302637972,5.25433026379758));
#13574=CARTESIAN_POINT('',(-20.9999999999999,49.9543302637972,5.45433026379757));
#13575=CARTESIAN_POINT('',(-20.8,49.9543302637972,5.45433026379757));
#13576=CARTESIAN_POINT('',(-20.9999999999999,49.9543302637972,15.4543302637976));
#13577=CARTESIAN_POINT('',(-20.9999999999999,49.9543302637972,11.9543302637976));
#13578=CARTESIAN_POINT('',(-23.,49.9543302637972,15.4543302637976));
#13579=CARTESIAN_POINT('',(-42.4999999999999,49.9543302637972,15.4543302637976));
#13580=CARTESIAN_POINT('',(-23.,49.9543302637972,6.66854382617062));
#13581=CARTESIAN_POINT('',(-23.,49.9543302637972,16.9543302637976));
#13582=CARTESIAN_POINT('',(-23.4054890776996,49.9543302637972,6.45019377196502));
#13583=CARTESIAN_POINT('Origin',(-22.4999999999999,49.9543302637972,5.25433026379758));
#13584=CARTESIAN_POINT('',(-24.2999999999999,49.9543302637972,6.45019377196502));
#13585=CARTESIAN_POINT('',(-42.4999999999999,49.9543302637972,6.45019377196558));
#13586=CARTESIAN_POINT('',(-24.2999999999999,49.9543302637972,5.69831631560057));
#13587=CARTESIAN_POINT('',(-24.2999999999999,49.9543302637972,16.9543302637976));
#13588=CARTESIAN_POINT('',(-25.2999999999999,49.9543302637972,5.69831631560034));
#13589=CARTESIAN_POINT('',(-42.4999999999999,49.9543302637972,5.69831631560057));
#13590=CARTESIAN_POINT('',(-25.2999999999999,49.9543302637972,6.45019377196558));
#13591=CARTESIAN_POINT('',(-25.2999999999999,49.9543302637972,5.07433026379758));
#13592=CARTESIAN_POINT('',(-26.3,49.9543302637972,6.45019377196502));
#13593=CARTESIAN_POINT('',(-42.4999999999999,49.9543302637972,6.45019377196558));
#13594=CARTESIAN_POINT('',(-26.2999999999999,49.9543302637972,5.69831631560057));
#13595=CARTESIAN_POINT('',(-26.3,49.9543302637972,16.9543302637976));
#13596=CARTESIAN_POINT('',(-27.3,49.9543302637972,5.69831631560034));
#13597=CARTESIAN_POINT('',(-42.4999999999999,49.9543302637972,5.69831631560057));
#13598=CARTESIAN_POINT('',(-27.2999999999999,49.9543302637972,6.45019377196558));
#13599=CARTESIAN_POINT('',(-27.3,49.9543302637972,5.07433026379758));
#13600=CARTESIAN_POINT('',(-28.2999999999999,49.9543302637972,6.45019377196502));
#13601=CARTESIAN_POINT('',(-42.4999999999999,49.9543302637972,6.45019377196558));
#13602=CARTESIAN_POINT('',(-28.2999999999999,49.9543302637972,5.69831631560057));
#13603=CARTESIAN_POINT('',(-28.2999999999999,49.9543302637972,16.9543302637976));
#13604=CARTESIAN_POINT('',(-29.2999999999999,49.9543302637972,5.69831631560034));
#13605=CARTESIAN_POINT('',(-42.4999999999999,49.9543302637972,5.69831631560057));
#13606=CARTESIAN_POINT('',(-29.2999999999999,49.9543302637972,6.45019377196558));
#13607=CARTESIAN_POINT('',(-29.2999999999999,49.9543302637972,5.07433026379758));
#13608=CARTESIAN_POINT('',(-30.2999999999999,49.9543302637972,6.45019377196502));
#13609=CARTESIAN_POINT('',(-42.4999999999999,49.9543302637972,6.45019377196558));
#13610=CARTESIAN_POINT('',(-30.2999999999999,49.9543302637972,16.9543302637976));
#13611=CARTESIAN_POINT('',(-32.0561454420486,49.9543302637972,5.99142045979793));
#13612=CARTESIAN_POINT('',(-31.7383882983999,49.9543302637972,6.67285285339958));
#13613=CARTESIAN_POINT('',(-32.9624532290831,49.9543302637974,6.41403872153985));
#13614=CARTESIAN_POINT('',(-32.05614544205,49.9543302637972,5.99142045979857));
#13615=CARTESIAN_POINT('',(-32.6446960854348,49.9543302637972,7.09547111514271));
#13616=CARTESIAN_POINT('',(-33.22616112965,49.9543302637972,5.84851530378858));
#13617=CARTESIAN_POINT('',(-33.5510038724681,49.9543302637972,7.51808937687971));
#13618=CARTESIAN_POINT('',(-32.6446960854299,49.9543302637972,7.09547111514058));
#13619=CARTESIAN_POINT('',(-33.8687610161199,49.9543302637972,6.83665698327865));
#13620=CARTESIAN_POINT('',(-33.7098506549399,49.9543302637972,7.17744135256558));
#13621=CARTESIAN_POINT('',(-34.7750688031572,49.9543302637972,7.25927524501929));
#13622=CARTESIAN_POINT('',(-33.8687610161199,49.9543302637972,6.83665698328058));
#13623=CARTESIAN_POINT('',(-34.4573116595068,49.9543302637972,7.94070763861996));
#13624=CARTESIAN_POINT('',(-35.03877670372,49.9543302637972,6.69375182726958));
#13625=CARTESIAN_POINT('',(-35.3636194465422,49.9543302637972,8.36332590036363));
#13626=CARTESIAN_POINT('',(-34.4573116595099,49.9543302637972,7.94070763862158));
#13627=CARTESIAN_POINT('',(-35.6813765901931,49.9543302637974,7.68189350676171));
#13628=CARTESIAN_POINT('',(-35.5224662290199,49.9543302637972,8.02267787604658));
#13629=CARTESIAN_POINT('',(-36.5,49.9543302637972,8.06362387189757));
#13630=CARTESIAN_POINT('',(-35.6813765901899,49.9543302637972,7.68189350676157));
#13631=CARTESIAN_POINT('',(-36.5,49.9543302637972,8.83019377196502));
#13632=CARTESIAN_POINT('',(-36.5,49.9543302637972,7.45433026379758));
#13633=CARTESIAN_POINT('',(-37.4999999999999,49.9543302637972,8.83019377196557));
#13634=CARTESIAN_POINT('',(-42.4999999999999,49.9543302637972,8.83019377196558));
#13635=CARTESIAN_POINT('',(-37.4999999999999,49.9543302637972,8.07831631560035));
#13636=CARTESIAN_POINT('',(-37.4999999999999,49.9543302637972,16.9543302637976));
#13637=CARTESIAN_POINT('',(-38.5,49.9543302637972,8.07831631560057));
#13638=CARTESIAN_POINT('',(-42.4999999999999,49.9543302637972,8.07831631560057));
#13639=CARTESIAN_POINT('',(-38.5,49.9543302637972,8.83019377196502));
#13640=CARTESIAN_POINT('',(-38.5,49.9543302637972,7.45433026379758));
#13641=CARTESIAN_POINT('',(-39.5,49.9543302637972,8.83019377196557));
#13642=CARTESIAN_POINT('',(-42.4999999999999,49.9543302637972,8.83019377196558));
#13643=CARTESIAN_POINT('',(-39.5,49.9543302637972,8.07831631560035));
#13644=CARTESIAN_POINT('',(-39.5,49.9543302637972,16.9543302637976));
#13645=CARTESIAN_POINT('',(-40.4999999999999,49.9543302637972,8.07831631560057));
#13646=CARTESIAN_POINT('',(-42.4999999999999,49.9543302637972,8.07831631560057));
#13647=CARTESIAN_POINT('',(-40.4999999999999,49.9543302637972,8.83019377196502));
#13648=CARTESIAN_POINT('',(-40.4999999999999,49.9543302637972,7.45433026379758));
#13649=CARTESIAN_POINT('',(-41.5,49.9543302637972,8.83019377196557));
#13650=CARTESIAN_POINT('',(-42.4999999999999,49.9543302637972,8.83019377196558));
#13651=CARTESIAN_POINT('',(-41.5,49.9543302637972,8.07831631560035));
#13652=CARTESIAN_POINT('',(-41.5,49.9543302637972,16.9543302637976));
#13653=CARTESIAN_POINT('',(-42.4999999999999,49.9543302637972,8.07831631560057));
#13654=CARTESIAN_POINT('',(-42.4999999999999,49.9543302637972,8.07831631560057));
#13655=CARTESIAN_POINT('',(-42.4999999999999,49.9543302637972,14.9692808700086));
#13656=CARTESIAN_POINT('',(-42.4999999999999,49.9543302637972,16.9543302637976));
#13657=CARTESIAN_POINT('',(-42.4999999999999,49.9543302637972,14.9692808700086));
#13658=CARTESIAN_POINT('',(-17.6499999999999,49.9543302637972,5.95433026379757));
#13659=CARTESIAN_POINT('Origin',(-15.9999999999999,49.9543302637972,5.95433026379757));
#13660=CARTESIAN_POINT('Origin',(-42.4999999999999,41.9543302637972,16.9543302637976));
#13661=CARTESIAN_POINT('',(-29.0566243270209,41.9543302637972,16.954330263797));
#13662=CARTESIAN_POINT('',(-34.,41.9543302637972,16.9543302637976));
#13663=CARTESIAN_POINT('',(-34.,41.9543302637972,16.9543302637976));
#13664=CARTESIAN_POINT('',(-29.0566243270199,41.9543302637972,16.9543302637976));
#13665=CARTESIAN_POINT('',(-34.2316606197397,41.9543302637972,16.9543302637964));
#13666=CARTESIAN_POINT('',(-34.2316606197391,38.9543302637972,16.9543302637941));
#13667=CARTESIAN_POINT('',(-42.4999999999999,41.9543302637972,16.9543302637976));
#13668=CARTESIAN_POINT('Origin',(5.32907051820076E-14,41.9543302637972,
23.9543302637976));
#13669=CARTESIAN_POINT('',(-28.6566243270209,41.9543302637972,21.9543302637981));
#13670=CARTESIAN_POINT('',(-34.,41.9543302637972,21.9543302637976));
#13671=CARTESIAN_POINT('',(-39.8999999999999,41.9543302637972,21.9543302637976));
#13672=CARTESIAN_POINT('',(-30.1000000000001,41.9543302637972,19.4543302637975));
#13673=CARTESIAN_POINT('',(-28.65662432702,41.9543302637972,21.9543302637976));
#13674=CARTESIAN_POINT('',(-30.0999999999999,41.9543302637972,19.4543302637976));
#13675=CARTESIAN_POINT('',(-23.8999999999997,41.9543302637972,19.4543302637977));
#13676=CARTESIAN_POINT('',(-25.3433756729699,41.9543302637972,16.9543302637976));
#13677=CARTESIAN_POINT('',(-25.3433756729707,41.9543302637972,21.9543302637971));
#13678=CARTESIAN_POINT('',(-23.8999999999999,41.9543302637972,19.4543302637976));
#13679=CARTESIAN_POINT('',(-8.6566243270258,41.9543302637972,21.9543302637975));
#13680=CARTESIAN_POINT('',(-30.9999999999999,41.9543302637972,21.9543302637976));
#13681=CARTESIAN_POINT('',(-10.1000000000001,41.9543302637972,19.4543302637975));
#13682=CARTESIAN_POINT('',(-8.65662432702594,41.9543302637972,21.9543302637976));
#13683=CARTESIAN_POINT('',(-8.54999999999995,41.9543302637972,16.7696515120656));
#13684=CARTESIAN_POINT('',(-10.0999999999999,41.9543302637972,19.4543302637976));
#13685=CARTESIAN_POINT('',(-5.45000000000064,41.9543302637972,16.769651512066));
#13686=CARTESIAN_POINT('',(-2.99999999999995,41.9543302637972,16.7696515120656));
#13687=CARTESIAN_POINT('',(-3.89999999999972,41.9543302637972,19.4543302637977));
#13688=CARTESIAN_POINT('',(-5.34337567297395,41.9543302637972,16.9543302637976));
#13689=CARTESIAN_POINT('',(-5.34337567297392,41.9543302637972,21.9543302637976));
#13690=CARTESIAN_POINT('',(-3.89999999999995,41.9543302637972,19.4543302637976));
#13691=CARTESIAN_POINT('',(9.45000000000005,41.9543302637972,21.9543302637976));
#13692=CARTESIAN_POINT('',(5.32907051820076E-14,41.9543302637972,21.9543302637976));
#13693=CARTESIAN_POINT('',(9.45000000000005,41.9543302637972,23.9543302637976));
#13694=CARTESIAN_POINT('',(9.45000000000005,41.9543302637972,23.9543302637976));
#13695=CARTESIAN_POINT('',(9.50000000000005,41.9543302637972,23.9543302637976));
#13696=CARTESIAN_POINT('',(5.32907051820076E-14,41.9543302637972,23.9543302637976));
#13697=CARTESIAN_POINT('',(9.49999999999981,41.9543302637972,14.7388827793321));
#13698=CARTESIAN_POINT('',(9.50000000000005,41.9543302637972,23.9543302637976));
#13699=CARTESIAN_POINT('',(1.23183742648106,41.9543302637972,16.9543302637976));
#13700=CARTESIAN_POINT('',(1.22354286469205,41.9543302637972,16.9565527849306));
#13701=CARTESIAN_POINT('',(-4.44337567297407,41.9543302637972,16.9543302637976));
#13702=CARTESIAN_POINT('',(5.32907051820076E-14,41.9543302637972,16.9543302637976));
#13703=CARTESIAN_POINT('',(-5.00000000000024,41.9543302637972,15.9902286486597));
#13704=CARTESIAN_POINT('',(-2.99999999999995,41.9543302637972,19.4543302637976));
#13705=CARTESIAN_POINT('',(-8.99999999999995,41.9543302637972,15.9902286486596));
#13706=CARTESIAN_POINT('',(-4.99999999999995,41.9543302637972,15.9902286486596));
#13707=CARTESIAN_POINT('',(-9.55662432702603,41.9543302637972,16.9543302637975));
#13708=CARTESIAN_POINT('',(-8.99999999999995,41.9543302637972,15.9902286486596));
#13709=CARTESIAN_POINT('',(-24.9433756729707,41.9543302637972,16.954330263798));
#13710=CARTESIAN_POINT('',(-42.4999999999999,41.9543302637972,16.9543302637976));
#13711=CARTESIAN_POINT('',(-23.4999999999999,41.9543302637972,19.4543302637976));
#13712=CARTESIAN_POINT('',(-28.7499999999999,41.9543302637972,16.4232413505516));
#13713=CARTESIAN_POINT('',(-34.,41.9543302637972,48.9543302637976));
#13714=CARTESIAN_POINT('Origin',(-39.8999999999999,34.9543302637972,21.9543302637976));
#13715=CARTESIAN_POINT('',(-37.9289321881299,49.9543302637972,21.9543302637976));
#13716=CARTESIAN_POINT('',(7.00000000000006,49.9543302637972,21.9543302637976));
#13717=CARTESIAN_POINT('',(-39.8999999999999,49.9543302637972,21.9543302637976));
#13718=CARTESIAN_POINT('',(9.45000000000005,47.5043302637972,21.9543302637976));
#13719=CARTESIAN_POINT('',(7.00000000000006,49.9543302637972,21.9543302637976));
#13720=CARTESIAN_POINT('',(9.45000000000005,41.9543302637972,21.9543302637976));
#13721=CARTESIAN_POINT('',(-30.9999999999999,41.9543302637972,21.9543302637976));
#13722=CARTESIAN_POINT('',(-30.9999999999999,41.9543302637972,21.9543302637976));
#13723=CARTESIAN_POINT('',(-34.,34.9543302637972,21.9543302637976));
#13724=CARTESIAN_POINT('',(-34.,34.9543302637972,21.9543302637976));
#13725=CARTESIAN_POINT('',(-39.8999999999999,34.9543302637972,21.9543302637976));
#13726=CARTESIAN_POINT('',(-39.8999999999999,34.9543302637972,21.9543302637976));
#13727=CARTESIAN_POINT('',(-39.8999999999986,47.9832624519309,21.9543302637976));
#13728=CARTESIAN_POINT('',(-39.8999999999999,34.9543302637972,21.9543302637976));
#13729=CARTESIAN_POINT('',(-39.8999999999999,47.9832624519322,21.9543302637976));
#13730=CARTESIAN_POINT('Origin',(-39.8999999999999,49.9543302637972,23.9543302637976));
#13731=CARTESIAN_POINT('',(-37.9289321881294,49.9543302637967,23.9543302637976));
#13732=CARTESIAN_POINT('',(-30.8999999999999,49.9543302637972,23.9543302637976));
#13733=CARTESIAN_POINT('',(-39.8999999999999,49.9543302637972,23.9543302637976));
#13734=CARTESIAN_POINT('',(-30.8999999999999,49.9543302637972,23.4543302637976));
#13735=CARTESIAN_POINT('',(-30.8999999999999,49.9543302637972,23.9543302637976));
#13736=CARTESIAN_POINT('',(-17.2522854601082,49.9543302637972,23.4543302637984));
#13737=CARTESIAN_POINT('',(-30.9999999999999,49.9543302637972,23.4543302637976));
#13738=CARTESIAN_POINT('',(-15.8389751484577,49.9543302637972,22.0217553849726));
#13739=CARTESIAN_POINT('',(-15.8389751484599,49.9543302637972,22.0217553849726));
#13740=CARTESIAN_POINT('',(-13.6418279990888,49.9543302637972,22.0366302934176));
#13741=CARTESIAN_POINT('',(-13.6418279990899,49.9543302637972,22.0366302934176));
#13742=CARTESIAN_POINT('',(-12.2639983435685,49.9543302637972,23.4543302637969));
#13743=CARTESIAN_POINT('',(-12.2639983435699,49.9543302637972,23.4543302637976));
#13744=CARTESIAN_POINT('',(-1.99999999999995,49.9543302637972,23.4543302637976));
#13745=CARTESIAN_POINT('',(-30.9999999999999,49.9543302637972,23.4543302637976));
#13746=CARTESIAN_POINT('',(-1.99999999999995,49.9543302637972,23.9043302637976));
#13747=CARTESIAN_POINT('',(-1.99999999999995,49.9543302637972,23.9543302637976));
#13748=CARTESIAN_POINT('',(2.70611400155405,49.9543302637972,23.9043302637976));
#13749=CARTESIAN_POINT('',(-2.89999999999995,49.9543302637972,23.9043302637976));
#13750=CARTESIAN_POINT('',(2.70611400155405,49.9543302637972,23.9543302637976));
#13751=CARTESIAN_POINT('',(2.70611400155405,49.9543302637972,23.9543302637976));
#13752=CARTESIAN_POINT('',(7.00000000000006,49.9543302637972,23.9543302637976));
#13753=CARTESIAN_POINT('',(-1.99999999999995,49.9543302637972,23.9543302637976));
#13754=CARTESIAN_POINT('',(7.00000000000006,49.9543302637972,34.9543302637976));
#13755=CARTESIAN_POINT('',(-37.9289321881299,49.9543302637972,23.9543302637976));
#13756=CARTESIAN_POINT('Origin',(-39.8999999999999,34.9543302637972,23.9543302637976));
#13757=CARTESIAN_POINT('',(-33.9999999999992,39.0181547152729,23.9543302637976));
#13758=CARTESIAN_POINT('',(-31.1114683264202,46.9543302637973,23.9543302637976));
#13759=CARTESIAN_POINT('',(-36.10153689607,33.2442295471692,23.9543302637976));
#13760=CARTESIAN_POINT('',(-30.8999999999999,46.9543302637972,23.9543302637976));
#13761=CARTESIAN_POINT('',(5.68434188608086E-14,46.9543302637972,23.9543302637976));
#13762=CARTESIAN_POINT('',(-30.8999999999999,34.9543302637972,23.9543302637976));
#13763=CARTESIAN_POINT('',(-39.8999999999973,47.9832624519282,23.9543302637976));
#13764=CARTESIAN_POINT('',(-40.4644660940599,47.4187963578642,23.9543302637976));
#13765=CARTESIAN_POINT('',(-39.8999999999999,34.9543302637972,23.9543302637976));
#13766=CARTESIAN_POINT('',(-39.8999999999999,34.9543302637972,23.9543302637976));
#13767=CARTESIAN_POINT('',(-34.,34.9543302637972,23.9543302637976));
#13768=CARTESIAN_POINT('',(-39.8999999999999,34.9543302637972,23.9543302637976));
#13769=CARTESIAN_POINT('',(-34.,34.9543302637972,23.9543302637976));
#13770=CARTESIAN_POINT('Origin',(-36.10153689607,33.2442295471692,27.4543302637976));
#13771=CARTESIAN_POINT('',(-31.704597440871,45.3247214150241,27.4543302637976));
#13772=CARTESIAN_POINT('',(-31.1114683264206,46.9543302637972,27.2793302637976));
#13773=CARTESIAN_POINT('Origin',(-31.1114683263135,46.9543302637912,34.9543302638466));
#13774=CARTESIAN_POINT('',(-31.1114683264199,46.9543302637972,46.9543302637976));
#13775=CARTESIAN_POINT('',(-33.9999999999992,39.0181547152729,27.4543302637976));
#13776=CARTESIAN_POINT('',(-33.999999999998,39.0181547152725,27.4543302637976));
#13777=CARTESIAN_POINT('',(-36.10153689607,33.2442295471692,27.4543302637976));
#13778=CARTESIAN_POINT('Origin',(-34.,46.9543302637972,34.9543302637976));
#13779=CARTESIAN_POINT('',(-30.8999999999999,45.3247214150241,27.4543302637976));
#13780=CARTESIAN_POINT('',(-39.8999999999999,45.3247214150242,27.4543302637976));
#13781=CARTESIAN_POINT('',(-30.8999999999999,41.9543302637972,29.1314765819677));
#13782=CARTESIAN_POINT('Origin',(-30.8999999999999,46.9543302637972,34.9543302637976));
#13783=CARTESIAN_POINT('',(-34.,41.9543302637973,29.1314765819676));
#13784=CARTESIAN_POINT('',(-34.,39.8259275927168,37.7988865312906));
#13785=CARTESIAN_POINT('',(-33.,41.9543302637972,40.7771839456275));
#13786=CARTESIAN_POINT('',(-34.,41.9543302637973,40.7771839456275));
#13787=CARTESIAN_POINT('',(-33.,46.9543302637972,42.6293302637976));
#13788=CARTESIAN_POINT('Origin',(-33.,46.9543302637972,34.9543302637976));
#13789=CARTESIAN_POINT('',(-24.8,46.9543302637972,42.6293302637976));
#13790=CARTESIAN_POINT('',(-34.,46.9543302637972,42.6293302637976));
#13791=CARTESIAN_POINT('',(-24.8,45.4543302637972,42.4813233553315));
#13792=CARTESIAN_POINT('Origin',(-24.8,46.9543302637972,34.9543302637976));
#13793=CARTESIAN_POINT('',(-19.1999999999999,45.4543302637972,42.4813233553315));
#13794=CARTESIAN_POINT('',(-34.,45.4543302637972,42.4813233553315));
#13795=CARTESIAN_POINT('',(-19.1999999999999,46.9543302637972,42.6293302637976));
#13796=CARTESIAN_POINT('Origin',(-19.1999999999999,46.9543302637972,34.9543302637976));
#13797=CARTESIAN_POINT('',(5.39568389967826E-14,46.9543302637972,42.6293302637976));
#13798=CARTESIAN_POINT('',(-34.,46.9543302637972,42.6293302637976));
#13799=CARTESIAN_POINT('',(5.50155950619266E-14,41.9543302637972,40.7771839456275));
#13800=CARTESIAN_POINT('Origin',(5.32907051820076E-14,46.9543302637972,
34.9543302637976));
#13801=CARTESIAN_POINT('',(-3.99999999999995,41.9543302637972,40.7771839456275));
#13802=CARTESIAN_POINT('',(-34.,41.9543302637973,40.7771839456275));
#13803=CARTESIAN_POINT('',(-3.99999999999995,41.9543302637972,29.1314765819676));
#13804=CARTESIAN_POINT('Origin',(-3.99999999999995,46.9543302637972,34.9543302637976));
#13805=CARTESIAN_POINT('',(-1.99999999999995,41.9543302637972,29.1314765819676));
#13806=CARTESIAN_POINT('',(-34.,41.9543302637973,29.1314765819676));
#13807=CARTESIAN_POINT('',(-1.99999999999995,45.3247214150241,27.4543302637976));
#13808=CARTESIAN_POINT('Origin',(-1.99999999999995,46.9543302637972,34.9543302637976));
#13809=CARTESIAN_POINT('',(-1.55469410770864,45.324721415024,27.4543302637976));
#13810=CARTESIAN_POINT('',(-1.99999999999995,45.3247214150242,27.4543302637976));
#13811=CARTESIAN_POINT('',(-1.84203811574851,46.9543302637973,27.2793302637976));
#13812=CARTESIAN_POINT('Origin',(-1.84203811574851,46.9543302637972,34.9543302637976));
#13813=CARTESIAN_POINT('',(-34.,46.9543302637972,27.2793302637976));
#13814=CARTESIAN_POINT('',(-22.1587013278343,39.524575687611,33.0296557620598));
#13815=CARTESIAN_POINT('',(-34.,39.524575687611,33.0296557620598));
#13816=CARTESIAN_POINT('',(-22.1587013278343,40.4506892002687,39.0296557620598));
#13817=CARTESIAN_POINT('Origin',(-22.1587013278343,46.9543302637972,34.9543302637976));
#13818=CARTESIAN_POINT('',(-34.,40.4506892002687,39.0296557620598));
#13819=CARTESIAN_POINT('',(-23.5709609432189,39.4347774733006,36.4911942235983));
#13820=CARTESIAN_POINT('',(-34.,39.4347774733006,36.4911942235983));
#13821=CARTESIAN_POINT('',(-25.2644705587149,39.7750343675446,37.6678769160717));
#13822=CARTESIAN_POINT('Ctrl Pts',(-25.2644705587202,39.7750343675446,37.6678769160684));
#13823=CARTESIAN_POINT('Ctrl Pts',(-25.0231351707093,39.6480984736685,37.3320395567846));
#13824=CARTESIAN_POINT('Ctrl Pts',(-24.8219688860383,39.5732033995195,37.0644624917212));
#13825=CARTESIAN_POINT('Ctrl Pts',(-24.6316852286394,39.514064017406,36.8390977993986));
#13826=CARTESIAN_POINT('Ctrl Pts',(-24.5330395262322,39.486006446191,36.7257756485622));
#13827=CARTESIAN_POINT('Ctrl Pts',(-24.2686649917406,39.4504426745959,36.567521653731));
#13828=CARTESIAN_POINT('Ctrl Pts',(-24.162621000852,39.4444012472281,36.5376574683245));
#13829=CARTESIAN_POINT('Ctrl Pts',(-23.9969577339538,39.4392130729539,36.5127557306266));
#13830=CARTESIAN_POINT('Ctrl Pts',(-23.8928002825057,39.4362935541406,36.498601744504));
#13831=CARTESIAN_POINT('Ctrl Pts',(-23.6877313149537,39.4348814577796,36.4917042153993));
#13832=CARTESIAN_POINT('Ctrl Pts',(-23.6293399329157,39.4348296434263,36.4914494810739));
#13833=CARTESIAN_POINT('Ctrl Pts',(-23.5709609432189,39.4347774733006,36.4911942235983));
#13834=CARTESIAN_POINT('Origin',(-23.5640132567527,46.9543302637972,34.9543302637976));
#13835=CARTESIAN_POINT('',(-25.9294559945842,39.4406698169175,36.5197476806531));
#13836=CARTESIAN_POINT('Origin',(-24.9708754913478,46.9543302637972,34.9543302637976));
#13837=CARTESIAN_POINT('',(-25.9365259287098,39.4757822212175,36.6797125909432));
#13838=CARTESIAN_POINT('Ctrl Pts',(-25.936525928665,39.4757822256207,36.6797125899293));
#13839=CARTESIAN_POINT('Ctrl Pts',(-25.9343564558844,39.4644573932061,36.6306259205823));
#13840=CARTESIAN_POINT('Ctrl Pts',(-25.9321815353218,39.4536131327956,36.581415989274));
#13841=CARTESIAN_POINT('Ctrl Pts',(-25.9300014735422,39.4432517753675,36.5320897323637));
#13842=CARTESIAN_POINT('Ctrl Pts',(-25.9298196757663,39.4423877302507,36.5279763609537));
#13843=CARTESIAN_POINT('Ctrl Pts',(-25.929637849385,39.4415270772453,36.5238623423129));
#13844=CARTESIAN_POINT('Ctrl Pts',(-25.9294559945843,39.4406698169152,36.5197476806536));
#13845=CARTESIAN_POINT('',(-25.5000474816804,39.4058492651874,36.3421557620598));
#13846=CARTESIAN_POINT('Ctrl Pts',(-25.5000474816805,39.4058492651874,36.3421557620598));
#13847=CARTESIAN_POINT('Ctrl Pts',(-25.5576713628848,39.4128660591698,36.3803206005882));
#13848=CARTESIAN_POINT('Ctrl Pts',(-25.6007725014084,39.4184891045892,36.4093568407657));
#13849=CARTESIAN_POINT('Ctrl Pts',(-25.6885030336443,39.4304293459176,36.4703653583021));
#13850=CARTESIAN_POINT('Ctrl Pts',(-25.8066884189839,39.4471309307228,36.5555255924589));
#13851=CARTESIAN_POINT('Ctrl Pts',(-25.9365259287098,39.4757822212175,36.6797125909432));
#13852=CARTESIAN_POINT('Ctrl Pts',(-27.0048551739881,39.2838176715763,34.6919153774444));
#13853=CARTESIAN_POINT('Ctrl Pts',(-27.0025598242551,39.2797686476116,34.8102702838244));
#13854=CARTESIAN_POINT('Ctrl Pts',(-26.9952605201911,39.2789633826653,34.9149258220054));
#13855=CARTESIAN_POINT('Ctrl Pts',(-26.9685582482666,39.2800086075262,35.0917950130124));
#13856=CARTESIAN_POINT('Ctrl Pts',(-26.9273718244243,39.2846134596957,35.331408430032));
#13857=CARTESIAN_POINT('Ctrl Pts',(-26.7047471099118,39.3155929015815,35.7115010483446));
#13858=CARTESIAN_POINT('Ctrl Pts',(-26.5930449474005,39.3313670137154,35.8563599257652));
#13859=CARTESIAN_POINT('Ctrl Pts',(-26.2909436970265,39.3626206191081,36.0863442757243));
#13860=CARTESIAN_POINT('Ctrl Pts',(-26.1270350245309,39.3771046390415,36.1776411914291));
#13861=CARTESIAN_POINT('Ctrl Pts',(-25.7868003476729,39.3958149256482,36.2869859702352));
#13862=CARTESIAN_POINT('Ctrl Pts',(-25.6804328818114,39.4001578840589,36.3111999377442));
#13863=CARTESIAN_POINT('Ctrl Pts',(-25.5000474816804,39.4058492651874,36.3421557620598));
#13864=CARTESIAN_POINT('Origin',(-39.8999999999999,34.9543302637972,27.4543302637976));
#13865=CARTESIAN_POINT('',(-30.8999999999999,49.9543302637972,27.4543302637976));
#13866=CARTESIAN_POINT('',(-37.9289321881294,49.9543302637967,27.4543302637976));
#13867=CARTESIAN_POINT('',(-39.8999999999999,49.9543302637972,27.4543302637976));
#13868=CARTESIAN_POINT('',(-30.8999999999999,34.9543302637972,27.4543302637976));
#13869=CARTESIAN_POINT('',(-34.,34.9543302637972,27.4543302637976));
#13870=CARTESIAN_POINT('',(-34.,34.9543302637972,27.4543302637976));
#13871=CARTESIAN_POINT('',(-39.8999999999999,34.9543302637972,27.4543302637976));
#13872=CARTESIAN_POINT('',(-39.8999999999999,34.9543302637972,27.4543302637976));
#13873=CARTESIAN_POINT('',(-39.8999999999973,47.9832624519295,27.4543302637976));
#13874=CARTESIAN_POINT('',(-39.8999999999999,34.9543302637972,27.4543302637976));
#13875=CARTESIAN_POINT('',(-40.4644660940599,47.4187963578642,27.4543302637976));
#13876=CARTESIAN_POINT('Origin',(-39.8999999999999,49.9543302637972,29.4543302637976));
#13877=CARTESIAN_POINT('',(-37.9289321881299,49.9543302637972,29.4543302637976));
#13878=CARTESIAN_POINT('',(-30.8999999999999,49.9543302637972,29.4543302637976));
#13879=CARTESIAN_POINT('',(-39.8999999999999,49.9543302637972,29.4543302637976));
#13880=CARTESIAN_POINT('',(-30.8999999999999,49.9543302637972,29.4543302637976));
#13881=CARTESIAN_POINT('',(-37.9289321881299,49.9543302637972,29.4543302637976));
#13882=CARTESIAN_POINT('Origin',(-29.,41.9543302637972,46.9543302637976));
#13883=CARTESIAN_POINT('',(-31.2356244047574,41.9543302637972,39.0296557620598));
#13884=CARTESIAN_POINT('',(-30.0817782509112,41.9543302637972,39.0296557620598));
#13885=CARTESIAN_POINT('',(-30.1178122023787,41.9543302637972,39.0296557620598));
#13886=CARTESIAN_POINT('',(-31.2356244047574,41.9543302637972,37.7988865312906));
#13887=CARTESIAN_POINT('',(-31.2356244047574,41.9543302637972,40.0304545513902));
#13888=CARTESIAN_POINT('',(-29.5408891254556,41.9543302637972,37.7988865312906));
#13889=CARTESIAN_POINT('',(-31.2356244047574,41.9543302637972,36.7988865312906));
#13890=CARTESIAN_POINT('',(-28.8545910485325,41.9543302637972,36.7988865312906));
#13891=CARTESIAN_POINT('',(-31.2356244047574,41.9543302637972,40.0304545513902));
#13892=CARTESIAN_POINT('',(-30.8999999999999,41.9543302637972,29.4543302637976));
#13893=CARTESIAN_POINT('',(-30.8999999999999,41.9543302637972,29.4543302637976));
#13894=CARTESIAN_POINT('',(-29.,41.9543302637972,29.4543302637976));
#13895=CARTESIAN_POINT('',(-33.,41.9543302637972,42.9543302637976));
#13896=CARTESIAN_POINT('',(-34.,41.9543302637972,42.9543302637976));
#13897=CARTESIAN_POINT('',(-33.,41.9543302637972,46.9543302637976));
#13898=CARTESIAN_POINT('',(-30.0817782509112,41.9543302637972,37.7988865312906));
#13899=CARTESIAN_POINT('',(-29.5408891254556,41.9543302637972,37.7988865312906));
#13900=CARTESIAN_POINT('',(-30.0817782509112,41.9543302637972,41.8766083975441));
#13901=CARTESIAN_POINT('Origin',(-28.4999999999999,34.9543302638541,9.45433026379757));
#13902=CARTESIAN_POINT('',(-25.8333333333382,34.9543302638541,9.45433026379757));
#13903=CARTESIAN_POINT('',(-25.8333333333382,34.9543302638541,9.45433026379757));
#13904=CARTESIAN_POINT('Origin',(-28.4999999999999,34.9543302638541,9.45433026379757));
#13905=CARTESIAN_POINT('Origin',(-28.4999999999999,36.9543302638068,9.45433026379757));
#13906=CARTESIAN_POINT('',(-26.5100000000018,36.9543302638068,9.45433026379757));
#13907=CARTESIAN_POINT('Origin',(-37.,34.0966311412892,40.8259747188456));
#13908=CARTESIAN_POINT('',(0.500000000000054,34.9543302637971,41.5456697362027));
#13909=CARTESIAN_POINT('',(5.68434188608086E-14,34.9543302637972,41.5456697362026));
#13910=CARTESIAN_POINT('',(0.500000000000054,36.6331065083031,42.9543302637978));
#13911=CARTESIAN_POINT('',(0.500000000000054,34.0966311412892,40.8259747188456));
#13912=CARTESIAN_POINT('',(1.00000000000005,36.6331065083031,42.9543302637978));
#13913=CARTESIAN_POINT('',(-34.,36.6331065083032,42.9543302637976));
#13914=CARTESIAN_POINT('',(1.0000000000003,42.4902400871435,47.8690488895587));
#13915=CARTESIAN_POINT('',(1.00000000000005,34.0966311412892,40.8259747188456));
#13916=CARTESIAN_POINT('',(-1.08528137423895,44.9753816564624,49.9543302637985));
#13917=CARTESIAN_POINT('',(-1.08528137423895,44.9753816564601,49.9543302638013));
#13918=CARTESIAN_POINT('',(-5.58422434155461,44.9753816564602,49.9543302638001));
#13919=CARTESIAN_POINT('',(-37.,44.9753816564601,49.9543302638013));
#13920=CARTESIAN_POINT('',(-4.28293583870259,41.4001208786747,46.954330263797));
#13921=CARTESIAN_POINT('',(-4.28293583870294,41.4001208786782,46.9543302638));
#13922=CARTESIAN_POINT('',(-6.17418065327799,37.8248601008961,43.9543302637979));
#13923=CARTESIAN_POINT('Origin',(-7.47546915613042,41.4001208786762,46.9543302637978));
#13924=CARTESIAN_POINT('',(-10.9999999999999,37.8248601008961,43.9543302637979));
#13925=CARTESIAN_POINT('',(-37.,37.824860100897,43.9543302637991));
#13926=CARTESIAN_POINT('',(-13.5094525171918,43.3593319117406,48.5983035190422));
#13927=CARTESIAN_POINT('Origin',(-11.0000000000004,41.4001208786759,46.9543302637977));
#13928=CARTESIAN_POINT('',(-14.0976465213617,44.9753816564594,49.9543302638001));
#13929=CARTESIAN_POINT('',(-14.09764652136,44.9753816564601,49.9543302638013));
#13930=CARTESIAN_POINT('',(-30.8,44.9753816564611,49.9543302637988));
#13931=CARTESIAN_POINT('',(-37.,44.9753816564601,49.9543302638013));
#13932=CARTESIAN_POINT('',(-30.7573593128799,44.9245644643978,49.9116895766776));
#13933=CARTESIAN_POINT('',(-30.7573593128799,44.9245644643982,49.9116895766776));
#13934=CARTESIAN_POINT('',(-34.,41.0601357760286,46.6690488895607));
#13935=CARTESIAN_POINT('',(-23.2709227660595,38.9543302637966,44.9020682609145));
#13936=CARTESIAN_POINT('',(-20.7290772339404,38.9543302637966,44.9020682609145));
#13937=CARTESIAN_POINT('',(-37.,38.954330263796,44.902068260914));
#13938=CARTESIAN_POINT('',(-23.6499999999999,40.208367286082,45.9543302637976));
#13939=CARTESIAN_POINT('Origin',(-22.,40.208367286082,45.9543302637976));
#13940=CARTESIAN_POINT('Origin',(-22.,40.208367286082,45.9543302637976));
#13941=CARTESIAN_POINT('Origin',(-34.,34.9543302637972,49.9543302637976));
#13942=CARTESIAN_POINT('',(-30.8,49.9543302637972,49.9543302637976));
#13943=CARTESIAN_POINT('',(-15.9098356123784,49.9543302637952,49.9543302637976));
#13944=CARTESIAN_POINT('',(-34.,49.9543302637972,49.9543302637976));
#13945=CARTESIAN_POINT('',(-30.7999999999999,34.9543302637972,49.9543302637976));
#13946=CARTESIAN_POINT('',(-9.06621073280295,31.1516254399592,49.9543302637976));
#13947=CARTESIAN_POINT('Origin',(-34.,49.9543302637972,49.9543302637976));
#13948=CARTESIAN_POINT('',(-30.7573593128799,49.9543302637972,49.9116895766776));
#13949=CARTESIAN_POINT('',(-30.7573593128799,49.9543302637972,49.9116895766776));
#13950=CARTESIAN_POINT('',(-30.7573593128799,49.9543302637972,49.9116895766776));
#13951=CARTESIAN_POINT('',(-15.9098356123789,49.9543302637957,46.9543302637976));
#13952=CARTESIAN_POINT('',(-15.9098356123784,49.9543302637942,52.9543302637976));
#13953=CARTESIAN_POINT('',(-12.7173022949455,49.9543302637972,43.9543302637976));
#13954=CARTESIAN_POINT('Origin',(-12.717302294951,49.9543302637951,46.9543302637972));
#13955=CARTESIAN_POINT('',(-10.5889467499979,49.9543302637972,43.9543302637976));
#13956=CARTESIAN_POINT('',(-6.24713287044495,49.9543302637972,43.9543302637976));
#13957=CARTESIAN_POINT('',(-7.39641343257022,49.9543302637965,46.9543302637976));
#13958=CARTESIAN_POINT('Origin',(-10.5889467499987,49.9543302637963,46.9543302637982));
#13959=CARTESIAN_POINT('',(-7.39641343256724,49.9543302637967,49.9543302637976));
#13960=CARTESIAN_POINT('',(-7.39641343256983,49.9543302637958,52.9543302637976));
#13961=CARTESIAN_POINT('',(-1.08528137423895,49.9543302637972,49.9543302637976));
#13962=CARTESIAN_POINT('',(-34.,49.9543302637972,49.9543302637976));
#13963=CARTESIAN_POINT('',(1.00000000000018,49.9543302637972,47.8690488895577));
#13964=CARTESIAN_POINT('',(-2.24264068711895,49.9543302637972,51.1116895766776));
#13965=CARTESIAN_POINT('',(1.00000000000005,49.9543302637972,42.9543302637976));
#13966=CARTESIAN_POINT('',(1.00000000000005,49.9543302637972,49.9543302637976));
#13967=CARTESIAN_POINT('',(-34.,49.9543302637972,42.9543302637976));
#13968=CARTESIAN_POINT('',(-23.6499999999999,49.9543302637972,45.9543302637976));
#13969=CARTESIAN_POINT('Origin',(-22.,49.9543302637972,45.9543302637976));
#13970=CARTESIAN_POINT('Origin',(-34.,34.9543302637972,42.9543302637976));
#13971=CARTESIAN_POINT('',(1.00000000000005,34.9543302637972,42.9543302637976));
#13972=CARTESIAN_POINT('',(0.500000000000054,41.9543302637972,42.9543302637976));
#13973=CARTESIAN_POINT('',(0.500000000000053,34.9543302637972,42.9543302637976));
#13974=CARTESIAN_POINT('',(5.50670620214082E-14,41.9543302637972,42.9543302637976));
#13975=CARTESIAN_POINT('',(-34.,41.9543302637972,42.9543302637976));
#13976=CARTESIAN_POINT('',(5.59552404411079E-14,46.9543302637972,42.9543302637976));
#13977=CARTESIAN_POINT('',(5.59552404411086E-14,34.9543302637972,42.9543302637976));
#13978=CARTESIAN_POINT('',(-19.1999999999999,46.9543302637972,42.9543302637976));
#13979=CARTESIAN_POINT('',(5.68434188608086E-14,46.9543302637972,42.9543302637976));
#13980=CARTESIAN_POINT('',(-19.1999999999999,47.0543302637972,42.9543302637976));
#13981=CARTESIAN_POINT('',(-19.1999999999999,44.9543302637972,42.9543302637976));
#13982=CARTESIAN_POINT('',(-24.8,47.0543302637972,42.9543302637976));
#13983=CARTESIAN_POINT('',(-34.,47.0543302637972,42.9543302637976));
#13984=CARTESIAN_POINT('',(-24.8,46.9543302637972,42.9543302637976));
#13985=CARTESIAN_POINT('',(-24.8,44.9543302637972,42.9543302637976));
#13986=CARTESIAN_POINT('',(-33.,46.9543302637972,42.9543302637976));
#13987=CARTESIAN_POINT('',(5.68434188608086E-14,46.9543302637972,42.9543302637976));
#13988=CARTESIAN_POINT('',(-33.,34.9543302637972,42.9543302637976));
#13989=CARTESIAN_POINT('Origin',(-36.,44.9543302637972,43.0543302637976));
#13990=CARTESIAN_POINT('',(-19.1999999999999,44.9543302637972,43.0543302637976));
#13991=CARTESIAN_POINT('',(-24.8,44.9543302637972,43.0543302637976));
#13992=CARTESIAN_POINT('',(-36.,44.9543302637972,43.0543302637976));
#13993=CARTESIAN_POINT('',(-19.1999999999999,45.4543302637972,43.0543302637976));
#13994=CARTESIAN_POINT('',(-19.1999999999999,44.9543302637972,43.0543302637976));
#13995=CARTESIAN_POINT('',(-24.8,45.4543302637972,43.0543302637976));
#13996=CARTESIAN_POINT('',(-36.,45.4543302637972,43.0543302637976));
#13997=CARTESIAN_POINT('',(-24.8,44.9543302637972,43.0543302637976));
#13998=CARTESIAN_POINT('Origin',(-22.,38.9543302637972,45.9543302637976));
#13999=CARTESIAN_POINT('Origin',(-22.,38.9543302637972,45.9543302637976));
#14000=CARTESIAN_POINT('Origin',(-23.6499999999999,47.7543302637972,47.6043302637976));
#14001=CARTESIAN_POINT('',(-22.,47.7543302637972,44.3043302637976));
#14002=CARTESIAN_POINT('',(-23.6499999999999,47.7543302637972,44.3043302637976));
#14003=CARTESIAN_POINT('',(-23.6499999999999,47.7543302637972,44.3043302637976));
#14004=CARTESIAN_POINT('',(-23.6499999999999,47.7543302637972,45.9543302554776));
#14005=CARTESIAN_POINT('Origin',(-22.,47.7543302637972,45.9543302637976));
#14006=CARTESIAN_POINT('',(-23.6499999999999,47.7543302637972,47.6043302637976));
#14007=CARTESIAN_POINT('Origin',(-24.8,45.3043302637972,44.3043302637976));
#14008=CARTESIAN_POINT('',(-24.8,47.0543302637972,44.3043302637976));
#14009=CARTESIAN_POINT('',(-19.1999999999999,47.0543302637972,44.3043302637976));
#14010=CARTESIAN_POINT('',(-24.8,47.0543302637972,44.3043302637976));
#14011=CARTESIAN_POINT('',(-19.1999999999999,47.4043302637972,44.3043302637976));
#14012=CARTESIAN_POINT('',(-19.1999999999999,45.3043302637972,44.3043302637976));
#14013=CARTESIAN_POINT('',(-20.35,47.4043302637972,44.3043302637976));
#14014=CARTESIAN_POINT('',(-24.8,47.4043302637972,44.3043302637976));
#14015=CARTESIAN_POINT('',(-20.35,47.7543302637972,44.3043302637976));
#14016=CARTESIAN_POINT('',(-20.35,45.6543302637972,44.3043302637976));
#14017=CARTESIAN_POINT('',(-23.6499999999999,47.7543302637972,44.3043302637976));
#14018=CARTESIAN_POINT('',(-23.6499999999999,47.4043302637972,44.3043302637976));
#14019=CARTESIAN_POINT('',(-23.6499999999999,45.6543302637972,44.3043302637976));
#14020=CARTESIAN_POINT('',(-24.8,47.4043302637972,44.3043302637976));
#14021=CARTESIAN_POINT('',(-24.8,47.4043302637972,44.3043302637976));
#14022=CARTESIAN_POINT('',(-24.8,45.3043302637972,44.3043302637976));
#14023=CARTESIAN_POINT('Origin',(-3.99999999999995,33.9543302637972,46.9543302637976));
#14024=CARTESIAN_POINT('',(-3.99999999999995,41.9543302637972,46.9543302637976));
#14025=CARTESIAN_POINT('Origin',(-22.1587013278343,35.3543302637972,39.0296557620598));
#14026=CARTESIAN_POINT('',(-22.1587013278343,34.9543302637972,33.0296557620598));
#14027=CARTESIAN_POINT('',(-22.1587013278343,35.3543302637972,33.0296557620598));
#14028=CARTESIAN_POINT('',(-22.1587013278343,34.9543302637972,39.0296557620598));
#14029=CARTESIAN_POINT('',(-22.1587013278343,34.9543302637972,39.0296557620598));
#14030=CARTESIAN_POINT('',(-22.1587013278343,35.3543302637972,39.0296557620598));
#14031=CARTESIAN_POINT('Ctrl Pts',(-27.3882642373441,54.0039834867818,69.5268628163789));
#14032=CARTESIAN_POINT('Ctrl Pts',(-27.3882642373441,34.9543302637972,69.5268628163788));
#14033=CARTESIAN_POINT('Ctrl Pts',(-26.8758458316101,54.0039834867818,57.9328418751956));
#14034=CARTESIAN_POINT('Ctrl Pts',(-26.8758458316101,34.9543302637972,57.9328418751956));
#14035=CARTESIAN_POINT('Ctrl Pts',(-26.363427425876,54.0039834867818,46.3388209340123));
#14036=CARTESIAN_POINT('Ctrl Pts',(-26.363427425876,34.9543302637972,46.3388209340123));
#14037=CARTESIAN_POINT('Ctrl Pts',(-25.851009020142,54.0039834867818,34.744799992829));
#14038=CARTESIAN_POINT('Ctrl Pts',(-25.851009020142,34.9543302637972,34.744799992829));
#14039=CARTESIAN_POINT('Ctrl Pts',(-25.8489651405426,54.0039834867818,34.6985550051164));
#14040=CARTESIAN_POINT('Ctrl Pts',(-25.8489651405426,34.9543302637972,34.6985550051164));
#14041=CARTESIAN_POINT('Ctrl Pts',(-25.8450218044175,54.0039834867818,34.6093327580226));
#14042=CARTESIAN_POINT('Ctrl Pts',(-25.8450218044175,34.9543302637972,34.6093327580226));
#14043=CARTESIAN_POINT('Ctrl Pts',(-25.8139240942616,54.0039834867818,34.4823686502533));
#14044=CARTESIAN_POINT('Ctrl Pts',(-25.8139240942616,34.9543302637972,34.4823686502533));
#14045=CARTESIAN_POINT('Ctrl Pts',(-25.7596443081268,54.0039834867818,34.3702133416246));
#14046=CARTESIAN_POINT('Ctrl Pts',(-25.7596443081268,34.9543302637972,34.3702133416246));
#14047=CARTESIAN_POINT('Ctrl Pts',(-25.6850975599876,54.0039834867818,34.2726816602458));
#14048=CARTESIAN_POINT('Ctrl Pts',(-25.6850975599876,34.9543302637972,34.2726816602458));
#14049=CARTESIAN_POINT('Ctrl Pts',(-25.5915158609594,54.0039834867818,34.1903245021256));
#14050=CARTESIAN_POINT('Ctrl Pts',(-25.5915158609594,34.9543302637972,34.1903245021256));
#14051=CARTESIAN_POINT('Ctrl Pts',(-25.4800497095258,54.0039834867818,34.1249508446178));
#14052=CARTESIAN_POINT('Ctrl Pts',(-25.4800497095258,34.9543302637972,34.1249508446178));
#14053=CARTESIAN_POINT('Ctrl Pts',(-25.351527219468,54.0039834867818,34.0762632571332));
#14054=CARTESIAN_POINT('Ctrl Pts',(-25.351527219468,34.9543302637972,34.0762632571332));
#14055=CARTESIAN_POINT('Ctrl Pts',(-25.2588285001296,54.0039834867818,34.0582830254436));
#14056=CARTESIAN_POINT('Ctrl Pts',(-25.2588285001296,34.9543302637972,34.0582830254436));
#14057=CARTESIAN_POINT('Ctrl Pts',(-25.210384020142,54.0039834867818,34.0488865312906));
#14058=CARTESIAN_POINT('Ctrl Pts',(-25.210384020142,34.9543302637972,34.0488865312906));
#14059=CARTESIAN_POINT('Ctrl Pts',(-16.8595545826336,54.0039834867818,32.4291246925274));
#14060=CARTESIAN_POINT('Ctrl Pts',(-16.8595545826336,34.9543302637972,32.4291246925274));
#14061=CARTESIAN_POINT('Ctrl Pts',(-8.50872514512527,54.0039834867818,30.8093628537642));
#14062=CARTESIAN_POINT('Ctrl Pts',(-8.50872514512527,34.9543302637972,30.8093628537642));
#14063=CARTESIAN_POINT('Ctrl Pts',(-0.157895707616915,54.0039834867818,
29.189601015001));
#14064=CARTESIAN_POINT('Ctrl Pts',(-0.157895707616915,34.9543302637972,
29.189601015001));
#14065=CARTESIAN_POINT('',(-25.9365259287098,34.9543302637972,36.6797125909432));
#14066=CARTESIAN_POINT('Ctrl Pts',(-25.9365259287098,39.4757822212175,36.6797125909432));
#14067=CARTESIAN_POINT('Ctrl Pts',(-25.9365259287098,37.968631568744,36.6797125909432));
#14068=CARTESIAN_POINT('Ctrl Pts',(-25.9365259287098,36.4614809162706,36.6797125909432));
#14069=CARTESIAN_POINT('Ctrl Pts',(-25.9365259287098,34.9543302637972,36.6797125909432));
#14070=CARTESIAN_POINT('',(-25.9294559945842,34.9543302637972,36.5197476806531));
#14071=CARTESIAN_POINT('Ctrl Pts',(-25.9294559945842,39.4406698169175,36.5197476806531));
#14072=CARTESIAN_POINT('Ctrl Pts',(-25.9294559945842,37.9452232992107,36.5197476806531));
#14073=CARTESIAN_POINT('Ctrl Pts',(-25.9294559945842,36.449776781504,36.5197476806531));
#14074=CARTESIAN_POINT('Ctrl Pts',(-25.9294559945842,34.9543302637972,36.5197476806531));
#14075=CARTESIAN_POINT('Ctrl Pts',(-25.9294559945842,34.9543302637972,36.5197476806531));
#14076=CARTESIAN_POINT('Ctrl Pts',(-25.9318126392928,34.9543302637972,36.5730693174165));
#14077=CARTESIAN_POINT('Ctrl Pts',(-25.9341692840013,34.9543302637972,36.6263909541799));
#14078=CARTESIAN_POINT('Ctrl Pts',(-25.9365259287098,34.9543302637972,36.6797125909432));
#14079=CARTESIAN_POINT('Ctrl Pts',(5.28009576884823,54.1076473513342,15.9561773710586));
#14080=CARTESIAN_POINT('Ctrl Pts',(5.28009576884823,34.9543302637972,15.9561773710586));
#14081=CARTESIAN_POINT('Ctrl Pts',(-4.97995198132799,54.1076473513342,22.7515035013924));
#14082=CARTESIAN_POINT('Ctrl Pts',(-4.97995198132799,34.9543302637972,22.7515035013924));
#14083=CARTESIAN_POINT('Ctrl Pts',(-15.2399997315042,54.1076473513342,29.5468296317261));
#14084=CARTESIAN_POINT('Ctrl Pts',(-15.2399997315042,34.9543302637972,29.5468296317261));
#14085=CARTESIAN_POINT('Ctrl Pts',(-25.5000474816804,54.1076473513342,36.3421557620598));
#14086=CARTESIAN_POINT('Ctrl Pts',(-25.5000474816804,34.9543302637972,36.3421557620598));
#14087=CARTESIAN_POINT('Ctrl Pts',(-25.5587117925839,54.1076473513342,36.3810096869642));
#14088=CARTESIAN_POINT('Ctrl Pts',(-25.5587117925839,34.9543302637972,36.3810096869641));
#14089=CARTESIAN_POINT('Ctrl Pts',(-25.673525841311,54.1076473513342,36.4570521113701));
#14090=CARTESIAN_POINT('Ctrl Pts',(-25.673525841311,34.9543302637972,36.4570521113701));
#14091=CARTESIAN_POINT('Ctrl Pts',(-25.8323793429207,54.1076473513342,36.5822949371699));
#14092=CARTESIAN_POINT('Ctrl Pts',(-25.8323793429207,34.9543302637972,36.5822949371699));
#14093=CARTESIAN_POINT('Ctrl Pts',(-25.9749920958745,54.1076473513342,36.7137469697023));
#14094=CARTESIAN_POINT('Ctrl Pts',(-25.9749920958745,34.9543302637972,36.7137469697023));
#14095=CARTESIAN_POINT('Ctrl Pts',(-26.0829712785596,54.1076473513342,36.830642294362));
#14096=CARTESIAN_POINT('Ctrl Pts',(-26.0829712785596,34.9543302637972,36.830642294362));
#14097=CARTESIAN_POINT('Ctrl Pts',(-26.1659421523806,54.1076473513342,36.9334391752781));
#14098=CARTESIAN_POINT('Ctrl Pts',(-26.1659421523806,34.9543302637972,36.9334391752781));
#14099=CARTESIAN_POINT('Ctrl Pts',(-26.2327478822057,54.1076473513342,37.0233463179211));
#14100=CARTESIAN_POINT('Ctrl Pts',(-26.2327478822057,34.9543302637972,37.0233463179211));
#14101=CARTESIAN_POINT('Ctrl Pts',(-26.3048085707896,54.1076473513342,37.1268163982673));
#14102=CARTESIAN_POINT('Ctrl Pts',(-26.3048085707896,34.9543302637972,37.1268163982673));
#14103=CARTESIAN_POINT('Ctrl Pts',(-26.3814174609019,54.1076473513342,37.2439054778031));
#14104=CARTESIAN_POINT('Ctrl Pts',(-26.3814174609019,34.9543302637972,37.243905477803));
#14105=CARTESIAN_POINT('Ctrl Pts',(-26.4648393052896,54.1076473513342,37.3735775968179));
#14106=CARTESIAN_POINT('Ctrl Pts',(-26.4648393052896,34.9543302637972,37.3735775968179));
#14107=CARTESIAN_POINT('Ctrl Pts',(-26.5519714955621,54.1076473513342,37.5178175859776));
#14108=CARTESIAN_POINT('Ctrl Pts',(-26.5519714955621,34.9543302637972,37.5178175859776));
#14109=CARTESIAN_POINT('Ctrl Pts',(-26.6446373969413,54.1076473513342,37.6752185073478));
#14110=CARTESIAN_POINT('Ctrl Pts',(-26.6446373969413,34.9543302637972,37.6752185073478));
#14111=CARTESIAN_POINT('Ctrl Pts',(-26.7069405271948,54.1076473513342,37.7851710200997));
#14112=CARTESIAN_POINT('Ctrl Pts',(-26.7069405271948,34.9543302637972,37.7851710200997));
#14113=CARTESIAN_POINT('Ctrl Pts',(-26.7392301739881,54.1076473513342,37.8421557620598));
#14114=CARTESIAN_POINT('Ctrl Pts',(-26.7392301739881,34.9543302637972,37.8421557620598));
#14115=CARTESIAN_POINT('Ctrl Pts',(-28.5687608057587,54.1076473513342,41.0709099081423));
#14116=CARTESIAN_POINT('Ctrl Pts',(-28.5687608057587,34.9543302637972,41.0709099081423));
#14117=CARTESIAN_POINT('Ctrl Pts',(-30.3982914375292,54.1076473513342,44.2996640542248));
#14118=CARTESIAN_POINT('Ctrl Pts',(-30.3982914375292,34.9543302637972,44.2996640542248));
#14119=CARTESIAN_POINT('Ctrl Pts',(-32.2278220692998,54.1076473513342,47.5284182003073));
#14120=CARTESIAN_POINT('Ctrl Pts',(-32.2278220692998,34.9543302637972,47.5284182003073));
#14121=CARTESIAN_POINT('',(-25.5000474816804,34.9543302637972,36.3421557620598));
#14122=CARTESIAN_POINT('Ctrl Pts',(-25.5000474816804,34.9543302637972,36.3421557620598));
#14123=CARTESIAN_POINT('Ctrl Pts',(-25.5587117925839,34.9543302637972,36.3810096869641));
#14124=CARTESIAN_POINT('Ctrl Pts',(-25.673525841311,34.9543302637972,36.4570521113701));
#14125=CARTESIAN_POINT('Ctrl Pts',(-25.8183475963213,34.9543302637972,36.5712320674364));
#14126=CARTESIAN_POINT('Ctrl Pts',(-25.9029052499352,34.9543302637972,36.6475550796598));
#14127=CARTESIAN_POINT('Ctrl Pts',(-25.9365259287098,34.9543302637972,36.6797125909432));
#14128=CARTESIAN_POINT('',(-25.5000474816804,35.3543302637972,36.3421557620598));
#14129=CARTESIAN_POINT('Origin',(-26.7392301739881,35.3543302637972,37.8421557620598));
#14130=CARTESIAN_POINT('',(-16.4433758375501,34.9543302637972,21.0284300027197));
#14131=CARTESIAN_POINT('Ctrl Pts',(-27.2556556867563,53.8847349213969,21.7599116911489));
#14132=CARTESIAN_POINT('Ctrl Pts',(-27.2556556867563,34.9543302637972,21.7599116911489));
#14133=CARTESIAN_POINT('Ctrl Pts',(-27.1720555158336,53.8847349213969,26.0705795865808));
#14134=CARTESIAN_POINT('Ctrl Pts',(-27.1720555158336,34.9543302637972,26.0705795865808));
#14135=CARTESIAN_POINT('Ctrl Pts',(-27.0884553449108,53.8847349213969,30.3812474820126));
#14136=CARTESIAN_POINT('Ctrl Pts',(-27.0884553449108,34.9543302637972,30.3812474820126));
#14137=CARTESIAN_POINT('Ctrl Pts',(-27.0048551739881,53.8847349213969,34.6919153774444));
#14138=CARTESIAN_POINT('Ctrl Pts',(-27.0048551739881,34.9543302637972,34.6919153774444));
#14139=CARTESIAN_POINT('Ctrl Pts',(-27.0037973361153,53.8847349213969,34.7464605740217));
#14140=CARTESIAN_POINT('Ctrl Pts',(-27.0037973361153,34.9543302637972,34.7464605740217));
#14141=CARTESIAN_POINT('Ctrl Pts',(-27.0017300293422,53.8847349213969,34.8530569223107));
#14142=CARTESIAN_POINT('Ctrl Pts',(-27.0017300293422,34.9543302637972,34.8530569223107));
#14143=CARTESIAN_POINT('Ctrl Pts',(-26.9827055794199,53.8847349213969,35.0092939950257));
#14144=CARTESIAN_POINT('Ctrl Pts',(-26.9827055794199,34.9543302637972,35.0092939950257));
#14145=CARTESIAN_POINT('Ctrl Pts',(-26.954449412129,53.8847349213969,35.1585673651335));
#14146=CARTESIAN_POINT('Ctrl Pts',(-26.954449412129,34.9543302637972,35.1585673651335));
#14147=CARTESIAN_POINT('Ctrl Pts',(-26.9141704640764,53.8847349213969,35.3010838378039));
#14148=CARTESIAN_POINT('Ctrl Pts',(-26.9141704640764,34.9543302637972,35.3010838378039));
#14149=CARTESIAN_POINT('Ctrl Pts',(-26.8587877299359,53.8847349213969,35.4351672167735));
#14150=CARTESIAN_POINT('Ctrl Pts',(-26.8587877299359,34.9543302637972,35.4351672167735));
#14151=CARTESIAN_POINT('Ctrl Pts',(-26.7944951454018,53.8847349213969,35.5626958182049));
#14152=CARTESIAN_POINT('Ctrl Pts',(-26.7944951454018,34.9543302637972,35.5626958182049));
#14153=CARTESIAN_POINT('Ctrl Pts',(-26.7178154375105,53.8847349213969,35.683237062049));
#14154=CARTESIAN_POINT('Ctrl Pts',(-26.7178154375105,34.9543302637972,35.683237062049));
#14155=CARTESIAN_POINT('Ctrl Pts',(-26.629269561687,53.8847349213969,35.7955959678765));
#14156=CARTESIAN_POINT('Ctrl Pts',(-26.629269561687,34.9543302637972,35.7955959678765));
#14157=CARTESIAN_POINT('Ctrl Pts',(-26.5289367893572,53.8847349213969,35.899871995331));
#14158=CARTESIAN_POINT('Ctrl Pts',(-26.5289367893572,34.9543302637972,35.899871995331));
#14159=CARTESIAN_POINT('Ctrl Pts',(-26.4163774230938,53.8847349213969,35.9939192235614));
#14160=CARTESIAN_POINT('Ctrl Pts',(-26.4163774230938,34.9543302637972,35.9939192235614));
#14161=CARTESIAN_POINT('Ctrl Pts',(-26.292395101683,53.8847349213969,36.0781052117837));
#14162=CARTESIAN_POINT('Ctrl Pts',(-26.292395101683,34.9543302637972,36.0781052117837));
#14163=CARTESIAN_POINT('Ctrl Pts',(-26.1562398073314,53.8847349213969,36.1519444919906));
#14164=CARTESIAN_POINT('Ctrl Pts',(-26.1562398073314,34.9543302637972,36.1519444919906));
#14165=CARTESIAN_POINT('Ctrl Pts',(-26.0088595975686,53.8847349213969,36.2150690757241));
#14166=CARTESIAN_POINT('Ctrl Pts',(-26.0088595975686,34.9543302637972,36.2150690757241));
#14167=CARTESIAN_POINT('Ctrl Pts',(-25.8496153824855,53.8847349213969,36.268180176952));
#14168=CARTESIAN_POINT('Ctrl Pts',(-25.8496153824855,34.9543302637972,36.268180176952));
#14169=CARTESIAN_POINT('Ctrl Pts',(-25.6792280617114,53.8847349213969,36.3114066961588));
#14170=CARTESIAN_POINT('Ctrl Pts',(-25.6792280617114,34.9543302637972,36.3114066961588));
#14171=CARTESIAN_POINT('Ctrl Pts',(-25.5607067355954,53.8847349213969,36.3317460658985));
#14172=CARTESIAN_POINT('Ctrl Pts',(-25.5607067355954,34.9543302637972,36.3317460658985));
#14173=CARTESIAN_POINT('Ctrl Pts',(-25.5000474816804,53.8847349213969,36.3421557620598));
#14174=CARTESIAN_POINT('Ctrl Pts',(-25.5000474816804,34.9543302637972,36.3421557620598));
#14175=CARTESIAN_POINT('Ctrl Pts',(-15.6500054612983,53.8847349213969,38.0325152371771));
#14176=CARTESIAN_POINT('Ctrl Pts',(-15.6500054612983,34.9543302637972,38.0325152371771));
#14177=CARTESIAN_POINT('Ctrl Pts',(-5.79996344091623,53.8847349213969,39.7228747122944));
#14178=CARTESIAN_POINT('Ctrl Pts',(-5.79996344091623,34.9543302637972,39.7228747122944));
#14179=CARTESIAN_POINT('Ctrl Pts',(4.05007857946587,53.8847349213969,41.4132341874117));
#14180=CARTESIAN_POINT('Ctrl Pts',(4.05007857946587,34.9543302637972,41.4132341874117));
#14181=CARTESIAN_POINT('Ctrl Pts',(-27.0048551739881,34.9543302637972,34.6919153774444));
#14182=CARTESIAN_POINT('Ctrl Pts',(-27.0037973361153,34.9543302637972,34.7464605740217));
#14183=CARTESIAN_POINT('Ctrl Pts',(-27.0017300293422,34.9543302637972,34.8530569223107));
#14184=CARTESIAN_POINT('Ctrl Pts',(-26.9827055794199,34.9543302637972,35.0092939950257));
#14185=CARTESIAN_POINT('Ctrl Pts',(-26.954449412129,34.9543302637972,35.1585673651335));
#14186=CARTESIAN_POINT('Ctrl Pts',(-26.9141704640764,34.9543302637972,35.3010838378039));
#14187=CARTESIAN_POINT('Ctrl Pts',(-26.8587877299359,34.9543302637972,35.4351672167735));
#14188=CARTESIAN_POINT('Ctrl Pts',(-26.7944951454018,34.9543302637972,35.5626958182049));
#14189=CARTESIAN_POINT('Ctrl Pts',(-26.7178154375105,34.9543302637972,35.683237062049));
#14190=CARTESIAN_POINT('Ctrl Pts',(-26.629269561687,34.9543302637972,35.7955959678765));
#14191=CARTESIAN_POINT('Ctrl Pts',(-26.5289367893572,34.9543302637972,35.899871995331));
#14192=CARTESIAN_POINT('Ctrl Pts',(-26.4163774230938,34.9543302637972,35.9939192235614));
#14193=CARTESIAN_POINT('Ctrl Pts',(-26.292395101683,34.9543302637972,36.0781052117837));
#14194=CARTESIAN_POINT('Ctrl Pts',(-26.1562398073314,34.9543302637972,36.1519444919906));
#14195=CARTESIAN_POINT('Ctrl Pts',(-26.0088595975686,34.9543302637972,36.2150690757241));
#14196=CARTESIAN_POINT('Ctrl Pts',(-25.8496153824855,34.9543302637972,36.268180176952));
#14197=CARTESIAN_POINT('Ctrl Pts',(-25.6792280617114,34.9543302637972,36.3114066961588));
#14198=CARTESIAN_POINT('Ctrl Pts',(-25.5607067355954,34.9543302637972,36.3317460658985));
#14199=CARTESIAN_POINT('Ctrl Pts',(-25.5000474816804,34.9543302637972,36.3421557620598));
#14200=CARTESIAN_POINT('Origin',(-22.1587013278343,35.3543302637972,33.0296557620598));
#14201=CARTESIAN_POINT('',(-22.1587013278343,34.9543302637972,33.0296557620598));
#14202=CARTESIAN_POINT('Origin',(-26.1178359432189,35.3543302637972,39.0296557620598));
#14203=CARTESIAN_POINT('',(-25.2644705586035,34.9543302637972,37.667876915906));
#14204=CARTESIAN_POINT('',(-25.2644705586035,35.3543302637972,37.667876915906));
#14205=CARTESIAN_POINT('',(-26.1178359432189,34.9543302637972,39.0296557620598));
#14206=CARTESIAN_POINT('Origin',(-23.5709609432189,35.3543302637972,36.4911942235983));
#14207=CARTESIAN_POINT('',(-23.5709609432189,34.9543302637972,36.4911942235983));
#14208=CARTESIAN_POINT('',(-23.5709609432189,34.9543302637972,36.4911942235983));
#14209=CARTESIAN_POINT('',(-23.5709609432189,35.3543302637972,36.4911942235983));
#14210=CARTESIAN_POINT('Origin',(-28.55,38.9543302637972,22.1390090155296));
#14211=CARTESIAN_POINT('',(-25.4499999999999,38.9543302637972,22.1390090155296));
#14212=CARTESIAN_POINT('',(-28.5499999999993,38.9543302637972,22.1390090155293));
#14213=CARTESIAN_POINT('',(-23.8999999999999,38.9543302637972,22.1390090155296));
#14214=CARTESIAN_POINT('',(-28.5499999999993,41.9543302637972,22.1390090155293));
#14215=CARTESIAN_POINT('',(-28.5499999999993,38.9543302637972,22.1390090155292));
#14216=CARTESIAN_POINT('',(-25.4499999999999,41.9543302637972,22.1390090155296));
#14217=CARTESIAN_POINT('',(-30.9999999999999,41.9543302637972,22.1390090155296));
#14218=CARTESIAN_POINT('',(-25.4499999999999,38.9543302637972,22.1390090155296));
#14219=CARTESIAN_POINT('Origin',(-30.9999999999999,41.9543302637972,23.4543302637976));
#14220=CARTESIAN_POINT('',(-30.0999999999999,41.9543302637972,19.4543302637976));
#14221=CARTESIAN_POINT('',(-25.4499999999999,41.9543302637972,22.1390090155296));
#14222=CARTESIAN_POINT('Origin',(0.500000000000053,34.9543302637972,6.95433026379757));
#14223=CARTESIAN_POINT('',(0.500000000000054,34.9543302637972,23.9043302637976));
#14224=CARTESIAN_POINT('',(0.500000000000053,34.9543302637972,6.95370516611068));
#14225=CARTESIAN_POINT('',(0.500000000000054,34.9543302637972,48.9543302637976));
#14226=CARTESIAN_POINT('',(0.500000000000055,38.6543302637972,6.95370516611063));
#14227=CARTESIAN_POINT('',(0.500000000000053,34.9543302637972,6.95370516611057));
#14228=CARTESIAN_POINT('',(0.500000000000053,38.6543302637972,3.59129591963756));
#14229=CARTESIAN_POINT('',(0.500000000000054,38.6543302637972,6.95433026379757));
#14230=CARTESIAN_POINT('',(0.500000000000054,39.9543302637972,6.95433026379757));
#14231=CARTESIAN_POINT('Origin',(0.500000000000053,34.9543302637972,6.95433026379757));
#14232=CARTESIAN_POINT('',(0.500000000000053,39.9543302637972,11.0260445780888));
#14233=CARTESIAN_POINT('',(0.500000000000053,39.9543302637972,24.9543302637976));
#14234=CARTESIAN_POINT('',(0.500000000000053,39.9543302637972,13.8826159495064));
#14235=CARTESIAN_POINT('Origin',(0.500000000000052,34.9543302637972,12.4543302637976));
#14236=CARTESIAN_POINT('',(0.500000000000053,39.9543302637972,21.7974760143056));
#14237=CARTESIAN_POINT('',(0.500000000000053,39.9543302637972,24.9543302637976));
#14238=CARTESIAN_POINT('',(0.500000000000053,42.0611845132892,23.9043302637976));
#14239=CARTESIAN_POINT('',(0.500000000000053,38.2827573885432,20.1259031390516));
#14240=CARTESIAN_POINT('',(0.500000000000053,34.9543302637972,23.9043302637976));
#14241=CARTESIAN_POINT('Origin',(5.68434188608086E-14,46.9543302637972,
46.9543302637976));
#14242=CARTESIAN_POINT('',(-24.8,46.9543302637972,48.9543302637976));
#14243=CARTESIAN_POINT('',(-33.,46.9543302637972,46.9543302637976));
#14244=CARTESIAN_POINT('Origin',(5.68434188608086E-14,46.9543302637972,
46.9543302637976));
#14245=CARTESIAN_POINT('',(-16.2274344004018,46.9543302637972,23.4543302637974));
#14246=CARTESIAN_POINT('',(-30.8999999999999,46.9543302637972,23.4543302637976));
#14247=CARTESIAN_POINT('',(5.68434188608086E-14,46.9543302637972,23.4543302637976));
#14248=CARTESIAN_POINT('',(-30.8999999999999,46.9543302637972,23.9543302637976));
#14249=CARTESIAN_POINT('',(-1.84203811574852,46.9543302637973,23.9543302637976));
#14250=CARTESIAN_POINT('',(-1.84203811574852,46.9543302637973,27.4543302637976));
#14251=CARTESIAN_POINT('',(-1.99999999999995,46.9543302637972,23.9543302637976));
#14252=CARTESIAN_POINT('',(5.68434188608086E-14,46.9543302637972,23.9543302637976));
#14253=CARTESIAN_POINT('',(-1.99999999999995,46.9543302637972,23.4543302637976));
#14254=CARTESIAN_POINT('',(-1.99999999999995,46.9543302637972,46.9543302637976));
#14255=CARTESIAN_POINT('',(-13.0723625305017,46.9543302637972,23.4543302637977));
#14256=CARTESIAN_POINT('',(5.68434188608086E-14,46.9543302637972,23.4543302637976));
#14257=CARTESIAN_POINT('',(-12.4973246975288,46.9543302637972,24.0460079908002));
#14258=CARTESIAN_POINT('',(-12.4973246975276,46.9543302637972,24.0460079908014));
#14259=CARTESIAN_POINT('',(-12.5175201738585,46.9543302637972,25.8123881316439));
#14260=CARTESIAN_POINT('',(-12.5175201738599,46.9543302637972,25.8123881316446));
#14261=CARTESIAN_POINT('',(-13.7587427629571,46.9543302637972,27.0438860437916));
#14262=CARTESIAN_POINT('',(-13.7587427629599,46.9543302637972,27.0438860437916));
#14263=CARTESIAN_POINT('',(-15.507220216799,46.9543302637972,27.0507610216455));
#14264=CARTESIAN_POINT('',(-15.5072202167999,46.9543302637972,27.0507610216456));
#14265=CARTESIAN_POINT('',(-16.7705189742705,46.9543302637972,25.8160209657512));
#14266=CARTESIAN_POINT('',(-16.7705189742699,46.9543302637972,25.8160209657516));
#14267=CARTESIAN_POINT('',(-16.7959811085982,46.9543302637972,24.030626725292));
#14268=CARTESIAN_POINT('',(-16.7959811085999,46.9543302637972,24.0306267252906));
#14269=CARTESIAN_POINT('',(-16.2274344004015,46.9543302637972,23.4543302637961));
#14270=CARTESIAN_POINT('Origin',(-30.9999999999999,41.9543302637972,23.4543302637976));
#14271=CARTESIAN_POINT('',(-30.8999999999999,41.9543302637972,23.4543302637976));
#14272=CARTESIAN_POINT('',(-17.2522854601067,49.9543302637983,23.4543302638007));
#14273=CARTESIAN_POINT('Origin',(-42.4999999999999,41.9543302637972,16.9543302637976));
#14274=CARTESIAN_POINT('',(-24.9433756729699,41.9543302637972,16.9543302637976));
#14275=CARTESIAN_POINT('',(-9.55662432702594,41.9543302637972,16.9543302637976));
#14276=CARTESIAN_POINT('Origin',(-11.0999999999999,41.9543302637972,14.6543302637976));
#14277=CARTESIAN_POINT('',(-11.0999999999999,41.9543302637972,14.6543302637976));
#14278=CARTESIAN_POINT('',(-11.0999999999999,41.9543302637972,4.65433026379757));
#14279=CARTESIAN_POINT('',(-11.0999999999999,41.9543302637972,14.6543302637976));
#14280=CARTESIAN_POINT('',(-11.0999999999999,41.9543302637972,4.65433026379757));
#14281=CARTESIAN_POINT('',(-11.0999999999999,41.9543302637972,14.6543302637976));
#14282=CARTESIAN_POINT('Origin',(-9.09999999999995,41.9543302637972,14.6543302637976));
#14283=CARTESIAN_POINT('',(-9.09999999999995,41.9543302637972,6.16854382617062));
#14284=CARTESIAN_POINT('',(-9.09999999999995,41.9543302637972,6.16854382617057));
#14285=CARTESIAN_POINT('',(-9.09999999999995,41.9543302637972,14.6543302637976));
#14286=CARTESIAN_POINT('',(-9.09999999999995,41.9543302637972,14.6543302637976));
#14287=CARTESIAN_POINT('',(-9.09999999999995,41.9543302637972,14.6543302637976));
#14288=CARTESIAN_POINT('Origin',(-6.84999999999995,41.9543302637972,4.50433026379757));
#14289=CARTESIAN_POINT('',(-6.84999999999995,41.9543302637972,4.75433026379757));
#14290=CARTESIAN_POINT('',(-6.84999999999995,41.9543302637972,5.50433026379757));
#14291=CARTESIAN_POINT('',(-6.84999999999995,41.9543302637972,4.50433026379757));
#14292=CARTESIAN_POINT('',(-6.84999999999995,46.9084582986842,4.75433026379757));
#14293=CARTESIAN_POINT('',(-6.84999999999995,41.9543302637972,4.75433026379757));
#14294=CARTESIAN_POINT('',(-6.84999999999995,46.9234087301432,4.75616594595957));
#14295=CARTESIAN_POINT('',(-6.84999999999995,46.8931676436473,5.50433026379752));
#14296=CARTESIAN_POINT('',(-6.84999999999995,46.8931676436472,5.50433026379757));
#14297=CARTESIAN_POINT('',(-6.84999999999995,41.9543302637972,5.50433026379757));
#14298=CARTESIAN_POINT('Origin',(42.5000000000001,41.9543302637972,8.95433026379757));
#14299=CARTESIAN_POINT('',(-8.30096189432312,41.9543302637972,5.50433026379757));
#14300=CARTESIAN_POINT('Origin',(-9.59999999999995,41.9543302637972,4.75433026379757));
#14301=CARTESIAN_POINT('',(-7.84999999999995,41.9543302637972,5.50433026379757));
#14302=CARTESIAN_POINT('',(-7.84999999999995,41.9543302637972,5.50433026379757));
#14303=CARTESIAN_POINT('',(-7.84999999999995,41.9543302637972,4.75433026379757));
#14304=CARTESIAN_POINT('',(-7.84999999999995,41.9543302637972,4.50433026379757));
#14305=CARTESIAN_POINT('',(30.1500000000001,41.9543302637972,4.75433026379757));
#14306=CARTESIAN_POINT('',(-5.84999999999995,41.9543302637972,5.50433026379757));
#14307=CARTESIAN_POINT('',(-5.84999999999995,41.9543302637972,5.50433026379757));
#14308=CARTESIAN_POINT('',(-5.84999999999995,41.9543302637972,4.75433026379757));
#14309=CARTESIAN_POINT('',(-5.84999999999995,41.9543302637972,4.50433026379757));
#14310=CARTESIAN_POINT('',(-5.1364459137532,41.9543302637972,4.75433026379627));
#14311=CARTESIAN_POINT('',(30.1500000000001,41.9543302637972,4.75433026379757));
#14312=CARTESIAN_POINT('',(-4.84581637058395,41.9543302637972,4.92212530877437));
#14313=CARTESIAN_POINT('',(25.4650727618681,41.9543302637972,22.4221253087796));
#14314=CARTESIAN_POINT('',(-5.22081637058695,41.9543302637972,5.57164436161757));
#14315=CARTESIAN_POINT('',(-4.72081637058695,41.9543302637972,4.70561895783357));
#14316=CARTESIAN_POINT('',(-4.35479096680295,41.9543302637972,6.07164436161757));
#14317=CARTESIAN_POINT('',(-4.35479096680295,41.9543302637972,6.07164436161757));
#14318=CARTESIAN_POINT('',(-3.9797909668022,41.9543302637972,5.42212530877827));
#14319=CARTESIAN_POINT('',(-3.85479096680295,41.9543302637972,5.20561895783357));
#14320=CARTESIAN_POINT('',(-3.11376556301515,41.9543302637972,5.92212530877472));
#14321=CARTESIAN_POINT('',(25.4650727618681,41.9543302637972,22.4221253087796));
#14322=CARTESIAN_POINT('',(-3.48876556301795,41.9543302637972,6.57164436161757));
#14323=CARTESIAN_POINT('',(-2.98876556301795,41.9543302637972,5.70561895783357));
#14324=CARTESIAN_POINT('',(-2.62274015923395,41.9543302637972,7.07164436161757));
#14325=CARTESIAN_POINT('',(-2.62274015923395,41.9543302637972,7.07164436161757));
#14326=CARTESIAN_POINT('',(-2.24774015923325,41.9543302637972,6.42212530877836));
#14327=CARTESIAN_POINT('',(-2.12274015923395,41.9543302637972,6.20561895783357));
#14328=CARTESIAN_POINT('',(-1.38171475544715,41.9543302637972,6.92212530877471));
#14329=CARTESIAN_POINT('',(25.4650727618681,41.9543302637972,22.4221253087796));
#14330=CARTESIAN_POINT('',(-1.75671475544986,41.9543302637972,7.57164436161743));
#14331=CARTESIAN_POINT('',(-1.25671475544995,41.9543302637972,6.70561895783357));
#14332=CARTESIAN_POINT('',(-0.890689351664947,41.9543302637972,8.07164436161757));
#14333=CARTESIAN_POINT('',(-0.890689351664947,41.9543302637972,8.07164436161757));
#14334=CARTESIAN_POINT('',(-0.515689351664298,41.9543302637972,7.42212530877845));
#14335=CARTESIAN_POINT('',(-0.390689351664947,41.9543302637972,7.20561895783357));
#14336=CARTESIAN_POINT('',(0.350336052119703,41.9543302637972,7.92212530877844));
#14337=CARTESIAN_POINT('',(25.4650727618681,41.9543302637972,22.4221253087796));
#14338=CARTESIAN_POINT('',(-0.0246639478806229,41.9543302637972,8.57164436161732));
#14339=CARTESIAN_POINT('',(0.475336052119053,41.9543302637972,7.70561895783357));
#14340=CARTESIAN_POINT('',(0.841361455904052,41.9543302637972,9.07164436161757));
#14341=CARTESIAN_POINT('',(0.841361455904053,41.9543302637972,9.07164436161757));
#14342=CARTESIAN_POINT('',(1.21636145590585,41.9543302637972,8.42212530877645));
#14343=CARTESIAN_POINT('',(1.34136145590405,41.9543302637972,8.20561895783357));
#14344=CARTESIAN_POINT('',(2.08238685968865,41.9543302637972,8.92212530877853));
#14345=CARTESIAN_POINT('',(25.4650727618681,41.9543302637972,22.4221253087796));
#14346=CARTESIAN_POINT('',(1.70738685968822,41.9543302637972,9.57164436161728));
#14347=CARTESIAN_POINT('',(2.20738685968805,41.9543302637972,8.70561895783357));
#14348=CARTESIAN_POINT('',(2.57341226347305,41.9543302637972,10.0716443616176));
#14349=CARTESIAN_POINT('',(2.57341226347305,41.9543302637972,10.0716443616176));
#14350=CARTESIAN_POINT('',(2.9484122634747,41.9543302637972,9.42212530877671));
#14351=CARTESIAN_POINT('',(3.07341226347305,41.9543302637972,9.20561895783357));
#14352=CARTESIAN_POINT('',(3.50000000000063,41.9543302637972,9.74058463694457));
#14353=CARTESIAN_POINT('',(25.4650727618681,41.9543302637972,22.4221253087796));
#14354=CARTESIAN_POINT('',(3.50000000000005,41.9543302637972,10.4543302637976));
#14355=CARTESIAN_POINT('',(3.50000000000005,41.9543302637972,9.45433026379757));
#14356=CARTESIAN_POINT('',(4.50000000000005,41.9543302637972,10.4543302637976));
#14357=CARTESIAN_POINT('',(4.50000000000005,41.9543302637972,10.4543302637976));
#14358=CARTESIAN_POINT('',(4.50000000000005,41.9543302637972,9.70433026379757));
#14359=CARTESIAN_POINT('',(4.50000000000005,41.9543302637972,9.45433026379757));
#14360=CARTESIAN_POINT('',(5.50000000000005,41.9543302637972,9.70433026379757));
#14361=CARTESIAN_POINT('',(42.5000000000001,41.9543302637972,9.70433026379757));
#14362=CARTESIAN_POINT('',(5.50000000000005,41.9543302637972,10.4543302637976));
#14363=CARTESIAN_POINT('',(5.50000000000005,41.9543302637972,9.45433026379757));
#14364=CARTESIAN_POINT('',(6.50000000000006,41.9543302637972,10.4543302637976));
#14365=CARTESIAN_POINT('',(6.50000000000006,41.9543302637972,10.4543302637976));
#14366=CARTESIAN_POINT('',(6.50000000000006,41.9543302637972,9.70433026379757));
#14367=CARTESIAN_POINT('',(6.50000000000006,41.9543302637972,9.45433026379757));
#14368=CARTESIAN_POINT('',(7.50000000000005,41.9543302637972,9.70433026379757));
#14369=CARTESIAN_POINT('',(42.5000000000001,41.9543302637972,9.70433026379757));
#14370=CARTESIAN_POINT('',(7.50000000000005,41.9543302637972,10.4543302637976));
#14371=CARTESIAN_POINT('',(7.50000000000005,41.9543302637972,9.45433026379757));
#14372=CARTESIAN_POINT('',(8.50000000000005,41.9543302637972,10.4543302637976));
#14373=CARTESIAN_POINT('',(8.50000000000005,41.9543302637972,10.4543302637976));
#14374=CARTESIAN_POINT('',(8.50000000000005,41.9543302637972,9.70433026379757));
#14375=CARTESIAN_POINT('',(8.50000000000005,41.9543302637972,9.45433026379757));
#14376=CARTESIAN_POINT('',(9.50000000000006,41.9543302637972,9.70433026379757));
#14377=CARTESIAN_POINT('',(42.5000000000001,41.9543302637972,9.70433026379757));
#14378=CARTESIAN_POINT('',(9.50000000000006,41.9543302637972,8.95433026379757));
#14379=CARTESIAN_POINT('',(9.50000000000006,41.9543302637972,8.95433026379757));
#14380=CARTESIAN_POINT('',(3.63816747803566,41.9543302637972,8.95433026379651));
#14381=CARTESIAN_POINT('',(42.5000000000001,41.9543302637972,8.95433026379757));
#14382=CARTESIAN_POINT('',(-4.81754029134593,41.9543302637972,4.07242510695199));
#14383=CARTESIAN_POINT('',(25.8400727618681,41.9543302637972,21.7726062559406));
#14384=CARTESIAN_POINT('',(-5.13228756555306,41.9543302637972,4.00433026379757));
#14385=CARTESIAN_POINT('Origin',(-4.99999999999995,41.9543302637972,4.15433026379757));
#14386=CARTESIAN_POINT('',(-8.30096189432312,41.9543302637972,4.00433026379757));
#14387=CARTESIAN_POINT('',(30.1500000000001,41.9543302637972,4.00433026379757));
#14388=CARTESIAN_POINT('',(-11.0966629547097,41.9543302637972,4.65433026379757));
#14389=CARTESIAN_POINT('Origin',(-9.59999999999995,41.9543302637972,4.75433026379757));
#14390=CARTESIAN_POINT('',(-11.0999999999999,41.9543302637972,4.65433026379757));
#14391=CARTESIAN_POINT('',(-11.0999999999999,41.9543302637972,14.6543302637976));
#14392=CARTESIAN_POINT('Origin',(30.1500000000001,41.9543302637972,4.00433026379757));
#14393=CARTESIAN_POINT('',(-8.30096189432325,46.9543302637968,4.00433026379765));
#14394=CARTESIAN_POINT('',(-5.17652527535538,46.9543302637972,4.00433026379757));
#14395=CARTESIAN_POINT('',(30.1500000000001,46.9543302637972,4.00433026379758));
#14396=CARTESIAN_POINT('',(-8.3009618943232,41.9543302637972,4.00433026379772));
#14397=CARTESIAN_POINT('',(-5.13228756555295,46.5952051425013,4.00433026379757));
#14398=CARTESIAN_POINT('',(-5.13228756555295,41.9543302637972,4.00433026379757));
#14399=CARTESIAN_POINT('Origin',(-4.97942273030129,47.5964382483387,4.00433026379757));
#14400=CARTESIAN_POINT('Origin',(30.1500000000001,46.9543302637972,4.00433026379758));
#14401=CARTESIAN_POINT('Origin',(-9.60000000000517,42.7008688991022,4.75433026379925));
#14402=CARTESIAN_POINT('Ctrl Pts',(-5.17652527535536,46.9543302637972,4.00433026379757));
#14403=CARTESIAN_POINT('Ctrl Pts',(-5.0993802035923,48.5135480867649,3.72939809280669));
#14404=CARTESIAN_POINT('Ctrl Pts',(-5.02667034070282,49.9543302637971,3.47534932167186));
#14405=CARTESIAN_POINT('Origin',(-42.4999999999999,41.9543302637972,0.654330263797576));
#14406=CARTESIAN_POINT('',(-7.81471862576095,46.9543302637972,0.65433026379758));
#14407=CARTESIAN_POINT('',(2.75000000000005,46.9543302637972,0.65433026379758));
#14408=CARTESIAN_POINT('',(12.5000000000001,46.9543302637972,0.65433026379758));
#14409=CARTESIAN_POINT('',(-7.81471862576112,49.9220944908882,0.65433026379774));
#14410=CARTESIAN_POINT('',(-7.81471862576095,41.9543302637972,0.654330263797576));
#14411=CARTESIAN_POINT('',(-11.,49.9220944908882,0.65433026379758));
#14412=CARTESIAN_POINT('',(-42.4999999999999,49.9220944908882,0.65433026379758));
#14413=CARTESIAN_POINT('',(-10.9999999999999,45.9543302637972,0.65433026379758));
#14414=CARTESIAN_POINT('',(6.50000000000005,46.9543302637972,0.65433026379758));
#14415=CARTESIAN_POINT('',(6.50000000000006,44.9543302637972,0.65433026379758));
#14416=CARTESIAN_POINT('',(6.25000000000005,46.9543302637972,0.65433026379758));
#14417=CARTESIAN_POINT('',(-42.4999999999999,46.9543302637972,0.65433026379758));
#14418=CARTESIAN_POINT('',(6.25000000000005,48.420618093659,0.65433026379758));
#14419=CARTESIAN_POINT('',(6.25000000000005,41.9543302637972,0.654330263797576));
#14420=CARTESIAN_POINT('',(2.75000000000005,48.420618093659,0.65433026379758));
#14421=CARTESIAN_POINT('',(-42.4999999999999,48.4206180936592,0.65433026379758));
#14422=CARTESIAN_POINT('',(2.75000000000006,41.9543302637972,0.654330263797576));
#14423=CARTESIAN_POINT('Origin',(12.5000000000001,46.9543302637972,1.95433026379757));
#14424=CARTESIAN_POINT('',(9.50000000000006,46.9543302637972,-2.37066973620244));
#14425=CARTESIAN_POINT('',(-10.9999999999999,46.9543302637972,-2.37066973620243));
#14426=CARTESIAN_POINT('',(-46.5,46.9543302637972,-2.37066973620242));
#14427=CARTESIAN_POINT('',(-11.,46.9543302637974,-2.11315465006457));
#14428=CARTESIAN_POINT('',(-10.9999999999999,46.9543302637972,1.95433026379757));
#14429=CARTESIAN_POINT('',(-10.5822035396206,46.9543302637974,-2.1131546500639));
#14430=CARTESIAN_POINT('',(-24.9999999999999,46.9543302637976,-2.11315465006485));
#14431=CARTESIAN_POINT('',(-10.5822035396199,46.9543302637972,-2.11315465006443));
#14432=CARTESIAN_POINT('',(2.75000000000005,46.9543302637972,-1.04566973620243));
#14433=CARTESIAN_POINT('',(2.75000000000005,46.9543302637972,-10.0456697362024));
#14434=CARTESIAN_POINT('',(6.25000000000005,46.9543302637972,-1.04566973620243));
#14435=CARTESIAN_POINT('',(12.5000000000001,46.9543302637972,-1.04566973620243));
#14436=CARTESIAN_POINT('',(6.25000000000005,46.9543302637972,-10.0456697362024));
#14437=CARTESIAN_POINT('',(6.50000000000006,46.9543302637972,-2.04566973620242));
#14438=CARTESIAN_POINT('',(6.50000000000006,46.9543302637972,1.95433026379757));
#14439=CARTESIAN_POINT('',(9.50000000000005,46.9543302637972,-2.04566973620242));
#14440=CARTESIAN_POINT('',(12.5000000000001,46.9543302637972,-2.04566973620242));
#14441=CARTESIAN_POINT('',(9.50000000000005,46.9543302637972,1.95433026379757));
#14442=CARTESIAN_POINT('Origin',(-1.49999999999995,34.1543302637972,4.95433026379757));
#14443=CARTESIAN_POINT('',(-1.49999999999995,34.9543302637972,4.50992054293168));
#14444=CARTESIAN_POINT('',(-1.49999999999995,34.9543302637972,-7.54566973620242));
#14445=CARTESIAN_POINT('',(-1.49999999999995,34.9543302637972,1.95433026379757));
#14446=CARTESIAN_POINT('',(-1.49999999999995,35.4543302637972,-7.54566973620242));
#14447=CARTESIAN_POINT('',(-1.49999999999995,34.1543302637972,-7.54566973620243));
#14448=CARTESIAN_POINT('',(-1.49999999999995,35.4543302637972,-13.5456697362024));
#14449=CARTESIAN_POINT('',(-1.49999999999995,35.4543302637972,-12.0456697362024));
#14450=CARTESIAN_POINT('',(-1.49999999999995,34.9543302637972,-13.5456697362024));
#14451=CARTESIAN_POINT('',(-1.49999999999995,34.1543302637972,-13.5456697362024));
#14452=CARTESIAN_POINT('',(-1.5,34.9543302637972,-24.0750925996084));
#14453=CARTESIAN_POINT('',(-1.49999999999995,34.9543302637972,-18.0456697362024));
#14454=CARTESIAN_POINT('',(-1.49999999999994,38.6543302637972,-24.0750925996084));
#14455=CARTESIAN_POINT('',(-1.49999999999995,34.1543302637972,-24.0750925996084));
#14456=CARTESIAN_POINT('',(-1.49999999999995,38.6543302637972,4.50992054293168));
#14457=CARTESIAN_POINT('',(-1.49999999999995,38.6543302637972,4.95433026379757));
#14458=CARTESIAN_POINT('',(-1.49999999999995,34.1543302637972,4.50992054293157));
#14459=CARTESIAN_POINT('Origin',(-30.7573593128799,34.9543302637972,49.9116895766776));
#14460=CARTESIAN_POINT('',(-30.7573593128799,34.9543302637972,49.9116895766776));
#14461=CARTESIAN_POINT('Origin',(-24.8,47.0543302637972,48.9543302637976));
#14462=CARTESIAN_POINT('',(-19.1999999999999,47.0543302637972,48.9543302637976));
#14463=CARTESIAN_POINT('',(-24.8,47.0543302637972,48.9543302637976));
#14464=CARTESIAN_POINT('Origin',(-24.8,44.9543302637972,48.9543302637976));
#14465=CARTESIAN_POINT('',(-24.8,47.0543302637972,48.9543302637976));
#14466=CARTESIAN_POINT('',(-19.1999999999999,47.0543302637972,48.9543302637976));
#14467=CARTESIAN_POINT('',(-24.8,47.0543302637972,48.9543302637976));
#14468=CARTESIAN_POINT('',(-19.1999999999999,44.9543302637972,48.9543302637976));
#14469=CARTESIAN_POINT('',(-19.1999999999999,44.9543302637972,48.9543302637976));
#14470=CARTESIAN_POINT('',(-24.8,44.9543302637972,48.9543302637976));
#14471=CARTESIAN_POINT('',(-24.8,44.9543302637972,48.9543302637976));
#14472=CARTESIAN_POINT('',(-24.8,44.9543302637972,48.9543302637976));
#14473=CARTESIAN_POINT('Origin',(-24.8,47.0543302637972,48.9543302637976));
#14474=CARTESIAN_POINT('',(-19.1999999999999,47.0543302637972,47.6043302637976));
#14475=CARTESIAN_POINT('',(-24.8,47.0543302637972,47.6043302637976));
#14476=CARTESIAN_POINT('',(-24.8,47.0543302637972,47.6043302637976));
#14477=CARTESIAN_POINT('',(-19.1999999999999,47.0543302637972,48.9543302637976));
#14478=CARTESIAN_POINT('',(-24.8,47.0543302637972,48.9543302637976));
#14479=CARTESIAN_POINT('Origin',(-22.,38.9543302637972,45.9543302637976));
#14480=CARTESIAN_POINT('',(-23.6499999999999,44.9543302637972,45.9543302637976));
#14481=CARTESIAN_POINT('',(-23.6499999999999,38.9543302637972,45.9543302637976));
#14482=CARTESIAN_POINT('Origin',(-22.,44.9543302637972,45.9543302637976));
#14483=CARTESIAN_POINT('Origin',(-24.8,44.9543302637972,48.9543302637976));
#14484=CARTESIAN_POINT('',(-24.8,44.9543302637972,48.9543302637976));
#14485=CARTESIAN_POINT('',(-19.1999999999999,44.9543302637972,48.9543302637976));
#14486=CARTESIAN_POINT('Origin',(-42.4999999999999,34.9543302637972,-24.5456697362024));
#14487=CARTESIAN_POINT('',(-29.8999999999999,49.9543302637972,-24.5456697362024));
#14488=CARTESIAN_POINT('',(-1.59999999999994,49.9543302637972,-24.5456697362024));
#14489=CARTESIAN_POINT('',(-42.4999999999999,49.9543302637972,-24.5456697362024));
#14490=CARTESIAN_POINT('',(-1.59999999999995,46.9543302637972,-24.5456697362024));
#14491=CARTESIAN_POINT('',(-1.59999999999994,34.9543302637972,-24.5456697362024));
#14492=CARTESIAN_POINT('',(9.50000000000006,46.9543302637972,-24.5456697362024));
#14493=CARTESIAN_POINT('',(5.32907051820075E-14,46.9543302637972,-24.5456697362024));
#14494=CARTESIAN_POINT('',(9.50000000000052,39.3155975650709,-24.5456697362025));
#14495=CARTESIAN_POINT('',(9.50000000000006,34.9543302637972,-24.5456697362024));
#14496=CARTESIAN_POINT('',(7.46630765815518,34.9543302637972,-24.5456697362024));
#14497=CARTESIAN_POINT('',(2.7710077806484,24.8852271826195,-24.5456697362024));
#14498=CARTESIAN_POINT('',(2.00000000000005,34.9543302637972,-24.5456697362024));
#14499=CARTESIAN_POINT('',(-42.4999999999999,34.9543302637972,-24.5456697362024));
#14500=CARTESIAN_POINT('',(2.00000000000005,38.6543302637972,-24.5456697362024));
#14501=CARTESIAN_POINT('',(2.00000000000006,34.5543302637972,-24.5456697362024));
#14502=CARTESIAN_POINT('',(-1.77168783648701,38.6543302637972,-24.5456697362024));
#14503=CARTESIAN_POINT('',(-21.7749999999999,38.6543302637972,-24.5456697362024));
#14504=CARTESIAN_POINT('',(-1.77168783648695,34.9543302637972,-24.5456697362024));
#14505=CARTESIAN_POINT('',(-1.77168783648735,34.5543302637972,-24.5456697362024));
#14506=CARTESIAN_POINT('',(-38.4999999999989,34.9543302637972,-24.5456697362018));
#14507=CARTESIAN_POINT('',(-42.4999999999999,34.9543302637972,-24.5456697362024));
#14508=CARTESIAN_POINT('',(-38.4999999999996,46.9543302637972,-24.5456697362021));
#14509=CARTESIAN_POINT('',(-38.4999999999989,33.9543302637972,-24.5456697362014));
#14510=CARTESIAN_POINT('',(-29.8999999999999,46.9543302637972,-24.5456697362024));
#14511=CARTESIAN_POINT('',(-33.5,46.9543302637972,-24.5456697362024));
#14512=CARTESIAN_POINT('',(-29.8999999999999,34.9543302637972,-24.5456697362024));
#14513=CARTESIAN_POINT('',(-24.6999999999999,42.9543302637972,-24.5456697362024));
#14514=CARTESIAN_POINT('',(-24.6999999999999,44.9543302637972,-24.5456697362024));
#14515=CARTESIAN_POINT('',(-24.6999999999999,34.9543302637972,-24.5456697362024));
#14516=CARTESIAN_POINT('',(-30.3,44.9543302637972,-24.5456697362024));
#14517=CARTESIAN_POINT('',(-42.4999999999999,44.9543302637972,-24.5456697362024));
#14518=CARTESIAN_POINT('',(-30.2999999999999,42.9543302637972,-24.5456697362024));
#14519=CARTESIAN_POINT('',(-30.2999999999999,34.9543302637972,-24.5456697362024));
#14520=CARTESIAN_POINT('',(-38.25,42.9543302637972,-24.5456697362024));
#14521=CARTESIAN_POINT('',(-6.79999999999995,42.9543302637972,-24.5456697362024));
#14522=CARTESIAN_POINT('',(-1.19999999999995,42.9543302637972,-24.5456697362024));
#14523=CARTESIAN_POINT('',(-38.25,42.9543302637972,-24.5456697362024));
#14524=CARTESIAN_POINT('',(-1.19999999999995,44.9543302637972,-24.5456697362024));
#14525=CARTESIAN_POINT('',(-1.19999999999995,34.9543302637972,-24.5456697362024));
#14526=CARTESIAN_POINT('',(-6.79999999999995,44.9543302637972,-24.5456697362024));
#14527=CARTESIAN_POINT('',(-42.4999999999999,44.9543302637972,-24.5456697362024));
#14528=CARTESIAN_POINT('',(-6.79999999999995,34.9543302637972,-24.5456697362024));
#14529=CARTESIAN_POINT('Origin',(-42.4999999999999,49.9543302637972,-18.0456697362024));
#14530=CARTESIAN_POINT('',(-31.5,49.9543302637972,-18.0456697362024));
#14531=CARTESIAN_POINT('',(5.32907051820075E-14,49.9543302637972,-18.0456697362024));
#14532=CARTESIAN_POINT('',(-42.4999999999999,49.9543302637972,-18.0456697362024));
#14533=CARTESIAN_POINT('',(5.32907051820075E-14,49.9543302637972,-22.9456697362024));
#14534=CARTESIAN_POINT('',(5.32907051820075E-14,49.9543302637972,-17.5456697362024));
#14535=CARTESIAN_POINT('',(5.32907051820075E-14,49.9543302637972,-22.9456697362024));
#14536=CARTESIAN_POINT('',(-31.5,49.9543302637972,-22.9456697362024));
#14537=CARTESIAN_POINT('',(-29.8999999999999,49.9543302637972,-24.5456697362024));
#14538=CARTESIAN_POINT('',(-31.5,49.9543302637972,-17.5456697362024));
#14539=CARTESIAN_POINT('',(-29.1999999999999,49.9543302637972,-21.0456697362024));
#14540=CARTESIAN_POINT('Origin',(-27.4999999999999,49.9543302637972,-21.0456697362024));
#14541=CARTESIAN_POINT('',(-5.69999999999995,49.9543302637972,-21.0456697362024));
#14542=CARTESIAN_POINT('Origin',(-3.99999999999995,49.9543302637972,-21.0456697362024));
#14543=CARTESIAN_POINT('Origin',(-42.4999999999999,34.9543302637972,-18.0456697362024));
#14544=CARTESIAN_POINT('',(5.32907051820075E-14,46.9543302637972,-18.0456697362024));
#14545=CARTESIAN_POINT('',(-31.5,46.9543302637972,-18.0456697362024));
#14546=CARTESIAN_POINT('',(12.5000000000001,46.9543302637972,-18.0456697362024));
#14547=CARTESIAN_POINT('',(5.32907051820075E-14,34.9543302637972,-18.0456697362024));
#14548=CARTESIAN_POINT('',(-31.5,34.9543302637972,-18.0456697362024));
#14549=CARTESIAN_POINT('Origin',(12.5000000000001,46.9543302637972,1.95433026379757));
#14550=CARTESIAN_POINT('',(-42.4999999999999,46.9543302637972,-17.7206697362024));
#14551=CARTESIAN_POINT('',(9.50000000000006,46.9543302637972,-17.7206697362024));
#14552=CARTESIAN_POINT('',(-46.5,46.9543302637972,-17.7206697362024));
#14553=CARTESIAN_POINT('',(9.50000000000005,46.9543302637972,15.9543302637976));
#14554=CARTESIAN_POINT('',(5.29437604868122E-14,46.9543302637972,-22.9456697362024));
#14555=CARTESIAN_POINT('',(2.00000000000005,46.9543302637972,-20.9456697362024));
#14556=CARTESIAN_POINT('',(5.32907051820075E-14,46.9543302637972,-17.5456697362024));
#14557=CARTESIAN_POINT('',(-31.5,46.9543302637972,-22.9456697362024));
#14558=CARTESIAN_POINT('',(-31.5,46.9543302637972,-17.5456697362024));
#14559=CARTESIAN_POINT('',(-33.5,46.9543302637972,-20.9456697362024));
#14560=CARTESIAN_POINT('',(-42.4999999999999,46.9543302637972,-20.5456697362024));
#14561=CARTESIAN_POINT('',(-38.5,46.9543302637972,-24.5456697362024));
#14562=CARTESIAN_POINT('',(-42.4999999999999,46.9543302637972,15.9543302637976));
#14563=CARTESIAN_POINT('',(-33.7499999999999,46.9543302637972,-20.8456697362024));
#14564=CARTESIAN_POINT('',(-33.7499999999999,46.9543302637972,-19.0456697362024));
#14565=CARTESIAN_POINT('',(-33.7499999999999,46.9543302637972,-17.5456697362024));
#14566=CARTESIAN_POINT('',(-37.25,46.9543302637972,-19.0456697362024));
#14567=CARTESIAN_POINT('',(-44.9999999999999,46.9543302637972,-19.0456697362024));
#14568=CARTESIAN_POINT('',(-37.25,46.9543302637972,-20.8456697362024));
#14569=CARTESIAN_POINT('',(-37.25,46.9543302637972,-17.5456697362024));
#14570=CARTESIAN_POINT('',(-44.9999999999999,46.9543302637972,-20.8456697362024));
#14571=CARTESIAN_POINT('',(6.25000000000005,46.9543302637972,-20.8456697362024));
#14572=CARTESIAN_POINT('',(6.25000000000005,46.9543302637972,-19.0456697362024));
#14573=CARTESIAN_POINT('',(6.25000000000005,46.9543302637972,-17.5456697362024));
#14574=CARTESIAN_POINT('',(2.75000000000005,46.9543302637972,-19.0456697362024));
#14575=CARTESIAN_POINT('',(5.32907051820075E-14,46.9543302637972,-19.0456697362024));
#14576=CARTESIAN_POINT('',(2.75000000000005,46.9543302637972,-20.8456697362024));
#14577=CARTESIAN_POINT('',(2.75000000000005,46.9543302637972,-17.5456697362024));
#14578=CARTESIAN_POINT('',(5.32907051820075E-14,46.9543302637972,-20.8456697362024));
#14579=CARTESIAN_POINT('Origin',(-46.5,46.9543302637972,-10.0456697362024));
#14580=CARTESIAN_POINT('',(-20.9999999999999,46.9543302637972,-2.37066973620243));
#14581=CARTESIAN_POINT('',(-42.4999999999999,46.9543302637972,-2.37066973620242));
#14582=CARTESIAN_POINT('',(-46.5,46.9543302637972,-2.37066973620242));
#14583=CARTESIAN_POINT('',(-20.9999999999999,45.9543302637972,-2.43609517516421));
#14584=CARTESIAN_POINT('Origin',(-20.9999999999999,46.9543302637972,-10.0456697362024));
#14585=CARTESIAN_POINT('',(-18.7999999999999,45.9543302637972,-2.43609517516421));
#14586=CARTESIAN_POINT('',(-46.5,45.9543302637972,-2.43609517516421));
#14587=CARTESIAN_POINT('',(-18.7999999999999,45.4543302637972,-2.51867664466846));
#14588=CARTESIAN_POINT('Origin',(-18.7999999999999,46.9543302637972,-10.0456697362024));
#14589=CARTESIAN_POINT('',(-13.1999999999999,45.4543302637972,-2.51867664466846));
#14590=CARTESIAN_POINT('',(-46.5,45.4543302637973,-2.51867664466845));
#14591=CARTESIAN_POINT('',(-13.1999999999999,45.9543302637972,-2.43609517516421));
#14592=CARTESIAN_POINT('Origin',(-13.1999999999999,46.9543302637972,-10.0456697362024));
#14593=CARTESIAN_POINT('',(-10.9999999999999,45.9543302637972,-2.43609517516421));
#14594=CARTESIAN_POINT('',(-46.5,45.9543302637972,-2.43609517516421));
#14595=CARTESIAN_POINT('Origin',(-10.9999999999999,46.9543302637972,-10.0456697362024));
#14596=CARTESIAN_POINT('',(9.50000000000006,41.9543302637972,-4.22281605437248));
#14597=CARTESIAN_POINT('Origin',(9.50000000000006,46.9543302637972,-10.0456697362024));
#14598=CARTESIAN_POINT('',(8.50000000000005,41.9543302637972,-4.22281605437248));
#14599=CARTESIAN_POINT('',(14.5000000000001,41.9543302637972,-4.22281605437243));
#14600=CARTESIAN_POINT('',(8.50000000000005,41.9543302637972,-15.8685234180324));
#14601=CARTESIAN_POINT('Origin',(8.50000000000005,46.9543302637972,-10.0456697362024));
#14602=CARTESIAN_POINT('',(9.50000000000005,41.9543302637972,-15.8685234180324));
#14603=CARTESIAN_POINT('',(14.5000000000001,41.9543302637972,-15.8685234180324));
#14604=CARTESIAN_POINT('Origin',(9.50000000000006,46.9543302637972,-10.0456697362024));
#14605=CARTESIAN_POINT('',(-42.4999999999999,41.9543302637972,-15.8685234180324));
#14606=CARTESIAN_POINT('Origin',(-42.4999999999999,46.9543302637972,-10.0456697362024));
#14607=CARTESIAN_POINT('',(-41.5,41.9543302637972,-15.8685234180324));
#14608=CARTESIAN_POINT('',(-41.5,41.9543302637972,-15.8685234180324));
#14609=CARTESIAN_POINT('',(-41.5,41.9543302637972,-4.22281605437247));
#14610=CARTESIAN_POINT('Origin',(-41.5,46.9543302637972,-10.0456697362024));
#14611=CARTESIAN_POINT('',(-42.4999999999999,41.9543302637972,-4.22281605437247));
#14612=CARTESIAN_POINT('',(-41.5,41.9543302637972,-4.22281605437243));
#14613=CARTESIAN_POINT('Origin',(-42.4999999999999,46.9543302637972,-10.0456697362024));
#14614=CARTESIAN_POINT('Origin',(12.5000000000001,46.9543302637972,1.95433026379757));
#14615=CARTESIAN_POINT('',(-21.4177964603696,46.9543302637976,-2.11315465006485));
#14616=CARTESIAN_POINT('',(-24.18528137423,46.9543302637972,0.65433026379758));
#14617=CARTESIAN_POINT('',(-20.9999999999999,46.9543302637974,-2.11315465006457));
#14618=CARTESIAN_POINT('',(-24.9999999999999,46.9543302637976,-2.11315465006485));
#14619=CARTESIAN_POINT('',(-20.9999999999999,46.9543302637972,1.95433026379757));
#14620=CARTESIAN_POINT('',(-42.4999999999999,46.9543302637972,-2.04566973620242));
#14621=CARTESIAN_POINT('',(-42.4999999999999,46.9543302637972,15.9543302637976));
#14622=CARTESIAN_POINT('',(-38.5,46.9543302637972,-2.04566973620242));
#14623=CARTESIAN_POINT('',(12.5000000000001,46.9543302637972,-2.04566973620242));
#14624=CARTESIAN_POINT('',(-38.5,46.9543302637972,1.95433026379757));
#14625=CARTESIAN_POINT('',(-37.25,46.9543302637972,-1.04566973620243));
#14626=CARTESIAN_POINT('',(-37.25,46.9543302637972,-10.0456697362024));
#14627=CARTESIAN_POINT('',(-33.7499999999999,46.9543302637972,-1.04566973620243));
#14628=CARTESIAN_POINT('',(12.5000000000001,46.9543302637972,-1.04566973620243));
#14629=CARTESIAN_POINT('',(-33.7499999999999,46.9543302637972,-10.0456697362024));
#14630=CARTESIAN_POINT('Origin',(-24.24264068711,35.9543302637972,0.711689576678571));
#14631=CARTESIAN_POINT('',(-24.1852813742294,49.9220944908882,0.654330263798077));
#14632=CARTESIAN_POINT('Origin',(-42.4999999999999,34.9543302637972,-18.0456697362024));
#14633=CARTESIAN_POINT('',(-39.8999999999999,34.9543302637972,29.4543302637976));
#14634=CARTESIAN_POINT('',(-39.8999999999999,34.9543302637972,29.4543302637976));
#14635=CARTESIAN_POINT('',(-39.8999999999999,34.9543302637972,29.4543302637976));
#14636=CARTESIAN_POINT('',(-34.,34.9543302637972,48.9543302637976));
#14637=CARTESIAN_POINT('',(-39.8999999999999,34.9543302637972,23.9543302637976));
#14638=CARTESIAN_POINT('',(-34.,34.9543302637972,14.9543302637976));
#14639=CARTESIAN_POINT('',(-34.,34.9543302637972,48.9543302637976));
#14640=CARTESIAN_POINT('',(-40.429297391922,34.9543302637966,14.9543302637976));
#14641=CARTESIAN_POINT('',(-42.4999999999999,34.9543302637972,14.9543302637976));
#14642=CARTESIAN_POINT('',(-40.4292973919216,34.9543302637969,-22.6163723442789));
#14643=CARTESIAN_POINT('',(-40.429297391922,34.9543302637963,15.9543302637976));
#14644=CARTESIAN_POINT('',(-35.8933982822,34.9543302637972,-27.1522714540004));
#14645=CARTESIAN_POINT('',(-1.77168783648695,34.9543302637972,-24.5456697362024));
#14646=CARTESIAN_POINT('',(5.32907051820075E-14,34.9543302637972,-12.0456697362024));
#14647=CARTESIAN_POINT('Origin',(-1.49999999999995,34.9543302637972,-12.0456697362024));
#14648=CARTESIAN_POINT('',(5.32907051820075E-14,34.9543302637972,-9.04566973620243));
#14649=CARTESIAN_POINT('',(5.32907051820075E-14,34.9543302637972,1.95433026379757));
#14650=CARTESIAN_POINT('Origin',(-1.49999999999995,34.9543302637972,-9.04566973620243));
#14651=CARTESIAN_POINT('Origin',(0.450000000000053,34.9543302637972,4.95433026379757));
#14652=CARTESIAN_POINT('',(0.273885652752053,34.9543302637972,23.9043302637976));
#14653=CARTESIAN_POINT('',(-2.89999999999995,34.9543302637972,23.9043302637976));
#14654=CARTESIAN_POINT('',(0.273885652752614,34.9543302637973,27.4543302637976));
#14655=CARTESIAN_POINT('',(0.273885652752053,34.9543302637972,48.9543302637976));
#14656=CARTESIAN_POINT('',(9.45000000000005,34.9543302637972,27.4543302637976));
#14657=CARTESIAN_POINT('',(-1.99999999999995,34.9543302637972,27.4543302637976));
#14658=CARTESIAN_POINT('',(9.45000000000005,34.9543302637972,29.4543302637976));
#14659=CARTESIAN_POINT('',(9.45000000000005,34.9543302637972,29.4543302637976));
#14660=CARTESIAN_POINT('',(0.500000000000054,34.9543302637972,29.4543302637976));
#14661=CARTESIAN_POINT('',(-1.99999999999995,34.9543302637972,29.4543302637976));
#14662=CARTESIAN_POINT('',(0.500000000000054,34.9543302637972,48.9543302637976));
#14663=CARTESIAN_POINT('',(-31.2356244047574,34.9543302637972,39.0296557620598));
#14664=CARTESIAN_POINT('',(-30.0817782509112,34.9543302637972,39.0296557620598));
#14665=CARTESIAN_POINT('',(-31.2356244047574,34.9543302637972,39.0296557620598));
#14666=CARTESIAN_POINT('',(-30.0817782509112,34.9543302637972,37.7988865312906));
#14667=CARTESIAN_POINT('',(-30.0817782509112,34.9543302637972,39.0296557620598));
#14668=CARTESIAN_POINT('',(-30.0817782509112,34.9543302637972,37.7988865312906));
#14669=CARTESIAN_POINT('',(-31.2356244047574,34.9543302637972,36.7988865312906));
#14670=CARTESIAN_POINT('',(-31.2356244047574,34.9543302637972,33.1065788389829));
#14671=CARTESIAN_POINT('',(-31.2356244047574,34.9543302637972,36.7988865312906));
#14672=CARTESIAN_POINT('',(-31.2356244047574,34.9543302637972,37.7988865312906));
#14673=CARTESIAN_POINT('',(-32.0048551739881,34.9543302637972,37.7988865312906));
#14674=CARTESIAN_POINT('',(-31.2356244047574,34.9543302637972,37.7988865312906));
#14675=CARTESIAN_POINT('Ctrl Pts',(-25.2644705586035,34.9543302637972,37.667876915906));
#14676=CARTESIAN_POINT('Ctrl Pts',(-25.2252789327994,34.9543302637972,37.6133386559989));
#14677=CARTESIAN_POINT('Ctrl Pts',(-25.1504540617461,34.9543302637972,37.5092139053341));
#14678=CARTESIAN_POINT('Ctrl Pts',(-25.0424397377007,34.9543302637972,37.3612492553596));
#14679=CARTESIAN_POINT('Ctrl Pts',(-24.943616217075,34.9543302637972,37.2295341411242));
#14680=CARTESIAN_POINT('Ctrl Pts',(-24.8566135243902,34.9543302637972,37.1121607456425));
#14681=CARTESIAN_POINT('Ctrl Pts',(-24.7770293597283,34.9543302637972,37.0124568803798));
#14682=CARTESIAN_POINT('Ctrl Pts',(-24.7072802150954,34.9543302637972,36.9286850529068));
#14683=CARTESIAN_POINT('Ctrl Pts',(-24.6487867905179,34.9543302637972,36.8590476411931));
#14684=CARTESIAN_POINT('Ctrl Pts',(-24.5826013351695,34.9543302637972,36.78999914205));
#14685=CARTESIAN_POINT('Ctrl Pts',(-24.505601584554,34.9543302637972,36.7190365173874));
#14686=CARTESIAN_POINT('Ctrl Pts',(-24.4102820437793,34.9543302637972,36.6502342140934));
#14687=CARTESIAN_POINT('Ctrl Pts',(-24.3123977189389,34.9543302637972,36.5953857442458));
#14688=CARTESIAN_POINT('Ctrl Pts',(-24.2075224836544,34.9543302637972,36.5535350714471));
#14689=CARTESIAN_POINT('Ctrl Pts',(-24.0862374425907,34.9543302637972,36.5243540026448));
#14690=CARTESIAN_POINT('Ctrl Pts',(-23.9404336159417,34.9543302637972,36.5057619522354));
#14691=CARTESIAN_POINT('Ctrl Pts',(-23.7655265910582,34.9543302637972,36.4920449463732));
#14692=CARTESIAN_POINT('Ctrl Pts',(-23.6391038534493,34.9543302637972,36.4914921730376));
#14693=CARTESIAN_POINT('Ctrl Pts',(-23.5709609432189,34.9543302637972,36.4911942235983));
#14694=CARTESIAN_POINT('',(-23.3125474816804,34.9543302637972,39.0296557620598));
#14695=CARTESIAN_POINT('',(-25.074999999984,34.9543302637404,19.4543302637976));
#14696=CARTESIAN_POINT('Origin',(-27.,34.9543302637404,19.4543302637976));
#14697=CARTESIAN_POINT('',(-29.1999999999999,34.9543302637972,-21.0456697362024));
#14698=CARTESIAN_POINT('Origin',(-27.4999999999999,34.9543302637972,-21.0456697362024));
#14699=CARTESIAN_POINT('',(-1.8333333333373,34.9543302638541,9.45433026379757));
#14700=CARTESIAN_POINT('Origin',(-4.49999999999995,34.9543302638541,9.45433026379757));
#14701=CARTESIAN_POINT('',(-13.5807267256603,34.9543302637972,24.4036030841109));
#14702=CARTESIAN_POINT('',(-12.7023150396448,34.9543302886658,25.2843833883521));
#14703=CARTESIAN_POINT('',(-13.5807267256599,34.9543302637972,24.4036030841106));
#14704=CARTESIAN_POINT('',(-14.8213146465909,34.9543302637971,24.4019280806906));
#14705=CARTESIAN_POINT('',(-14.8213146465899,34.9543302637972,24.4019280806913));
#14706=CARTESIAN_POINT('',(-15.6973590876112,34.9543302637971,25.2803398999957));
#14707=CARTESIAN_POINT('',(-14.8246636244138,34.9543302637968,24.4052861086167));
#14708=CARTESIAN_POINT('',(-15.6956849602675,34.9543302155622,26.524277139778));
#14709=CARTESIAN_POINT('',(-15.6956850940608,34.954330193658,26.5242768172956));
#14710=CARTESIAN_POINT('',(-12.7023155206899,34.9543302637972,25.2843830971936));
#14711=CARTESIAN_POINT('',(-5.07499999997373,34.9543302637404,19.4543302637976));
#14712=CARTESIAN_POINT('Origin',(-6.99999999999995,34.9543302637404,19.4543302637976));
#14713=CARTESIAN_POINT('',(-5.69999999999995,34.9543302637972,-21.0456697362024));
#14714=CARTESIAN_POINT('Origin',(-3.99999999999995,34.9543302637972,-21.0456697362024));
#14715=CARTESIAN_POINT('',(-17.6499999999999,34.9543302637972,5.95433026379757));
#14716=CARTESIAN_POINT('Origin',(-15.9999999999999,34.9543302637972,5.95433026379757));
#14717=CARTESIAN_POINT('Origin',(-34.,42.9543302637972,-21.8456697362024));
#14718=CARTESIAN_POINT('',(-6.79999999999995,42.9543302637972,-18.0456697362024));
#14719=CARTESIAN_POINT('',(-6.79999999999995,42.9543302637972,-18.0456697362024));
#14720=CARTESIAN_POINT('',(-1.19999999999995,42.9543302637972,-18.0456697362024));
#14721=CARTESIAN_POINT('',(-6.79999999999995,42.9543302637972,-18.0456697362024));
#14722=CARTESIAN_POINT('',(-1.19999999999995,42.9543302637972,-18.0456697362024));
#14723=CARTESIAN_POINT('',(-5.69999999999995,42.9543302637972,-21.0456697362024));
#14724=CARTESIAN_POINT('Origin',(-3.99999999999995,42.9543302637972,-21.0456697362024));
#14725=CARTESIAN_POINT('Origin',(-34.,42.9543302637972,-21.8456697362024));
#14726=CARTESIAN_POINT('',(-30.3,42.9543302637972,-18.0456697362024));
#14727=CARTESIAN_POINT('',(-30.2999999999999,42.9543302637972,-18.0456697362024));
#14728=CARTESIAN_POINT('',(-24.6999999999999,42.9543302637972,-18.0456697362024));
#14729=CARTESIAN_POINT('',(-30.2999999999999,42.9543302637972,-18.0456697362024));
#14730=CARTESIAN_POINT('',(-24.6999999999999,42.9543302637972,-18.0456697362024));
#14731=CARTESIAN_POINT('',(-29.1999999999999,42.9543302637972,-21.0456697362024));
#14732=CARTESIAN_POINT('Origin',(-27.4999999999999,42.9543302637972,-21.0456697362024));
#14733=CARTESIAN_POINT('Origin',(-35.8933982822,33.9543302637972,-27.1522714540004));
#14734=CARTESIAN_POINT('',(-42.4999999999996,39.3949663371312,-20.5456697362021));
#14735=CARTESIAN_POINT('',(-42.4999999999999,33.9543302637972,-20.5456697362024));
#14736=CARTESIAN_POINT('',(-40.4292973919215,34.9543302637972,-22.6163723442789));
#14737=CARTESIAN_POINT('Origin',(2.75000000000005,46.9543302637972,-10.0456697362024));
#14738=CARTESIAN_POINT('Origin',(2.75000000000005,46.9543302637972,-10.0456697362024));
#14739=CARTESIAN_POINT('Origin',(2.75000000000006,46.9543302637972,-10.0456697362024));
#14740=CARTESIAN_POINT('Origin',(2.00000000000005,46.9543302637972,-10.0456697362024));
#14741=CARTESIAN_POINT('Origin',(6.25000000000006,46.9543302637972,-10.0456697362024));
#14742=CARTESIAN_POINT('Origin',(-37.25,46.9543302637972,-10.0456697362024));
#14743=CARTESIAN_POINT('Origin',(-37.25,46.9543302637972,-10.0456697362024));
#14744=CARTESIAN_POINT('Origin',(-37.25,46.9543302637972,-10.0456697362024));
#14745=CARTESIAN_POINT('Origin',(-38.,46.9543302637972,-10.0456697362024));
#14746=CARTESIAN_POINT('Origin',(-33.7499999999999,46.9543302637972,-10.0456697362024));
#14747=CARTESIAN_POINT('Origin',(-1.04999999999995,34.1543302637972,-23.2956697362024));
#14748=CARTESIAN_POINT('',(-5.52446458621995,38.6543302637972,-31.0456697362024));
#14749=CARTESIAN_POINT('Origin',(-1.04999999999995,38.6543302637972,-23.2956697362024));
#14750=CARTESIAN_POINT('',(2.00000000000005,38.6543302637972,3.59129591963756));
#14751=CARTESIAN_POINT('',(2.00000000000005,38.6543302637972,4.95433026379757));
#14752=CARTESIAN_POINT('',(-1.49999999999995,38.6543302637972,3.59129591963757));
#14753=CARTESIAN_POINT('Origin',(0.450000000000053,38.6543302637972,4.95433026379757));
#14754=CARTESIAN_POINT('Origin',(2.00000000000005,34.1543302637972,4.95433026379757));
#14755=CARTESIAN_POINT('',(2.00000000000005,34.9543302637972,-23.5456697362024));
#14756=CARTESIAN_POINT('',(2.00000000000005,34.9543302637972,4.95433026379757));
#14757=CARTESIAN_POINT('',(2.00000000000005,35.4543302637972,-23.5456697362024));
#14758=CARTESIAN_POINT('',(2.00000000000005,30.9543302637972,-23.5456697362024));
#14759=CARTESIAN_POINT('',(2.00000000000005,35.4543302637972,-17.5456697362024));
#14760=CARTESIAN_POINT('',(2.00000000000005,35.4543302637972,4.95433026379757));
#14761=CARTESIAN_POINT('',(2.00000000000005,34.9543302637972,-17.5456697362024));
#14762=CARTESIAN_POINT('',(2.00000000000005,30.9543302637972,-17.5456697362024));
#14763=CARTESIAN_POINT('',(2.00000000000005,34.9543302637972,-4.00566973620243));
#14764=CARTESIAN_POINT('',(2.00000000000005,34.9543302637972,1.95433026379757));
#14765=CARTESIAN_POINT('',(2.00000000000005,35.4543302637972,-4.00566973620243));
#14766=CARTESIAN_POINT('',(2.00000000000005,30.9543302637972,-4.00566973620243));
#14767=CARTESIAN_POINT('',(2.00000000000005,35.4543302637972,1.97939307826452));
#14768=CARTESIAN_POINT('',(2.00000000000005,35.4543302637972,4.95433026379757));
#14769=CARTESIAN_POINT('Origin',(2.00000000000005,34.9543302637972,6.95433026379757));
#14770=CARTESIAN_POINT('Origin',(-42.4999999999999,34.9543302637972,14.9543302637976));
#14771=CARTESIAN_POINT('',(7.46630765815514,34.9543302637972,-0.845669736202428));
#14772=CARTESIAN_POINT('',(7.46630765815518,34.9543302637972,-0.845669736202428));
#14773=CARTESIAN_POINT('',(9.50000000000005,34.9543302637972,-0.845669736202428));
#14774=CARTESIAN_POINT('',(7.00000000000005,34.9543302637972,-0.845669736202428));
#14775=CARTESIAN_POINT('',(9.50000000000005,34.9543302637972,23.9543302637976));
#14776=CARTESIAN_POINT('',(9.50000000000005,34.9543302637972,15.9543302637976));
#14777=CARTESIAN_POINT('',(8.4999093082072,34.9543302637972,23.9543302637976));
#14778=CARTESIAN_POINT('',(5.32907051820076E-14,34.9543302637972,23.9543302637976));
#14779=CARTESIAN_POINT('',(8.49990930820717,34.9543302637972,1.95433026379757));
#14780=CARTESIAN_POINT('',(8.49990930820706,34.9543302637972,14.9543302637976));
#14781=CARTESIAN_POINT('',(1.65590698931836,34.9543302637972,1.95433026379757));
#14782=CARTESIAN_POINT('',(-42.4999999999999,34.9543302637972,1.95433026379757));
#14783=CARTESIAN_POINT('',(0.500000000000053,34.9543302637972,0.494330263797562));
#14784=CARTESIAN_POINT('Origin',(2.00000000000005,34.9543302637972,0.494330263797562));
#14785=CARTESIAN_POINT('',(0.500000000000053,34.9543302637972,-2.50566973620243));
#14786=CARTESIAN_POINT('',(0.500000000000053,34.9543302637972,0.494330263797562));
#14787=CARTESIAN_POINT('Origin',(2.00000000000005,34.9543302637972,-2.50566973620243));
#14788=CARTESIAN_POINT('',(0.500000000000054,34.9543302637972,-19.0456697362024));
#14789=CARTESIAN_POINT('Origin',(2.00000000000005,34.9543302637972,-19.0456697362024));
#14790=CARTESIAN_POINT('',(0.500000000000054,34.9543302637972,-22.0456697362024));
#14791=CARTESIAN_POINT('',(0.500000000000054,34.9543302637972,-18.0456697362024));
#14792=CARTESIAN_POINT('Origin',(2.00000000000005,34.9543302637972,-22.0456697362024));
#14793=CARTESIAN_POINT('Origin',(7.00000000000005,33.9543302637972,-0.845669736202428));
#14794=CARTESIAN_POINT('',(9.50000000000029,39.3155975650711,-0.845669736202428));
#14795=CARTESIAN_POINT('',(9.50000000000005,39.3155975650712,15.9543302637976));
#14796=CARTESIAN_POINT('',(7.00000000000005,33.9543302637972,-0.845669736202428));
#14797=CARTESIAN_POINT('Origin',(-37.25,46.9543302637972,-10.0456697362024));
#14798=CARTESIAN_POINT('Origin',(-33.7499999999999,46.9543302637972,-10.0456697362024));
#14799=CARTESIAN_POINT('Origin',(-27.4999999999999,34.9543302637972,-21.0456697362024));
#14800=CARTESIAN_POINT('',(-29.1999999999999,34.9543302637972,-21.0456697362024));
#14801=CARTESIAN_POINT('Origin',(-3.99999999999995,34.9543302637972,-21.0456697362024));
#14802=CARTESIAN_POINT('',(-5.69999999999995,34.9543302637972,-21.0456697362024));
#14803=CARTESIAN_POINT('Origin',(6.25000000000005,46.9543302637972,-10.0456697362024));
#14804=CARTESIAN_POINT('Origin',(6.25000000000005,46.9543302637972,-10.0456697362024));
#14805=CARTESIAN_POINT('Origin',(2.75000000000005,46.9543302637972,-10.0456697362024));
#14806=CARTESIAN_POINT('Origin',(-33.7499999999999,46.9543302637972,-10.0456697362024));
#14807=CARTESIAN_POINT('Origin',(-15.9999999999999,34.9543302637972,5.95433026379757));
#14808=CARTESIAN_POINT('',(-17.6499999999999,45.4543302637972,5.95433026379757));
#14809=CARTESIAN_POINT('',(-17.6499999999999,34.9543302637972,5.95433026379757));
#14810=CARTESIAN_POINT('Origin',(-15.9999999999999,45.4543302637972,5.95433026379757));
#14811=CARTESIAN_POINT('Origin',(-15.9999999999999,34.9543302637972,5.95433026379757));
#14812=CARTESIAN_POINT('',(-15.9999999999999,48.3043302637972,7.60433026379757));
#14813=CARTESIAN_POINT('',(-14.3499999999999,48.3043302637972,5.95433026379757));
#14814=CARTESIAN_POINT('Origin',(-15.9999999999999,48.3043302637972,5.95433026379757));
#14815=CARTESIAN_POINT('',(-17.6499999999999,48.3043302637972,5.95433026379757));
#14816=CARTESIAN_POINT('Origin',(-15.9999999999999,48.3043302637972,5.95433026379757));
#14817=CARTESIAN_POINT('',(-17.6499999999999,34.9543302637972,5.95433026379757));
#14818=CARTESIAN_POINT('',(-15.9999999999999,48.3043302637972,4.30433026379758));
#14819=CARTESIAN_POINT('Origin',(-15.9999999999999,48.3043302637972,5.95433026379757));
#14820=CARTESIAN_POINT('Origin',(-15.9999999999999,48.3043302637972,5.95433026379757));
#14821=CARTESIAN_POINT('Origin',(-27.4999999999999,34.9543302637972,-21.0456697362024));
#14822=CARTESIAN_POINT('',(-25.85,45.3043302637972,-21.4549373747962));
#14823=CARTESIAN_POINT('',(-25.8499999999998,45.3043302637972,-20.6364020976096));
#14824=CARTESIAN_POINT('Origin',(-27.4999999999999,45.3043302637972,-21.0456697362024));
#14825=CARTESIAN_POINT('',(-25.8499999999998,45.6543302637972,-20.6364020976096));
#14826=CARTESIAN_POINT('',(-25.8499999999996,34.9543302637972,-20.6364020976103));
#14827=CARTESIAN_POINT('',(-27.0907323614033,45.6543302637972,-19.3956697362032));
#14828=CARTESIAN_POINT('Origin',(-27.4999999999999,45.6543302637972,-21.0456697362024));
#14829=CARTESIAN_POINT('',(-27.0907323614033,44.9543302637972,-19.3956697362032));
#14830=CARTESIAN_POINT('',(-27.0907323614003,34.9543302637972,-19.3956697362039));
#14831=CARTESIAN_POINT('',(-27.9092676385919,44.9543302637972,-19.395669736202));
#14832=CARTESIAN_POINT('Origin',(-27.4999999999999,44.9543302637972,-21.0456697362024));
#14833=CARTESIAN_POINT('',(-27.9092676385919,45.6543302637972,-19.395669736202));
#14834=CARTESIAN_POINT('',(-27.9092676385902,34.9543302637972,-19.3956697362016));
#14835=CARTESIAN_POINT('',(-29.1499999999999,45.6543302637972,-20.6364020976086));
#14836=CARTESIAN_POINT('Origin',(-27.4999999999999,45.6543302637972,-21.0456697362024));
#14837=CARTESIAN_POINT('',(-29.1499999999999,45.3043302637972,-20.6364020976086));
#14838=CARTESIAN_POINT('',(-29.1499999999999,34.9543302637972,-20.6364020976084));
#14839=CARTESIAN_POINT('',(-29.1999999999999,45.3043302637972,-21.0456697362024));
#14840=CARTESIAN_POINT('Origin',(-27.4999999999999,45.3043302637972,-21.0456697362024));
#14841=CARTESIAN_POINT('',(-29.1999999999999,34.9543302637972,-21.0456697362024));
#14842=CARTESIAN_POINT('',(-29.1500000000001,45.3043302637972,-21.4549373747953));
#14843=CARTESIAN_POINT('Origin',(-27.4999999999999,45.3043302637972,-21.0456697362024));
#14844=CARTESIAN_POINT('',(-29.1500000000001,45.6543302637972,-21.4549373747953));
#14845=CARTESIAN_POINT('',(-29.1500000000003,34.9543302637972,-21.4549373747945));
#14846=CARTESIAN_POINT('',(-27.9092676385919,45.6543302637972,-22.6956697362029));
#14847=CARTESIAN_POINT('Origin',(-27.4999999999999,45.6543302637972,-21.0456697362024));
#14848=CARTESIAN_POINT('',(-27.9092676385919,44.9543302637972,-22.6956697362029));
#14849=CARTESIAN_POINT('',(-27.9092676385902,34.9543302637972,-22.6956697362033));
#14850=CARTESIAN_POINT('',(-27.0907323614033,44.9543302637972,-22.6956697362017));
#14851=CARTESIAN_POINT('Origin',(-27.4999999999999,44.9543302637972,-21.0456697362024));
#14852=CARTESIAN_POINT('',(-27.0907323614033,45.6543302637972,-22.6956697362017));
#14853=CARTESIAN_POINT('',(-27.0907323614003,34.9543302637972,-22.6956697362009));
#14854=CARTESIAN_POINT('',(-25.85,45.6543302637972,-21.4549373747962));
#14855=CARTESIAN_POINT('Origin',(-27.4999999999999,45.6543302637972,-21.0456697362024));
#14856=CARTESIAN_POINT('',(-25.85,34.9543302637972,-21.4549373747964));
#14857=CARTESIAN_POINT('Origin',(-3.99999999999995,34.9543302637972,-21.0456697362024));
#14858=CARTESIAN_POINT('',(-2.34999999999999,45.3043302637972,-21.4549373747962));
#14859=CARTESIAN_POINT('',(-2.34999999999987,45.3043302637972,-20.6364020976091));
#14860=CARTESIAN_POINT('Origin',(-3.99999999999995,45.3043302637972,-21.0456697362024));
#14861=CARTESIAN_POINT('',(-2.34999999999987,45.6543302637972,-20.6364020976091));
#14862=CARTESIAN_POINT('',(-2.3499999999998,34.9543302637972,-20.6364020976094));
#14863=CARTESIAN_POINT('',(-3.59073236140661,45.6543302637972,-19.3956697362024));
#14864=CARTESIAN_POINT('Origin',(-3.99999999999995,45.6543302637972,-21.0456697362024));
#14865=CARTESIAN_POINT('',(-3.59073236140614,44.9543302637972,-19.3956697362025));
#14866=CARTESIAN_POINT('',(-3.59073236140691,34.9543302637972,-19.3956697362023));
#14867=CARTESIAN_POINT('',(-4.40926763859328,44.9543302637972,-19.3956697362024));
#14868=CARTESIAN_POINT('Origin',(-3.99999999999995,44.9543302637972,-21.0456697362024));
#14869=CARTESIAN_POINT('',(-4.40926763859328,45.6543302637972,-19.3956697362024));
#14870=CARTESIAN_POINT('',(-4.40926763859298,34.9543302637972,-19.3956697362023));
#14871=CARTESIAN_POINT('',(-5.6499999999999,45.6543302637972,-20.6364020976086));
#14872=CARTESIAN_POINT('Origin',(-3.99999999999995,45.6543302637972,-21.0456697362024));
#14873=CARTESIAN_POINT('',(-5.6499999999999,45.3043302637972,-20.6364020976086));
#14874=CARTESIAN_POINT('',(-5.64999999999986,34.9543302637972,-20.6364020976084));
#14875=CARTESIAN_POINT('',(-5.69999999999995,45.3043302637972,-21.0456697362024));
#14876=CARTESIAN_POINT('Origin',(-3.99999999999995,45.3043302637972,-21.0456697362024));
#14877=CARTESIAN_POINT('',(-5.69999999999995,34.9543302637972,-21.0456697362024));
#14878=CARTESIAN_POINT('',(-5.65000000000002,45.3043302637972,-21.4549373747958));
#14879=CARTESIAN_POINT('Origin',(-3.99999999999995,45.3043302637972,-21.0456697362024));
#14880=CARTESIAN_POINT('',(-5.65000000000002,45.6543302637972,-21.4549373747958));
#14881=CARTESIAN_POINT('',(-5.65000000000009,34.9543302637972,-21.4549373747955));
#14882=CARTESIAN_POINT('',(-4.40926763859375,45.6543302637972,-22.6956697362024));
#14883=CARTESIAN_POINT('Origin',(-3.99999999999995,45.6543302637972,-21.0456697362024));
#14884=CARTESIAN_POINT('',(-4.40926763859375,44.9543302637972,-22.6956697362024));
#14885=CARTESIAN_POINT('',(-4.40926763859393,34.9543302637972,-22.6956697362023));
#14886=CARTESIAN_POINT('',(-3.59073236140614,44.9543302637972,-22.6956697362024));
#14887=CARTESIAN_POINT('Origin',(-3.99999999999995,44.9543302637972,-21.0456697362024));
#14888=CARTESIAN_POINT('',(-3.59073236140661,45.6543302637972,-22.6956697362025));
#14889=CARTESIAN_POINT('',(-3.59073236140597,34.9543302637972,-22.6956697362023));
#14890=CARTESIAN_POINT('',(-2.34999999999999,45.6543302637972,-21.4549373747962));
#14891=CARTESIAN_POINT('Origin',(-3.99999999999995,45.6543302637972,-21.0456697362024));
#14892=CARTESIAN_POINT('',(-2.35000000000004,34.9543302637972,-21.4549373747964));
#14893=CARTESIAN_POINT('Origin',(-4.49999999999995,34.9543302638541,9.45433026379757));
#14894=CARTESIAN_POINT('',(-2.50000000000715,36.9543302638636,9.45433026379757));
#14895=CARTESIAN_POINT('Origin',(-4.49999999999995,36.9543302638636,9.45433026379757));
#14896=CARTESIAN_POINT('',(-1.8333333333373,34.9543302638541,9.45433026379757));
#14897=CARTESIAN_POINT('Origin',(-22.4999999999999,41.9543302637972,5.25433026379757));
#14898=CARTESIAN_POINT('',(-21.0133931252599,41.9543302637972,5.45433026379757));
#14899=CARTESIAN_POINT('Origin',(-27.,34.9543302638541,19.4543302637976));
#14900=CARTESIAN_POINT('',(-25.0750000000152,34.9543302638541,19.4543302637976));
#14901=CARTESIAN_POINT('Origin',(-6.99999999999995,34.9543302638541,19.4543302637976));
#14902=CARTESIAN_POINT('',(-8.65000000000709,35.9543302638304,19.4543302637976));
#14903=CARTESIAN_POINT('',(-5.34999999999016,35.9543302638311,19.4543302637976));
#14904=CARTESIAN_POINT('Origin',(-6.99999999999995,35.9543302638304,19.4543302637976));
#14905=CARTESIAN_POINT('Origin',(-6.99999999999995,35.9543302638304,19.4543302637976));
#14906=CARTESIAN_POINT('',(-5.07500000000499,34.9543302638541,19.4543302637976));
#14907=CARTESIAN_POINT('Origin',(-4.49999999999995,36.9543302638068,9.45433026379757));
#14908=CARTESIAN_POINT('',(-2.99999999999608,43.9543302638118,9.45433026379757));
#14909=CARTESIAN_POINT('Origin',(-4.49999999999995,43.9543302638118,9.45433026379757));
#14910=CARTESIAN_POINT('',(-2.51000000000085,36.9543302638068,9.45433026379757));
#14911=CARTESIAN_POINT('',(-2.51000000000085,36.9543302638068,9.45433026379757));
#14912=CARTESIAN_POINT('Origin',(-4.49999999999995,36.9543302638068,9.45433026379757));
#14913=CARTESIAN_POINT('Origin',(-6.99999999999995,33.9543302637972,19.4543302637976));
#14914=CARTESIAN_POINT('',(-8.64999999999995,38.9543302637972,19.4543302637976));
#14915=CARTESIAN_POINT('',(-8.64999999999995,33.9543302637972,19.4543302637976));
#14916=CARTESIAN_POINT('Origin',(-6.99999999999995,38.9543302637972,19.4543302637976));
#14917=CARTESIAN_POINT('Origin',(0.999999999862719,45.9543302637972,45.9543302637976));
#14918=CARTESIAN_POINT('',(-0.499999999986457,47.3543302637943,45.9543302637976));
#14919=CARTESIAN_POINT('Origin',(-0.499999999988123,45.9543302637972,45.9543302637976));
#14920=CARTESIAN_POINT('',(0.999999999976406,47.5793302637944,45.9543302637976));
#14921=CARTESIAN_POINT('',(0.999999999862719,47.5793302637773,45.9543302637976));
#14922=CARTESIAN_POINT('Origin',(0.999999999976406,45.9543302637972,45.9543302637976));
#14923=CARTESIAN_POINT('Origin',(-7.99999999999995,45.9543302637972,45.9543302637976));
#14924=CARTESIAN_POINT('',(-6.29714903770993,46.93412616091,46.954330263798));
#14925=CARTESIAN_POINT('',(-6.63267486368257,47.3543302637972,45.9543302637976));
#14926=CARTESIAN_POINT('Ctrl Pts',(-6.29714903771006,46.93412616091,46.954330263798));
#14927=CARTESIAN_POINT('Ctrl Pts',(-6.29838931184174,46.9375337860807,46.9509914866369));
#14928=CARTESIAN_POINT('Ctrl Pts',(-6.299627138658,46.9409183892051,46.947641125712));
#14929=CARTESIAN_POINT('Ctrl Pts',(-6.34700482419578,47.0698248339856,46.8187346809316));
#14930=CARTESIAN_POINT('Ctrl Pts',(-6.39608205656699,47.1784173349679,46.6590900964811));
#14931=CARTESIAN_POINT('Ctrl Pts',(-6.50614387287081,47.3206187630483,46.3125635656931));
#14932=CARTESIAN_POINT('Ctrl Pts',(-6.56807569212439,47.3543302637972,46.1260253074238));
#14933=CARTESIAN_POINT('Ctrl Pts',(-6.63267486368257,47.3543302637972,45.9543302637976));
#14934=CARTESIAN_POINT('',(-7.99999999999995,47.3543302637972,45.9543302637976));
#14935=CARTESIAN_POINT('',(-5.58391595329861,44.9745343666837,46.9543302637973));
#14936=CARTESIAN_POINT('Ctrl Pts',(-6.63267486368257,47.3543302637972,45.9543302637976));
#14937=CARTESIAN_POINT('Ctrl Pts',(-6.6998559574162,47.3543302637972,45.7757728529016));
#14938=CARTESIAN_POINT('Ctrl Pts',(-6.77937652364357,47.3182623704495,45.5879527082922));
#14939=CARTESIAN_POINT('Ctrl Pts',(-6.94544577756582,47.1754258717749,45.2447748685133));
#14940=CARTESIAN_POINT('Ctrl Pts',(-7.03196505276159,47.0691125941452,45.0892136068232));
#14941=CARTESIAN_POINT('Ctrl Pts',(-7.17656511874866,46.8195013358051,44.8396023484832));
#14942=CARTESIAN_POINT('Ctrl Pts',(-7.2502690883717,46.6395870892367,44.718924195243));
#14943=CARTESIAN_POINT('Ctrl Pts',(-7.28430150457386,46.3859127424775,44.6199240980166));
#14944=CARTESIAN_POINT('Ctrl Pts',(-7.28711762727269,46.2980553390038,44.5942176673142));
#14945=CARTESIAN_POINT('Ctrl Pts',(-7.26813155597155,46.1215895563256,44.5614635694161));
#14946=CARTESIAN_POINT('Ctrl Pts',(-7.2461839103679,46.0330127636171,44.5543302637976));
#14947=CARTESIAN_POINT('Ctrl Pts',(-7.21754582247576,45.9543302637972,44.5543302637976));
#14948=CARTESIAN_POINT('Ctrl Pts',(-7.14607453350419,45.7579645112087,44.5543302637976));
#14949=CARTESIAN_POINT('Ctrl Pts',(-7.02246348455189,45.5796457503612,44.5945326117906));
#14950=CARTESIAN_POINT('Ctrl Pts',(-6.74184140103533,45.2623691966504,44.7252541828034));
#14951=CARTESIAN_POINT('Ctrl Pts',(-6.58528991470914,45.1235644449321,44.8171274192434));
#14952=CARTESIAN_POINT('Ctrl Pts',(-6.28569327768679,44.8857645285178,45.0341572489915));
#14953=CARTESIAN_POINT('Ctrl Pts',(-6.11671524217025,44.7704459549871,45.1821636889757));
#14954=CARTESIAN_POINT('Ctrl Pts',(-5.8210793963101,44.6048023343345,45.534094879979));
#14955=CARTESIAN_POINT('Ctrl Pts',(-5.69483815913185,44.5543302637972,45.7383001744918));
#14956=CARTESIAN_POINT('Ctrl Pts',(-5.54979631252568,44.5543302637972,46.1237999507272));
#14957=CARTESIAN_POINT('Ctrl Pts',(-5.51152351399639,44.5877770624286,46.3120849060774));
#14958=CARTESIAN_POINT('Ctrl Pts',(-5.50504691103452,44.7308648860517,46.6604382817533));
#14959=CARTESIAN_POINT('Ctrl Pts',(-5.5355875401241,44.84051936768,46.8204766990153));
#14960=CARTESIAN_POINT('Ctrl Pts',(-5.58150735764175,44.9679012770008,46.9477986623951));
#14961=CARTESIAN_POINT('Ctrl Pts',(-5.5827053277947,44.9712082004479,46.9510712997664));
#14962=CARTESIAN_POINT('Ctrl Pts',(-5.58391595329874,44.9745343666836,46.9543302637973));
#14963=CARTESIAN_POINT('Origin',(-5.94053249550463,45.9543302637972,45.9543302637975));
#14964=CARTESIAN_POINT('Origin',(-22.,38.9543302637972,45.9543302637976));
#14965=CARTESIAN_POINT('',(-22.,47.7543302637972,47.6043302637976));
#14966=CARTESIAN_POINT('Origin',(-22.,47.7543302637972,45.9543302637976));
#14967=CARTESIAN_POINT('',(-23.6499999999999,38.9543302637972,45.9543302637976));
#14968=CARTESIAN_POINT('',(-20.3499999999999,47.7543302637972,45.9543302637976));
#14969=CARTESIAN_POINT('Origin',(-22.,47.7543302637972,45.9543302637976));
#14970=CARTESIAN_POINT('Origin',(-22.,47.7543302637972,45.9543302637976));
#14971=CARTESIAN_POINT('Origin',(25.4678679550021,46.8629282562432,22.4172838922536));
#14972=CARTESIAN_POINT('',(-0.515689351662955,46.9084582986848,7.42212530877573));
#14973=CARTESIAN_POINT('',(0.350336052121213,46.9084582986848,7.92212530877583));
#14974=CARTESIAN_POINT('',(25.4650727618675,46.908458298685,22.4221253087796));
#14975=CARTESIAN_POINT('',(-0.702682377566453,49.9543302637972,7.74600673030186));
#14976=CARTESIAN_POINT('',(0.353131245256844,46.8629282562432,7.91728389224795));
#14977=CARTESIAN_POINT('Origin',(-32.8066930003399,46.8324609203922,6.74806761001458));
#14978=CARTESIAN_POINT('',(-32.8035428679092,46.8931676436472,6.75482309082581));
#14979=CARTESIAN_POINT('',(-32.806693000345,46.8324609203922,6.74806761001696));
#14980=CARTESIAN_POINT('',(-33.7098506549391,46.8931676436472,7.17744135256526));
#14981=CARTESIAN_POINT('',(-32.8035428679033,46.8931676436472,6.75482309082546));
#14982=CARTESIAN_POINT('',(-33.7098506549391,46.8931676436472,7.17744135256519));
#14983=CARTESIAN_POINT('Origin',(-31.31025358947,46.8629282562432,5.22478911645757));
#14984=CARTESIAN_POINT('',(-33.1205065642146,46.9084582986845,6.07509225054742));
#14985=CARTESIAN_POINT('',(-32.2141987771715,46.9084582986845,5.65247398880318));
#14986=CARTESIAN_POINT('',(-31.3078909901425,46.9084582986846,5.22985572706576));
#14987=CARTESIAN_POINT('',(-33.1228691635424,46.8629282562432,6.07002563993823));
#14988=CARTESIAN_POINT('',(-32.0561454420472,49.9543302637972,5.99142045979729));
#14989=CARTESIAN_POINT('Origin',(0.845088380083053,46.8324609203922,9.06518913958358));
#14990=CARTESIAN_POINT('',(0.841361455903983,46.8931676436472,9.07164436161769));
#14991=CARTESIAN_POINT('',(0.841361455904052,46.8931676436472,9.07164436161758));
#14992=CARTESIAN_POINT('',(-0.0246639478808408,46.8931676436472,8.57164436161754));
#14993=CARTESIAN_POINT('',(0.8413614559037,46.8931676436472,9.07164436161817));
#14994=CARTESIAN_POINT('',(-0.0209370237016217,46.8324609203922,8.56518913958317));
#14995=CARTESIAN_POINT('Origin',(-0.886962427485947,46.8324609203922,8.06518913958358));
#14996=CARTESIAN_POINT('',(-0.890689351665086,46.8931676436472,8.07164436161782));
#14997=CARTESIAN_POINT('',(-0.88696242748594,46.8324609203922,8.06518913958358));
#14998=CARTESIAN_POINT('',(-1.75671475544996,46.8931676436472,7.57164436161761));
#14999=CARTESIAN_POINT('',(-0.890689351665301,46.8931676436472,8.07164436161817));
#15000=CARTESIAN_POINT('',(-1.75671475544995,46.8931676436472,7.57164436161757));
#15001=CARTESIAN_POINT('Origin',(-31.3,46.8324609203922,6.06687641543858));
#15002=CARTESIAN_POINT('',(-31.3,46.8931676436472,6.07433026379752));
#15003=CARTESIAN_POINT('',(-31.3,46.8931676436473,6.07433026379729));
#15004=CARTESIAN_POINT('',(-31.3,46.8931676436472,6.07433026379758));
#15005=CARTESIAN_POINT('Origin',(-31.31025358947,46.8629282562432,5.22478911645757));
#15006=CARTESIAN_POINT('',(-34.933122138285,46.9084582986846,6.92032877402762));
#15007=CARTESIAN_POINT('',(-34.0268143512499,46.9084582986845,6.49771051228714));
#15008=CARTESIAN_POINT('',(-31.3078909901425,46.9084582986848,5.22985572706578));
#15009=CARTESIAN_POINT('',(-34.7750688031572,49.9543302637972,7.25927524501929));
#15010=CARTESIAN_POINT('',(-34.0291769505784,46.8629282562432,6.49264390167842));
#15011=CARTESIAN_POINT('Origin',(25.4678679550021,46.8629282562432,22.4172838922536));
#15012=CARTESIAN_POINT('',(1.21636145590688,46.9084582986847,8.42212530877429));
#15013=CARTESIAN_POINT('',(2.08238685969004,46.9084582986847,8.92212530877612));
#15014=CARTESIAN_POINT('',(25.4650727618675,46.908458298685,22.4221253087796));
#15015=CARTESIAN_POINT('',(1.21915664904134,46.8629282562432,8.41728389224825));
#15016=CARTESIAN_POINT('',(1.8953938337868,49.9543302637972,9.24600673030143));
#15017=CARTESIAN_POINT('Origin',(25.4678679550021,46.8629282562432,22.4172838922536));
#15018=CARTESIAN_POINT('',(-2.24774015923178,46.9084582986848,6.42212530877543));
#15019=CARTESIAN_POINT('',(-1.38171475544645,46.9084582986847,6.92212530877351));
#15020=CARTESIAN_POINT('',(25.4650727618675,46.9084582986851,22.4221253087796));
#15021=CARTESIAN_POINT('',(-2.4347331851352,49.9543302637972,6.74600673030143));
#15022=CARTESIAN_POINT('',(-1.3789195623119,46.8629282562432,6.9172838922475));
#15023=CARTESIAN_POINT('Origin',(-34.61930857442,46.8324609203922,7.59330413349558));
#15024=CARTESIAN_POINT('',(-34.6161584419799,46.8931676436472,7.60005961430587));
#15025=CARTESIAN_POINT('',(-34.6193085744172,46.8324609203922,7.5933041334943));
#15026=CARTESIAN_POINT('',(-35.5224662290195,46.8931676436472,8.02267787604644));
#15027=CARTESIAN_POINT('',(-34.6161584419833,46.8931676436472,7.60005961430646));
#15028=CARTESIAN_POINT('',(-35.5224662290195,46.8931676436472,8.02267787604637));
#15029=CARTESIAN_POINT('Origin',(2.57713918765205,46.8324609203922,10.0651891395836));
#15030=CARTESIAN_POINT('',(2.57341226347299,46.8931676436472,10.0716443616177));
#15031=CARTESIAN_POINT('',(2.57341226347305,46.8931676436472,10.0716443616176));
#15032=CARTESIAN_POINT('',(1.70738685968809,46.8931676436472,9.57164436161757));
#15033=CARTESIAN_POINT('',(2.5734122634727,46.8931676436472,10.0716443616182));
#15034=CARTESIAN_POINT('',(1.71111378386738,46.8324609203922,9.56518913958318));
#15035=CARTESIAN_POINT('Origin',(-32.31985334261,41.9543302637972,5.42589704204757));
#15036=CARTESIAN_POINT('',(-31.8972350808694,41.9543302637972,6.33220482908572));
#15037=CARTESIAN_POINT('',(-32.2141987771712,41.9543302637972,5.65247398880389));
#15038=CARTESIAN_POINT('Origin',(-2.61901323505495,46.8324609203922,7.06518913958357));
#15039=CARTESIAN_POINT('',(-2.62274015923408,46.8931676436472,7.07164436161781));
#15040=CARTESIAN_POINT('',(-2.61901323505494,46.8324609203922,7.06518913958358));
#15041=CARTESIAN_POINT('',(-3.48876556301801,46.8931676436472,6.57164436161769));
#15042=CARTESIAN_POINT('',(-2.6227401592343,46.8931676436471,7.07164436161817));
#15043=CARTESIAN_POINT('',(-3.48876556301795,46.8931676436472,6.57164436161758));
#15044=CARTESIAN_POINT('Origin',(-30.99092729383,41.9543302637972,5.90958656734357));
#15045=CARTESIAN_POINT('',(-31.34422129099,41.9543302637972,6.07433026379757));
#15046=CARTESIAN_POINT('Origin',(-31.30789099014,41.9543302637972,5.22985572706557));
#15047=CARTESIAN_POINT('',(-33.120506564214,41.9543302637972,6.07509225054944));
#15048=CARTESIAN_POINT('Origin',(25.4650727618681,41.9543302637972,22.4221253087796));
#15049=CARTESIAN_POINT('',(0.350336052119052,41.9543302637972,7.92212530877957));
#15050=CARTESIAN_POINT('',(-0.515689351664948,41.9543302637972,7.42212530877957));
#15051=CARTESIAN_POINT('Origin',(-31.31025358947,46.8629282562432,5.22478911645757));
#15052=CARTESIAN_POINT('',(-36.5000000000003,46.9084582986844,7.65097592033791));
#15053=CARTESIAN_POINT('',(-35.8394299253215,46.9084582986843,7.34294703576766));
#15054=CARTESIAN_POINT('',(-31.3078909901425,46.9084582986844,5.22985572706573));
#15055=CARTESIAN_POINT('',(-36.5,49.9543302637972,8.06362387189757));
#15056=CARTESIAN_POINT('',(-35.8417925246489,46.8629282562432,7.33788042515819));
#15057=CARTESIAN_POINT('Origin',(-0.390689351664947,41.9543302637972,7.20561895783357));
#15058=CARTESIAN_POINT('',(-0.890689351664947,41.9543302637972,8.07164436161757));
#15059=CARTESIAN_POINT('Origin',(-29.2999999999999,46.8324609203922,6.06687641543858));
#15060=CARTESIAN_POINT('',(-30.2999999999999,46.8931676436472,6.07433026379746));
#15061=CARTESIAN_POINT('',(-29.2999999999999,46.8931676436472,6.07433026379752));
#15062=CARTESIAN_POINT('',(-29.2999999999999,46.8931676436473,6.07433026379729));
#15063=CARTESIAN_POINT('',(-30.2999999999999,46.8324609203922,6.06687641543858));
#15064=CARTESIAN_POINT('',(-29.2999999999999,46.8931676436472,6.07433026379758));
#15065=CARTESIAN_POINT('Origin',(-31.3,41.9543302637972,6.07433026379757));
#15066=CARTESIAN_POINT('',(-31.3,41.9543302637972,6.07433026379757));
#15067=CARTESIAN_POINT('Origin',(-33.22616112965,41.9543302637972,5.84851530378857));
#15068=CARTESIAN_POINT('',(-32.8035428679099,41.9543302637972,6.75482309082457));
#15069=CARTESIAN_POINT('Origin',(25.4678679550021,46.8629282562432,22.4172838922536));
#15070=CARTESIAN_POINT('',(2.94841226347563,46.9084582986847,9.42212530877473));
#15071=CARTESIAN_POINT('',(3.50000000000195,46.9084582986847,9.74058463694228));
#15072=CARTESIAN_POINT('',(25.4650727618675,46.9084582986849,22.4221253087796));
#15073=CARTESIAN_POINT('',(2.95120745661008,46.8629282562432,9.4172838922487));
#15074=CARTESIAN_POINT('',(3.50000000000005,49.9543302637972,10.1724265323086));
#15075=CARTESIAN_POINT('Origin',(0.475336052119053,41.9543302637972,7.70561895783357));
#15076=CARTESIAN_POINT('',(-0.0246639478804944,41.9543302637972,8.57164436161725));
#15077=CARTESIAN_POINT('Origin',(-0.890689351664947,41.9543302637972,8.07164436161757));
#15078=CARTESIAN_POINT('',(-1.75671475544995,41.9543302637972,7.57164436161757));
#15079=CARTESIAN_POINT('Origin',(-31.3,46.9543302637972,5.07433026379758));
#15080=CARTESIAN_POINT('Origin',(-32.8035428679099,41.9543302637972,6.75482309082457));
#15081=CARTESIAN_POINT('',(-33.7098506549391,41.9543302637972,7.17744135256519));
#15082=CARTESIAN_POINT('Origin',(0.841361455904053,41.9543302637972,9.07164436161757));
#15083=CARTESIAN_POINT('',(0.841361455904052,41.9543302637972,9.07164436161757));
#15084=CARTESIAN_POINT('Origin',(25.4678679550021,46.8629282562432,22.4172838922536));
#15085=CARTESIAN_POINT('',(-3.97979096680061,46.9084582986848,5.42212530877514));
#15086=CARTESIAN_POINT('',(-3.11376556301445,46.9084582986847,5.9221253087735));
#15087=CARTESIAN_POINT('',(25.4650727618675,46.9084582986851,22.4221253087796));
#15088=CARTESIAN_POINT('',(-4.1667839927042,49.9543302637972,5.74600673030143));
#15089=CARTESIAN_POINT('',(-3.11097036987989,46.8629282562432,5.91728389224749));
#15090=CARTESIAN_POINT('Origin',(-1.25671475544995,41.9543302637972,6.70561895783357));
#15091=CARTESIAN_POINT('',(-1.38171475544645,41.9543302637972,6.92212530877351));
#15092=CARTESIAN_POINT('Origin',(-34.1324689166799,41.9543302637972,6.27113356552857));
#15093=CARTESIAN_POINT('',(-34.0268143512501,41.9543302637972,6.49771051228819));
#15094=CARTESIAN_POINT('Origin',(1.34136145590405,41.9543302637972,8.20561895783357));
#15095=CARTESIAN_POINT('',(1.21636145590705,41.9543302637972,8.42212530877437));
#15096=CARTESIAN_POINT('Origin',(25.4650727618681,41.9543302637972,22.4221253087796));
#15097=CARTESIAN_POINT('',(-2.24774015923395,41.9543302637972,6.42212530877957));
#15098=CARTESIAN_POINT('Origin',(-23.2999999999999,46.8629282562432,5.31873987752857));
#15099=CARTESIAN_POINT('',(-29.3,46.9084582986842,5.32433026379758));
#15100=CARTESIAN_POINT('',(-28.2999999999999,46.9084582986842,5.32433026379758));
#15101=CARTESIAN_POINT('',(-23.2999999999999,46.9084582986842,5.32433026379758));
#15102=CARTESIAN_POINT('',(-29.2999999999999,46.8629282562432,5.31873987752857));
#15103=CARTESIAN_POINT('',(-28.2999999999999,49.9543302637972,5.69831631560057));
#15104=CARTESIAN_POINT('Origin',(-31.30789099014,41.9543302637972,5.22985572706557));
#15105=CARTESIAN_POINT('',(-34.933122138284,41.9543302637972,6.92032877403044));
#15106=CARTESIAN_POINT('Origin',(4.50000000000005,46.8324609203922,10.4468764154386));
#15107=CARTESIAN_POINT('',(4.50000000000005,46.8931676436473,10.4543302637975));
#15108=CARTESIAN_POINT('',(4.50000000000005,46.8931676436472,10.4543302637976));
#15109=CARTESIAN_POINT('',(3.50000000000005,46.8931676436472,10.4543302637975));
#15110=CARTESIAN_POINT('',(4.50000000000005,46.8931676436473,10.4543302637973));
#15111=CARTESIAN_POINT('',(3.50000000000005,46.8324609203922,10.4468764154386));
#15112=CARTESIAN_POINT('Origin',(25.4650727618681,41.9543302637972,22.4221253087796));
#15113=CARTESIAN_POINT('',(2.08238685968805,41.9543302637972,8.92212530877957));
#15114=CARTESIAN_POINT('Origin',(-36.5,46.8324609203922,8.44687641543858));
#15115=CARTESIAN_POINT('',(-36.5,46.8931676436473,8.45433026379746));
#15116=CARTESIAN_POINT('',(-36.5,46.8324609203922,8.44687641543858));
#15117=CARTESIAN_POINT('',(-37.4999999999999,46.8931676436473,8.45433026379752));
#15118=CARTESIAN_POINT('',(-36.5,46.8931676436473,8.45433026379729));
#15119=CARTESIAN_POINT('',(-37.4999999999999,46.8931676436472,8.45433026379757));
#15120=CARTESIAN_POINT('Origin',(-2.12274015923395,41.9543302637972,6.20561895783357));
#15121=CARTESIAN_POINT('',(-2.62274015923395,41.9543302637972,7.07164436161757));
#15122=CARTESIAN_POINT('Origin',(-35.03877670372,41.9543302637972,6.69375182726957));
#15123=CARTESIAN_POINT('',(-34.6161584419799,41.9543302637972,7.60005961430657));
#15124=CARTESIAN_POINT('Origin',(2.20738685968805,41.9543302637972,8.70561895783357));
#15125=CARTESIAN_POINT('',(1.70738685968831,41.9543302637972,9.57164436161714));
#15126=CARTESIAN_POINT('Origin',(-4.35106404262395,46.8324609203922,6.06518913958358));
#15127=CARTESIAN_POINT('',(-5.22081637058702,46.8931676436472,5.57164436161769));
#15128=CARTESIAN_POINT('',(-4.35479096680308,46.8931676436472,6.07164436161781));
#15129=CARTESIAN_POINT('',(-4.3547909668033,46.8931676436471,6.07164436161816));
#15130=CARTESIAN_POINT('',(-5.22081637058695,46.8931676436472,5.57164436161758));
#15131=CARTESIAN_POINT('',(-4.35106404262394,46.8324609203922,6.06518913958358));
#15132=CARTESIAN_POINT('Origin',(-2.62274015923395,41.9543302637972,7.07164436161757));
#15133=CARTESIAN_POINT('',(-3.48876556301795,41.9543302637972,6.57164436161757));
#15134=CARTESIAN_POINT('Origin',(-30.2999999999999,41.9543302637972,5.07433026379757));
#15135=CARTESIAN_POINT('',(-30.2999999999999,41.9543302637972,6.07433026379757));
#15136=CARTESIAN_POINT('Origin',(-34.6161584419799,41.9543302637972,7.60005961430657));
#15137=CARTESIAN_POINT('',(-35.5224662290195,41.9543302637972,8.02267787604637));
#15138=CARTESIAN_POINT('Origin',(2.57341226347305,41.9543302637972,10.0716443616176));
#15139=CARTESIAN_POINT('',(2.57341226347305,41.9543302637972,10.0716443616176));
#15140=CARTESIAN_POINT('Origin',(-2.98876556301795,41.9543302637972,5.70561895783357));
#15141=CARTESIAN_POINT('',(-3.11376556301445,41.9543302637972,5.9221253087735));
#15142=CARTESIAN_POINT('Origin',(-27.3,46.8324609203922,6.06687641543858));
#15143=CARTESIAN_POINT('',(-27.3,46.8931676436472,6.07433026379752));
#15144=CARTESIAN_POINT('',(-27.3,46.8931676436472,6.07433026379758));
#15145=CARTESIAN_POINT('',(-28.2999999999999,46.8931676436472,6.07433026379746));
#15146=CARTESIAN_POINT('',(-27.3,46.8931676436473,6.07433026379729));
#15147=CARTESIAN_POINT('',(-28.2999999999999,46.8324609203922,6.06687641543858));
#15148=CARTESIAN_POINT('Origin',(-29.2999999999999,41.9543302637972,6.07433026379757));
#15149=CARTESIAN_POINT('',(-29.2999999999999,41.9543302637972,6.07433026379757));
#15150=CARTESIAN_POINT('Origin',(-35.94508449076,41.9543302637972,7.11637008901057));
#15151=CARTESIAN_POINT('',(-35.8394299253205,41.9543302637972,7.34294703576848));
#15152=CARTESIAN_POINT('Origin',(42.5000000000001,46.8629282562432,9.69873987752857));
#15153=CARTESIAN_POINT('',(5.50000000000005,46.9084582986842,9.70433026379757));
#15154=CARTESIAN_POINT('',(5.50000000000005,49.9543302637972,10.0783163156006));
#15155=CARTESIAN_POINT('',(4.50000000000005,46.9084582986842,9.70433026379757));
#15156=CARTESIAN_POINT('',(42.5000000000001,46.9084582986842,9.70433026379758));
#15157=CARTESIAN_POINT('',(4.50000000000005,46.8629282562432,9.69873987752857));
#15158=CARTESIAN_POINT('Origin',(3.07341226347305,41.9543302637972,9.20561895783357));
#15159=CARTESIAN_POINT('',(2.9484122634758,41.9543302637972,9.4221253087748));
#15160=CARTESIAN_POINT('Origin',(-36.5,46.8629282562432,7.69873987752858));
#15161=CARTESIAN_POINT('',(-38.5,46.9084582986842,7.70433026379758));
#15162=CARTESIAN_POINT('',(-37.4999999999999,46.9084582986842,7.70433026379758));
#15163=CARTESIAN_POINT('',(-36.5,46.9084582986842,7.70433026379758));
#15164=CARTESIAN_POINT('',(-38.5,49.9543302637972,8.07831631560057));
#15165=CARTESIAN_POINT('',(-37.4999999999999,46.8629282562432,7.69873987752858));
#15166=CARTESIAN_POINT('Origin',(25.4650727618681,41.9543302637972,22.4221253087796));
#15167=CARTESIAN_POINT('',(-3.97979096680295,41.9543302637972,5.42212530877957));
#15168=CARTESIAN_POINT('Origin',(-29.2999999999999,41.9543302637972,5.07433026379757));
#15169=CARTESIAN_POINT('',(-29.2999999999999,41.9543302637972,5.32433026379757));
#15170=CARTESIAN_POINT('Origin',(-31.30789099014,41.9543302637972,5.22985572706557));
#15171=CARTESIAN_POINT('',(-36.5,41.9543302637972,7.65097592033857));
#15172=CARTESIAN_POINT('Origin',(25.4650727618681,41.9543302637972,22.4221253087796));
#15173=CARTESIAN_POINT('',(3.50000000000005,41.9543302637972,9.74058463694557));
#15174=CARTESIAN_POINT('Origin',(25.4678679550021,46.8629282562432,22.4172838922536));
#15175=CARTESIAN_POINT('',(-5.13644591375301,46.9084582986845,4.75433026379594));
#15176=CARTESIAN_POINT('',(-4.84581637058319,46.9084582986847,4.92212530877307));
#15177=CARTESIAN_POINT('',(25.4650727618675,46.9084582986851,22.4221253087796));
#15178=CARTESIAN_POINT('',(-5.13644591375395,46.9084582986842,4.75433026379757));
#15179=CARTESIAN_POINT('',(-4.84302117744863,46.8629282562432,4.91728389224704));
#15180=CARTESIAN_POINT('Origin',(-3.85479096680295,41.9543302637972,5.20561895783357));
#15181=CARTESIAN_POINT('',(-4.35479096680295,41.9543302637972,6.07164436161757));
#15182=CARTESIAN_POINT('Origin',(-23.2999999999999,41.9543302637972,5.32433026379757));
#15183=CARTESIAN_POINT('',(-28.2999999999999,41.9543302637972,5.32433026379757));
#15184=CARTESIAN_POINT('Origin',(3.50000000000005,41.9543302637972,9.45433026379757));
#15185=CARTESIAN_POINT('',(3.50000000000005,41.9543302637972,10.4543302637976));
#15186=CARTESIAN_POINT('Origin',(30.1500000000001,46.8629282562432,4.74873987752857));
#15187=CARTESIAN_POINT('',(-5.84999999999995,46.9084582986842,4.75433026379757));
#15188=CARTESIAN_POINT('',(30.1500000000001,46.9084582986842,4.75433026379757));
#15189=CARTESIAN_POINT('',(-5.84999999999995,49.9543302637972,5.12831631560057));
#15190=CARTESIAN_POINT('Origin',(-4.35479096680295,41.9543302637972,6.07164436161757));
#15191=CARTESIAN_POINT('',(-5.22081637058695,41.9543302637972,5.57164436161757));
#15192=CARTESIAN_POINT('Origin',(-23.2999999999999,46.8629282562432,5.31873987752857));
#15193=CARTESIAN_POINT('',(-27.3,46.9084582986842,5.32433026379758));
#15194=CARTESIAN_POINT('',(-26.3,46.9084582986842,5.32433026379758));
#15195=CARTESIAN_POINT('',(-23.2999999999999,46.9084582986842,5.32433026379758));
#15196=CARTESIAN_POINT('',(-27.3,46.8629282562432,5.31873987752857));
#15197=CARTESIAN_POINT('',(-26.3,49.9543302637972,5.69831631560057));
#15198=CARTESIAN_POINT('Origin',(-28.2999999999999,41.9543302637972,5.07433026379757));
#15199=CARTESIAN_POINT('',(-28.2999999999999,41.9543302637972,6.07433026379757));
#15200=CARTESIAN_POINT('Origin',(-36.5,41.9543302637972,7.45433026379757));
#15201=CARTESIAN_POINT('',(-36.5,41.9543302637972,8.45433026379757));
#15202=CARTESIAN_POINT('Origin',(6.50000000000006,46.8324609203922,10.4468764154386));
#15203=CARTESIAN_POINT('',(6.50000000000006,46.8931676436472,10.4543302637975));
#15204=CARTESIAN_POINT('',(6.50000000000006,46.8931676436472,10.4543302637976));
#15205=CARTESIAN_POINT('',(5.50000000000005,46.8931676436472,10.4543302637975));
#15206=CARTESIAN_POINT('',(6.50000000000006,46.8931676436473,10.4543302637973));
#15207=CARTESIAN_POINT('',(5.50000000000005,46.8324609203922,10.4468764154386));
#15208=CARTESIAN_POINT('Origin',(4.50000000000005,41.9543302637972,10.4543302637976));
#15209=CARTESIAN_POINT('',(4.50000000000005,41.9543302637972,10.4543302637976));
#15210=CARTESIAN_POINT('Origin',(-38.5,46.8324609203922,8.44687641543858));
#15211=CARTESIAN_POINT('',(-38.5,46.8931676436473,8.45433026379746));
#15212=CARTESIAN_POINT('',(-38.5,46.8324609203922,8.44687641543858));
#15213=CARTESIAN_POINT('',(-39.5,46.8931676436473,8.45433026379752));
#15214=CARTESIAN_POINT('',(-38.5,46.8931676436473,8.45433026379729));
#15215=CARTESIAN_POINT('',(-39.5,46.8931676436472,8.45433026379757));
#15216=CARTESIAN_POINT('Origin',(-4.72081637058695,41.9543302637972,4.70561895783357));
#15217=CARTESIAN_POINT('',(-4.8458163705832,41.9543302637972,4.92212530877307));
#15218=CARTESIAN_POINT('Origin',(-27.3,41.9543302637972,6.07433026379757));
#15219=CARTESIAN_POINT('',(-27.3,41.9543302637972,6.07433026379757));
#15220=CARTESIAN_POINT('Origin',(-36.5,41.9543302637972,8.45433026379757));
#15221=CARTESIAN_POINT('',(-37.4999999999999,41.9543302637972,8.45433026379757));
#15222=CARTESIAN_POINT('Origin',(4.50000000000005,41.9543302637972,9.45433026379757));
#15223=CARTESIAN_POINT('',(4.50000000000005,41.9543302637972,9.70433026379757));
#15224=CARTESIAN_POINT('Origin',(25.4650727618681,41.9543302637972,22.4221253087796));
#15225=CARTESIAN_POINT('',(-5.13644591375395,41.9543302637972,4.75433026379757));
#15226=CARTESIAN_POINT('Origin',(-27.3,41.9543302637972,5.07433026379757));
#15227=CARTESIAN_POINT('',(-27.3,41.9543302637972,5.32433026379757));
#15228=CARTESIAN_POINT('Origin',(-37.4999999999999,41.9543302637972,7.45433026379757));
#15229=CARTESIAN_POINT('',(-37.4999999999999,41.9543302637972,7.70433026379757));
#15230=CARTESIAN_POINT('Origin',(42.5000000000001,41.9543302637972,9.70433026379757));
#15231=CARTESIAN_POINT('',(5.50000000000005,41.9543302637972,9.70433026379757));
#15232=CARTESIAN_POINT('Origin',(-5.84999999999995,46.8324609203922,5.49687641543858));
#15233=CARTESIAN_POINT('',(-5.84999999999995,46.8931676436473,5.50433026379747));
#15234=CARTESIAN_POINT('',(-5.84999999999995,46.8324609203922,5.49687641543858));
#15235=CARTESIAN_POINT('',(-5.84999999999995,46.8931676436473,5.50433026379729));
#15236=CARTESIAN_POINT('Origin',(30.1500000000001,41.9543302637972,4.75433026379757));
#15237=CARTESIAN_POINT('',(-5.84999999999995,41.9543302637972,4.75433026379757));
#15238=CARTESIAN_POINT('Origin',(-25.2999999999999,46.8324609203922,6.06687641543858));
#15239=CARTESIAN_POINT('',(-25.2999999999999,46.8931676436472,6.07433026379752));
#15240=CARTESIAN_POINT('',(-25.2999999999999,46.8931676436472,6.07433026379758));
#15241=CARTESIAN_POINT('',(-26.3,46.8931676436472,6.07433026379746));
#15242=CARTESIAN_POINT('',(-25.2999999999999,46.8931676436473,6.07433026379729));
#15243=CARTESIAN_POINT('',(-26.3,46.8324609203922,6.06687641543858));
#15244=CARTESIAN_POINT('Origin',(-23.2999999999999,41.9543302637972,5.32433026379757));
#15245=CARTESIAN_POINT('',(-26.3,41.9543302637972,5.32433026379757));
#15246=CARTESIAN_POINT('Origin',(-36.5,41.9543302637972,7.70433026379757));
#15247=CARTESIAN_POINT('',(-38.5,41.9543302637972,7.70433026379757));
#15248=CARTESIAN_POINT('Origin',(-24.8,47.4043302637972,47.6043302637976));
#15249=CARTESIAN_POINT('',(-23.6499999999999,47.4043302637972,47.6043302637976));
#15250=CARTESIAN_POINT('',(-23.6499999999999,47.4043302637972,47.6043302637976));
#15251=CARTESIAN_POINT('',(-24.8,47.4043302637972,47.6043302637976));
#15252=CARTESIAN_POINT('',(-24.8,47.4043302637972,47.6043302637976));
#15253=CARTESIAN_POINT('',(-24.8,47.4043302637972,47.6043302637976));
#15254=CARTESIAN_POINT('Origin',(-24.8,47.4043302637972,47.6043302637976));
#15255=CARTESIAN_POINT('',(-20.35,47.4043302637972,47.6043302637976));
#15256=CARTESIAN_POINT('',(-19.1999999999999,47.4043302637972,47.6043302637976));
#15257=CARTESIAN_POINT('',(-24.8,47.4043302637972,47.6043302637976));
#15258=CARTESIAN_POINT('',(-20.35,47.4043302637972,47.6043302637976));
#15259=CARTESIAN_POINT('',(-19.1999999999999,47.4043302637972,47.6043302637976));
#15260=CARTESIAN_POINT('Origin',(42.5000000000001,46.8629282562432,9.69873987752857));
#15261=CARTESIAN_POINT('',(6.50000000000005,46.9084582986842,9.70433026379757));
#15262=CARTESIAN_POINT('',(7.50000000000005,46.9084582986842,9.70433026379757));
#15263=CARTESIAN_POINT('',(42.5000000000001,46.9084582986842,9.70433026379758));
#15264=CARTESIAN_POINT('',(6.50000000000005,46.8629282562432,9.69873987752857));
#15265=CARTESIAN_POINT('',(7.50000000000005,49.9543302637972,10.0783163156006));
#15266=CARTESIAN_POINT('Origin',(5.50000000000005,41.9543302637972,9.45433026379757));
#15267=CARTESIAN_POINT('',(5.50000000000005,41.9543302637972,10.4543302637976));
#15268=CARTESIAN_POINT('Origin',(-36.5,46.8629282562432,7.69873987752858));
#15269=CARTESIAN_POINT('',(-40.4999999999999,46.9084582986842,7.70433026379758));
#15270=CARTESIAN_POINT('',(-39.5,46.9084582986842,7.70433026379758));
#15271=CARTESIAN_POINT('',(-36.5,46.9084582986842,7.70433026379758));
#15272=CARTESIAN_POINT('',(-40.4999999999999,49.9543302637972,8.07831631560057));
#15273=CARTESIAN_POINT('',(-39.5,46.8629282562432,7.69873987752858));
#15274=CARTESIAN_POINT('Origin',(-5.84999999999995,41.9543302637972,4.50433026379757));
#15275=CARTESIAN_POINT('',(-5.84999999999995,41.9543302637972,5.50433026379757));
#15276=CARTESIAN_POINT('Origin',(-26.3,41.9543302637972,5.07433026379757));
#15277=CARTESIAN_POINT('',(-26.3,41.9543302637972,6.07433026379757));
#15278=CARTESIAN_POINT('Origin',(-38.5,41.9543302637972,7.45433026379757));
#15279=CARTESIAN_POINT('',(-38.5,41.9543302637972,8.45433026379757));
#15280=CARTESIAN_POINT('Origin',(-23.6499999999999,45.6543302637972,47.6043302637976));
#15281=CARTESIAN_POINT('',(-23.6499999999999,47.7543302637972,47.6043302637976));
#15282=CARTESIAN_POINT('',(-23.6499999999999,47.7543302637972,47.6043302637976));
#15283=CARTESIAN_POINT('',(-23.6499999999999,45.6543302637972,47.6043302637976));
#15284=CARTESIAN_POINT('Origin',(-20.35,45.6543302637972,47.6043302637976));
#15285=CARTESIAN_POINT('',(-20.35,47.7543302637972,47.6043302637976));
#15286=CARTESIAN_POINT('',(-20.35,45.6543302637972,47.6043302637976));
#15287=CARTESIAN_POINT('',(-20.35,47.7543302637972,47.6043302637976));
#15288=CARTESIAN_POINT('',(-20.35,47.7543302637972,47.6043302637976));
#15289=CARTESIAN_POINT('Origin',(-24.8,45.3043302637972,47.6043302637976));
#15290=CARTESIAN_POINT('',(-23.6499999999999,47.7543302637972,47.6043302637976));
#15291=CARTESIAN_POINT('',(-23.6499999999999,47.7543302637972,47.6043302637976));
#15292=CARTESIAN_POINT('',(-19.1999999999999,45.3043302637972,47.6043302637976));
#15293=CARTESIAN_POINT('',(-24.8,45.3043302637972,47.6043302637976));
#15294=CARTESIAN_POINT('Origin',(6.50000000000006,41.9543302637972,10.4543302637976));
#15295=CARTESIAN_POINT('',(6.50000000000006,41.9543302637972,10.4543302637976));
#15296=CARTESIAN_POINT('Origin',(-5.84999999999995,41.9543302637972,5.50433026379757));
#15297=CARTESIAN_POINT('Origin',(-25.2999999999999,41.9543302637972,6.07433026379757));
#15298=CARTESIAN_POINT('',(-25.2999999999999,41.9543302637972,6.07433026379757));
#15299=CARTESIAN_POINT('Origin',(-38.5,41.9543302637972,8.45433026379757));
#15300=CARTESIAN_POINT('',(-39.5,41.9543302637972,8.45433026379757));
#15301=CARTESIAN_POINT('Origin',(-23.6499999999999,47.7543302637972,47.6043302637976));
#15302=CARTESIAN_POINT('Origin',(-23.6499999999999,47.7543302637972,47.6043302637976));
#15303=CARTESIAN_POINT('Origin',(-23.6499999999999,47.7543302637972,47.6043302637976));
#15304=CARTESIAN_POINT('Origin',(-15.6956850940599,34.954330193658,26.5242768172956));
#15305=CARTESIAN_POINT('',(-15.0918120133472,43.055162812583,26.746947539873));
#15306=CARTESIAN_POINT('',(-15.0891987836587,43.0762482471102,26.7485713568328));
#15307=CARTESIAN_POINT('',(-15.0918120133459,43.055162812583,26.7469475398715));
#15308=CARTESIAN_POINT('',(-14.8206158940896,35.0541682069577,27.3969876475642));
#15309=CARTESIAN_POINT('',(-14.8206158940899,35.0541682069578,27.3969876475646));
#15310=CARTESIAN_POINT('',(-14.8206158940888,35.0541682069577,27.3969876475634));
#15311=CARTESIAN_POINT('',(-15.9635746641659,42.9557020486461,25.8775343473849));
#15312=CARTESIAN_POINT('',(-15.9635746641643,42.9557020486464,25.8775343473876));
#15313=CARTESIAN_POINT('',(-15.9635746641666,42.9557020486461,25.8775343473842));
#15314=CARTESIAN_POINT('Origin',(6.50000000000006,41.9543302637972,9.45433026379757));
#15315=CARTESIAN_POINT('',(6.50000000000005,41.9543302637972,9.70433026379757));
#15316=CARTESIAN_POINT('Origin',(30.1500000000001,46.8629282562432,4.74873987752857));
#15317=CARTESIAN_POINT('',(-7.84999999999995,46.9084582986842,4.75433026379757));
#15318=CARTESIAN_POINT('',(30.1500000000001,46.9084582986842,4.75433026379757));
#15319=CARTESIAN_POINT('',(-7.84999999999995,49.9543302637972,5.12831631560057));
#15320=CARTESIAN_POINT('Origin',(-23.2999999999999,46.8629282562432,5.31873987752857));
#15321=CARTESIAN_POINT('',(-25.2999999999999,46.9084582986842,5.32433026379758));
#15322=CARTESIAN_POINT('',(-24.2999999999999,46.9084582986842,5.32433026379758));
#15323=CARTESIAN_POINT('',(-23.2999999999999,46.9084582986842,5.32433026379758));
#15324=CARTESIAN_POINT('',(-25.2999999999999,46.9234087301432,5.32616594595958));
#15325=CARTESIAN_POINT('',(-24.2999999999999,49.9543302637972,5.69831631560057));
#15326=CARTESIAN_POINT('Origin',(-25.2999999999999,41.9543302637972,5.07433026379757));
#15327=CARTESIAN_POINT('',(-25.2999999999999,41.9543302637972,5.32433026379757));
#15328=CARTESIAN_POINT('Origin',(-39.5,41.9543302637972,7.45433026379757));
#15329=CARTESIAN_POINT('',(-39.5,41.9543302637972,7.70433026379757));
#15330=CARTESIAN_POINT('Origin',(-24.8,44.9543302637972,48.9543302637976));
#15331=CARTESIAN_POINT('',(-24.8,45.4543302637972,48.9543302637976));
#15332=CARTESIAN_POINT('Origin',(-19.1999999999999,44.9543302637972,48.9543302637976));
#15333=CARTESIAN_POINT('',(-19.1999999999999,46.9543302637972,48.9543302637976));
#15334=CARTESIAN_POINT('',(-19.1999999999999,45.4543302637972,48.9543302637976));
#15335=CARTESIAN_POINT('Origin',(-14.8206158940899,35.0541682069578,27.3969876475646));
#15336=CARTESIAN_POINT('',(-13.8817388475595,43.1165432159012,26.7469464534399));
#15337=CARTESIAN_POINT('',(-13.8546955764981,43.2579875270418,26.7355565654407));
#15338=CARTESIAN_POINT('',(-13.8546955764999,43.2579875270372,26.7355565654397));
#15339=CARTESIAN_POINT('',(-13.5814125339399,35.0955225071932,27.3953200263987));
#15340=CARTESIAN_POINT('',(-13.5814125339399,35.0955225071932,27.3953200263986));
#15341=CARTESIAN_POINT('',(-13.5814125339399,35.0955225071932,27.3953200263988));
#15342=CARTESIAN_POINT('',(-15.0891987836599,43.0762482471103,26.7485713568344));
#15343=CARTESIAN_POINT('Origin',(-15.6940164645299,34.8544922214449,25.2884097039346));
#15344=CARTESIAN_POINT('',(-15.9619060346365,42.8558640764324,24.6416672340267));
#15345=CARTESIAN_POINT('',(-15.9619060346394,42.8558640764323,24.6416672340271));
#15346=CARTESIAN_POINT('',(-15.9619060346333,42.8558640764324,24.6416672340266));
#15347=CARTESIAN_POINT('Origin',(-39.8999999999999,34.9543302637972,29.4543302637976));
#15348=CARTESIAN_POINT('',(-39.8999999999986,47.9832624519309,29.4543302637976));
#15349=CARTESIAN_POINT('',(-39.8999999999959,47.9832624519282,34.9543302637976));
#15350=CARTESIAN_POINT('',(-39.8999999999999,34.9543302637972,29.4543302637976));
#15351=CARTESIAN_POINT('Origin',(-40.4644660940599,47.4187963578642,34.9543302637976));
#15352=CARTESIAN_POINT('',(-39.8999999999999,47.9832624519322,29.4543302637976));
#15353=CARTESIAN_POINT('Origin',(6.00000000000005,50.9543302637972,34.9543302637976));
#15354=CARTESIAN_POINT('',(7.00000000000006,49.9543302637972,29.4543302637976));
#15355=CARTESIAN_POINT('',(9.45000000000005,47.5043302637972,29.4543302637976));
#15356=CARTESIAN_POINT('',(7.00000000000006,49.9543302637972,29.4543302637976));
#15357=CARTESIAN_POINT('',(9.45000000000005,47.5043302637972,27.4543302637976));
#15358=CARTESIAN_POINT('',(9.45000000000005,47.5043302637972,29.4543302637976));
#15359=CARTESIAN_POINT('',(7.00000000000006,49.9543302637972,27.4543302637976));
#15360=CARTESIAN_POINT('',(7.00000000000006,49.9543302637972,27.4543302637976));
#15361=CARTESIAN_POINT('',(7.00000000000006,49.9543302637972,29.4543302637976));
#15362=CARTESIAN_POINT('Origin',(9.45000000000005,34.9543302637972,29.4543302637976));
#15363=CARTESIAN_POINT('',(9.45000000000005,34.9543302637972,27.4543302637976));
#15364=CARTESIAN_POINT('',(9.45000000000005,34.9543302637972,29.4543302637976));
#15365=CARTESIAN_POINT('Origin',(8.50000000000005,46.8324609203922,10.4468764154386));
#15366=CARTESIAN_POINT('',(8.50000000000005,46.8931676436472,10.4543302637975));
#15367=CARTESIAN_POINT('',(8.50000000000005,46.8931676436472,10.4543302637976));
#15368=CARTESIAN_POINT('',(7.50000000000005,46.8931676436472,10.4543302637975));
#15369=CARTESIAN_POINT('',(8.50000000000005,46.8931676436473,10.4543302637973));
#15370=CARTESIAN_POINT('',(7.50000000000005,46.8324609203922,10.4468764154386));
#15371=CARTESIAN_POINT('Origin',(42.5000000000001,41.9543302637972,9.70433026379757));
#15372=CARTESIAN_POINT('',(7.50000000000005,41.9543302637972,9.70433026379757));
#15373=CARTESIAN_POINT('Origin',(-40.4999999999999,46.8324609203922,8.44687641543858));
#15374=CARTESIAN_POINT('',(-40.4999999999999,46.8931676436473,8.45433026379746));
#15375=CARTESIAN_POINT('',(-40.4999999999999,46.8324609203922,8.44687641543858));
#15376=CARTESIAN_POINT('',(-41.5,46.8931676436473,8.45433026379752));
#15377=CARTESIAN_POINT('',(-40.4999999999999,46.8931676436473,8.45433026379729));
#15378=CARTESIAN_POINT('',(-41.5,46.8931676436472,8.45433026379757));
#15379=CARTESIAN_POINT('Origin',(30.1500000000001,41.9543302637972,4.75433026379757));
#15380=CARTESIAN_POINT('',(-7.84999999999995,41.9543302637972,4.75433026379757));
#15381=CARTESIAN_POINT('Origin',(-23.2999999999999,41.9543302637972,5.32433026379757));
#15382=CARTESIAN_POINT('',(-24.2999999999999,41.9543302637972,5.32433026379757));
#15383=CARTESIAN_POINT('Origin',(-36.5,41.9543302637972,7.70433026379757));
#15384=CARTESIAN_POINT('',(-40.4999999999999,41.9543302637972,7.70433026379757));
#15385=CARTESIAN_POINT('Origin',(-34.9999999999999,34.9543302637972,54.1543302637976));
#15386=CARTESIAN_POINT('Origin',(-6.24713287044495,32.1776858699362,46.9543302637976));
#15387=CARTESIAN_POINT('',(-10.8974511236142,44.9543302637972,43.9543302637976));
#15388=CARTESIAN_POINT('',(-10.9999999999979,45.2360809860516,43.9543302637976));
#15389=CARTESIAN_POINT('',(-10.8974511236099,44.9543302637972,43.9543302637976));
#15390=CARTESIAN_POINT('',(-10.950319745829,44.9543302637972,43.9547416466126));
#15391=CARTESIAN_POINT('Ctrl Pts',(-10.9999999999979,45.2360809860516,43.9543302637976));
#15392=CARTESIAN_POINT('Ctrl Pts',(-10.9834406266126,45.1421638197277,43.9543302637976));
#15393=CARTESIAN_POINT('Ctrl Pts',(-10.9668812532079,45.048246653411,43.9544673976707));
#15394=CARTESIAN_POINT('Ctrl Pts',(-10.950319745829,44.9543302637972,43.9547416466125));
#15395=CARTESIAN_POINT('Origin',(-10.8974512357961,44.9543302638296,46.9543138279901));
#15396=CARTESIAN_POINT('Origin',(-6.24713287044495,32.1776858699362,46.9543302637976));
#15397=CARTESIAN_POINT('',(-14.0000000000001,44.7071000439191,46.9543302637976));
#15398=CARTESIAN_POINT('Origin',(-11.0000000000012,45.2360809860526,46.9543302637979));
#15399=CARTESIAN_POINT('',(-10.9999999999999,45.2360809860572,43.9543302637976));
#15400=CARTESIAN_POINT('',(-9.06621073280295,31.1516254399592,46.9543302637976));
#15401=CARTESIAN_POINT('Origin',(-13.5814125339399,35.0955225071932,27.3953200263986));
#15402=CARTESIAN_POINT('',(-12.9846343760003,43.2169805784796,25.8678353454136));
#15403=CARTESIAN_POINT('',(-12.9788073079917,43.2626521145133,25.8567677124356));
#15404=CARTESIAN_POINT('',(-12.9788073079883,43.2626521145174,25.8567677124363));
#15405=CARTESIAN_POINT('',(-12.703983535459,35.0541683061497,26.5202508236615));
#15406=CARTESIAN_POINT('',(-12.7039835354599,35.0541683061496,26.5202508236606));
#15407=CARTESIAN_POINT('',(-12.703983535457,35.0541683061499,26.5202508236635));
#15408=CARTESIAN_POINT('',(-13.854695576498,43.2579875270375,26.7355565654415));
#15409=CARTESIAN_POINT('Origin',(-14.81658746605,34.8131380204012,24.4133405011966));
#15410=CARTESIAN_POINT('',(-15.0844770361503,42.8145098753888,23.7665980312882));
#15411=CARTESIAN_POINT('',(-15.0844770361499,42.8145098753886,23.7665980312886));
#15412=CARTESIAN_POINT('',(-15.0844770361499,42.8145098753892,23.7665980312888));
#15413=CARTESIAN_POINT('Origin',(-13.0033149059299,42.9543303339362,24.6343837102996));
#15414=CARTESIAN_POINT('',(-15.1175874660499,42.8131380204012,23.7633405011966));
#15415=CARTESIAN_POINT('',(-15.9950164645299,42.8544922214452,24.6384097039346));
#15416=CARTESIAN_POINT('',(-15.5563019652899,42.8338151209232,24.2008751025656));
#15417=CARTESIAN_POINT('',(-15.9966850940599,42.9543301936582,25.8742768172956));
#15418=CARTESIAN_POINT('',(-15.9958507792949,42.9044112075517,25.2563432606151));
#15419=CARTESIAN_POINT('',(-15.12161589409,43.0541682069582,26.7469876475646));
#15420=CARTESIAN_POINT('',(-15.5591504940749,43.0042492003082,26.3106322324301));
#15421=CARTESIAN_POINT('',(-14.5020142140149,43.0748453570757,26.7461538369816));
#15422=CARTESIAN_POINT('',(-13.8750775567495,42.8548695699992,23.7649705178116));
#15423=CARTESIAN_POINT('',(-13.8750775567499,42.8548695699992,23.7649705178116));
#15424=CARTESIAN_POINT('',(-13.8783841058999,42.8544923206362,23.7616728800306));
#15425=CARTESIAN_POINT('',(-13.4408495059149,42.9044113272862,24.1980282951651));
#15426=CARTESIAN_POINT('',(-14.4979857859749,42.8338151705187,23.7625066906136));
#15427=CARTESIAN_POINT('Origin',(-1.99999999999995,34.9543302637972,29.4543302637976));
#15428=CARTESIAN_POINT('',(-1.99999999999995,49.9543302637972,29.4543302637976));
#15429=CARTESIAN_POINT('',(-1.99999999999995,49.9543302637972,29.4543302637976));
#15430=CARTESIAN_POINT('',(-1.99999999999995,41.9543302637972,29.4543302637976));
#15431=CARTESIAN_POINT('',(-1.99999999999995,34.9543302637972,29.4543302637976));
#15432=CARTESIAN_POINT('',(0.500000000000053,41.9543302637972,29.4543302637976));
#15433=CARTESIAN_POINT('',(2.00000000000005,41.9543302637972,29.4543302637976));
#15434=CARTESIAN_POINT('',(0.500000000000053,34.9543302637972,29.4543302637976));
#15435=CARTESIAN_POINT('Origin',(-39.8999999999999,34.9543302637972,29.4543302637976));
#15436=CARTESIAN_POINT('',(-30.8999999999999,34.9543302637972,29.4543302637976));
#15437=CARTESIAN_POINT('Origin',(-1.99999999999995,49.9543302637972,29.4543302637976));
#15438=CARTESIAN_POINT('',(-1.99999999999995,49.9543302637972,27.4543302637976));
#15439=CARTESIAN_POINT('',(-1.99999999999995,49.9543302637972,27.4543302637976));
#15440=CARTESIAN_POINT('',(-1.99999999999995,49.9543302637972,29.4543302637976));
#15441=CARTESIAN_POINT('Origin',(7.50000000000005,41.9543302637972,9.45433026379757));
#15442=CARTESIAN_POINT('',(7.50000000000005,41.9543302637972,10.4543302637976));
#15443=CARTESIAN_POINT('Origin',(2.00000000000005,30.9543302637972,-19.0456697362024));
#15444=CARTESIAN_POINT('',(0.500000000000053,35.4543302637972,-19.0456697362024));
#15445=CARTESIAN_POINT('',(0.500000000000053,30.9543302637972,-19.0456697362024));
#15446=CARTESIAN_POINT('Origin',(2.00000000000005,35.4543302637972,-19.0456697362024));
#15447=CARTESIAN_POINT('Origin',(-10.0999999999999,38.9543302637972,19.4543302637976));
#15448=CARTESIAN_POINT('',(-8.54999999999925,41.9543302637972,22.1390090155292));
#15449=CARTESIAN_POINT('',(-10.0999999999999,41.9543302637972,19.4543302637976));
#15450=CARTESIAN_POINT('',(-8.54999999999978,38.9543302637972,22.1390090155295));
#15451=CARTESIAN_POINT('',(-8.54999999999995,38.9543302637972,22.1390090155296));
#15452=CARTESIAN_POINT('',(-10.1000000000001,38.9543302637972,19.4543302637975));
#15453=CARTESIAN_POINT('',(-8.54999999999995,38.9543302637972,22.1390090155296));
#15454=CARTESIAN_POINT('',(-10.1000000000006,38.9543302637972,19.4543302637972));
#15455=CARTESIAN_POINT('Origin',(-23.8999999999999,38.9543302637972,19.4543302637976));
#15456=CARTESIAN_POINT('',(-23.8999999999997,38.9543302637972,19.4543302637977));
#15457=CARTESIAN_POINT('',(-25.4499999999999,38.9543302637972,16.7696515120656));
#15458=CARTESIAN_POINT('',(-23.8999999999993,38.9543302637972,19.454330263798));
#15459=CARTESIAN_POINT('Origin',(-25.4499999999999,38.9543302637972,22.1390090155296));
#15460=CARTESIAN_POINT('',(-23.8999999999999,38.9543302637972,19.4543302637976));
#15461=CARTESIAN_POINT('Origin',(-8.54999999999995,38.9543302637972,16.7696515120656));
#15462=CARTESIAN_POINT('',(-8.54999999999995,38.9543302637972,16.7696515120656));
#15463=CARTESIAN_POINT('',(-10.0999999999999,38.9543302637972,19.4543302637976));
#15464=CARTESIAN_POINT('',(-8.54999999999995,38.9543302637972,16.7696515120656));
#15465=CARTESIAN_POINT('Origin',(-3.89999999999995,38.9543302637972,19.4543302637976));
#15466=CARTESIAN_POINT('',(-5.45000000000012,38.9543302637972,16.7696515120657));
#15467=CARTESIAN_POINT('',(-5.44999999999995,38.9543302637972,16.7696515120656));
#15468=CARTESIAN_POINT('',(-3.89999999999925,38.9543302637972,19.454330263798));
#15469=CARTESIAN_POINT('',(-5.44999999999995,38.9543302637972,16.7696515120656));
#15470=CARTESIAN_POINT('',(-3.89999999999925,38.9543302637972,19.454330263798));
#15471=CARTESIAN_POINT('Origin',(-5.44999999999995,38.9543302637972,22.1390090155296));
#15472=CARTESIAN_POINT('',(-5.44999999999995,38.9543302637972,22.1390090155296));
#15473=CARTESIAN_POINT('',(-3.89999999999995,38.9543302637972,19.4543302637976));
#15474=CARTESIAN_POINT('',(-5.44999999999995,41.9543302637972,22.1390090155296));
#15475=CARTESIAN_POINT('',(-5.44999999999995,38.9543302637972,22.1390090155296));
#15476=CARTESIAN_POINT('',(-5.44999999999995,41.9543302637972,22.1390090155296));
#15477=CARTESIAN_POINT('Origin',(-7.84999999999995,41.9543302637972,4.50433026379757));
#15478=CARTESIAN_POINT('',(-7.84999999999995,46.8931676436472,5.50433026379752));
#15479=CARTESIAN_POINT('',(-7.84999999999995,41.9543302637972,5.50433026379757));
#15480=CARTESIAN_POINT('',(-7.84999999999995,46.8324609203922,5.49687641543858));
#15481=CARTESIAN_POINT('Origin',(-24.2999999999999,41.9543302637972,5.07433026379757));
#15482=CARTESIAN_POINT('',(-24.2999999999999,46.8931676436472,6.07433026379752));
#15483=CARTESIAN_POINT('',(-24.2999999999999,41.9543302637972,6.07433026379757));
#15484=CARTESIAN_POINT('',(-24.2999999999999,46.8324609203922,6.06687641543858));
#15485=CARTESIAN_POINT('Origin',(-40.4999999999999,41.9543302637972,7.45433026379757));
#15486=CARTESIAN_POINT('',(-40.4999999999999,41.9543302637972,8.45433026379757));
#15487=CARTESIAN_POINT('Origin',(-8.54999999999995,38.9543302637972,22.1390090155296));
#15488=CARTESIAN_POINT('',(-30.9999999999999,41.9543302637972,22.1390090155296));
#15489=CARTESIAN_POINT('',(-3.89999999999995,38.9543302637972,22.1390090155296));
#15490=CARTESIAN_POINT('Origin',(-15.1175874660499,42.8131380204012,23.7633405011966));
#15491=CARTESIAN_POINT('',(-15.5140461867299,46.7377793886957,22.8062038270146));
#15492=CARTESIAN_POINT('',(-16.7651949438249,46.7967474161102,24.0539876901776));
#15493=CARTESIAN_POINT('Origin',(-13.8783841058999,42.8544923206362,23.7616728800306));
#15494=CARTESIAN_POINT('',(-13.7470339879999,46.7967475575502,22.8038259227596));
#15495=CARTESIAN_POINT('Origin',(-13.0033149059299,42.9543303339362,24.6343837102996));
#15496=CARTESIAN_POINT('',(-12.9866415960422,43.0861377034656,24.6149956459898));
#15497=CARTESIAN_POINT('',(-12.4992501287799,46.9391091691072,24.0482469214756));
#15498=CARTESIAN_POINT('',(-13.0723625305004,46.9543302637973,23.454330263798));
#15499=CARTESIAN_POINT('',(-13.8496866466706,42.9876715441651,23.7542765591805));
#15500=CARTESIAN_POINT('',(-13.8750775567499,42.8548695699992,23.7649705178116));
#15501=CARTESIAN_POINT('',(-13.4303404702391,43.0355154051352,24.1724925697721));
#15502=CARTESIAN_POINT('Origin',(-30.8999999999999,34.9543302637972,23.9543302637976));
#15503=CARTESIAN_POINT('Origin',(-9.06621073280295,31.1516254399592,52.9543302637976));
#15504=CARTESIAN_POINT('Origin',(-10.9999999999693,36.464667785537,46.9543302638148));
#15505=CARTESIAN_POINT('Origin',(-10.9999999999999,35.9543302637972,46.9543302637976));
#15506=CARTESIAN_POINT('',(-10.9999999999999,44.9543302637972,43.9543302637976));
#15507=CARTESIAN_POINT('Origin',(-10.9999999999999,44.9543302637972,46.9543302637976));
#15508=CARTESIAN_POINT('',(-10.9999999999999,34.9543302637972,43.9543302637976));
#15509=CARTESIAN_POINT('Origin',(-6.24713287044495,32.1776858699362,43.9543302637976));
#15510=CARTESIAN_POINT('',(-4.36774762887151,32.8617261565887,43.9543302637976));
#15511=CARTESIAN_POINT('Origin',(-4.36774762887295,32.8617261565882,46.9543302637976));
#15512=CARTESIAN_POINT('',(-1.54866976651495,33.8877865865652,46.9543302637976));
#15513=CARTESIAN_POINT('',(-1.54866976651495,33.8877865865652,46.9543302637976));
#15514=CARTESIAN_POINT('Origin',(-1.54866976651495,33.8877865865652,52.9543302637976));
#15515=CARTESIAN_POINT('',(-5.58422434155495,44.9753816564632,49.9543302637976));
#15516=CARTESIAN_POINT('Origin',(-34.,34.9543302637972,49.9543302637976));
#15517=CARTESIAN_POINT('',(-1.08528137423895,34.9543302637972,49.9543302637976));
#15518=CARTESIAN_POINT('Origin',(-2.24264068711895,34.9543302637972,51.1116895766776));
#15519=CARTESIAN_POINT('',(1.00000000000005,34.9543302637972,47.8690488895576));
#15520=CARTESIAN_POINT('Origin',(1.00000000000005,34.9543302637972,49.9543302637976));
#15521=CARTESIAN_POINT('Origin',(0.500000000000053,34.9543302637972,48.9543302637976));
#15522=CARTESIAN_POINT('',(0.500000000000053,41.9543302637972,48.9543302637976));
#15523=CARTESIAN_POINT('Origin',(-34.,34.9543302637972,48.9543302637976));
#15524=CARTESIAN_POINT('Origin',(-12.7039835354599,35.0541683061496,26.5202508236606));
#15525=CARTESIAN_POINT('',(-12.9771386784615,43.1628141423045,24.6209005990748));
#15526=CARTESIAN_POINT('',(-12.9779685348431,43.2124663729382,25.2355320622833));
#15527=CARTESIAN_POINT('',(-12.7023149059299,34.9543303339364,25.2843837102996));
#15528=CARTESIAN_POINT('',(-12.702314905929,34.9543303339365,25.2843837102996));
#15529=CARTESIAN_POINT('Origin',(-13.5773841058999,34.8544923206367,24.4116728800306));
#15530=CARTESIAN_POINT('',(-13.8496866466714,42.9876715441683,23.754276559181));
#15531=CARTESIAN_POINT('Origin',(-30.9999999999999,41.9543302637972,23.4543302637976));
#15532=CARTESIAN_POINT('',(-1.99999999999995,41.9543302637972,23.4543302637976));
#15533=CARTESIAN_POINT('Origin',(-13.0049835354599,43.0541683061492,25.8702508236606));
#15534=CARTESIAN_POINT('',(-12.9866415960414,43.0861377034683,24.61499564599));
#15535=CARTESIAN_POINT('',(-12.5016294708899,47.0814707220777,25.8105018794166));
#15536=CARTESIAN_POINT('Origin',(-13.8824125339399,43.0955225071932,26.7453200263986));
#15537=CARTESIAN_POINT('',(-13.7527782279849,47.1404387494922,27.0582857425801));
#15538=CARTESIAN_POINT('Origin',(-15.12161589409,43.0541682069582,26.7469876475646));
#15539=CARTESIAN_POINT('',(-15.5197904267149,47.0814705806382,27.0606636468351));
#15540=CARTESIAN_POINT('Origin',(-15.9966850940599,42.9543301936582,25.8742768172956));
#15541=CARTESIAN_POINT('',(-16.7675742859349,46.9391089690807,25.8162426481186));
#15542=CARTESIAN_POINT('Origin',(-15.9950164645299,42.8544922214452,24.6384097039346));
#15543=CARTESIAN_POINT('Origin',(-1.99999999999995,34.9543302637972,29.4543302637976));
#15544=CARTESIAN_POINT('',(-1.99999999999995,34.9543302637972,27.4543302637976));
#15545=CARTESIAN_POINT('',(-1.99999999999995,41.9543302637972,46.9543302637976));
#15546=CARTESIAN_POINT('Origin',(2.00000000000005,41.9543302637972,46.9543302637976));
#15547=CARTESIAN_POINT('',(5.68434188608086E-14,41.9543302637972,46.9543302637976));
#15548=CARTESIAN_POINT('Origin',(5.68434188608086E-14,34.9543302637972,
46.9543302637976));
#15549=CARTESIAN_POINT('',(5.59552404411076E-14,46.9543302637972,46.9543302637976));
#15550=CARTESIAN_POINT('Origin',(5.68434188608086E-14,46.9543302637972,
46.9543302637976));
#15551=CARTESIAN_POINT('Origin',(-36.,45.4543302637972,43.0543302637976));
#15552=CARTESIAN_POINT('Origin',(-33.,34.9543302637972,46.9543302637976));
#15553=CARTESIAN_POINT('Origin',(-30.8999999999999,34.9543302637972,29.4543302637976));
#15554=CARTESIAN_POINT('Origin',(-3.89999999999995,38.9543302637972,19.4543302637976));
#15555=CARTESIAN_POINT('',(-5.44999999999995,38.9543302637972,16.7696515120656));
#15556=CARTESIAN_POINT('Origin',(-23.8999999999999,38.9543302637972,19.4543302637976));
#15557=CARTESIAN_POINT('',(-30.1000000000005,38.9543302637972,19.4543302637971));
#15558=CARTESIAN_POINT('',(-28.55,38.9543302637972,16.7696515120656));
#15559=CARTESIAN_POINT('',(-30.0999999999999,38.9543302637972,19.4543302637976));
#15560=CARTESIAN_POINT('Origin',(-4.49999999999995,43.9543302637972,9.45433026379757));
#15561=CARTESIAN_POINT('Origin',(8.50000000000005,41.9543302637972,10.4543302637976));
#15562=CARTESIAN_POINT('',(8.50000000000005,41.9543302637972,10.4543302637976));
#15563=CARTESIAN_POINT('Origin',(-1.99999999999995,41.9543302637972,23.9543302637976));
#15564=CARTESIAN_POINT('',(-1.99999999999976,47.8501766261413,23.9543302637976));
#15565=CARTESIAN_POINT('',(-1.99999999999995,41.9543302637972,23.9543302637976));
#15566=CARTESIAN_POINT('',(-1.99999999999967,47.8501766261413,23.9043302637976));
#15567=CARTESIAN_POINT('',(-1.99999999999995,47.8501766261412,23.9543302637976));
#15568=CARTESIAN_POINT('',(-1.99999999999995,52.9543302637972,23.9043302637976));
#15569=CARTESIAN_POINT('Origin',(2.02403876506105,53.8225711521322,27.4543302637976));
#15570=CARTESIAN_POINT('',(4.08907221099835,42.1111845132893,23.9543302637976));
#15571=CARTESIAN_POINT('',(4.08907221099805,42.1111845132892,23.9543302637976));
#15572=CARTESIAN_POINT('',(4.09788856003349,42.0611845132893,23.9043302637976));
#15573=CARTESIAN_POINT('',(2.70611400155405,49.9543302637972,23.9043302637976));
#15574=CARTESIAN_POINT('',(4.08907221099893,42.1111845132894,23.9543302637976));
#15575=CARTESIAN_POINT('Origin',(0.500000000000053,30.9543302637972,0.494330263797562));
#15576=CARTESIAN_POINT('',(0.500000000000053,35.4543302637972,-2.50566973620243));
#15577=CARTESIAN_POINT('',(0.500000000000053,30.9543302637972,-2.50566973620243));
#15578=CARTESIAN_POINT('',(0.500000000000053,35.4543302637972,0.494330263797562));
#15579=CARTESIAN_POINT('',(0.500000000000053,30.9543302637972,0.494330263797562));
#15580=CARTESIAN_POINT('',(0.500000000000053,35.4543302637972,0.494330263797562));
#15581=CARTESIAN_POINT('Origin',(-5.44999999999995,38.9543302637972,16.7696515120656));
#15582=CARTESIAN_POINT('Origin',(-7.84999999999995,46.8324609203922,5.49687641543858));
#15583=CARTESIAN_POINT('',(-8.30096189432316,46.8931676436478,5.5043302637975));
#15584=CARTESIAN_POINT('',(-7.84999999999995,46.8931676436472,5.50433026379757));
#15585=CARTESIAN_POINT('Origin',(-9.59999999993612,40.7849078228212,4.75433026383714));
#15586=CARTESIAN_POINT('Origin',(-7.84999999999995,41.9543302637972,5.50433026379757));
#15587=CARTESIAN_POINT('',(-8.3009618943232,41.9543302637972,5.50433026379742));
#15588=CARTESIAN_POINT('Origin',(-23.2999999999999,46.8324609203922,6.06687641543858));
#15589=CARTESIAN_POINT('',(-23.7560254774474,46.8931676436644,6.07433026379955));
#15590=CARTESIAN_POINT('Origin',(-22.5000000000153,40.2148035725688,5.25433026379927));
#15591=CARTESIAN_POINT('',(-23.2999999999999,46.8931676436472,6.07433026379758));
#15592=CARTESIAN_POINT('Origin',(-23.2999999999999,41.9543302637972,6.07433026379757));
#15593=CARTESIAN_POINT('',(-23.756025477446,41.9543302637972,6.07433026380151));
#15594=CARTESIAN_POINT('Origin',(-40.4999999999999,41.9543302637972,8.45433026379757));
#15595=CARTESIAN_POINT('',(-41.5,41.9543302637972,8.45433026379757));
#15596=CARTESIAN_POINT('Origin',(-30.9999999999999,41.9543302637972,23.4543302637976));
#15597=CARTESIAN_POINT('Origin',(-30.0999999999999,38.9543302637972,19.4543302637976));
#15598=CARTESIAN_POINT('',(-30.1000000000006,38.9543302637972,19.4543302637972));
#15599=CARTESIAN_POINT('Origin',(-28.55,38.9543302637972,16.7696515120656));
#15600=CARTESIAN_POINT('Origin',(-12.7023149059299,34.9543303339364,25.2843837102996));
#15601=CARTESIAN_POINT('Origin',(-12.7023149059299,34.9543303339364,25.2843837102996));
#15602=CARTESIAN_POINT('Origin',(-1.99999999999995,41.9543302637972,23.9543302637976));
#15603=CARTESIAN_POINT('',(-2.89999999999995,52.9543302637972,23.9543302637976));
#15604=CARTESIAN_POINT('Origin',(-2.89999999999995,52.9543302637972,27.4543302637976));
#15605=CARTESIAN_POINT('',(-2.89999999999995,52.9543302637972,27.4543302637976));
#15606=CARTESIAN_POINT('Origin',(-6.79999999999995,45.3043302637972,-19.3956697362024));
#15607=CARTESIAN_POINT('',(-2.34999999999995,45.3043302637972,-19.3956697362024));
#15608=CARTESIAN_POINT('',(-1.19999999999995,45.3043302637972,-19.3956697362024));
#15609=CARTESIAN_POINT('',(-6.79999999999995,45.3043302637972,-19.3956697362024));
#15610=CARTESIAN_POINT('',(-2.34999999999995,45.3043302637972,-19.3956697362024));
#15611=CARTESIAN_POINT('',(-2.34999999999995,45.3043302637972,-22.6956697362024));
#15612=CARTESIAN_POINT('',(-2.34999999999995,45.3043302637972,-19.3956697362024));
#15613=CARTESIAN_POINT('',(-1.19999999999995,45.3043302637972,-22.6956697362024));
#15614=CARTESIAN_POINT('',(-6.79999999999995,45.3043302637972,-22.6956697362024));
#15615=CARTESIAN_POINT('',(-1.19999999999995,45.3043302637972,-19.3956697362024));
#15616=CARTESIAN_POINT('Origin',(-6.79999999999995,45.3043302637972,-19.3956697362024));
#15617=CARTESIAN_POINT('',(-5.64999999999995,45.3043302637972,-19.3956697362024));
#15618=CARTESIAN_POINT('',(-5.64999999999995,45.3043302637972,-19.3956697362024));
#15619=CARTESIAN_POINT('',(-6.79999999999995,45.3043302637972,-19.3956697362024));
#15620=CARTESIAN_POINT('',(-6.79999999999995,45.3043302637972,-19.3956697362024));
#15621=CARTESIAN_POINT('',(-6.79999999999995,45.3043302637972,-22.6956697362024));
#15622=CARTESIAN_POINT('',(-6.79999999999995,45.3043302637972,-19.3956697362024));
#15623=CARTESIAN_POINT('',(-5.64999999999995,45.3043302637972,-22.6956697362024));
#15624=CARTESIAN_POINT('',(-6.79999999999995,45.3043302637972,-22.6956697362024));
#15625=CARTESIAN_POINT('',(-5.64999999999995,45.3043302637972,-19.3956697362024));
#15626=CARTESIAN_POINT('Origin',(-30.2999999999999,45.3043302637972,-19.3956697362024));
#15627=CARTESIAN_POINT('',(-25.85,45.3043302637972,-19.3956697362024));
#15628=CARTESIAN_POINT('',(-24.6999999999999,45.3043302637972,-19.3956697362024));
#15629=CARTESIAN_POINT('',(-30.2999999999999,45.3043302637972,-19.3956697362024));
#15630=CARTESIAN_POINT('',(-25.85,45.3043302637972,-19.3956697362024));
#15631=CARTESIAN_POINT('',(-25.85,45.3043302637972,-22.6956697362024));
#15632=CARTESIAN_POINT('',(-25.85,45.3043302637972,-19.3956697362024));
#15633=CARTESIAN_POINT('',(-24.6999999999999,45.3043302637972,-22.6956697362024));
#15634=CARTESIAN_POINT('',(-30.2999999999999,45.3043302637972,-22.6956697362024));
#15635=CARTESIAN_POINT('',(-24.6999999999999,45.3043302637972,-19.3956697362024));
#15636=CARTESIAN_POINT('Origin',(-30.2999999999999,45.3043302637972,-19.3956697362024));
#15637=CARTESIAN_POINT('',(-29.1499999999999,45.3043302637972,-19.3956697362024));
#15638=CARTESIAN_POINT('',(-29.1499999999999,45.3043302637972,-19.3956697362024));
#15639=CARTESIAN_POINT('',(-30.3,45.3043302637972,-19.3956697362024));
#15640=CARTESIAN_POINT('',(-30.2999999999999,45.3043302637972,-19.3956697362024));
#15641=CARTESIAN_POINT('',(-30.3,45.3043302637972,-22.6956697362024));
#15642=CARTESIAN_POINT('',(-30.2999999999999,45.3043302637972,-19.3956697362024));
#15643=CARTESIAN_POINT('',(-29.1499999999999,45.3043302637972,-22.6956697362024));
#15644=CARTESIAN_POINT('',(-30.2999999999999,45.3043302637972,-22.6956697362024));
#15645=CARTESIAN_POINT('',(-29.1499999999999,45.3043302637972,-19.3956697362024));
#15646=CARTESIAN_POINT('Origin',(42.5000000000001,46.8629282562432,9.69873987752857));
#15647=CARTESIAN_POINT('',(8.50000000000005,46.9084582986842,9.70433026379757));
#15648=CARTESIAN_POINT('',(9.50000000000006,46.9084582986842,9.70433026379757));
#15649=CARTESIAN_POINT('',(42.5000000000001,46.9084582986842,9.70433026379758));
#15650=CARTESIAN_POINT('',(8.50000000000005,46.9234087301432,9.70616594595957));
#15651=CARTESIAN_POINT('',(9.50000000000005,49.9543302637972,10.0783163156006));
#15652=CARTESIAN_POINT('Origin',(8.50000000000005,41.9543302637972,9.45433026379757));
#15653=CARTESIAN_POINT('',(8.50000000000005,41.9543302637972,9.70433026379757));
#15654=CARTESIAN_POINT('Origin',(6.00000000000005,50.9543302637972,34.9543302637976));
#15655=CARTESIAN_POINT('',(9.45000000000005,47.5043302637972,23.9543302637976));
#15656=CARTESIAN_POINT('',(7.00000000000006,49.9543302637972,23.9543302637976));
#15657=CARTESIAN_POINT('',(9.45000000000005,47.5043302637972,23.9543302637976));
#15658=CARTESIAN_POINT('Origin',(-2.89999999999995,52.9543302637972,23.9043302637976));
#15659=CARTESIAN_POINT('',(0.500000000000053,42.0611845132892,23.9043302637976));
#15660=CARTESIAN_POINT('',(-2.89999999999995,52.9543302637972,23.9043302637976));
#15661=CARTESIAN_POINT('Origin',(-11.0999999999999,41.9543302637972,4.65433026379757));
#15662=CARTESIAN_POINT('',(-11.0966629547095,41.9543302637972,4.6543302637976));
#15663=CARTESIAN_POINT('Origin',(-14.3499999999999,46.2043302637972,7.60433026379757));
#15664=CARTESIAN_POINT('',(-14.3499999999999,47.9543302637972,4.30433026379758));
#15665=CARTESIAN_POINT('',(-14.3499999999999,48.3043302637972,4.30433026379758));
#15666=CARTESIAN_POINT('',(-14.3499999999999,46.2043302637972,4.30433026379758));
#15667=CARTESIAN_POINT('',(-14.3499999999999,47.9543302637972,7.60433026379757));
#15668=CARTESIAN_POINT('',(-14.3499999999999,47.9543302637972,7.60433026379757));
#15669=CARTESIAN_POINT('',(-14.3499999999999,48.3043302637972,7.60433026379757));
#15670=CARTESIAN_POINT('',(-14.3499999999999,46.2043302637972,7.60433026379757));
#15671=CARTESIAN_POINT('',(-14.3499999999999,48.3043302637972,7.60433026379757));
#15672=CARTESIAN_POINT('',(-14.3499999999999,48.3043302637972,7.60433026379757));
#15673=CARTESIAN_POINT('Origin',(-17.6499999999999,46.2043302637972,7.60433026379757));
#15674=CARTESIAN_POINT('',(-17.6499999999999,47.9543302637972,4.30433026379758));
#15675=CARTESIAN_POINT('',(-17.6499999999999,48.3043302637972,4.30433026379758));
#15676=CARTESIAN_POINT('',(-17.6499999999999,46.2043302637972,4.30433026379758));
#15677=CARTESIAN_POINT('',(-17.6499999999999,48.3043302637972,7.60433026379757));
#15678=CARTESIAN_POINT('',(-17.6499999999999,48.3043302637972,7.60433026379757));
#15679=CARTESIAN_POINT('',(-17.6499999999999,48.3043302637972,7.60433026379757));
#15680=CARTESIAN_POINT('',(-17.6499999999999,47.9543302637972,7.60433026379757));
#15681=CARTESIAN_POINT('',(-17.6499999999999,46.2043302637972,7.60433026379757));
#15682=CARTESIAN_POINT('',(-17.6499999999999,47.9543302637972,7.60433026379757));
#15683=CARTESIAN_POINT('Origin',(-36.5,46.8629282562432,7.69873987752858));
#15684=CARTESIAN_POINT('',(-42.4999999999999,46.9084582986842,7.70433026379758));
#15685=CARTESIAN_POINT('',(-41.5,46.9084582986842,7.70433026379758));
#15686=CARTESIAN_POINT('',(-36.5,46.9084582986842,7.70433026379758));
#15687=CARTESIAN_POINT('',(-42.4999999999999,49.9543302637972,8.07831631560057));
#15688=CARTESIAN_POINT('',(-41.5,46.9234087301432,7.70616594595957));
#15689=CARTESIAN_POINT('Origin',(-23.4999999999999,41.9543302637972,19.4543302637976));
#15690=CARTESIAN_POINT('Origin',(-8.99999999999995,41.9543302637972,15.9902286486596));
#15691=CARTESIAN_POINT('',(-8.99999999999995,41.9543302637972,15.9902286486596));
#15692=CARTESIAN_POINT('Origin',(-2.99999999999995,41.9543302637972,19.4543302637976));
#15693=CARTESIAN_POINT('',(-4.99999999999995,41.9543302637972,15.9902286486596));
#15694=CARTESIAN_POINT('',(-4.44337567297395,41.9543302637972,16.9543302637976));
#15695=CARTESIAN_POINT('Origin',(-9.59999999999995,41.9543302637972,4.75433026379757));
#15696=CARTESIAN_POINT('Origin',(-22.4999999999999,41.9543302637972,5.25433026379757));
#15697=CARTESIAN_POINT('',(-23.,41.9543302637972,6.66854382617057));
#15698=CARTESIAN_POINT('Origin',(-28.7499999999999,41.9543302637972,16.4232413505516));
#15699=CARTESIAN_POINT('Origin',(-41.5,41.9543302637972,7.45433026379757));
#15700=CARTESIAN_POINT('',(-41.5,41.9543302637972,7.70433026379757));
#15701=CARTESIAN_POINT('Origin',(-39.8999999999999,34.9543302637972,23.9543302637976));
#15702=CARTESIAN_POINT('',(-39.8999999999959,47.9832624519282,34.9543302637976));
#15703=CARTESIAN_POINT('Origin',(-40.4644660940599,47.4187963578642,34.9543302637976));
#15704=CARTESIAN_POINT('Origin',(-2.89999999999995,52.9543302637972,27.4543302637976));
#15705=CARTESIAN_POINT('Origin',(-4.49999999999995,36.9543302637972,9.45433026379757));
#15706=CARTESIAN_POINT('Origin',(-1.49999999999995,35.4543302637972,-12.0456697362024));
#15707=CARTESIAN_POINT('',(5.32907051820075E-14,35.4543302637972,-9.04566973620243));
#15708=CARTESIAN_POINT('Origin',(-1.49999999999995,35.4543302637972,-9.04566973620243));
#15709=CARTESIAN_POINT('',(5.32907051820075E-14,35.4543302637972,-12.0456697362024));
#15710=CARTESIAN_POINT('',(5.32907051820075E-14,35.4543302637972,-9.04566973620243));
#15711=CARTESIAN_POINT('Origin',(-1.49999999999995,35.4543302637972,-12.0456697362024));
#15712=CARTESIAN_POINT('Origin',(-6.79999999999995,44.9543302637972,-18.0456697362024));
#15713=CARTESIAN_POINT('',(-6.79999999999995,44.9543302637972,-19.3956697362024));
#15714=CARTESIAN_POINT('',(-6.79999999999995,44.9543302637972,-19.3956697362024));
#15715=CARTESIAN_POINT('',(-1.19999999999995,44.9543302637972,-19.3956697362024));
#15716=CARTESIAN_POINT('',(-6.79999999999995,44.9543302637972,-19.3956697362024));
#15717=CARTESIAN_POINT('',(-1.19999999999995,44.9543302637972,-18.0456697362024));
#15718=CARTESIAN_POINT('',(-1.19999999999995,44.9543302637972,-18.0456697362024));
#15719=CARTESIAN_POINT('',(-6.79999999999995,44.9543302637972,-18.0456697362024));
#15720=CARTESIAN_POINT('',(-6.79999999999995,44.9543302637972,-18.0456697362024));
#15721=CARTESIAN_POINT('',(-6.79999999999995,44.9543302637972,-18.0456697362024));
#15722=CARTESIAN_POINT('Origin',(-30.2999999999999,44.9543302637972,-18.0456697362024));
#15723=CARTESIAN_POINT('',(-30.2999999999999,44.9543302637972,-19.3956697362024));
#15724=CARTESIAN_POINT('',(-30.2999999999999,44.9543302637972,-19.3956697362024));
#15725=CARTESIAN_POINT('',(-24.6999999999999,44.9543302637972,-19.3956697362024));
#15726=CARTESIAN_POINT('',(-30.2999999999999,44.9543302637972,-19.3956697362024));
#15727=CARTESIAN_POINT('',(-24.6999999999999,44.9543302637972,-18.0456697362024));
#15728=CARTESIAN_POINT('',(-24.6999999999999,44.9543302637972,-18.0456697362024));
#15729=CARTESIAN_POINT('',(-30.3,44.9543302637972,-18.0456697362024));
#15730=CARTESIAN_POINT('',(-30.2999999999999,44.9543302637972,-18.0456697362024));
#15731=CARTESIAN_POINT('',(-30.2999999999999,44.9543302637972,-18.0456697362024));
#15732=CARTESIAN_POINT('Origin',(-5.64999999999995,43.6543302637972,-19.3956697362024));
#15733=CARTESIAN_POINT('',(-2.34999999999995,45.6543302637972,-19.3956697362024));
#15734=CARTESIAN_POINT('',(-5.64999999999995,45.6543302637972,-19.3956697362024));
#15735=CARTESIAN_POINT('',(-2.34999999999995,43.6543302637972,-19.3956697362024));
#15736=CARTESIAN_POINT('',(-1.19999999999995,43.3043302637972,-19.3956697362024));
#15737=CARTESIAN_POINT('Origin',(-5.64999999999995,45.6543302637972,-19.3956697362024));
#15738=CARTESIAN_POINT('',(-2.34999999999995,45.6543302637972,-19.3956697362024));
#15739=CARTESIAN_POINT('Origin',(-2.34999999999995,43.6543302637972,-19.3956697362024));
#15740=CARTESIAN_POINT('Origin',(-2.34999999999995,43.6543302637972,-19.3956697362024));
#15741=CARTESIAN_POINT('',(-2.34999999999995,45.6543302637972,-22.6956697362024));
#15742=CARTESIAN_POINT('',(-2.34999999999995,45.6543302637972,-19.3956697362024));
#15743=CARTESIAN_POINT('',(-2.34999999999995,43.6543302637972,-22.6956697362024));
#15744=CARTESIAN_POINT('Origin',(-5.64999999999995,45.6543302637972,-19.3956697362024));
#15745=CARTESIAN_POINT('',(-5.64999999999995,45.6543302637972,-22.6956697362024));
#15746=CARTESIAN_POINT('Origin',(-5.64999999999995,45.6543302637972,-19.3956697362024));
#15747=CARTESIAN_POINT('',(-5.64999999999995,45.6543302637972,-22.6956697362024));
#15748=CARTESIAN_POINT('',(-5.64999999999995,45.6543302637972,-19.3956697362024));
#15749=CARTESIAN_POINT('',(-5.64999999999995,45.6543302637972,-22.6956697362024));
#15750=CARTESIAN_POINT('Origin',(-5.64999999999995,43.6543302637972,-19.3956697362024));
#15751=CARTESIAN_POINT('',(-5.64999999999995,43.6543302637972,-22.6956697362024));
#15752=CARTESIAN_POINT('Origin',(-5.64999999999995,43.6543302637972,-19.3956697362024));
#15753=CARTESIAN_POINT('',(-5.64999999999995,45.6543302637972,-19.3956697362024));
#15754=CARTESIAN_POINT('',(-5.64999999999995,45.6543302637972,-19.3956697362024));
#15755=CARTESIAN_POINT('',(-5.64999999999995,43.6543302637972,-19.3956697362024));
#15756=CARTESIAN_POINT('Origin',(-5.64999999999995,45.6543302637972,-19.3956697362024));
#15757=CARTESIAN_POINT('',(-5.64999999999995,45.6543302637972,-19.3956697362024));
#15758=CARTESIAN_POINT('Origin',(-6.79999999999995,43.3043302637972,-19.3956697362024));
#15759=CARTESIAN_POINT('',(-6.79999999999995,43.3043302637972,-19.3956697362024));
#15760=CARTESIAN_POINT('Origin',(-29.1499999999999,43.6543302637972,-19.3956697362024));
#15761=CARTESIAN_POINT('',(-25.85,45.6543302637972,-19.3956697362024));
#15762=CARTESIAN_POINT('',(-29.1499999999999,45.6543302637972,-19.3956697362024));
#15763=CARTESIAN_POINT('',(-25.85,43.6543302637972,-19.3956697362024));
#15764=CARTESIAN_POINT('',(-24.6999999999999,43.3043302637972,-19.3956697362024));
#15765=CARTESIAN_POINT('Origin',(-29.1499999999999,45.6543302637972,-19.3956697362024));
#15766=CARTESIAN_POINT('',(-25.85,45.6543302637972,-19.3956697362024));
#15767=CARTESIAN_POINT('Origin',(-25.85,43.6543302637972,-19.3956697362024));
#15768=CARTESIAN_POINT('Origin',(-25.85,43.6543302637972,-19.3956697362024));
#15769=CARTESIAN_POINT('',(-25.85,45.6543302637972,-22.6956697362024));
#15770=CARTESIAN_POINT('',(-25.85,45.6543302637972,-19.3956697362024));
#15771=CARTESIAN_POINT('',(-25.85,43.6543302637972,-22.6956697362024));
#15772=CARTESIAN_POINT('Origin',(-29.1499999999999,45.6543302637972,-19.3956697362024));
#15773=CARTESIAN_POINT('',(-29.1499999999999,45.6543302637972,-22.6956697362024));
#15774=CARTESIAN_POINT('Origin',(-29.1499999999999,45.6543302637972,-19.3956697362024));
#15775=CARTESIAN_POINT('',(-29.1499999999999,45.6543302637972,-22.6956697362024));
#15776=CARTESIAN_POINT('',(-29.1499999999999,45.6543302637972,-19.3956697362024));
#15777=CARTESIAN_POINT('',(-29.1499999999999,45.6543302637972,-22.6956697362024));
#15778=CARTESIAN_POINT('Origin',(-29.1499999999999,43.6543302637972,-19.3956697362024));
#15779=CARTESIAN_POINT('',(-29.1499999999999,43.6543302637972,-22.6956697362024));
#15780=CARTESIAN_POINT('Origin',(-29.1499999999999,43.6543302637972,-19.3956697362024));
#15781=CARTESIAN_POINT('',(-29.1499999999999,45.6543302637972,-19.3956697362024));
#15782=CARTESIAN_POINT('',(-29.1499999999999,45.6543302637972,-19.3956697362024));
#15783=CARTESIAN_POINT('',(-29.1499999999999,43.6543302637972,-19.3956697362024));
#15784=CARTESIAN_POINT('Origin',(-29.1499999999999,45.6543302637972,-19.3956697362024));
#15785=CARTESIAN_POINT('',(-29.1499999999999,45.6543302637972,-19.3956697362024));
#15786=CARTESIAN_POINT('Origin',(-30.2999999999999,43.3043302637972,-19.3956697362024));
#15787=CARTESIAN_POINT('',(-30.2999999999999,43.3043302637972,-19.3956697362024));
#15788=CARTESIAN_POINT('Origin',(-4.99999999999995,41.9543302637972,4.15433026379757));
#15789=CARTESIAN_POINT('',(-4.81754029134235,46.8930592859059,4.0724251069526));
#15790=CARTESIAN_POINT('',(-4.81754029133993,41.9543302637972,4.0724251069506));
#15791=CARTESIAN_POINT('Ctrl Pts',(-4.81754029133946,46.8930592858991,4.07242510696645));
#15792=CARTESIAN_POINT('Ctrl Pts',(-4.81990235253809,46.8814024598213,4.06716315503554));
#15793=CARTESIAN_POINT('Ctrl Pts',(-4.82278536617403,46.8702283168977,4.06134053900394));
#15794=CARTESIAN_POINT('Ctrl Pts',(-4.83745538104402,46.8267280813328,4.03567805427728));
#15795=CARTESIAN_POINT('Ctrl Pts',(-4.85576469828086,46.7995621260748,4.01167730467006));
#15796=CARTESIAN_POINT('Ctrl Pts',(-4.89761026147952,46.7637052144396,3.98163319867731));
#15797=CARTESIAN_POINT('Ctrl Pts',(-4.91709687052666,46.7505441120011,3.97137046255165));
#15798=CARTESIAN_POINT('Ctrl Pts',(-4.93918845612244,46.737394360031,3.96374063322712));
#15799=CARTESIAN_POINT('Ctrl Pts',(-4.94465124452043,46.7342365745357,3.96208234258828));
#15800=CARTESIAN_POINT('Ctrl Pts',(-4.95285318372512,46.7295971275973,3.95993134273145));
#15801=CARTESIAN_POINT('Ctrl Pts',(-4.95719972230447,46.7271778871143,3.9589281490872));
#15802=CARTESIAN_POINT('Ctrl Pts',(-4.97032110202341,46.7199578554664,3.9563089197139));
#15803=CARTESIAN_POINT('Ctrl Pts',(-4.98186603954527,46.7137742472683,3.95491973577103));
#15804=CARTESIAN_POINT('Ctrl Pts',(-5.02921273019558,46.6882693694141,3.95291082761815));
#15805=CARTESIAN_POINT('Ctrl Pts',(-5.07251259084344,46.6633940341072,3.96513071214533));
#15806=CARTESIAN_POINT('Ctrl Pts',(-5.11299509394119,46.623091170804,3.98868489312156));
#15807=CARTESIAN_POINT('Ctrl Pts',(-5.12348662537502,46.6097197703431,3.9965685641258));
#15808=CARTESIAN_POINT('Ctrl Pts',(-5.13228756555428,46.5952051425027,4.00433026379855));
#15809=CARTESIAN_POINT('Origin',(42.5000000000001,41.9543302637972,9.70433026379757));
#15810=CARTESIAN_POINT('',(9.50000000000005,41.9543302637972,9.70433026379757));
#15811=CARTESIAN_POINT('Origin',(9.45000000000005,41.9543302637972,23.9543302637976));
#15812=CARTESIAN_POINT('',(9.45000000000005,41.9543302637972,23.9543302637976));
#15813=CARTESIAN_POINT('Origin',(0.500000000000053,38.2827573885432,20.1259031390516));
#15814=CARTESIAN_POINT('',(8.06246599057796,39.9543302637972,21.7974760143056));
#15815=CARTESIAN_POINT('',(5.32907051820076E-14,39.9543302637972,21.7974760143056));
#15816=CARTESIAN_POINT('',(7.87376569486938,42.1111845132892,23.9543302637976));
#15817=CARTESIAN_POINT('',(8.06246599057777,39.9543302637972,21.7974760143056));
#15818=CARTESIAN_POINT('',(0.500000000000053,42.1111845132892,23.9543302637976));
#15819=CARTESIAN_POINT('Origin',(7.50000000000005,34.9543302637972,12.4543302637976));
#15820=CARTESIAN_POINT('',(7.50000000000005,39.9543302637972,11.0260445780888));
#15821=CARTESIAN_POINT('',(7.50000000000005,39.9543302637972,13.8826159495064));
#15822=CARTESIAN_POINT('',(7.50000000000005,39.9543302637972,24.9543302637976));
#15823=CARTESIAN_POINT('Origin',(7.50000000000005,34.9543302637972,12.4543302637976));
#15824=CARTESIAN_POINT('Origin',(0.500000000000053,34.9543302637972,12.4543302637976));
#15825=CARTESIAN_POINT('',(0.500000000000053,39.9543302637972,11.0260445780886));
#15826=CARTESIAN_POINT('',(0.500000000000053,39.9543302637972,13.8826159495066));
#15827=CARTESIAN_POINT('Origin',(2.00000000000005,35.4543302637972,-22.0456697362024));
#15828=CARTESIAN_POINT('',(0.500000000000053,35.4543302637972,-22.0456697362024));
#15829=CARTESIAN_POINT('Origin',(2.00000000000005,35.4543302637972,-22.0456697362024));
#15830=CARTESIAN_POINT('',(0.500000000000053,35.4543302637972,-19.0456697362024));
#15831=CARTESIAN_POINT('Origin',(-9.59999999999995,41.9543302637972,4.75433026379757));
#15832=CARTESIAN_POINT('Origin',(-5.09999999999995,44.9543302637972,4.45433026379757));
#15833=CARTESIAN_POINT('',(-4.81176867770504,46.9543302638053,4.07575734963821));
#15834=CARTESIAN_POINT('Origin',(-4.97353605335201,47.7254279461347,3.98236091501394));
#15835=CARTESIAN_POINT('Ctrl Pts',(-4.68077428183648,49.9543302637972,3.54057242069525));
#15836=CARTESIAN_POINT('Ctrl Pts',(-4.72121122459299,49.0142902452737,3.70862285685372));
#15837=CARTESIAN_POINT('Ctrl Pts',(-4.76493142109933,48.0130215371624,3.88724416432363));
#15838=CARTESIAN_POINT('Ctrl Pts',(-4.81176867770504,46.9543302638053,4.07575734963821));
#15839=CARTESIAN_POINT('Origin',(-18.7999999999999,47.9543302637972,7.60433026379757));
#15840=CARTESIAN_POINT('',(-13.1999999999999,47.9543302637972,7.60433026379757));
#15841=CARTESIAN_POINT('',(-18.7999999999999,47.9543302637972,7.60433026379757));
#15842=CARTESIAN_POINT('',(-13.1999999999999,47.9543302637972,4.30433026379758));
#15843=CARTESIAN_POINT('',(-18.7999999999999,47.9543302637972,4.30433026379758));
#15844=CARTESIAN_POINT('',(-13.1999999999999,47.9543302637972,7.60433026379757));
#15845=CARTESIAN_POINT('Origin',(-23.,41.9543302637972,5.45433026379757));
#15846=CARTESIAN_POINT('',(-20.9999999999999,41.9543302637972,5.45433026379757));
#15847=CARTESIAN_POINT('Origin',(-17.6499999999999,48.3043302637972,7.60433026379757));
#15848=CARTESIAN_POINT('',(-17.6499999999999,48.3043302637972,4.30433026379758));
#15849=CARTESIAN_POINT('Origin',(-17.6499999999999,48.3043302637972,7.60433026379757));
#15850=CARTESIAN_POINT('',(-17.6499999999999,48.3043302637972,7.60433026379757));
#15851=CARTESIAN_POINT('Origin',(-17.6499999999999,48.3043302637972,7.60433026379757));
#15852=CARTESIAN_POINT('',(-17.6499999999999,48.3043302637972,7.60433026379757));
#15853=CARTESIAN_POINT('Origin',(-17.6499999999999,48.3043302637972,7.60433026379757));
#15854=CARTESIAN_POINT('',(-17.6499999999999,48.3043302637972,4.30433026379758));
#15855=CARTESIAN_POINT('Origin',(-18.7999999999999,47.9543302637972,7.60433026379757));
#15856=CARTESIAN_POINT('',(-18.7999999999999,47.9543302637972,7.60433026379757));
#15857=CARTESIAN_POINT('',(-18.7999999999999,47.9543302637972,7.60433026379757));
#15858=CARTESIAN_POINT('',(-18.7999999999999,47.9543302637972,4.30433026379758));
#15859=CARTESIAN_POINT('',(-18.7999999999999,47.9543302637972,7.60433026379757));
#15860=CARTESIAN_POINT('',(-18.7999999999999,47.9543302637972,4.30433026379758));
#15861=CARTESIAN_POINT('Origin',(-31.5,44.9543302637972,5.05433026379758));
#15862=CARTESIAN_POINT('',(-31.7716905340255,47.0409064778251,4.6017517059706));
#15863=CARTESIAN_POINT('Ctrl Pts',(-31.7716905340253,47.0409064778278,4.60175170596944));
#15864=CARTESIAN_POINT('Ctrl Pts',(-31.7712534566259,47.0405493745947,4.60102014906611));
#15865=CARTESIAN_POINT('Ctrl Pts',(-31.7708136548198,47.0401983812402,4.60029465723999));
#15866=CARTESIAN_POINT('Ctrl Pts',(-31.7597485412052,47.0315630144765,4.5822984608318));
#15867=CARTESIAN_POINT('Ctrl Pts',(-31.7450670600056,47.0247782998548,4.56478220553284));
#15868=CARTESIAN_POINT('Ctrl Pts',(-31.7099991857232,47.0133663575344,4.5357530061764));
#15869=CARTESIAN_POINT('Ctrl Pts',(-31.6896245747038,47.0086989507927,4.52424163942449));
#15870=CARTESIAN_POINT('Ctrl Pts',(-31.66386346002,47.0036630632164,4.51470835934804));
#15871=CARTESIAN_POINT('Ctrl Pts',(-31.6570883938352,47.0024033953336,4.51255943479408));
#15872=CARTESIAN_POINT('Ctrl Pts',(-31.64615634569,47.0004486735951,4.50965469374175));
#15873=CARTESIAN_POINT('Ctrl Pts',(-31.6398424571445,46.9993581070531,4.50826489224422));
#15874=CARTESIAN_POINT('Ctrl Pts',(-31.623328171109,46.9965756502512,4.50536993114287));
#15875=CARTESIAN_POINT('Ctrl Pts',(-31.6097101187671,46.9943915780109,4.5042418991795));
#15876=CARTESIAN_POINT('Ctrl Pts',(-31.5751661478854,46.988845162004,4.50453129120641));
#15877=CARTESIAN_POINT('Ctrl Pts',(-31.5478872832344,46.9844244679366,4.50987675827994));
#15878=CARTESIAN_POINT('Ctrl Pts',(-31.506542918493,46.9752931223009,4.52620937404222));
#15879=CARTESIAN_POINT('Ctrl Pts',(-31.4847982608799,46.9689459770384,4.53959408744109));
#15880=CARTESIAN_POINT('Ctrl Pts',(-31.4611967300046,46.9559474350922,4.55992522298788));
#15881=CARTESIAN_POINT('Ctrl Pts',(-31.4540554328784,46.9505941765268,4.56726606222877));
#15882=CARTESIAN_POINT('Ctrl Pts',(-31.4480131584616,46.9441919804707,4.57433026380067));
#15883=CARTESIAN_POINT('Origin',(4971.93922677551,-135.358088710443,-2293.18031815779));
#15884=CARTESIAN_POINT('Origin',(-31.5999999999999,41.9543302637972,4.70433026379757));
#15885=CARTESIAN_POINT('',(-31.7831271882055,46.9543302637973,4.62392856643723));
#15886=CARTESIAN_POINT('Origin',(-31.6000000060767,46.1021545490253,4.7043302577619));
#15887=CARTESIAN_POINT('',(-31.7831271882003,41.9543302637972,4.62392856643481));
#15888=CARTESIAN_POINT('Origin',(-4.99999999999995,41.9543302637972,15.9902286486596));
#15889=CARTESIAN_POINT('Origin',(-42.4999999999999,41.9543302637972,16.9543302637976));
#15890=CARTESIAN_POINT('',(1.23183742648107,41.9543302637972,16.9543302637976));
#15891=CARTESIAN_POINT('Origin',(-11.0999999999999,41.9543302637972,14.6543302637976));
#15892=CARTESIAN_POINT('Origin',(-23.,41.9543302637972,15.4543302637976));
#15893=CARTESIAN_POINT('',(-23.,41.9543302637972,15.4543302637976));
#15894=CARTESIAN_POINT('',(-20.9999999999999,41.9543302637972,15.4543302637976));
#15895=CARTESIAN_POINT('Origin',(-23.,41.9543302637972,15.4543302637976));
#15896=CARTESIAN_POINT('Origin',(-36.5,41.9543302637972,7.70433026379757));
#15897=CARTESIAN_POINT('',(-42.4999999999999,41.9543302637972,7.70433026379757));
#15898=CARTESIAN_POINT('Origin',(0.450000000000053,34.1543302637972,4.95433026379757));
#15899=CARTESIAN_POINT('Origin',(-1.49999999999995,30.9543302637972,-9.04566973620243));
#15900=CARTESIAN_POINT('',(5.32907051820075E-14,30.9543302637972,-9.04566973620243));
#15901=CARTESIAN_POINT('Origin',(5.32907051820075E-14,30.9543302637972,
-9.04566973620243));
#15902=CARTESIAN_POINT('',(5.32907051820075E-14,30.9543302637972,-12.0456697362024));
#15903=CARTESIAN_POINT('Origin',(-1.49999999999995,30.9543302637972,-12.0456697362024));
#15904=CARTESIAN_POINT('Origin',(-6.79999999999995,43.3043302637972,-22.6956697362024));
#15905=CARTESIAN_POINT('',(-6.79999999999995,44.9543302637972,-22.6956697362024));
#15906=CARTESIAN_POINT('',(-6.79999999999995,43.3043302637972,-22.6956697362024));
#15907=CARTESIAN_POINT('',(-6.79999999999995,44.9543302637972,-22.6956697362024));
#15908=CARTESIAN_POINT('Origin',(-6.79999999999995,43.3043302637972,-22.6956697362024));
#15909=CARTESIAN_POINT('',(-1.19999999999995,44.9543302637972,-22.6956697362024));
#15910=CARTESIAN_POINT('',(-6.79999999999995,44.9543302637972,-22.6956697362024));
#15911=CARTESIAN_POINT('',(-1.19999999999995,43.3043302637972,-22.6956697362024));
#15912=CARTESIAN_POINT('Origin',(-6.79999999999995,42.9543302637972,-18.0456697362024));
#15913=CARTESIAN_POINT('',(-1.19999999999995,42.9543302637972,-18.0456697362024));
#15914=CARTESIAN_POINT('',(-6.79999999999995,42.9543302637972,-18.0456697362024));
#15915=CARTESIAN_POINT('Origin',(-30.2999999999999,43.3043302637972,-22.6956697362024));
#15916=CARTESIAN_POINT('',(-30.2999999999999,44.9543302637972,-22.6956697362024));
#15917=CARTESIAN_POINT('',(-30.2999999999999,43.3043302637972,-22.6956697362024));
#15918=CARTESIAN_POINT('',(-30.2999999999999,44.9543302637972,-22.6956697362024));
#15919=CARTESIAN_POINT('Origin',(-30.2999999999999,43.3043302637972,-22.6956697362024));
#15920=CARTESIAN_POINT('',(-24.6999999999999,44.9543302637972,-22.6956697362024));
#15921=CARTESIAN_POINT('',(-30.2999999999999,44.9543302637972,-22.6956697362024));
#15922=CARTESIAN_POINT('',(-24.6999999999999,43.3043302637972,-22.6956697362024));
#15923=CARTESIAN_POINT('Origin',(-30.2999999999999,42.9543302637972,-18.0456697362024));
#15924=CARTESIAN_POINT('',(-24.6999999999999,42.9543302637972,-18.0456697362024));
#15925=CARTESIAN_POINT('',(-30.2999999999999,42.9543302637972,-18.0456697362024));
#15926=CARTESIAN_POINT('Origin',(25.8400727618681,41.9543302637972,21.7726062559406));
#15927=CARTESIAN_POINT('',(3.63816747803552,46.954330263797,8.95433026379676));
#15928=CARTESIAN_POINT('',(25.840072761868,46.9543302637963,21.7726062559407));
#15929=CARTESIAN_POINT('',(3.63816747803505,41.9543302637972,8.95433026379756));
#15930=CARTESIAN_POINT('Origin',(1.22354286469205,41.9543302637972,16.9565527849306));
#15931=CARTESIAN_POINT('',(9.50000000000005,41.9543302637972,14.7388827793336));
#15932=CARTESIAN_POINT('Origin',(5.32907051820076E-14,34.9543302637972,
23.9543302637976));
#15933=CARTESIAN_POINT('',(7.80000000000005,42.9543302637972,23.9543302637976));
#15934=CARTESIAN_POINT('',(9.50000000000005,34.9543302637972,23.9543302637976));
#15935=CARTESIAN_POINT('Origin',(2.00000000000005,35.4543302637972,0.494330263797562));
#15936=CARTESIAN_POINT('',(1.78884025694421,35.4543302637972,1.97939307826457));
#15937=CARTESIAN_POINT('',(2.00000000000005,35.4543302637972,1.97939307826457));
#15938=CARTESIAN_POINT('Origin',(2.00000000000005,35.4543302637972,-2.50566973620243));
#15939=CARTESIAN_POINT('Origin',(2.00000000000005,35.4543302637972,0.494330263797562));
#15940=CARTESIAN_POINT('Origin',(7.80000000000005,42.9543302637972,24.9543302637976));
#15941=CARTESIAN_POINT('',(8.06246599057791,39.9543302637972,6.95433026379757));
#15942=CARTESIAN_POINT('Origin',(8.49990930820731,34.9543302637973,6.95433026379747));
#15943=CARTESIAN_POINT('',(8.06246599057805,39.9543302637972,24.9543302637976));
#15944=CARTESIAN_POINT('Origin',(0.500000000000053,39.9543302637972,24.9543302637976));
#15945=CARTESIAN_POINT('',(0.500000000000054,39.9543302637972,6.95433026379757));
#15946=CARTESIAN_POINT('Origin',(2.00000000000005,30.9543302637972,-2.50566973620243));
#15947=CARTESIAN_POINT('Origin',(0.500000000000053,30.9543302637972,-19.0456697362024));
#15948=CARTESIAN_POINT('',(0.500000000000053,30.9543302637972,-22.0456697362024));
#15949=CARTESIAN_POINT('Origin',(2.00000000000005,30.9543302637972,-22.0456697362024));
#15950=CARTESIAN_POINT('Origin',(25.8400727618681,46.9543302637972,21.7726062559406));
#15951=CARTESIAN_POINT('',(3.77990749428904,49.9543302637971,8.42534932167187));
#15952=CARTESIAN_POINT('Origin',(-18.7999999999999,45.8543302637972,7.60433026379757));
#15953=CARTESIAN_POINT('',(-18.7999999999999,47.5543302637972,7.60433026379757));
#15954=CARTESIAN_POINT('',(-18.7999999999999,45.8543302637972,7.60433026379757));
#15955=CARTESIAN_POINT('',(-13.1999999999999,47.5543302637972,7.60433026379757));
#15956=CARTESIAN_POINT('',(-13.1999999999999,45.8543302637972,7.60433026379757));
#15957=CARTESIAN_POINT('',(-18.7999999999999,47.5543302637972,7.60433026379757));
#15958=CARTESIAN_POINT('Origin',(-20.9999999999999,41.9543302637972,15.4543302637976));
#15959=CARTESIAN_POINT('Origin',(-18.7999999999999,45.8543302637972,4.30433026379758));
#15960=CARTESIAN_POINT('',(-18.7999999999999,47.5543302637972,4.30433026379758));
#15961=CARTESIAN_POINT('',(-18.7999999999999,45.8543302637972,4.30433026379758));
#15962=CARTESIAN_POINT('',(-13.1999999999999,47.5543302637972,4.30433026379758));
#15963=CARTESIAN_POINT('',(-18.7999999999999,47.5543302637972,4.30433026379758));
#15964=CARTESIAN_POINT('',(-13.1999999999999,45.8543302637972,4.30433026379758));
#15965=CARTESIAN_POINT('Origin',(-31.6248546864399,46.9543302637972,4.55012488678858));
#15966=CARTESIAN_POINT('',(-36.7806897557695,46.9543302637972,6.95433026379849));
#15967=CARTESIAN_POINT('',(-31.6248546864399,46.9543302637972,4.55012488678858));
#15968=CARTESIAN_POINT('',(-36.7806897557699,46.9543302637972,6.95433026379757));
#15969=CARTESIAN_POINT('Origin',(-31.6248546864399,41.9543302637972,4.55012488678857));
#15970=CARTESIAN_POINT('',(-36.7806897557699,41.9543302637972,6.95433026379757));
#15971=CARTESIAN_POINT('Origin',(-44.29966499732,38.9543302637972,14.5372202411846));
#15972=CARTESIAN_POINT('',(-42.4999999999999,41.9543302637972,14.9692808700086));
#15973=CARTESIAN_POINT('',(-42.4999999999999,41.9543302637972,14.9692808700086));
#15974=CARTESIAN_POINT('',(-42.4999999999999,41.9543302637972,14.9692808700086));
#15975=CARTESIAN_POINT('Origin',(-42.4999999999999,41.9543302637972,16.9543302637976));
#15976=CARTESIAN_POINT('',(-42.4999999999999,41.9543302637972,14.9543302637976));
#15977=CARTESIAN_POINT('',(-34.,41.9543302637972,14.9543302637976));
#15978=CARTESIAN_POINT('',(-42.4999999999999,41.9543302637972,14.9543302637976));
#15979=CARTESIAN_POINT('',(-34.,41.9543302637972,48.9543302637976));
#15980=CARTESIAN_POINT('',(-42.4999999999999,41.9543302637972,16.9543302637976));
#15981=CARTESIAN_POINT('Origin',(-34.,34.9543302637972,48.9543302637976));
#15982=CARTESIAN_POINT('',(-34.,34.9543302637972,14.9543302637976));
#15983=CARTESIAN_POINT('Origin',(2.00000000000005,46.9543302637972,-20.9456697362024));
#15984=CARTESIAN_POINT('',(5.32907051820075E-14,46.9543302637972,-22.9456697362024));
#15985=CARTESIAN_POINT('Origin',(-1.19999999999995,42.9543302637972,-18.0456697362024));
#15986=CARTESIAN_POINT('',(-1.19999999999995,44.9543302637972,-18.0456697362024));
#15987=CARTESIAN_POINT('Origin',(-6.79999999999995,44.9543302637972,-18.0456697362024));
#15988=CARTESIAN_POINT('',(-6.79999999999995,44.9543302637972,-18.0456697362024));
#15989=CARTESIAN_POINT('Origin',(-6.79999999999995,42.9543302637972,-18.0456697362024));
#15990=CARTESIAN_POINT('Origin',(-24.6999999999999,42.9543302637972,-18.0456697362024));
#15991=CARTESIAN_POINT('',(-24.6999999999999,44.9543302637972,-18.0456697362024));
#15992=CARTESIAN_POINT('Origin',(-30.2999999999999,44.9543302637972,-18.0456697362024));
#15993=CARTESIAN_POINT('',(-30.2999999999999,44.9543302637972,-18.0456697362024));
#15994=CARTESIAN_POINT('Origin',(-30.2999999999999,42.9543302637972,-18.0456697362024));
#15995=CARTESIAN_POINT('Origin',(-33.5,46.9543302637972,-20.9456697362024));
#15996=CARTESIAN_POINT('',(-31.5,46.9543302637972,-22.9456697362024));
#15997=CARTESIAN_POINT('Origin',(42.5000000000001,46.9543302637972,8.95433026379757));
#15998=CARTESIAN_POINT('',(9.50000000000006,46.9543302637972,8.95433026379757));
#15999=CARTESIAN_POINT('',(42.5000000000001,46.9543302637972,8.95433026379757));
#16000=CARTESIAN_POINT('',(9.50000000000005,49.9543302637972,8.42534932167258));
#16001=CARTESIAN_POINT('Origin',(42.5000000000001,41.9543302637972,8.95433026379757));
#16002=CARTESIAN_POINT('',(9.50000000000005,41.9543302637972,8.95433026379757));
#16003=CARTESIAN_POINT('Origin',(2.00000000000005,30.9543302637972,0.494330263797562));
#16004=CARTESIAN_POINT('Ctrl Pts',(1.65590698931838,34.9543302637972,1.95433026379757));
#16005=CARTESIAN_POINT('Ctrl Pts',(1.65590698931838,35.0552600030473,1.95433026379757));
#16006=CARTESIAN_POINT('Ctrl Pts',(1.66916022881863,35.1644833440289,1.95772724399593));
#16007=CARTESIAN_POINT('Ctrl Pts',(1.71531924324217,35.3157218393803,1.96715199635156));
#16008=CARTESIAN_POINT('Ctrl Pts',(1.73497568547736,35.3639043088924,1.97093304036755));
#16009=CARTESIAN_POINT('Ctrl Pts',(1.76868161893523,35.4240617572441,1.97641917654646));
#16010=CARTESIAN_POINT('Ctrl Pts',(1.77837362851082,35.4395224581567,1.97790483780149));
#16011=CARTESIAN_POINT('Ctrl Pts',(1.78884025694387,35.4543302637975,1.9793930782645));
#16012=CARTESIAN_POINT('Origin',(0.500000000000053,34.9543302637972,6.95433026379757));
#16013=CARTESIAN_POINT('Origin',(5.32907051820075E-14,46.9543302637972,
-17.5456697362024));
#16014=CARTESIAN_POINT('Origin',(-24.9999999999999,45.9543302637972,-3.04566973620243));
#16015=CARTESIAN_POINT('',(-10.582203539622,46.9543302637972,-2.11315465006242));
#16016=CARTESIAN_POINT('',(-10.9999999999999,46.9543302637972,-2.11315465006443));
#16017=CARTESIAN_POINT('Origin',(-18.7999999999999,47.5543302637972,8.95433026379757));
#16018=CARTESIAN_POINT('',(-13.1999999999999,47.5543302637972,8.95433026379757));
#16019=CARTESIAN_POINT('',(-13.1999999999999,47.5543302637972,8.95433026379757));
#16020=CARTESIAN_POINT('',(-18.7999999999999,47.5543302637972,8.95433026379757));
#16021=CARTESIAN_POINT('',(-18.7999999999999,47.5543302637972,8.95433026379757));
#16022=CARTESIAN_POINT('',(-18.7999999999999,47.5543302637972,8.95433026379757));
#16023=CARTESIAN_POINT('Origin',(-18.7999999999999,47.5543302637972,8.95433026379757));
#16024=CARTESIAN_POINT('',(-13.1999999999999,47.5543302637972,1.95433026379757));
#16025=CARTESIAN_POINT('',(-13.1999999999999,47.5543302637972,8.95433026379757));
#16026=CARTESIAN_POINT('',(-18.7999999999999,47.5543302637972,1.95433026379757));
#16027=CARTESIAN_POINT('',(-18.7999999999999,47.5543302637972,8.95433026379757));
#16028=CARTESIAN_POINT('',(-20.9999999999999,47.5543302637972,1.95433026379757));
#16029=CARTESIAN_POINT('Origin',(-24.9999999999999,45.9543302637972,-3.04566973620243));
#16030=CARTESIAN_POINT('',(-20.9999999999999,49.1714363938712,-0.0456697362024228));
#16031=CARTESIAN_POINT('Origin',(-36.5,46.9543302637972,6.95433026379757));
#16032=CARTESIAN_POINT('',(-42.4999999999999,46.9543302637972,6.95433026379757));
#16033=CARTESIAN_POINT('',(-42.4999999999999,49.9543302637972,6.42534932167258));
#16034=CARTESIAN_POINT('',(-36.5,46.9543302637972,6.95433026379757));
#16035=CARTESIAN_POINT('Origin',(-36.5,41.9543302637972,6.95433026379757));
#16036=CARTESIAN_POINT('',(-42.4999999999999,41.9543302637972,6.95433026379757));
#16037=CARTESIAN_POINT('Origin',(-42.4999999999999,34.9543302637972,14.9543302637976));
#16038=CARTESIAN_POINT('',(-42.4999999999989,39.3949663371317,14.9543302637976));
#16039=CARTESIAN_POINT('',(-42.4999999999999,34.9543302637972,14.9543302637976));
#16040=CARTESIAN_POINT('',(-37.73692212963,29.1805128812042,14.9543302637976));
#16041=CARTESIAN_POINT('Origin',(-31.5,46.9543302637972,-17.5456697362024));
#16042=CARTESIAN_POINT('Origin',(7.00000000000005,33.9543302637972,-0.845669736202428));
#16043=CARTESIAN_POINT('',(9.50000000000005,33.9543302637972,-0.845669736202428));
#16044=CARTESIAN_POINT('Origin',(14.5000000000001,41.9543302637972,1.95433026379757));
#16045=CARTESIAN_POINT('',(9.50000000000005,41.9543302637972,15.9543302637976));
#16046=CARTESIAN_POINT('',(8.50000000000005,41.9543302637972,1.95433026379757));
#16047=CARTESIAN_POINT('Origin',(-7.75735931288095,35.9543302637972,0.711689576678571));
#16048=CARTESIAN_POINT('Origin',(6.50000000000006,44.9543302637972,2.95433026379758));
#16049=CARTESIAN_POINT('',(6.50000000000006,44.9543302637972,-2.04566973620242));
#16050=CARTESIAN_POINT('Origin',(6.50000000000006,44.9543302637972,-2.04566973620242));
#16051=CARTESIAN_POINT('',(9.50000000000005,44.9543302637972,-2.04566973620242));
#16052=CARTESIAN_POINT('Origin',(-10.9999999999999,45.9543302637972,1.95433026379757));
#16053=CARTESIAN_POINT('',(-11.,45.9543302637972,1.95433026379757));
#16054=CARTESIAN_POINT('',(-10.9999999999999,45.9543302637972,1.95433026379757));
#16055=CARTESIAN_POINT('',(-10.9999999999999,45.9543302637972,1.95433026379757));
#16056=CARTESIAN_POINT('Origin',(-18.7999999999999,45.4543302637972,8.95433026379757));
#16057=CARTESIAN_POINT('',(-13.1999999999999,45.4543302637972,8.95433026379757));
#16058=CARTESIAN_POINT('',(-13.1999999999999,45.4543302637972,8.95433026379757));
#16059=CARTESIAN_POINT('',(-18.7999999999999,45.4543302637972,8.95433026379757));
#16060=CARTESIAN_POINT('',(-18.7999999999999,45.4543302637972,8.95433026379757));
#16061=CARTESIAN_POINT('',(-18.7999999999999,45.4543302637972,8.95433026379757));
#16062=CARTESIAN_POINT('Origin',(-13.1999999999999,45.4543302637972,8.95433026379757));
#16063=CARTESIAN_POINT('',(-13.1999999999999,45.9543302637972,1.95433026379757));
#16064=CARTESIAN_POINT('',(-13.1999999999999,45.9543302637972,1.95433026379757));
#16065=CARTESIAN_POINT('',(-13.1999999999999,45.9543302637972,1.95433026379757));
#16066=CARTESIAN_POINT('',(-13.1999999999999,45.4543302637972,8.95433026379757));
#16067=CARTESIAN_POINT('Origin',(-20.9999999999999,45.9543302637972,1.95433026379757));
#16068=CARTESIAN_POINT('',(-20.9999999999999,45.9543302637972,1.95433026379757));
#16069=CARTESIAN_POINT('',(-20.9999999999999,45.9543302637972,1.95433026379757));
#16070=CARTESIAN_POINT('',(-20.9999999999999,45.9543302637972,1.95433026379757));
#16071=CARTESIAN_POINT('Origin',(-20.9999999999999,45.9543302637972,1.95433026379757));
#16072=CARTESIAN_POINT('',(-18.7999999999999,45.9543302637972,1.95433026379757));
#16073=CARTESIAN_POINT('',(-18.7999999999999,45.4543302637972,1.95433026379757));
#16074=CARTESIAN_POINT('',(-20.9999999999999,45.9543302637972,1.95433026379757));
#16075=CARTESIAN_POINT('',(-20.9999999999999,45.9543302637972,1.95433026379757));
#16076=CARTESIAN_POINT('Origin',(-18.7999999999999,45.4543302637972,8.95433026379757));
#16077=CARTESIAN_POINT('',(-18.7999999999999,45.4543302637972,8.95433026379757));
#16078=CARTESIAN_POINT('',(-18.7999999999999,45.9543302637972,1.95433026379757));
#16079=CARTESIAN_POINT('Origin',(-42.4999999999999,44.9543302637972,-2.04566973620242));
#16080=CARTESIAN_POINT('',(-42.4999999999999,44.9543302637972,-2.04566973620242));
#16081=CARTESIAN_POINT('',(-38.5,44.9543302637972,-2.04566973620242));
#16082=CARTESIAN_POINT('Origin',(-38.5,44.9543302637972,2.95433026379758));
#16083=CARTESIAN_POINT('Origin',(-37.73692212963,29.1805128812042,15.9543302637976));
#16084=CARTESIAN_POINT('',(-42.4999999999999,39.3949663371312,15.9543302637976));
#16085=CARTESIAN_POINT('Origin',(-41.5,41.9543302637972,1.95433026379757));
#16086=CARTESIAN_POINT('',(-41.5,41.9543302637972,1.95433026379757));
#16087=CARTESIAN_POINT('',(-42.4999999999999,41.9543302637972,15.9543302637976));
#16088=CARTESIAN_POINT('Origin',(8.50000000000005,33.9543302637972,1.95433026379757));
#16089=CARTESIAN_POINT('Origin',(9.50000000000005,33.9543302637972,15.9543302637976));
#16090=CARTESIAN_POINT('Origin',(-20.9999999999999,45.9543302637972,1.95433026379757));
#16091=CARTESIAN_POINT('Origin',(-18.7999999999999,45.4543302637972,8.95433026379757));
#16092=CARTESIAN_POINT('Origin',(-20.9999999999999,45.9543302637972,1.95433026379757));
#16093=CARTESIAN_POINT('Origin',(-42.4999999999999,33.9543302637972,15.9543302637976));
#16094=CARTESIAN_POINT('Origin',(-41.5,33.9543302637972,1.95433026379757));
#16095=CARTESIAN_POINT('Origin',(-31.2356244047574,35.3543302637972,39.0296557620598));
#16096=CARTESIAN_POINT('',(-31.2356244047574,35.3543302637972,39.0296557620598));
#16097=CARTESIAN_POINT('',(-30.0817782509112,35.3543302637972,39.0296557620598));
#16098=CARTESIAN_POINT('Origin',(-30.0817782509112,35.3543302637972,36.7988865312906));
#16099=CARTESIAN_POINT('',(-30.0817782509112,35.3543302637972,37.7988865312906));
#16100=CARTESIAN_POINT('Origin',(-30.0817782509112,35.3543302637972,37.7988865312906));
#16101=CARTESIAN_POINT('Origin',(-31.2356244047574,35.3543302637972,33.1065788389829));
#16102=CARTESIAN_POINT('',(-31.2356244047574,35.3543302637972,36.7988865312906));
#16103=CARTESIAN_POINT('Origin',(-28.7091820970651,35.3543302637972,36.7988865312906));
#16104=CARTESIAN_POINT('Origin',(-30.0817782509112,35.3543302637972,37.7988865312906));
#16105=CARTESIAN_POINT('',(-31.2356244047574,35.3543302637972,37.7988865312906));
#16106=CARTESIAN_POINT('Origin',(-31.2356244047574,35.3543302637972,33.1065788389829));
#16107=CARTESIAN_POINT('Origin',(-23.3125474816804,35.3543302637972,39.0296557620598));
#16108=CARTESIAN_POINT('Ctrl Pts',(-36.4259372470431,57.4548526311788,53.1999442570174));
#16109=CARTESIAN_POINT('Ctrl Pts',(-36.4259372470431,34.9543302637972,53.1999442570174));
#16110=CARTESIAN_POINT('Ctrl Pts',(-32.7054483508966,57.4548526311788,48.0225884766469));
#16111=CARTESIAN_POINT('Ctrl Pts',(-32.7054483508966,34.9543302637972,48.0225884766469));
#16112=CARTESIAN_POINT('Ctrl Pts',(-28.9849594547501,57.4548526311788,42.8452326962765));
#16113=CARTESIAN_POINT('Ctrl Pts',(-28.9849594547501,34.9543302637972,42.8452326962764));
#16114=CARTESIAN_POINT('Ctrl Pts',(-25.2644705586035,57.4548526311788,37.667876915906));
#16115=CARTESIAN_POINT('Ctrl Pts',(-25.2644705586035,34.9543302637972,37.667876915906));
#16116=CARTESIAN_POINT('Ctrl Pts',(-25.2252789327994,57.4548526311788,37.6133386559989));
#16117=CARTESIAN_POINT('Ctrl Pts',(-25.2252789327994,34.9543302637972,37.6133386559989));
#16118=CARTESIAN_POINT('Ctrl Pts',(-25.1504540617461,57.4548526311788,37.5092139053341));
#16119=CARTESIAN_POINT('Ctrl Pts',(-25.1504540617461,34.9543302637972,37.5092139053341));
#16120=CARTESIAN_POINT('Ctrl Pts',(-25.0424397377007,57.4548526311788,37.3612492553596));
#16121=CARTESIAN_POINT('Ctrl Pts',(-25.0424397377007,34.9543302637972,37.3612492553596));
#16122=CARTESIAN_POINT('Ctrl Pts',(-24.943616217075,57.4548526311788,37.2295341411242));
#16123=CARTESIAN_POINT('Ctrl Pts',(-24.943616217075,34.9543302637972,37.2295341411242));
#16124=CARTESIAN_POINT('Ctrl Pts',(-24.8566135243902,57.4548526311788,37.1121607456425));
#16125=CARTESIAN_POINT('Ctrl Pts',(-24.8566135243902,34.9543302637972,37.1121607456425));
#16126=CARTESIAN_POINT('Ctrl Pts',(-24.7770293597283,57.4548526311788,37.0124568803798));
#16127=CARTESIAN_POINT('Ctrl Pts',(-24.7770293597283,34.9543302637972,37.0124568803798));
#16128=CARTESIAN_POINT('Ctrl Pts',(-24.7072802150954,57.4548526311788,36.9286850529068));
#16129=CARTESIAN_POINT('Ctrl Pts',(-24.7072802150954,34.9543302637972,36.9286850529068));
#16130=CARTESIAN_POINT('Ctrl Pts',(-24.6487867905179,57.4548526311788,36.8590476411931));
#16131=CARTESIAN_POINT('Ctrl Pts',(-24.6487867905179,34.9543302637972,36.8590476411931));
#16132=CARTESIAN_POINT('Ctrl Pts',(-24.5826013351695,57.4548526311788,36.78999914205));
#16133=CARTESIAN_POINT('Ctrl Pts',(-24.5826013351695,34.9543302637972,36.78999914205));
#16134=CARTESIAN_POINT('Ctrl Pts',(-24.505601584554,57.4548526311788,36.7190365173874));
#16135=CARTESIAN_POINT('Ctrl Pts',(-24.505601584554,34.9543302637972,36.7190365173874));
#16136=CARTESIAN_POINT('Ctrl Pts',(-24.4102820437793,57.4548526311788,36.6502342140935));
#16137=CARTESIAN_POINT('Ctrl Pts',(-24.4102820437793,34.9543302637972,36.6502342140934));
#16138=CARTESIAN_POINT('Ctrl Pts',(-24.3123977189389,57.4548526311788,36.5953857442458));
#16139=CARTESIAN_POINT('Ctrl Pts',(-24.3123977189389,34.9543302637972,36.5953857442458));
#16140=CARTESIAN_POINT('Ctrl Pts',(-24.2075224836544,57.4548526311788,36.5535350714471));
#16141=CARTESIAN_POINT('Ctrl Pts',(-24.2075224836544,34.9543302637972,36.5535350714471));
#16142=CARTESIAN_POINT('Ctrl Pts',(-24.0862374425907,57.4548526311788,36.5243540026448));
#16143=CARTESIAN_POINT('Ctrl Pts',(-24.0862374425907,34.9543302637972,36.5243540026448));
#16144=CARTESIAN_POINT('Ctrl Pts',(-23.9404336159417,57.4548526311788,36.5057619522354));
#16145=CARTESIAN_POINT('Ctrl Pts',(-23.9404336159417,34.9543302637972,36.5057619522354));
#16146=CARTESIAN_POINT('Ctrl Pts',(-23.7655265910582,57.4548526311788,36.4920449463732));
#16147=CARTESIAN_POINT('Ctrl Pts',(-23.7655265910582,34.9543302637972,36.4920449463732));
#16148=CARTESIAN_POINT('Ctrl Pts',(-23.6391038534493,57.4548526311788,36.4914921730376));
#16149=CARTESIAN_POINT('Ctrl Pts',(-23.6391038534493,34.9543302637972,36.4914921730376));
#16150=CARTESIAN_POINT('Ctrl Pts',(-23.5709609432189,57.4548526311788,36.4911942235983));
#16151=CARTESIAN_POINT('Ctrl Pts',(-23.5709609432189,34.9543302637972,36.4911942235983));
#16152=CARTESIAN_POINT('Ctrl Pts',(-19.7646472693868,57.4548526311788,36.4745514206843));
#16153=CARTESIAN_POINT('Ctrl Pts',(-19.7646472693868,34.9543302637972,36.4745514206843));
#16154=CARTESIAN_POINT('Ctrl Pts',(-15.9583335955548,57.4548526311788,36.4579086177704));
#16155=CARTESIAN_POINT('Ctrl Pts',(-15.9583335955548,34.9543302637972,36.4579086177704));
#16156=CARTESIAN_POINT('Ctrl Pts',(-12.1520199217227,57.4548526311788,36.4412658148565));
#16157=CARTESIAN_POINT('Ctrl Pts',(-12.1520199217227,34.9543302637972,36.4412658148565));
#16158=CARTESIAN_POINT('Origin',(-23.6999999999999,39.9543302637972,-19.5456697362024));
#16159=CARTESIAN_POINT('',(-7.79999999999995,39.9543302637972,-20.2456697362024));
#16160=CARTESIAN_POINT('',(-23.6999999999999,39.9543302637972,-20.2456697362024));
#16161=CARTESIAN_POINT('',(-23.6999999999999,39.9543302637972,-20.2456697362024));
#16162=CARTESIAN_POINT('',(-23.6999999999999,39.9543302637972,-19.5456697362024));
#16163=CARTESIAN_POINT('',(-23.6999999999999,39.9543302637972,-19.5456697362024));
#16164=CARTESIAN_POINT('',(-7.79999999999995,39.9543302637972,-19.5456697362024));
#16165=CARTESIAN_POINT('',(-23.6999999999999,39.9543302637972,-19.5456697362024));
#16166=CARTESIAN_POINT('',(-7.79999999999995,39.9543302637972,-19.5456697362024));
#16167=CARTESIAN_POINT('Origin',(-23.6999999999999,48.9543302637972,-19.5456697362024));
#16168=CARTESIAN_POINT('',(-23.6999999999999,48.9543302637972,-19.5456697362024));
#16169=CARTESIAN_POINT('',(-7.79999999999995,48.9543302637972,-19.5456697362024));
#16170=CARTESIAN_POINT('',(-23.6999999999999,48.9543302637972,-19.5456697362024));
#16171=CARTESIAN_POINT('',(-23.6999999999999,48.9543302637972,-20.2456697362024));
#16172=CARTESIAN_POINT('',(-23.6999999999999,48.9543302637972,-19.5456697362024));
#16173=CARTESIAN_POINT('',(-7.79999999999995,48.9543302637972,-20.2456697362024));
#16174=CARTESIAN_POINT('',(-23.6999999999999,48.9543302637972,-20.2456697362024));
#16175=CARTESIAN_POINT('',(-7.79999999999995,48.9543302637972,-19.5456697362024));
#16176=CARTESIAN_POINT('Origin',(-7.79999999999995,39.9543302637972,-19.5456697362024));
#16177=CARTESIAN_POINT('',(-7.79999999999995,39.9543302637972,-20.2456697362024));
#16178=CARTESIAN_POINT('',(-7.79999999999995,39.9543302637972,-19.5456697362024));
#16179=CARTESIAN_POINT('Origin',(-23.6999999999999,39.9543302637972,-19.5456697362024));
#16180=CARTESIAN_POINT('',(-23.6999999999999,39.9543302637972,-19.5456697362024));
#16181=CARTESIAN_POINT('Origin',(-23.6999999999999,39.9543302637972,-19.5456697362024));
#16182=CARTESIAN_POINT('',(-23.6999999999999,39.9543302637972,-20.2456697362024));
#16183=CARTESIAN_POINT('Origin',(-23.6999999999999,39.9543302637972,-20.2456697362024));
#16184=CARTESIAN_POINT('Origin',(-23.6999999999999,39.9543302637972,-22.7456697362024));
#16185=CARTESIAN_POINT('',(-7.79999999999995,48.9543302637972,-22.7456697362024));
#16186=CARTESIAN_POINT('',(-23.6999999999999,48.9543302637972,-22.7456697362024));
#16187=CARTESIAN_POINT('',(-23.6999999999999,48.9543302637972,-22.7456697362024));
#16188=CARTESIAN_POINT('',(-23.6999999999999,39.9543302637972,-22.7456697362024));
#16189=CARTESIAN_POINT('',(-23.6999999999999,39.9543302637972,-22.7456697362024));
#16190=CARTESIAN_POINT('',(-7.79999999999995,39.9543302637972,-22.7456697362024));
#16191=CARTESIAN_POINT('',(-23.6999999999999,39.9543302637972,-22.7456697362024));
#16192=CARTESIAN_POINT('',(-7.79999999999995,39.9543302637972,-22.7456697362024));
#16193=CARTESIAN_POINT('Origin',(-23.6999999999999,39.9543302637972,-22.0456697362024));
#16194=CARTESIAN_POINT('',(-7.79999999999995,39.9543302637972,-22.0456697362024));
#16195=CARTESIAN_POINT('',(-23.6999999999999,39.9543302637972,-22.0456697362024));
#16196=CARTESIAN_POINT('',(-23.6999999999999,39.9543302637972,-22.0456697362024));
#16197=CARTESIAN_POINT('',(-23.6999999999999,48.9543302637972,-22.0456697362024));
#16198=CARTESIAN_POINT('',(-23.6999999999999,39.9543302637972,-22.0456697362024));
#16199=CARTESIAN_POINT('',(-7.79999999999995,48.9543302637972,-22.0456697362024));
#16200=CARTESIAN_POINT('',(-23.6999999999999,48.9543302637972,-22.0456697362024));
#16201=CARTESIAN_POINT('',(-7.79999999999995,39.9543302637972,-22.0456697362024));
#16202=CARTESIAN_POINT('Origin',(-7.79999999999995,39.9543302637972,-22.0456697362024));
#16203=CARTESIAN_POINT('',(-7.79999999999995,39.9543302637972,-22.0456697362024));
#16204=CARTESIAN_POINT('',(-7.79999999999995,48.9543302637972,-22.0456697362024));
#16205=CARTESIAN_POINT('Origin',(-23.6999999999999,39.9543302637972,-22.0456697362024));
#16206=CARTESIAN_POINT('',(-23.6999999999999,39.9543302637972,-22.0456697362024));
#16207=CARTESIAN_POINT('Origin',(-23.6999999999999,39.9543302637972,-22.0456697362024));
#16208=CARTESIAN_POINT('',(-23.6999999999999,48.9543302637972,-22.0456697362024));
#16209=CARTESIAN_POINT('Origin',(-23.6999999999999,48.9543302637972,-22.0456697362024));
#16210=CARTESIAN_POINT('Origin',(-29.,41.9543302637972,46.9543302637976));
#16211=CARTESIAN_POINT('',(-30.0817782509112,41.9543302637972,36.7988865312906));
#16212=CARTESIAN_POINT('',(-30.0817782509112,41.9543302637972,34.8012903774444));
#16213=CARTESIAN_POINT('',(-30.0817782509112,41.9543302637972,41.8766083975441));
#16214=CARTESIAN_POINT('',(-29.,41.9543302637972,36.7988865312906));
#16215=CARTESIAN_POINT('',(-28.8545910485325,41.9543302637972,36.7988865312906));
#16216=CARTESIAN_POINT('',(-29.,41.9543302637972,36.3756471664239));
#16217=CARTESIAN_POINT('',(-29.,41.9543302637972,46.9543302637976));
#16218=CARTESIAN_POINT('',(-27.0720784658332,41.9543302637972,39.1814313956578));
#16219=CARTESIAN_POINT('Origin',(-34.,46.9543302637972,34.9543302637976));
#16220=CARTESIAN_POINT('',(-29.,39.4120836977992,36.3756471664238));
#16221=CARTESIAN_POINT('',(-28.7091820970651,39.5042807890587,36.7988865312906));
#16222=CARTESIAN_POINT('Origin',(-29.9766208801439,46.9543302637972,34.9543302637976));
#16223=CARTESIAN_POINT('',(-29.,39.5042807890587,36.7988865312906));
#16224=CARTESIAN_POINT('Origin',(-29.,46.9543302637972,34.9543302637976));
#16225=CARTESIAN_POINT('',(-34.,39.5042807890587,36.7988865312906));
#16226=CARTESIAN_POINT('Origin',(-42.4999999999999,34.9543302637972,-18.0456697362024));
#16227=CARTESIAN_POINT('',(-28.7091820970651,34.9543302637972,36.7988865312906));
#16228=CARTESIAN_POINT('',(-30.0817782509112,34.9543302637972,36.7988865312906));
#16229=CARTESIAN_POINT('',(-28.7091820970651,34.9543302637972,36.7988865312906));
#16230=CARTESIAN_POINT('',(-30.0817782509112,34.9543302637972,34.8012903774444));
#16231=CARTESIAN_POINT('',(-30.0817782509112,34.9543302637972,36.7988865312906));
#16232=CARTESIAN_POINT('',(-30.0817782509112,34.9543302637972,34.8012903774444));
#16233=CARTESIAN_POINT('Origin',(-30.0817782509112,35.3543302637972,34.8012903774444));
#16234=CARTESIAN_POINT('',(-30.0817782509112,35.3543302637972,34.8012903774444));
#16235=CARTESIAN_POINT('',(-29.,34.6543302637972,36.3756471664239));
#16236=CARTESIAN_POINT('',(-28.7091820970651,35.3543302637972,36.7988865312906));
#16237=CARTESIAN_POINT('Origin',(-29.,33.9543302637972,46.9543302637976));
#16238=CARTESIAN_POINT('',(-29.,34.6543302637972,36.7988865312906));
#16239=CARTESIAN_POINT('Origin',(-28.7091820970651,35.3543302637972,36.7988865312906));
#16240=CARTESIAN_POINT('',(-30.0817782509112,35.3543302637972,36.7988865312906));
#16241=CARTESIAN_POINT('Origin',(-30.0817782509112,35.3543302637972,36.7988865312906));
#16242=UNCERTAINTY_MEASURE_WITH_UNIT(LENGTH_MEASURE(0.01),#16246,
'DISTANCE_ACCURACY_VALUE',
'Maximum model space distance between geometric entities at asserted c
onnectivities');
#16243=UNCERTAINTY_MEASURE_WITH_UNIT(LENGTH_MEASURE(0.01),#16246,
'DISTANCE_ACCURACY_VALUE',
'Maximum model space distance between geometric entities at asserted c
onnectivities');
#16244=(
GEOMETRIC_REPRESENTATION_CONTEXT(3)
GLOBAL_UNCERTAINTY_ASSIGNED_CONTEXT((#16242))
GLOBAL_UNIT_ASSIGNED_CONTEXT((#16246,#16248,#16249))
REPRESENTATION_CONTEXT('','3D')
);
#16245=(
GEOMETRIC_REPRESENTATION_CONTEXT(3)
GLOBAL_UNCERTAINTY_ASSIGNED_CONTEXT((#16243))
GLOBAL_UNIT_ASSIGNED_CONTEXT((#16246,#16248,#16249))
REPRESENTATION_CONTEXT('','3D')
);
#16246=(
LENGTH_UNIT()
NAMED_UNIT(*)
SI_UNIT(.MILLI.,.METRE.)
);
#16247=(
LENGTH_UNIT()
NAMED_UNIT(*)
SI_UNIT($,.METRE.)
);
#16248=(
NAMED_UNIT(*)
PLANE_ANGLE_UNIT()
SI_UNIT($,.RADIAN.)
);
#16249=(
NAMED_UNIT(*)
SI_UNIT($,.STERADIAN.)
SOLID_ANGLE_UNIT()
);
#16250=SHAPE_DEFINITION_REPRESENTATION(#16251,#16252);
#16251=PRODUCT_DEFINITION_SHAPE('',$,#16254);
#16252=SHAPE_REPRESENTATION('',(#9812),#16244);
#16253=PRODUCT_DEFINITION_CONTEXT('part definition',#16258,'design');
#16254=PRODUCT_DEFINITION('2026-04-09-15-26-07-575','x-carriage_R4',#16255,
#16253);
#16255=PRODUCT_DEFINITION_FORMATION('',$,#16260);
#16256=PRODUCT_RELATED_PRODUCT_CATEGORY('x-carriage_R4','x-carriage_R4',
(#16260));
#16257=APPLICATION_PROTOCOL_DEFINITION('international standard',
'automotive_design',2009,#16258);
#16258=APPLICATION_CONTEXT(
'Core Data for Automotive Mechanical Design Process');
#16259=PRODUCT_CONTEXT('part definition',#16258,'mechanical');
#16260=PRODUCT('2026-04-09-15-26-07-575','x-carriage_R4',$,(#16259));
#16261=PRESENTATION_STYLE_ASSIGNMENT((#16263));
#16262=PRESENTATION_STYLE_ASSIGNMENT((#16264));
#16263=SURFACE_STYLE_USAGE(.BOTH.,#16265);
#16264=SURFACE_STYLE_USAGE(.BOTH.,#16266);
#16265=SURFACE_SIDE_STYLE('',(#16267));
#16266=SURFACE_SIDE_STYLE('',(#16268));
#16267=SURFACE_STYLE_FILL_AREA(#16269);
#16268=SURFACE_STYLE_FILL_AREA(#16270);
#16269=FILL_AREA_STYLE('Acier - Satin\X\E9',(#16271));
#16270=FILL_AREA_STYLE('Opaque(64,64,64)',(#16272));
#16271=FILL_AREA_STYLE_COLOUR('Acier - Satin\X\E9',#16273);
#16272=FILL_AREA_STYLE_COLOUR('Opaque(64,64,64)',#16274);
#16273=COLOUR_RGB('Acier - Satin\X\E9',0.627450980392157,0.627450980392157,
0.627450980392157);
#16274=COLOUR_RGB('Opaque(64,64,64)',0.250980392156863,0.250980392156863,
0.250980392156863);
ENDSEC;
END-ISO-10303-21;
